,location_id,location_name,age_group_id,age_group_name,val,age
428,6,China,11,30 to 34,25819298.42934487,30
428,6,China,11,30 to 34,25819298.42934487,31
428,6,China,11,30 to 34,25819298.42934487,32
428,6,China,11,30 to 34,25819298.42934487,33
428,6,China,11,30 to 34,25819298.42934487,34
429,6,China,12,35 to 39,20178920.015927203,35
429,6,China,12,35 to 39,20178920.015927203,36
429,6,China,12,35 to 39,20178920.015927203,37
429,6,China,12,35 to 39,20178920.015927203,38
429,6,China,12,35 to 39,20178920.015927203,39
430,6,China,13,40 to 44,20329144.00495175,40
430,6,China,13,40 to 44,20329144.00495175,41
430,6,China,13,40 to 44,20329144.00495175,42
430,6,China,13,40 to 44,20329144.00495175,43
430,6,China,13,40 to 44,20329144.00495175,44
431,6,China,14,45 to 49,24273256.05782676,45
431,6,China,14,45 to 49,24273256.05782676,46
431,6,China,14,45 to 49,24273256.05782676,47
431,6,China,14,45 to 49,24273256.05782676,48
431,6,China,14,45 to 49,24273256.05782676,49
432,6,China,15,50 to 54,25020666.94611444,50
432,6,China,15,50 to 54,25020666.94611444,51
432,6,China,15,50 to 54,25020666.94611444,52
432,6,China,15,50 to 54,25020666.94611444,53
432,6,China,15,50 to 54,25020666.94611444,54
433,6,China,16,55 to 59,18967916.49913796,55
433,6,China,16,55 to 59,18967916.49913796,56
433,6,China,16,55 to 59,18967916.49913796,57
433,6,China,16,55 to 59,18967916.49913796,58
433,6,China,16,55 to 59,18967916.49913796,59
434,6,China,17,60 to 64,15711166.72204285,60
434,6,China,17,60 to 64,15711166.72204285,61
434,6,China,17,60 to 64,15711166.72204285,62
434,6,China,17,60 to 64,15711166.72204285,63
434,6,China,17,60 to 64,15711166.72204285,64
435,6,China,18,65 to 69,14076743.146285584,65
435,6,China,18,65 to 69,14076743.146285584,66
435,6,China,18,65 to 69,14076743.146285584,67
435,6,China,18,65 to 69,14076743.146285584,68
435,6,China,18,65 to 69,14076743.146285584,69
436,6,China,19,70 to 74,9571184.054676589,70
436,6,China,19,70 to 74,9571184.054676589,71
436,6,China,19,70 to 74,9571184.054676589,72
436,6,China,19,70 to 74,9571184.054676589,73
436,6,China,19,70 to 74,9571184.054676589,74
437,6,China,20,75 to 79,5969301.403300595,75
437,6,China,20,75 to 79,5969301.403300595,76
437,6,China,20,75 to 79,5969301.403300595,77
437,6,China,20,75 to 79,5969301.403300595,78
437,6,China,20,75 to 79,5969301.403300595,79
445,6,China,30,80 to 84,3813474.7232851884,80
445,6,China,30,80 to 84,3813474.7232851884,81
445,6,China,30,80 to 84,3813474.7232851884,82
445,6,China,30,80 to 84,3813474.7232851884,83
445,6,China,30,80 to 84,3813474.7232851884,84
446,6,China,31,85 to 89,1700912.8493491225,85
446,6,China,31,85 to 89,1700912.8493491225,86
446,6,China,31,85 to 89,1700912.8493491225,87
446,6,China,31,85 to 89,1700912.8493491225,88
446,6,China,31,85 to 89,1700912.8493491225,89
447,6,China,32,90 to 94,448791.71868181525,90
447,6,China,32,90 to 94,448791.71868181525,91
447,6,China,32,90 to 94,448791.71868181525,92
447,6,China,32,90 to 94,448791.71868181525,93
447,6,China,32,90 to 94,448791.71868181525,94
455,6,China,235,95 plus,74422.81911104092,95
455,6,China,235,95 plus,74422.81911104092,96
455,6,China,235,95 plus,74422.81911104092,97
455,6,China,235,95 plus,74422.81911104092,98
455,6,China,235,95 plus,74422.81911104092,99
455,6,China,235,95 plus,74422.81911104092,100
542,7,Democratic People's Republic of Korea,11,30 to 34,407593.26504883065,30
542,7,Democratic People's Republic of Korea,11,30 to 34,407593.26504883065,31
542,7,Democratic People's Republic of Korea,11,30 to 34,407593.26504883065,32
542,7,Democratic People's Republic of Korea,11,30 to 34,407593.26504883065,33
542,7,Democratic People's Republic of Korea,11,30 to 34,407593.26504883065,34
543,7,Democratic People's Republic of Korea,12,35 to 39,388429.9069505536,35
543,7,Democratic People's Republic of Korea,12,35 to 39,388429.9069505536,36
543,7,Democratic People's Republic of Korea,12,35 to 39,388429.9069505536,37
543,7,Democratic People's Republic of Korea,12,35 to 39,388429.9069505536,38
543,7,Democratic People's Republic of Korea,12,35 to 39,388429.9069505536,39
544,7,Democratic People's Republic of Korea,13,40 to 44,359164.0108140067,40
544,7,Democratic People's Republic of Korea,13,40 to 44,359164.0108140067,41
544,7,Democratic People's Republic of Korea,13,40 to 44,359164.0108140067,42
544,7,Democratic People's Republic of Korea,13,40 to 44,359164.0108140067,43
544,7,Democratic People's Republic of Korea,13,40 to 44,359164.0108140067,44
545,7,Democratic People's Republic of Korea,14,45 to 49,414562.14189092594,45
545,7,Democratic People's Republic of Korea,14,45 to 49,414562.14189092594,46
545,7,Democratic People's Republic of Korea,14,45 to 49,414562.14189092594,47
545,7,Democratic People's Republic of Korea,14,45 to 49,414562.14189092594,48
545,7,Democratic People's Republic of Korea,14,45 to 49,414562.14189092594,49
546,7,Democratic People's Republic of Korea,15,50 to 54,404932.4614591457,50
546,7,Democratic People's Republic of Korea,15,50 to 54,404932.4614591457,51
546,7,Democratic People's Republic of Korea,15,50 to 54,404932.4614591457,52
546,7,Democratic People's Republic of Korea,15,50 to 54,404932.4614591457,53
546,7,Democratic People's Republic of Korea,15,50 to 54,404932.4614591457,54
547,7,Democratic People's Republic of Korea,16,55 to 59,304317.14010185626,55
547,7,Democratic People's Republic of Korea,16,55 to 59,304317.14010185626,56
547,7,Democratic People's Republic of Korea,16,55 to 59,304317.14010185626,57
547,7,Democratic People's Republic of Korea,16,55 to 59,304317.14010185626,58
547,7,Democratic People's Republic of Korea,16,55 to 59,304317.14010185626,59
548,7,Democratic People's Republic of Korea,17,60 to 64,245654.1567613326,60
548,7,Democratic People's Republic of Korea,17,60 to 64,245654.1567613326,61
548,7,Democratic People's Republic of Korea,17,60 to 64,245654.1567613326,62
548,7,Democratic People's Republic of Korea,17,60 to 64,245654.1567613326,63
548,7,Democratic People's Republic of Korea,17,60 to 64,245654.1567613326,64
549,7,Democratic People's Republic of Korea,18,65 to 69,165571.7699816423,65
549,7,Democratic People's Republic of Korea,18,65 to 69,165571.7699816423,66
549,7,Democratic People's Republic of Korea,18,65 to 69,165571.7699816423,67
549,7,Democratic People's Republic of Korea,18,65 to 69,165571.7699816423,68
549,7,Democratic People's Republic of Korea,18,65 to 69,165571.7699816423,69
550,7,Democratic People's Republic of Korea,19,70 to 74,144982.1489251342,70
550,7,Democratic People's Republic of Korea,19,70 to 74,144982.1489251342,71
550,7,Democratic People's Republic of Korea,19,70 to 74,144982.1489251342,72
550,7,Democratic People's Republic of Korea,19,70 to 74,144982.1489251342,73
550,7,Democratic People's Republic of Korea,19,70 to 74,144982.1489251342,74
551,7,Democratic People's Republic of Korea,20,75 to 79,112894.46256747104,75
551,7,Democratic People's Republic of Korea,20,75 to 79,112894.46256747104,76
551,7,Democratic People's Republic of Korea,20,75 to 79,112894.46256747104,77
551,7,Democratic People's Republic of Korea,20,75 to 79,112894.46256747104,78
551,7,Democratic People's Republic of Korea,20,75 to 79,112894.46256747104,79
559,7,Democratic People's Republic of Korea,30,80 to 84,68949.8991764339,80
559,7,Democratic People's Republic of Korea,30,80 to 84,68949.8991764339,81
559,7,Democratic People's Republic of Korea,30,80 to 84,68949.8991764339,82
559,7,Democratic People's Republic of Korea,30,80 to 84,68949.8991764339,83
559,7,Democratic People's Republic of Korea,30,80 to 84,68949.8991764339,84
560,7,Democratic People's Republic of Korea,31,85 to 89,26578.176717533148,85
560,7,Democratic People's Republic of Korea,31,85 to 89,26578.176717533148,86
560,7,Democratic People's Republic of Korea,31,85 to 89,26578.176717533148,87
560,7,Democratic People's Republic of Korea,31,85 to 89,26578.176717533148,88
560,7,Democratic People's Republic of Korea,31,85 to 89,26578.176717533148,89
561,7,Democratic People's Republic of Korea,32,90 to 94,7893.43290663456,90
561,7,Democratic People's Republic of Korea,32,90 to 94,7893.43290663456,91
561,7,Democratic People's Republic of Korea,32,90 to 94,7893.43290663456,92
561,7,Democratic People's Republic of Korea,32,90 to 94,7893.43290663456,93
561,7,Democratic People's Republic of Korea,32,90 to 94,7893.43290663456,94
569,7,Democratic People's Republic of Korea,235,95 plus,1331.9780328704767,95
569,7,Democratic People's Republic of Korea,235,95 plus,1331.9780328704767,96
569,7,Democratic People's Republic of Korea,235,95 plus,1331.9780328704767,97
569,7,Democratic People's Republic of Korea,235,95 plus,1331.9780328704767,98
569,7,Democratic People's Republic of Korea,235,95 plus,1331.9780328704767,99
569,7,Democratic People's Republic of Korea,235,95 plus,1331.9780328704767,100
656,8,Taiwan (Province of China),11,30 to 34,319496.9977362328,30
656,8,Taiwan (Province of China),11,30 to 34,319496.9977362328,31
656,8,Taiwan (Province of China),11,30 to 34,319496.9977362328,32
656,8,Taiwan (Province of China),11,30 to 34,319496.9977362328,33
656,8,Taiwan (Province of China),11,30 to 34,319496.9977362328,34
657,8,Taiwan (Province of China),12,35 to 39,393271.903883473,35
657,8,Taiwan (Province of China),12,35 to 39,393271.903883473,36
657,8,Taiwan (Province of China),12,35 to 39,393271.903883473,37
657,8,Taiwan (Province of China),12,35 to 39,393271.903883473,38
657,8,Taiwan (Province of China),12,35 to 39,393271.903883473,39
658,8,Taiwan (Province of China),13,40 to 44,394365.0126712398,40
658,8,Taiwan (Province of China),13,40 to 44,394365.0126712398,41
658,8,Taiwan (Province of China),13,40 to 44,394365.0126712398,42
658,8,Taiwan (Province of China),13,40 to 44,394365.0126712398,43
658,8,Taiwan (Province of China),13,40 to 44,394365.0126712398,44
659,8,Taiwan (Province of China),14,45 to 49,354677.4849734285,45
659,8,Taiwan (Province of China),14,45 to 49,354677.4849734285,46
659,8,Taiwan (Province of China),14,45 to 49,354677.4849734285,47
659,8,Taiwan (Province of China),14,45 to 49,354677.4849734285,48
659,8,Taiwan (Province of China),14,45 to 49,354677.4849734285,49
660,8,Taiwan (Province of China),15,50 to 54,362354.760243161,50
660,8,Taiwan (Province of China),15,50 to 54,362354.760243161,51
660,8,Taiwan (Province of China),15,50 to 54,362354.760243161,52
660,8,Taiwan (Province of China),15,50 to 54,362354.760243161,53
660,8,Taiwan (Province of China),15,50 to 54,362354.760243161,54
661,8,Taiwan (Province of China),16,55 to 59,364822.91742562735,55
661,8,Taiwan (Province of China),16,55 to 59,364822.91742562735,56
661,8,Taiwan (Province of China),16,55 to 59,364822.91742562735,57
661,8,Taiwan (Province of China),16,55 to 59,364822.91742562735,58
661,8,Taiwan (Province of China),16,55 to 59,364822.91742562735,59
662,8,Taiwan (Province of China),17,60 to 64,330934.0468945128,60
662,8,Taiwan (Province of China),17,60 to 64,330934.0468945128,61
662,8,Taiwan (Province of China),17,60 to 64,330934.0468945128,62
662,8,Taiwan (Province of China),17,60 to 64,330934.0468945128,63
662,8,Taiwan (Province of China),17,60 to 64,330934.0468945128,64
663,8,Taiwan (Province of China),18,65 to 69,275390.8103262928,65
663,8,Taiwan (Province of China),18,65 to 69,275390.8103262928,66
663,8,Taiwan (Province of China),18,65 to 69,275390.8103262928,67
663,8,Taiwan (Province of China),18,65 to 69,275390.8103262928,68
663,8,Taiwan (Province of China),18,65 to 69,275390.8103262928,69
664,8,Taiwan (Province of China),19,70 to 74,159964.97592565493,70
664,8,Taiwan (Province of China),19,70 to 74,159964.97592565493,71
664,8,Taiwan (Province of China),19,70 to 74,159964.97592565493,72
664,8,Taiwan (Province of China),19,70 to 74,159964.97592565493,73
664,8,Taiwan (Province of China),19,70 to 74,159964.97592565493,74
665,8,Taiwan (Province of China),20,75 to 79,121000.06021556913,75
665,8,Taiwan (Province of China),20,75 to 79,121000.06021556913,76
665,8,Taiwan (Province of China),20,75 to 79,121000.06021556913,77
665,8,Taiwan (Province of China),20,75 to 79,121000.06021556913,78
665,8,Taiwan (Province of China),20,75 to 79,121000.06021556913,79
673,8,Taiwan (Province of China),30,80 to 84,84832.09405891268,80
673,8,Taiwan (Province of China),30,80 to 84,84832.09405891268,81
673,8,Taiwan (Province of China),30,80 to 84,84832.09405891268,82
673,8,Taiwan (Province of China),30,80 to 84,84832.09405891268,83
673,8,Taiwan (Province of China),30,80 to 84,84832.09405891268,84
674,8,Taiwan (Province of China),31,85 to 89,49944.88487649812,85
674,8,Taiwan (Province of China),31,85 to 89,49944.88487649812,86
674,8,Taiwan (Province of China),31,85 to 89,49944.88487649812,87
674,8,Taiwan (Province of China),31,85 to 89,49944.88487649812,88
674,8,Taiwan (Province of China),31,85 to 89,49944.88487649812,89
675,8,Taiwan (Province of China),32,90 to 94,24101.187364658257,90
675,8,Taiwan (Province of China),32,90 to 94,24101.187364658257,91
675,8,Taiwan (Province of China),32,90 to 94,24101.187364658257,92
675,8,Taiwan (Province of China),32,90 to 94,24101.187364658257,93
675,8,Taiwan (Province of China),32,90 to 94,24101.187364658257,94
683,8,Taiwan (Province of China),235,95 plus,6781.942873062323,95
683,8,Taiwan (Province of China),235,95 plus,6781.942873062323,96
683,8,Taiwan (Province of China),235,95 plus,6781.942873062323,97
683,8,Taiwan (Province of China),235,95 plus,6781.942873062323,98
683,8,Taiwan (Province of China),235,95 plus,6781.942873062323,99
683,8,Taiwan (Province of China),235,95 plus,6781.942873062323,100
884,10,Cambodia,11,30 to 34,282184.7056034369,30
884,10,Cambodia,11,30 to 34,282184.7056034369,31
884,10,Cambodia,11,30 to 34,282184.7056034369,32
884,10,Cambodia,11,30 to 34,282184.7056034369,33
884,10,Cambodia,11,30 to 34,282184.7056034369,34
885,10,Cambodia,12,35 to 39,235893.65561196377,35
885,10,Cambodia,12,35 to 39,235893.65561196377,36
885,10,Cambodia,12,35 to 39,235893.65561196377,37
885,10,Cambodia,12,35 to 39,235893.65561196377,38
885,10,Cambodia,12,35 to 39,235893.65561196377,39
886,10,Cambodia,13,40 to 44,180126.13358050428,40
886,10,Cambodia,13,40 to 44,180126.13358050428,41
886,10,Cambodia,13,40 to 44,180126.13358050428,42
886,10,Cambodia,13,40 to 44,180126.13358050428,43
886,10,Cambodia,13,40 to 44,180126.13358050428,44
887,10,Cambodia,14,45 to 49,155042.79595817864,45
887,10,Cambodia,14,45 to 49,155042.79595817864,46
887,10,Cambodia,14,45 to 49,155042.79595817864,47
887,10,Cambodia,14,45 to 49,155042.79595817864,48
887,10,Cambodia,14,45 to 49,155042.79595817864,49
888,10,Cambodia,15,50 to 54,150959.70990104842,50
888,10,Cambodia,15,50 to 54,150959.70990104842,51
888,10,Cambodia,15,50 to 54,150959.70990104842,52
888,10,Cambodia,15,50 to 54,150959.70990104842,53
888,10,Cambodia,15,50 to 54,150959.70990104842,54
889,10,Cambodia,16,55 to 59,128991.60835931066,55
889,10,Cambodia,16,55 to 59,128991.60835931066,56
889,10,Cambodia,16,55 to 59,128991.60835931066,57
889,10,Cambodia,16,55 to 59,128991.60835931066,58
889,10,Cambodia,16,55 to 59,128991.60835931066,59
890,10,Cambodia,17,60 to 64,99165.11431449401,60
890,10,Cambodia,17,60 to 64,99165.11431449401,61
890,10,Cambodia,17,60 to 64,99165.11431449401,62
890,10,Cambodia,17,60 to 64,99165.11431449401,63
890,10,Cambodia,17,60 to 64,99165.11431449401,64
891,10,Cambodia,18,65 to 69,70709.52221678224,65
891,10,Cambodia,18,65 to 69,70709.52221678224,66
891,10,Cambodia,18,65 to 69,70709.52221678224,67
891,10,Cambodia,18,65 to 69,70709.52221678224,68
891,10,Cambodia,18,65 to 69,70709.52221678224,69
892,10,Cambodia,19,70 to 74,48685.502477875154,70
892,10,Cambodia,19,70 to 74,48685.502477875154,71
892,10,Cambodia,19,70 to 74,48685.502477875154,72
892,10,Cambodia,19,70 to 74,48685.502477875154,73
892,10,Cambodia,19,70 to 74,48685.502477875154,74
893,10,Cambodia,20,75 to 79,29866.638785141993,75
893,10,Cambodia,20,75 to 79,29866.638785141993,76
893,10,Cambodia,20,75 to 79,29866.638785141993,77
893,10,Cambodia,20,75 to 79,29866.638785141993,78
893,10,Cambodia,20,75 to 79,29866.638785141993,79
901,10,Cambodia,30,80 to 84,17529.920698127127,80
901,10,Cambodia,30,80 to 84,17529.920698127127,81
901,10,Cambodia,30,80 to 84,17529.920698127127,82
901,10,Cambodia,30,80 to 84,17529.920698127127,83
901,10,Cambodia,30,80 to 84,17529.920698127127,84
902,10,Cambodia,31,85 to 89,7854.982714526093,85
902,10,Cambodia,31,85 to 89,7854.982714526093,86
902,10,Cambodia,31,85 to 89,7854.982714526093,87
902,10,Cambodia,31,85 to 89,7854.982714526093,88
902,10,Cambodia,31,85 to 89,7854.982714526093,89
903,10,Cambodia,32,90 to 94,2291.9512158152675,90
903,10,Cambodia,32,90 to 94,2291.9512158152675,91
903,10,Cambodia,32,90 to 94,2291.9512158152675,92
903,10,Cambodia,32,90 to 94,2291.9512158152675,93
903,10,Cambodia,32,90 to 94,2291.9512158152675,94
911,10,Cambodia,235,95 plus,411.36203366540104,95
911,10,Cambodia,235,95 plus,411.36203366540104,96
911,10,Cambodia,235,95 plus,411.36203366540104,97
911,10,Cambodia,235,95 plus,411.36203366540104,98
911,10,Cambodia,235,95 plus,411.36203366540104,99
911,10,Cambodia,235,95 plus,411.36203366540104,100
998,11,Indonesia,11,30 to 34,4058641.9582203524,30
998,11,Indonesia,11,30 to 34,4058641.9582203524,31
998,11,Indonesia,11,30 to 34,4058641.9582203524,32
998,11,Indonesia,11,30 to 34,4058641.9582203524,33
998,11,Indonesia,11,30 to 34,4058641.9582203524,34
999,11,Indonesia,12,35 to 39,4112814.9328588843,35
999,11,Indonesia,12,35 to 39,4112814.9328588843,36
999,11,Indonesia,12,35 to 39,4112814.9328588843,37
999,11,Indonesia,12,35 to 39,4112814.9328588843,38
999,11,Indonesia,12,35 to 39,4112814.9328588843,39
1000,11,Indonesia,13,40 to 44,3905676.6261936883,40
1000,11,Indonesia,13,40 to 44,3905676.6261936883,41
1000,11,Indonesia,13,40 to 44,3905676.6261936883,42
1000,11,Indonesia,13,40 to 44,3905676.6261936883,43
1000,11,Indonesia,13,40 to 44,3905676.6261936883,44
1001,11,Indonesia,14,45 to 49,3468783.7426278754,45
1001,11,Indonesia,14,45 to 49,3468783.7426278754,46
1001,11,Indonesia,14,45 to 49,3468783.7426278754,47
1001,11,Indonesia,14,45 to 49,3468783.7426278754,48
1001,11,Indonesia,14,45 to 49,3468783.7426278754,49
1002,11,Indonesia,15,50 to 54,2960124.571219112,50
1002,11,Indonesia,15,50 to 54,2960124.571219112,51
1002,11,Indonesia,15,50 to 54,2960124.571219112,52
1002,11,Indonesia,15,50 to 54,2960124.571219112,53
1002,11,Indonesia,15,50 to 54,2960124.571219112,54
1003,11,Indonesia,16,55 to 59,2421621.1899504988,55
1003,11,Indonesia,16,55 to 59,2421621.1899504988,56
1003,11,Indonesia,16,55 to 59,2421621.1899504988,57
1003,11,Indonesia,16,55 to 59,2421621.1899504988,58
1003,11,Indonesia,16,55 to 59,2421621.1899504988,59
1004,11,Indonesia,17,60 to 64,1852627.697636962,60
1004,11,Indonesia,17,60 to 64,1852627.697636962,61
1004,11,Indonesia,17,60 to 64,1852627.697636962,62
1004,11,Indonesia,17,60 to 64,1852627.697636962,63
1004,11,Indonesia,17,60 to 64,1852627.697636962,64
1005,11,Indonesia,18,65 to 69,1281776.6476154248,65
1005,11,Indonesia,18,65 to 69,1281776.6476154248,66
1005,11,Indonesia,18,65 to 69,1281776.6476154248,67
1005,11,Indonesia,18,65 to 69,1281776.6476154248,68
1005,11,Indonesia,18,65 to 69,1281776.6476154248,69
1006,11,Indonesia,19,70 to 74,823206.452413713,70
1006,11,Indonesia,19,70 to 74,823206.452413713,71
1006,11,Indonesia,19,70 to 74,823206.452413713,72
1006,11,Indonesia,19,70 to 74,823206.452413713,73
1006,11,Indonesia,19,70 to 74,823206.452413713,74
1007,11,Indonesia,20,75 to 79,520471.7598145433,75
1007,11,Indonesia,20,75 to 79,520471.7598145433,76
1007,11,Indonesia,20,75 to 79,520471.7598145433,77
1007,11,Indonesia,20,75 to 79,520471.7598145433,78
1007,11,Indonesia,20,75 to 79,520471.7598145433,79
1015,11,Indonesia,30,80 to 84,291678.0948922367,80
1015,11,Indonesia,30,80 to 84,291678.0948922367,81
1015,11,Indonesia,30,80 to 84,291678.0948922367,82
1015,11,Indonesia,30,80 to 84,291678.0948922367,83
1015,11,Indonesia,30,80 to 84,291678.0948922367,84
1016,11,Indonesia,31,85 to 89,120939.80951595082,85
1016,11,Indonesia,31,85 to 89,120939.80951595082,86
1016,11,Indonesia,31,85 to 89,120939.80951595082,87
1016,11,Indonesia,31,85 to 89,120939.80951595082,88
1016,11,Indonesia,31,85 to 89,120939.80951595082,89
1017,11,Indonesia,32,90 to 94,33607.16636045784,90
1017,11,Indonesia,32,90 to 94,33607.16636045784,91
1017,11,Indonesia,32,90 to 94,33607.16636045784,92
1017,11,Indonesia,32,90 to 94,33607.16636045784,93
1017,11,Indonesia,32,90 to 94,33607.16636045784,94
1025,11,Indonesia,235,95 plus,5418.680989154303,95
1025,11,Indonesia,235,95 plus,5418.680989154303,96
1025,11,Indonesia,235,95 plus,5418.680989154303,97
1025,11,Indonesia,235,95 plus,5418.680989154303,98
1025,11,Indonesia,235,95 plus,5418.680989154303,99
1025,11,Indonesia,235,95 plus,5418.680989154303,100
1112,12,Lao People's Democratic Republic,11,30 to 34,119355.90723398612,30
1112,12,Lao People's Democratic Republic,11,30 to 34,119355.90723398612,31
1112,12,Lao People's Democratic Republic,11,30 to 34,119355.90723398612,32
1112,12,Lao People's Democratic Republic,11,30 to 34,119355.90723398612,33
1112,12,Lao People's Democratic Republic,11,30 to 34,119355.90723398612,34
1113,12,Lao People's Democratic Republic,12,35 to 39,98672.3426523052,35
1113,12,Lao People's Democratic Republic,12,35 to 39,98672.3426523052,36
1113,12,Lao People's Democratic Republic,12,35 to 39,98672.3426523052,37
1113,12,Lao People's Democratic Republic,12,35 to 39,98672.3426523052,38
1113,12,Lao People's Democratic Republic,12,35 to 39,98672.3426523052,39
1114,12,Lao People's Democratic Republic,13,40 to 44,81058.1228252857,40
1114,12,Lao People's Democratic Republic,13,40 to 44,81058.1228252857,41
1114,12,Lao People's Democratic Republic,13,40 to 44,81058.1228252857,42
1114,12,Lao People's Democratic Republic,13,40 to 44,81058.1228252857,43
1114,12,Lao People's Democratic Republic,13,40 to 44,81058.1228252857,44
1115,12,Lao People's Democratic Republic,14,45 to 49,68555.08728366895,45
1115,12,Lao People's Democratic Republic,14,45 to 49,68555.08728366895,46
1115,12,Lao People's Democratic Republic,14,45 to 49,68555.08728366895,47
1115,12,Lao People's Democratic Republic,14,45 to 49,68555.08728366895,48
1115,12,Lao People's Democratic Republic,14,45 to 49,68555.08728366895,49
1116,12,Lao People's Democratic Republic,15,50 to 54,57877.80240322652,50
1116,12,Lao People's Democratic Republic,15,50 to 54,57877.80240322652,51
1116,12,Lao People's Democratic Republic,15,50 to 54,57877.80240322652,52
1116,12,Lao People's Democratic Republic,15,50 to 54,57877.80240322652,53
1116,12,Lao People's Democratic Republic,15,50 to 54,57877.80240322652,54
1117,12,Lao People's Democratic Republic,16,55 to 59,47598.5566648792,55
1117,12,Lao People's Democratic Republic,16,55 to 59,47598.5566648792,56
1117,12,Lao People's Democratic Republic,16,55 to 59,47598.5566648792,57
1117,12,Lao People's Democratic Republic,16,55 to 59,47598.5566648792,58
1117,12,Lao People's Democratic Republic,16,55 to 59,47598.5566648792,59
1118,12,Lao People's Democratic Republic,17,60 to 64,35710.6456571314,60
1118,12,Lao People's Democratic Republic,17,60 to 64,35710.6456571314,61
1118,12,Lao People's Democratic Republic,17,60 to 64,35710.6456571314,62
1118,12,Lao People's Democratic Republic,17,60 to 64,35710.6456571314,63
1118,12,Lao People's Democratic Republic,17,60 to 64,35710.6456571314,64
1119,12,Lao People's Democratic Republic,18,65 to 69,25206.924422912114,65
1119,12,Lao People's Democratic Republic,18,65 to 69,25206.924422912114,66
1119,12,Lao People's Democratic Republic,18,65 to 69,25206.924422912114,67
1119,12,Lao People's Democratic Republic,18,65 to 69,25206.924422912114,68
1119,12,Lao People's Democratic Republic,18,65 to 69,25206.924422912114,69
1120,12,Lao People's Democratic Republic,19,70 to 74,15749.35530511881,70
1120,12,Lao People's Democratic Republic,19,70 to 74,15749.35530511881,71
1120,12,Lao People's Democratic Republic,19,70 to 74,15749.35530511881,72
1120,12,Lao People's Democratic Republic,19,70 to 74,15749.35530511881,73
1120,12,Lao People's Democratic Republic,19,70 to 74,15749.35530511881,74
1121,12,Lao People's Democratic Republic,20,75 to 79,10665.423488653023,75
1121,12,Lao People's Democratic Republic,20,75 to 79,10665.423488653023,76
1121,12,Lao People's Democratic Republic,20,75 to 79,10665.423488653023,77
1121,12,Lao People's Democratic Republic,20,75 to 79,10665.423488653023,78
1121,12,Lao People's Democratic Republic,20,75 to 79,10665.423488653023,79
1129,12,Lao People's Democratic Republic,30,80 to 84,5999.323832678196,80
1129,12,Lao People's Democratic Republic,30,80 to 84,5999.323832678196,81
1129,12,Lao People's Democratic Republic,30,80 to 84,5999.323832678196,82
1129,12,Lao People's Democratic Republic,30,80 to 84,5999.323832678196,83
1129,12,Lao People's Democratic Republic,30,80 to 84,5999.323832678196,84
1130,12,Lao People's Democratic Republic,31,85 to 89,2571.076467798596,85
1130,12,Lao People's Democratic Republic,31,85 to 89,2571.076467798596,86
1130,12,Lao People's Democratic Republic,31,85 to 89,2571.076467798596,87
1130,12,Lao People's Democratic Republic,31,85 to 89,2571.076467798596,88
1130,12,Lao People's Democratic Republic,31,85 to 89,2571.076467798596,89
1131,12,Lao People's Democratic Republic,32,90 to 94,827.392538318362,90
1131,12,Lao People's Democratic Republic,32,90 to 94,827.392538318362,91
1131,12,Lao People's Democratic Republic,32,90 to 94,827.392538318362,92
1131,12,Lao People's Democratic Republic,32,90 to 94,827.392538318362,93
1131,12,Lao People's Democratic Republic,32,90 to 94,827.392538318362,94
1139,12,Lao People's Democratic Republic,235,95 plus,167.5778598290728,95
1139,12,Lao People's Democratic Republic,235,95 plus,167.5778598290728,96
1139,12,Lao People's Democratic Republic,235,95 plus,167.5778598290728,97
1139,12,Lao People's Democratic Republic,235,95 plus,167.5778598290728,98
1139,12,Lao People's Democratic Republic,235,95 plus,167.5778598290728,99
1139,12,Lao People's Democratic Republic,235,95 plus,167.5778598290728,100
1226,13,Malaysia,11,30 to 34,567627.0418679828,30
1226,13,Malaysia,11,30 to 34,567627.0418679828,31
1226,13,Malaysia,11,30 to 34,567627.0418679828,32
1226,13,Malaysia,11,30 to 34,567627.0418679828,33
1226,13,Malaysia,11,30 to 34,567627.0418679828,34
1227,13,Malaysia,12,35 to 39,480215.8027211345,35
1227,13,Malaysia,12,35 to 39,480215.8027211345,36
1227,13,Malaysia,12,35 to 39,480215.8027211345,37
1227,13,Malaysia,12,35 to 39,480215.8027211345,38
1227,13,Malaysia,12,35 to 39,480215.8027211345,39
1228,13,Malaysia,13,40 to 44,397674.86599355296,40
1228,13,Malaysia,13,40 to 44,397674.86599355296,41
1228,13,Malaysia,13,40 to 44,397674.86599355296,42
1228,13,Malaysia,13,40 to 44,397674.86599355296,43
1228,13,Malaysia,13,40 to 44,397674.86599355296,44
1229,13,Malaysia,14,45 to 49,337367.7253441594,45
1229,13,Malaysia,14,45 to 49,337367.7253441594,46
1229,13,Malaysia,14,45 to 49,337367.7253441594,47
1229,13,Malaysia,14,45 to 49,337367.7253441594,48
1229,13,Malaysia,14,45 to 49,337367.7253441594,49
1230,13,Malaysia,15,50 to 54,304294.3919334709,50
1230,13,Malaysia,15,50 to 54,304294.3919334709,51
1230,13,Malaysia,15,50 to 54,304294.3919334709,52
1230,13,Malaysia,15,50 to 54,304294.3919334709,53
1230,13,Malaysia,15,50 to 54,304294.3919334709,54
1231,13,Malaysia,16,55 to 59,270702.2330441914,55
1231,13,Malaysia,16,55 to 59,270702.2330441914,56
1231,13,Malaysia,16,55 to 59,270702.2330441914,57
1231,13,Malaysia,16,55 to 59,270702.2330441914,58
1231,13,Malaysia,16,55 to 59,270702.2330441914,59
1232,13,Malaysia,17,60 to 64,226103.03936710098,60
1232,13,Malaysia,17,60 to 64,226103.03936710098,61
1232,13,Malaysia,17,60 to 64,226103.03936710098,62
1232,13,Malaysia,17,60 to 64,226103.03936710098,63
1232,13,Malaysia,17,60 to 64,226103.03936710098,64
1233,13,Malaysia,18,65 to 69,172709.23469102845,65
1233,13,Malaysia,18,65 to 69,172709.23469102845,66
1233,13,Malaysia,18,65 to 69,172709.23469102845,67
1233,13,Malaysia,18,65 to 69,172709.23469102845,68
1233,13,Malaysia,18,65 to 69,172709.23469102845,69
1234,13,Malaysia,19,70 to 74,119192.13387824068,70
1234,13,Malaysia,19,70 to 74,119192.13387824068,71
1234,13,Malaysia,19,70 to 74,119192.13387824068,72
1234,13,Malaysia,19,70 to 74,119192.13387824068,73
1234,13,Malaysia,19,70 to 74,119192.13387824068,74
1235,13,Malaysia,20,75 to 79,68128.54887106433,75
1235,13,Malaysia,20,75 to 79,68128.54887106433,76
1235,13,Malaysia,20,75 to 79,68128.54887106433,77
1235,13,Malaysia,20,75 to 79,68128.54887106433,78
1235,13,Malaysia,20,75 to 79,68128.54887106433,79
1243,13,Malaysia,30,80 to 84,42197.340824593724,80
1243,13,Malaysia,30,80 to 84,42197.340824593724,81
1243,13,Malaysia,30,80 to 84,42197.340824593724,82
1243,13,Malaysia,30,80 to 84,42197.340824593724,83
1243,13,Malaysia,30,80 to 84,42197.340824593724,84
1244,13,Malaysia,31,85 to 89,18256.420037494077,85
1244,13,Malaysia,31,85 to 89,18256.420037494077,86
1244,13,Malaysia,31,85 to 89,18256.420037494077,87
1244,13,Malaysia,31,85 to 89,18256.420037494077,88
1244,13,Malaysia,31,85 to 89,18256.420037494077,89
1245,13,Malaysia,32,90 to 94,7394.622217238633,90
1245,13,Malaysia,32,90 to 94,7394.622217238633,91
1245,13,Malaysia,32,90 to 94,7394.622217238633,92
1245,13,Malaysia,32,90 to 94,7394.622217238633,93
1245,13,Malaysia,32,90 to 94,7394.622217238633,94
1253,13,Malaysia,235,95 plus,943.3247175244381,95
1253,13,Malaysia,235,95 plus,943.3247175244381,96
1253,13,Malaysia,235,95 plus,943.3247175244381,97
1253,13,Malaysia,235,95 plus,943.3247175244381,98
1253,13,Malaysia,235,95 plus,943.3247175244381,99
1253,13,Malaysia,235,95 plus,943.3247175244381,100
1340,14,Maldives,11,30 to 34,13563.116288790789,30
1340,14,Maldives,11,30 to 34,13563.116288790789,31
1340,14,Maldives,11,30 to 34,13563.116288790789,32
1340,14,Maldives,11,30 to 34,13563.116288790789,33
1340,14,Maldives,11,30 to 34,13563.116288790789,34
1341,14,Maldives,12,35 to 39,11086.079278333378,35
1341,14,Maldives,12,35 to 39,11086.079278333378,36
1341,14,Maldives,12,35 to 39,11086.079278333378,37
1341,14,Maldives,12,35 to 39,11086.079278333378,38
1341,14,Maldives,12,35 to 39,11086.079278333378,39
1342,14,Maldives,13,40 to 44,7654.965871439372,40
1342,14,Maldives,13,40 to 44,7654.965871439372,41
1342,14,Maldives,13,40 to 44,7654.965871439372,42
1342,14,Maldives,13,40 to 44,7654.965871439372,43
1342,14,Maldives,13,40 to 44,7654.965871439372,44
1343,14,Maldives,14,45 to 49,5633.94399007503,45
1343,14,Maldives,14,45 to 49,5633.94399007503,46
1343,14,Maldives,14,45 to 49,5633.94399007503,47
1343,14,Maldives,14,45 to 49,5633.94399007503,48
1343,14,Maldives,14,45 to 49,5633.94399007503,49
1344,14,Maldives,15,50 to 54,4295.25401030543,50
1344,14,Maldives,15,50 to 54,4295.25401030543,51
1344,14,Maldives,15,50 to 54,4295.25401030543,52
1344,14,Maldives,15,50 to 54,4295.25401030543,53
1344,14,Maldives,15,50 to 54,4295.25401030543,54
1345,14,Maldives,16,55 to 59,3345.50306152084,55
1345,14,Maldives,16,55 to 59,3345.50306152084,56
1345,14,Maldives,16,55 to 59,3345.50306152084,57
1345,14,Maldives,16,55 to 59,3345.50306152084,58
1345,14,Maldives,16,55 to 59,3345.50306152084,59
1346,14,Maldives,17,60 to 64,2387.356732755628,60
1346,14,Maldives,17,60 to 64,2387.356732755628,61
1346,14,Maldives,17,60 to 64,2387.356732755628,62
1346,14,Maldives,17,60 to 64,2387.356732755628,63
1346,14,Maldives,17,60 to 64,2387.356732755628,64
1347,14,Maldives,18,65 to 69,1359.9408053226116,65
1347,14,Maldives,18,65 to 69,1359.9408053226116,66
1347,14,Maldives,18,65 to 69,1359.9408053226116,67
1347,14,Maldives,18,65 to 69,1359.9408053226116,68
1347,14,Maldives,18,65 to 69,1359.9408053226116,69
1348,14,Maldives,19,70 to 74,903.2604593713247,70
1348,14,Maldives,19,70 to 74,903.2604593713247,71
1348,14,Maldives,19,70 to 74,903.2604593713247,72
1348,14,Maldives,19,70 to 74,903.2604593713247,73
1348,14,Maldives,19,70 to 74,903.2604593713247,74
1349,14,Maldives,20,75 to 79,753.3322977676287,75
1349,14,Maldives,20,75 to 79,753.3322977676287,76
1349,14,Maldives,20,75 to 79,753.3322977676287,77
1349,14,Maldives,20,75 to 79,753.3322977676287,78
1349,14,Maldives,20,75 to 79,753.3322977676287,79
1357,14,Maldives,30,80 to 84,540.8476690828255,80
1357,14,Maldives,30,80 to 84,540.8476690828255,81
1357,14,Maldives,30,80 to 84,540.8476690828255,82
1357,14,Maldives,30,80 to 84,540.8476690828255,83
1357,14,Maldives,30,80 to 84,540.8476690828255,84
1358,14,Maldives,31,85 to 89,274.66264339946633,85
1358,14,Maldives,31,85 to 89,274.66264339946633,86
1358,14,Maldives,31,85 to 89,274.66264339946633,87
1358,14,Maldives,31,85 to 89,274.66264339946633,88
1358,14,Maldives,31,85 to 89,274.66264339946633,89
1359,14,Maldives,32,90 to 94,88.59411824079022,90
1359,14,Maldives,32,90 to 94,88.59411824079022,91
1359,14,Maldives,32,90 to 94,88.59411824079022,92
1359,14,Maldives,32,90 to 94,88.59411824079022,93
1359,14,Maldives,32,90 to 94,88.59411824079022,94
1367,14,Maldives,235,95 plus,17.669339408552126,95
1367,14,Maldives,235,95 plus,17.669339408552126,96
1367,14,Maldives,235,95 plus,17.669339408552126,97
1367,14,Maldives,235,95 plus,17.669339408552126,98
1367,14,Maldives,235,95 plus,17.669339408552126,99
1367,14,Maldives,235,95 plus,17.669339408552126,100
1454,15,Myanmar,11,30 to 34,836232.2110326553,30
1454,15,Myanmar,11,30 to 34,836232.2110326553,31
1454,15,Myanmar,11,30 to 34,836232.2110326553,32
1454,15,Myanmar,11,30 to 34,836232.2110326553,33
1454,15,Myanmar,11,30 to 34,836232.2110326553,34
1455,15,Myanmar,12,35 to 39,784962.6555684943,35
1455,15,Myanmar,12,35 to 39,784962.6555684943,36
1455,15,Myanmar,12,35 to 39,784962.6555684943,37
1455,15,Myanmar,12,35 to 39,784962.6555684943,38
1455,15,Myanmar,12,35 to 39,784962.6555684943,39
1456,15,Myanmar,13,40 to 44,715520.2208220733,40
1456,15,Myanmar,13,40 to 44,715520.2208220733,41
1456,15,Myanmar,13,40 to 44,715520.2208220733,42
1456,15,Myanmar,13,40 to 44,715520.2208220733,43
1456,15,Myanmar,13,40 to 44,715520.2208220733,44
1457,15,Myanmar,14,45 to 49,646967.9841126596,45
1457,15,Myanmar,14,45 to 49,646967.9841126596,46
1457,15,Myanmar,14,45 to 49,646967.9841126596,47
1457,15,Myanmar,14,45 to 49,646967.9841126596,48
1457,15,Myanmar,14,45 to 49,646967.9841126596,49
1458,15,Myanmar,15,50 to 54,574730.5094640444,50
1458,15,Myanmar,15,50 to 54,574730.5094640444,51
1458,15,Myanmar,15,50 to 54,574730.5094640444,52
1458,15,Myanmar,15,50 to 54,574730.5094640444,53
1458,15,Myanmar,15,50 to 54,574730.5094640444,54
1459,15,Myanmar,16,55 to 59,488879.7269849529,55
1459,15,Myanmar,16,55 to 59,488879.7269849529,56
1459,15,Myanmar,16,55 to 59,488879.7269849529,57
1459,15,Myanmar,16,55 to 59,488879.7269849529,58
1459,15,Myanmar,16,55 to 59,488879.7269849529,59
1460,15,Myanmar,17,60 to 64,388157.51436606754,60
1460,15,Myanmar,17,60 to 64,388157.51436606754,61
1460,15,Myanmar,17,60 to 64,388157.51436606754,62
1460,15,Myanmar,17,60 to 64,388157.51436606754,63
1460,15,Myanmar,17,60 to 64,388157.51436606754,64
1461,15,Myanmar,18,65 to 69,284831.77449199965,65
1461,15,Myanmar,18,65 to 69,284831.77449199965,66
1461,15,Myanmar,18,65 to 69,284831.77449199965,67
1461,15,Myanmar,18,65 to 69,284831.77449199965,68
1461,15,Myanmar,18,65 to 69,284831.77449199965,69
1462,15,Myanmar,19,70 to 74,184368.8918823785,70
1462,15,Myanmar,19,70 to 74,184368.8918823785,71
1462,15,Myanmar,19,70 to 74,184368.8918823785,72
1462,15,Myanmar,19,70 to 74,184368.8918823785,73
1462,15,Myanmar,19,70 to 74,184368.8918823785,74
1463,15,Myanmar,20,75 to 79,115196.19030700647,75
1463,15,Myanmar,20,75 to 79,115196.19030700647,76
1463,15,Myanmar,20,75 to 79,115196.19030700647,77
1463,15,Myanmar,20,75 to 79,115196.19030700647,78
1463,15,Myanmar,20,75 to 79,115196.19030700647,79
1471,15,Myanmar,30,80 to 84,70579.8050499118,80
1471,15,Myanmar,30,80 to 84,70579.8050499118,81
1471,15,Myanmar,30,80 to 84,70579.8050499118,82
1471,15,Myanmar,30,80 to 84,70579.8050499118,83
1471,15,Myanmar,30,80 to 84,70579.8050499118,84
1472,15,Myanmar,31,85 to 89,35520.95383517588,85
1472,15,Myanmar,31,85 to 89,35520.95383517588,86
1472,15,Myanmar,31,85 to 89,35520.95383517588,87
1472,15,Myanmar,31,85 to 89,35520.95383517588,88
1472,15,Myanmar,31,85 to 89,35520.95383517588,89
1473,15,Myanmar,32,90 to 94,12656.987609032118,90
1473,15,Myanmar,32,90 to 94,12656.987609032118,91
1473,15,Myanmar,32,90 to 94,12656.987609032118,92
1473,15,Myanmar,32,90 to 94,12656.987609032118,93
1473,15,Myanmar,32,90 to 94,12656.987609032118,94
1481,15,Myanmar,235,95 plus,2270.3271620491823,95
1481,15,Myanmar,235,95 plus,2270.3271620491823,96
1481,15,Myanmar,235,95 plus,2270.3271620491823,97
1481,15,Myanmar,235,95 plus,2270.3271620491823,98
1481,15,Myanmar,235,95 plus,2270.3271620491823,99
1481,15,Myanmar,235,95 plus,2270.3271620491823,100
1568,16,Philippines,11,30 to 34,1646057.5723873288,30
1568,16,Philippines,11,30 to 34,1646057.5723873288,31
1568,16,Philippines,11,30 to 34,1646057.5723873288,32
1568,16,Philippines,11,30 to 34,1646057.5723873288,33
1568,16,Philippines,11,30 to 34,1646057.5723873288,34
1569,16,Philippines,12,35 to 39,1489019.4533008076,35
1569,16,Philippines,12,35 to 39,1489019.4533008076,36
1569,16,Philippines,12,35 to 39,1489019.4533008076,37
1569,16,Philippines,12,35 to 39,1489019.4533008076,38
1569,16,Philippines,12,35 to 39,1489019.4533008076,39
1570,16,Philippines,13,40 to 44,1309994.5891709484,40
1570,16,Philippines,13,40 to 44,1309994.5891709484,41
1570,16,Philippines,13,40 to 44,1309994.5891709484,42
1570,16,Philippines,13,40 to 44,1309994.5891709484,43
1570,16,Philippines,13,40 to 44,1309994.5891709484,44
1571,16,Philippines,14,45 to 49,1156382.043865683,45
1571,16,Philippines,14,45 to 49,1156382.043865683,46
1571,16,Philippines,14,45 to 49,1156382.043865683,47
1571,16,Philippines,14,45 to 49,1156382.043865683,48
1571,16,Philippines,14,45 to 49,1156382.043865683,49
1572,16,Philippines,15,50 to 54,998661.2735126618,50
1572,16,Philippines,15,50 to 54,998661.2735126618,51
1572,16,Philippines,15,50 to 54,998661.2735126618,52
1572,16,Philippines,15,50 to 54,998661.2735126618,53
1572,16,Philippines,15,50 to 54,998661.2735126618,54
1573,16,Philippines,16,55 to 59,821919.9143194299,55
1573,16,Philippines,16,55 to 59,821919.9143194299,56
1573,16,Philippines,16,55 to 59,821919.9143194299,57
1573,16,Philippines,16,55 to 59,821919.9143194299,58
1573,16,Philippines,16,55 to 59,821919.9143194299,59
1574,16,Philippines,17,60 to 64,659101.624744453,60
1574,16,Philippines,17,60 to 64,659101.624744453,61
1574,16,Philippines,17,60 to 64,659101.624744453,62
1574,16,Philippines,17,60 to 64,659101.624744453,63
1574,16,Philippines,17,60 to 64,659101.624744453,64
1575,16,Philippines,18,65 to 69,470330.1644513135,65
1575,16,Philippines,18,65 to 69,470330.1644513135,66
1575,16,Philippines,18,65 to 69,470330.1644513135,67
1575,16,Philippines,18,65 to 69,470330.1644513135,68
1575,16,Philippines,18,65 to 69,470330.1644513135,69
1576,16,Philippines,19,70 to 74,301367.213386375,70
1576,16,Philippines,19,70 to 74,301367.213386375,71
1576,16,Philippines,19,70 to 74,301367.213386375,72
1576,16,Philippines,19,70 to 74,301367.213386375,73
1576,16,Philippines,19,70 to 74,301367.213386375,74
1577,16,Philippines,20,75 to 79,185280.51074203136,75
1577,16,Philippines,20,75 to 79,185280.51074203136,76
1577,16,Philippines,20,75 to 79,185280.51074203136,77
1577,16,Philippines,20,75 to 79,185280.51074203136,78
1577,16,Philippines,20,75 to 79,185280.51074203136,79
1585,16,Philippines,30,80 to 84,114458.12009057651,80
1585,16,Philippines,30,80 to 84,114458.12009057651,81
1585,16,Philippines,30,80 to 84,114458.12009057651,82
1585,16,Philippines,30,80 to 84,114458.12009057651,83
1585,16,Philippines,30,80 to 84,114458.12009057651,84
1586,16,Philippines,31,85 to 89,49918.06579251781,85
1586,16,Philippines,31,85 to 89,49918.06579251781,86
1586,16,Philippines,31,85 to 89,49918.06579251781,87
1586,16,Philippines,31,85 to 89,49918.06579251781,88
1586,16,Philippines,31,85 to 89,49918.06579251781,89
1587,16,Philippines,32,90 to 94,18049.859250014477,90
1587,16,Philippines,32,90 to 94,18049.859250014477,91
1587,16,Philippines,32,90 to 94,18049.859250014477,92
1587,16,Philippines,32,90 to 94,18049.859250014477,93
1587,16,Philippines,32,90 to 94,18049.859250014477,94
1595,16,Philippines,235,95 plus,3550.9469624739554,95
1595,16,Philippines,235,95 plus,3550.9469624739554,96
1595,16,Philippines,235,95 plus,3550.9469624739554,97
1595,16,Philippines,235,95 plus,3550.9469624739554,98
1595,16,Philippines,235,95 plus,3550.9469624739554,99
1595,16,Philippines,235,95 plus,3550.9469624739554,100
1682,17,Sri Lanka,11,30 to 34,304629.32188243413,30
1682,17,Sri Lanka,11,30 to 34,304629.32188243413,31
1682,17,Sri Lanka,11,30 to 34,304629.32188243413,32
1682,17,Sri Lanka,11,30 to 34,304629.32188243413,33
1682,17,Sri Lanka,11,30 to 34,304629.32188243413,34
1683,17,Sri Lanka,12,35 to 39,324318.1478332325,35
1683,17,Sri Lanka,12,35 to 39,324318.1478332325,36
1683,17,Sri Lanka,12,35 to 39,324318.1478332325,37
1683,17,Sri Lanka,12,35 to 39,324318.1478332325,38
1683,17,Sri Lanka,12,35 to 39,324318.1478332325,39
1684,17,Sri Lanka,13,40 to 44,299811.8843281046,40
1684,17,Sri Lanka,13,40 to 44,299811.8843281046,41
1684,17,Sri Lanka,13,40 to 44,299811.8843281046,42
1684,17,Sri Lanka,13,40 to 44,299811.8843281046,43
1684,17,Sri Lanka,13,40 to 44,299811.8843281046,44
1685,17,Sri Lanka,14,45 to 49,273564.54216597736,45
1685,17,Sri Lanka,14,45 to 49,273564.54216597736,46
1685,17,Sri Lanka,14,45 to 49,273564.54216597736,47
1685,17,Sri Lanka,14,45 to 49,273564.54216597736,48
1685,17,Sri Lanka,14,45 to 49,273564.54216597736,49
1686,17,Sri Lanka,15,50 to 54,261425.5714927009,50
1686,17,Sri Lanka,15,50 to 54,261425.5714927009,51
1686,17,Sri Lanka,15,50 to 54,261425.5714927009,52
1686,17,Sri Lanka,15,50 to 54,261425.5714927009,53
1686,17,Sri Lanka,15,50 to 54,261425.5714927009,54
1687,17,Sri Lanka,16,55 to 59,245316.01521302146,55
1687,17,Sri Lanka,16,55 to 59,245316.01521302146,56
1687,17,Sri Lanka,16,55 to 59,245316.01521302146,57
1687,17,Sri Lanka,16,55 to 59,245316.01521302146,58
1687,17,Sri Lanka,16,55 to 59,245316.01521302146,59
1688,17,Sri Lanka,17,60 to 64,214909.88632901548,60
1688,17,Sri Lanka,17,60 to 64,214909.88632901548,61
1688,17,Sri Lanka,17,60 to 64,214909.88632901548,62
1688,17,Sri Lanka,17,60 to 64,214909.88632901548,63
1688,17,Sri Lanka,17,60 to 64,214909.88632901548,64
1689,17,Sri Lanka,18,65 to 69,178530.2346299491,65
1689,17,Sri Lanka,18,65 to 69,178530.2346299491,66
1689,17,Sri Lanka,18,65 to 69,178530.2346299491,67
1689,17,Sri Lanka,18,65 to 69,178530.2346299491,68
1689,17,Sri Lanka,18,65 to 69,178530.2346299491,69
1690,17,Sri Lanka,19,70 to 74,125000.39270740437,70
1690,17,Sri Lanka,19,70 to 74,125000.39270740437,71
1690,17,Sri Lanka,19,70 to 74,125000.39270740437,72
1690,17,Sri Lanka,19,70 to 74,125000.39270740437,73
1690,17,Sri Lanka,19,70 to 74,125000.39270740437,74
1691,17,Sri Lanka,20,75 to 79,76048.64886453589,75
1691,17,Sri Lanka,20,75 to 79,76048.64886453589,76
1691,17,Sri Lanka,20,75 to 79,76048.64886453589,77
1691,17,Sri Lanka,20,75 to 79,76048.64886453589,78
1691,17,Sri Lanka,20,75 to 79,76048.64886453589,79
1699,17,Sri Lanka,30,80 to 84,42911.03853296736,80
1699,17,Sri Lanka,30,80 to 84,42911.03853296736,81
1699,17,Sri Lanka,30,80 to 84,42911.03853296736,82
1699,17,Sri Lanka,30,80 to 84,42911.03853296736,83
1699,17,Sri Lanka,30,80 to 84,42911.03853296736,84
1700,17,Sri Lanka,31,85 to 89,20276.229084463528,85
1700,17,Sri Lanka,31,85 to 89,20276.229084463528,86
1700,17,Sri Lanka,31,85 to 89,20276.229084463528,87
1700,17,Sri Lanka,31,85 to 89,20276.229084463528,88
1700,17,Sri Lanka,31,85 to 89,20276.229084463528,89
1701,17,Sri Lanka,32,90 to 94,6721.9700680059905,90
1701,17,Sri Lanka,32,90 to 94,6721.9700680059905,91
1701,17,Sri Lanka,32,90 to 94,6721.9700680059905,92
1701,17,Sri Lanka,32,90 to 94,6721.9700680059905,93
1701,17,Sri Lanka,32,90 to 94,6721.9700680059905,94
1709,17,Sri Lanka,235,95 plus,1326.018517575136,95
1709,17,Sri Lanka,235,95 plus,1326.018517575136,96
1709,17,Sri Lanka,235,95 plus,1326.018517575136,97
1709,17,Sri Lanka,235,95 plus,1326.018517575136,98
1709,17,Sri Lanka,235,95 plus,1326.018517575136,99
1709,17,Sri Lanka,235,95 plus,1326.018517575136,100
1796,18,Thailand,11,30 to 34,971292.7084520642,30
1796,18,Thailand,11,30 to 34,971292.7084520642,31
1796,18,Thailand,11,30 to 34,971292.7084520642,32
1796,18,Thailand,11,30 to 34,971292.7084520642,33
1796,18,Thailand,11,30 to 34,971292.7084520642,34
1797,18,Thailand,12,35 to 39,1087556.2100713537,35
1797,18,Thailand,12,35 to 39,1087556.2100713537,36
1797,18,Thailand,12,35 to 39,1087556.2100713537,37
1797,18,Thailand,12,35 to 39,1087556.2100713537,38
1797,18,Thailand,12,35 to 39,1087556.2100713537,39
1798,18,Thailand,13,40 to 44,1132099.3511749052,40
1798,18,Thailand,13,40 to 44,1132099.3511749052,41
1798,18,Thailand,13,40 to 44,1132099.3511749052,42
1798,18,Thailand,13,40 to 44,1132099.3511749052,43
1798,18,Thailand,13,40 to 44,1132099.3511749052,44
1799,18,Thailand,14,45 to 49,1151332.3769922843,45
1799,18,Thailand,14,45 to 49,1151332.3769922843,46
1799,18,Thailand,14,45 to 49,1151332.3769922843,47
1799,18,Thailand,14,45 to 49,1151332.3769922843,48
1799,18,Thailand,14,45 to 49,1151332.3769922843,49
1800,18,Thailand,15,50 to 54,1127604.7420406106,50
1800,18,Thailand,15,50 to 54,1127604.7420406106,51
1800,18,Thailand,15,50 to 54,1127604.7420406106,52
1800,18,Thailand,15,50 to 54,1127604.7420406106,53
1800,18,Thailand,15,50 to 54,1127604.7420406106,54
1801,18,Thailand,16,55 to 59,1018201.505963699,55
1801,18,Thailand,16,55 to 59,1018201.505963699,56
1801,18,Thailand,16,55 to 59,1018201.505963699,57
1801,18,Thailand,16,55 to 59,1018201.505963699,58
1801,18,Thailand,16,55 to 59,1018201.505963699,59
1802,18,Thailand,17,60 to 64,858191.94383568,60
1802,18,Thailand,17,60 to 64,858191.94383568,61
1802,18,Thailand,17,60 to 64,858191.94383568,62
1802,18,Thailand,17,60 to 64,858191.94383568,63
1802,18,Thailand,17,60 to 64,858191.94383568,64
1803,18,Thailand,18,65 to 69,617659.0395907743,65
1803,18,Thailand,18,65 to 69,617659.0395907743,66
1803,18,Thailand,18,65 to 69,617659.0395907743,67
1803,18,Thailand,18,65 to 69,617659.0395907743,68
1803,18,Thailand,18,65 to 69,617659.0395907743,69
1804,18,Thailand,19,70 to 74,445363.4801836378,70
1804,18,Thailand,19,70 to 74,445363.4801836378,71
1804,18,Thailand,19,70 to 74,445363.4801836378,72
1804,18,Thailand,19,70 to 74,445363.4801836378,73
1804,18,Thailand,19,70 to 74,445363.4801836378,74
1805,18,Thailand,20,75 to 79,298346.5674062762,75
1805,18,Thailand,20,75 to 79,298346.5674062762,76
1805,18,Thailand,20,75 to 79,298346.5674062762,77
1805,18,Thailand,20,75 to 79,298346.5674062762,78
1805,18,Thailand,20,75 to 79,298346.5674062762,79
1813,18,Thailand,30,80 to 84,207377.71836750416,80
1813,18,Thailand,30,80 to 84,207377.71836750416,81
1813,18,Thailand,30,80 to 84,207377.71836750416,82
1813,18,Thailand,30,80 to 84,207377.71836750416,83
1813,18,Thailand,30,80 to 84,207377.71836750416,84
1814,18,Thailand,31,85 to 89,114357.25389919904,85
1814,18,Thailand,31,85 to 89,114357.25389919904,86
1814,18,Thailand,31,85 to 89,114357.25389919904,87
1814,18,Thailand,31,85 to 89,114357.25389919904,88
1814,18,Thailand,31,85 to 89,114357.25389919904,89
1815,18,Thailand,32,90 to 94,49389.919441718564,90
1815,18,Thailand,32,90 to 94,49389.919441718564,91
1815,18,Thailand,32,90 to 94,49389.919441718564,92
1815,18,Thailand,32,90 to 94,49389.919441718564,93
1815,18,Thailand,32,90 to 94,49389.919441718564,94
1823,18,Thailand,235,95 plus,13762.407122791476,95
1823,18,Thailand,235,95 plus,13762.407122791476,96
1823,18,Thailand,235,95 plus,13762.407122791476,97
1823,18,Thailand,235,95 plus,13762.407122791476,98
1823,18,Thailand,235,95 plus,13762.407122791476,99
1823,18,Thailand,235,95 plus,13762.407122791476,100
1910,19,Timor-Leste,11,30 to 34,15810.911448885954,30
1910,19,Timor-Leste,11,30 to 34,15810.911448885954,31
1910,19,Timor-Leste,11,30 to 34,15810.911448885954,32
1910,19,Timor-Leste,11,30 to 34,15810.911448885954,33
1910,19,Timor-Leste,11,30 to 34,15810.911448885954,34
1911,19,Timor-Leste,12,35 to 39,12428.514646343883,35
1911,19,Timor-Leste,12,35 to 39,12428.514646343883,36
1911,19,Timor-Leste,12,35 to 39,12428.514646343883,37
1911,19,Timor-Leste,12,35 to 39,12428.514646343883,38
1911,19,Timor-Leste,12,35 to 39,12428.514646343883,39
1912,19,Timor-Leste,13,40 to 44,11876.886105175347,40
1912,19,Timor-Leste,13,40 to 44,11876.886105175347,41
1912,19,Timor-Leste,13,40 to 44,11876.886105175347,42
1912,19,Timor-Leste,13,40 to 44,11876.886105175347,43
1912,19,Timor-Leste,13,40 to 44,11876.886105175347,44
1913,19,Timor-Leste,14,45 to 49,11151.050543574185,45
1913,19,Timor-Leste,14,45 to 49,11151.050543574185,46
1913,19,Timor-Leste,14,45 to 49,11151.050543574185,47
1913,19,Timor-Leste,14,45 to 49,11151.050543574185,48
1913,19,Timor-Leste,14,45 to 49,11151.050543574185,49
1914,19,Timor-Leste,15,50 to 54,8259.049737915131,50
1914,19,Timor-Leste,15,50 to 54,8259.049737915131,51
1914,19,Timor-Leste,15,50 to 54,8259.049737915131,52
1914,19,Timor-Leste,15,50 to 54,8259.049737915131,53
1914,19,Timor-Leste,15,50 to 54,8259.049737915131,54
1915,19,Timor-Leste,16,55 to 59,6364.9373321777875,55
1915,19,Timor-Leste,16,55 to 59,6364.9373321777875,56
1915,19,Timor-Leste,16,55 to 59,6364.9373321777875,57
1915,19,Timor-Leste,16,55 to 59,6364.9373321777875,58
1915,19,Timor-Leste,16,55 to 59,6364.9373321777875,59
1916,19,Timor-Leste,17,60 to 64,6753.072018185785,60
1916,19,Timor-Leste,17,60 to 64,6753.072018185785,61
1916,19,Timor-Leste,17,60 to 64,6753.072018185785,62
1916,19,Timor-Leste,17,60 to 64,6753.072018185785,63
1916,19,Timor-Leste,17,60 to 64,6753.072018185785,64
1917,19,Timor-Leste,18,65 to 69,6222.798300875313,65
1917,19,Timor-Leste,18,65 to 69,6222.798300875313,66
1917,19,Timor-Leste,18,65 to 69,6222.798300875313,67
1917,19,Timor-Leste,18,65 to 69,6222.798300875313,68
1917,19,Timor-Leste,18,65 to 69,6222.798300875313,69
1918,19,Timor-Leste,19,70 to 74,4015.7013317365722,70
1918,19,Timor-Leste,19,70 to 74,4015.7013317365722,71
1918,19,Timor-Leste,19,70 to 74,4015.7013317365722,72
1918,19,Timor-Leste,19,70 to 74,4015.7013317365722,73
1918,19,Timor-Leste,19,70 to 74,4015.7013317365722,74
1919,19,Timor-Leste,20,75 to 79,2148.2184565253838,75
1919,19,Timor-Leste,20,75 to 79,2148.2184565253838,76
1919,19,Timor-Leste,20,75 to 79,2148.2184565253838,77
1919,19,Timor-Leste,20,75 to 79,2148.2184565253838,78
1919,19,Timor-Leste,20,75 to 79,2148.2184565253838,79
1927,19,Timor-Leste,30,80 to 84,1081.0746447381691,80
1927,19,Timor-Leste,30,80 to 84,1081.0746447381691,81
1927,19,Timor-Leste,30,80 to 84,1081.0746447381691,82
1927,19,Timor-Leste,30,80 to 84,1081.0746447381691,83
1927,19,Timor-Leste,30,80 to 84,1081.0746447381691,84
1928,19,Timor-Leste,31,85 to 89,507.63620379693305,85
1928,19,Timor-Leste,31,85 to 89,507.63620379693305,86
1928,19,Timor-Leste,31,85 to 89,507.63620379693305,87
1928,19,Timor-Leste,31,85 to 89,507.63620379693305,88
1928,19,Timor-Leste,31,85 to 89,507.63620379693305,89
1929,19,Timor-Leste,32,90 to 94,126.75547043948434,90
1929,19,Timor-Leste,32,90 to 94,126.75547043948434,91
1929,19,Timor-Leste,32,90 to 94,126.75547043948434,92
1929,19,Timor-Leste,32,90 to 94,126.75547043948434,93
1929,19,Timor-Leste,32,90 to 94,126.75547043948434,94
1937,19,Timor-Leste,235,95 plus,20.399047243982412,95
1937,19,Timor-Leste,235,95 plus,20.399047243982412,96
1937,19,Timor-Leste,235,95 plus,20.399047243982412,97
1937,19,Timor-Leste,235,95 plus,20.399047243982412,98
1937,19,Timor-Leste,235,95 plus,20.399047243982412,99
1937,19,Timor-Leste,235,95 plus,20.399047243982412,100
2024,20,Viet Nam,11,30 to 34,1727309.3432929027,30
2024,20,Viet Nam,11,30 to 34,1727309.3432929027,31
2024,20,Viet Nam,11,30 to 34,1727309.3432929027,32
2024,20,Viet Nam,11,30 to 34,1727309.3432929027,33
2024,20,Viet Nam,11,30 to 34,1727309.3432929027,34
2025,20,Viet Nam,12,35 to 39,1594309.719329362,35
2025,20,Viet Nam,12,35 to 39,1594309.719329362,36
2025,20,Viet Nam,12,35 to 39,1594309.719329362,37
2025,20,Viet Nam,12,35 to 39,1594309.719329362,38
2025,20,Viet Nam,12,35 to 39,1594309.719329362,39
2026,20,Viet Nam,13,40 to 44,1405039.4944097511,40
2026,20,Viet Nam,13,40 to 44,1405039.4944097511,41
2026,20,Viet Nam,13,40 to 44,1405039.4944097511,42
2026,20,Viet Nam,13,40 to 44,1405039.4944097511,43
2026,20,Viet Nam,13,40 to 44,1405039.4944097511,44
2027,20,Viet Nam,14,45 to 49,1309801.349159628,45
2027,20,Viet Nam,14,45 to 49,1309801.349159628,46
2027,20,Viet Nam,14,45 to 49,1309801.349159628,47
2027,20,Viet Nam,14,45 to 49,1309801.349159628,48
2027,20,Viet Nam,14,45 to 49,1309801.349159628,49
2028,20,Viet Nam,15,50 to 54,1177294.1715508061,50
2028,20,Viet Nam,15,50 to 54,1177294.1715508061,51
2028,20,Viet Nam,15,50 to 54,1177294.1715508061,52
2028,20,Viet Nam,15,50 to 54,1177294.1715508061,53
2028,20,Viet Nam,15,50 to 54,1177294.1715508061,54
2029,20,Viet Nam,16,55 to 59,1055696.2969147281,55
2029,20,Viet Nam,16,55 to 59,1055696.2969147281,56
2029,20,Viet Nam,16,55 to 59,1055696.2969147281,57
2029,20,Viet Nam,16,55 to 59,1055696.2969147281,58
2029,20,Viet Nam,16,55 to 59,1055696.2969147281,59
2030,20,Viet Nam,17,60 to 64,819696.6747003457,60
2030,20,Viet Nam,17,60 to 64,819696.6747003457,61
2030,20,Viet Nam,17,60 to 64,819696.6747003457,62
2030,20,Viet Nam,17,60 to 64,819696.6747003457,63
2030,20,Viet Nam,17,60 to 64,819696.6747003457,64
2031,20,Viet Nam,18,65 to 69,528557.7939897414,65
2031,20,Viet Nam,18,65 to 69,528557.7939897414,66
2031,20,Viet Nam,18,65 to 69,528557.7939897414,67
2031,20,Viet Nam,18,65 to 69,528557.7939897414,68
2031,20,Viet Nam,18,65 to 69,528557.7939897414,69
2032,20,Viet Nam,19,70 to 74,315507.7526280706,70
2032,20,Viet Nam,19,70 to 74,315507.7526280706,71
2032,20,Viet Nam,19,70 to 74,315507.7526280706,72
2032,20,Viet Nam,19,70 to 74,315507.7526280706,73
2032,20,Viet Nam,19,70 to 74,315507.7526280706,74
2033,20,Viet Nam,20,75 to 79,225270.8652281211,75
2033,20,Viet Nam,20,75 to 79,225270.8652281211,76
2033,20,Viet Nam,20,75 to 79,225270.8652281211,77
2033,20,Viet Nam,20,75 to 79,225270.8652281211,78
2033,20,Viet Nam,20,75 to 79,225270.8652281211,79
2041,20,Viet Nam,30,80 to 84,160297.46199518346,80
2041,20,Viet Nam,30,80 to 84,160297.46199518346,81
2041,20,Viet Nam,30,80 to 84,160297.46199518346,82
2041,20,Viet Nam,30,80 to 84,160297.46199518346,83
2041,20,Viet Nam,30,80 to 84,160297.46199518346,84
2042,20,Viet Nam,31,85 to 89,87591.63794335505,85
2042,20,Viet Nam,31,85 to 89,87591.63794335505,86
2042,20,Viet Nam,31,85 to 89,87591.63794335505,87
2042,20,Viet Nam,31,85 to 89,87591.63794335505,88
2042,20,Viet Nam,31,85 to 89,87591.63794335505,89
2043,20,Viet Nam,32,90 to 94,28416.291444299248,90
2043,20,Viet Nam,32,90 to 94,28416.291444299248,91
2043,20,Viet Nam,32,90 to 94,28416.291444299248,92
2043,20,Viet Nam,32,90 to 94,28416.291444299248,93
2043,20,Viet Nam,32,90 to 94,28416.291444299248,94
2051,20,Viet Nam,235,95 plus,6233.749434121514,95
2051,20,Viet Nam,235,95 plus,6233.749434121514,96
2051,20,Viet Nam,235,95 plus,6233.749434121514,97
2051,20,Viet Nam,235,95 plus,6233.749434121514,98
2051,20,Viet Nam,235,95 plus,6233.749434121514,99
2051,20,Viet Nam,235,95 plus,6233.749434121514,100
2252,22,Fiji,11,30 to 34,13853.681491620428,30
2252,22,Fiji,11,30 to 34,13853.681491620428,31
2252,22,Fiji,11,30 to 34,13853.681491620428,32
2252,22,Fiji,11,30 to 34,13853.681491620428,33
2252,22,Fiji,11,30 to 34,13853.681491620428,34
2253,22,Fiji,12,35 to 39,13511.857886172158,35
2253,22,Fiji,12,35 to 39,13511.857886172158,36
2253,22,Fiji,12,35 to 39,13511.857886172158,37
2253,22,Fiji,12,35 to 39,13511.857886172158,38
2253,22,Fiji,12,35 to 39,13511.857886172158,39
2254,22,Fiji,13,40 to 44,11543.793061599983,40
2254,22,Fiji,13,40 to 44,11543.793061599983,41
2254,22,Fiji,13,40 to 44,11543.793061599983,42
2254,22,Fiji,13,40 to 44,11543.793061599983,43
2254,22,Fiji,13,40 to 44,11543.793061599983,44
2255,22,Fiji,14,45 to 49,10013.661620743502,45
2255,22,Fiji,14,45 to 49,10013.661620743502,46
2255,22,Fiji,14,45 to 49,10013.661620743502,47
2255,22,Fiji,14,45 to 49,10013.661620743502,48
2255,22,Fiji,14,45 to 49,10013.661620743502,49
2256,22,Fiji,15,50 to 54,9723.414163226731,50
2256,22,Fiji,15,50 to 54,9723.414163226731,51
2256,22,Fiji,15,50 to 54,9723.414163226731,52
2256,22,Fiji,15,50 to 54,9723.414163226731,53
2256,22,Fiji,15,50 to 54,9723.414163226731,54
2257,22,Fiji,16,55 to 59,8827.0243234353,55
2257,22,Fiji,16,55 to 59,8827.0243234353,56
2257,22,Fiji,16,55 to 59,8827.0243234353,57
2257,22,Fiji,16,55 to 59,8827.0243234353,58
2257,22,Fiji,16,55 to 59,8827.0243234353,59
2258,22,Fiji,17,60 to 64,6667.786769805399,60
2258,22,Fiji,17,60 to 64,6667.786769805399,61
2258,22,Fiji,17,60 to 64,6667.786769805399,62
2258,22,Fiji,17,60 to 64,6667.786769805399,63
2258,22,Fiji,17,60 to 64,6667.786769805399,64
2259,22,Fiji,18,65 to 69,4597.439002247245,65
2259,22,Fiji,18,65 to 69,4597.439002247245,66
2259,22,Fiji,18,65 to 69,4597.439002247245,67
2259,22,Fiji,18,65 to 69,4597.439002247245,68
2259,22,Fiji,18,65 to 69,4597.439002247245,69
2260,22,Fiji,19,70 to 74,2997.1291387458486,70
2260,22,Fiji,19,70 to 74,2997.1291387458486,71
2260,22,Fiji,19,70 to 74,2997.1291387458486,72
2260,22,Fiji,19,70 to 74,2997.1291387458486,73
2260,22,Fiji,19,70 to 74,2997.1291387458486,74
2261,22,Fiji,20,75 to 79,1796.4768887842652,75
2261,22,Fiji,20,75 to 79,1796.4768887842652,76
2261,22,Fiji,20,75 to 79,1796.4768887842652,77
2261,22,Fiji,20,75 to 79,1796.4768887842652,78
2261,22,Fiji,20,75 to 79,1796.4768887842652,79
2269,22,Fiji,30,80 to 84,874.3582244971496,80
2269,22,Fiji,30,80 to 84,874.3582244971496,81
2269,22,Fiji,30,80 to 84,874.3582244971496,82
2269,22,Fiji,30,80 to 84,874.3582244971496,83
2269,22,Fiji,30,80 to 84,874.3582244971496,84
2270,22,Fiji,31,85 to 89,343.517411355287,85
2270,22,Fiji,31,85 to 89,343.517411355287,86
2270,22,Fiji,31,85 to 89,343.517411355287,87
2270,22,Fiji,31,85 to 89,343.517411355287,88
2270,22,Fiji,31,85 to 89,343.517411355287,89
2271,22,Fiji,32,90 to 94,73.77489820584447,90
2271,22,Fiji,32,90 to 94,73.77489820584447,91
2271,22,Fiji,32,90 to 94,73.77489820584447,92
2271,22,Fiji,32,90 to 94,73.77489820584447,93
2271,22,Fiji,32,90 to 94,73.77489820584447,94
2279,22,Fiji,235,95 plus,12.825877501668336,95
2279,22,Fiji,235,95 plus,12.825877501668336,96
2279,22,Fiji,235,95 plus,12.825877501668336,97
2279,22,Fiji,235,95 plus,12.825877501668336,98
2279,22,Fiji,235,95 plus,12.825877501668336,99
2279,22,Fiji,235,95 plus,12.825877501668336,100
2366,23,Kiribati,11,30 to 34,1776.1826499616495,30
2366,23,Kiribati,11,30 to 34,1776.1826499616495,31
2366,23,Kiribati,11,30 to 34,1776.1826499616495,32
2366,23,Kiribati,11,30 to 34,1776.1826499616495,33
2366,23,Kiribati,11,30 to 34,1776.1826499616495,34
2367,23,Kiribati,12,35 to 39,1572.7982520606233,35
2367,23,Kiribati,12,35 to 39,1572.7982520606233,36
2367,23,Kiribati,12,35 to 39,1572.7982520606233,37
2367,23,Kiribati,12,35 to 39,1572.7982520606233,38
2367,23,Kiribati,12,35 to 39,1572.7982520606233,39
2368,23,Kiribati,13,40 to 44,1312.781701213317,40
2368,23,Kiribati,13,40 to 44,1312.781701213317,41
2368,23,Kiribati,13,40 to 44,1312.781701213317,42
2368,23,Kiribati,13,40 to 44,1312.781701213317,43
2368,23,Kiribati,13,40 to 44,1312.781701213317,44
2369,23,Kiribati,14,45 to 49,1015.9223649184212,45
2369,23,Kiribati,14,45 to 49,1015.9223649184212,46
2369,23,Kiribati,14,45 to 49,1015.9223649184212,47
2369,23,Kiribati,14,45 to 49,1015.9223649184212,48
2369,23,Kiribati,14,45 to 49,1015.9223649184212,49
2370,23,Kiribati,15,50 to 54,934.9807568658458,50
2370,23,Kiribati,15,50 to 54,934.9807568658458,51
2370,23,Kiribati,15,50 to 54,934.9807568658458,52
2370,23,Kiribati,15,50 to 54,934.9807568658458,53
2370,23,Kiribati,15,50 to 54,934.9807568658458,54
2371,23,Kiribati,16,55 to 59,851.3129697469936,55
2371,23,Kiribati,16,55 to 59,851.3129697469936,56
2371,23,Kiribati,16,55 to 59,851.3129697469936,57
2371,23,Kiribati,16,55 to 59,851.3129697469936,58
2371,23,Kiribati,16,55 to 59,851.3129697469936,59
2372,23,Kiribati,17,60 to 64,649.4309695221217,60
2372,23,Kiribati,17,60 to 64,649.4309695221217,61
2372,23,Kiribati,17,60 to 64,649.4309695221217,62
2372,23,Kiribati,17,60 to 64,649.4309695221217,63
2372,23,Kiribati,17,60 to 64,649.4309695221217,64
2373,23,Kiribati,18,65 to 69,376.09291627221944,65
2373,23,Kiribati,18,65 to 69,376.09291627221944,66
2373,23,Kiribati,18,65 to 69,376.09291627221944,67
2373,23,Kiribati,18,65 to 69,376.09291627221944,68
2373,23,Kiribati,18,65 to 69,376.09291627221944,69
2374,23,Kiribati,19,70 to 74,224.5718808191588,70
2374,23,Kiribati,19,70 to 74,224.5718808191588,71
2374,23,Kiribati,19,70 to 74,224.5718808191588,72
2374,23,Kiribati,19,70 to 74,224.5718808191588,73
2374,23,Kiribati,19,70 to 74,224.5718808191588,74
2375,23,Kiribati,20,75 to 79,139.14794461740576,75
2375,23,Kiribati,20,75 to 79,139.14794461740576,76
2375,23,Kiribati,20,75 to 79,139.14794461740576,77
2375,23,Kiribati,20,75 to 79,139.14794461740576,78
2375,23,Kiribati,20,75 to 79,139.14794461740576,79
2383,23,Kiribati,30,80 to 84,59.52175130731261,80
2383,23,Kiribati,30,80 to 84,59.52175130731261,81
2383,23,Kiribati,30,80 to 84,59.52175130731261,82
2383,23,Kiribati,30,80 to 84,59.52175130731261,83
2383,23,Kiribati,30,80 to 84,59.52175130731261,84
2384,23,Kiribati,31,85 to 89,20.314723933514383,85
2384,23,Kiribati,31,85 to 89,20.314723933514383,86
2384,23,Kiribati,31,85 to 89,20.314723933514383,87
2384,23,Kiribati,31,85 to 89,20.314723933514383,88
2384,23,Kiribati,31,85 to 89,20.314723933514383,89
2385,23,Kiribati,32,90 to 94,4.483687753799164,90
2385,23,Kiribati,32,90 to 94,4.483687753799164,91
2385,23,Kiribati,32,90 to 94,4.483687753799164,92
2385,23,Kiribati,32,90 to 94,4.483687753799164,93
2385,23,Kiribati,32,90 to 94,4.483687753799164,94
2393,23,Kiribati,235,95 plus,0.5407526797998329,95
2393,23,Kiribati,235,95 plus,0.5407526797998329,96
2393,23,Kiribati,235,95 plus,0.5407526797998329,97
2393,23,Kiribati,235,95 plus,0.5407526797998329,98
2393,23,Kiribati,235,95 plus,0.5407526797998329,99
2393,23,Kiribati,235,95 plus,0.5407526797998329,100
2480,24,Marshall Islands,11,30 to 34,912.0284513164012,30
2480,24,Marshall Islands,11,30 to 34,912.0284513164012,31
2480,24,Marshall Islands,11,30 to 34,912.0284513164012,32
2480,24,Marshall Islands,11,30 to 34,912.0284513164012,33
2480,24,Marshall Islands,11,30 to 34,912.0284513164012,34
2481,24,Marshall Islands,12,35 to 39,862.2007815598911,35
2481,24,Marshall Islands,12,35 to 39,862.2007815598911,36
2481,24,Marshall Islands,12,35 to 39,862.2007815598911,37
2481,24,Marshall Islands,12,35 to 39,862.2007815598911,38
2481,24,Marshall Islands,12,35 to 39,862.2007815598911,39
2482,24,Marshall Islands,13,40 to 44,718.0781787388921,40
2482,24,Marshall Islands,13,40 to 44,718.0781787388921,41
2482,24,Marshall Islands,13,40 to 44,718.0781787388921,42
2482,24,Marshall Islands,13,40 to 44,718.0781787388921,43
2482,24,Marshall Islands,13,40 to 44,718.0781787388921,44
2483,24,Marshall Islands,14,45 to 49,581.5857360361601,45
2483,24,Marshall Islands,14,45 to 49,581.5857360361601,46
2483,24,Marshall Islands,14,45 to 49,581.5857360361601,47
2483,24,Marshall Islands,14,45 to 49,581.5857360361601,48
2483,24,Marshall Islands,14,45 to 49,581.5857360361601,49
2484,24,Marshall Islands,15,50 to 54,481.3007156195662,50
2484,24,Marshall Islands,15,50 to 54,481.3007156195662,51
2484,24,Marshall Islands,15,50 to 54,481.3007156195662,52
2484,24,Marshall Islands,15,50 to 54,481.3007156195662,53
2484,24,Marshall Islands,15,50 to 54,481.3007156195662,54
2485,24,Marshall Islands,16,55 to 59,395.31726119455004,55
2485,24,Marshall Islands,16,55 to 59,395.31726119455004,56
2485,24,Marshall Islands,16,55 to 59,395.31726119455004,57
2485,24,Marshall Islands,16,55 to 59,395.31726119455004,58
2485,24,Marshall Islands,16,55 to 59,395.31726119455004,59
2486,24,Marshall Islands,17,60 to 64,309.7938111307945,60
2486,24,Marshall Islands,17,60 to 64,309.7938111307945,61
2486,24,Marshall Islands,17,60 to 64,309.7938111307945,62
2486,24,Marshall Islands,17,60 to 64,309.7938111307945,63
2486,24,Marshall Islands,17,60 to 64,309.7938111307945,64
2487,24,Marshall Islands,18,65 to 69,218.47362134369195,65
2487,24,Marshall Islands,18,65 to 69,218.47362134369195,66
2487,24,Marshall Islands,18,65 to 69,218.47362134369195,67
2487,24,Marshall Islands,18,65 to 69,218.47362134369195,68
2487,24,Marshall Islands,18,65 to 69,218.47362134369195,69
2488,24,Marshall Islands,19,70 to 74,123.69578498089436,70
2488,24,Marshall Islands,19,70 to 74,123.69578498089436,71
2488,24,Marshall Islands,19,70 to 74,123.69578498089436,72
2488,24,Marshall Islands,19,70 to 74,123.69578498089436,73
2488,24,Marshall Islands,19,70 to 74,123.69578498089436,74
2489,24,Marshall Islands,20,75 to 79,56.55624473626076,75
2489,24,Marshall Islands,20,75 to 79,56.55624473626076,76
2489,24,Marshall Islands,20,75 to 79,56.55624473626076,77
2489,24,Marshall Islands,20,75 to 79,56.55624473626076,78
2489,24,Marshall Islands,20,75 to 79,56.55624473626076,79
2497,24,Marshall Islands,30,80 to 84,25.289187762125067,80
2497,24,Marshall Islands,30,80 to 84,25.289187762125067,81
2497,24,Marshall Islands,30,80 to 84,25.289187762125067,82
2497,24,Marshall Islands,30,80 to 84,25.289187762125067,83
2497,24,Marshall Islands,30,80 to 84,25.289187762125067,84
2498,24,Marshall Islands,31,85 to 89,9.629877669632315,85
2498,24,Marshall Islands,31,85 to 89,9.629877669632315,86
2498,24,Marshall Islands,31,85 to 89,9.629877669632315,87
2498,24,Marshall Islands,31,85 to 89,9.629877669632315,88
2498,24,Marshall Islands,31,85 to 89,9.629877669632315,89
2499,24,Marshall Islands,32,90 to 94,2.4662104879692266,90
2499,24,Marshall Islands,32,90 to 94,2.4662104879692266,91
2499,24,Marshall Islands,32,90 to 94,2.4662104879692266,92
2499,24,Marshall Islands,32,90 to 94,2.4662104879692266,93
2499,24,Marshall Islands,32,90 to 94,2.4662104879692266,94
2507,24,Marshall Islands,235,95 plus,0.379773613643938,95
2507,24,Marshall Islands,235,95 plus,0.379773613643938,96
2507,24,Marshall Islands,235,95 plus,0.379773613643938,97
2507,24,Marshall Islands,235,95 plus,0.379773613643938,98
2507,24,Marshall Islands,235,95 plus,0.379773613643938,99
2507,24,Marshall Islands,235,95 plus,0.379773613643938,100
2594,25,Micronesia (Federated States of),11,30 to 34,1418.8007613045397,30
2594,25,Micronesia (Federated States of),11,30 to 34,1418.8007613045397,31
2594,25,Micronesia (Federated States of),11,30 to 34,1418.8007613045397,32
2594,25,Micronesia (Federated States of),11,30 to 34,1418.8007613045397,33
2594,25,Micronesia (Federated States of),11,30 to 34,1418.8007613045397,34
2595,25,Micronesia (Federated States of),12,35 to 39,1247.5044877039052,35
2595,25,Micronesia (Federated States of),12,35 to 39,1247.5044877039052,36
2595,25,Micronesia (Federated States of),12,35 to 39,1247.5044877039052,37
2595,25,Micronesia (Federated States of),12,35 to 39,1247.5044877039052,38
2595,25,Micronesia (Federated States of),12,35 to 39,1247.5044877039052,39
2596,25,Micronesia (Federated States of),13,40 to 44,1169.7054320946936,40
2596,25,Micronesia (Federated States of),13,40 to 44,1169.7054320946936,41
2596,25,Micronesia (Federated States of),13,40 to 44,1169.7054320946936,42
2596,25,Micronesia (Federated States of),13,40 to 44,1169.7054320946936,43
2596,25,Micronesia (Federated States of),13,40 to 44,1169.7054320946936,44
2597,25,Micronesia (Federated States of),14,45 to 49,1087.9341050228406,45
2597,25,Micronesia (Federated States of),14,45 to 49,1087.9341050228406,46
2597,25,Micronesia (Federated States of),14,45 to 49,1087.9341050228406,47
2597,25,Micronesia (Federated States of),14,45 to 49,1087.9341050228406,48
2597,25,Micronesia (Federated States of),14,45 to 49,1087.9341050228406,49
2598,25,Micronesia (Federated States of),15,50 to 54,957.7819456946497,50
2598,25,Micronesia (Federated States of),15,50 to 54,957.7819456946497,51
2598,25,Micronesia (Federated States of),15,50 to 54,957.7819456946497,52
2598,25,Micronesia (Federated States of),15,50 to 54,957.7819456946497,53
2598,25,Micronesia (Federated States of),15,50 to 54,957.7819456946497,54
2599,25,Micronesia (Federated States of),16,55 to 59,880.911142778861,55
2599,25,Micronesia (Federated States of),16,55 to 59,880.911142778861,56
2599,25,Micronesia (Federated States of),16,55 to 59,880.911142778861,57
2599,25,Micronesia (Federated States of),16,55 to 59,880.911142778861,58
2599,25,Micronesia (Federated States of),16,55 to 59,880.911142778861,59
2600,25,Micronesia (Federated States of),17,60 to 64,735.402245488644,60
2600,25,Micronesia (Federated States of),17,60 to 64,735.402245488644,61
2600,25,Micronesia (Federated States of),17,60 to 64,735.402245488644,62
2600,25,Micronesia (Federated States of),17,60 to 64,735.402245488644,63
2600,25,Micronesia (Federated States of),17,60 to 64,735.402245488644,64
2601,25,Micronesia (Federated States of),18,65 to 69,401.4761312875194,65
2601,25,Micronesia (Federated States of),18,65 to 69,401.4761312875194,66
2601,25,Micronesia (Federated States of),18,65 to 69,401.4761312875194,67
2601,25,Micronesia (Federated States of),18,65 to 69,401.4761312875194,68
2601,25,Micronesia (Federated States of),18,65 to 69,401.4761312875194,69
2602,25,Micronesia (Federated States of),19,70 to 74,228.19399217573977,70
2602,25,Micronesia (Federated States of),19,70 to 74,228.19399217573977,71
2602,25,Micronesia (Federated States of),19,70 to 74,228.19399217573977,72
2602,25,Micronesia (Federated States of),19,70 to 74,228.19399217573977,73
2602,25,Micronesia (Federated States of),19,70 to 74,228.19399217573977,74
2603,25,Micronesia (Federated States of),20,75 to 79,112.2545067006595,75
2603,25,Micronesia (Federated States of),20,75 to 79,112.2545067006595,76
2603,25,Micronesia (Federated States of),20,75 to 79,112.2545067006595,77
2603,25,Micronesia (Federated States of),20,75 to 79,112.2545067006595,78
2603,25,Micronesia (Federated States of),20,75 to 79,112.2545067006595,79
2611,25,Micronesia (Federated States of),30,80 to 84,70.39964231064715,80
2611,25,Micronesia (Federated States of),30,80 to 84,70.39964231064715,81
2611,25,Micronesia (Federated States of),30,80 to 84,70.39964231064715,82
2611,25,Micronesia (Federated States of),30,80 to 84,70.39964231064715,83
2611,25,Micronesia (Federated States of),30,80 to 84,70.39964231064715,84
2612,25,Micronesia (Federated States of),31,85 to 89,32.80521965030899,85
2612,25,Micronesia (Federated States of),31,85 to 89,32.80521965030899,86
2612,25,Micronesia (Federated States of),31,85 to 89,32.80521965030899,87
2612,25,Micronesia (Federated States of),31,85 to 89,32.80521965030899,88
2612,25,Micronesia (Federated States of),31,85 to 89,32.80521965030899,89
2613,25,Micronesia (Federated States of),32,90 to 94,8.295660423011254,90
2613,25,Micronesia (Federated States of),32,90 to 94,8.295660423011254,91
2613,25,Micronesia (Federated States of),32,90 to 94,8.295660423011254,92
2613,25,Micronesia (Federated States of),32,90 to 94,8.295660423011254,93
2613,25,Micronesia (Federated States of),32,90 to 94,8.295660423011254,94
2621,25,Micronesia (Federated States of),235,95 plus,1.132035177502271,95
2621,25,Micronesia (Federated States of),235,95 plus,1.132035177502271,96
2621,25,Micronesia (Federated States of),235,95 plus,1.132035177502271,97
2621,25,Micronesia (Federated States of),235,95 plus,1.132035177502271,98
2621,25,Micronesia (Federated States of),235,95 plus,1.132035177502271,99
2621,25,Micronesia (Federated States of),235,95 plus,1.132035177502271,100
2708,26,Papua New Guinea,11,30 to 34,146937.6547904871,30
2708,26,Papua New Guinea,11,30 to 34,146937.6547904871,31
2708,26,Papua New Guinea,11,30 to 34,146937.6547904871,32
2708,26,Papua New Guinea,11,30 to 34,146937.6547904871,33
2708,26,Papua New Guinea,11,30 to 34,146937.6547904871,34
2709,26,Papua New Guinea,12,35 to 39,127352.23687034108,35
2709,26,Papua New Guinea,12,35 to 39,127352.23687034108,36
2709,26,Papua New Guinea,12,35 to 39,127352.23687034108,37
2709,26,Papua New Guinea,12,35 to 39,127352.23687034108,38
2709,26,Papua New Guinea,12,35 to 39,127352.23687034108,39
2710,26,Papua New Guinea,13,40 to 44,108964.26515543496,40
2710,26,Papua New Guinea,13,40 to 44,108964.26515543496,41
2710,26,Papua New Guinea,13,40 to 44,108964.26515543496,42
2710,26,Papua New Guinea,13,40 to 44,108964.26515543496,43
2710,26,Papua New Guinea,13,40 to 44,108964.26515543496,44
2711,26,Papua New Guinea,14,45 to 49,89499.96692020596,45
2711,26,Papua New Guinea,14,45 to 49,89499.96692020596,46
2711,26,Papua New Guinea,14,45 to 49,89499.96692020596,47
2711,26,Papua New Guinea,14,45 to 49,89499.96692020596,48
2711,26,Papua New Guinea,14,45 to 49,89499.96692020596,49
2712,26,Papua New Guinea,15,50 to 54,71223.24059885608,50
2712,26,Papua New Guinea,15,50 to 54,71223.24059885608,51
2712,26,Papua New Guinea,15,50 to 54,71223.24059885608,52
2712,26,Papua New Guinea,15,50 to 54,71223.24059885608,53
2712,26,Papua New Guinea,15,50 to 54,71223.24059885608,54
2713,26,Papua New Guinea,16,55 to 59,53546.76101976472,55
2713,26,Papua New Guinea,16,55 to 59,53546.76101976472,56
2713,26,Papua New Guinea,16,55 to 59,53546.76101976472,57
2713,26,Papua New Guinea,16,55 to 59,53546.76101976472,58
2713,26,Papua New Guinea,16,55 to 59,53546.76101976472,59
2714,26,Papua New Guinea,17,60 to 64,37949.99475044388,60
2714,26,Papua New Guinea,17,60 to 64,37949.99475044388,61
2714,26,Papua New Guinea,17,60 to 64,37949.99475044388,62
2714,26,Papua New Guinea,17,60 to 64,37949.99475044388,63
2714,26,Papua New Guinea,17,60 to 64,37949.99475044388,64
2715,26,Papua New Guinea,18,65 to 69,24701.61450672103,65
2715,26,Papua New Guinea,18,65 to 69,24701.61450672103,66
2715,26,Papua New Guinea,18,65 to 69,24701.61450672103,67
2715,26,Papua New Guinea,18,65 to 69,24701.61450672103,68
2715,26,Papua New Guinea,18,65 to 69,24701.61450672103,69
2716,26,Papua New Guinea,19,70 to 74,17006.531378600215,70
2716,26,Papua New Guinea,19,70 to 74,17006.531378600215,71
2716,26,Papua New Guinea,19,70 to 74,17006.531378600215,72
2716,26,Papua New Guinea,19,70 to 74,17006.531378600215,73
2716,26,Papua New Guinea,19,70 to 74,17006.531378600215,74
2717,26,Papua New Guinea,20,75 to 79,8946.753735431721,75
2717,26,Papua New Guinea,20,75 to 79,8946.753735431721,76
2717,26,Papua New Guinea,20,75 to 79,8946.753735431721,77
2717,26,Papua New Guinea,20,75 to 79,8946.753735431721,78
2717,26,Papua New Guinea,20,75 to 79,8946.753735431721,79
2725,26,Papua New Guinea,30,80 to 84,4330.028944538534,80
2725,26,Papua New Guinea,30,80 to 84,4330.028944538534,81
2725,26,Papua New Guinea,30,80 to 84,4330.028944538534,82
2725,26,Papua New Guinea,30,80 to 84,4330.028944538534,83
2725,26,Papua New Guinea,30,80 to 84,4330.028944538534,84
2726,26,Papua New Guinea,31,85 to 89,1777.657983233194,85
2726,26,Papua New Guinea,31,85 to 89,1777.657983233194,86
2726,26,Papua New Guinea,31,85 to 89,1777.657983233194,87
2726,26,Papua New Guinea,31,85 to 89,1777.657983233194,88
2726,26,Papua New Guinea,31,85 to 89,1777.657983233194,89
2727,26,Papua New Guinea,32,90 to 94,627.958526136578,90
2727,26,Papua New Guinea,32,90 to 94,627.958526136578,91
2727,26,Papua New Guinea,32,90 to 94,627.958526136578,92
2727,26,Papua New Guinea,32,90 to 94,627.958526136578,93
2727,26,Papua New Guinea,32,90 to 94,627.958526136578,94
2735,26,Papua New Guinea,235,95 plus,122.61401381300861,95
2735,26,Papua New Guinea,235,95 plus,122.61401381300861,96
2735,26,Papua New Guinea,235,95 plus,122.61401381300861,97
2735,26,Papua New Guinea,235,95 plus,122.61401381300861,98
2735,26,Papua New Guinea,235,95 plus,122.61401381300861,99
2735,26,Papua New Guinea,235,95 plus,122.61401381300861,100
2822,27,Samoa,11,30 to 34,2765.0945289218625,30
2822,27,Samoa,11,30 to 34,2765.0945289218625,31
2822,27,Samoa,11,30 to 34,2765.0945289218625,32
2822,27,Samoa,11,30 to 34,2765.0945289218625,33
2822,27,Samoa,11,30 to 34,2765.0945289218625,34
2823,27,Samoa,12,35 to 39,2332.856681287919,35
2823,27,Samoa,12,35 to 39,2332.856681287919,36
2823,27,Samoa,12,35 to 39,2332.856681287919,37
2823,27,Samoa,12,35 to 39,2332.856681287919,38
2823,27,Samoa,12,35 to 39,2332.856681287919,39
2824,27,Samoa,13,40 to 44,2092.659504177595,40
2824,27,Samoa,13,40 to 44,2092.659504177595,41
2824,27,Samoa,13,40 to 44,2092.659504177595,42
2824,27,Samoa,13,40 to 44,2092.659504177595,43
2824,27,Samoa,13,40 to 44,2092.659504177595,44
2825,27,Samoa,14,45 to 49,2060.4988755838253,45
2825,27,Samoa,14,45 to 49,2060.4988755838253,46
2825,27,Samoa,14,45 to 49,2060.4988755838253,47
2825,27,Samoa,14,45 to 49,2060.4988755838253,48
2825,27,Samoa,14,45 to 49,2060.4988755838253,49
2826,27,Samoa,15,50 to 54,1827.5965101293664,50
2826,27,Samoa,15,50 to 54,1827.5965101293664,51
2826,27,Samoa,15,50 to 54,1827.5965101293664,52
2826,27,Samoa,15,50 to 54,1827.5965101293664,53
2826,27,Samoa,15,50 to 54,1827.5965101293664,54
2827,27,Samoa,16,55 to 59,1572.3384645396156,55
2827,27,Samoa,16,55 to 59,1572.3384645396156,56
2827,27,Samoa,16,55 to 59,1572.3384645396156,57
2827,27,Samoa,16,55 to 59,1572.3384645396156,58
2827,27,Samoa,16,55 to 59,1572.3384645396156,59
2828,27,Samoa,17,60 to 64,1196.361723937114,60
2828,27,Samoa,17,60 to 64,1196.361723937114,61
2828,27,Samoa,17,60 to 64,1196.361723937114,62
2828,27,Samoa,17,60 to 64,1196.361723937114,63
2828,27,Samoa,17,60 to 64,1196.361723937114,64
2829,27,Samoa,18,65 to 69,790.049386698876,65
2829,27,Samoa,18,65 to 69,790.049386698876,66
2829,27,Samoa,18,65 to 69,790.049386698876,67
2829,27,Samoa,18,65 to 69,790.049386698876,68
2829,27,Samoa,18,65 to 69,790.049386698876,69
2830,27,Samoa,19,70 to 74,513.195860579452,70
2830,27,Samoa,19,70 to 74,513.195860579452,71
2830,27,Samoa,19,70 to 74,513.195860579452,72
2830,27,Samoa,19,70 to 74,513.195860579452,73
2830,27,Samoa,19,70 to 74,513.195860579452,74
2831,27,Samoa,20,75 to 79,386.4605583065482,75
2831,27,Samoa,20,75 to 79,386.4605583065482,76
2831,27,Samoa,20,75 to 79,386.4605583065482,77
2831,27,Samoa,20,75 to 79,386.4605583065482,78
2831,27,Samoa,20,75 to 79,386.4605583065482,79
2839,27,Samoa,30,80 to 84,266.3511549137112,80
2839,27,Samoa,30,80 to 84,266.3511549137112,81
2839,27,Samoa,30,80 to 84,266.3511549137112,82
2839,27,Samoa,30,80 to 84,266.3511549137112,83
2839,27,Samoa,30,80 to 84,266.3511549137112,84
2840,27,Samoa,31,85 to 89,132.23338505959703,85
2840,27,Samoa,31,85 to 89,132.23338505959703,86
2840,27,Samoa,31,85 to 89,132.23338505959703,87
2840,27,Samoa,31,85 to 89,132.23338505959703,88
2840,27,Samoa,31,85 to 89,132.23338505959703,89
2841,27,Samoa,32,90 to 94,47.0737498874281,90
2841,27,Samoa,32,90 to 94,47.0737498874281,91
2841,27,Samoa,32,90 to 94,47.0737498874281,92
2841,27,Samoa,32,90 to 94,47.0737498874281,93
2841,27,Samoa,32,90 to 94,47.0737498874281,94
2849,27,Samoa,235,95 plus,8.529871674446325,95
2849,27,Samoa,235,95 plus,8.529871674446325,96
2849,27,Samoa,235,95 plus,8.529871674446325,97
2849,27,Samoa,235,95 plus,8.529871674446325,98
2849,27,Samoa,235,95 plus,8.529871674446325,99
2849,27,Samoa,235,95 plus,8.529871674446325,100
2936,28,Solomon Islands,11,30 to 34,9007.551875283702,30
2936,28,Solomon Islands,11,30 to 34,9007.551875283702,31
2936,28,Solomon Islands,11,30 to 34,9007.551875283702,32
2936,28,Solomon Islands,11,30 to 34,9007.551875283702,33
2936,28,Solomon Islands,11,30 to 34,9007.551875283702,34
2937,28,Solomon Islands,12,35 to 39,8147.253264818037,35
2937,28,Solomon Islands,12,35 to 39,8147.253264818037,36
2937,28,Solomon Islands,12,35 to 39,8147.253264818037,37
2937,28,Solomon Islands,12,35 to 39,8147.253264818037,38
2937,28,Solomon Islands,12,35 to 39,8147.253264818037,39
2938,28,Solomon Islands,13,40 to 44,7343.107710564594,40
2938,28,Solomon Islands,13,40 to 44,7343.107710564594,41
2938,28,Solomon Islands,13,40 to 44,7343.107710564594,42
2938,28,Solomon Islands,13,40 to 44,7343.107710564594,43
2938,28,Solomon Islands,13,40 to 44,7343.107710564594,44
2939,28,Solomon Islands,14,45 to 49,5995.117173538557,45
2939,28,Solomon Islands,14,45 to 49,5995.117173538557,46
2939,28,Solomon Islands,14,45 to 49,5995.117173538557,47
2939,28,Solomon Islands,14,45 to 49,5995.117173538557,48
2939,28,Solomon Islands,14,45 to 49,5995.117173538557,49
2940,28,Solomon Islands,15,50 to 54,4393.897199638785,50
2940,28,Solomon Islands,15,50 to 54,4393.897199638785,51
2940,28,Solomon Islands,15,50 to 54,4393.897199638785,52
2940,28,Solomon Islands,15,50 to 54,4393.897199638785,53
2940,28,Solomon Islands,15,50 to 54,4393.897199638785,54
2941,28,Solomon Islands,16,55 to 59,3301.669028189175,55
2941,28,Solomon Islands,16,55 to 59,3301.669028189175,56
2941,28,Solomon Islands,16,55 to 59,3301.669028189175,57
2941,28,Solomon Islands,16,55 to 59,3301.669028189175,58
2941,28,Solomon Islands,16,55 to 59,3301.669028189175,59
2942,28,Solomon Islands,17,60 to 64,2379.9773666423453,60
2942,28,Solomon Islands,17,60 to 64,2379.9773666423453,61
2942,28,Solomon Islands,17,60 to 64,2379.9773666423453,62
2942,28,Solomon Islands,17,60 to 64,2379.9773666423453,63
2942,28,Solomon Islands,17,60 to 64,2379.9773666423453,64
2943,28,Solomon Islands,18,65 to 69,1670.9113447050847,65
2943,28,Solomon Islands,18,65 to 69,1670.9113447050847,66
2943,28,Solomon Islands,18,65 to 69,1670.9113447050847,67
2943,28,Solomon Islands,18,65 to 69,1670.9113447050847,68
2943,28,Solomon Islands,18,65 to 69,1670.9113447050847,69
2944,28,Solomon Islands,19,70 to 74,1066.984069990163,70
2944,28,Solomon Islands,19,70 to 74,1066.984069990163,71
2944,28,Solomon Islands,19,70 to 74,1066.984069990163,72
2944,28,Solomon Islands,19,70 to 74,1066.984069990163,73
2944,28,Solomon Islands,19,70 to 74,1066.984069990163,74
2945,28,Solomon Islands,20,75 to 79,599.2924371526042,75
2945,28,Solomon Islands,20,75 to 79,599.2924371526042,76
2945,28,Solomon Islands,20,75 to 79,599.2924371526042,77
2945,28,Solomon Islands,20,75 to 79,599.2924371526042,78
2945,28,Solomon Islands,20,75 to 79,599.2924371526042,79
2953,28,Solomon Islands,30,80 to 84,285.49498132112313,80
2953,28,Solomon Islands,30,80 to 84,285.49498132112313,81
2953,28,Solomon Islands,30,80 to 84,285.49498132112313,82
2953,28,Solomon Islands,30,80 to 84,285.49498132112313,83
2953,28,Solomon Islands,30,80 to 84,285.49498132112313,84
2954,28,Solomon Islands,31,85 to 89,86.94350785599481,85
2954,28,Solomon Islands,31,85 to 89,86.94350785599481,86
2954,28,Solomon Islands,31,85 to 89,86.94350785599481,87
2954,28,Solomon Islands,31,85 to 89,86.94350785599481,88
2954,28,Solomon Islands,31,85 to 89,86.94350785599481,89
2955,28,Solomon Islands,32,90 to 94,16.393848737731147,90
2955,28,Solomon Islands,32,90 to 94,16.393848737731147,91
2955,28,Solomon Islands,32,90 to 94,16.393848737731147,92
2955,28,Solomon Islands,32,90 to 94,16.393848737731147,93
2955,28,Solomon Islands,32,90 to 94,16.393848737731147,94
2963,28,Solomon Islands,235,95 plus,1.837162582081808,95
2963,28,Solomon Islands,235,95 plus,1.837162582081808,96
2963,28,Solomon Islands,235,95 plus,1.837162582081808,97
2963,28,Solomon Islands,235,95 plus,1.837162582081808,98
2963,28,Solomon Islands,235,95 plus,1.837162582081808,99
2963,28,Solomon Islands,235,95 plus,1.837162582081808,100
3050,29,Tonga,11,30 to 34,1255.1056077486535,30
3050,29,Tonga,11,30 to 34,1255.1056077486535,31
3050,29,Tonga,11,30 to 34,1255.1056077486535,32
3050,29,Tonga,11,30 to 34,1255.1056077486535,33
3050,29,Tonga,11,30 to 34,1255.1056077486535,34
3051,29,Tonga,12,35 to 39,1177.2078152745376,35
3051,29,Tonga,12,35 to 39,1177.2078152745376,36
3051,29,Tonga,12,35 to 39,1177.2078152745376,37
3051,29,Tonga,12,35 to 39,1177.2078152745376,38
3051,29,Tonga,12,35 to 39,1177.2078152745376,39
3052,29,Tonga,13,40 to 44,1067.723866021581,40
3052,29,Tonga,13,40 to 44,1067.723866021581,41
3052,29,Tonga,13,40 to 44,1067.723866021581,42
3052,29,Tonga,13,40 to 44,1067.723866021581,43
3052,29,Tonga,13,40 to 44,1067.723866021581,44
3053,29,Tonga,14,45 to 49,998.2438853938678,45
3053,29,Tonga,14,45 to 49,998.2438853938678,46
3053,29,Tonga,14,45 to 49,998.2438853938678,47
3053,29,Tonga,14,45 to 49,998.2438853938678,48
3053,29,Tonga,14,45 to 49,998.2438853938678,49
3054,29,Tonga,15,50 to 54,905.058197690399,50
3054,29,Tonga,15,50 to 54,905.058197690399,51
3054,29,Tonga,15,50 to 54,905.058197690399,52
3054,29,Tonga,15,50 to 54,905.058197690399,53
3054,29,Tonga,15,50 to 54,905.058197690399,54
3055,29,Tonga,16,55 to 59,717.9291641294773,55
3055,29,Tonga,16,55 to 59,717.9291641294773,56
3055,29,Tonga,16,55 to 59,717.9291641294773,57
3055,29,Tonga,16,55 to 59,717.9291641294773,58
3055,29,Tonga,16,55 to 59,717.9291641294773,59
3056,29,Tonga,17,60 to 64,567.5311809907804,60
3056,29,Tonga,17,60 to 64,567.5311809907804,61
3056,29,Tonga,17,60 to 64,567.5311809907804,62
3056,29,Tonga,17,60 to 64,567.5311809907804,63
3056,29,Tonga,17,60 to 64,567.5311809907804,64
3057,29,Tonga,18,65 to 69,442.2781850655953,65
3057,29,Tonga,18,65 to 69,442.2781850655953,66
3057,29,Tonga,18,65 to 69,442.2781850655953,67
3057,29,Tonga,18,65 to 69,442.2781850655953,68
3057,29,Tonga,18,65 to 69,442.2781850655953,69
3058,29,Tonga,19,70 to 74,329.9988386907333,70
3058,29,Tonga,19,70 to 74,329.9988386907333,71
3058,29,Tonga,19,70 to 74,329.9988386907333,72
3058,29,Tonga,19,70 to 74,329.9988386907333,73
3058,29,Tonga,19,70 to 74,329.9988386907333,74
3059,29,Tonga,20,75 to 79,243.45438040540677,75
3059,29,Tonga,20,75 to 79,243.45438040540677,76
3059,29,Tonga,20,75 to 79,243.45438040540677,77
3059,29,Tonga,20,75 to 79,243.45438040540677,78
3059,29,Tonga,20,75 to 79,243.45438040540677,79
3067,29,Tonga,30,80 to 84,169.52111119645883,80
3067,29,Tonga,30,80 to 84,169.52111119645883,81
3067,29,Tonga,30,80 to 84,169.52111119645883,82
3067,29,Tonga,30,80 to 84,169.52111119645883,83
3067,29,Tonga,30,80 to 84,169.52111119645883,84
3068,29,Tonga,31,85 to 89,93.60035687988793,85
3068,29,Tonga,31,85 to 89,93.60035687988793,86
3068,29,Tonga,31,85 to 89,93.60035687988793,87
3068,29,Tonga,31,85 to 89,93.60035687988793,88
3068,29,Tonga,31,85 to 89,93.60035687988793,89
3069,29,Tonga,32,90 to 94,36.150170040342346,90
3069,29,Tonga,32,90 to 94,36.150170040342346,91
3069,29,Tonga,32,90 to 94,36.150170040342346,92
3069,29,Tonga,32,90 to 94,36.150170040342346,93
3069,29,Tonga,32,90 to 94,36.150170040342346,94
3077,29,Tonga,235,95 plus,9.263336573335556,95
3077,29,Tonga,235,95 plus,9.263336573335556,96
3077,29,Tonga,235,95 plus,9.263336573335556,97
3077,29,Tonga,235,95 plus,9.263336573335556,98
3077,29,Tonga,235,95 plus,9.263336573335556,99
3077,29,Tonga,235,95 plus,9.263336573335556,100
3164,30,Vanuatu,11,30 to 34,4187.904890311176,30
3164,30,Vanuatu,11,30 to 34,4187.904890311176,31
3164,30,Vanuatu,11,30 to 34,4187.904890311176,32
3164,30,Vanuatu,11,30 to 34,4187.904890311176,33
3164,30,Vanuatu,11,30 to 34,4187.904890311176,34
3165,30,Vanuatu,12,35 to 39,3514.2724215583066,35
3165,30,Vanuatu,12,35 to 39,3514.2724215583066,36
3165,30,Vanuatu,12,35 to 39,3514.2724215583066,37
3165,30,Vanuatu,12,35 to 39,3514.2724215583066,38
3165,30,Vanuatu,12,35 to 39,3514.2724215583066,39
3166,30,Vanuatu,13,40 to 44,2964.7772826107976,40
3166,30,Vanuatu,13,40 to 44,2964.7772826107976,41
3166,30,Vanuatu,13,40 to 44,2964.7772826107976,42
3166,30,Vanuatu,13,40 to 44,2964.7772826107976,43
3166,30,Vanuatu,13,40 to 44,2964.7772826107976,44
3167,30,Vanuatu,14,45 to 49,2490.325528326231,45
3167,30,Vanuatu,14,45 to 49,2490.325528326231,46
3167,30,Vanuatu,14,45 to 49,2490.325528326231,47
3167,30,Vanuatu,14,45 to 49,2490.325528326231,48
3167,30,Vanuatu,14,45 to 49,2490.325528326231,49
3168,30,Vanuatu,15,50 to 54,2020.927375653861,50
3168,30,Vanuatu,15,50 to 54,2020.927375653861,51
3168,30,Vanuatu,15,50 to 54,2020.927375653861,52
3168,30,Vanuatu,15,50 to 54,2020.927375653861,53
3168,30,Vanuatu,15,50 to 54,2020.927375653861,54
3169,30,Vanuatu,16,55 to 59,1631.9196871805718,55
3169,30,Vanuatu,16,55 to 59,1631.9196871805718,56
3169,30,Vanuatu,16,55 to 59,1631.9196871805718,57
3169,30,Vanuatu,16,55 to 59,1631.9196871805718,58
3169,30,Vanuatu,16,55 to 59,1631.9196871805718,59
3170,30,Vanuatu,17,60 to 64,1406.5745314203714,60
3170,30,Vanuatu,17,60 to 64,1406.5745314203714,61
3170,30,Vanuatu,17,60 to 64,1406.5745314203714,62
3170,30,Vanuatu,17,60 to 64,1406.5745314203714,63
3170,30,Vanuatu,17,60 to 64,1406.5745314203714,64
3171,30,Vanuatu,18,65 to 69,1029.1712626577169,65
3171,30,Vanuatu,18,65 to 69,1029.1712626577169,66
3171,30,Vanuatu,18,65 to 69,1029.1712626577169,67
3171,30,Vanuatu,18,65 to 69,1029.1712626577169,68
3171,30,Vanuatu,18,65 to 69,1029.1712626577169,69
3172,30,Vanuatu,19,70 to 74,736.9163998145691,70
3172,30,Vanuatu,19,70 to 74,736.9163998145691,71
3172,30,Vanuatu,19,70 to 74,736.9163998145691,72
3172,30,Vanuatu,19,70 to 74,736.9163998145691,73
3172,30,Vanuatu,19,70 to 74,736.9163998145691,74
3173,30,Vanuatu,20,75 to 79,513.1804934726184,75
3173,30,Vanuatu,20,75 to 79,513.1804934726184,76
3173,30,Vanuatu,20,75 to 79,513.1804934726184,77
3173,30,Vanuatu,20,75 to 79,513.1804934726184,78
3173,30,Vanuatu,20,75 to 79,513.1804934726184,79
3181,30,Vanuatu,30,80 to 84,240.06964195398191,80
3181,30,Vanuatu,30,80 to 84,240.06964195398191,81
3181,30,Vanuatu,30,80 to 84,240.06964195398191,82
3181,30,Vanuatu,30,80 to 84,240.06964195398191,83
3181,30,Vanuatu,30,80 to 84,240.06964195398191,84
3182,30,Vanuatu,31,85 to 89,81.3989251552466,85
3182,30,Vanuatu,31,85 to 89,81.3989251552466,86
3182,30,Vanuatu,31,85 to 89,81.3989251552466,87
3182,30,Vanuatu,31,85 to 89,81.3989251552466,88
3182,30,Vanuatu,31,85 to 89,81.3989251552466,89
3183,30,Vanuatu,32,90 to 94,16.168922952313643,90
3183,30,Vanuatu,32,90 to 94,16.168922952313643,91
3183,30,Vanuatu,32,90 to 94,16.168922952313643,92
3183,30,Vanuatu,32,90 to 94,16.168922952313643,93
3183,30,Vanuatu,32,90 to 94,16.168922952313643,94
3191,30,Vanuatu,235,95 plus,1.868648277905068,95
3191,30,Vanuatu,235,95 plus,1.868648277905068,96
3191,30,Vanuatu,235,95 plus,1.868648277905068,97
3191,30,Vanuatu,235,95 plus,1.868648277905068,98
3191,30,Vanuatu,235,95 plus,1.868648277905068,99
3191,30,Vanuatu,235,95 plus,1.868648277905068,100
3506,33,Armenia,11,30 to 34,53328.53577595352,30
3506,33,Armenia,11,30 to 34,53328.53577595352,31
3506,33,Armenia,11,30 to 34,53328.53577595352,32
3506,33,Armenia,11,30 to 34,53328.53577595352,33
3506,33,Armenia,11,30 to 34,53328.53577595352,34
3507,33,Armenia,12,35 to 39,47874.44288234032,35
3507,33,Armenia,12,35 to 39,47874.44288234032,36
3507,33,Armenia,12,35 to 39,47874.44288234032,37
3507,33,Armenia,12,35 to 39,47874.44288234032,38
3507,33,Armenia,12,35 to 39,47874.44288234032,39
3508,33,Armenia,13,40 to 44,38933.74251067532,40
3508,33,Armenia,13,40 to 44,38933.74251067532,41
3508,33,Armenia,13,40 to 44,38933.74251067532,42
3508,33,Armenia,13,40 to 44,38933.74251067532,43
3508,33,Armenia,13,40 to 44,38933.74251067532,44
3509,33,Armenia,14,45 to 49,33624.55329136546,45
3509,33,Armenia,14,45 to 49,33624.55329136546,46
3509,33,Armenia,14,45 to 49,33624.55329136546,47
3509,33,Armenia,14,45 to 49,33624.55329136546,48
3509,33,Armenia,14,45 to 49,33624.55329136546,49
3510,33,Armenia,15,50 to 54,33906.579807807924,50
3510,33,Armenia,15,50 to 54,33906.579807807924,51
3510,33,Armenia,15,50 to 54,33906.579807807924,52
3510,33,Armenia,15,50 to 54,33906.579807807924,53
3510,33,Armenia,15,50 to 54,33906.579807807924,54
3511,33,Armenia,16,55 to 59,41170.43696595434,55
3511,33,Armenia,16,55 to 59,41170.43696595434,56
3511,33,Armenia,16,55 to 59,41170.43696595434,57
3511,33,Armenia,16,55 to 59,41170.43696595434,58
3511,33,Armenia,16,55 to 59,41170.43696595434,59
3512,33,Armenia,17,60 to 64,38525.00903100117,60
3512,33,Armenia,17,60 to 64,38525.00903100117,61
3512,33,Armenia,17,60 to 64,38525.00903100117,62
3512,33,Armenia,17,60 to 64,38525.00903100117,63
3512,33,Armenia,17,60 to 64,38525.00903100117,64
3513,33,Armenia,18,65 to 69,28190.157185492157,65
3513,33,Armenia,18,65 to 69,28190.157185492157,66
3513,33,Armenia,18,65 to 69,28190.157185492157,67
3513,33,Armenia,18,65 to 69,28190.157185492157,68
3513,33,Armenia,18,65 to 69,28190.157185492157,69
3514,33,Armenia,19,70 to 74,16165.661729214922,70
3514,33,Armenia,19,70 to 74,16165.661729214922,71
3514,33,Armenia,19,70 to 74,16165.661729214922,72
3514,33,Armenia,19,70 to 74,16165.661729214922,73
3514,33,Armenia,19,70 to 74,16165.661729214922,74
3515,33,Armenia,20,75 to 79,11017.974487886126,75
3515,33,Armenia,20,75 to 79,11017.974487886126,76
3515,33,Armenia,20,75 to 79,11017.974487886126,77
3515,33,Armenia,20,75 to 79,11017.974487886126,78
3515,33,Armenia,20,75 to 79,11017.974487886126,79
3523,33,Armenia,30,80 to 84,11050.036559633863,80
3523,33,Armenia,30,80 to 84,11050.036559633863,81
3523,33,Armenia,30,80 to 84,11050.036559633863,82
3523,33,Armenia,30,80 to 84,11050.036559633863,83
3523,33,Armenia,30,80 to 84,11050.036559633863,84
3524,33,Armenia,31,85 to 89,4670.734713241957,85
3524,33,Armenia,31,85 to 89,4670.734713241957,86
3524,33,Armenia,31,85 to 89,4670.734713241957,87
3524,33,Armenia,31,85 to 89,4670.734713241957,88
3524,33,Armenia,31,85 to 89,4670.734713241957,89
3525,33,Armenia,32,90 to 94,1773.9002253439808,90
3525,33,Armenia,32,90 to 94,1773.9002253439808,91
3525,33,Armenia,32,90 to 94,1773.9002253439808,92
3525,33,Armenia,32,90 to 94,1773.9002253439808,93
3525,33,Armenia,32,90 to 94,1773.9002253439808,94
3533,33,Armenia,235,95 plus,183.93761586207938,95
3533,33,Armenia,235,95 plus,183.93761586207938,96
3533,33,Armenia,235,95 plus,183.93761586207938,97
3533,33,Armenia,235,95 plus,183.93761586207938,98
3533,33,Armenia,235,95 plus,183.93761586207938,99
3533,33,Armenia,235,95 plus,183.93761586207938,100
3620,34,Azerbaijan,11,30 to 34,198589.81059807847,30
3620,34,Azerbaijan,11,30 to 34,198589.81059807847,31
3620,34,Azerbaijan,11,30 to 34,198589.81059807847,32
3620,34,Azerbaijan,11,30 to 34,198589.81059807847,33
3620,34,Azerbaijan,11,30 to 34,198589.81059807847,34
3621,34,Azerbaijan,12,35 to 39,164392.29626021616,35
3621,34,Azerbaijan,12,35 to 39,164392.29626021616,36
3621,34,Azerbaijan,12,35 to 39,164392.29626021616,37
3621,34,Azerbaijan,12,35 to 39,164392.29626021616,38
3621,34,Azerbaijan,12,35 to 39,164392.29626021616,39
3622,34,Azerbaijan,13,40 to 44,132887.56042923685,40
3622,34,Azerbaijan,13,40 to 44,132887.56042923685,41
3622,34,Azerbaijan,13,40 to 44,132887.56042923685,42
3622,34,Azerbaijan,13,40 to 44,132887.56042923685,43
3622,34,Azerbaijan,13,40 to 44,132887.56042923685,44
3623,34,Azerbaijan,14,45 to 49,126344.1148899789,45
3623,34,Azerbaijan,14,45 to 49,126344.1148899789,46
3623,34,Azerbaijan,14,45 to 49,126344.1148899789,47
3623,34,Azerbaijan,14,45 to 49,126344.1148899789,48
3623,34,Azerbaijan,14,45 to 49,126344.1148899789,49
3624,34,Azerbaijan,15,50 to 54,132648.21199465022,50
3624,34,Azerbaijan,15,50 to 54,132648.21199465022,51
3624,34,Azerbaijan,15,50 to 54,132648.21199465022,52
3624,34,Azerbaijan,15,50 to 54,132648.21199465022,53
3624,34,Azerbaijan,15,50 to 54,132648.21199465022,54
3625,34,Azerbaijan,16,55 to 59,131526.03092023794,55
3625,34,Azerbaijan,16,55 to 59,131526.03092023794,56
3625,34,Azerbaijan,16,55 to 59,131526.03092023794,57
3625,34,Azerbaijan,16,55 to 59,131526.03092023794,58
3625,34,Azerbaijan,16,55 to 59,131526.03092023794,59
3626,34,Azerbaijan,17,60 to 64,95057.12530104147,60
3626,34,Azerbaijan,17,60 to 64,95057.12530104147,61
3626,34,Azerbaijan,17,60 to 64,95057.12530104147,62
3626,34,Azerbaijan,17,60 to 64,95057.12530104147,63
3626,34,Azerbaijan,17,60 to 64,95057.12530104147,64
3627,34,Azerbaijan,18,65 to 69,52911.68391182225,65
3627,34,Azerbaijan,18,65 to 69,52911.68391182225,66
3627,34,Azerbaijan,18,65 to 69,52911.68391182225,67
3627,34,Azerbaijan,18,65 to 69,52911.68391182225,68
3627,34,Azerbaijan,18,65 to 69,52911.68391182225,69
3628,34,Azerbaijan,19,70 to 74,25629.805253895716,70
3628,34,Azerbaijan,19,70 to 74,25629.805253895716,71
3628,34,Azerbaijan,19,70 to 74,25629.805253895716,72
3628,34,Azerbaijan,19,70 to 74,25629.805253895716,73
3628,34,Azerbaijan,19,70 to 74,25629.805253895716,74
3629,34,Azerbaijan,20,75 to 79,19379.818373466904,75
3629,34,Azerbaijan,20,75 to 79,19379.818373466904,76
3629,34,Azerbaijan,20,75 to 79,19379.818373466904,77
3629,34,Azerbaijan,20,75 to 79,19379.818373466904,78
3629,34,Azerbaijan,20,75 to 79,19379.818373466904,79
3637,34,Azerbaijan,30,80 to 84,15587.878685172458,80
3637,34,Azerbaijan,30,80 to 84,15587.878685172458,81
3637,34,Azerbaijan,30,80 to 84,15587.878685172458,82
3637,34,Azerbaijan,30,80 to 84,15587.878685172458,83
3637,34,Azerbaijan,30,80 to 84,15587.878685172458,84
3638,34,Azerbaijan,31,85 to 89,4207.334761640333,85
3638,34,Azerbaijan,31,85 to 89,4207.334761640333,86
3638,34,Azerbaijan,31,85 to 89,4207.334761640333,87
3638,34,Azerbaijan,31,85 to 89,4207.334761640333,88
3638,34,Azerbaijan,31,85 to 89,4207.334761640333,89
3639,34,Azerbaijan,32,90 to 94,593.1663101912462,90
3639,34,Azerbaijan,32,90 to 94,593.1663101912462,91
3639,34,Azerbaijan,32,90 to 94,593.1663101912462,92
3639,34,Azerbaijan,32,90 to 94,593.1663101912462,93
3639,34,Azerbaijan,32,90 to 94,593.1663101912462,94
3647,34,Azerbaijan,235,95 plus,48.77162750233287,95
3647,34,Azerbaijan,235,95 plus,48.77162750233287,96
3647,34,Azerbaijan,235,95 plus,48.77162750233287,97
3647,34,Azerbaijan,235,95 plus,48.77162750233287,98
3647,34,Azerbaijan,235,95 plus,48.77162750233287,99
3647,34,Azerbaijan,235,95 plus,48.77162750233287,100
3734,35,Georgia,11,30 to 34,53374.83466004489,30
3734,35,Georgia,11,30 to 34,53374.83466004489,31
3734,35,Georgia,11,30 to 34,53374.83466004489,32
3734,35,Georgia,11,30 to 34,53374.83466004489,33
3734,35,Georgia,11,30 to 34,53374.83466004489,34
3735,35,Georgia,12,35 to 39,50714.72091654815,35
3735,35,Georgia,12,35 to 39,50714.72091654815,36
3735,35,Georgia,12,35 to 39,50714.72091654815,37
3735,35,Georgia,12,35 to 39,50714.72091654815,38
3735,35,Georgia,12,35 to 39,50714.72091654815,39
3736,35,Georgia,13,40 to 44,47863.88965829686,40
3736,35,Georgia,13,40 to 44,47863.88965829686,41
3736,35,Georgia,13,40 to 44,47863.88965829686,42
3736,35,Georgia,13,40 to 44,47863.88965829686,43
3736,35,Georgia,13,40 to 44,47863.88965829686,44
3737,35,Georgia,14,45 to 49,46294.829574829855,45
3737,35,Georgia,14,45 to 49,46294.829574829855,46
3737,35,Georgia,14,45 to 49,46294.829574829855,47
3737,35,Georgia,14,45 to 49,46294.829574829855,48
3737,35,Georgia,14,45 to 49,46294.829574829855,49
3738,35,Georgia,15,50 to 54,45718.08629833871,50
3738,35,Georgia,15,50 to 54,45718.08629833871,51
3738,35,Georgia,15,50 to 54,45718.08629833871,52
3738,35,Georgia,15,50 to 54,45718.08629833871,53
3738,35,Georgia,15,50 to 54,45718.08629833871,54
3739,35,Georgia,16,55 to 59,50808.25552677112,55
3739,35,Georgia,16,55 to 59,50808.25552677112,56
3739,35,Georgia,16,55 to 59,50808.25552677112,57
3739,35,Georgia,16,55 to 59,50808.25552677112,58
3739,35,Georgia,16,55 to 59,50808.25552677112,59
3740,35,Georgia,17,60 to 64,46868.44217440289,60
3740,35,Georgia,17,60 to 64,46868.44217440289,61
3740,35,Georgia,17,60 to 64,46868.44217440289,62
3740,35,Georgia,17,60 to 64,46868.44217440289,63
3740,35,Georgia,17,60 to 64,46868.44217440289,64
3741,35,Georgia,18,65 to 69,38959.4636279149,65
3741,35,Georgia,18,65 to 69,38959.4636279149,66
3741,35,Georgia,18,65 to 69,38959.4636279149,67
3741,35,Georgia,18,65 to 69,38959.4636279149,68
3741,35,Georgia,18,65 to 69,38959.4636279149,69
3742,35,Georgia,19,70 to 74,24434.505964984746,70
3742,35,Georgia,19,70 to 74,24434.505964984746,71
3742,35,Georgia,19,70 to 74,24434.505964984746,72
3742,35,Georgia,19,70 to 74,24434.505964984746,73
3742,35,Georgia,19,70 to 74,24434.505964984746,74
3743,35,Georgia,20,75 to 79,19206.33555169163,75
3743,35,Georgia,20,75 to 79,19206.33555169163,76
3743,35,Georgia,20,75 to 79,19206.33555169163,77
3743,35,Georgia,20,75 to 79,19206.33555169163,78
3743,35,Georgia,20,75 to 79,19206.33555169163,79
3751,35,Georgia,30,80 to 84,16467.89124646366,80
3751,35,Georgia,30,80 to 84,16467.89124646366,81
3751,35,Georgia,30,80 to 84,16467.89124646366,82
3751,35,Georgia,30,80 to 84,16467.89124646366,83
3751,35,Georgia,30,80 to 84,16467.89124646366,84
3752,35,Georgia,31,85 to 89,8602.847611179135,85
3752,35,Georgia,31,85 to 89,8602.847611179135,86
3752,35,Georgia,31,85 to 89,8602.847611179135,87
3752,35,Georgia,31,85 to 89,8602.847611179135,88
3752,35,Georgia,31,85 to 89,8602.847611179135,89
3753,35,Georgia,32,90 to 94,4659.8708246790775,90
3753,35,Georgia,32,90 to 94,4659.8708246790775,91
3753,35,Georgia,32,90 to 94,4659.8708246790775,92
3753,35,Georgia,32,90 to 94,4659.8708246790775,93
3753,35,Georgia,32,90 to 94,4659.8708246790775,94
3761,35,Georgia,235,95 plus,1161.2125666907627,95
3761,35,Georgia,235,95 plus,1161.2125666907627,96
3761,35,Georgia,235,95 plus,1161.2125666907627,97
3761,35,Georgia,235,95 plus,1161.2125666907627,98
3761,35,Georgia,235,95 plus,1161.2125666907627,99
3761,35,Georgia,235,95 plus,1161.2125666907627,100
3848,36,Kazakhstan,11,30 to 34,321089.07806880993,30
3848,36,Kazakhstan,11,30 to 34,321089.07806880993,31
3848,36,Kazakhstan,11,30 to 34,321089.07806880993,32
3848,36,Kazakhstan,11,30 to 34,321089.07806880993,33
3848,36,Kazakhstan,11,30 to 34,321089.07806880993,34
3849,36,Kazakhstan,12,35 to 39,268661.23745719565,35
3849,36,Kazakhstan,12,35 to 39,268661.23745719565,36
3849,36,Kazakhstan,12,35 to 39,268661.23745719565,37
3849,36,Kazakhstan,12,35 to 39,268661.23745719565,38
3849,36,Kazakhstan,12,35 to 39,268661.23745719565,39
3850,36,Kazakhstan,13,40 to 44,244212.84622394168,40
3850,36,Kazakhstan,13,40 to 44,244212.84622394168,41
3850,36,Kazakhstan,13,40 to 44,244212.84622394168,42
3850,36,Kazakhstan,13,40 to 44,244212.84622394168,43
3850,36,Kazakhstan,13,40 to 44,244212.84622394168,44
3851,36,Kazakhstan,14,45 to 49,222597.48867772584,45
3851,36,Kazakhstan,14,45 to 49,222597.48867772584,46
3851,36,Kazakhstan,14,45 to 49,222597.48867772584,47
3851,36,Kazakhstan,14,45 to 49,222597.48867772584,48
3851,36,Kazakhstan,14,45 to 49,222597.48867772584,49
3852,36,Kazakhstan,15,50 to 54,198695.97858501557,50
3852,36,Kazakhstan,15,50 to 54,198695.97858501557,51
3852,36,Kazakhstan,15,50 to 54,198695.97858501557,52
3852,36,Kazakhstan,15,50 to 54,198695.97858501557,53
3852,36,Kazakhstan,15,50 to 54,198695.97858501557,54
3853,36,Kazakhstan,16,55 to 59,193480.037867192,55
3853,36,Kazakhstan,16,55 to 59,193480.037867192,56
3853,36,Kazakhstan,16,55 to 59,193480.037867192,57
3853,36,Kazakhstan,16,55 to 59,193480.037867192,58
3853,36,Kazakhstan,16,55 to 59,193480.037867192,59
3854,36,Kazakhstan,17,60 to 64,150960.51765214247,60
3854,36,Kazakhstan,17,60 to 64,150960.51765214247,61
3854,36,Kazakhstan,17,60 to 64,150960.51765214247,62
3854,36,Kazakhstan,17,60 to 64,150960.51765214247,63
3854,36,Kazakhstan,17,60 to 64,150960.51765214247,64
3855,36,Kazakhstan,18,65 to 69,110370.76702449056,65
3855,36,Kazakhstan,18,65 to 69,110370.76702449056,66
3855,36,Kazakhstan,18,65 to 69,110370.76702449056,67
3855,36,Kazakhstan,18,65 to 69,110370.76702449056,68
3855,36,Kazakhstan,18,65 to 69,110370.76702449056,69
3856,36,Kazakhstan,19,70 to 74,59477.505611662695,70
3856,36,Kazakhstan,19,70 to 74,59477.505611662695,71
3856,36,Kazakhstan,19,70 to 74,59477.505611662695,72
3856,36,Kazakhstan,19,70 to 74,59477.505611662695,73
3856,36,Kazakhstan,19,70 to 74,59477.505611662695,74
3857,36,Kazakhstan,20,75 to 79,46147.43175373629,75
3857,36,Kazakhstan,20,75 to 79,46147.43175373629,76
3857,36,Kazakhstan,20,75 to 79,46147.43175373629,77
3857,36,Kazakhstan,20,75 to 79,46147.43175373629,78
3857,36,Kazakhstan,20,75 to 79,46147.43175373629,79
3865,36,Kazakhstan,30,80 to 84,32716.231855644066,80
3865,36,Kazakhstan,30,80 to 84,32716.231855644066,81
3865,36,Kazakhstan,30,80 to 84,32716.231855644066,82
3865,36,Kazakhstan,30,80 to 84,32716.231855644066,83
3865,36,Kazakhstan,30,80 to 84,32716.231855644066,84
3866,36,Kazakhstan,31,85 to 89,10484.694812249476,85
3866,36,Kazakhstan,31,85 to 89,10484.694812249476,86
3866,36,Kazakhstan,31,85 to 89,10484.694812249476,87
3866,36,Kazakhstan,31,85 to 89,10484.694812249476,88
3866,36,Kazakhstan,31,85 to 89,10484.694812249476,89
3867,36,Kazakhstan,32,90 to 94,4260.621063401392,90
3867,36,Kazakhstan,32,90 to 94,4260.621063401392,91
3867,36,Kazakhstan,32,90 to 94,4260.621063401392,92
3867,36,Kazakhstan,32,90 to 94,4260.621063401392,93
3867,36,Kazakhstan,32,90 to 94,4260.621063401392,94
3875,36,Kazakhstan,235,95 plus,453.199641066169,95
3875,36,Kazakhstan,235,95 plus,453.199641066169,96
3875,36,Kazakhstan,235,95 plus,453.199641066169,97
3875,36,Kazakhstan,235,95 plus,453.199641066169,98
3875,36,Kazakhstan,235,95 plus,453.199641066169,99
3875,36,Kazakhstan,235,95 plus,453.199641066169,100
3962,37,Kyrgyzstan,11,30 to 34,108996.37575539373,30
3962,37,Kyrgyzstan,11,30 to 34,108996.37575539373,31
3962,37,Kyrgyzstan,11,30 to 34,108996.37575539373,32
3962,37,Kyrgyzstan,11,30 to 34,108996.37575539373,33
3962,37,Kyrgyzstan,11,30 to 34,108996.37575539373,34
3963,37,Kyrgyzstan,12,35 to 39,84043.3221065283,35
3963,37,Kyrgyzstan,12,35 to 39,84043.3221065283,36
3963,37,Kyrgyzstan,12,35 to 39,84043.3221065283,37
3963,37,Kyrgyzstan,12,35 to 39,84043.3221065283,38
3963,37,Kyrgyzstan,12,35 to 39,84043.3221065283,39
3964,37,Kyrgyzstan,13,40 to 44,72494.49591115706,40
3964,37,Kyrgyzstan,13,40 to 44,72494.49591115706,41
3964,37,Kyrgyzstan,13,40 to 44,72494.49591115706,42
3964,37,Kyrgyzstan,13,40 to 44,72494.49591115706,43
3964,37,Kyrgyzstan,13,40 to 44,72494.49591115706,44
3965,37,Kyrgyzstan,14,45 to 49,66677.45290709528,45
3965,37,Kyrgyzstan,14,45 to 49,66677.45290709528,46
3965,37,Kyrgyzstan,14,45 to 49,66677.45290709528,47
3965,37,Kyrgyzstan,14,45 to 49,66677.45290709528,48
3965,37,Kyrgyzstan,14,45 to 49,66677.45290709528,49
3966,37,Kyrgyzstan,15,50 to 54,59872.71578942878,50
3966,37,Kyrgyzstan,15,50 to 54,59872.71578942878,51
3966,37,Kyrgyzstan,15,50 to 54,59872.71578942878,52
3966,37,Kyrgyzstan,15,50 to 54,59872.71578942878,53
3966,37,Kyrgyzstan,15,50 to 54,59872.71578942878,54
3967,37,Kyrgyzstan,16,55 to 59,54867.43829836397,55
3967,37,Kyrgyzstan,16,55 to 59,54867.43829836397,56
3967,37,Kyrgyzstan,16,55 to 59,54867.43829836397,57
3967,37,Kyrgyzstan,16,55 to 59,54867.43829836397,58
3967,37,Kyrgyzstan,16,55 to 59,54867.43829836397,59
3968,37,Kyrgyzstan,17,60 to 64,40239.8862670452,60
3968,37,Kyrgyzstan,17,60 to 64,40239.8862670452,61
3968,37,Kyrgyzstan,17,60 to 64,40239.8862670452,62
3968,37,Kyrgyzstan,17,60 to 64,40239.8862670452,63
3968,37,Kyrgyzstan,17,60 to 64,40239.8862670452,64
3969,37,Kyrgyzstan,18,65 to 69,26449.355238667456,65
3969,37,Kyrgyzstan,18,65 to 69,26449.355238667456,66
3969,37,Kyrgyzstan,18,65 to 69,26449.355238667456,67
3969,37,Kyrgyzstan,18,65 to 69,26449.355238667456,68
3969,37,Kyrgyzstan,18,65 to 69,26449.355238667456,69
3970,37,Kyrgyzstan,19,70 to 74,12604.533478346955,70
3970,37,Kyrgyzstan,19,70 to 74,12604.533478346955,71
3970,37,Kyrgyzstan,19,70 to 74,12604.533478346955,72
3970,37,Kyrgyzstan,19,70 to 74,12604.533478346955,73
3970,37,Kyrgyzstan,19,70 to 74,12604.533478346955,74
3971,37,Kyrgyzstan,20,75 to 79,9934.644551941226,75
3971,37,Kyrgyzstan,20,75 to 79,9934.644551941226,76
3971,37,Kyrgyzstan,20,75 to 79,9934.644551941226,77
3971,37,Kyrgyzstan,20,75 to 79,9934.644551941226,78
3971,37,Kyrgyzstan,20,75 to 79,9934.644551941226,79
3979,37,Kyrgyzstan,30,80 to 84,8020.610613850045,80
3979,37,Kyrgyzstan,30,80 to 84,8020.610613850045,81
3979,37,Kyrgyzstan,30,80 to 84,8020.610613850045,82
3979,37,Kyrgyzstan,30,80 to 84,8020.610613850045,83
3979,37,Kyrgyzstan,30,80 to 84,8020.610613850045,84
3980,37,Kyrgyzstan,31,85 to 89,3913.8499932888817,85
3980,37,Kyrgyzstan,31,85 to 89,3913.8499932888817,86
3980,37,Kyrgyzstan,31,85 to 89,3913.8499932888817,87
3980,37,Kyrgyzstan,31,85 to 89,3913.8499932888817,88
3980,37,Kyrgyzstan,31,85 to 89,3913.8499932888817,89
3981,37,Kyrgyzstan,32,90 to 94,1600.34588193245,90
3981,37,Kyrgyzstan,32,90 to 94,1600.34588193245,91
3981,37,Kyrgyzstan,32,90 to 94,1600.34588193245,92
3981,37,Kyrgyzstan,32,90 to 94,1600.34588193245,93
3981,37,Kyrgyzstan,32,90 to 94,1600.34588193245,94
3989,37,Kyrgyzstan,235,95 plus,213.0676276727605,95
3989,37,Kyrgyzstan,235,95 plus,213.0676276727605,96
3989,37,Kyrgyzstan,235,95 plus,213.0676276727605,97
3989,37,Kyrgyzstan,235,95 plus,213.0676276727605,98
3989,37,Kyrgyzstan,235,95 plus,213.0676276727605,99
3989,37,Kyrgyzstan,235,95 plus,213.0676276727605,100
4076,38,Mongolia,11,30 to 34,64706.22279936769,30
4076,38,Mongolia,11,30 to 34,64706.22279936769,31
4076,38,Mongolia,11,30 to 34,64706.22279936769,32
4076,38,Mongolia,11,30 to 34,64706.22279936769,33
4076,38,Mongolia,11,30 to 34,64706.22279936769,34
4077,38,Mongolia,12,35 to 39,53693.847870718375,35
4077,38,Mongolia,12,35 to 39,53693.847870718375,36
4077,38,Mongolia,12,35 to 39,53693.847870718375,37
4077,38,Mongolia,12,35 to 39,53693.847870718375,38
4077,38,Mongolia,12,35 to 39,53693.847870718375,39
4078,38,Mongolia,13,40 to 44,48483.83899074392,40
4078,38,Mongolia,13,40 to 44,48483.83899074392,41
4078,38,Mongolia,13,40 to 44,48483.83899074392,42
4078,38,Mongolia,13,40 to 44,48483.83899074392,43
4078,38,Mongolia,13,40 to 44,48483.83899074392,44
4079,38,Mongolia,14,45 to 49,42075.49653844781,45
4079,38,Mongolia,14,45 to 49,42075.49653844781,46
4079,38,Mongolia,14,45 to 49,42075.49653844781,47
4079,38,Mongolia,14,45 to 49,42075.49653844781,48
4079,38,Mongolia,14,45 to 49,42075.49653844781,49
4080,38,Mongolia,15,50 to 54,36432.31374310552,50
4080,38,Mongolia,15,50 to 54,36432.31374310552,51
4080,38,Mongolia,15,50 to 54,36432.31374310552,52
4080,38,Mongolia,15,50 to 54,36432.31374310552,53
4080,38,Mongolia,15,50 to 54,36432.31374310552,54
4081,38,Mongolia,16,55 to 59,30067.098990850278,55
4081,38,Mongolia,16,55 to 59,30067.098990850278,56
4081,38,Mongolia,16,55 to 59,30067.098990850278,57
4081,38,Mongolia,16,55 to 59,30067.098990850278,58
4081,38,Mongolia,16,55 to 59,30067.098990850278,59
4082,38,Mongolia,17,60 to 64,19820.994456691165,60
4082,38,Mongolia,17,60 to 64,19820.994456691165,61
4082,38,Mongolia,17,60 to 64,19820.994456691165,62
4082,38,Mongolia,17,60 to 64,19820.994456691165,63
4082,38,Mongolia,17,60 to 64,19820.994456691165,64
4083,38,Mongolia,18,65 to 69,10466.115788795967,65
4083,38,Mongolia,18,65 to 69,10466.115788795967,66
4083,38,Mongolia,18,65 to 69,10466.115788795967,67
4083,38,Mongolia,18,65 to 69,10466.115788795967,68
4083,38,Mongolia,18,65 to 69,10466.115788795967,69
4084,38,Mongolia,19,70 to 74,7030.8430605474305,70
4084,38,Mongolia,19,70 to 74,7030.8430605474305,71
4084,38,Mongolia,19,70 to 74,7030.8430605474305,72
4084,38,Mongolia,19,70 to 74,7030.8430605474305,73
4084,38,Mongolia,19,70 to 74,7030.8430605474305,74
4085,38,Mongolia,20,75 to 79,5012.465381148492,75
4085,38,Mongolia,20,75 to 79,5012.465381148492,76
4085,38,Mongolia,20,75 to 79,5012.465381148492,77
4085,38,Mongolia,20,75 to 79,5012.465381148492,78
4085,38,Mongolia,20,75 to 79,5012.465381148492,79
4093,38,Mongolia,30,80 to 84,3197.7616721534964,80
4093,38,Mongolia,30,80 to 84,3197.7616721534964,81
4093,38,Mongolia,30,80 to 84,3197.7616721534964,82
4093,38,Mongolia,30,80 to 84,3197.7616721534964,83
4093,38,Mongolia,30,80 to 84,3197.7616721534964,84
4094,38,Mongolia,31,85 to 89,1309.8906967669204,85
4094,38,Mongolia,31,85 to 89,1309.8906967669204,86
4094,38,Mongolia,31,85 to 89,1309.8906967669204,87
4094,38,Mongolia,31,85 to 89,1309.8906967669204,88
4094,38,Mongolia,31,85 to 89,1309.8906967669204,89
4095,38,Mongolia,32,90 to 94,165.50468804425907,90
4095,38,Mongolia,32,90 to 94,165.50468804425907,91
4095,38,Mongolia,32,90 to 94,165.50468804425907,92
4095,38,Mongolia,32,90 to 94,165.50468804425907,93
4095,38,Mongolia,32,90 to 94,165.50468804425907,94
4103,38,Mongolia,235,95 plus,7.492102684453773,95
4103,38,Mongolia,235,95 plus,7.492102684453773,96
4103,38,Mongolia,235,95 plus,7.492102684453773,97
4103,38,Mongolia,235,95 plus,7.492102684453773,98
4103,38,Mongolia,235,95 plus,7.492102684453773,99
4103,38,Mongolia,235,95 plus,7.492102684453773,100
4190,39,Tajikistan,11,30 to 34,162433.139334205,30
4190,39,Tajikistan,11,30 to 34,162433.139334205,31
4190,39,Tajikistan,11,30 to 34,162433.139334205,32
4190,39,Tajikistan,11,30 to 34,162433.139334205,33
4190,39,Tajikistan,11,30 to 34,162433.139334205,34
4191,39,Tajikistan,12,35 to 39,121904.11997851443,35
4191,39,Tajikistan,12,35 to 39,121904.11997851443,36
4191,39,Tajikistan,12,35 to 39,121904.11997851443,37
4191,39,Tajikistan,12,35 to 39,121904.11997851443,38
4191,39,Tajikistan,12,35 to 39,121904.11997851443,39
4192,39,Tajikistan,13,40 to 44,96847.3140361312,40
4192,39,Tajikistan,13,40 to 44,96847.3140361312,41
4192,39,Tajikistan,13,40 to 44,96847.3140361312,42
4192,39,Tajikistan,13,40 to 44,96847.3140361312,43
4192,39,Tajikistan,13,40 to 44,96847.3140361312,44
4193,39,Tajikistan,14,45 to 49,86157.97182508951,45
4193,39,Tajikistan,14,45 to 49,86157.97182508951,46
4193,39,Tajikistan,14,45 to 49,86157.97182508951,47
4193,39,Tajikistan,14,45 to 49,86157.97182508951,48
4193,39,Tajikistan,14,45 to 49,86157.97182508951,49
4194,39,Tajikistan,15,50 to 54,78929.73368433474,50
4194,39,Tajikistan,15,50 to 54,78929.73368433474,51
4194,39,Tajikistan,15,50 to 54,78929.73368433474,52
4194,39,Tajikistan,15,50 to 54,78929.73368433474,53
4194,39,Tajikistan,15,50 to 54,78929.73368433474,54
4195,39,Tajikistan,16,55 to 59,70313.60962690132,55
4195,39,Tajikistan,16,55 to 59,70313.60962690132,56
4195,39,Tajikistan,16,55 to 59,70313.60962690132,57
4195,39,Tajikistan,16,55 to 59,70313.60962690132,58
4195,39,Tajikistan,16,55 to 59,70313.60962690132,59
4196,39,Tajikistan,17,60 to 64,48401.33322626288,60
4196,39,Tajikistan,17,60 to 64,48401.33322626288,61
4196,39,Tajikistan,17,60 to 64,48401.33322626288,62
4196,39,Tajikistan,17,60 to 64,48401.33322626288,63
4196,39,Tajikistan,17,60 to 64,48401.33322626288,64
4197,39,Tajikistan,18,65 to 69,27747.575246422446,65
4197,39,Tajikistan,18,65 to 69,27747.575246422446,66
4197,39,Tajikistan,18,65 to 69,27747.575246422446,67
4197,39,Tajikistan,18,65 to 69,27747.575246422446,68
4197,39,Tajikistan,18,65 to 69,27747.575246422446,69
4198,39,Tajikistan,19,70 to 74,12896.01651191776,70
4198,39,Tajikistan,19,70 to 74,12896.01651191776,71
4198,39,Tajikistan,19,70 to 74,12896.01651191776,72
4198,39,Tajikistan,19,70 to 74,12896.01651191776,73
4198,39,Tajikistan,19,70 to 74,12896.01651191776,74
4199,39,Tajikistan,20,75 to 79,8227.920799495518,75
4199,39,Tajikistan,20,75 to 79,8227.920799495518,76
4199,39,Tajikistan,20,75 to 79,8227.920799495518,77
4199,39,Tajikistan,20,75 to 79,8227.920799495518,78
4199,39,Tajikistan,20,75 to 79,8227.920799495518,79
4207,39,Tajikistan,30,80 to 84,5045.113021541729,80
4207,39,Tajikistan,30,80 to 84,5045.113021541729,81
4207,39,Tajikistan,30,80 to 84,5045.113021541729,82
4207,39,Tajikistan,30,80 to 84,5045.113021541729,83
4207,39,Tajikistan,30,80 to 84,5045.113021541729,84
4208,39,Tajikistan,31,85 to 89,1785.8402998365902,85
4208,39,Tajikistan,31,85 to 89,1785.8402998365902,86
4208,39,Tajikistan,31,85 to 89,1785.8402998365902,87
4208,39,Tajikistan,31,85 to 89,1785.8402998365902,88
4208,39,Tajikistan,31,85 to 89,1785.8402998365902,89
4209,39,Tajikistan,32,90 to 94,607.553240791175,90
4209,39,Tajikistan,32,90 to 94,607.553240791175,91
4209,39,Tajikistan,32,90 to 94,607.553240791175,92
4209,39,Tajikistan,32,90 to 94,607.553240791175,93
4209,39,Tajikistan,32,90 to 94,607.553240791175,94
4217,39,Tajikistan,235,95 plus,126.59152826650399,95
4217,39,Tajikistan,235,95 plus,126.59152826650399,96
4217,39,Tajikistan,235,95 plus,126.59152826650399,97
4217,39,Tajikistan,235,95 plus,126.59152826650399,98
4217,39,Tajikistan,235,95 plus,126.59152826650399,99
4217,39,Tajikistan,235,95 plus,126.59152826650399,100
4304,40,Turkmenistan,11,30 to 34,84047.98878237061,30
4304,40,Turkmenistan,11,30 to 34,84047.98878237061,31
4304,40,Turkmenistan,11,30 to 34,84047.98878237061,32
4304,40,Turkmenistan,11,30 to 34,84047.98878237061,33
4304,40,Turkmenistan,11,30 to 34,84047.98878237061,34
4305,40,Turkmenistan,12,35 to 39,71766.00999944555,35
4305,40,Turkmenistan,12,35 to 39,71766.00999944555,36
4305,40,Turkmenistan,12,35 to 39,71766.00999944555,37
4305,40,Turkmenistan,12,35 to 39,71766.00999944555,38
4305,40,Turkmenistan,12,35 to 39,71766.00999944555,39
4306,40,Turkmenistan,13,40 to 44,63381.68718015314,40
4306,40,Turkmenistan,13,40 to 44,63381.68718015314,41
4306,40,Turkmenistan,13,40 to 44,63381.68718015314,42
4306,40,Turkmenistan,13,40 to 44,63381.68718015314,43
4306,40,Turkmenistan,13,40 to 44,63381.68718015314,44
4307,40,Turkmenistan,14,45 to 49,56949.452703315255,45
4307,40,Turkmenistan,14,45 to 49,56949.452703315255,46
4307,40,Turkmenistan,14,45 to 49,56949.452703315255,47
4307,40,Turkmenistan,14,45 to 49,56949.452703315255,48
4307,40,Turkmenistan,14,45 to 49,56949.452703315255,49
4308,40,Turkmenistan,15,50 to 54,51168.583321179176,50
4308,40,Turkmenistan,15,50 to 54,51168.583321179176,51
4308,40,Turkmenistan,15,50 to 54,51168.583321179176,52
4308,40,Turkmenistan,15,50 to 54,51168.583321179176,53
4308,40,Turkmenistan,15,50 to 54,51168.583321179176,54
4309,40,Turkmenistan,16,55 to 59,47461.79955514068,55
4309,40,Turkmenistan,16,55 to 59,47461.79955514068,56
4309,40,Turkmenistan,16,55 to 59,47461.79955514068,57
4309,40,Turkmenistan,16,55 to 59,47461.79955514068,58
4309,40,Turkmenistan,16,55 to 59,47461.79955514068,59
4310,40,Turkmenistan,17,60 to 64,34786.916422672686,60
4310,40,Turkmenistan,17,60 to 64,34786.916422672686,61
4310,40,Turkmenistan,17,60 to 64,34786.916422672686,62
4310,40,Turkmenistan,17,60 to 64,34786.916422672686,63
4310,40,Turkmenistan,17,60 to 64,34786.916422672686,64
4311,40,Turkmenistan,18,65 to 69,22647.07727229,65
4311,40,Turkmenistan,18,65 to 69,22647.07727229,66
4311,40,Turkmenistan,18,65 to 69,22647.07727229,67
4311,40,Turkmenistan,18,65 to 69,22647.07727229,68
4311,40,Turkmenistan,18,65 to 69,22647.07727229,69
4312,40,Turkmenistan,19,70 to 74,11023.738436080608,70
4312,40,Turkmenistan,19,70 to 74,11023.738436080608,71
4312,40,Turkmenistan,19,70 to 74,11023.738436080608,72
4312,40,Turkmenistan,19,70 to 74,11023.738436080608,73
4312,40,Turkmenistan,19,70 to 74,11023.738436080608,74
4313,40,Turkmenistan,20,75 to 79,8672.304037968828,75
4313,40,Turkmenistan,20,75 to 79,8672.304037968828,76
4313,40,Turkmenistan,20,75 to 79,8672.304037968828,77
4313,40,Turkmenistan,20,75 to 79,8672.304037968828,78
4313,40,Turkmenistan,20,75 to 79,8672.304037968828,79
4321,40,Turkmenistan,30,80 to 84,5968.058744773578,80
4321,40,Turkmenistan,30,80 to 84,5968.058744773578,81
4321,40,Turkmenistan,30,80 to 84,5968.058744773578,82
4321,40,Turkmenistan,30,80 to 84,5968.058744773578,83
4321,40,Turkmenistan,30,80 to 84,5968.058744773578,84
4322,40,Turkmenistan,31,85 to 89,2949.2008450458056,85
4322,40,Turkmenistan,31,85 to 89,2949.2008450458056,86
4322,40,Turkmenistan,31,85 to 89,2949.2008450458056,87
4322,40,Turkmenistan,31,85 to 89,2949.2008450458056,88
4322,40,Turkmenistan,31,85 to 89,2949.2008450458056,89
4323,40,Turkmenistan,32,90 to 94,1276.3127318236486,90
4323,40,Turkmenistan,32,90 to 94,1276.3127318236486,91
4323,40,Turkmenistan,32,90 to 94,1276.3127318236486,92
4323,40,Turkmenistan,32,90 to 94,1276.3127318236486,93
4323,40,Turkmenistan,32,90 to 94,1276.3127318236486,94
4331,40,Turkmenistan,235,95 plus,269.98380814339015,95
4331,40,Turkmenistan,235,95 plus,269.98380814339015,96
4331,40,Turkmenistan,235,95 plus,269.98380814339015,97
4331,40,Turkmenistan,235,95 plus,269.98380814339015,98
4331,40,Turkmenistan,235,95 plus,269.98380814339015,99
4331,40,Turkmenistan,235,95 plus,269.98380814339015,100
4418,41,Uzbekistan,11,30 to 34,584753.9275221014,30
4418,41,Uzbekistan,11,30 to 34,584753.9275221014,31
4418,41,Uzbekistan,11,30 to 34,584753.9275221014,32
4418,41,Uzbekistan,11,30 to 34,584753.9275221014,33
4418,41,Uzbekistan,11,30 to 34,584753.9275221014,34
4419,41,Uzbekistan,12,35 to 39,481670.61111571407,35
4419,41,Uzbekistan,12,35 to 39,481670.61111571407,36
4419,41,Uzbekistan,12,35 to 39,481670.61111571407,37
4419,41,Uzbekistan,12,35 to 39,481670.61111571407,38
4419,41,Uzbekistan,12,35 to 39,481670.61111571407,39
4420,41,Uzbekistan,13,40 to 44,409253.11321625515,40
4420,41,Uzbekistan,13,40 to 44,409253.11321625515,41
4420,41,Uzbekistan,13,40 to 44,409253.11321625515,42
4420,41,Uzbekistan,13,40 to 44,409253.11321625515,43
4420,41,Uzbekistan,13,40 to 44,409253.11321625515,44
4421,41,Uzbekistan,14,45 to 49,353632.50425982184,45
4421,41,Uzbekistan,14,45 to 49,353632.50425982184,46
4421,41,Uzbekistan,14,45 to 49,353632.50425982184,47
4421,41,Uzbekistan,14,45 to 49,353632.50425982184,48
4421,41,Uzbekistan,14,45 to 49,353632.50425982184,49
4422,41,Uzbekistan,15,50 to 54,319297.7774782174,50
4422,41,Uzbekistan,15,50 to 54,319297.7774782174,51
4422,41,Uzbekistan,15,50 to 54,319297.7774782174,52
4422,41,Uzbekistan,15,50 to 54,319297.7774782174,53
4422,41,Uzbekistan,15,50 to 54,319297.7774782174,54
4423,41,Uzbekistan,16,55 to 59,294968.59332360537,55
4423,41,Uzbekistan,16,55 to 59,294968.59332360537,56
4423,41,Uzbekistan,16,55 to 59,294968.59332360537,57
4423,41,Uzbekistan,16,55 to 59,294968.59332360537,58
4423,41,Uzbekistan,16,55 to 59,294968.59332360537,59
4424,41,Uzbekistan,17,60 to 64,209920.1656632331,60
4424,41,Uzbekistan,17,60 to 64,209920.1656632331,61
4424,41,Uzbekistan,17,60 to 64,209920.1656632331,62
4424,41,Uzbekistan,17,60 to 64,209920.1656632331,63
4424,41,Uzbekistan,17,60 to 64,209920.1656632331,64
4425,41,Uzbekistan,18,65 to 69,126541.01392693123,65
4425,41,Uzbekistan,18,65 to 69,126541.01392693123,66
4425,41,Uzbekistan,18,65 to 69,126541.01392693123,67
4425,41,Uzbekistan,18,65 to 69,126541.01392693123,68
4425,41,Uzbekistan,18,65 to 69,126541.01392693123,69
4426,41,Uzbekistan,19,70 to 74,53649.06937563167,70
4426,41,Uzbekistan,19,70 to 74,53649.06937563167,71
4426,41,Uzbekistan,19,70 to 74,53649.06937563167,72
4426,41,Uzbekistan,19,70 to 74,53649.06937563167,73
4426,41,Uzbekistan,19,70 to 74,53649.06937563167,74
4427,41,Uzbekistan,20,75 to 79,37363.67241505733,75
4427,41,Uzbekistan,20,75 to 79,37363.67241505733,76
4427,41,Uzbekistan,20,75 to 79,37363.67241505733,77
4427,41,Uzbekistan,20,75 to 79,37363.67241505733,78
4427,41,Uzbekistan,20,75 to 79,37363.67241505733,79
4435,41,Uzbekistan,30,80 to 84,14899.623813871882,80
4435,41,Uzbekistan,30,80 to 84,14899.623813871882,81
4435,41,Uzbekistan,30,80 to 84,14899.623813871882,82
4435,41,Uzbekistan,30,80 to 84,14899.623813871882,83
4435,41,Uzbekistan,30,80 to 84,14899.623813871882,84
4436,41,Uzbekistan,31,85 to 89,3054.5465368937575,85
4436,41,Uzbekistan,31,85 to 89,3054.5465368937575,86
4436,41,Uzbekistan,31,85 to 89,3054.5465368937575,87
4436,41,Uzbekistan,31,85 to 89,3054.5465368937575,88
4436,41,Uzbekistan,31,85 to 89,3054.5465368937575,89
4437,41,Uzbekistan,32,90 to 94,474.0323201624854,90
4437,41,Uzbekistan,32,90 to 94,474.0323201624854,91
4437,41,Uzbekistan,32,90 to 94,474.0323201624854,92
4437,41,Uzbekistan,32,90 to 94,474.0323201624854,93
4437,41,Uzbekistan,32,90 to 94,474.0323201624854,94
4445,41,Uzbekistan,235,95 plus,29.143432907504675,95
4445,41,Uzbekistan,235,95 plus,29.143432907504675,96
4445,41,Uzbekistan,235,95 plus,29.143432907504675,97
4445,41,Uzbekistan,235,95 plus,29.143432907504675,98
4445,41,Uzbekistan,235,95 plus,29.143432907504675,99
4445,41,Uzbekistan,235,95 plus,29.143432907504675,100
4646,43,Albania,11,30 to 34,37397.83419505975,30
4646,43,Albania,11,30 to 34,37397.83419505975,31
4646,43,Albania,11,30 to 34,37397.83419505975,32
4646,43,Albania,11,30 to 34,37397.83419505975,33
4646,43,Albania,11,30 to 34,37397.83419505975,34
4647,43,Albania,12,35 to 39,32064.449814957603,35
4647,43,Albania,12,35 to 39,32064.449814957603,36
4647,43,Albania,12,35 to 39,32064.449814957603,37
4647,43,Albania,12,35 to 39,32064.449814957603,38
4647,43,Albania,12,35 to 39,32064.449814957603,39
4648,43,Albania,13,40 to 44,30743.90941989715,40
4648,43,Albania,13,40 to 44,30743.90941989715,41
4648,43,Albania,13,40 to 44,30743.90941989715,42
4648,43,Albania,13,40 to 44,30743.90941989715,43
4648,43,Albania,13,40 to 44,30743.90941989715,44
4649,43,Albania,14,45 to 49,33863.4184394783,45
4649,43,Albania,14,45 to 49,33863.4184394783,46
4649,43,Albania,14,45 to 49,33863.4184394783,47
4649,43,Albania,14,45 to 49,33863.4184394783,48
4649,43,Albania,14,45 to 49,33863.4184394783,49
4650,43,Albania,15,50 to 54,36911.182349530354,50
4650,43,Albania,15,50 to 54,36911.182349530354,51
4650,43,Albania,15,50 to 54,36911.182349530354,52
4650,43,Albania,15,50 to 54,36911.182349530354,53
4650,43,Albania,15,50 to 54,36911.182349530354,54
4651,43,Albania,16,55 to 59,38834.09366756447,55
4651,43,Albania,16,55 to 59,38834.09366756447,56
4651,43,Albania,16,55 to 59,38834.09366756447,57
4651,43,Albania,16,55 to 59,38834.09366756447,58
4651,43,Albania,16,55 to 59,38834.09366756447,59
4652,43,Albania,17,60 to 64,35035.14075488139,60
4652,43,Albania,17,60 to 64,35035.14075488139,61
4652,43,Albania,17,60 to 64,35035.14075488139,62
4652,43,Albania,17,60 to 64,35035.14075488139,63
4652,43,Albania,17,60 to 64,35035.14075488139,64
4653,43,Albania,18,65 to 69,26978.3910185824,65
4653,43,Albania,18,65 to 69,26978.3910185824,66
4653,43,Albania,18,65 to 69,26978.3910185824,67
4653,43,Albania,18,65 to 69,26978.3910185824,68
4653,43,Albania,18,65 to 69,26978.3910185824,69
4654,43,Albania,19,70 to 74,20709.70501571588,70
4654,43,Albania,19,70 to 74,20709.70501571588,71
4654,43,Albania,19,70 to 74,20709.70501571588,72
4654,43,Albania,19,70 to 74,20709.70501571588,73
4654,43,Albania,19,70 to 74,20709.70501571588,74
4655,43,Albania,20,75 to 79,15363.79101522837,75
4655,43,Albania,20,75 to 79,15363.79101522837,76
4655,43,Albania,20,75 to 79,15363.79101522837,77
4655,43,Albania,20,75 to 79,15363.79101522837,78
4655,43,Albania,20,75 to 79,15363.79101522837,79
4663,43,Albania,30,80 to 84,10316.388580428677,80
4663,43,Albania,30,80 to 84,10316.388580428677,81
4663,43,Albania,30,80 to 84,10316.388580428677,82
4663,43,Albania,30,80 to 84,10316.388580428677,83
4663,43,Albania,30,80 to 84,10316.388580428677,84
4664,43,Albania,31,85 to 89,4596.803451850194,85
4664,43,Albania,31,85 to 89,4596.803451850194,86
4664,43,Albania,31,85 to 89,4596.803451850194,87
4664,43,Albania,31,85 to 89,4596.803451850194,88
4664,43,Albania,31,85 to 89,4596.803451850194,89
4665,43,Albania,32,90 to 94,1636.3315189668342,90
4665,43,Albania,32,90 to 94,1636.3315189668342,91
4665,43,Albania,32,90 to 94,1636.3315189668342,92
4665,43,Albania,32,90 to 94,1636.3315189668342,93
4665,43,Albania,32,90 to 94,1636.3315189668342,94
4673,43,Albania,235,95 plus,369.20687712153637,95
4673,43,Albania,235,95 plus,369.20687712153637,96
4673,43,Albania,235,95 plus,369.20687712153637,97
4673,43,Albania,235,95 plus,369.20687712153637,98
4673,43,Albania,235,95 plus,369.20687712153637,99
4673,43,Albania,235,95 plus,369.20687712153637,100
4760,44,Bosnia and Herzegovina,11,30 to 34,43098.70727969103,30
4760,44,Bosnia and Herzegovina,11,30 to 34,43098.70727969103,31
4760,44,Bosnia and Herzegovina,11,30 to 34,43098.70727969103,32
4760,44,Bosnia and Herzegovina,11,30 to 34,43098.70727969103,33
4760,44,Bosnia and Herzegovina,11,30 to 34,43098.70727969103,34
4761,44,Bosnia and Herzegovina,12,35 to 39,44776.2012990462,35
4761,44,Bosnia and Herzegovina,12,35 to 39,44776.2012990462,36
4761,44,Bosnia and Herzegovina,12,35 to 39,44776.2012990462,37
4761,44,Bosnia and Herzegovina,12,35 to 39,44776.2012990462,38
4761,44,Bosnia and Herzegovina,12,35 to 39,44776.2012990462,39
4762,44,Bosnia and Herzegovina,13,40 to 44,49184.39545973266,40
4762,44,Bosnia and Herzegovina,13,40 to 44,49184.39545973266,41
4762,44,Bosnia and Herzegovina,13,40 to 44,49184.39545973266,42
4762,44,Bosnia and Herzegovina,13,40 to 44,49184.39545973266,43
4762,44,Bosnia and Herzegovina,13,40 to 44,49184.39545973266,44
4763,44,Bosnia and Herzegovina,14,45 to 49,46282.13126700819,45
4763,44,Bosnia and Herzegovina,14,45 to 49,46282.13126700819,46
4763,44,Bosnia and Herzegovina,14,45 to 49,46282.13126700819,47
4763,44,Bosnia and Herzegovina,14,45 to 49,46282.13126700819,48
4763,44,Bosnia and Herzegovina,14,45 to 49,46282.13126700819,49
4764,44,Bosnia and Herzegovina,15,50 to 54,48537.88930619753,50
4764,44,Bosnia and Herzegovina,15,50 to 54,48537.88930619753,51
4764,44,Bosnia and Herzegovina,15,50 to 54,48537.88930619753,52
4764,44,Bosnia and Herzegovina,15,50 to 54,48537.88930619753,53
4764,44,Bosnia and Herzegovina,15,50 to 54,48537.88930619753,54
4765,44,Bosnia and Herzegovina,16,55 to 59,51210.89361360528,55
4765,44,Bosnia and Herzegovina,16,55 to 59,51210.89361360528,56
4765,44,Bosnia and Herzegovina,16,55 to 59,51210.89361360528,57
4765,44,Bosnia and Herzegovina,16,55 to 59,51210.89361360528,58
4765,44,Bosnia and Herzegovina,16,55 to 59,51210.89361360528,59
4766,44,Bosnia and Herzegovina,17,60 to 64,48501.895266508975,60
4766,44,Bosnia and Herzegovina,17,60 to 64,48501.895266508975,61
4766,44,Bosnia and Herzegovina,17,60 to 64,48501.895266508975,62
4766,44,Bosnia and Herzegovina,17,60 to 64,48501.895266508975,63
4766,44,Bosnia and Herzegovina,17,60 to 64,48501.895266508975,64
4767,44,Bosnia and Herzegovina,18,65 to 69,41814.00770874131,65
4767,44,Bosnia and Herzegovina,18,65 to 69,41814.00770874131,66
4767,44,Bosnia and Herzegovina,18,65 to 69,41814.00770874131,67
4767,44,Bosnia and Herzegovina,18,65 to 69,41814.00770874131,68
4767,44,Bosnia and Herzegovina,18,65 to 69,41814.00770874131,69
4768,44,Bosnia and Herzegovina,19,70 to 74,27650.078289822093,70
4768,44,Bosnia and Herzegovina,19,70 to 74,27650.078289822093,71
4768,44,Bosnia and Herzegovina,19,70 to 74,27650.078289822093,72
4768,44,Bosnia and Herzegovina,19,70 to 74,27650.078289822093,73
4768,44,Bosnia and Herzegovina,19,70 to 74,27650.078289822093,74
4769,44,Bosnia and Herzegovina,20,75 to 79,19983.03319997475,75
4769,44,Bosnia and Herzegovina,20,75 to 79,19983.03319997475,76
4769,44,Bosnia and Herzegovina,20,75 to 79,19983.03319997475,77
4769,44,Bosnia and Herzegovina,20,75 to 79,19983.03319997475,78
4769,44,Bosnia and Herzegovina,20,75 to 79,19983.03319997475,79
4777,44,Bosnia and Herzegovina,30,80 to 84,15057.36154431926,80
4777,44,Bosnia and Herzegovina,30,80 to 84,15057.36154431926,81
4777,44,Bosnia and Herzegovina,30,80 to 84,15057.36154431926,82
4777,44,Bosnia and Herzegovina,30,80 to 84,15057.36154431926,83
4777,44,Bosnia and Herzegovina,30,80 to 84,15057.36154431926,84
4778,44,Bosnia and Herzegovina,31,85 to 89,6290.8915809183,85
4778,44,Bosnia and Herzegovina,31,85 to 89,6290.8915809183,86
4778,44,Bosnia and Herzegovina,31,85 to 89,6290.8915809183,87
4778,44,Bosnia and Herzegovina,31,85 to 89,6290.8915809183,88
4778,44,Bosnia and Herzegovina,31,85 to 89,6290.8915809183,89
4779,44,Bosnia and Herzegovina,32,90 to 94,1692.88197950473,90
4779,44,Bosnia and Herzegovina,32,90 to 94,1692.88197950473,91
4779,44,Bosnia and Herzegovina,32,90 to 94,1692.88197950473,92
4779,44,Bosnia and Herzegovina,32,90 to 94,1692.88197950473,93
4779,44,Bosnia and Herzegovina,32,90 to 94,1692.88197950473,94
4787,44,Bosnia and Herzegovina,235,95 plus,293.6073192844422,95
4787,44,Bosnia and Herzegovina,235,95 plus,293.6073192844422,96
4787,44,Bosnia and Herzegovina,235,95 plus,293.6073192844422,97
4787,44,Bosnia and Herzegovina,235,95 plus,293.6073192844422,98
4787,44,Bosnia and Herzegovina,235,95 plus,293.6073192844422,99
4787,44,Bosnia and Herzegovina,235,95 plus,293.6073192844422,100
4874,45,Bulgaria,11,30 to 34,95503.67236186942,30
4874,45,Bulgaria,11,30 to 34,95503.67236186942,31
4874,45,Bulgaria,11,30 to 34,95503.67236186942,32
4874,45,Bulgaria,11,30 to 34,95503.67236186942,33
4874,45,Bulgaria,11,30 to 34,95503.67236186942,34
4875,45,Bulgaria,12,35 to 39,96715.94730872098,35
4875,45,Bulgaria,12,35 to 39,96715.94730872098,36
4875,45,Bulgaria,12,35 to 39,96715.94730872098,37
4875,45,Bulgaria,12,35 to 39,96715.94730872098,38
4875,45,Bulgaria,12,35 to 39,96715.94730872098,39
4876,45,Bulgaria,13,40 to 44,106825.21762715167,40
4876,45,Bulgaria,13,40 to 44,106825.21762715167,41
4876,45,Bulgaria,13,40 to 44,106825.21762715167,42
4876,45,Bulgaria,13,40 to 44,106825.21762715167,43
4876,45,Bulgaria,13,40 to 44,106825.21762715167,44
4877,45,Bulgaria,14,45 to 49,104213.81499268717,45
4877,45,Bulgaria,14,45 to 49,104213.81499268717,46
4877,45,Bulgaria,14,45 to 49,104213.81499268717,47
4877,45,Bulgaria,14,45 to 49,104213.81499268717,48
4877,45,Bulgaria,14,45 to 49,104213.81499268717,49
4878,45,Bulgaria,15,50 to 54,95730.44882339766,50
4878,45,Bulgaria,15,50 to 54,95730.44882339766,51
4878,45,Bulgaria,15,50 to 54,95730.44882339766,52
4878,45,Bulgaria,15,50 to 54,95730.44882339766,53
4878,45,Bulgaria,15,50 to 54,95730.44882339766,54
4879,45,Bulgaria,16,55 to 59,94457.37717399267,55
4879,45,Bulgaria,16,55 to 59,94457.37717399267,56
4879,45,Bulgaria,16,55 to 59,94457.37717399267,57
4879,45,Bulgaria,16,55 to 59,94457.37717399267,58
4879,45,Bulgaria,16,55 to 59,94457.37717399267,59
4880,45,Bulgaria,17,60 to 64,94574.29235650082,60
4880,45,Bulgaria,17,60 to 64,94574.29235650082,61
4880,45,Bulgaria,17,60 to 64,94574.29235650082,62
4880,45,Bulgaria,17,60 to 64,94574.29235650082,63
4880,45,Bulgaria,17,60 to 64,94574.29235650082,64
4881,45,Bulgaria,18,65 to 69,92275.3177765792,65
4881,45,Bulgaria,18,65 to 69,92275.3177765792,66
4881,45,Bulgaria,18,65 to 69,92275.3177765792,67
4881,45,Bulgaria,18,65 to 69,92275.3177765792,68
4881,45,Bulgaria,18,65 to 69,92275.3177765792,69
4882,45,Bulgaria,19,70 to 74,83380.1998872953,70
4882,45,Bulgaria,19,70 to 74,83380.1998872953,71
4882,45,Bulgaria,19,70 to 74,83380.1998872953,72
4882,45,Bulgaria,19,70 to 74,83380.1998872953,73
4882,45,Bulgaria,19,70 to 74,83380.1998872953,74
4883,45,Bulgaria,20,75 to 79,56855.76063554474,75
4883,45,Bulgaria,20,75 to 79,56855.76063554474,76
4883,45,Bulgaria,20,75 to 79,56855.76063554474,77
4883,45,Bulgaria,20,75 to 79,56855.76063554474,78
4883,45,Bulgaria,20,75 to 79,56855.76063554474,79
4891,45,Bulgaria,30,80 to 84,38051.88315320307,80
4891,45,Bulgaria,30,80 to 84,38051.88315320307,81
4891,45,Bulgaria,30,80 to 84,38051.88315320307,82
4891,45,Bulgaria,30,80 to 84,38051.88315320307,83
4891,45,Bulgaria,30,80 to 84,38051.88315320307,84
4892,45,Bulgaria,31,85 to 89,21202.864720448764,85
4892,45,Bulgaria,31,85 to 89,21202.864720448764,86
4892,45,Bulgaria,31,85 to 89,21202.864720448764,87
4892,45,Bulgaria,31,85 to 89,21202.864720448764,88
4892,45,Bulgaria,31,85 to 89,21202.864720448764,89
4893,45,Bulgaria,32,90 to 94,5623.757953629672,90
4893,45,Bulgaria,32,90 to 94,5623.757953629672,91
4893,45,Bulgaria,32,90 to 94,5623.757953629672,92
4893,45,Bulgaria,32,90 to 94,5623.757953629672,93
4893,45,Bulgaria,32,90 to 94,5623.757953629672,94
4901,45,Bulgaria,235,95 plus,636.6141463055238,95
4901,45,Bulgaria,235,95 plus,636.6141463055238,96
4901,45,Bulgaria,235,95 plus,636.6141463055238,97
4901,45,Bulgaria,235,95 plus,636.6141463055238,98
4901,45,Bulgaria,235,95 plus,636.6141463055238,99
4901,45,Bulgaria,235,95 plus,636.6141463055238,100
4988,46,Croatia,11,30 to 34,55540.04754135614,30
4988,46,Croatia,11,30 to 34,55540.04754135614,31
4988,46,Croatia,11,30 to 34,55540.04754135614,32
4988,46,Croatia,11,30 to 34,55540.04754135614,33
4988,46,Croatia,11,30 to 34,55540.04754135614,34
4989,46,Croatia,12,35 to 39,59817.607590383035,35
4989,46,Croatia,12,35 to 39,59817.607590383035,36
4989,46,Croatia,12,35 to 39,59817.607590383035,37
4989,46,Croatia,12,35 to 39,59817.607590383035,38
4989,46,Croatia,12,35 to 39,59817.607590383035,39
4990,46,Croatia,13,40 to 44,58308.17938594124,40
4990,46,Croatia,13,40 to 44,58308.17938594124,41
4990,46,Croatia,13,40 to 44,58308.17938594124,42
4990,46,Croatia,13,40 to 44,58308.17938594124,43
4990,46,Croatia,13,40 to 44,58308.17938594124,44
4991,46,Croatia,14,45 to 49,56669.20653647864,45
4991,46,Croatia,14,45 to 49,56669.20653647864,46
4991,46,Croatia,14,45 to 49,56669.20653647864,47
4991,46,Croatia,14,45 to 49,56669.20653647864,48
4991,46,Croatia,14,45 to 49,56669.20653647864,49
4992,46,Croatia,15,50 to 54,60800.77062439022,50
4992,46,Croatia,15,50 to 54,60800.77062439022,51
4992,46,Croatia,15,50 to 54,60800.77062439022,52
4992,46,Croatia,15,50 to 54,60800.77062439022,53
4992,46,Croatia,15,50 to 54,60800.77062439022,54
4993,46,Croatia,16,55 to 59,60433.664950727834,55
4993,46,Croatia,16,55 to 59,60433.664950727834,56
4993,46,Croatia,16,55 to 59,60433.664950727834,57
4993,46,Croatia,16,55 to 59,60433.664950727834,58
4993,46,Croatia,16,55 to 59,60433.664950727834,59
4994,46,Croatia,17,60 to 64,61063.003345406636,60
4994,46,Croatia,17,60 to 64,61063.003345406636,61
4994,46,Croatia,17,60 to 64,61063.003345406636,62
4994,46,Croatia,17,60 to 64,61063.003345406636,63
4994,46,Croatia,17,60 to 64,61063.003345406636,64
4995,46,Croatia,18,65 to 69,54542.31974095706,65
4995,46,Croatia,18,65 to 69,54542.31974095706,66
4995,46,Croatia,18,65 to 69,54542.31974095706,67
4995,46,Croatia,18,65 to 69,54542.31974095706,68
4995,46,Croatia,18,65 to 69,54542.31974095706,69
4996,46,Croatia,19,70 to 74,40033.422621020625,70
4996,46,Croatia,19,70 to 74,40033.422621020625,71
4996,46,Croatia,19,70 to 74,40033.422621020625,72
4996,46,Croatia,19,70 to 74,40033.422621020625,73
4996,46,Croatia,19,70 to 74,40033.422621020625,74
4997,46,Croatia,20,75 to 79,33776.58577862882,75
4997,46,Croatia,20,75 to 79,33776.58577862882,76
4997,46,Croatia,20,75 to 79,33776.58577862882,77
4997,46,Croatia,20,75 to 79,33776.58577862882,78
4997,46,Croatia,20,75 to 79,33776.58577862882,79
5005,46,Croatia,30,80 to 84,25454.85064024408,80
5005,46,Croatia,30,80 to 84,25454.85064024408,81
5005,46,Croatia,30,80 to 84,25454.85064024408,82
5005,46,Croatia,30,80 to 84,25454.85064024408,83
5005,46,Croatia,30,80 to 84,25454.85064024408,84
5006,46,Croatia,31,85 to 89,13966.984074428203,85
5006,46,Croatia,31,85 to 89,13966.984074428203,86
5006,46,Croatia,31,85 to 89,13966.984074428203,87
5006,46,Croatia,31,85 to 89,13966.984074428203,88
5006,46,Croatia,31,85 to 89,13966.984074428203,89
5007,46,Croatia,32,90 to 94,4193.280100322452,90
5007,46,Croatia,32,90 to 94,4193.280100322452,91
5007,46,Croatia,32,90 to 94,4193.280100322452,92
5007,46,Croatia,32,90 to 94,4193.280100322452,93
5007,46,Croatia,32,90 to 94,4193.280100322452,94
5015,46,Croatia,235,95 plus,554.5212907124073,95
5015,46,Croatia,235,95 plus,554.5212907124073,96
5015,46,Croatia,235,95 plus,554.5212907124073,97
5015,46,Croatia,235,95 plus,554.5212907124073,98
5015,46,Croatia,235,95 plus,554.5212907124073,99
5015,46,Croatia,235,95 plus,554.5212907124073,100
5102,47,Czechia,11,30 to 34,141484.83658998617,30
5102,47,Czechia,11,30 to 34,141484.83658998617,31
5102,47,Czechia,11,30 to 34,141484.83658998617,32
5102,47,Czechia,11,30 to 34,141484.83658998617,33
5102,47,Czechia,11,30 to 34,141484.83658998617,34
5103,47,Czechia,12,35 to 39,150797.37706828438,35
5103,47,Czechia,12,35 to 39,150797.37706828438,36
5103,47,Czechia,12,35 to 39,150797.37706828438,37
5103,47,Czechia,12,35 to 39,150797.37706828438,38
5103,47,Czechia,12,35 to 39,150797.37706828438,39
5104,47,Czechia,13,40 to 44,184216.1511217148,40
5104,47,Czechia,13,40 to 44,184216.1511217148,41
5104,47,Czechia,13,40 to 44,184216.1511217148,42
5104,47,Czechia,13,40 to 44,184216.1511217148,43
5104,47,Czechia,13,40 to 44,184216.1511217148,44
5105,47,Czechia,14,45 to 49,167347.75134799202,45
5105,47,Czechia,14,45 to 49,167347.75134799202,46
5105,47,Czechia,14,45 to 49,167347.75134799202,47
5105,47,Czechia,14,45 to 49,167347.75134799202,48
5105,47,Czechia,14,45 to 49,167347.75134799202,49
5106,47,Czechia,15,50 to 54,137338.71152979945,50
5106,47,Czechia,15,50 to 54,137338.71152979945,51
5106,47,Czechia,15,50 to 54,137338.71152979945,52
5106,47,Czechia,15,50 to 54,137338.71152979945,53
5106,47,Czechia,15,50 to 54,137338.71152979945,54
5107,47,Czechia,16,55 to 59,130372.55462966103,55
5107,47,Czechia,16,55 to 59,130372.55462966103,56
5107,47,Czechia,16,55 to 59,130372.55462966103,57
5107,47,Czechia,16,55 to 59,130372.55462966103,58
5107,47,Czechia,16,55 to 59,130372.55462966103,59
5108,47,Czechia,17,60 to 64,130551.70052472258,60
5108,47,Czechia,17,60 to 64,130551.70052472258,61
5108,47,Czechia,17,60 to 64,130551.70052472258,62
5108,47,Czechia,17,60 to 64,130551.70052472258,63
5108,47,Czechia,17,60 to 64,130551.70052472258,64
5109,47,Czechia,18,65 to 69,135753.13945076478,65
5109,47,Czechia,18,65 to 69,135753.13945076478,66
5109,47,Czechia,18,65 to 69,135753.13945076478,67
5109,47,Czechia,18,65 to 69,135753.13945076478,68
5109,47,Czechia,18,65 to 69,135753.13945076478,69
5110,47,Czechia,19,70 to 74,120621.0061954185,70
5110,47,Czechia,19,70 to 74,120621.0061954185,71
5110,47,Czechia,19,70 to 74,120621.0061954185,72
5110,47,Czechia,19,70 to 74,120621.0061954185,73
5110,47,Czechia,19,70 to 74,120621.0061954185,74
5111,47,Czechia,20,75 to 79,82275.10511280954,75
5111,47,Czechia,20,75 to 79,82275.10511280954,76
5111,47,Czechia,20,75 to 79,82275.10511280954,77
5111,47,Czechia,20,75 to 79,82275.10511280954,78
5111,47,Czechia,20,75 to 79,82275.10511280954,79
5119,47,Czechia,30,80 to 84,46887.43606703672,80
5119,47,Czechia,30,80 to 84,46887.43606703672,81
5119,47,Czechia,30,80 to 84,46887.43606703672,82
5119,47,Czechia,30,80 to 84,46887.43606703672,83
5119,47,Czechia,30,80 to 84,46887.43606703672,84
5120,47,Czechia,31,85 to 89,28591.92653400416,85
5120,47,Czechia,31,85 to 89,28591.92653400416,86
5120,47,Czechia,31,85 to 89,28591.92653400416,87
5120,47,Czechia,31,85 to 89,28591.92653400416,88
5120,47,Czechia,31,85 to 89,28591.92653400416,89
5121,47,Czechia,32,90 to 94,11673.92702285161,90
5121,47,Czechia,32,90 to 94,11673.92702285161,91
5121,47,Czechia,32,90 to 94,11673.92702285161,92
5121,47,Czechia,32,90 to 94,11673.92702285161,93
5121,47,Czechia,32,90 to 94,11673.92702285161,94
5129,47,Czechia,235,95 plus,2732.952138433276,95
5129,47,Czechia,235,95 plus,2732.952138433276,96
5129,47,Czechia,235,95 plus,2732.952138433276,97
5129,47,Czechia,235,95 plus,2732.952138433276,98
5129,47,Czechia,235,95 plus,2732.952138433276,99
5129,47,Czechia,235,95 plus,2732.952138433276,100
5216,48,Hungary,11,30 to 34,119099.55857373611,30
5216,48,Hungary,11,30 to 34,119099.55857373611,31
5216,48,Hungary,11,30 to 34,119099.55857373611,32
5216,48,Hungary,11,30 to 34,119099.55857373611,33
5216,48,Hungary,11,30 to 34,119099.55857373611,34
5217,48,Hungary,12,35 to 39,132470.0908361249,35
5217,48,Hungary,12,35 to 39,132470.0908361249,36
5217,48,Hungary,12,35 to 39,132470.0908361249,37
5217,48,Hungary,12,35 to 39,132470.0908361249,38
5217,48,Hungary,12,35 to 39,132470.0908361249,39
5218,48,Hungary,13,40 to 44,171061.9826286276,40
5218,48,Hungary,13,40 to 44,171061.9826286276,41
5218,48,Hungary,13,40 to 44,171061.9826286276,42
5218,48,Hungary,13,40 to 44,171061.9826286276,43
5218,48,Hungary,13,40 to 44,171061.9826286276,44
5219,48,Hungary,14,45 to 49,146988.33253936513,45
5219,48,Hungary,14,45 to 49,146988.33253936513,46
5219,48,Hungary,14,45 to 49,146988.33253936513,47
5219,48,Hungary,14,45 to 49,146988.33253936513,48
5219,48,Hungary,14,45 to 49,146988.33253936513,49
5220,48,Hungary,15,50 to 54,129936.54458241581,50
5220,48,Hungary,15,50 to 54,129936.54458241581,51
5220,48,Hungary,15,50 to 54,129936.54458241581,52
5220,48,Hungary,15,50 to 54,129936.54458241581,53
5220,48,Hungary,15,50 to 54,129936.54458241581,54
5221,48,Hungary,16,55 to 59,115315.23658310229,55
5221,48,Hungary,16,55 to 59,115315.23658310229,56
5221,48,Hungary,16,55 to 59,115315.23658310229,57
5221,48,Hungary,16,55 to 59,115315.23658310229,58
5221,48,Hungary,16,55 to 59,115315.23658310229,59
5222,48,Hungary,17,60 to 64,136109.3778090182,60
5222,48,Hungary,17,60 to 64,136109.3778090182,61
5222,48,Hungary,17,60 to 64,136109.3778090182,62
5222,48,Hungary,17,60 to 64,136109.3778090182,63
5222,48,Hungary,17,60 to 64,136109.3778090182,64
5223,48,Hungary,18,65 to 69,127382.99143366553,65
5223,48,Hungary,18,65 to 69,127382.99143366553,66
5223,48,Hungary,18,65 to 69,127382.99143366553,67
5223,48,Hungary,18,65 to 69,127382.99143366553,68
5223,48,Hungary,18,65 to 69,127382.99143366553,69
5224,48,Hungary,19,70 to 74,96900.76488673774,70
5224,48,Hungary,19,70 to 74,96900.76488673774,71
5224,48,Hungary,19,70 to 74,96900.76488673774,72
5224,48,Hungary,19,70 to 74,96900.76488673774,73
5224,48,Hungary,19,70 to 74,96900.76488673774,74
5225,48,Hungary,20,75 to 79,74015.16527237822,75
5225,48,Hungary,20,75 to 79,74015.16527237822,76
5225,48,Hungary,20,75 to 79,74015.16527237822,77
5225,48,Hungary,20,75 to 79,74015.16527237822,78
5225,48,Hungary,20,75 to 79,74015.16527237822,79
5233,48,Hungary,30,80 to 84,48113.65410035589,80
5233,48,Hungary,30,80 to 84,48113.65410035589,81
5233,48,Hungary,30,80 to 84,48113.65410035589,82
5233,48,Hungary,30,80 to 84,48113.65410035589,83
5233,48,Hungary,30,80 to 84,48113.65410035589,84
5234,48,Hungary,31,85 to 89,27887.98443193986,85
5234,48,Hungary,31,85 to 89,27887.98443193986,86
5234,48,Hungary,31,85 to 89,27887.98443193986,87
5234,48,Hungary,31,85 to 89,27887.98443193986,88
5234,48,Hungary,31,85 to 89,27887.98443193986,89
5235,48,Hungary,32,90 to 94,11214.760631530351,90
5235,48,Hungary,32,90 to 94,11214.760631530351,91
5235,48,Hungary,32,90 to 94,11214.760631530351,92
5235,48,Hungary,32,90 to 94,11214.760631530351,93
5235,48,Hungary,32,90 to 94,11214.760631530351,94
5243,48,Hungary,235,95 plus,2385.2674559772668,95
5243,48,Hungary,235,95 plus,2385.2674559772668,96
5243,48,Hungary,235,95 plus,2385.2674559772668,97
5243,48,Hungary,235,95 plus,2385.2674559772668,98
5243,48,Hungary,235,95 plus,2385.2674559772668,99
5243,48,Hungary,235,95 plus,2385.2674559772668,100
5330,49,North Macedonia,11,30 to 34,34360.93764222206,30
5330,49,North Macedonia,11,30 to 34,34360.93764222206,31
5330,49,North Macedonia,11,30 to 34,34360.93764222206,32
5330,49,North Macedonia,11,30 to 34,34360.93764222206,33
5330,49,North Macedonia,11,30 to 34,34360.93764222206,34
5331,49,North Macedonia,12,35 to 39,34202.31103105935,35
5331,49,North Macedonia,12,35 to 39,34202.31103105935,36
5331,49,North Macedonia,12,35 to 39,34202.31103105935,37
5331,49,North Macedonia,12,35 to 39,34202.31103105935,38
5331,49,North Macedonia,12,35 to 39,34202.31103105935,39
5332,49,North Macedonia,13,40 to 44,31719.98052533203,40
5332,49,North Macedonia,13,40 to 44,31719.98052533203,41
5332,49,North Macedonia,13,40 to 44,31719.98052533203,42
5332,49,North Macedonia,13,40 to 44,31719.98052533203,43
5332,49,North Macedonia,13,40 to 44,31719.98052533203,44
5333,49,North Macedonia,14,45 to 49,30551.020899431012,45
5333,49,North Macedonia,14,45 to 49,30551.020899431012,46
5333,49,North Macedonia,14,45 to 49,30551.020899431012,47
5333,49,North Macedonia,14,45 to 49,30551.020899431012,48
5333,49,North Macedonia,14,45 to 49,30551.020899431012,49
5334,49,North Macedonia,15,50 to 54,30262.833562170585,50
5334,49,North Macedonia,15,50 to 54,30262.833562170585,51
5334,49,North Macedonia,15,50 to 54,30262.833562170585,52
5334,49,North Macedonia,15,50 to 54,30262.833562170585,53
5334,49,North Macedonia,15,50 to 54,30262.833562170585,54
5335,49,North Macedonia,16,55 to 59,28950.05527180403,55
5335,49,North Macedonia,16,55 to 59,28950.05527180403,56
5335,49,North Macedonia,16,55 to 59,28950.05527180403,57
5335,49,North Macedonia,16,55 to 59,28950.05527180403,58
5335,49,North Macedonia,16,55 to 59,28950.05527180403,59
5336,49,North Macedonia,17,60 to 64,26767.772626852027,60
5336,49,North Macedonia,17,60 to 64,26767.772626852027,61
5336,49,North Macedonia,17,60 to 64,26767.772626852027,62
5336,49,North Macedonia,17,60 to 64,26767.772626852027,63
5336,49,North Macedonia,17,60 to 64,26767.772626852027,64
5337,49,North Macedonia,18,65 to 69,22917.658822433754,65
5337,49,North Macedonia,18,65 to 69,22917.658822433754,66
5337,49,North Macedonia,18,65 to 69,22917.658822433754,67
5337,49,North Macedonia,18,65 to 69,22917.658822433754,68
5337,49,North Macedonia,18,65 to 69,22917.658822433754,69
5338,49,North Macedonia,19,70 to 74,16069.606281819762,70
5338,49,North Macedonia,19,70 to 74,16069.606281819762,71
5338,49,North Macedonia,19,70 to 74,16069.606281819762,72
5338,49,North Macedonia,19,70 to 74,16069.606281819762,73
5338,49,North Macedonia,19,70 to 74,16069.606281819762,74
5339,49,North Macedonia,20,75 to 79,10754.733240947427,75
5339,49,North Macedonia,20,75 to 79,10754.733240947427,76
5339,49,North Macedonia,20,75 to 79,10754.733240947427,77
5339,49,North Macedonia,20,75 to 79,10754.733240947427,78
5339,49,North Macedonia,20,75 to 79,10754.733240947427,79
5347,49,North Macedonia,30,80 to 84,6100.599640929838,80
5347,49,North Macedonia,30,80 to 84,6100.599640929838,81
5347,49,North Macedonia,30,80 to 84,6100.599640929838,82
5347,49,North Macedonia,30,80 to 84,6100.599640929838,83
5347,49,North Macedonia,30,80 to 84,6100.599640929838,84
5348,49,North Macedonia,31,85 to 89,2398.861486713774,85
5348,49,North Macedonia,31,85 to 89,2398.861486713774,86
5348,49,North Macedonia,31,85 to 89,2398.861486713774,87
5348,49,North Macedonia,31,85 to 89,2398.861486713774,88
5348,49,North Macedonia,31,85 to 89,2398.861486713774,89
5349,49,North Macedonia,32,90 to 94,406.59333574414745,90
5349,49,North Macedonia,32,90 to 94,406.59333574414745,91
5349,49,North Macedonia,32,90 to 94,406.59333574414745,92
5349,49,North Macedonia,32,90 to 94,406.59333574414745,93
5349,49,North Macedonia,32,90 to 94,406.59333574414745,94
5357,49,North Macedonia,235,95 plus,20.876094341376827,95
5357,49,North Macedonia,235,95 plus,20.876094341376827,96
5357,49,North Macedonia,235,95 plus,20.876094341376827,97
5357,49,North Macedonia,235,95 plus,20.876094341376827,98
5357,49,North Macedonia,235,95 plus,20.876094341376827,99
5357,49,North Macedonia,235,95 plus,20.876094341376827,100
5444,50,Montenegro,11,30 to 34,8628.922233446097,30
5444,50,Montenegro,11,30 to 34,8628.922233446097,31
5444,50,Montenegro,11,30 to 34,8628.922233446097,32
5444,50,Montenegro,11,30 to 34,8628.922233446097,33
5444,50,Montenegro,11,30 to 34,8628.922233446097,34
5445,50,Montenegro,12,35 to 39,9042.317259523883,35
5445,50,Montenegro,12,35 to 39,9042.317259523883,36
5445,50,Montenegro,12,35 to 39,9042.317259523883,37
5445,50,Montenegro,12,35 to 39,9042.317259523883,38
5445,50,Montenegro,12,35 to 39,9042.317259523883,39
5446,50,Montenegro,13,40 to 44,8741.092094979542,40
5446,50,Montenegro,13,40 to 44,8741.092094979542,41
5446,50,Montenegro,13,40 to 44,8741.092094979542,42
5446,50,Montenegro,13,40 to 44,8741.092094979542,43
5446,50,Montenegro,13,40 to 44,8741.092094979542,44
5447,50,Montenegro,14,45 to 49,8267.571636609711,45
5447,50,Montenegro,14,45 to 49,8267.571636609711,46
5447,50,Montenegro,14,45 to 49,8267.571636609711,47
5447,50,Montenegro,14,45 to 49,8267.571636609711,48
5447,50,Montenegro,14,45 to 49,8267.571636609711,49
5448,50,Montenegro,15,50 to 54,8209.185422471395,50
5448,50,Montenegro,15,50 to 54,8209.185422471395,51
5448,50,Montenegro,15,50 to 54,8209.185422471395,52
5448,50,Montenegro,15,50 to 54,8209.185422471395,53
5448,50,Montenegro,15,50 to 54,8209.185422471395,54
5449,50,Montenegro,16,55 to 59,8385.885111067353,55
5449,50,Montenegro,16,55 to 59,8385.885111067353,56
5449,50,Montenegro,16,55 to 59,8385.885111067353,57
5449,50,Montenegro,16,55 to 59,8385.885111067353,58
5449,50,Montenegro,16,55 to 59,8385.885111067353,59
5450,50,Montenegro,17,60 to 64,7969.1526612122125,60
5450,50,Montenegro,17,60 to 64,7969.1526612122125,61
5450,50,Montenegro,17,60 to 64,7969.1526612122125,62
5450,50,Montenegro,17,60 to 64,7969.1526612122125,63
5450,50,Montenegro,17,60 to 64,7969.1526612122125,64
5451,50,Montenegro,18,65 to 69,6934.517437573128,65
5451,50,Montenegro,18,65 to 69,6934.517437573128,66
5451,50,Montenegro,18,65 to 69,6934.517437573128,67
5451,50,Montenegro,18,65 to 69,6934.517437573128,68
5451,50,Montenegro,18,65 to 69,6934.517437573128,69
5452,50,Montenegro,19,70 to 74,4420.326274591353,70
5452,50,Montenegro,19,70 to 74,4420.326274591353,71
5452,50,Montenegro,19,70 to 74,4420.326274591353,72
5452,50,Montenegro,19,70 to 74,4420.326274591353,73
5452,50,Montenegro,19,70 to 74,4420.326274591353,74
5453,50,Montenegro,20,75 to 79,3398.0874060460546,75
5453,50,Montenegro,20,75 to 79,3398.0874060460546,76
5453,50,Montenegro,20,75 to 79,3398.0874060460546,77
5453,50,Montenegro,20,75 to 79,3398.0874060460546,78
5453,50,Montenegro,20,75 to 79,3398.0874060460546,79
5461,50,Montenegro,30,80 to 84,2448.178011083741,80
5461,50,Montenegro,30,80 to 84,2448.178011083741,81
5461,50,Montenegro,30,80 to 84,2448.178011083741,82
5461,50,Montenegro,30,80 to 84,2448.178011083741,83
5461,50,Montenegro,30,80 to 84,2448.178011083741,84
5462,50,Montenegro,31,85 to 89,999.5977663199028,85
5462,50,Montenegro,31,85 to 89,999.5977663199028,86
5462,50,Montenegro,31,85 to 89,999.5977663199028,87
5462,50,Montenegro,31,85 to 89,999.5977663199028,88
5462,50,Montenegro,31,85 to 89,999.5977663199028,89
5463,50,Montenegro,32,90 to 94,276.4996944667181,90
5463,50,Montenegro,32,90 to 94,276.4996944667181,91
5463,50,Montenegro,32,90 to 94,276.4996944667181,92
5463,50,Montenegro,32,90 to 94,276.4996944667181,93
5463,50,Montenegro,32,90 to 94,276.4996944667181,94
5471,50,Montenegro,235,95 plus,41.05908128931668,95
5471,50,Montenegro,235,95 plus,41.05908128931668,96
5471,50,Montenegro,235,95 plus,41.05908128931668,97
5471,50,Montenegro,235,95 plus,41.05908128931668,98
5471,50,Montenegro,235,95 plus,41.05908128931668,99
5471,50,Montenegro,235,95 plus,41.05908128931668,100
5558,51,Poland,11,30 to 34,593133.4604641873,30
5558,51,Poland,11,30 to 34,593133.4604641873,31
5558,51,Poland,11,30 to 34,593133.4604641873,32
5558,51,Poland,11,30 to 34,593133.4604641873,33
5558,51,Poland,11,30 to 34,593133.4604641873,34
5559,51,Poland,12,35 to 39,644723.2056739978,35
5559,51,Poland,12,35 to 39,644723.2056739978,36
5559,51,Poland,12,35 to 39,644723.2056739978,37
5559,51,Poland,12,35 to 39,644723.2056739978,38
5559,51,Poland,12,35 to 39,644723.2056739978,39
5560,51,Poland,13,40 to 44,600301.9139111529,40
5560,51,Poland,13,40 to 44,600301.9139111529,41
5560,51,Poland,13,40 to 44,600301.9139111529,42
5560,51,Poland,13,40 to 44,600301.9139111529,43
5560,51,Poland,13,40 to 44,600301.9139111529,44
5561,51,Poland,14,45 to 49,511915.78089830873,45
5561,51,Poland,14,45 to 49,511915.78089830873,46
5561,51,Poland,14,45 to 49,511915.78089830873,47
5561,51,Poland,14,45 to 49,511915.78089830873,48
5561,51,Poland,14,45 to 49,511915.78089830873,49
5562,51,Poland,15,50 to 54,456820.5041213546,50
5562,51,Poland,15,50 to 54,456820.5041213546,51
5562,51,Poland,15,50 to 54,456820.5041213546,52
5562,51,Poland,15,50 to 54,456820.5041213546,53
5562,51,Poland,15,50 to 54,456820.5041213546,54
5563,51,Poland,16,55 to 59,492383.2803988668,55
5563,51,Poland,16,55 to 59,492383.2803988668,56
5563,51,Poland,16,55 to 59,492383.2803988668,57
5563,51,Poland,16,55 to 59,492383.2803988668,58
5563,51,Poland,16,55 to 59,492383.2803988668,59
5564,51,Poland,17,60 to 64,553639.03819919,60
5564,51,Poland,17,60 to 64,553639.03819919,61
5564,51,Poland,17,60 to 64,553639.03819919,62
5564,51,Poland,17,60 to 64,553639.03819919,63
5564,51,Poland,17,60 to 64,553639.03819919,64
5565,51,Poland,18,65 to 69,486142.7433005708,65
5565,51,Poland,18,65 to 69,486142.7433005708,66
5565,51,Poland,18,65 to 69,486142.7433005708,67
5565,51,Poland,18,65 to 69,486142.7433005708,68
5565,51,Poland,18,65 to 69,486142.7433005708,69
5566,51,Poland,19,70 to 74,336703.6201507156,70
5566,51,Poland,19,70 to 74,336703.6201507156,71
5566,51,Poland,19,70 to 74,336703.6201507156,72
5566,51,Poland,19,70 to 74,336703.6201507156,73
5566,51,Poland,19,70 to 74,336703.6201507156,74
5567,51,Poland,20,75 to 79,209279.39751648792,75
5567,51,Poland,20,75 to 79,209279.39751648792,76
5567,51,Poland,20,75 to 79,209279.39751648792,77
5567,51,Poland,20,75 to 79,209279.39751648792,78
5567,51,Poland,20,75 to 79,209279.39751648792,79
5575,51,Poland,30,80 to 84,174514.75071612833,80
5575,51,Poland,30,80 to 84,174514.75071612833,81
5575,51,Poland,30,80 to 84,174514.75071612833,82
5575,51,Poland,30,80 to 84,174514.75071612833,83
5575,51,Poland,30,80 to 84,174514.75071612833,84
5576,51,Poland,31,85 to 89,107588.55237540696,85
5576,51,Poland,31,85 to 89,107588.55237540696,86
5576,51,Poland,31,85 to 89,107588.55237540696,87
5576,51,Poland,31,85 to 89,107588.55237540696,88
5576,51,Poland,31,85 to 89,107588.55237540696,89
5577,51,Poland,32,90 to 94,42043.42296943658,90
5577,51,Poland,32,90 to 94,42043.42296943658,91
5577,51,Poland,32,90 to 94,42043.42296943658,92
5577,51,Poland,32,90 to 94,42043.42296943658,93
5577,51,Poland,32,90 to 94,42043.42296943658,94
5585,51,Poland,235,95 plus,8330.199808233969,95
5585,51,Poland,235,95 plus,8330.199808233969,96
5585,51,Poland,235,95 plus,8330.199808233969,97
5585,51,Poland,235,95 plus,8330.199808233969,98
5585,51,Poland,235,95 plus,8330.199808233969,99
5585,51,Poland,235,95 plus,8330.199808233969,100
5672,52,Romania,11,30 to 34,260193.85368026738,30
5672,52,Romania,11,30 to 34,260193.85368026738,31
5672,52,Romania,11,30 to 34,260193.85368026738,32
5672,52,Romania,11,30 to 34,260193.85368026738,33
5672,52,Romania,11,30 to 34,260193.85368026738,34
5673,52,Romania,12,35 to 39,256003.62137218594,35
5673,52,Romania,12,35 to 39,256003.62137218594,36
5673,52,Romania,12,35 to 39,256003.62137218594,37
5673,52,Romania,12,35 to 39,256003.62137218594,38
5673,52,Romania,12,35 to 39,256003.62137218594,39
5674,52,Romania,13,40 to 44,310244.3803769685,40
5674,52,Romania,13,40 to 44,310244.3803769685,41
5674,52,Romania,13,40 to 44,310244.3803769685,42
5674,52,Romania,13,40 to 44,310244.3803769685,43
5674,52,Romania,13,40 to 44,310244.3803769685,44
5675,52,Romania,14,45 to 49,297934.17196778936,45
5675,52,Romania,14,45 to 49,297934.17196778936,46
5675,52,Romania,14,45 to 49,297934.17196778936,47
5675,52,Romania,14,45 to 49,297934.17196778936,48
5675,52,Romania,14,45 to 49,297934.17196778936,49
5676,52,Romania,15,50 to 54,281531.3065905517,50
5676,52,Romania,15,50 to 54,281531.3065905517,51
5676,52,Romania,15,50 to 54,281531.3065905517,52
5676,52,Romania,15,50 to 54,281531.3065905517,53
5676,52,Romania,15,50 to 54,281531.3065905517,54
5677,52,Romania,16,55 to 59,218080.40942174607,55
5677,52,Romania,16,55 to 59,218080.40942174607,56
5677,52,Romania,16,55 to 59,218080.40942174607,57
5677,52,Romania,16,55 to 59,218080.40942174607,58
5677,52,Romania,16,55 to 59,218080.40942174607,59
5678,52,Romania,17,60 to 64,270825.6041693813,60
5678,52,Romania,17,60 to 64,270825.6041693813,61
5678,52,Romania,17,60 to 64,270825.6041693813,62
5678,52,Romania,17,60 to 64,270825.6041693813,63
5678,52,Romania,17,60 to 64,270825.6041693813,64
5679,52,Romania,18,65 to 69,248941.3284902656,65
5679,52,Romania,18,65 to 69,248941.3284902656,66
5679,52,Romania,18,65 to 69,248941.3284902656,67
5679,52,Romania,18,65 to 69,248941.3284902656,68
5679,52,Romania,18,65 to 69,248941.3284902656,69
5680,52,Romania,19,70 to 74,172885.99508026725,70
5680,52,Romania,19,70 to 74,172885.99508026725,71
5680,52,Romania,19,70 to 74,172885.99508026725,72
5680,52,Romania,19,70 to 74,172885.99508026725,73
5680,52,Romania,19,70 to 74,172885.99508026725,74
5681,52,Romania,20,75 to 79,130440.52939537058,75
5681,52,Romania,20,75 to 79,130440.52939537058,76
5681,52,Romania,20,75 to 79,130440.52939537058,77
5681,52,Romania,20,75 to 79,130440.52939537058,78
5681,52,Romania,20,75 to 79,130440.52939537058,79
5689,52,Romania,30,80 to 84,107179.07060868786,80
5689,52,Romania,30,80 to 84,107179.07060868786,81
5689,52,Romania,30,80 to 84,107179.07060868786,82
5689,52,Romania,30,80 to 84,107179.07060868786,83
5689,52,Romania,30,80 to 84,107179.07060868786,84
5690,52,Romania,31,85 to 89,55947.41016633267,85
5690,52,Romania,31,85 to 89,55947.41016633267,86
5690,52,Romania,31,85 to 89,55947.41016633267,87
5690,52,Romania,31,85 to 89,55947.41016633267,88
5690,52,Romania,31,85 to 89,55947.41016633267,89
5691,52,Romania,32,90 to 94,19947.35466537718,90
5691,52,Romania,32,90 to 94,19947.35466537718,91
5691,52,Romania,32,90 to 94,19947.35466537718,92
5691,52,Romania,32,90 to 94,19947.35466537718,93
5691,52,Romania,32,90 to 94,19947.35466537718,94
5699,52,Romania,235,95 plus,3307.6043976436554,95
5699,52,Romania,235,95 plus,3307.6043976436554,96
5699,52,Romania,235,95 plus,3307.6043976436554,97
5699,52,Romania,235,95 plus,3307.6043976436554,98
5699,52,Romania,235,95 plus,3307.6043976436554,99
5699,52,Romania,235,95 plus,3307.6043976436554,100
5786,53,Serbia,11,30 to 34,117154.74218318371,30
5786,53,Serbia,11,30 to 34,117154.74218318371,31
5786,53,Serbia,11,30 to 34,117154.74218318371,32
5786,53,Serbia,11,30 to 34,117154.74218318371,33
5786,53,Serbia,11,30 to 34,117154.74218318371,34
5787,53,Serbia,12,35 to 39,122345.43242743006,35
5787,53,Serbia,12,35 to 39,122345.43242743006,36
5787,53,Serbia,12,35 to 39,122345.43242743006,37
5787,53,Serbia,12,35 to 39,122345.43242743006,38
5787,53,Serbia,12,35 to 39,122345.43242743006,39
5788,53,Serbia,13,40 to 44,121939.64839553037,40
5788,53,Serbia,13,40 to 44,121939.64839553037,41
5788,53,Serbia,13,40 to 44,121939.64839553037,42
5788,53,Serbia,13,40 to 44,121939.64839553037,43
5788,53,Serbia,13,40 to 44,121939.64839553037,44
5789,53,Serbia,14,45 to 49,113836.95295854849,45
5789,53,Serbia,14,45 to 49,113836.95295854849,46
5789,53,Serbia,14,45 to 49,113836.95295854849,47
5789,53,Serbia,14,45 to 49,113836.95295854849,48
5789,53,Serbia,14,45 to 49,113836.95295854849,49
5790,53,Serbia,15,50 to 54,108738.69673929104,50
5790,53,Serbia,15,50 to 54,108738.69673929104,51
5790,53,Serbia,15,50 to 54,108738.69673929104,52
5790,53,Serbia,15,50 to 54,108738.69673929104,53
5790,53,Serbia,15,50 to 54,108738.69673929104,54
5791,53,Serbia,16,55 to 59,105399.25194294762,55
5791,53,Serbia,16,55 to 59,105399.25194294762,56
5791,53,Serbia,16,55 to 59,105399.25194294762,57
5791,53,Serbia,16,55 to 59,105399.25194294762,58
5791,53,Serbia,16,55 to 59,105399.25194294762,59
5792,53,Serbia,17,60 to 64,117898.79677445538,60
5792,53,Serbia,17,60 to 64,117898.79677445538,61
5792,53,Serbia,17,60 to 64,117898.79677445538,62
5792,53,Serbia,17,60 to 64,117898.79677445538,63
5792,53,Serbia,17,60 to 64,117898.79677445538,64
5793,53,Serbia,18,65 to 69,118412.71179485228,65
5793,53,Serbia,18,65 to 69,118412.71179485228,66
5793,53,Serbia,18,65 to 69,118412.71179485228,67
5793,53,Serbia,18,65 to 69,118412.71179485228,68
5793,53,Serbia,18,65 to 69,118412.71179485228,69
5794,53,Serbia,19,70 to 74,79078.67415895757,70
5794,53,Serbia,19,70 to 74,79078.67415895757,71
5794,53,Serbia,19,70 to 74,79078.67415895757,72
5794,53,Serbia,19,70 to 74,79078.67415895757,73
5794,53,Serbia,19,70 to 74,79078.67415895757,74
5795,53,Serbia,20,75 to 79,63173.71823078737,75
5795,53,Serbia,20,75 to 79,63173.71823078737,76
5795,53,Serbia,20,75 to 79,63173.71823078737,77
5795,53,Serbia,20,75 to 79,63173.71823078737,78
5795,53,Serbia,20,75 to 79,63173.71823078737,79
5803,53,Serbia,30,80 to 84,44113.88343139418,80
5803,53,Serbia,30,80 to 84,44113.88343139418,81
5803,53,Serbia,30,80 to 84,44113.88343139418,82
5803,53,Serbia,30,80 to 84,44113.88343139418,83
5803,53,Serbia,30,80 to 84,44113.88343139418,84
5804,53,Serbia,31,85 to 89,15809.96279834886,85
5804,53,Serbia,31,85 to 89,15809.96279834886,86
5804,53,Serbia,31,85 to 89,15809.96279834886,87
5804,53,Serbia,31,85 to 89,15809.96279834886,88
5804,53,Serbia,31,85 to 89,15809.96279834886,89
5805,53,Serbia,32,90 to 94,3099.2635282056685,90
5805,53,Serbia,32,90 to 94,3099.2635282056685,91
5805,53,Serbia,32,90 to 94,3099.2635282056685,92
5805,53,Serbia,32,90 to 94,3099.2635282056685,93
5805,53,Serbia,32,90 to 94,3099.2635282056685,94
5813,53,Serbia,235,95 plus,345.52024166654354,95
5813,53,Serbia,235,95 plus,345.52024166654354,96
5813,53,Serbia,235,95 plus,345.52024166654354,97
5813,53,Serbia,235,95 plus,345.52024166654354,98
5813,53,Serbia,235,95 plus,345.52024166654354,99
5813,53,Serbia,235,95 plus,345.52024166654354,100
5900,54,Slovakia,11,30 to 34,82631.88549084934,30
5900,54,Slovakia,11,30 to 34,82631.88549084934,31
5900,54,Slovakia,11,30 to 34,82631.88549084934,32
5900,54,Slovakia,11,30 to 34,82631.88549084934,33
5900,54,Slovakia,11,30 to 34,82631.88549084934,34
5901,54,Slovakia,12,35 to 39,88012.55543015439,35
5901,54,Slovakia,12,35 to 39,88012.55543015439,36
5901,54,Slovakia,12,35 to 39,88012.55543015439,37
5901,54,Slovakia,12,35 to 39,88012.55543015439,38
5901,54,Slovakia,12,35 to 39,88012.55543015439,39
5902,54,Slovakia,13,40 to 44,90983.24286568792,40
5902,54,Slovakia,13,40 to 44,90983.24286568792,41
5902,54,Slovakia,13,40 to 44,90983.24286568792,42
5902,54,Slovakia,13,40 to 44,90983.24286568792,43
5902,54,Slovakia,13,40 to 44,90983.24286568792,44
5903,54,Slovakia,14,45 to 49,78020.03282820304,45
5903,54,Slovakia,14,45 to 49,78020.03282820304,46
5903,54,Slovakia,14,45 to 49,78020.03282820304,47
5903,54,Slovakia,14,45 to 49,78020.03282820304,48
5903,54,Slovakia,14,45 to 49,78020.03282820304,49
5904,54,Slovakia,15,50 to 54,69820.32186045226,50
5904,54,Slovakia,15,50 to 54,69820.32186045226,51
5904,54,Slovakia,15,50 to 54,69820.32186045226,52
5904,54,Slovakia,15,50 to 54,69820.32186045226,53
5904,54,Slovakia,15,50 to 54,69820.32186045226,54
5905,54,Slovakia,16,55 to 59,71449.24353331397,55
5905,54,Slovakia,16,55 to 59,71449.24353331397,56
5905,54,Slovakia,16,55 to 59,71449.24353331397,57
5905,54,Slovakia,16,55 to 59,71449.24353331397,58
5905,54,Slovakia,16,55 to 59,71449.24353331397,59
5906,54,Slovakia,17,60 to 64,72557.34845833885,60
5906,54,Slovakia,17,60 to 64,72557.34845833885,61
5906,54,Slovakia,17,60 to 64,72557.34845833885,62
5906,54,Slovakia,17,60 to 64,72557.34845833885,63
5906,54,Slovakia,17,60 to 64,72557.34845833885,64
5907,54,Slovakia,18,65 to 69,64912.5757212393,65
5907,54,Slovakia,18,65 to 69,64912.5757212393,66
5907,54,Slovakia,18,65 to 69,64912.5757212393,67
5907,54,Slovakia,18,65 to 69,64912.5757212393,68
5907,54,Slovakia,18,65 to 69,64912.5757212393,69
5908,54,Slovakia,19,70 to 74,45167.84753969642,70
5908,54,Slovakia,19,70 to 74,45167.84753969642,71
5908,54,Slovakia,19,70 to 74,45167.84753969642,72
5908,54,Slovakia,19,70 to 74,45167.84753969642,73
5908,54,Slovakia,19,70 to 74,45167.84753969642,74
5909,54,Slovakia,20,75 to 79,31213.295641975576,75
5909,54,Slovakia,20,75 to 79,31213.295641975576,76
5909,54,Slovakia,20,75 to 79,31213.295641975576,77
5909,54,Slovakia,20,75 to 79,31213.295641975576,78
5909,54,Slovakia,20,75 to 79,31213.295641975576,79
5917,54,Slovakia,30,80 to 84,19722.37567014939,80
5917,54,Slovakia,30,80 to 84,19722.37567014939,81
5917,54,Slovakia,30,80 to 84,19722.37567014939,82
5917,54,Slovakia,30,80 to 84,19722.37567014939,83
5917,54,Slovakia,30,80 to 84,19722.37567014939,84
5918,54,Slovakia,31,85 to 89,11136.122353665396,85
5918,54,Slovakia,31,85 to 89,11136.122353665396,86
5918,54,Slovakia,31,85 to 89,11136.122353665396,87
5918,54,Slovakia,31,85 to 89,11136.122353665396,88
5918,54,Slovakia,31,85 to 89,11136.122353665396,89
5919,54,Slovakia,32,90 to 94,4109.595340183336,90
5919,54,Slovakia,32,90 to 94,4109.595340183336,91
5919,54,Slovakia,32,90 to 94,4109.595340183336,92
5919,54,Slovakia,32,90 to 94,4109.595340183336,93
5919,54,Slovakia,32,90 to 94,4109.595340183336,94
5927,54,Slovakia,235,95 plus,943.0235152109872,95
5927,54,Slovakia,235,95 plus,943.0235152109872,96
5927,54,Slovakia,235,95 plus,943.0235152109872,97
5927,54,Slovakia,235,95 plus,943.0235152109872,98
5927,54,Slovakia,235,95 plus,943.0235152109872,99
5927,54,Slovakia,235,95 plus,943.0235152109872,100
6014,55,Slovenia,11,30 to 34,27380.400399457372,30
6014,55,Slovenia,11,30 to 34,27380.400399457372,31
6014,55,Slovenia,11,30 to 34,27380.400399457372,32
6014,55,Slovenia,11,30 to 34,27380.400399457372,33
6014,55,Slovenia,11,30 to 34,27380.400399457372,34
6015,55,Slovenia,12,35 to 39,30671.239256690187,35
6015,55,Slovenia,12,35 to 39,30671.239256690187,36
6015,55,Slovenia,12,35 to 39,30671.239256690187,37
6015,55,Slovenia,12,35 to 39,30671.239256690187,38
6015,55,Slovenia,12,35 to 39,30671.239256690187,39
6016,55,Slovenia,13,40 to 44,31141.882395287266,40
6016,55,Slovenia,13,40 to 44,31141.882395287266,41
6016,55,Slovenia,13,40 to 44,31141.882395287266,42
6016,55,Slovenia,13,40 to 44,31141.882395287266,43
6016,55,Slovenia,13,40 to 44,31141.882395287266,44
6017,55,Slovenia,14,45 to 49,29262.60416794735,45
6017,55,Slovenia,14,45 to 49,29262.60416794735,46
6017,55,Slovenia,14,45 to 49,29262.60416794735,47
6017,55,Slovenia,14,45 to 49,29262.60416794735,48
6017,55,Slovenia,14,45 to 49,29262.60416794735,49
6018,55,Slovenia,15,50 to 54,30715.993236751452,50
6018,55,Slovenia,15,50 to 54,30715.993236751452,51
6018,55,Slovenia,15,50 to 54,30715.993236751452,52
6018,55,Slovenia,15,50 to 54,30715.993236751452,53
6018,55,Slovenia,15,50 to 54,30715.993236751452,54
6019,55,Slovenia,16,55 to 59,29861.096443965787,55
6019,55,Slovenia,16,55 to 59,29861.096443965787,56
6019,55,Slovenia,16,55 to 59,29861.096443965787,57
6019,55,Slovenia,16,55 to 59,29861.096443965787,58
6019,55,Slovenia,16,55 to 59,29861.096443965787,59
6020,55,Slovenia,17,60 to 64,29145.32708990249,60
6020,55,Slovenia,17,60 to 64,29145.32708990249,61
6020,55,Slovenia,17,60 to 64,29145.32708990249,62
6020,55,Slovenia,17,60 to 64,29145.32708990249,63
6020,55,Slovenia,17,60 to 64,29145.32708990249,64
6021,55,Slovenia,18,65 to 69,26318.81452924254,65
6021,55,Slovenia,18,65 to 69,26318.81452924254,66
6021,55,Slovenia,18,65 to 69,26318.81452924254,67
6021,55,Slovenia,18,65 to 69,26318.81452924254,68
6021,55,Slovenia,18,65 to 69,26318.81452924254,69
6022,55,Slovenia,19,70 to 74,18174.75611415428,70
6022,55,Slovenia,19,70 to 74,18174.75611415428,71
6022,55,Slovenia,19,70 to 74,18174.75611415428,72
6022,55,Slovenia,19,70 to 74,18174.75611415428,73
6022,55,Slovenia,19,70 to 74,18174.75611415428,74
6023,55,Slovenia,20,75 to 79,16022.739442363923,75
6023,55,Slovenia,20,75 to 79,16022.739442363923,76
6023,55,Slovenia,20,75 to 79,16022.739442363923,77
6023,55,Slovenia,20,75 to 79,16022.739442363923,78
6023,55,Slovenia,20,75 to 79,16022.739442363923,79
6031,55,Slovenia,30,80 to 84,11638.156177191786,80
6031,55,Slovenia,30,80 to 84,11638.156177191786,81
6031,55,Slovenia,30,80 to 84,11638.156177191786,82
6031,55,Slovenia,30,80 to 84,11638.156177191786,83
6031,55,Slovenia,30,80 to 84,11638.156177191786,84
6032,55,Slovenia,31,85 to 89,7409.104237162765,85
6032,55,Slovenia,31,85 to 89,7409.104237162765,86
6032,55,Slovenia,31,85 to 89,7409.104237162765,87
6032,55,Slovenia,31,85 to 89,7409.104237162765,88
6032,55,Slovenia,31,85 to 89,7409.104237162765,89
6033,55,Slovenia,32,90 to 94,3272.525660108033,90
6033,55,Slovenia,32,90 to 94,3272.525660108033,91
6033,55,Slovenia,32,90 to 94,3272.525660108033,92
6033,55,Slovenia,32,90 to 94,3272.525660108033,93
6033,55,Slovenia,32,90 to 94,3272.525660108033,94
6041,55,Slovenia,235,95 plus,771.4498151117131,95
6041,55,Slovenia,235,95 plus,771.4498151117131,96
6041,55,Slovenia,235,95 plus,771.4498151117131,97
6041,55,Slovenia,235,95 plus,771.4498151117131,98
6041,55,Slovenia,235,95 plus,771.4498151117131,99
6041,55,Slovenia,235,95 plus,771.4498151117131,100
6242,57,Belarus,11,30 to 34,155387.9431121665,30
6242,57,Belarus,11,30 to 34,155387.9431121665,31
6242,57,Belarus,11,30 to 34,155387.9431121665,32
6242,57,Belarus,11,30 to 34,155387.9431121665,33
6242,57,Belarus,11,30 to 34,155387.9431121665,34
6243,57,Belarus,12,35 to 39,148105.7707737615,35
6243,57,Belarus,12,35 to 39,148105.7707737615,36
6243,57,Belarus,12,35 to 39,148105.7707737615,37
6243,57,Belarus,12,35 to 39,148105.7707737615,38
6243,57,Belarus,12,35 to 39,148105.7707737615,39
6244,57,Belarus,13,40 to 44,133606.98385947593,40
6244,57,Belarus,13,40 to 44,133606.98385947593,41
6244,57,Belarus,13,40 to 44,133606.98385947593,42
6244,57,Belarus,13,40 to 44,133606.98385947593,43
6244,57,Belarus,13,40 to 44,133606.98385947593,44
6245,57,Belarus,14,45 to 49,127664.34660916174,45
6245,57,Belarus,14,45 to 49,127664.34660916174,46
6245,57,Belarus,14,45 to 49,127664.34660916174,47
6245,57,Belarus,14,45 to 49,127664.34660916174,48
6245,57,Belarus,14,45 to 49,127664.34660916174,49
6246,57,Belarus,15,50 to 54,126925.29793863054,50
6246,57,Belarus,15,50 to 54,126925.29793863054,51
6246,57,Belarus,15,50 to 54,126925.29793863054,52
6246,57,Belarus,15,50 to 54,126925.29793863054,53
6246,57,Belarus,15,50 to 54,126925.29793863054,54
6247,57,Belarus,16,55 to 59,146401.6679579332,55
6247,57,Belarus,16,55 to 59,146401.6679579332,56
6247,57,Belarus,16,55 to 59,146401.6679579332,57
6247,57,Belarus,16,55 to 59,146401.6679579332,58
6247,57,Belarus,16,55 to 59,146401.6679579332,59
6248,57,Belarus,17,60 to 64,137898.00800047955,60
6248,57,Belarus,17,60 to 64,137898.00800047955,61
6248,57,Belarus,17,60 to 64,137898.00800047955,62
6248,57,Belarus,17,60 to 64,137898.00800047955,63
6248,57,Belarus,17,60 to 64,137898.00800047955,64
6249,57,Belarus,18,65 to 69,102320.84969923747,65
6249,57,Belarus,18,65 to 69,102320.84969923747,66
6249,57,Belarus,18,65 to 69,102320.84969923747,67
6249,57,Belarus,18,65 to 69,102320.84969923747,68
6249,57,Belarus,18,65 to 69,102320.84969923747,69
6250,57,Belarus,19,70 to 74,64868.746780913054,70
6250,57,Belarus,19,70 to 74,64868.746780913054,71
6250,57,Belarus,19,70 to 74,64868.746780913054,72
6250,57,Belarus,19,70 to 74,64868.746780913054,73
6250,57,Belarus,19,70 to 74,64868.746780913054,74
6251,57,Belarus,20,75 to 79,46288.74455736244,75
6251,57,Belarus,20,75 to 79,46288.74455736244,76
6251,57,Belarus,20,75 to 79,46288.74455736244,77
6251,57,Belarus,20,75 to 79,46288.74455736244,78
6251,57,Belarus,20,75 to 79,46288.74455736244,79
6259,57,Belarus,30,80 to 84,42448.568791289035,80
6259,57,Belarus,30,80 to 84,42448.568791289035,81
6259,57,Belarus,30,80 to 84,42448.568791289035,82
6259,57,Belarus,30,80 to 84,42448.568791289035,83
6259,57,Belarus,30,80 to 84,42448.568791289035,84
6260,57,Belarus,31,85 to 89,21705.651428191362,85
6260,57,Belarus,31,85 to 89,21705.651428191362,86
6260,57,Belarus,31,85 to 89,21705.651428191362,87
6260,57,Belarus,31,85 to 89,21705.651428191362,88
6260,57,Belarus,31,85 to 89,21705.651428191362,89
6261,57,Belarus,32,90 to 94,9138.503163784048,90
6261,57,Belarus,32,90 to 94,9138.503163784048,91
6261,57,Belarus,32,90 to 94,9138.503163784048,92
6261,57,Belarus,32,90 to 94,9138.503163784048,93
6261,57,Belarus,32,90 to 94,9138.503163784048,94
6269,57,Belarus,235,95 plus,1601.3464594685531,95
6269,57,Belarus,235,95 plus,1601.3464594685531,96
6269,57,Belarus,235,95 plus,1601.3464594685531,97
6269,57,Belarus,235,95 plus,1601.3464594685531,98
6269,57,Belarus,235,95 plus,1601.3464594685531,99
6269,57,Belarus,235,95 plus,1601.3464594685531,100
6356,58,Estonia,11,30 to 34,19681.57694004895,30
6356,58,Estonia,11,30 to 34,19681.57694004895,31
6356,58,Estonia,11,30 to 34,19681.57694004895,32
6356,58,Estonia,11,30 to 34,19681.57694004895,33
6356,58,Estonia,11,30 to 34,19681.57694004895,34
6357,58,Estonia,12,35 to 39,18335.54467786633,35
6357,58,Estonia,12,35 to 39,18335.54467786633,36
6357,58,Estonia,12,35 to 39,18335.54467786633,37
6357,58,Estonia,12,35 to 39,18335.54467786633,38
6357,58,Estonia,12,35 to 39,18335.54467786633,39
6358,58,Estonia,13,40 to 44,17907.173733026335,40
6358,58,Estonia,13,40 to 44,17907.173733026335,41
6358,58,Estonia,13,40 to 44,17907.173733026335,42
6358,58,Estonia,13,40 to 44,17907.173733026335,43
6358,58,Estonia,13,40 to 44,17907.173733026335,44
6359,58,Estonia,14,45 to 49,17979.84022820011,45
6359,58,Estonia,14,45 to 49,17979.84022820011,46
6359,58,Estonia,14,45 to 49,17979.84022820011,47
6359,58,Estonia,14,45 to 49,17979.84022820011,48
6359,58,Estonia,14,45 to 49,17979.84022820011,49
6360,58,Estonia,15,50 to 54,16347.68413000452,50
6360,58,Estonia,15,50 to 54,16347.68413000452,51
6360,58,Estonia,15,50 to 54,16347.68413000452,52
6360,58,Estonia,15,50 to 54,16347.68413000452,53
6360,58,Estonia,15,50 to 54,16347.68413000452,54
6361,58,Estonia,16,55 to 59,17508.959140835825,55
6361,58,Estonia,16,55 to 59,17508.959140835825,56
6361,58,Estonia,16,55 to 59,17508.959140835825,57
6361,58,Estonia,16,55 to 59,17508.959140835825,58
6361,58,Estonia,16,55 to 59,17508.959140835825,59
6362,58,Estonia,17,60 to 64,16902.400894862352,60
6362,58,Estonia,17,60 to 64,16902.400894862352,61
6362,58,Estonia,17,60 to 64,16902.400894862352,62
6362,58,Estonia,17,60 to 64,16902.400894862352,63
6362,58,Estonia,17,60 to 64,16902.400894862352,64
6363,58,Estonia,18,65 to 69,15379.81334887791,65
6363,58,Estonia,18,65 to 69,15379.81334887791,66
6363,58,Estonia,18,65 to 69,15379.81334887791,67
6363,58,Estonia,18,65 to 69,15379.81334887791,68
6363,58,Estonia,18,65 to 69,15379.81334887791,69
6364,58,Estonia,19,70 to 74,11673.771127116504,70
6364,58,Estonia,19,70 to 74,11673.771127116504,71
6364,58,Estonia,19,70 to 74,11673.771127116504,72
6364,58,Estonia,19,70 to 74,11673.771127116504,73
6364,58,Estonia,19,70 to 74,11673.771127116504,74
6365,58,Estonia,20,75 to 79,10293.005207302398,75
6365,58,Estonia,20,75 to 79,10293.005207302398,76
6365,58,Estonia,20,75 to 79,10293.005207302398,77
6365,58,Estonia,20,75 to 79,10293.005207302398,78
6365,58,Estonia,20,75 to 79,10293.005207302398,79
6373,58,Estonia,30,80 to 84,8055.242787601751,80
6373,58,Estonia,30,80 to 84,8055.242787601751,81
6373,58,Estonia,30,80 to 84,8055.242787601751,82
6373,58,Estonia,30,80 to 84,8055.242787601751,83
6373,58,Estonia,30,80 to 84,8055.242787601751,84
6374,58,Estonia,31,85 to 89,4644.903968042681,85
6374,58,Estonia,31,85 to 89,4644.903968042681,86
6374,58,Estonia,31,85 to 89,4644.903968042681,87
6374,58,Estonia,31,85 to 89,4644.903968042681,88
6374,58,Estonia,31,85 to 89,4644.903968042681,89
6375,58,Estonia,32,90 to 94,1847.4415597337552,90
6375,58,Estonia,32,90 to 94,1847.4415597337552,91
6375,58,Estonia,32,90 to 94,1847.4415597337552,92
6375,58,Estonia,32,90 to 94,1847.4415597337552,93
6375,58,Estonia,32,90 to 94,1847.4415597337552,94
6383,58,Estonia,235,95 plus,295.74920952985013,95
6383,58,Estonia,235,95 plus,295.74920952985013,96
6383,58,Estonia,235,95 plus,295.74920952985013,97
6383,58,Estonia,235,95 plus,295.74920952985013,98
6383,58,Estonia,235,95 plus,295.74920952985013,99
6383,58,Estonia,235,95 plus,295.74920952985013,100
6470,59,Latvia,11,30 to 34,27503.21050565468,30
6470,59,Latvia,11,30 to 34,27503.21050565468,31
6470,59,Latvia,11,30 to 34,27503.21050565468,32
6470,59,Latvia,11,30 to 34,27503.21050565468,33
6470,59,Latvia,11,30 to 34,27503.21050565468,34
6471,59,Latvia,12,35 to 39,25367.737485413352,35
6471,59,Latvia,12,35 to 39,25367.737485413352,36
6471,59,Latvia,12,35 to 39,25367.737485413352,37
6471,59,Latvia,12,35 to 39,25367.737485413352,38
6471,59,Latvia,12,35 to 39,25367.737485413352,39
6472,59,Latvia,13,40 to 44,25156.674039079473,40
6472,59,Latvia,13,40 to 44,25156.674039079473,41
6472,59,Latvia,13,40 to 44,25156.674039079473,42
6472,59,Latvia,13,40 to 44,25156.674039079473,43
6472,59,Latvia,13,40 to 44,25156.674039079473,44
6473,59,Latvia,14,45 to 49,26401.234167508246,45
6473,59,Latvia,14,45 to 49,26401.234167508246,46
6473,59,Latvia,14,45 to 49,26401.234167508246,47
6473,59,Latvia,14,45 to 49,26401.234167508246,48
6473,59,Latvia,14,45 to 49,26401.234167508246,49
6474,59,Latvia,15,50 to 54,25828.478226735464,50
6474,59,Latvia,15,50 to 54,25828.478226735464,51
6474,59,Latvia,15,50 to 54,25828.478226735464,52
6474,59,Latvia,15,50 to 54,25828.478226735464,53
6474,59,Latvia,15,50 to 54,25828.478226735464,54
6475,59,Latvia,16,55 to 59,28273.8742777618,55
6475,59,Latvia,16,55 to 59,28273.8742777618,56
6475,59,Latvia,16,55 to 59,28273.8742777618,57
6475,59,Latvia,16,55 to 59,28273.8742777618,58
6475,59,Latvia,16,55 to 59,28273.8742777618,59
6476,59,Latvia,17,60 to 64,25949.64733800933,60
6476,59,Latvia,17,60 to 64,25949.64733800933,61
6476,59,Latvia,17,60 to 64,25949.64733800933,62
6476,59,Latvia,17,60 to 64,25949.64733800933,63
6476,59,Latvia,17,60 to 64,25949.64733800933,64
6477,59,Latvia,18,65 to 69,22144.901084163823,65
6477,59,Latvia,18,65 to 69,22144.901084163823,66
6477,59,Latvia,18,65 to 69,22144.901084163823,67
6477,59,Latvia,18,65 to 69,22144.901084163823,68
6477,59,Latvia,18,65 to 69,22144.901084163823,69
6478,59,Latvia,19,70 to 74,17332.312566552337,70
6478,59,Latvia,19,70 to 74,17332.312566552337,71
6478,59,Latvia,19,70 to 74,17332.312566552337,72
6478,59,Latvia,19,70 to 74,17332.312566552337,73
6478,59,Latvia,19,70 to 74,17332.312566552337,74
6479,59,Latvia,20,75 to 79,17025.79953192521,75
6479,59,Latvia,20,75 to 79,17025.79953192521,76
6479,59,Latvia,20,75 to 79,17025.79953192521,77
6479,59,Latvia,20,75 to 79,17025.79953192521,78
6479,59,Latvia,20,75 to 79,17025.79953192521,79
6487,59,Latvia,30,80 to 84,12133.2448293226,80
6487,59,Latvia,30,80 to 84,12133.2448293226,81
6487,59,Latvia,30,80 to 84,12133.2448293226,82
6487,59,Latvia,30,80 to 84,12133.2448293226,83
6487,59,Latvia,30,80 to 84,12133.2448293226,84
6488,59,Latvia,31,85 to 89,6646.134050037728,85
6488,59,Latvia,31,85 to 89,6646.134050037728,86
6488,59,Latvia,31,85 to 89,6646.134050037728,87
6488,59,Latvia,31,85 to 89,6646.134050037728,88
6488,59,Latvia,31,85 to 89,6646.134050037728,89
6489,59,Latvia,32,90 to 94,2640.901500096158,90
6489,59,Latvia,32,90 to 94,2640.901500096158,91
6489,59,Latvia,32,90 to 94,2640.901500096158,92
6489,59,Latvia,32,90 to 94,2640.901500096158,93
6489,59,Latvia,32,90 to 94,2640.901500096158,94
6497,59,Latvia,235,95 plus,405.28128896296204,95
6497,59,Latvia,235,95 plus,405.28128896296204,96
6497,59,Latvia,235,95 plus,405.28128896296204,97
6497,59,Latvia,235,95 plus,405.28128896296204,98
6497,59,Latvia,235,95 plus,405.28128896296204,99
6497,59,Latvia,235,95 plus,405.28128896296204,100
6584,60,Lithuania,11,30 to 34,36437.308631385284,30
6584,60,Lithuania,11,30 to 34,36437.308631385284,31
6584,60,Lithuania,11,30 to 34,36437.308631385284,32
6584,60,Lithuania,11,30 to 34,36437.308631385284,33
6584,60,Lithuania,11,30 to 34,36437.308631385284,34
6585,60,Lithuania,12,35 to 39,33010.57978413384,35
6585,60,Lithuania,12,35 to 39,33010.57978413384,36
6585,60,Lithuania,12,35 to 39,33010.57978413384,37
6585,60,Lithuania,12,35 to 39,33010.57978413384,38
6585,60,Lithuania,12,35 to 39,33010.57978413384,39
6586,60,Lithuania,13,40 to 44,35017.95217324917,40
6586,60,Lithuania,13,40 to 44,35017.95217324917,41
6586,60,Lithuania,13,40 to 44,35017.95217324917,42
6586,60,Lithuania,13,40 to 44,35017.95217324917,43
6586,60,Lithuania,13,40 to 44,35017.95217324917,44
6587,60,Lithuania,14,45 to 49,39321.492966606784,45
6587,60,Lithuania,14,45 to 49,39321.492966606784,46
6587,60,Lithuania,14,45 to 49,39321.492966606784,47
6587,60,Lithuania,14,45 to 49,39321.492966606784,48
6587,60,Lithuania,14,45 to 49,39321.492966606784,49
6588,60,Lithuania,15,50 to 54,40570.63984644162,50
6588,60,Lithuania,15,50 to 54,40570.63984644162,51
6588,60,Lithuania,15,50 to 54,40570.63984644162,52
6588,60,Lithuania,15,50 to 54,40570.63984644162,53
6588,60,Lithuania,15,50 to 54,40570.63984644162,54
6589,60,Lithuania,16,55 to 59,44232.38400861592,55
6589,60,Lithuania,16,55 to 59,44232.38400861592,56
6589,60,Lithuania,16,55 to 59,44232.38400861592,57
6589,60,Lithuania,16,55 to 59,44232.38400861592,58
6589,60,Lithuania,16,55 to 59,44232.38400861592,59
6590,60,Lithuania,17,60 to 64,37537.98530597802,60
6590,60,Lithuania,17,60 to 64,37537.98530597802,61
6590,60,Lithuania,17,60 to 64,37537.98530597802,62
6590,60,Lithuania,17,60 to 64,37537.98530597802,63
6590,60,Lithuania,17,60 to 64,37537.98530597802,64
6591,60,Lithuania,18,65 to 69,31011.9526609261,65
6591,60,Lithuania,18,65 to 69,31011.9526609261,66
6591,60,Lithuania,18,65 to 69,31011.9526609261,67
6591,60,Lithuania,18,65 to 69,31011.9526609261,68
6591,60,Lithuania,18,65 to 69,31011.9526609261,69
6592,60,Lithuania,19,70 to 74,24191.124535145085,70
6592,60,Lithuania,19,70 to 74,24191.124535145085,71
6592,60,Lithuania,19,70 to 74,24191.124535145085,72
6592,60,Lithuania,19,70 to 74,24191.124535145085,73
6592,60,Lithuania,19,70 to 74,24191.124535145085,74
6593,60,Lithuania,20,75 to 79,23337.237887133488,75
6593,60,Lithuania,20,75 to 79,23337.237887133488,76
6593,60,Lithuania,20,75 to 79,23337.237887133488,77
6593,60,Lithuania,20,75 to 79,23337.237887133488,78
6593,60,Lithuania,20,75 to 79,23337.237887133488,79
6601,60,Lithuania,30,80 to 84,17942.54736873482,80
6601,60,Lithuania,30,80 to 84,17942.54736873482,81
6601,60,Lithuania,30,80 to 84,17942.54736873482,82
6601,60,Lithuania,30,80 to 84,17942.54736873482,83
6601,60,Lithuania,30,80 to 84,17942.54736873482,84
6602,60,Lithuania,31,85 to 89,10120.419749409393,85
6602,60,Lithuania,31,85 to 89,10120.419749409393,86
6602,60,Lithuania,31,85 to 89,10120.419749409393,87
6602,60,Lithuania,31,85 to 89,10120.419749409393,88
6602,60,Lithuania,31,85 to 89,10120.419749409393,89
6603,60,Lithuania,32,90 to 94,3776.326909388424,90
6603,60,Lithuania,32,90 to 94,3776.326909388424,91
6603,60,Lithuania,32,90 to 94,3776.326909388424,92
6603,60,Lithuania,32,90 to 94,3776.326909388424,93
6603,60,Lithuania,32,90 to 94,3776.326909388424,94
6611,60,Lithuania,235,95 plus,545.7765080451094,95
6611,60,Lithuania,235,95 plus,545.7765080451094,96
6611,60,Lithuania,235,95 plus,545.7765080451094,97
6611,60,Lithuania,235,95 plus,545.7765080451094,98
6611,60,Lithuania,235,95 plus,545.7765080451094,99
6611,60,Lithuania,235,95 plus,545.7765080451094,100
6698,61,Republic of Moldova,11,30 to 34,65839.38397861863,30
6698,61,Republic of Moldova,11,30 to 34,65839.38397861863,31
6698,61,Republic of Moldova,11,30 to 34,65839.38397861863,32
6698,61,Republic of Moldova,11,30 to 34,65839.38397861863,33
6698,61,Republic of Moldova,11,30 to 34,65839.38397861863,34
6699,61,Republic of Moldova,12,35 to 39,61927.970232025466,35
6699,61,Republic of Moldova,12,35 to 39,61927.970232025466,36
6699,61,Republic of Moldova,12,35 to 39,61927.970232025466,37
6699,61,Republic of Moldova,12,35 to 39,61927.970232025466,38
6699,61,Republic of Moldova,12,35 to 39,61927.970232025466,39
6700,61,Republic of Moldova,13,40 to 44,55777.478056374835,40
6700,61,Republic of Moldova,13,40 to 44,55777.478056374835,41
6700,61,Republic of Moldova,13,40 to 44,55777.478056374835,42
6700,61,Republic of Moldova,13,40 to 44,55777.478056374835,43
6700,61,Republic of Moldova,13,40 to 44,55777.478056374835,44
6701,61,Republic of Moldova,14,45 to 49,49205.27994533026,45
6701,61,Republic of Moldova,14,45 to 49,49205.27994533026,46
6701,61,Republic of Moldova,14,45 to 49,49205.27994533026,47
6701,61,Republic of Moldova,14,45 to 49,49205.27994533026,48
6701,61,Republic of Moldova,14,45 to 49,49205.27994533026,49
6702,61,Republic of Moldova,15,50 to 54,46643.134726898206,50
6702,61,Republic of Moldova,15,50 to 54,46643.134726898206,51
6702,61,Republic of Moldova,15,50 to 54,46643.134726898206,52
6702,61,Republic of Moldova,15,50 to 54,46643.134726898206,53
6702,61,Republic of Moldova,15,50 to 54,46643.134726898206,54
6703,61,Republic of Moldova,16,55 to 59,53632.19442994472,55
6703,61,Republic of Moldova,16,55 to 59,53632.19442994472,56
6703,61,Republic of Moldova,16,55 to 59,53632.19442994472,57
6703,61,Republic of Moldova,16,55 to 59,53632.19442994472,58
6703,61,Republic of Moldova,16,55 to 59,53632.19442994472,59
6704,61,Republic of Moldova,17,60 to 64,48833.61222363071,60
6704,61,Republic of Moldova,17,60 to 64,48833.61222363071,61
6704,61,Republic of Moldova,17,60 to 64,48833.61222363071,62
6704,61,Republic of Moldova,17,60 to 64,48833.61222363071,63
6704,61,Republic of Moldova,17,60 to 64,48833.61222363071,64
6705,61,Republic of Moldova,18,65 to 69,41282.8845041448,65
6705,61,Republic of Moldova,18,65 to 69,41282.8845041448,66
6705,61,Republic of Moldova,18,65 to 69,41282.8845041448,67
6705,61,Republic of Moldova,18,65 to 69,41282.8845041448,68
6705,61,Republic of Moldova,18,65 to 69,41282.8845041448,69
6706,61,Republic of Moldova,19,70 to 74,20311.62762123405,70
6706,61,Republic of Moldova,19,70 to 74,20311.62762123405,71
6706,61,Republic of Moldova,19,70 to 74,20311.62762123405,72
6706,61,Republic of Moldova,19,70 to 74,20311.62762123405,73
6706,61,Republic of Moldova,19,70 to 74,20311.62762123405,74
6707,61,Republic of Moldova,20,75 to 79,19441.132531169416,75
6707,61,Republic of Moldova,20,75 to 79,19441.132531169416,76
6707,61,Republic of Moldova,20,75 to 79,19441.132531169416,77
6707,61,Republic of Moldova,20,75 to 79,19441.132531169416,78
6707,61,Republic of Moldova,20,75 to 79,19441.132531169416,79
6715,61,Republic of Moldova,30,80 to 84,14153.956505626895,80
6715,61,Republic of Moldova,30,80 to 84,14153.956505626895,81
6715,61,Republic of Moldova,30,80 to 84,14153.956505626895,82
6715,61,Republic of Moldova,30,80 to 84,14153.956505626895,83
6715,61,Republic of Moldova,30,80 to 84,14153.956505626895,84
6716,61,Republic of Moldova,31,85 to 89,6552.696977732047,85
6716,61,Republic of Moldova,31,85 to 89,6552.696977732047,86
6716,61,Republic of Moldova,31,85 to 89,6552.696977732047,87
6716,61,Republic of Moldova,31,85 to 89,6552.696977732047,88
6716,61,Republic of Moldova,31,85 to 89,6552.696977732047,89
6717,61,Republic of Moldova,32,90 to 94,2976.442119968628,90
6717,61,Republic of Moldova,32,90 to 94,2976.442119968628,91
6717,61,Republic of Moldova,32,90 to 94,2976.442119968628,92
6717,61,Republic of Moldova,32,90 to 94,2976.442119968628,93
6717,61,Republic of Moldova,32,90 to 94,2976.442119968628,94
6725,61,Republic of Moldova,235,95 plus,762.2315978244059,95
6725,61,Republic of Moldova,235,95 plus,762.2315978244059,96
6725,61,Republic of Moldova,235,95 plus,762.2315978244059,97
6725,61,Republic of Moldova,235,95 plus,762.2315978244059,98
6725,61,Republic of Moldova,235,95 plus,762.2315978244059,99
6725,61,Republic of Moldova,235,95 plus,762.2315978244059,100
6812,62,Russian Federation,11,30 to 34,2507327.1950873584,30
6812,62,Russian Federation,11,30 to 34,2507327.1950873584,31
6812,62,Russian Federation,11,30 to 34,2507327.1950873584,32
6812,62,Russian Federation,11,30 to 34,2507327.1950873584,33
6812,62,Russian Federation,11,30 to 34,2507327.1950873584,34
6813,62,Russian Federation,12,35 to 39,2373920.328273648,35
6813,62,Russian Federation,12,35 to 39,2373920.328273648,36
6813,62,Russian Federation,12,35 to 39,2373920.328273648,37
6813,62,Russian Federation,12,35 to 39,2373920.328273648,38
6813,62,Russian Federation,12,35 to 39,2373920.328273648,39
6814,62,Russian Federation,13,40 to 44,2131847.6908988734,40
6814,62,Russian Federation,13,40 to 44,2131847.6908988734,41
6814,62,Russian Federation,13,40 to 44,2131847.6908988734,42
6814,62,Russian Federation,13,40 to 44,2131847.6908988734,43
6814,62,Russian Federation,13,40 to 44,2131847.6908988734,44
6815,62,Russian Federation,14,45 to 49,1958680.217522788,45
6815,62,Russian Federation,14,45 to 49,1958680.217522788,46
6815,62,Russian Federation,14,45 to 49,1958680.217522788,47
6815,62,Russian Federation,14,45 to 49,1958680.217522788,48
6815,62,Russian Federation,14,45 to 49,1958680.217522788,49
6816,62,Russian Federation,15,50 to 54,1757786.6877179178,50
6816,62,Russian Federation,15,50 to 54,1757786.6877179178,51
6816,62,Russian Federation,15,50 to 54,1757786.6877179178,52
6816,62,Russian Federation,15,50 to 54,1757786.6877179178,53
6816,62,Russian Federation,15,50 to 54,1757786.6877179178,54
6817,62,Russian Federation,16,55 to 59,2110573.964613307,55
6817,62,Russian Federation,16,55 to 59,2110573.964613307,56
6817,62,Russian Federation,16,55 to 59,2110573.964613307,57
6817,62,Russian Federation,16,55 to 59,2110573.964613307,58
6817,62,Russian Federation,16,55 to 59,2110573.964613307,59
6818,62,Russian Federation,17,60 to 64,2020452.8703333356,60
6818,62,Russian Federation,17,60 to 64,2020452.8703333356,61
6818,62,Russian Federation,17,60 to 64,2020452.8703333356,62
6818,62,Russian Federation,17,60 to 64,2020452.8703333356,63
6818,62,Russian Federation,17,60 to 64,2020452.8703333356,64
6819,62,Russian Federation,18,65 to 69,1636030.6511222313,65
6819,62,Russian Federation,18,65 to 69,1636030.6511222313,66
6819,62,Russian Federation,18,65 to 69,1636030.6511222313,67
6819,62,Russian Federation,18,65 to 69,1636030.6511222313,68
6819,62,Russian Federation,18,65 to 69,1636030.6511222313,69
6820,62,Russian Federation,19,70 to 74,1013124.3633742409,70
6820,62,Russian Federation,19,70 to 74,1013124.3633742409,71
6820,62,Russian Federation,19,70 to 74,1013124.3633742409,72
6820,62,Russian Federation,19,70 to 74,1013124.3633742409,73
6820,62,Russian Federation,19,70 to 74,1013124.3633742409,74
6821,62,Russian Federation,20,75 to 79,643516.7444273826,75
6821,62,Russian Federation,20,75 to 79,643516.7444273826,76
6821,62,Russian Federation,20,75 to 79,643516.7444273826,77
6821,62,Russian Federation,20,75 to 79,643516.7444273826,78
6821,62,Russian Federation,20,75 to 79,643516.7444273826,79
6829,62,Russian Federation,30,80 to 84,635329.3833081315,80
6829,62,Russian Federation,30,80 to 84,635329.3833081315,81
6829,62,Russian Federation,30,80 to 84,635329.3833081315,82
6829,62,Russian Federation,30,80 to 84,635329.3833081315,83
6829,62,Russian Federation,30,80 to 84,635329.3833081315,84
6830,62,Russian Federation,31,85 to 89,283645.56539133965,85
6830,62,Russian Federation,31,85 to 89,283645.56539133965,86
6830,62,Russian Federation,31,85 to 89,283645.56539133965,87
6830,62,Russian Federation,31,85 to 89,283645.56539133965,88
6830,62,Russian Federation,31,85 to 89,283645.56539133965,89
6831,62,Russian Federation,32,90 to 94,128099.77527227376,90
6831,62,Russian Federation,32,90 to 94,128099.77527227376,91
6831,62,Russian Federation,32,90 to 94,128099.77527227376,92
6831,62,Russian Federation,32,90 to 94,128099.77527227376,93
6831,62,Russian Federation,32,90 to 94,128099.77527227376,94
6839,62,Russian Federation,235,95 plus,17876.569592167787,95
6839,62,Russian Federation,235,95 plus,17876.569592167787,96
6839,62,Russian Federation,235,95 plus,17876.569592167787,97
6839,62,Russian Federation,235,95 plus,17876.569592167787,98
6839,62,Russian Federation,235,95 plus,17876.569592167787,99
6839,62,Russian Federation,235,95 plus,17876.569592167787,100
6926,63,Ukraine,11,30 to 34,733495.9975266375,30
6926,63,Ukraine,11,30 to 34,733495.9975266375,31
6926,63,Ukraine,11,30 to 34,733495.9975266375,32
6926,63,Ukraine,11,30 to 34,733495.9975266375,33
6926,63,Ukraine,11,30 to 34,733495.9975266375,34
6927,63,Ukraine,12,35 to 39,717363.0190659136,35
6927,63,Ukraine,12,35 to 39,717363.0190659136,36
6927,63,Ukraine,12,35 to 39,717363.0190659136,37
6927,63,Ukraine,12,35 to 39,717363.0190659136,38
6927,63,Ukraine,12,35 to 39,717363.0190659136,39
6928,63,Ukraine,13,40 to 44,651843.3502293353,40
6928,63,Ukraine,13,40 to 44,651843.3502293353,41
6928,63,Ukraine,13,40 to 44,651843.3502293353,42
6928,63,Ukraine,13,40 to 44,651843.3502293353,43
6928,63,Ukraine,13,40 to 44,651843.3502293353,44
6929,63,Ukraine,14,45 to 49,616190.9088064643,45
6929,63,Ukraine,14,45 to 49,616190.9088064643,46
6929,63,Ukraine,14,45 to 49,616190.9088064643,47
6929,63,Ukraine,14,45 to 49,616190.9088064643,48
6929,63,Ukraine,14,45 to 49,616190.9088064643,49
6930,63,Ukraine,15,50 to 54,576108.0073988356,50
6930,63,Ukraine,15,50 to 54,576108.0073988356,51
6930,63,Ukraine,15,50 to 54,576108.0073988356,52
6930,63,Ukraine,15,50 to 54,576108.0073988356,53
6930,63,Ukraine,15,50 to 54,576108.0073988356,54
6931,63,Ukraine,16,55 to 59,642454.8462728644,55
6931,63,Ukraine,16,55 to 59,642454.8462728644,56
6931,63,Ukraine,16,55 to 59,642454.8462728644,57
6931,63,Ukraine,16,55 to 59,642454.8462728644,58
6931,63,Ukraine,16,55 to 59,642454.8462728644,59
6932,63,Ukraine,17,60 to 64,606274.745618467,60
6932,63,Ukraine,17,60 to 64,606274.745618467,61
6932,63,Ukraine,17,60 to 64,606274.745618467,62
6932,63,Ukraine,17,60 to 64,606274.745618467,63
6932,63,Ukraine,17,60 to 64,606274.745618467,64
6933,63,Ukraine,18,65 to 69,502231.59070642816,65
6933,63,Ukraine,18,65 to 69,502231.59070642816,66
6933,63,Ukraine,18,65 to 69,502231.59070642816,67
6933,63,Ukraine,18,65 to 69,502231.59070642816,68
6933,63,Ukraine,18,65 to 69,502231.59070642816,69
6934,63,Ukraine,19,70 to 74,326767.35002814804,70
6934,63,Ukraine,19,70 to 74,326767.35002814804,71
6934,63,Ukraine,19,70 to 74,326767.35002814804,72
6934,63,Ukraine,19,70 to 74,326767.35002814804,73
6934,63,Ukraine,19,70 to 74,326767.35002814804,74
6935,63,Ukraine,20,75 to 79,260777.5343484446,75
6935,63,Ukraine,20,75 to 79,260777.5343484446,76
6935,63,Ukraine,20,75 to 79,260777.5343484446,77
6935,63,Ukraine,20,75 to 79,260777.5343484446,78
6935,63,Ukraine,20,75 to 79,260777.5343484446,79
6943,63,Ukraine,30,80 to 84,227915.77471778257,80
6943,63,Ukraine,30,80 to 84,227915.77471778257,81
6943,63,Ukraine,30,80 to 84,227915.77471778257,82
6943,63,Ukraine,30,80 to 84,227915.77471778257,83
6943,63,Ukraine,30,80 to 84,227915.77471778257,84
6944,63,Ukraine,31,85 to 89,85959.89220132677,85
6944,63,Ukraine,31,85 to 89,85959.89220132677,86
6944,63,Ukraine,31,85 to 89,85959.89220132677,87
6944,63,Ukraine,31,85 to 89,85959.89220132677,88
6944,63,Ukraine,31,85 to 89,85959.89220132677,89
6945,63,Ukraine,32,90 to 94,35680.11877986591,90
6945,63,Ukraine,32,90 to 94,35680.11877986591,91
6945,63,Ukraine,32,90 to 94,35680.11877986591,92
6945,63,Ukraine,32,90 to 94,35680.11877986591,93
6945,63,Ukraine,32,90 to 94,35680.11877986591,94
6953,63,Ukraine,235,95 plus,5083.012277063567,95
6953,63,Ukraine,235,95 plus,5083.012277063567,96
6953,63,Ukraine,235,95 plus,5083.012277063567,97
6953,63,Ukraine,235,95 plus,5083.012277063567,98
6953,63,Ukraine,235,95 plus,5083.012277063567,99
6953,63,Ukraine,235,95 plus,5083.012277063567,100
7268,66,Brunei Darussalam,11,30 to 34,8848.542143520948,30
7268,66,Brunei Darussalam,11,30 to 34,8848.542143520948,31
7268,66,Brunei Darussalam,11,30 to 34,8848.542143520948,32
7268,66,Brunei Darussalam,11,30 to 34,8848.542143520948,33
7268,66,Brunei Darussalam,11,30 to 34,8848.542143520948,34
7269,66,Brunei Darussalam,12,35 to 39,8096.074170155761,35
7269,66,Brunei Darussalam,12,35 to 39,8096.074170155761,36
7269,66,Brunei Darussalam,12,35 to 39,8096.074170155761,37
7269,66,Brunei Darussalam,12,35 to 39,8096.074170155761,38
7269,66,Brunei Darussalam,12,35 to 39,8096.074170155761,39
7270,66,Brunei Darussalam,13,40 to 44,6940.28328421021,40
7270,66,Brunei Darussalam,13,40 to 44,6940.28328421021,41
7270,66,Brunei Darussalam,13,40 to 44,6940.28328421021,42
7270,66,Brunei Darussalam,13,40 to 44,6940.28328421021,43
7270,66,Brunei Darussalam,13,40 to 44,6940.28328421021,44
7271,66,Brunei Darussalam,14,45 to 49,5935.6486639955865,45
7271,66,Brunei Darussalam,14,45 to 49,5935.6486639955865,46
7271,66,Brunei Darussalam,14,45 to 49,5935.6486639955865,47
7271,66,Brunei Darussalam,14,45 to 49,5935.6486639955865,48
7271,66,Brunei Darussalam,14,45 to 49,5935.6486639955865,49
7272,66,Brunei Darussalam,15,50 to 54,4763.399525409165,50
7272,66,Brunei Darussalam,15,50 to 54,4763.399525409165,51
7272,66,Brunei Darussalam,15,50 to 54,4763.399525409165,52
7272,66,Brunei Darussalam,15,50 to 54,4763.399525409165,53
7272,66,Brunei Darussalam,15,50 to 54,4763.399525409165,54
7273,66,Brunei Darussalam,16,55 to 59,3826.460416675248,55
7273,66,Brunei Darussalam,16,55 to 59,3826.460416675248,56
7273,66,Brunei Darussalam,16,55 to 59,3826.460416675248,57
7273,66,Brunei Darussalam,16,55 to 59,3826.460416675248,58
7273,66,Brunei Darussalam,16,55 to 59,3826.460416675248,59
7274,66,Brunei Darussalam,17,60 to 64,2803.1912215817656,60
7274,66,Brunei Darussalam,17,60 to 64,2803.1912215817656,61
7274,66,Brunei Darussalam,17,60 to 64,2803.1912215817656,62
7274,66,Brunei Darussalam,17,60 to 64,2803.1912215817656,63
7274,66,Brunei Darussalam,17,60 to 64,2803.1912215817656,64
7275,66,Brunei Darussalam,18,65 to 69,1804.0512746264671,65
7275,66,Brunei Darussalam,18,65 to 69,1804.0512746264671,66
7275,66,Brunei Darussalam,18,65 to 69,1804.0512746264671,67
7275,66,Brunei Darussalam,18,65 to 69,1804.0512746264671,68
7275,66,Brunei Darussalam,18,65 to 69,1804.0512746264671,69
7276,66,Brunei Darussalam,19,70 to 74,1006.5384714421953,70
7276,66,Brunei Darussalam,19,70 to 74,1006.5384714421953,71
7276,66,Brunei Darussalam,19,70 to 74,1006.5384714421953,72
7276,66,Brunei Darussalam,19,70 to 74,1006.5384714421953,73
7276,66,Brunei Darussalam,19,70 to 74,1006.5384714421953,74
7277,66,Brunei Darussalam,20,75 to 79,571.6249499974379,75
7277,66,Brunei Darussalam,20,75 to 79,571.6249499974379,76
7277,66,Brunei Darussalam,20,75 to 79,571.6249499974379,77
7277,66,Brunei Darussalam,20,75 to 79,571.6249499974379,78
7277,66,Brunei Darussalam,20,75 to 79,571.6249499974379,79
7285,66,Brunei Darussalam,30,80 to 84,286.87668959810446,80
7285,66,Brunei Darussalam,30,80 to 84,286.87668959810446,81
7285,66,Brunei Darussalam,30,80 to 84,286.87668959810446,82
7285,66,Brunei Darussalam,30,80 to 84,286.87668959810446,83
7285,66,Brunei Darussalam,30,80 to 84,286.87668959810446,84
7286,66,Brunei Darussalam,31,85 to 89,98.44882911665795,85
7286,66,Brunei Darussalam,31,85 to 89,98.44882911665795,86
7286,66,Brunei Darussalam,31,85 to 89,98.44882911665795,87
7286,66,Brunei Darussalam,31,85 to 89,98.44882911665795,88
7286,66,Brunei Darussalam,31,85 to 89,98.44882911665795,89
7287,66,Brunei Darussalam,32,90 to 94,18.48540433606646,90
7287,66,Brunei Darussalam,32,90 to 94,18.48540433606646,91
7287,66,Brunei Darussalam,32,90 to 94,18.48540433606646,92
7287,66,Brunei Darussalam,32,90 to 94,18.48540433606646,93
7287,66,Brunei Darussalam,32,90 to 94,18.48540433606646,94
7295,66,Brunei Darussalam,235,95 plus,2.288182418026176,95
7295,66,Brunei Darussalam,235,95 plus,2.288182418026176,96
7295,66,Brunei Darussalam,235,95 plus,2.288182418026176,97
7295,66,Brunei Darussalam,235,95 plus,2.288182418026176,98
7295,66,Brunei Darussalam,235,95 plus,2.288182418026176,99
7295,66,Brunei Darussalam,235,95 plus,2.288182418026176,100
7382,67,Japan,11,30 to 34,1366099.107003429,30
7382,67,Japan,11,30 to 34,1366099.107003429,31
7382,67,Japan,11,30 to 34,1366099.107003429,32
7382,67,Japan,11,30 to 34,1366099.107003429,33
7382,67,Japan,11,30 to 34,1366099.107003429,34
7383,67,Japan,12,35 to 39,1540214.3014394364,35
7383,67,Japan,12,35 to 39,1540214.3014394364,36
7383,67,Japan,12,35 to 39,1540214.3014394364,37
7383,67,Japan,12,35 to 39,1540214.3014394364,38
7383,67,Japan,12,35 to 39,1540214.3014394364,39
7384,67,Japan,13,40 to 44,1779939.464647714,40
7384,67,Japan,13,40 to 44,1779939.464647714,41
7384,67,Japan,13,40 to 44,1779939.464647714,42
7384,67,Japan,13,40 to 44,1779939.464647714,43
7384,67,Japan,13,40 to 44,1779939.464647714,44
7385,67,Japan,14,45 to 49,1995263.0886390246,45
7385,67,Japan,14,45 to 49,1995263.0886390246,46
7385,67,Japan,14,45 to 49,1995263.0886390246,47
7385,67,Japan,14,45 to 49,1995263.0886390246,48
7385,67,Japan,14,45 to 49,1995263.0886390246,49
7386,67,Japan,15,50 to 54,1735743.6849984962,50
7386,67,Japan,15,50 to 54,1735743.6849984962,51
7386,67,Japan,15,50 to 54,1735743.6849984962,52
7386,67,Japan,15,50 to 54,1735743.6849984962,53
7386,67,Japan,15,50 to 54,1735743.6849984962,54
7387,67,Japan,16,55 to 59,1559943.1331675532,55
7387,67,Japan,16,55 to 59,1559943.1331675532,56
7387,67,Japan,16,55 to 59,1559943.1331675532,57
7387,67,Japan,16,55 to 59,1559943.1331675532,58
7387,67,Japan,16,55 to 59,1559943.1331675532,59
7388,67,Japan,17,60 to 64,1519638.3272906577,60
7388,67,Japan,17,60 to 64,1519638.3272906577,61
7388,67,Japan,17,60 to 64,1519638.3272906577,62
7388,67,Japan,17,60 to 64,1519638.3272906577,63
7388,67,Japan,17,60 to 64,1519638.3272906577,64
7389,67,Japan,18,65 to 69,1756209.7135281856,65
7389,67,Japan,18,65 to 69,1756209.7135281856,66
7389,67,Japan,18,65 to 69,1756209.7135281856,67
7389,67,Japan,18,65 to 69,1756209.7135281856,68
7389,67,Japan,18,65 to 69,1756209.7135281856,69
7390,67,Japan,19,70 to 74,1751426.6420683232,70
7390,67,Japan,19,70 to 74,1751426.6420683232,71
7390,67,Japan,19,70 to 74,1751426.6420683232,72
7390,67,Japan,19,70 to 74,1751426.6420683232,73
7390,67,Japan,19,70 to 74,1751426.6420683232,74
7391,67,Japan,20,75 to 79,1458638.7670317958,75
7391,67,Japan,20,75 to 79,1458638.7670317958,76
7391,67,Japan,20,75 to 79,1458638.7670317958,77
7391,67,Japan,20,75 to 79,1458638.7670317958,78
7391,67,Japan,20,75 to 79,1458638.7670317958,79
7399,67,Japan,30,80 to 84,1068990.455278525,80
7399,67,Japan,30,80 to 84,1068990.455278525,81
7399,67,Japan,30,80 to 84,1068990.455278525,82
7399,67,Japan,30,80 to 84,1068990.455278525,83
7399,67,Japan,30,80 to 84,1068990.455278525,84
7400,67,Japan,31,85 to 89,725045.5354659295,85
7400,67,Japan,31,85 to 89,725045.5354659295,86
7400,67,Japan,31,85 to 89,725045.5354659295,87
7400,67,Japan,31,85 to 89,725045.5354659295,88
7400,67,Japan,31,85 to 89,725045.5354659295,89
7401,67,Japan,32,90 to 94,370740.2741780266,90
7401,67,Japan,32,90 to 94,370740.2741780266,91
7401,67,Japan,32,90 to 94,370740.2741780266,92
7401,67,Japan,32,90 to 94,370740.2741780266,93
7401,67,Japan,32,90 to 94,370740.2741780266,94
7409,67,Japan,235,95 plus,115572.39128092118,95
7409,67,Japan,235,95 plus,115572.39128092118,96
7409,67,Japan,235,95 plus,115572.39128092118,97
7409,67,Japan,235,95 plus,115572.39128092118,98
7409,67,Japan,235,95 plus,115572.39128092118,99
7409,67,Japan,235,95 plus,115572.39128092118,100
7496,68,Republic of Korea,11,30 to 34,685846.3352182367,30
7496,68,Republic of Korea,11,30 to 34,685846.3352182367,31
7496,68,Republic of Korea,11,30 to 34,685846.3352182367,32
7496,68,Republic of Korea,11,30 to 34,685846.3352182367,33
7496,68,Republic of Korea,11,30 to 34,685846.3352182367,34
7497,68,Republic of Korea,12,35 to 39,833939.6470892087,35
7497,68,Republic of Korea,12,35 to 39,833939.6470892087,36
7497,68,Republic of Korea,12,35 to 39,833939.6470892087,37
7497,68,Republic of Korea,12,35 to 39,833939.6470892087,38
7497,68,Republic of Korea,12,35 to 39,833939.6470892087,39
7498,68,Republic of Korea,13,40 to 44,809533.7688942604,40
7498,68,Republic of Korea,13,40 to 44,809533.7688942604,41
7498,68,Republic of Korea,13,40 to 44,809533.7688942604,42
7498,68,Republic of Korea,13,40 to 44,809533.7688942604,43
7498,68,Republic of Korea,13,40 to 44,809533.7688942604,44
7499,68,Republic of Korea,14,45 to 49,933237.5145993286,45
7499,68,Republic of Korea,14,45 to 49,933237.5145993286,46
7499,68,Republic of Korea,14,45 to 49,933237.5145993286,47
7499,68,Republic of Korea,14,45 to 49,933237.5145993286,48
7499,68,Republic of Korea,14,45 to 49,933237.5145993286,49
7500,68,Republic of Korea,15,50 to 54,892203.5246221761,50
7500,68,Republic of Korea,15,50 to 54,892203.5246221761,51
7500,68,Republic of Korea,15,50 to 54,892203.5246221761,52
7500,68,Republic of Korea,15,50 to 54,892203.5246221761,53
7500,68,Republic of Korea,15,50 to 54,892203.5246221761,54
7501,68,Republic of Korea,16,55 to 59,888301.0872250976,55
7501,68,Republic of Korea,16,55 to 59,888301.0872250976,56
7501,68,Republic of Korea,16,55 to 59,888301.0872250976,57
7501,68,Republic of Korea,16,55 to 59,888301.0872250976,58
7501,68,Republic of Korea,16,55 to 59,888301.0872250976,59
7502,68,Republic of Korea,17,60 to 64,759980.7203770789,60
7502,68,Republic of Korea,17,60 to 64,759980.7203770789,61
7502,68,Republic of Korea,17,60 to 64,759980.7203770789,62
7502,68,Republic of Korea,17,60 to 64,759980.7203770789,63
7502,68,Republic of Korea,17,60 to 64,759980.7203770789,64
7503,68,Republic of Korea,18,65 to 69,507712.95365439693,65
7503,68,Republic of Korea,18,65 to 69,507712.95365439693,66
7503,68,Republic of Korea,18,65 to 69,507712.95365439693,67
7503,68,Republic of Korea,18,65 to 69,507712.95365439693,68
7503,68,Republic of Korea,18,65 to 69,507712.95365439693,69
7504,68,Republic of Korea,19,70 to 74,394980.3882507332,70
7504,68,Republic of Korea,19,70 to 74,394980.3882507332,71
7504,68,Republic of Korea,19,70 to 74,394980.3882507332,72
7504,68,Republic of Korea,19,70 to 74,394980.3882507332,73
7504,68,Republic of Korea,19,70 to 74,394980.3882507332,74
7505,68,Republic of Korea,20,75 to 79,311713.20851223497,75
7505,68,Republic of Korea,20,75 to 79,311713.20851223497,76
7505,68,Republic of Korea,20,75 to 79,311713.20851223497,77
7505,68,Republic of Korea,20,75 to 79,311713.20851223497,78
7505,68,Republic of Korea,20,75 to 79,311713.20851223497,79
7513,68,Republic of Korea,30,80 to 84,202641.8438299301,80
7513,68,Republic of Korea,30,80 to 84,202641.8438299301,81
7513,68,Republic of Korea,30,80 to 84,202641.8438299301,82
7513,68,Republic of Korea,30,80 to 84,202641.8438299301,83
7513,68,Republic of Korea,30,80 to 84,202641.8438299301,84
7514,68,Republic of Korea,31,85 to 89,98732.09132551173,85
7514,68,Republic of Korea,31,85 to 89,98732.09132551173,86
7514,68,Republic of Korea,31,85 to 89,98732.09132551173,87
7514,68,Republic of Korea,31,85 to 89,98732.09132551173,88
7514,68,Republic of Korea,31,85 to 89,98732.09132551173,89
7515,68,Republic of Korea,32,90 to 94,33737.79701920756,90
7515,68,Republic of Korea,32,90 to 94,33737.79701920756,91
7515,68,Republic of Korea,32,90 to 94,33737.79701920756,92
7515,68,Republic of Korea,32,90 to 94,33737.79701920756,93
7515,68,Republic of Korea,32,90 to 94,33737.79701920756,94
7523,68,Republic of Korea,235,95 plus,7289.143768569848,95
7523,68,Republic of Korea,235,95 plus,7289.143768569848,96
7523,68,Republic of Korea,235,95 plus,7289.143768569848,97
7523,68,Republic of Korea,235,95 plus,7289.143768569848,98
7523,68,Republic of Korea,235,95 plus,7289.143768569848,99
7523,68,Republic of Korea,235,95 plus,7289.143768569848,100
7610,69,Singapore,11,30 to 34,96388.09134216903,30
7610,69,Singapore,11,30 to 34,96388.09134216903,31
7610,69,Singapore,11,30 to 34,96388.09134216903,32
7610,69,Singapore,11,30 to 34,96388.09134216903,33
7610,69,Singapore,11,30 to 34,96388.09134216903,34
7611,69,Singapore,12,35 to 39,128084.39992654463,35
7611,69,Singapore,12,35 to 39,128084.39992654463,36
7611,69,Singapore,12,35 to 39,128084.39992654463,37
7611,69,Singapore,12,35 to 39,128084.39992654463,38
7611,69,Singapore,12,35 to 39,128084.39992654463,39
7612,69,Singapore,13,40 to 44,100478.95839589136,40
7612,69,Singapore,13,40 to 44,100478.95839589136,41
7612,69,Singapore,13,40 to 44,100478.95839589136,42
7612,69,Singapore,13,40 to 44,100478.95839589136,43
7612,69,Singapore,13,40 to 44,100478.95839589136,44
7613,69,Singapore,14,45 to 49,89051.88803315307,45
7613,69,Singapore,14,45 to 49,89051.88803315307,46
7613,69,Singapore,14,45 to 49,89051.88803315307,47
7613,69,Singapore,14,45 to 49,89051.88803315307,48
7613,69,Singapore,14,45 to 49,89051.88803315307,49
7614,69,Singapore,15,50 to 54,83816.44855339016,50
7614,69,Singapore,15,50 to 54,83816.44855339016,51
7614,69,Singapore,15,50 to 54,83816.44855339016,52
7614,69,Singapore,15,50 to 54,83816.44855339016,53
7614,69,Singapore,15,50 to 54,83816.44855339016,54
7615,69,Singapore,16,55 to 59,76623.22245319244,55
7615,69,Singapore,16,55 to 59,76623.22245319244,56
7615,69,Singapore,16,55 to 59,76623.22245319244,57
7615,69,Singapore,16,55 to 59,76623.22245319244,58
7615,69,Singapore,16,55 to 59,76623.22245319244,59
7616,69,Singapore,17,60 to 64,65900.85575666909,60
7616,69,Singapore,17,60 to 64,65900.85575666909,61
7616,69,Singapore,17,60 to 64,65900.85575666909,62
7616,69,Singapore,17,60 to 64,65900.85575666909,63
7616,69,Singapore,17,60 to 64,65900.85575666909,64
7617,69,Singapore,18,65 to 69,52004.43326225273,65
7617,69,Singapore,18,65 to 69,52004.43326225273,66
7617,69,Singapore,18,65 to 69,52004.43326225273,67
7617,69,Singapore,18,65 to 69,52004.43326225273,68
7617,69,Singapore,18,65 to 69,52004.43326225273,69
7618,69,Singapore,19,70 to 74,35128.61757534292,70
7618,69,Singapore,19,70 to 74,35128.61757534292,71
7618,69,Singapore,19,70 to 74,35128.61757534292,72
7618,69,Singapore,19,70 to 74,35128.61757534292,73
7618,69,Singapore,19,70 to 74,35128.61757534292,74
7619,69,Singapore,20,75 to 79,21912.605235547082,75
7619,69,Singapore,20,75 to 79,21912.605235547082,76
7619,69,Singapore,20,75 to 79,21912.605235547082,77
7619,69,Singapore,20,75 to 79,21912.605235547082,78
7619,69,Singapore,20,75 to 79,21912.605235547082,79
7627,69,Singapore,30,80 to 84,13945.0186980278,80
7627,69,Singapore,30,80 to 84,13945.0186980278,81
7627,69,Singapore,30,80 to 84,13945.0186980278,82
7627,69,Singapore,30,80 to 84,13945.0186980278,83
7627,69,Singapore,30,80 to 84,13945.0186980278,84
7628,69,Singapore,31,85 to 89,7987.379231694848,85
7628,69,Singapore,31,85 to 89,7987.379231694848,86
7628,69,Singapore,31,85 to 89,7987.379231694848,87
7628,69,Singapore,31,85 to 89,7987.379231694848,88
7628,69,Singapore,31,85 to 89,7987.379231694848,89
7629,69,Singapore,32,90 to 94,3461.4428582591645,90
7629,69,Singapore,32,90 to 94,3461.4428582591645,91
7629,69,Singapore,32,90 to 94,3461.4428582591645,92
7629,69,Singapore,32,90 to 94,3461.4428582591645,93
7629,69,Singapore,32,90 to 94,3461.4428582591645,94
7637,69,Singapore,235,95 plus,958.8358669611666,95
7637,69,Singapore,235,95 plus,958.8358669611666,96
7637,69,Singapore,235,95 plus,958.8358669611666,97
7637,69,Singapore,235,95 plus,958.8358669611666,98
7637,69,Singapore,235,95 plus,958.8358669611666,99
7637,69,Singapore,235,95 plus,958.8358669611666,100
7838,71,Australia,11,30 to 34,359854.5044881349,30
7838,71,Australia,11,30 to 34,359854.5044881349,31
7838,71,Australia,11,30 to 34,359854.5044881349,32
7838,71,Australia,11,30 to 34,359854.5044881349,33
7838,71,Australia,11,30 to 34,359854.5044881349,34
7839,71,Australia,12,35 to 39,347864.7046727494,35
7839,71,Australia,12,35 to 39,347864.7046727494,36
7839,71,Australia,12,35 to 39,347864.7046727494,37
7839,71,Australia,12,35 to 39,347864.7046727494,38
7839,71,Australia,12,35 to 39,347864.7046727494,39
7840,71,Australia,13,40 to 44,314034.51283000497,40
7840,71,Australia,13,40 to 44,314034.51283000497,41
7840,71,Australia,13,40 to 44,314034.51283000497,42
7840,71,Australia,13,40 to 44,314034.51283000497,43
7840,71,Australia,13,40 to 44,314034.51283000497,44
7841,71,Australia,14,45 to 49,332251.70286589826,45
7841,71,Australia,14,45 to 49,332251.70286589826,46
7841,71,Australia,14,45 to 49,332251.70286589826,47
7841,71,Australia,14,45 to 49,332251.70286589826,48
7841,71,Australia,14,45 to 49,332251.70286589826,49
7842,71,Australia,15,50 to 54,304704.3680676549,50
7842,71,Australia,15,50 to 54,304704.3680676549,51
7842,71,Australia,15,50 to 54,304704.3680676549,52
7842,71,Australia,15,50 to 54,304704.3680676549,53
7842,71,Australia,15,50 to 54,304704.3680676549,54
7843,71,Australia,16,55 to 59,304912.3829972981,55
7843,71,Australia,16,55 to 59,304912.3829972981,56
7843,71,Australia,16,55 to 59,304912.3829972981,57
7843,71,Australia,16,55 to 59,304912.3829972981,58
7843,71,Australia,16,55 to 59,304912.3829972981,59
7844,71,Australia,17,60 to 64,274676.9109757837,60
7844,71,Australia,17,60 to 64,274676.9109757837,61
7844,71,Australia,17,60 to 64,274676.9109757837,62
7844,71,Australia,17,60 to 64,274676.9109757837,63
7844,71,Australia,17,60 to 64,274676.9109757837,64
7845,71,Australia,18,65 to 69,243635.43021845887,65
7845,71,Australia,18,65 to 69,243635.43021845887,66
7845,71,Australia,18,65 to 69,243635.43021845887,67
7845,71,Australia,18,65 to 69,243635.43021845887,68
7845,71,Australia,18,65 to 69,243635.43021845887,69
7846,71,Australia,19,70 to 74,211069.82462490964,70
7846,71,Australia,19,70 to 74,211069.82462490964,71
7846,71,Australia,19,70 to 74,211069.82462490964,72
7846,71,Australia,19,70 to 74,211069.82462490964,73
7846,71,Australia,19,70 to 74,211069.82462490964,74
7847,71,Australia,20,75 to 79,145952.68749064102,75
7847,71,Australia,20,75 to 79,145952.68749064102,76
7847,71,Australia,20,75 to 79,145952.68749064102,77
7847,71,Australia,20,75 to 79,145952.68749064102,78
7847,71,Australia,20,75 to 79,145952.68749064102,79
7855,71,Australia,30,80 to 84,101034.42862128912,80
7855,71,Australia,30,80 to 84,101034.42862128912,81
7855,71,Australia,30,80 to 84,101034.42862128912,82
7855,71,Australia,30,80 to 84,101034.42862128912,83
7855,71,Australia,30,80 to 84,101034.42862128912,84
7856,71,Australia,31,85 to 89,62271.58145194644,85
7856,71,Australia,31,85 to 89,62271.58145194644,86
7856,71,Australia,31,85 to 89,62271.58145194644,87
7856,71,Australia,31,85 to 89,62271.58145194644,88
7856,71,Australia,31,85 to 89,62271.58145194644,89
7857,71,Australia,32,90 to 94,30203.427499245106,90
7857,71,Australia,32,90 to 94,30203.427499245106,91
7857,71,Australia,32,90 to 94,30203.427499245106,92
7857,71,Australia,32,90 to 94,30203.427499245106,93
7857,71,Australia,32,90 to 94,30203.427499245106,94
7865,71,Australia,235,95 plus,7686.551675280761,95
7865,71,Australia,235,95 plus,7686.551675280761,96
7865,71,Australia,235,95 plus,7686.551675280761,97
7865,71,Australia,235,95 plus,7686.551675280761,98
7865,71,Australia,235,95 plus,7686.551675280761,99
7865,71,Australia,235,95 plus,7686.551675280761,100
7952,72,New Zealand,11,30 to 34,54172.6681561613,30
7952,72,New Zealand,11,30 to 34,54172.6681561613,31
7952,72,New Zealand,11,30 to 34,54172.6681561613,32
7952,72,New Zealand,11,30 to 34,54172.6681561613,33
7952,72,New Zealand,11,30 to 34,54172.6681561613,34
7953,72,New Zealand,12,35 to 39,53945.764402155706,35
7953,72,New Zealand,12,35 to 39,53945.764402155706,36
7953,72,New Zealand,12,35 to 39,53945.764402155706,37
7953,72,New Zealand,12,35 to 39,53945.764402155706,38
7953,72,New Zealand,12,35 to 39,53945.764402155706,39
7954,72,New Zealand,13,40 to 44,53832.58250942554,40
7954,72,New Zealand,13,40 to 44,53832.58250942554,41
7954,72,New Zealand,13,40 to 44,53832.58250942554,42
7954,72,New Zealand,13,40 to 44,53832.58250942554,43
7954,72,New Zealand,13,40 to 44,53832.58250942554,44
7955,72,New Zealand,14,45 to 49,61129.3769487486,45
7955,72,New Zealand,14,45 to 49,61129.3769487486,46
7955,72,New Zealand,14,45 to 49,61129.3769487486,47
7955,72,New Zealand,14,45 to 49,61129.3769487486,48
7955,72,New Zealand,14,45 to 49,61129.3769487486,49
7956,72,New Zealand,15,50 to 54,59856.33368219018,50
7956,72,New Zealand,15,50 to 54,59856.33368219018,51
7956,72,New Zealand,15,50 to 54,59856.33368219018,52
7956,72,New Zealand,15,50 to 54,59856.33368219018,53
7956,72,New Zealand,15,50 to 54,59856.33368219018,54
7957,72,New Zealand,16,55 to 59,60615.89941496491,55
7957,72,New Zealand,16,55 to 59,60615.89941496491,56
7957,72,New Zealand,16,55 to 59,60615.89941496491,57
7957,72,New Zealand,16,55 to 59,60615.89941496491,58
7957,72,New Zealand,16,55 to 59,60615.89941496491,59
7958,72,New Zealand,17,60 to 64,53209.03611145939,60
7958,72,New Zealand,17,60 to 64,53209.03611145939,61
7958,72,New Zealand,17,60 to 64,53209.03611145939,62
7958,72,New Zealand,17,60 to 64,53209.03611145939,63
7958,72,New Zealand,17,60 to 64,53209.03611145939,64
7959,72,New Zealand,18,65 to 69,46277.675225448285,65
7959,72,New Zealand,18,65 to 69,46277.675225448285,66
7959,72,New Zealand,18,65 to 69,46277.675225448285,67
7959,72,New Zealand,18,65 to 69,46277.675225448285,68
7959,72,New Zealand,18,65 to 69,46277.675225448285,69
7960,72,New Zealand,19,70 to 74,39455.787622995485,70
7960,72,New Zealand,19,70 to 74,39455.787622995485,71
7960,72,New Zealand,19,70 to 74,39455.787622995485,72
7960,72,New Zealand,19,70 to 74,39455.787622995485,73
7960,72,New Zealand,19,70 to 74,39455.787622995485,74
7961,72,New Zealand,20,75 to 79,27870.984098506236,75
7961,72,New Zealand,20,75 to 79,27870.984098506236,76
7961,72,New Zealand,20,75 to 79,27870.984098506236,77
7961,72,New Zealand,20,75 to 79,27870.984098506236,78
7961,72,New Zealand,20,75 to 79,27870.984098506236,79
7969,72,New Zealand,30,80 to 84,18110.021493439846,80
7969,72,New Zealand,30,80 to 84,18110.021493439846,81
7969,72,New Zealand,30,80 to 84,18110.021493439846,82
7969,72,New Zealand,30,80 to 84,18110.021493439846,83
7969,72,New Zealand,30,80 to 84,18110.021493439846,84
7970,72,New Zealand,31,85 to 89,11146.529276611258,85
7970,72,New Zealand,31,85 to 89,11146.529276611258,86
7970,72,New Zealand,31,85 to 89,11146.529276611258,87
7970,72,New Zealand,31,85 to 89,11146.529276611258,88
7970,72,New Zealand,31,85 to 89,11146.529276611258,89
7971,72,New Zealand,32,90 to 94,5318.10018515296,90
7971,72,New Zealand,32,90 to 94,5318.10018515296,91
7971,72,New Zealand,32,90 to 94,5318.10018515296,92
7971,72,New Zealand,32,90 to 94,5318.10018515296,93
7971,72,New Zealand,32,90 to 94,5318.10018515296,94
7979,72,New Zealand,235,95 plus,1484.0229901278315,95
7979,72,New Zealand,235,95 plus,1484.0229901278315,96
7979,72,New Zealand,235,95 plus,1484.0229901278315,97
7979,72,New Zealand,235,95 plus,1484.0229901278315,98
7979,72,New Zealand,235,95 plus,1484.0229901278315,99
7979,72,New Zealand,235,95 plus,1484.0229901278315,100
8180,74,Andorra,11,30 to 34,1092.899697711335,30
8180,74,Andorra,11,30 to 34,1092.899697711335,31
8180,74,Andorra,11,30 to 34,1092.899697711335,32
8180,74,Andorra,11,30 to 34,1092.899697711335,33
8180,74,Andorra,11,30 to 34,1092.899697711335,34
8181,74,Andorra,12,35 to 39,1331.1151783904083,35
8181,74,Andorra,12,35 to 39,1331.1151783904083,36
8181,74,Andorra,12,35 to 39,1331.1151783904083,37
8181,74,Andorra,12,35 to 39,1331.1151783904083,38
8181,74,Andorra,12,35 to 39,1331.1151783904083,39
8182,74,Andorra,13,40 to 44,1522.2132264108907,40
8182,74,Andorra,13,40 to 44,1522.2132264108907,41
8182,74,Andorra,13,40 to 44,1522.2132264108907,42
8182,74,Andorra,13,40 to 44,1522.2132264108907,43
8182,74,Andorra,13,40 to 44,1522.2132264108907,44
8183,74,Andorra,14,45 to 49,1596.7566283779715,45
8183,74,Andorra,14,45 to 49,1596.7566283779715,46
8183,74,Andorra,14,45 to 49,1596.7566283779715,47
8183,74,Andorra,14,45 to 49,1596.7566283779715,48
8183,74,Andorra,14,45 to 49,1596.7566283779715,49
8184,74,Andorra,15,50 to 54,1485.4865001668438,50
8184,74,Andorra,15,50 to 54,1485.4865001668438,51
8184,74,Andorra,15,50 to 54,1485.4865001668438,52
8184,74,Andorra,15,50 to 54,1485.4865001668438,53
8184,74,Andorra,15,50 to 54,1485.4865001668438,54
8185,74,Andorra,16,55 to 59,1318.3753170787318,55
8185,74,Andorra,16,55 to 59,1318.3753170787318,56
8185,74,Andorra,16,55 to 59,1318.3753170787318,57
8185,74,Andorra,16,55 to 59,1318.3753170787318,58
8185,74,Andorra,16,55 to 59,1318.3753170787318,59
8186,74,Andorra,17,60 to 64,1016.3972396715351,60
8186,74,Andorra,17,60 to 64,1016.3972396715351,61
8186,74,Andorra,17,60 to 64,1016.3972396715351,62
8186,74,Andorra,17,60 to 64,1016.3972396715351,63
8186,74,Andorra,17,60 to 64,1016.3972396715351,64
8187,74,Andorra,18,65 to 69,767.7853960813608,65
8187,74,Andorra,18,65 to 69,767.7853960813608,66
8187,74,Andorra,18,65 to 69,767.7853960813608,67
8187,74,Andorra,18,65 to 69,767.7853960813608,68
8187,74,Andorra,18,65 to 69,767.7853960813608,69
8188,74,Andorra,19,70 to 74,623.4592493005391,70
8188,74,Andorra,19,70 to 74,623.4592493005391,71
8188,74,Andorra,19,70 to 74,623.4592493005391,72
8188,74,Andorra,19,70 to 74,623.4592493005391,73
8188,74,Andorra,19,70 to 74,623.4592493005391,74
8189,74,Andorra,20,75 to 79,443.6493553032844,75
8189,74,Andorra,20,75 to 79,443.6493553032844,76
8189,74,Andorra,20,75 to 79,443.6493553032844,77
8189,74,Andorra,20,75 to 79,443.6493553032844,78
8189,74,Andorra,20,75 to 79,443.6493553032844,79
8197,74,Andorra,30,80 to 84,269.36805495790657,80
8197,74,Andorra,30,80 to 84,269.36805495790657,81
8197,74,Andorra,30,80 to 84,269.36805495790657,82
8197,74,Andorra,30,80 to 84,269.36805495790657,83
8197,74,Andorra,30,80 to 84,269.36805495790657,84
8198,74,Andorra,31,85 to 89,206.16298322542366,85
8198,74,Andorra,31,85 to 89,206.16298322542366,86
8198,74,Andorra,31,85 to 89,206.16298322542366,87
8198,74,Andorra,31,85 to 89,206.16298322542366,88
8198,74,Andorra,31,85 to 89,206.16298322542366,89
8199,74,Andorra,32,90 to 94,111.27834268840641,90
8199,74,Andorra,32,90 to 94,111.27834268840641,91
8199,74,Andorra,32,90 to 94,111.27834268840641,92
8199,74,Andorra,32,90 to 94,111.27834268840641,93
8199,74,Andorra,32,90 to 94,111.27834268840641,94
8207,74,Andorra,235,95 plus,33.66932137089829,95
8207,74,Andorra,235,95 plus,33.66932137089829,96
8207,74,Andorra,235,95 plus,33.66932137089829,97
8207,74,Andorra,235,95 plus,33.66932137089829,98
8207,74,Andorra,235,95 plus,33.66932137089829,99
8207,74,Andorra,235,95 plus,33.66932137089829,100
8294,75,Austria,11,30 to 34,122943.8475647073,30
8294,75,Austria,11,30 to 34,122943.8475647073,31
8294,75,Austria,11,30 to 34,122943.8475647073,32
8294,75,Austria,11,30 to 34,122943.8475647073,33
8294,75,Austria,11,30 to 34,122943.8475647073,34
8295,75,Austria,12,35 to 39,119342.94433022279,35
8295,75,Austria,12,35 to 39,119342.94433022279,36
8295,75,Austria,12,35 to 39,119342.94433022279,37
8295,75,Austria,12,35 to 39,119342.94433022279,38
8295,75,Austria,12,35 to 39,119342.94433022279,39
8296,75,Austria,13,40 to 44,115478.04706662463,40
8296,75,Austria,13,40 to 44,115478.04706662463,41
8296,75,Austria,13,40 to 44,115478.04706662463,42
8296,75,Austria,13,40 to 44,115478.04706662463,43
8296,75,Austria,13,40 to 44,115478.04706662463,44
8297,75,Austria,14,45 to 49,128947.68538994342,45
8297,75,Austria,14,45 to 49,128947.68538994342,46
8297,75,Austria,14,45 to 49,128947.68538994342,47
8297,75,Austria,14,45 to 49,128947.68538994342,48
8297,75,Austria,14,45 to 49,128947.68538994342,49
8298,75,Austria,15,50 to 54,142467.38606751652,50
8298,75,Austria,15,50 to 54,142467.38606751652,51
8298,75,Austria,15,50 to 54,142467.38606751652,52
8298,75,Austria,15,50 to 54,142467.38606751652,53
8298,75,Austria,15,50 to 54,142467.38606751652,54
8299,75,Austria,16,55 to 59,131818.72270160663,55
8299,75,Austria,16,55 to 59,131818.72270160663,56
8299,75,Austria,16,55 to 59,131818.72270160663,57
8299,75,Austria,16,55 to 59,131818.72270160663,58
8299,75,Austria,16,55 to 59,131818.72270160663,59
8300,75,Austria,17,60 to 64,107827.5620952629,60
8300,75,Austria,17,60 to 64,107827.5620952629,61
8300,75,Austria,17,60 to 64,107827.5620952629,62
8300,75,Austria,17,60 to 64,107827.5620952629,63
8300,75,Austria,17,60 to 64,107827.5620952629,64
8301,75,Austria,18,65 to 69,90160.0792530652,65
8301,75,Austria,18,65 to 69,90160.0792530652,66
8301,75,Austria,18,65 to 69,90160.0792530652,67
8301,75,Austria,18,65 to 69,90160.0792530652,68
8301,75,Austria,18,65 to 69,90160.0792530652,69
8302,75,Austria,19,70 to 74,77698.62273458594,70
8302,75,Austria,19,70 to 74,77698.62273458594,71
8302,75,Austria,19,70 to 74,77698.62273458594,72
8302,75,Austria,19,70 to 74,77698.62273458594,73
8302,75,Austria,19,70 to 74,77698.62273458594,74
8303,75,Austria,20,75 to 79,73902.32251256393,75
8303,75,Austria,20,75 to 79,73902.32251256393,76
8303,75,Austria,20,75 to 79,73902.32251256393,77
8303,75,Austria,20,75 to 79,73902.32251256393,78
8303,75,Austria,20,75 to 79,73902.32251256393,79
8311,75,Austria,30,80 to 84,47330.93032181143,80
8311,75,Austria,30,80 to 84,47330.93032181143,81
8311,75,Austria,30,80 to 84,47330.93032181143,82
8311,75,Austria,30,80 to 84,47330.93032181143,83
8311,75,Austria,30,80 to 84,47330.93032181143,84
8312,75,Austria,31,85 to 89,28566.206798403804,85
8312,75,Austria,31,85 to 89,28566.206798403804,86
8312,75,Austria,31,85 to 89,28566.206798403804,87
8312,75,Austria,31,85 to 89,28566.206798403804,88
8312,75,Austria,31,85 to 89,28566.206798403804,89
8313,75,Austria,32,90 to 94,13984.586928334731,90
8313,75,Austria,32,90 to 94,13984.586928334731,91
8313,75,Austria,32,90 to 94,13984.586928334731,92
8313,75,Austria,32,90 to 94,13984.586928334731,93
8313,75,Austria,32,90 to 94,13984.586928334731,94
8321,75,Austria,235,95 plus,3796.1787195857705,95
8321,75,Austria,235,95 plus,3796.1787195857705,96
8321,75,Austria,235,95 plus,3796.1787195857705,97
8321,75,Austria,235,95 plus,3796.1787195857705,98
8321,75,Austria,235,95 plus,3796.1787195857705,99
8321,75,Austria,235,95 plus,3796.1787195857705,100
8408,76,Belgium,11,30 to 34,146271.73571066416,30
8408,76,Belgium,11,30 to 34,146271.73571066416,31
8408,76,Belgium,11,30 to 34,146271.73571066416,32
8408,76,Belgium,11,30 to 34,146271.73571066416,33
8408,76,Belgium,11,30 to 34,146271.73571066416,34
8409,76,Belgium,12,35 to 39,149621.25879043766,35
8409,76,Belgium,12,35 to 39,149621.25879043766,36
8409,76,Belgium,12,35 to 39,149621.25879043766,37
8409,76,Belgium,12,35 to 39,149621.25879043766,38
8409,76,Belgium,12,35 to 39,149621.25879043766,39
8410,76,Belgium,13,40 to 44,145553.73273563263,40
8410,76,Belgium,13,40 to 44,145553.73273563263,41
8410,76,Belgium,13,40 to 44,145553.73273563263,42
8410,76,Belgium,13,40 to 44,145553.73273563263,43
8410,76,Belgium,13,40 to 44,145553.73273563263,44
8411,76,Belgium,14,45 to 49,155050.61713679924,45
8411,76,Belgium,14,45 to 49,155050.61713679924,46
8411,76,Belgium,14,45 to 49,155050.61713679924,47
8411,76,Belgium,14,45 to 49,155050.61713679924,48
8411,76,Belgium,14,45 to 49,155050.61713679924,49
8412,76,Belgium,15,50 to 54,160172.18474936212,50
8412,76,Belgium,15,50 to 54,160172.18474936212,51
8412,76,Belgium,15,50 to 54,160172.18474936212,52
8412,76,Belgium,15,50 to 54,160172.18474936212,53
8412,76,Belgium,15,50 to 54,160172.18474936212,54
8413,76,Belgium,16,55 to 59,158083.13287655238,55
8413,76,Belgium,16,55 to 59,158083.13287655238,56
8413,76,Belgium,16,55 to 59,158083.13287655238,57
8413,76,Belgium,16,55 to 59,158083.13287655238,58
8413,76,Belgium,16,55 to 59,158083.13287655238,59
8414,76,Belgium,17,60 to 64,142154.43974660564,60
8414,76,Belgium,17,60 to 64,142154.43974660564,61
8414,76,Belgium,17,60 to 64,142154.43974660564,62
8414,76,Belgium,17,60 to 64,142154.43974660564,63
8414,76,Belgium,17,60 to 64,142154.43974660564,64
8415,76,Belgium,18,65 to 69,123385.7778449164,65
8415,76,Belgium,18,65 to 69,123385.7778449164,66
8415,76,Belgium,18,65 to 69,123385.7778449164,67
8415,76,Belgium,18,65 to 69,123385.7778449164,68
8415,76,Belgium,18,65 to 69,123385.7778449164,69
8416,76,Belgium,19,70 to 74,106220.06045094071,70
8416,76,Belgium,19,70 to 74,106220.06045094071,71
8416,76,Belgium,19,70 to 74,106220.06045094071,72
8416,76,Belgium,19,70 to 74,106220.06045094071,73
8416,76,Belgium,19,70 to 74,106220.06045094071,74
8417,76,Belgium,20,75 to 79,74266.78360140676,75
8417,76,Belgium,20,75 to 79,74266.78360140676,76
8417,76,Belgium,20,75 to 79,74266.78360140676,77
8417,76,Belgium,20,75 to 79,74266.78360140676,78
8417,76,Belgium,20,75 to 79,74266.78360140676,79
8425,76,Belgium,30,80 to 84,63671.57909858533,80
8425,76,Belgium,30,80 to 84,63671.57909858533,81
8425,76,Belgium,30,80 to 84,63671.57909858533,82
8425,76,Belgium,30,80 to 84,63671.57909858533,83
8425,76,Belgium,30,80 to 84,63671.57909858533,84
8426,76,Belgium,31,85 to 89,42894.45678343286,85
8426,76,Belgium,31,85 to 89,42894.45678343286,86
8426,76,Belgium,31,85 to 89,42894.45678343286,87
8426,76,Belgium,31,85 to 89,42894.45678343286,88
8426,76,Belgium,31,85 to 89,42894.45678343286,89
8427,76,Belgium,32,90 to 94,18741.675535846236,90
8427,76,Belgium,32,90 to 94,18741.675535846236,91
8427,76,Belgium,32,90 to 94,18741.675535846236,92
8427,76,Belgium,32,90 to 94,18741.675535846236,93
8427,76,Belgium,32,90 to 94,18741.675535846236,94
8435,76,Belgium,235,95 plus,4734.398250215836,95
8435,76,Belgium,235,95 plus,4734.398250215836,96
8435,76,Belgium,235,95 plus,4734.398250215836,97
8435,76,Belgium,235,95 plus,4734.398250215836,98
8435,76,Belgium,235,95 plus,4734.398250215836,99
8435,76,Belgium,235,95 plus,4734.398250215836,100
8522,77,Cyprus,11,30 to 34,24444.77556848623,30
8522,77,Cyprus,11,30 to 34,24444.77556848623,31
8522,77,Cyprus,11,30 to 34,24444.77556848623,32
8522,77,Cyprus,11,30 to 34,24444.77556848623,33
8522,77,Cyprus,11,30 to 34,24444.77556848623,34
8523,77,Cyprus,12,35 to 39,24034.797654394657,35
8523,77,Cyprus,12,35 to 39,24034.797654394657,36
8523,77,Cyprus,12,35 to 39,24034.797654394657,37
8523,77,Cyprus,12,35 to 39,24034.797654394657,38
8523,77,Cyprus,12,35 to 39,24034.797654394657,39
8524,77,Cyprus,13,40 to 44,20340.344520944873,40
8524,77,Cyprus,13,40 to 44,20340.344520944873,41
8524,77,Cyprus,13,40 to 44,20340.344520944873,42
8524,77,Cyprus,13,40 to 44,20340.344520944873,43
8524,77,Cyprus,13,40 to 44,20340.344520944873,44
8525,77,Cyprus,14,45 to 49,17472.189807505758,45
8525,77,Cyprus,14,45 to 49,17472.189807505758,46
8525,77,Cyprus,14,45 to 49,17472.189807505758,47
8525,77,Cyprus,14,45 to 49,17472.189807505758,48
8525,77,Cyprus,14,45 to 49,17472.189807505758,49
8526,77,Cyprus,15,50 to 54,16109.57082001658,50
8526,77,Cyprus,15,50 to 54,16109.57082001658,51
8526,77,Cyprus,15,50 to 54,16109.57082001658,52
8526,77,Cyprus,15,50 to 54,16109.57082001658,53
8526,77,Cyprus,15,50 to 54,16109.57082001658,54
8527,77,Cyprus,16,55 to 59,15133.83399957825,55
8527,77,Cyprus,16,55 to 59,15133.83399957825,56
8527,77,Cyprus,16,55 to 59,15133.83399957825,57
8527,77,Cyprus,16,55 to 59,15133.83399957825,58
8527,77,Cyprus,16,55 to 59,15133.83399957825,59
8528,77,Cyprus,17,60 to 64,14069.235292484303,60
8528,77,Cyprus,17,60 to 64,14069.235292484303,61
8528,77,Cyprus,17,60 to 64,14069.235292484303,62
8528,77,Cyprus,17,60 to 64,14069.235292484303,63
8528,77,Cyprus,17,60 to 64,14069.235292484303,64
8529,77,Cyprus,18,65 to 69,12082.634747751457,65
8529,77,Cyprus,18,65 to 69,12082.634747751457,66
8529,77,Cyprus,18,65 to 69,12082.634747751457,67
8529,77,Cyprus,18,65 to 69,12082.634747751457,68
8529,77,Cyprus,18,65 to 69,12082.634747751457,69
8530,77,Cyprus,19,70 to 74,10099.284819968085,70
8530,77,Cyprus,19,70 to 74,10099.284819968085,71
8530,77,Cyprus,19,70 to 74,10099.284819968085,72
8530,77,Cyprus,19,70 to 74,10099.284819968085,73
8530,77,Cyprus,19,70 to 74,10099.284819968085,74
8531,77,Cyprus,20,75 to 79,7297.650833552323,75
8531,77,Cyprus,20,75 to 79,7297.650833552323,76
8531,77,Cyprus,20,75 to 79,7297.650833552323,77
8531,77,Cyprus,20,75 to 79,7297.650833552323,78
8531,77,Cyprus,20,75 to 79,7297.650833552323,79
8539,77,Cyprus,30,80 to 84,4703.832515237248,80
8539,77,Cyprus,30,80 to 84,4703.832515237248,81
8539,77,Cyprus,30,80 to 84,4703.832515237248,82
8539,77,Cyprus,30,80 to 84,4703.832515237248,83
8539,77,Cyprus,30,80 to 84,4703.832515237248,84
8540,77,Cyprus,31,85 to 89,2136.4284964202625,85
8540,77,Cyprus,31,85 to 89,2136.4284964202625,86
8540,77,Cyprus,31,85 to 89,2136.4284964202625,87
8540,77,Cyprus,31,85 to 89,2136.4284964202625,88
8540,77,Cyprus,31,85 to 89,2136.4284964202625,89
8541,77,Cyprus,32,90 to 94,471.17564359259995,90
8541,77,Cyprus,32,90 to 94,471.17564359259995,91
8541,77,Cyprus,32,90 to 94,471.17564359259995,92
8541,77,Cyprus,32,90 to 94,471.17564359259995,93
8541,77,Cyprus,32,90 to 94,471.17564359259995,94
8549,77,Cyprus,235,95 plus,45.48281208576032,95
8549,77,Cyprus,235,95 plus,45.48281208576032,96
8549,77,Cyprus,235,95 plus,45.48281208576032,97
8549,77,Cyprus,235,95 plus,45.48281208576032,98
8549,77,Cyprus,235,95 plus,45.48281208576032,99
8549,77,Cyprus,235,95 plus,45.48281208576032,100
8636,78,Denmark,11,30 to 34,69675.11509277471,30
8636,78,Denmark,11,30 to 34,69675.11509277471,31
8636,78,Denmark,11,30 to 34,69675.11509277471,32
8636,78,Denmark,11,30 to 34,69675.11509277471,33
8636,78,Denmark,11,30 to 34,69675.11509277471,34
8637,78,Denmark,12,35 to 39,66364.7984436907,35
8637,78,Denmark,12,35 to 39,66364.7984436907,36
8637,78,Denmark,12,35 to 39,66364.7984436907,37
8637,78,Denmark,12,35 to 39,66364.7984436907,38
8637,78,Denmark,12,35 to 39,66364.7984436907,39
8638,78,Denmark,13,40 to 44,74319.92491592032,40
8638,78,Denmark,13,40 to 44,74319.92491592032,41
8638,78,Denmark,13,40 to 44,74319.92491592032,42
8638,78,Denmark,13,40 to 44,74319.92491592032,43
8638,78,Denmark,13,40 to 44,74319.92491592032,44
8639,78,Denmark,14,45 to 49,77869.54938696507,45
8639,78,Denmark,14,45 to 49,77869.54938696507,46
8639,78,Denmark,14,45 to 49,77869.54938696507,47
8639,78,Denmark,14,45 to 49,77869.54938696507,48
8639,78,Denmark,14,45 to 49,77869.54938696507,49
8640,78,Denmark,15,50 to 54,83955.3582748662,50
8640,78,Denmark,15,50 to 54,83955.3582748662,51
8640,78,Denmark,15,50 to 54,83955.3582748662,52
8640,78,Denmark,15,50 to 54,83955.3582748662,53
8640,78,Denmark,15,50 to 54,83955.3582748662,54
8641,78,Denmark,16,55 to 59,75301.14942181457,55
8641,78,Denmark,16,55 to 59,75301.14942181457,56
8641,78,Denmark,16,55 to 59,75301.14942181457,57
8641,78,Denmark,16,55 to 59,75301.14942181457,58
8641,78,Denmark,16,55 to 59,75301.14942181457,59
8642,78,Denmark,17,60 to 64,68398.59325081062,60
8642,78,Denmark,17,60 to 64,68398.59325081062,61
8642,78,Denmark,17,60 to 64,68398.59325081062,62
8642,78,Denmark,17,60 to 64,68398.59325081062,63
8642,78,Denmark,17,60 to 64,68398.59325081062,64
8643,78,Denmark,18,65 to 69,64038.50011012397,65
8643,78,Denmark,18,65 to 69,64038.50011012397,66
8643,78,Denmark,18,65 to 69,64038.50011012397,67
8643,78,Denmark,18,65 to 69,64038.50011012397,68
8643,78,Denmark,18,65 to 69,64038.50011012397,69
8644,78,Denmark,19,70 to 74,65497.08284084905,70
8644,78,Denmark,19,70 to 74,65497.08284084905,71
8644,78,Denmark,19,70 to 74,65497.08284084905,72
8644,78,Denmark,19,70 to 74,65497.08284084905,73
8644,78,Denmark,19,70 to 74,65497.08284084905,74
8645,78,Denmark,20,75 to 79,44579.020575589646,75
8645,78,Denmark,20,75 to 79,44579.020575589646,76
8645,78,Denmark,20,75 to 79,44579.020575589646,77
8645,78,Denmark,20,75 to 79,44579.020575589646,78
8645,78,Denmark,20,75 to 79,44579.020575589646,79
8653,78,Denmark,30,80 to 84,28290.592877300143,80
8653,78,Denmark,30,80 to 84,28290.592877300143,81
8653,78,Denmark,30,80 to 84,28290.592877300143,82
8653,78,Denmark,30,80 to 84,28290.592877300143,83
8653,78,Denmark,30,80 to 84,28290.592877300143,84
8654,78,Denmark,31,85 to 89,15576.119194786716,85
8654,78,Denmark,31,85 to 89,15576.119194786716,86
8654,78,Denmark,31,85 to 89,15576.119194786716,87
8654,78,Denmark,31,85 to 89,15576.119194786716,88
8654,78,Denmark,31,85 to 89,15576.119194786716,89
8655,78,Denmark,32,90 to 94,7473.180763757193,90
8655,78,Denmark,32,90 to 94,7473.180763757193,91
8655,78,Denmark,32,90 to 94,7473.180763757193,92
8655,78,Denmark,32,90 to 94,7473.180763757193,93
8655,78,Denmark,32,90 to 94,7473.180763757193,94
8663,78,Denmark,235,95 plus,2262.6360581100053,95
8663,78,Denmark,235,95 plus,2262.6360581100053,96
8663,78,Denmark,235,95 plus,2262.6360581100053,97
8663,78,Denmark,235,95 plus,2262.6360581100053,98
8663,78,Denmark,235,95 plus,2262.6360581100053,99
8663,78,Denmark,235,95 plus,2262.6360581100053,100
8750,79,Finland,11,30 to 34,69727.34945898116,30
8750,79,Finland,11,30 to 34,69727.34945898116,31
8750,79,Finland,11,30 to 34,69727.34945898116,32
8750,79,Finland,11,30 to 34,69727.34945898116,33
8750,79,Finland,11,30 to 34,69727.34945898116,34
8751,79,Finland,12,35 to 39,72058.86020231996,35
8751,79,Finland,12,35 to 39,72058.86020231996,36
8751,79,Finland,12,35 to 39,72058.86020231996,37
8751,79,Finland,12,35 to 39,72058.86020231996,38
8751,79,Finland,12,35 to 39,72058.86020231996,39
8752,79,Finland,13,40 to 44,69403.25059606163,40
8752,79,Finland,13,40 to 44,69403.25059606163,41
8752,79,Finland,13,40 to 44,69403.25059606163,42
8752,79,Finland,13,40 to 44,69403.25059606163,43
8752,79,Finland,13,40 to 44,69403.25059606163,44
8753,79,Finland,14,45 to 49,62904.13598354733,45
8753,79,Finland,14,45 to 49,62904.13598354733,46
8753,79,Finland,14,45 to 49,62904.13598354733,47
8753,79,Finland,14,45 to 49,62904.13598354733,48
8753,79,Finland,14,45 to 49,62904.13598354733,49
8754,79,Finland,15,50 to 54,71205.49246826366,50
8754,79,Finland,15,50 to 54,71205.49246826366,51
8754,79,Finland,15,50 to 54,71205.49246826366,52
8754,79,Finland,15,50 to 54,71205.49246826366,53
8754,79,Finland,15,50 to 54,71205.49246826366,54
8755,79,Finland,16,55 to 59,73837.32309465579,55
8755,79,Finland,16,55 to 59,73837.32309465579,56
8755,79,Finland,16,55 to 59,73837.32309465579,57
8755,79,Finland,16,55 to 59,73837.32309465579,58
8755,79,Finland,16,55 to 59,73837.32309465579,59
8756,79,Finland,17,60 to 64,71946.3185968097,60
8756,79,Finland,17,60 to 64,71946.3185968097,61
8756,79,Finland,17,60 to 64,71946.3185968097,62
8756,79,Finland,17,60 to 64,71946.3185968097,63
8756,79,Finland,17,60 to 64,71946.3185968097,64
8757,79,Finland,18,65 to 69,71331.7502726733,65
8757,79,Finland,18,65 to 69,71331.7502726733,66
8757,79,Finland,18,65 to 69,71331.7502726733,67
8757,79,Finland,18,65 to 69,71331.7502726733,68
8757,79,Finland,18,65 to 69,71331.7502726733,69
8758,79,Finland,19,70 to 74,69895.07222352421,70
8758,79,Finland,19,70 to 74,69895.07222352421,71
8758,79,Finland,19,70 to 74,69895.07222352421,72
8758,79,Finland,19,70 to 74,69895.07222352421,73
8758,79,Finland,19,70 to 74,69895.07222352421,74
8759,79,Finland,20,75 to 79,42440.04436200125,75
8759,79,Finland,20,75 to 79,42440.04436200125,76
8759,79,Finland,20,75 to 79,42440.04436200125,77
8759,79,Finland,20,75 to 79,42440.04436200125,78
8759,79,Finland,20,75 to 79,42440.04436200125,79
8767,79,Finland,30,80 to 84,32184.011173551815,80
8767,79,Finland,30,80 to 84,32184.011173551815,81
8767,79,Finland,30,80 to 84,32184.011173551815,82
8767,79,Finland,30,80 to 84,32184.011173551815,83
8767,79,Finland,30,80 to 84,32184.011173551815,84
8768,79,Finland,31,85 to 89,19449.505765143625,85
8768,79,Finland,31,85 to 89,19449.505765143625,86
8768,79,Finland,31,85 to 89,19449.505765143625,87
8768,79,Finland,31,85 to 89,19449.505765143625,88
8768,79,Finland,31,85 to 89,19449.505765143625,89
8769,79,Finland,32,90 to 94,9584.445202351362,90
8769,79,Finland,32,90 to 94,9584.445202351362,91
8769,79,Finland,32,90 to 94,9584.445202351362,92
8769,79,Finland,32,90 to 94,9584.445202351362,93
8769,79,Finland,32,90 to 94,9584.445202351362,94
8777,79,Finland,235,95 plus,2618.9967073397174,95
8777,79,Finland,235,95 plus,2618.9967073397174,96
8777,79,Finland,235,95 plus,2618.9967073397174,97
8777,79,Finland,235,95 plus,2618.9967073397174,98
8777,79,Finland,235,95 plus,2618.9967073397174,99
8777,79,Finland,235,95 plus,2618.9967073397174,100
8864,80,France,11,30 to 34,798478.2545203206,30
8864,80,France,11,30 to 34,798478.2545203206,31
8864,80,France,11,30 to 34,798478.2545203206,32
8864,80,France,11,30 to 34,798478.2545203206,33
8864,80,France,11,30 to 34,798478.2545203206,34
8865,80,France,12,35 to 39,831893.8840188854,35
8865,80,France,12,35 to 39,831893.8840188854,36
8865,80,France,12,35 to 39,831893.8840188854,37
8865,80,France,12,35 to 39,831893.8840188854,38
8865,80,France,12,35 to 39,831893.8840188854,39
8866,80,France,13,40 to 44,821227.0862357809,40
8866,80,France,13,40 to 44,821227.0862357809,41
8866,80,France,13,40 to 44,821227.0862357809,42
8866,80,France,13,40 to 44,821227.0862357809,43
8866,80,France,13,40 to 44,821227.0862357809,44
8867,80,France,14,45 to 49,888978.8068094294,45
8867,80,France,14,45 to 49,888978.8068094294,46
8867,80,France,14,45 to 49,888978.8068094294,47
8867,80,France,14,45 to 49,888978.8068094294,48
8867,80,France,14,45 to 49,888978.8068094294,49
8868,80,France,15,50 to 54,878336.6074228206,50
8868,80,France,15,50 to 54,878336.6074228206,51
8868,80,France,15,50 to 54,878336.6074228206,52
8868,80,France,15,50 to 54,878336.6074228206,53
8868,80,France,15,50 to 54,878336.6074228206,54
8869,80,France,16,55 to 59,850518.4909936456,55
8869,80,France,16,55 to 59,850518.4909936456,56
8869,80,France,16,55 to 59,850518.4909936456,57
8869,80,France,16,55 to 59,850518.4909936456,58
8869,80,France,16,55 to 59,850518.4909936456,59
8870,80,France,17,60 to 64,802464.779866937,60
8870,80,France,17,60 to 64,802464.779866937,61
8870,80,France,17,60 to 64,802464.779866937,62
8870,80,France,17,60 to 64,802464.779866937,63
8870,80,France,17,60 to 64,802464.779866937,64
8871,80,France,18,65 to 69,772540.7031876774,65
8871,80,France,18,65 to 69,772540.7031876774,66
8871,80,France,18,65 to 69,772540.7031876774,67
8871,80,France,18,65 to 69,772540.7031876774,68
8871,80,France,18,65 to 69,772540.7031876774,69
8872,80,France,19,70 to 74,643716.843221998,70
8872,80,France,19,70 to 74,643716.843221998,71
8872,80,France,19,70 to 74,643716.843221998,72
8872,80,France,19,70 to 74,643716.843221998,73
8872,80,France,19,70 to 74,643716.843221998,74
8873,80,France,20,75 to 79,432640.03935991914,75
8873,80,France,20,75 to 79,432640.03935991914,76
8873,80,France,20,75 to 79,432640.03935991914,77
8873,80,France,20,75 to 79,432640.03935991914,78
8873,80,France,20,75 to 79,432640.03935991914,79
8881,80,France,30,80 to 84,369162.5852642466,80
8881,80,France,30,80 to 84,369162.5852642466,81
8881,80,France,30,80 to 84,369162.5852642466,82
8881,80,France,30,80 to 84,369162.5852642466,83
8881,80,France,30,80 to 84,369162.5852642466,84
8882,80,France,31,85 to 89,267168.7412860952,85
8882,80,France,31,85 to 89,267168.7412860952,86
8882,80,France,31,85 to 89,267168.7412860952,87
8882,80,France,31,85 to 89,267168.7412860952,88
8882,80,France,31,85 to 89,267168.7412860952,89
8883,80,France,32,90 to 94,133863.12680232018,90
8883,80,France,32,90 to 94,133863.12680232018,91
8883,80,France,32,90 to 94,133863.12680232018,92
8883,80,France,32,90 to 94,133863.12680232018,93
8883,80,France,32,90 to 94,133863.12680232018,94
8891,80,France,235,95 plus,34630.64065622115,95
8891,80,France,235,95 plus,34630.64065622115,96
8891,80,France,235,95 plus,34630.64065622115,97
8891,80,France,235,95 plus,34630.64065622115,98
8891,80,France,235,95 plus,34630.64065622115,99
8891,80,France,235,95 plus,34630.64065622115,100
8978,81,Germany,11,30 to 34,1145710.6237409771,30
8978,81,Germany,11,30 to 34,1145710.6237409771,31
8978,81,Germany,11,30 to 34,1145710.6237409771,32
8978,81,Germany,11,30 to 34,1145710.6237409771,33
8978,81,Germany,11,30 to 34,1145710.6237409771,34
8979,81,Germany,12,35 to 39,1095378.8564522953,35
8979,81,Germany,12,35 to 39,1095378.8564522953,36
8979,81,Germany,12,35 to 39,1095378.8564522953,37
8979,81,Germany,12,35 to 39,1095378.8564522953,38
8979,81,Germany,12,35 to 39,1095378.8564522953,39
8980,81,Germany,13,40 to 44,1009246.6090852518,40
8980,81,Germany,13,40 to 44,1009246.6090852518,41
8980,81,Germany,13,40 to 44,1009246.6090852518,42
8980,81,Germany,13,40 to 44,1009246.6090852518,43
8980,81,Germany,13,40 to 44,1009246.6090852518,44
8981,81,Germany,14,45 to 49,1072958.6251822184,45
8981,81,Germany,14,45 to 49,1072958.6251822184,46
8981,81,Germany,14,45 to 49,1072958.6251822184,47
8981,81,Germany,14,45 to 49,1072958.6251822184,48
8981,81,Germany,14,45 to 49,1072958.6251822184,49
8982,81,Germany,15,50 to 54,1359393.4172357947,50
8982,81,Germany,15,50 to 54,1359393.4172357947,51
8982,81,Germany,15,50 to 54,1359393.4172357947,52
8982,81,Germany,15,50 to 54,1359393.4172357947,53
8982,81,Germany,15,50 to 54,1359393.4172357947,54
8983,81,Germany,16,55 to 59,1359048.225327925,55
8983,81,Germany,16,55 to 59,1359048.225327925,56
8983,81,Germany,16,55 to 59,1359048.225327925,57
8983,81,Germany,16,55 to 59,1359048.225327925,58
8983,81,Germany,16,55 to 59,1359048.225327925,59
8984,81,Germany,17,60 to 64,1135472.7399467076,60
8984,81,Germany,17,60 to 64,1135472.7399467076,61
8984,81,Germany,17,60 to 64,1135472.7399467076,62
8984,81,Germany,17,60 to 64,1135472.7399467076,63
8984,81,Germany,17,60 to 64,1135472.7399467076,64
8985,81,Germany,18,65 to 69,978171.1464985532,65
8985,81,Germany,18,65 to 69,978171.1464985532,66
8985,81,Germany,18,65 to 69,978171.1464985532,67
8985,81,Germany,18,65 to 69,978171.1464985532,68
8985,81,Germany,18,65 to 69,978171.1464985532,69
8986,81,Germany,19,70 to 74,740588.9142437534,70
8986,81,Germany,19,70 to 74,740588.9142437534,71
8986,81,Germany,19,70 to 74,740588.9142437534,72
8986,81,Germany,19,70 to 74,740588.9142437534,73
8986,81,Germany,19,70 to 74,740588.9142437534,74
8987,81,Germany,20,75 to 79,776099.0461434613,75
8987,81,Germany,20,75 to 79,776099.0461434613,76
8987,81,Germany,20,75 to 79,776099.0461434613,77
8987,81,Germany,20,75 to 79,776099.0461434613,78
8987,81,Germany,20,75 to 79,776099.0461434613,79
8995,81,Germany,30,80 to 84,654328.855687351,80
8995,81,Germany,30,80 to 84,654328.855687351,81
8995,81,Germany,30,80 to 84,654328.855687351,82
8995,81,Germany,30,80 to 84,654328.855687351,83
8995,81,Germany,30,80 to 84,654328.855687351,84
8996,81,Germany,31,85 to 89,315974.6082408519,85
8996,81,Germany,31,85 to 89,315974.6082408519,86
8996,81,Germany,31,85 to 89,315974.6082408519,87
8996,81,Germany,31,85 to 89,315974.6082408519,88
8996,81,Germany,31,85 to 89,315974.6082408519,89
8997,81,Germany,32,90 to 94,128523.86305596966,90
8997,81,Germany,32,90 to 94,128523.86305596966,91
8997,81,Germany,32,90 to 94,128523.86305596966,92
8997,81,Germany,32,90 to 94,128523.86305596966,93
8997,81,Germany,32,90 to 94,128523.86305596966,94
9005,81,Germany,235,95 plus,30299.3186779362,95
9005,81,Germany,235,95 plus,30299.3186779362,96
9005,81,Germany,235,95 plus,30299.3186779362,97
9005,81,Germany,235,95 plus,30299.3186779362,98
9005,81,Germany,235,95 plus,30299.3186779362,99
9005,81,Germany,235,95 plus,30299.3186779362,100
9092,82,Greece,11,30 to 34,120891.76309000558,30
9092,82,Greece,11,30 to 34,120891.76309000558,31
9092,82,Greece,11,30 to 34,120891.76309000558,32
9092,82,Greece,11,30 to 34,120891.76309000558,33
9092,82,Greece,11,30 to 34,120891.76309000558,34
9093,82,Greece,12,35 to 39,149084.9126592927,35
9093,82,Greece,12,35 to 39,149084.9126592927,36
9093,82,Greece,12,35 to 39,149084.9126592927,37
9093,82,Greece,12,35 to 39,149084.9126592927,38
9093,82,Greece,12,35 to 39,149084.9126592927,39
9094,82,Greece,13,40 to 44,156424.33417871685,40
9094,82,Greece,13,40 to 44,156424.33417871685,41
9094,82,Greece,13,40 to 44,156424.33417871685,42
9094,82,Greece,13,40 to 44,156424.33417871685,43
9094,82,Greece,13,40 to 44,156424.33417871685,44
9095,82,Greece,14,45 to 49,156147.33925886377,45
9095,82,Greece,14,45 to 49,156147.33925886377,46
9095,82,Greece,14,45 to 49,156147.33925886377,47
9095,82,Greece,14,45 to 49,156147.33925886377,48
9095,82,Greece,14,45 to 49,156147.33925886377,49
9096,82,Greece,15,50 to 54,152719.62805380835,50
9096,82,Greece,15,50 to 54,152719.62805380835,51
9096,82,Greece,15,50 to 54,152719.62805380835,52
9096,82,Greece,15,50 to 54,152719.62805380835,53
9096,82,Greece,15,50 to 54,152719.62805380835,54
9097,82,Greece,16,55 to 59,140348.96711407098,55
9097,82,Greece,16,55 to 59,140348.96711407098,56
9097,82,Greece,16,55 to 59,140348.96711407098,57
9097,82,Greece,16,55 to 59,140348.96711407098,58
9097,82,Greece,16,55 to 59,140348.96711407098,59
9098,82,Greece,17,60 to 64,130539.89687484468,60
9098,82,Greece,17,60 to 64,130539.89687484468,61
9098,82,Greece,17,60 to 64,130539.89687484468,62
9098,82,Greece,17,60 to 64,130539.89687484468,63
9098,82,Greece,17,60 to 64,130539.89687484468,64
9099,82,Greece,18,65 to 69,113865.8930595422,65
9099,82,Greece,18,65 to 69,113865.8930595422,66
9099,82,Greece,18,65 to 69,113865.8930595422,67
9099,82,Greece,18,65 to 69,113865.8930595422,68
9099,82,Greece,18,65 to 69,113865.8930595422,69
9100,82,Greece,19,70 to 74,105799.23222847974,70
9100,82,Greece,19,70 to 74,105799.23222847974,71
9100,82,Greece,19,70 to 74,105799.23222847974,72
9100,82,Greece,19,70 to 74,105799.23222847974,73
9100,82,Greece,19,70 to 74,105799.23222847974,74
9101,82,Greece,20,75 to 79,83821.30556380453,75
9101,82,Greece,20,75 to 79,83821.30556380453,76
9101,82,Greece,20,75 to 79,83821.30556380453,77
9101,82,Greece,20,75 to 79,83821.30556380453,78
9101,82,Greece,20,75 to 79,83821.30556380453,79
9109,82,Greece,30,80 to 84,78602.49197663252,80
9109,82,Greece,30,80 to 84,78602.49197663252,81
9109,82,Greece,30,80 to 84,78602.49197663252,82
9109,82,Greece,30,80 to 84,78602.49197663252,83
9109,82,Greece,30,80 to 84,78602.49197663252,84
9110,82,Greece,31,85 to 89,51249.28659092401,85
9110,82,Greece,31,85 to 89,51249.28659092401,86
9110,82,Greece,31,85 to 89,51249.28659092401,87
9110,82,Greece,31,85 to 89,51249.28659092401,88
9110,82,Greece,31,85 to 89,51249.28659092401,89
9111,82,Greece,32,90 to 94,19445.281236819566,90
9111,82,Greece,32,90 to 94,19445.281236819566,91
9111,82,Greece,32,90 to 94,19445.281236819566,92
9111,82,Greece,32,90 to 94,19445.281236819566,93
9111,82,Greece,32,90 to 94,19445.281236819566,94
9119,82,Greece,235,95 plus,3752.869073299537,95
9119,82,Greece,235,95 plus,3752.869073299537,96
9119,82,Greece,235,95 plus,3752.869073299537,97
9119,82,Greece,235,95 plus,3752.869073299537,98
9119,82,Greece,235,95 plus,3752.869073299537,99
9119,82,Greece,235,95 plus,3752.869073299537,100
9206,83,Iceland,11,30 to 34,4755.094812422217,30
9206,83,Iceland,11,30 to 34,4755.094812422217,31
9206,83,Iceland,11,30 to 34,4755.094812422217,32
9206,83,Iceland,11,30 to 34,4755.094812422217,33
9206,83,Iceland,11,30 to 34,4755.094812422217,34
9207,83,Iceland,12,35 to 39,4839.187739744704,35
9207,83,Iceland,12,35 to 39,4839.187739744704,36
9207,83,Iceland,12,35 to 39,4839.187739744704,37
9207,83,Iceland,12,35 to 39,4839.187739744704,38
9207,83,Iceland,12,35 to 39,4839.187739744704,39
9208,83,Iceland,13,40 to 44,4357.21204041784,40
9208,83,Iceland,13,40 to 44,4357.21204041784,41
9208,83,Iceland,13,40 to 44,4357.21204041784,42
9208,83,Iceland,13,40 to 44,4357.21204041784,43
9208,83,Iceland,13,40 to 44,4357.21204041784,44
9209,83,Iceland,14,45 to 49,4301.154639391386,45
9209,83,Iceland,14,45 to 49,4301.154639391386,46
9209,83,Iceland,14,45 to 49,4301.154639391386,47
9209,83,Iceland,14,45 to 49,4301.154639391386,48
9209,83,Iceland,14,45 to 49,4301.154639391386,49
9210,83,Iceland,15,50 to 54,4293.9348585090975,50
9210,83,Iceland,15,50 to 54,4293.9348585090975,51
9210,83,Iceland,15,50 to 54,4293.9348585090975,52
9210,83,Iceland,15,50 to 54,4293.9348585090975,53
9210,83,Iceland,15,50 to 54,4293.9348585090975,54
9211,83,Iceland,16,55 to 59,4297.378464894565,55
9211,83,Iceland,16,55 to 59,4297.378464894565,56
9211,83,Iceland,16,55 to 59,4297.378464894565,57
9211,83,Iceland,16,55 to 59,4297.378464894565,58
9211,83,Iceland,16,55 to 59,4297.378464894565,59
9212,83,Iceland,17,60 to 64,3931.2332363663904,60
9212,83,Iceland,17,60 to 64,3931.2332363663904,61
9212,83,Iceland,17,60 to 64,3931.2332363663904,62
9212,83,Iceland,17,60 to 64,3931.2332363663904,63
9212,83,Iceland,17,60 to 64,3931.2332363663904,64
9213,83,Iceland,18,65 to 69,3298.3239938242577,65
9213,83,Iceland,18,65 to 69,3298.3239938242577,66
9213,83,Iceland,18,65 to 69,3298.3239938242577,67
9213,83,Iceland,18,65 to 69,3298.3239938242577,68
9213,83,Iceland,18,65 to 69,3298.3239938242577,69
9214,83,Iceland,19,70 to 74,2607.110110813214,70
9214,83,Iceland,19,70 to 74,2607.110110813214,71
9214,83,Iceland,19,70 to 74,2607.110110813214,72
9214,83,Iceland,19,70 to 74,2607.110110813214,73
9214,83,Iceland,19,70 to 74,2607.110110813214,74
9215,83,Iceland,20,75 to 79,1759.2711536643571,75
9215,83,Iceland,20,75 to 79,1759.2711536643571,76
9215,83,Iceland,20,75 to 79,1759.2711536643571,77
9215,83,Iceland,20,75 to 79,1759.2711536643571,78
9215,83,Iceland,20,75 to 79,1759.2711536643571,79
9223,83,Iceland,30,80 to 84,1244.7243801725144,80
9223,83,Iceland,30,80 to 84,1244.7243801725144,81
9223,83,Iceland,30,80 to 84,1244.7243801725144,82
9223,83,Iceland,30,80 to 84,1244.7243801725144,83
9223,83,Iceland,30,80 to 84,1244.7243801725144,84
9224,83,Iceland,31,85 to 89,889.5729820583583,85
9224,83,Iceland,31,85 to 89,889.5729820583583,86
9224,83,Iceland,31,85 to 89,889.5729820583583,87
9224,83,Iceland,31,85 to 89,889.5729820583583,88
9224,83,Iceland,31,85 to 89,889.5729820583583,89
9225,83,Iceland,32,90 to 94,440.1157917856136,90
9225,83,Iceland,32,90 to 94,440.1157917856136,91
9225,83,Iceland,32,90 to 94,440.1157917856136,92
9225,83,Iceland,32,90 to 94,440.1157917856136,93
9225,83,Iceland,32,90 to 94,440.1157917856136,94
9233,83,Iceland,235,95 plus,138.7778901130217,95
9233,83,Iceland,235,95 plus,138.7778901130217,96
9233,83,Iceland,235,95 plus,138.7778901130217,97
9233,83,Iceland,235,95 plus,138.7778901130217,98
9233,83,Iceland,235,95 plus,138.7778901130217,99
9233,83,Iceland,235,95 plus,138.7778901130217,100
9320,84,Ireland,11,30 to 34,64625.96365049524,30
9320,84,Ireland,11,30 to 34,64625.96365049524,31
9320,84,Ireland,11,30 to 34,64625.96365049524,32
9320,84,Ireland,11,30 to 34,64625.96365049524,33
9320,84,Ireland,11,30 to 34,64625.96365049524,34
9321,84,Ireland,12,35 to 39,78406.11599779704,35
9321,84,Ireland,12,35 to 39,78406.11599779704,36
9321,84,Ireland,12,35 to 39,78406.11599779704,37
9321,84,Ireland,12,35 to 39,78406.11599779704,38
9321,84,Ireland,12,35 to 39,78406.11599779704,39
9322,84,Ireland,13,40 to 44,74501.56529945703,40
9322,84,Ireland,13,40 to 44,74501.56529945703,41
9322,84,Ireland,13,40 to 44,74501.56529945703,42
9322,84,Ireland,13,40 to 44,74501.56529945703,43
9322,84,Ireland,13,40 to 44,74501.56529945703,44
9323,84,Ireland,14,45 to 49,70231.57927966237,45
9323,84,Ireland,14,45 to 49,70231.57927966237,46
9323,84,Ireland,14,45 to 49,70231.57927966237,47
9323,84,Ireland,14,45 to 49,70231.57927966237,48
9323,84,Ireland,14,45 to 49,70231.57927966237,49
9324,84,Ireland,15,50 to 54,62426.02000903721,50
9324,84,Ireland,15,50 to 54,62426.02000903721,51
9324,84,Ireland,15,50 to 54,62426.02000903721,52
9324,84,Ireland,15,50 to 54,62426.02000903721,53
9324,84,Ireland,15,50 to 54,62426.02000903721,54
9325,84,Ireland,16,55 to 59,57485.689809135176,55
9325,84,Ireland,16,55 to 59,57485.689809135176,56
9325,84,Ireland,16,55 to 59,57485.689809135176,57
9325,84,Ireland,16,55 to 59,57485.689809135176,58
9325,84,Ireland,16,55 to 59,57485.689809135176,59
9326,84,Ireland,17,60 to 64,50696.85793711951,60
9326,84,Ireland,17,60 to 64,50696.85793711951,61
9326,84,Ireland,17,60 to 64,50696.85793711951,62
9326,84,Ireland,17,60 to 64,50696.85793711951,63
9326,84,Ireland,17,60 to 64,50696.85793711951,64
9327,84,Ireland,18,65 to 69,44567.653903854,65
9327,84,Ireland,18,65 to 69,44567.653903854,66
9327,84,Ireland,18,65 to 69,44567.653903854,67
9327,84,Ireland,18,65 to 69,44567.653903854,68
9327,84,Ireland,18,65 to 69,44567.653903854,69
9328,84,Ireland,19,70 to 74,37609.93021906528,70
9328,84,Ireland,19,70 to 74,37609.93021906528,71
9328,84,Ireland,19,70 to 74,37609.93021906528,72
9328,84,Ireland,19,70 to 74,37609.93021906528,73
9328,84,Ireland,19,70 to 74,37609.93021906528,74
9329,84,Ireland,20,75 to 79,25838.38226524712,75
9329,84,Ireland,20,75 to 79,25838.38226524712,76
9329,84,Ireland,20,75 to 79,25838.38226524712,77
9329,84,Ireland,20,75 to 79,25838.38226524712,78
9329,84,Ireland,20,75 to 79,25838.38226524712,79
9337,84,Ireland,30,80 to 84,17594.3604504803,80
9337,84,Ireland,30,80 to 84,17594.3604504803,81
9337,84,Ireland,30,80 to 84,17594.3604504803,82
9337,84,Ireland,30,80 to 84,17594.3604504803,83
9337,84,Ireland,30,80 to 84,17594.3604504803,84
9338,84,Ireland,31,85 to 89,10009.611344787289,85
9338,84,Ireland,31,85 to 89,10009.611344787289,86
9338,84,Ireland,31,85 to 89,10009.611344787289,87
9338,84,Ireland,31,85 to 89,10009.611344787289,88
9338,84,Ireland,31,85 to 89,10009.611344787289,89
9339,84,Ireland,32,90 to 94,4118.159679816192,90
9339,84,Ireland,32,90 to 94,4118.159679816192,91
9339,84,Ireland,32,90 to 94,4118.159679816192,92
9339,84,Ireland,32,90 to 94,4118.159679816192,93
9339,84,Ireland,32,90 to 94,4118.159679816192,94
9347,84,Ireland,235,95 plus,1063.559537577493,95
9347,84,Ireland,235,95 plus,1063.559537577493,96
9347,84,Ireland,235,95 plus,1063.559537577493,97
9347,84,Ireland,235,95 plus,1063.559537577493,98
9347,84,Ireland,235,95 plus,1063.559537577493,99
9347,84,Ireland,235,95 plus,1063.559537577493,100
9434,85,Israel,11,30 to 34,123003.19878565532,30
9434,85,Israel,11,30 to 34,123003.19878565532,31
9434,85,Israel,11,30 to 34,123003.19878565532,32
9434,85,Israel,11,30 to 34,123003.19878565532,33
9434,85,Israel,11,30 to 34,123003.19878565532,34
9435,85,Israel,12,35 to 39,123491.1056764813,35
9435,85,Israel,12,35 to 39,123491.1056764813,36
9435,85,Israel,12,35 to 39,123491.1056764813,37
9435,85,Israel,12,35 to 39,123491.1056764813,38
9435,85,Israel,12,35 to 39,123491.1056764813,39
9436,85,Israel,13,40 to 44,119138.61696987921,40
9436,85,Israel,13,40 to 44,119138.61696987921,41
9436,85,Israel,13,40 to 44,119138.61696987921,42
9436,85,Israel,13,40 to 44,119138.61696987921,43
9436,85,Israel,13,40 to 44,119138.61696987921,44
9437,85,Israel,14,45 to 49,107187.63357533402,45
9437,85,Israel,14,45 to 49,107187.63357533402,46
9437,85,Israel,14,45 to 49,107187.63357533402,47
9437,85,Israel,14,45 to 49,107187.63357533402,48
9437,85,Israel,14,45 to 49,107187.63357533402,49
9438,85,Israel,15,50 to 54,88087.09595992249,50
9438,85,Israel,15,50 to 54,88087.09595992249,51
9438,85,Israel,15,50 to 54,88087.09595992249,52
9438,85,Israel,15,50 to 54,88087.09595992249,53
9438,85,Israel,15,50 to 54,88087.09595992249,54
9439,85,Israel,16,55 to 59,80360.12012107356,55
9439,85,Israel,16,55 to 59,80360.12012107356,56
9439,85,Israel,16,55 to 59,80360.12012107356,57
9439,85,Israel,16,55 to 59,80360.12012107356,58
9439,85,Israel,16,55 to 59,80360.12012107356,59
9440,85,Israel,17,60 to 64,76816.55418993712,60
9440,85,Israel,17,60 to 64,76816.55418993712,61
9440,85,Israel,17,60 to 64,76816.55418993712,62
9440,85,Israel,17,60 to 64,76816.55418993712,63
9440,85,Israel,17,60 to 64,76816.55418993712,64
9441,85,Israel,18,65 to 69,73691.47414960602,65
9441,85,Israel,18,65 to 69,73691.47414960602,66
9441,85,Israel,18,65 to 69,73691.47414960602,67
9441,85,Israel,18,65 to 69,73691.47414960602,68
9441,85,Israel,18,65 to 69,73691.47414960602,69
9442,85,Israel,19,70 to 74,61005.46697475505,70
9442,85,Israel,19,70 to 74,61005.46697475505,71
9442,85,Israel,19,70 to 74,61005.46697475505,72
9442,85,Israel,19,70 to 74,61005.46697475505,73
9442,85,Israel,19,70 to 74,61005.46697475505,74
9443,85,Israel,20,75 to 79,33822.7893895475,75
9443,85,Israel,20,75 to 79,33822.7893895475,76
9443,85,Israel,20,75 to 79,33822.7893895475,77
9443,85,Israel,20,75 to 79,33822.7893895475,78
9443,85,Israel,20,75 to 79,33822.7893895475,79
9451,85,Israel,30,80 to 84,28076.398449809523,80
9451,85,Israel,30,80 to 84,28076.398449809523,81
9451,85,Israel,30,80 to 84,28076.398449809523,82
9451,85,Israel,30,80 to 84,28076.398449809523,83
9451,85,Israel,30,80 to 84,28076.398449809523,84
9452,85,Israel,31,85 to 89,16529.125059992122,85
9452,85,Israel,31,85 to 89,16529.125059992122,86
9452,85,Israel,31,85 to 89,16529.125059992122,87
9452,85,Israel,31,85 to 89,16529.125059992122,88
9452,85,Israel,31,85 to 89,16529.125059992122,89
9453,85,Israel,32,90 to 94,7754.812655748479,90
9453,85,Israel,32,90 to 94,7754.812655748479,91
9453,85,Israel,32,90 to 94,7754.812655748479,92
9453,85,Israel,32,90 to 94,7754.812655748479,93
9453,85,Israel,32,90 to 94,7754.812655748479,94
9461,85,Israel,235,95 plus,2196.9021996506585,95
9461,85,Israel,235,95 plus,2196.9021996506585,96
9461,85,Israel,235,95 plus,2196.9021996506585,97
9461,85,Israel,235,95 plus,2196.9021996506585,98
9461,85,Israel,235,95 plus,2196.9021996506585,99
9461,85,Israel,235,95 plus,2196.9021996506585,100
9548,86,Italy,11,30 to 34,671648.110875069,30
9548,86,Italy,11,30 to 34,671648.110875069,31
9548,86,Italy,11,30 to 34,671648.110875069,32
9548,86,Italy,11,30 to 34,671648.110875069,33
9548,86,Italy,11,30 to 34,671648.110875069,34
9549,86,Italy,12,35 to 39,739988.1953740281,35
9549,86,Italy,12,35 to 39,739988.1953740281,36
9549,86,Italy,12,35 to 39,739988.1953740281,37
9549,86,Italy,12,35 to 39,739988.1953740281,38
9549,86,Italy,12,35 to 39,739988.1953740281,39
9550,86,Italy,13,40 to 44,884278.8183357685,40
9550,86,Italy,13,40 to 44,884278.8183357685,41
9550,86,Italy,13,40 to 44,884278.8183357685,42
9550,86,Italy,13,40 to 44,884278.8183357685,43
9550,86,Italy,13,40 to 44,884278.8183357685,44
9551,86,Italy,14,45 to 49,966923.6550259972,45
9551,86,Italy,14,45 to 49,966923.6550259972,46
9551,86,Italy,14,45 to 49,966923.6550259972,47
9551,86,Italy,14,45 to 49,966923.6550259972,48
9551,86,Italy,14,45 to 49,966923.6550259972,49
9552,86,Italy,15,50 to 54,989001.3158071798,50
9552,86,Italy,15,50 to 54,989001.3158071798,51
9552,86,Italy,15,50 to 54,989001.3158071798,52
9552,86,Italy,15,50 to 54,989001.3158071798,53
9552,86,Italy,15,50 to 54,989001.3158071798,54
9553,86,Italy,16,55 to 59,885107.2712689685,55
9553,86,Italy,16,55 to 59,885107.2712689685,56
9553,86,Italy,16,55 to 59,885107.2712689685,57
9553,86,Italy,16,55 to 59,885107.2712689685,58
9553,86,Italy,16,55 to 59,885107.2712689685,59
9554,86,Italy,17,60 to 64,769710.7020897854,60
9554,86,Italy,17,60 to 64,769710.7020897854,61
9554,86,Italy,17,60 to 64,769710.7020897854,62
9554,86,Italy,17,60 to 64,769710.7020897854,63
9554,86,Italy,17,60 to 64,769710.7020897854,64
9555,86,Italy,18,65 to 69,698594.5087844261,65
9555,86,Italy,18,65 to 69,698594.5087844261,66
9555,86,Italy,18,65 to 69,698594.5087844261,67
9555,86,Italy,18,65 to 69,698594.5087844261,68
9555,86,Italy,18,65 to 69,698594.5087844261,69
9556,86,Italy,19,70 to 74,646608.6882455093,70
9556,86,Italy,19,70 to 74,646608.6882455093,71
9556,86,Italy,19,70 to 74,646608.6882455093,72
9556,86,Italy,19,70 to 74,646608.6882455093,73
9556,86,Italy,19,70 to 74,646608.6882455093,74
9557,86,Italy,20,75 to 79,545776.0676120238,75
9557,86,Italy,20,75 to 79,545776.0676120238,76
9557,86,Italy,20,75 to 79,545776.0676120238,77
9557,86,Italy,20,75 to 79,545776.0676120238,78
9557,86,Italy,20,75 to 79,545776.0676120238,79
9565,86,Italy,30,80 to 84,433793.29932956037,80
9565,86,Italy,30,80 to 84,433793.29932956037,81
9565,86,Italy,30,80 to 84,433793.29932956037,82
9565,86,Italy,30,80 to 84,433793.29932956037,83
9565,86,Italy,30,80 to 84,433793.29932956037,84
9566,86,Italy,31,85 to 89,275206.3679969019,85
9566,86,Italy,31,85 to 89,275206.3679969019,86
9566,86,Italy,31,85 to 89,275206.3679969019,87
9566,86,Italy,31,85 to 89,275206.3679969019,88
9566,86,Italy,31,85 to 89,275206.3679969019,89
9567,86,Italy,32,90 to 94,122280.95725444704,90
9567,86,Italy,32,90 to 94,122280.95725444704,91
9567,86,Italy,32,90 to 94,122280.95725444704,92
9567,86,Italy,32,90 to 94,122280.95725444704,93
9567,86,Italy,32,90 to 94,122280.95725444704,94
9575,86,Italy,235,95 plus,28855.94691439661,95
9575,86,Italy,235,95 plus,28855.94691439661,96
9575,86,Italy,235,95 plus,28855.94691439661,97
9575,86,Italy,235,95 plus,28855.94691439661,98
9575,86,Italy,235,95 plus,28855.94691439661,99
9575,86,Italy,235,95 plus,28855.94691439661,100
9662,87,Luxembourg,11,30 to 34,9628.712050926675,30
9662,87,Luxembourg,11,30 to 34,9628.712050926675,31
9662,87,Luxembourg,11,30 to 34,9628.712050926675,32
9662,87,Luxembourg,11,30 to 34,9628.712050926675,33
9662,87,Luxembourg,11,30 to 34,9628.712050926675,34
9663,87,Luxembourg,12,35 to 39,9733.030386842604,35
9663,87,Luxembourg,12,35 to 39,9733.030386842604,36
9663,87,Luxembourg,12,35 to 39,9733.030386842604,37
9663,87,Luxembourg,12,35 to 39,9733.030386842604,38
9663,87,Luxembourg,12,35 to 39,9733.030386842604,39
9664,87,Luxembourg,13,40 to 44,9381.722264118773,40
9664,87,Luxembourg,13,40 to 44,9381.722264118773,41
9664,87,Luxembourg,13,40 to 44,9381.722264118773,42
9664,87,Luxembourg,13,40 to 44,9381.722264118773,43
9664,87,Luxembourg,13,40 to 44,9381.722264118773,44
9665,87,Luxembourg,14,45 to 49,9306.010018038178,45
9665,87,Luxembourg,14,45 to 49,9306.010018038178,46
9665,87,Luxembourg,14,45 to 49,9306.010018038178,47
9665,87,Luxembourg,14,45 to 49,9306.010018038178,48
9665,87,Luxembourg,14,45 to 49,9306.010018038178,49
9666,87,Luxembourg,15,50 to 54,9425.443831204531,50
9666,87,Luxembourg,15,50 to 54,9425.443831204531,51
9666,87,Luxembourg,15,50 to 54,9425.443831204531,52
9666,87,Luxembourg,15,50 to 54,9425.443831204531,53
9666,87,Luxembourg,15,50 to 54,9425.443831204531,54
9667,87,Luxembourg,16,55 to 59,8288.459110804246,55
9667,87,Luxembourg,16,55 to 59,8288.459110804246,56
9667,87,Luxembourg,16,55 to 59,8288.459110804246,57
9667,87,Luxembourg,16,55 to 59,8288.459110804246,58
9667,87,Luxembourg,16,55 to 59,8288.459110804246,59
9668,87,Luxembourg,17,60 to 64,6811.015750110928,60
9668,87,Luxembourg,17,60 to 64,6811.015750110928,61
9668,87,Luxembourg,17,60 to 64,6811.015750110928,62
9668,87,Luxembourg,17,60 to 64,6811.015750110928,63
9668,87,Luxembourg,17,60 to 64,6811.015750110928,64
9669,87,Luxembourg,18,65 to 69,5463.1018893202545,65
9669,87,Luxembourg,18,65 to 69,5463.1018893202545,66
9669,87,Luxembourg,18,65 to 69,5463.1018893202545,67
9669,87,Luxembourg,18,65 to 69,5463.1018893202545,68
9669,87,Luxembourg,18,65 to 69,5463.1018893202545,69
9670,87,Luxembourg,19,70 to 74,4272.863478056463,70
9670,87,Luxembourg,19,70 to 74,4272.863478056463,71
9670,87,Luxembourg,19,70 to 74,4272.863478056463,72
9670,87,Luxembourg,19,70 to 74,4272.863478056463,73
9670,87,Luxembourg,19,70 to 74,4272.863478056463,74
9671,87,Luxembourg,20,75 to 79,3299.7475164962625,75
9671,87,Luxembourg,20,75 to 79,3299.7475164962625,76
9671,87,Luxembourg,20,75 to 79,3299.7475164962625,77
9671,87,Luxembourg,20,75 to 79,3299.7475164962625,78
9671,87,Luxembourg,20,75 to 79,3299.7475164962625,79
9679,87,Luxembourg,30,80 to 84,2452.415504531643,80
9679,87,Luxembourg,30,80 to 84,2452.415504531643,81
9679,87,Luxembourg,30,80 to 84,2452.415504531643,82
9679,87,Luxembourg,30,80 to 84,2452.415504531643,83
9679,87,Luxembourg,30,80 to 84,2452.415504531643,84
9680,87,Luxembourg,31,85 to 89,1619.569515314151,85
9680,87,Luxembourg,31,85 to 89,1619.569515314151,86
9680,87,Luxembourg,31,85 to 89,1619.569515314151,87
9680,87,Luxembourg,31,85 to 89,1619.569515314151,88
9680,87,Luxembourg,31,85 to 89,1619.569515314151,89
9681,87,Luxembourg,32,90 to 94,726.2723513481778,90
9681,87,Luxembourg,32,90 to 94,726.2723513481778,91
9681,87,Luxembourg,32,90 to 94,726.2723513481778,92
9681,87,Luxembourg,32,90 to 94,726.2723513481778,93
9681,87,Luxembourg,32,90 to 94,726.2723513481778,94
9689,87,Luxembourg,235,95 plus,181.5307638978601,95
9689,87,Luxembourg,235,95 plus,181.5307638978601,96
9689,87,Luxembourg,235,95 plus,181.5307638978601,97
9689,87,Luxembourg,235,95 plus,181.5307638978601,98
9689,87,Luxembourg,235,95 plus,181.5307638978601,99
9689,87,Luxembourg,235,95 plus,181.5307638978601,100
9776,88,Malta,11,30 to 34,6245.549487716182,30
9776,88,Malta,11,30 to 34,6245.549487716182,31
9776,88,Malta,11,30 to 34,6245.549487716182,32
9776,88,Malta,11,30 to 34,6245.549487716182,33
9776,88,Malta,11,30 to 34,6245.549487716182,34
9777,88,Malta,12,35 to 39,6335.469596120249,35
9777,88,Malta,12,35 to 39,6335.469596120249,36
9777,88,Malta,12,35 to 39,6335.469596120249,37
9777,88,Malta,12,35 to 39,6335.469596120249,38
9777,88,Malta,12,35 to 39,6335.469596120249,39
9778,88,Malta,13,40 to 44,6234.763556475458,40
9778,88,Malta,13,40 to 44,6234.763556475458,41
9778,88,Malta,13,40 to 44,6234.763556475458,42
9778,88,Malta,13,40 to 44,6234.763556475458,43
9778,88,Malta,13,40 to 44,6234.763556475458,44
9779,88,Malta,14,45 to 49,5576.08315954277,45
9779,88,Malta,14,45 to 49,5576.08315954277,46
9779,88,Malta,14,45 to 49,5576.08315954277,47
9779,88,Malta,14,45 to 49,5576.08315954277,48
9779,88,Malta,14,45 to 49,5576.08315954277,49
9780,88,Malta,15,50 to 54,5095.490134661272,50
9780,88,Malta,15,50 to 54,5095.490134661272,51
9780,88,Malta,15,50 to 54,5095.490134661272,52
9780,88,Malta,15,50 to 54,5095.490134661272,53
9780,88,Malta,15,50 to 54,5095.490134661272,54
9781,88,Malta,16,55 to 59,5858.001072048652,55
9781,88,Malta,16,55 to 59,5858.001072048652,56
9781,88,Malta,16,55 to 59,5858.001072048652,57
9781,88,Malta,16,55 to 59,5858.001072048652,58
9781,88,Malta,16,55 to 59,5858.001072048652,59
9782,88,Malta,17,60 to 64,6088.701819224317,60
9782,88,Malta,17,60 to 64,6088.701819224317,61
9782,88,Malta,17,60 to 64,6088.701819224317,62
9782,88,Malta,17,60 to 64,6088.701819224317,63
9782,88,Malta,17,60 to 64,6088.701819224317,64
9783,88,Malta,18,65 to 69,5629.754972966593,65
9783,88,Malta,18,65 to 69,5629.754972966593,66
9783,88,Malta,18,65 to 69,5629.754972966593,67
9783,88,Malta,18,65 to 69,5629.754972966593,68
9783,88,Malta,18,65 to 69,5629.754972966593,69
9784,88,Malta,19,70 to 74,5605.891100010581,70
9784,88,Malta,19,70 to 74,5605.891100010581,71
9784,88,Malta,19,70 to 74,5605.891100010581,72
9784,88,Malta,19,70 to 74,5605.891100010581,73
9784,88,Malta,19,70 to 74,5605.891100010581,74
9785,88,Malta,20,75 to 79,3177.837989866808,75
9785,88,Malta,20,75 to 79,3177.837989866808,76
9785,88,Malta,20,75 to 79,3177.837989866808,77
9785,88,Malta,20,75 to 79,3177.837989866808,78
9785,88,Malta,20,75 to 79,3177.837989866808,79
9793,88,Malta,30,80 to 84,2330.113663340887,80
9793,88,Malta,30,80 to 84,2330.113663340887,81
9793,88,Malta,30,80 to 84,2330.113663340887,82
9793,88,Malta,30,80 to 84,2330.113663340887,83
9793,88,Malta,30,80 to 84,2330.113663340887,84
9794,88,Malta,31,85 to 89,1311.6484744211123,85
9794,88,Malta,31,85 to 89,1311.6484744211123,86
9794,88,Malta,31,85 to 89,1311.6484744211123,87
9794,88,Malta,31,85 to 89,1311.6484744211123,88
9794,88,Malta,31,85 to 89,1311.6484744211123,89
9795,88,Malta,32,90 to 94,549.546027445343,90
9795,88,Malta,32,90 to 94,549.546027445343,91
9795,88,Malta,32,90 to 94,549.546027445343,92
9795,88,Malta,32,90 to 94,549.546027445343,93
9795,88,Malta,32,90 to 94,549.546027445343,94
9803,88,Malta,235,95 plus,169.77882934955213,95
9803,88,Malta,235,95 plus,169.77882934955213,96
9803,88,Malta,235,95 plus,169.77882934955213,97
9803,88,Malta,235,95 plus,169.77882934955213,98
9803,88,Malta,235,95 plus,169.77882934955213,99
9803,88,Malta,235,95 plus,169.77882934955213,100
9890,89,Netherlands,11,30 to 34,211562.91119442694,30
9890,89,Netherlands,11,30 to 34,211562.91119442694,31
9890,89,Netherlands,11,30 to 34,211562.91119442694,32
9890,89,Netherlands,11,30 to 34,211562.91119442694,33
9890,89,Netherlands,11,30 to 34,211562.91119442694,34
9891,89,Netherlands,12,35 to 39,203340.55157369145,35
9891,89,Netherlands,12,35 to 39,203340.55157369145,36
9891,89,Netherlands,12,35 to 39,203340.55157369145,37
9891,89,Netherlands,12,35 to 39,203340.55157369145,38
9891,89,Netherlands,12,35 to 39,203340.55157369145,39
9892,89,Netherlands,13,40 to 44,202894.40306818782,40
9892,89,Netherlands,13,40 to 44,202894.40306818782,41
9892,89,Netherlands,13,40 to 44,202894.40306818782,42
9892,89,Netherlands,13,40 to 44,202894.40306818782,43
9892,89,Netherlands,13,40 to 44,202894.40306818782,44
9893,89,Netherlands,14,45 to 49,245491.83703883845,45
9893,89,Netherlands,14,45 to 49,245491.83703883845,46
9893,89,Netherlands,14,45 to 49,245491.83703883845,47
9893,89,Netherlands,14,45 to 49,245491.83703883845,48
9893,89,Netherlands,14,45 to 49,245491.83703883845,49
9894,89,Netherlands,15,50 to 54,254182.48326695655,50
9894,89,Netherlands,15,50 to 54,254182.48326695655,51
9894,89,Netherlands,15,50 to 54,254182.48326695655,52
9894,89,Netherlands,15,50 to 54,254182.48326695655,53
9894,89,Netherlands,15,50 to 54,254182.48326695655,54
9895,89,Netherlands,16,55 to 59,245771.1269298629,55
9895,89,Netherlands,16,55 to 59,245771.1269298629,56
9895,89,Netherlands,16,55 to 59,245771.1269298629,57
9895,89,Netherlands,16,55 to 59,245771.1269298629,58
9895,89,Netherlands,16,55 to 59,245771.1269298629,59
9896,89,Netherlands,17,60 to 64,219081.5531339782,60
9896,89,Netherlands,17,60 to 64,219081.5531339782,61
9896,89,Netherlands,17,60 to 64,219081.5531339782,62
9896,89,Netherlands,17,60 to 64,219081.5531339782,63
9896,89,Netherlands,17,60 to 64,219081.5531339782,64
9897,89,Netherlands,18,65 to 69,198488.2678436933,65
9897,89,Netherlands,18,65 to 69,198488.2678436933,66
9897,89,Netherlands,18,65 to 69,198488.2678436933,67
9897,89,Netherlands,18,65 to 69,198488.2678436933,68
9897,89,Netherlands,18,65 to 69,198488.2678436933,69
9898,89,Netherlands,19,70 to 74,182322.147366412,70
9898,89,Netherlands,19,70 to 74,182322.147366412,71
9898,89,Netherlands,19,70 to 74,182322.147366412,72
9898,89,Netherlands,19,70 to 74,182322.147366412,73
9898,89,Netherlands,19,70 to 74,182322.147366412,74
9899,89,Netherlands,20,75 to 79,121233.46242072716,75
9899,89,Netherlands,20,75 to 79,121233.46242072716,76
9899,89,Netherlands,20,75 to 79,121233.46242072716,77
9899,89,Netherlands,20,75 to 79,121233.46242072716,78
9899,89,Netherlands,20,75 to 79,121233.46242072716,79
9907,89,Netherlands,30,80 to 84,83986.70667217436,80
9907,89,Netherlands,30,80 to 84,83986.70667217436,81
9907,89,Netherlands,30,80 to 84,83986.70667217436,82
9907,89,Netherlands,30,80 to 84,83986.70667217436,83
9907,89,Netherlands,30,80 to 84,83986.70667217436,84
9908,89,Netherlands,31,85 to 89,50306.860122723236,85
9908,89,Netherlands,31,85 to 89,50306.860122723236,86
9908,89,Netherlands,31,85 to 89,50306.860122723236,87
9908,89,Netherlands,31,85 to 89,50306.860122723236,88
9908,89,Netherlands,31,85 to 89,50306.860122723236,89
9909,89,Netherlands,32,90 to 94,21473.08479432935,90
9909,89,Netherlands,32,90 to 94,21473.08479432935,91
9909,89,Netherlands,32,90 to 94,21473.08479432935,92
9909,89,Netherlands,32,90 to 94,21473.08479432935,93
9909,89,Netherlands,32,90 to 94,21473.08479432935,94
9917,89,Netherlands,235,95 plus,5457.291205921656,95
9917,89,Netherlands,235,95 plus,5457.291205921656,96
9917,89,Netherlands,235,95 plus,5457.291205921656,97
9917,89,Netherlands,235,95 plus,5457.291205921656,98
9917,89,Netherlands,235,95 plus,5457.291205921656,99
9917,89,Netherlands,235,95 plus,5457.291205921656,100
10004,90,Norway,11,30 to 34,73764.22523295124,30
10004,90,Norway,11,30 to 34,73764.22523295124,31
10004,90,Norway,11,30 to 34,73764.22523295124,32
10004,90,Norway,11,30 to 34,73764.22523295124,33
10004,90,Norway,11,30 to 34,73764.22523295124,34
10005,90,Norway,12,35 to 39,71081.97055237778,35
10005,90,Norway,12,35 to 39,71081.97055237778,36
10005,90,Norway,12,35 to 39,71081.97055237778,37
10005,90,Norway,12,35 to 39,71081.97055237778,38
10005,90,Norway,12,35 to 39,71081.97055237778,39
10006,90,Norway,13,40 to 44,70358.87585905832,40
10006,90,Norway,13,40 to 44,70358.87585905832,41
10006,90,Norway,13,40 to 44,70358.87585905832,42
10006,90,Norway,13,40 to 44,70358.87585905832,43
10006,90,Norway,13,40 to 44,70358.87585905832,44
10007,90,Norway,14,45 to 49,75882.34461792934,45
10007,90,Norway,14,45 to 49,75882.34461792934,46
10007,90,Norway,14,45 to 49,75882.34461792934,47
10007,90,Norway,14,45 to 49,75882.34461792934,48
10007,90,Norway,14,45 to 49,75882.34461792934,49
10008,90,Norway,15,50 to 54,73326.64086174264,50
10008,90,Norway,15,50 to 54,73326.64086174264,51
10008,90,Norway,15,50 to 54,73326.64086174264,52
10008,90,Norway,15,50 to 54,73326.64086174264,53
10008,90,Norway,15,50 to 54,73326.64086174264,54
10009,90,Norway,16,55 to 59,65262.34546228007,55
10009,90,Norway,16,55 to 59,65262.34546228007,56
10009,90,Norway,16,55 to 59,65262.34546228007,57
10009,90,Norway,16,55 to 59,65262.34546228007,58
10009,90,Norway,16,55 to 59,65262.34546228007,59
10010,90,Norway,17,60 to 64,60802.16019434418,60
10010,90,Norway,17,60 to 64,60802.16019434418,61
10010,90,Norway,17,60 to 64,60802.16019434418,62
10010,90,Norway,17,60 to 64,60802.16019434418,63
10010,90,Norway,17,60 to 64,60802.16019434418,64
10011,90,Norway,18,65 to 69,54672.22526128858,65
10011,90,Norway,18,65 to 69,54672.22526128858,66
10011,90,Norway,18,65 to 69,54672.22526128858,67
10011,90,Norway,18,65 to 69,54672.22526128858,68
10011,90,Norway,18,65 to 69,54672.22526128858,69
10012,90,Norway,19,70 to 74,51160.7024172222,70
10012,90,Norway,19,70 to 74,51160.7024172222,71
10012,90,Norway,19,70 to 74,51160.7024172222,72
10012,90,Norway,19,70 to 74,51160.7024172222,73
10012,90,Norway,19,70 to 74,51160.7024172222,74
10013,90,Norway,20,75 to 79,32738.489177380106,75
10013,90,Norway,20,75 to 79,32738.489177380106,76
10013,90,Norway,20,75 to 79,32738.489177380106,77
10013,90,Norway,20,75 to 79,32738.489177380106,78
10013,90,Norway,20,75 to 79,32738.489177380106,79
10021,90,Norway,30,80 to 84,21796.37845704506,80
10021,90,Norway,30,80 to 84,21796.37845704506,81
10021,90,Norway,30,80 to 84,21796.37845704506,82
10021,90,Norway,30,80 to 84,21796.37845704506,83
10021,90,Norway,30,80 to 84,21796.37845704506,84
10022,90,Norway,31,85 to 89,14461.26799294629,85
10022,90,Norway,31,85 to 89,14461.26799294629,86
10022,90,Norway,31,85 to 89,14461.26799294629,87
10022,90,Norway,31,85 to 89,14461.26799294629,88
10022,90,Norway,31,85 to 89,14461.26799294629,89
10023,90,Norway,32,90 to 94,7436.696539273619,90
10023,90,Norway,32,90 to 94,7436.696539273619,91
10023,90,Norway,32,90 to 94,7436.696539273619,92
10023,90,Norway,32,90 to 94,7436.696539273619,93
10023,90,Norway,32,90 to 94,7436.696539273619,94
10031,90,Norway,235,95 plus,2343.4298105220905,95
10031,90,Norway,235,95 plus,2343.4298105220905,96
10031,90,Norway,235,95 plus,2343.4298105220905,97
10031,90,Norway,235,95 plus,2343.4298105220905,98
10031,90,Norway,235,95 plus,2343.4298105220905,99
10031,90,Norway,235,95 plus,2343.4298105220905,100
10118,91,Portugal,11,30 to 34,120779.18831925858,30
10118,91,Portugal,11,30 to 34,120779.18831925858,31
10118,91,Portugal,11,30 to 34,120779.18831925858,32
10118,91,Portugal,11,30 to 34,120779.18831925858,33
10118,91,Portugal,11,30 to 34,120779.18831925858,34
10119,91,Portugal,12,35 to 39,144177.80883683803,35
10119,91,Portugal,12,35 to 39,144177.80883683803,36
10119,91,Portugal,12,35 to 39,144177.80883683803,37
10119,91,Portugal,12,35 to 39,144177.80883683803,38
10119,91,Portugal,12,35 to 39,144177.80883683803,39
10120,91,Portugal,13,40 to 44,167635.70775783228,40
10120,91,Portugal,13,40 to 44,167635.70775783228,41
10120,91,Portugal,13,40 to 44,167635.70775783228,42
10120,91,Portugal,13,40 to 44,167635.70775783228,43
10120,91,Portugal,13,40 to 44,167635.70775783228,44
10121,91,Portugal,14,45 to 49,161917.88945709652,45
10121,91,Portugal,14,45 to 49,161917.88945709652,46
10121,91,Portugal,14,45 to 49,161917.88945709652,47
10121,91,Portugal,14,45 to 49,161917.88945709652,48
10121,91,Portugal,14,45 to 49,161917.88945709652,49
10122,91,Portugal,15,50 to 54,155598.1055179143,50
10122,91,Portugal,15,50 to 54,155598.1055179143,51
10122,91,Portugal,15,50 to 54,155598.1055179143,52
10122,91,Portugal,15,50 to 54,155598.1055179143,53
10122,91,Portugal,15,50 to 54,155598.1055179143,54
10123,91,Portugal,16,55 to 59,149856.535339403,55
10123,91,Portugal,16,55 to 59,149856.535339403,56
10123,91,Portugal,16,55 to 59,149856.535339403,57
10123,91,Portugal,16,55 to 59,149856.535339403,58
10123,91,Portugal,16,55 to 59,149856.535339403,59
10124,91,Portugal,17,60 to 64,138821.54098562658,60
10124,91,Portugal,17,60 to 64,138821.54098562658,61
10124,91,Portugal,17,60 to 64,138821.54098562658,62
10124,91,Portugal,17,60 to 64,138821.54098562658,63
10124,91,Portugal,17,60 to 64,138821.54098562658,64
10125,91,Portugal,18,65 to 69,128102.77346573952,65
10125,91,Portugal,18,65 to 69,128102.77346573952,66
10125,91,Portugal,18,65 to 69,128102.77346573952,67
10125,91,Portugal,18,65 to 69,128102.77346573952,68
10125,91,Portugal,18,65 to 69,128102.77346573952,69
10126,91,Portugal,19,70 to 74,113354.06139069123,70
10126,91,Portugal,19,70 to 74,113354.06139069123,71
10126,91,Portugal,19,70 to 74,113354.06139069123,72
10126,91,Portugal,19,70 to 74,113354.06139069123,73
10126,91,Portugal,19,70 to 74,113354.06139069123,74
10127,91,Portugal,20,75 to 79,88537.61063988112,75
10127,91,Portugal,20,75 to 79,88537.61063988112,76
10127,91,Portugal,20,75 to 79,88537.61063988112,77
10127,91,Portugal,20,75 to 79,88537.61063988112,78
10127,91,Portugal,20,75 to 79,88537.61063988112,79
10135,91,Portugal,30,80 to 84,71918.3157241995,80
10135,91,Portugal,30,80 to 84,71918.3157241995,81
10135,91,Portugal,30,80 to 84,71918.3157241995,82
10135,91,Portugal,30,80 to 84,71918.3157241995,83
10135,91,Portugal,30,80 to 84,71918.3157241995,84
10136,91,Portugal,31,85 to 89,44303.83212209749,85
10136,91,Portugal,31,85 to 89,44303.83212209749,86
10136,91,Portugal,31,85 to 89,44303.83212209749,87
10136,91,Portugal,31,85 to 89,44303.83212209749,88
10136,91,Portugal,31,85 to 89,44303.83212209749,89
10137,91,Portugal,32,90 to 94,18121.261674343074,90
10137,91,Portugal,32,90 to 94,18121.261674343074,91
10137,91,Portugal,32,90 to 94,18121.261674343074,92
10137,91,Portugal,32,90 to 94,18121.261674343074,93
10137,91,Portugal,32,90 to 94,18121.261674343074,94
10145,91,Portugal,235,95 plus,3947.9908913930376,95
10145,91,Portugal,235,95 plus,3947.9908913930376,96
10145,91,Portugal,235,95 plus,3947.9908913930376,97
10145,91,Portugal,235,95 plus,3947.9908913930376,98
10145,91,Portugal,235,95 plus,3947.9908913930376,99
10145,91,Portugal,235,95 plus,3947.9908913930376,100
10232,92,Spain,11,30 to 34,543520.6636422633,30
10232,92,Spain,11,30 to 34,543520.6636422633,31
10232,92,Spain,11,30 to 34,543520.6636422633,32
10232,92,Spain,11,30 to 34,543520.6636422633,33
10232,92,Spain,11,30 to 34,543520.6636422633,34
10233,92,Spain,12,35 to 39,675834.9428141258,35
10233,92,Spain,12,35 to 39,675834.9428141258,36
10233,92,Spain,12,35 to 39,675834.9428141258,37
10233,92,Spain,12,35 to 39,675834.9428141258,38
10233,92,Spain,12,35 to 39,675834.9428141258,39
10234,92,Spain,13,40 to 44,786082.2673924945,40
10234,92,Spain,13,40 to 44,786082.2673924945,41
10234,92,Spain,13,40 to 44,786082.2673924945,42
10234,92,Spain,13,40 to 44,786082.2673924945,43
10234,92,Spain,13,40 to 44,786082.2673924945,44
10235,92,Spain,14,45 to 49,750881.6357502774,45
10235,92,Spain,14,45 to 49,750881.6357502774,46
10235,92,Spain,14,45 to 49,750881.6357502774,47
10235,92,Spain,14,45 to 49,750881.6357502774,48
10235,92,Spain,14,45 to 49,750881.6357502774,49
10236,92,Spain,15,50 to 54,717708.077635777,50
10236,92,Spain,15,50 to 54,717708.077635777,51
10236,92,Spain,15,50 to 54,717708.077635777,52
10236,92,Spain,15,50 to 54,717708.077635777,53
10236,92,Spain,15,50 to 54,717708.077635777,54
10237,92,Spain,16,55 to 59,645216.3434524105,55
10237,92,Spain,16,55 to 59,645216.3434524105,56
10237,92,Spain,16,55 to 59,645216.3434524105,57
10237,92,Spain,16,55 to 59,645216.3434524105,58
10237,92,Spain,16,55 to 59,645216.3434524105,59
10238,92,Spain,17,60 to 64,553488.5754889924,60
10238,92,Spain,17,60 to 64,553488.5754889924,61
10238,92,Spain,17,60 to 64,553488.5754889924,62
10238,92,Spain,17,60 to 64,553488.5754889924,63
10238,92,Spain,17,60 to 64,553488.5754889924,64
10239,92,Spain,18,65 to 69,474518.77877043857,65
10239,92,Spain,18,65 to 69,474518.77877043857,66
10239,92,Spain,18,65 to 69,474518.77877043857,67
10239,92,Spain,18,65 to 69,474518.77877043857,68
10239,92,Spain,18,65 to 69,474518.77877043857,69
10240,92,Spain,19,70 to 74,431803.7358514873,70
10240,92,Spain,19,70 to 74,431803.7358514873,71
10240,92,Spain,19,70 to 74,431803.7358514873,72
10240,92,Spain,19,70 to 74,431803.7358514873,73
10240,92,Spain,19,70 to 74,431803.7358514873,74
10241,92,Spain,20,75 to 79,321240.58686531446,75
10241,92,Spain,20,75 to 79,321240.58686531446,76
10241,92,Spain,20,75 to 79,321240.58686531446,77
10241,92,Spain,20,75 to 79,321240.58686531446,78
10241,92,Spain,20,75 to 79,321240.58686531446,79
10249,92,Spain,30,80 to 84,269797.90785833664,80
10249,92,Spain,30,80 to 84,269797.90785833664,81
10249,92,Spain,30,80 to 84,269797.90785833664,82
10249,92,Spain,30,80 to 84,269797.90785833664,83
10249,92,Spain,30,80 to 84,269797.90785833664,84
10250,92,Spain,31,85 to 89,194271.83522424204,85
10250,92,Spain,31,85 to 89,194271.83522424204,86
10250,92,Spain,31,85 to 89,194271.83522424204,87
10250,92,Spain,31,85 to 89,194271.83522424204,88
10250,92,Spain,31,85 to 89,194271.83522424204,89
10251,92,Spain,32,90 to 94,83769.18975984436,90
10251,92,Spain,32,90 to 94,83769.18975984436,91
10251,92,Spain,32,90 to 94,83769.18975984436,92
10251,92,Spain,32,90 to 94,83769.18975984436,93
10251,92,Spain,32,90 to 94,83769.18975984436,94
10259,92,Spain,235,95 plus,20374.476923422182,95
10259,92,Spain,235,95 plus,20374.476923422182,96
10259,92,Spain,235,95 plus,20374.476923422182,97
10259,92,Spain,235,95 plus,20374.476923422182,98
10259,92,Spain,235,95 plus,20374.476923422182,99
10259,92,Spain,235,95 plus,20374.476923422182,100
10346,93,Sweden,11,30 to 34,140318.78290465477,30
10346,93,Sweden,11,30 to 34,140318.78290465477,31
10346,93,Sweden,11,30 to 34,140318.78290465477,32
10346,93,Sweden,11,30 to 34,140318.78290465477,33
10346,93,Sweden,11,30 to 34,140318.78290465477,34
10347,93,Sweden,12,35 to 39,127661.47305445929,35
10347,93,Sweden,12,35 to 39,127661.47305445929,36
10347,93,Sweden,12,35 to 39,127661.47305445929,37
10347,93,Sweden,12,35 to 39,127661.47305445929,38
10347,93,Sweden,12,35 to 39,127661.47305445929,39
10348,93,Sweden,13,40 to 44,124535.71292345106,40
10348,93,Sweden,13,40 to 44,124535.71292345106,41
10348,93,Sweden,13,40 to 44,124535.71292345106,42
10348,93,Sweden,13,40 to 44,124535.71292345106,43
10348,93,Sweden,13,40 to 44,124535.71292345106,44
10349,93,Sweden,14,45 to 49,132309.9866309514,45
10349,93,Sweden,14,45 to 49,132309.9866309514,46
10349,93,Sweden,14,45 to 49,132309.9866309514,47
10349,93,Sweden,14,45 to 49,132309.9866309514,48
10349,93,Sweden,14,45 to 49,132309.9866309514,49
10350,93,Sweden,15,50 to 54,134771.7239253971,50
10350,93,Sweden,15,50 to 54,134771.7239253971,51
10350,93,Sweden,15,50 to 54,134771.7239253971,52
10350,93,Sweden,15,50 to 54,134771.7239253971,53
10350,93,Sweden,15,50 to 54,134771.7239253971,54
10351,93,Sweden,16,55 to 59,123652.70831279687,55
10351,93,Sweden,16,55 to 59,123652.70831279687,56
10351,93,Sweden,16,55 to 59,123652.70831279687,57
10351,93,Sweden,16,55 to 59,123652.70831279687,58
10351,93,Sweden,16,55 to 59,123652.70831279687,59
10352,93,Sweden,17,60 to 64,113522.95953225,60
10352,93,Sweden,17,60 to 64,113522.95953225,61
10352,93,Sweden,17,60 to 64,113522.95953225,62
10352,93,Sweden,17,60 to 64,113522.95953225,63
10352,93,Sweden,17,60 to 64,113522.95953225,64
10353,93,Sweden,18,65 to 69,107954.59547693751,65
10353,93,Sweden,18,65 to 69,107954.59547693751,66
10353,93,Sweden,18,65 to 69,107954.59547693751,67
10353,93,Sweden,18,65 to 69,107954.59547693751,68
10353,93,Sweden,18,65 to 69,107954.59547693751,69
10354,93,Sweden,19,70 to 74,111905.64596941069,70
10354,93,Sweden,19,70 to 74,111905.64596941069,71
10354,93,Sweden,19,70 to 74,111905.64596941069,72
10354,93,Sweden,19,70 to 74,111905.64596941069,73
10354,93,Sweden,19,70 to 74,111905.64596941069,74
10355,93,Sweden,20,75 to 79,85722.89694511321,75
10355,93,Sweden,20,75 to 79,85722.89694511321,76
10355,93,Sweden,20,75 to 79,85722.89694511321,77
10355,93,Sweden,20,75 to 79,85722.89694511321,78
10355,93,Sweden,20,75 to 79,85722.89694511321,79
10363,93,Sweden,30,80 to 84,54665.98146044209,80
10363,93,Sweden,30,80 to 84,54665.98146044209,81
10363,93,Sweden,30,80 to 84,54665.98146044209,82
10363,93,Sweden,30,80 to 84,54665.98146044209,83
10363,93,Sweden,30,80 to 84,54665.98146044209,84
10364,93,Sweden,31,85 to 89,32710.74626839513,85
10364,93,Sweden,31,85 to 89,32710.74626839513,86
10364,93,Sweden,31,85 to 89,32710.74626839513,87
10364,93,Sweden,31,85 to 89,32710.74626839513,88
10364,93,Sweden,31,85 to 89,32710.74626839513,89
10365,93,Sweden,32,90 to 94,16294.585401128954,90
10365,93,Sweden,32,90 to 94,16294.585401128954,91
10365,93,Sweden,32,90 to 94,16294.585401128954,92
10365,93,Sweden,32,90 to 94,16294.585401128954,93
10365,93,Sweden,32,90 to 94,16294.585401128954,94
10373,93,Sweden,235,95 plus,5226.075510366241,95
10373,93,Sweden,235,95 plus,5226.075510366241,96
10373,93,Sweden,235,95 plus,5226.075510366241,97
10373,93,Sweden,235,95 plus,5226.075510366241,98
10373,93,Sweden,235,95 plus,5226.075510366241,99
10373,93,Sweden,235,95 plus,5226.075510366241,100
10460,94,Switzerland,11,30 to 34,125630.20432186616,30
10460,94,Switzerland,11,30 to 34,125630.20432186616,31
10460,94,Switzerland,11,30 to 34,125630.20432186616,32
10460,94,Switzerland,11,30 to 34,125630.20432186616,33
10460,94,Switzerland,11,30 to 34,125630.20432186616,34
10461,94,Switzerland,12,35 to 39,126344.553349376,35
10461,94,Switzerland,12,35 to 39,126344.553349376,36
10461,94,Switzerland,12,35 to 39,126344.553349376,37
10461,94,Switzerland,12,35 to 39,126344.553349376,38
10461,94,Switzerland,12,35 to 39,126344.553349376,39
10462,94,Switzerland,13,40 to 44,119971.82158411662,40
10462,94,Switzerland,13,40 to 44,119971.82158411662,41
10462,94,Switzerland,13,40 to 44,119971.82158411662,42
10462,94,Switzerland,13,40 to 44,119971.82158411662,43
10462,94,Switzerland,13,40 to 44,119971.82158411662,44
10463,94,Switzerland,14,45 to 49,123875.98089999011,45
10463,94,Switzerland,14,45 to 49,123875.98089999011,46
10463,94,Switzerland,14,45 to 49,123875.98089999011,47
10463,94,Switzerland,14,45 to 49,123875.98089999011,48
10463,94,Switzerland,14,45 to 49,123875.98089999011,49
10464,94,Switzerland,15,50 to 54,134294.18704418355,50
10464,94,Switzerland,15,50 to 54,134294.18704418355,51
10464,94,Switzerland,15,50 to 54,134294.18704418355,52
10464,94,Switzerland,15,50 to 54,134294.18704418355,53
10464,94,Switzerland,15,50 to 54,134294.18704418355,54
10465,94,Switzerland,16,55 to 59,127635.641787243,55
10465,94,Switzerland,16,55 to 59,127635.641787243,56
10465,94,Switzerland,16,55 to 59,127635.641787243,57
10465,94,Switzerland,16,55 to 59,127635.641787243,58
10465,94,Switzerland,16,55 to 59,127635.641787243,59
10466,94,Switzerland,17,60 to 64,105168.88582484431,60
10466,94,Switzerland,17,60 to 64,105168.88582484431,61
10466,94,Switzerland,17,60 to 64,105168.88582484431,62
10466,94,Switzerland,17,60 to 64,105168.88582484431,63
10466,94,Switzerland,17,60 to 64,105168.88582484431,64
10467,94,Switzerland,18,65 to 69,87624.66899113232,65
10467,94,Switzerland,18,65 to 69,87624.66899113232,66
10467,94,Switzerland,18,65 to 69,87624.66899113232,67
10467,94,Switzerland,18,65 to 69,87624.66899113232,68
10467,94,Switzerland,18,65 to 69,87624.66899113232,69
10468,94,Switzerland,19,70 to 74,80668.04278140707,70
10468,94,Switzerland,19,70 to 74,80668.04278140707,71
10468,94,Switzerland,19,70 to 74,80668.04278140707,72
10468,94,Switzerland,19,70 to 74,80668.04278140707,73
10468,94,Switzerland,19,70 to 74,80668.04278140707,74
10469,94,Switzerland,20,75 to 79,64606.98018683245,75
10469,94,Switzerland,20,75 to 79,64606.98018683245,76
10469,94,Switzerland,20,75 to 79,64606.98018683245,77
10469,94,Switzerland,20,75 to 79,64606.98018683245,78
10469,94,Switzerland,20,75 to 79,64606.98018683245,79
10477,94,Switzerland,30,80 to 84,45000.36484614727,80
10477,94,Switzerland,30,80 to 84,45000.36484614727,81
10477,94,Switzerland,30,80 to 84,45000.36484614727,82
10477,94,Switzerland,30,80 to 84,45000.36484614727,83
10477,94,Switzerland,30,80 to 84,45000.36484614727,84
10478,94,Switzerland,31,85 to 89,29443.754692187398,85
10478,94,Switzerland,31,85 to 89,29443.754692187398,86
10478,94,Switzerland,31,85 to 89,29443.754692187398,87
10478,94,Switzerland,31,85 to 89,29443.754692187398,88
10478,94,Switzerland,31,85 to 89,29443.754692187398,89
10479,94,Switzerland,32,90 to 94,14080.853230693543,90
10479,94,Switzerland,32,90 to 94,14080.853230693543,91
10479,94,Switzerland,32,90 to 94,14080.853230693543,92
10479,94,Switzerland,32,90 to 94,14080.853230693543,93
10479,94,Switzerland,32,90 to 94,14080.853230693543,94
10487,94,Switzerland,235,95 plus,4456.708532662735,95
10487,94,Switzerland,235,95 plus,4456.708532662735,96
10487,94,Switzerland,235,95 plus,4456.708532662735,97
10487,94,Switzerland,235,95 plus,4456.708532662735,98
10487,94,Switzerland,235,95 plus,4456.708532662735,99
10487,94,Switzerland,235,95 plus,4456.708532662735,100
10574,95,United Kingdom,11,30 to 34,962064.9438160487,30
10574,95,United Kingdom,11,30 to 34,962064.9438160487,31
10574,95,United Kingdom,11,30 to 34,962064.9438160487,32
10574,95,United Kingdom,11,30 to 34,962064.9438160487,33
10574,95,United Kingdom,11,30 to 34,962064.9438160487,34
10575,95,United Kingdom,12,35 to 39,921763.1820806076,35
10575,95,United Kingdom,12,35 to 39,921763.1820806076,36
10575,95,United Kingdom,12,35 to 39,921763.1820806076,37
10575,95,United Kingdom,12,35 to 39,921763.1820806076,38
10575,95,United Kingdom,12,35 to 39,921763.1820806076,39
10576,95,United Kingdom,13,40 to 44,821470.0001281567,40
10576,95,United Kingdom,13,40 to 44,821470.0001281567,41
10576,95,United Kingdom,13,40 to 44,821470.0001281567,42
10576,95,United Kingdom,13,40 to 44,821470.0001281567,43
10576,95,United Kingdom,13,40 to 44,821470.0001281567,44
10577,95,United Kingdom,14,45 to 49,900755.685342266,45
10577,95,United Kingdom,14,45 to 49,900755.685342266,46
10577,95,United Kingdom,14,45 to 49,900755.685342266,47
10577,95,United Kingdom,14,45 to 49,900755.685342266,48
10577,95,United Kingdom,14,45 to 49,900755.685342266,49
10578,95,United Kingdom,15,50 to 54,937157.3919499777,50
10578,95,United Kingdom,15,50 to 54,937157.3919499777,51
10578,95,United Kingdom,15,50 to 54,937157.3919499777,52
10578,95,United Kingdom,15,50 to 54,937157.3919499777,53
10578,95,United Kingdom,15,50 to 54,937157.3919499777,54
10579,95,United Kingdom,16,55 to 59,874950.1814567528,55
10579,95,United Kingdom,16,55 to 59,874950.1814567528,56
10579,95,United Kingdom,16,55 to 59,874950.1814567528,57
10579,95,United Kingdom,16,55 to 59,874950.1814567528,58
10579,95,United Kingdom,16,55 to 59,874950.1814567528,59
10580,95,United Kingdom,17,60 to 64,741014.6060672206,60
10580,95,United Kingdom,17,60 to 64,741014.6060672206,61
10580,95,United Kingdom,17,60 to 64,741014.6060672206,62
10580,95,United Kingdom,17,60 to 64,741014.6060672206,63
10580,95,United Kingdom,17,60 to 64,741014.6060672206,64
10581,95,United Kingdom,18,65 to 69,668974.8189590874,65
10581,95,United Kingdom,18,65 to 69,668974.8189590874,66
10581,95,United Kingdom,18,65 to 69,668974.8189590874,67
10581,95,United Kingdom,18,65 to 69,668974.8189590874,68
10581,95,United Kingdom,18,65 to 69,668974.8189590874,69
10582,95,United Kingdom,19,70 to 74,652452.6460568202,70
10582,95,United Kingdom,19,70 to 74,652452.6460568202,71
10582,95,United Kingdom,19,70 to 74,652452.6460568202,72
10582,95,United Kingdom,19,70 to 74,652452.6460568202,73
10582,95,United Kingdom,19,70 to 74,652452.6460568202,74
10583,95,United Kingdom,20,75 to 79,457359.87935030134,75
10583,95,United Kingdom,20,75 to 79,457359.87935030134,76
10583,95,United Kingdom,20,75 to 79,457359.87935030134,77
10583,95,United Kingdom,20,75 to 79,457359.87935030134,78
10583,95,United Kingdom,20,75 to 79,457359.87935030134,79
10591,95,United Kingdom,30,80 to 84,331932.71443729766,80
10591,95,United Kingdom,30,80 to 84,331932.71443729766,81
10591,95,United Kingdom,30,80 to 84,331932.71443729766,82
10591,95,United Kingdom,30,80 to 84,331932.71443729766,83
10591,95,United Kingdom,30,80 to 84,331932.71443729766,84
10592,95,United Kingdom,31,85 to 89,198904.00984240073,85
10592,95,United Kingdom,31,85 to 89,198904.00984240073,86
10592,95,United Kingdom,31,85 to 89,198904.00984240073,87
10592,95,United Kingdom,31,85 to 89,198904.00984240073,88
10592,95,United Kingdom,31,85 to 89,198904.00984240073,89
10593,95,United Kingdom,32,90 to 94,89713.47506625084,90
10593,95,United Kingdom,32,90 to 94,89713.47506625084,91
10593,95,United Kingdom,32,90 to 94,89713.47506625084,92
10593,95,United Kingdom,32,90 to 94,89713.47506625084,93
10593,95,United Kingdom,32,90 to 94,89713.47506625084,94
10601,95,United Kingdom,235,95 plus,21157.305609418472,95
10601,95,United Kingdom,235,95 plus,21157.305609418472,96
10601,95,United Kingdom,235,95 plus,21157.305609418472,97
10601,95,United Kingdom,235,95 plus,21157.305609418472,98
10601,95,United Kingdom,235,95 plus,21157.305609418472,99
10601,95,United Kingdom,235,95 plus,21157.305609418472,100
10802,97,Argentina,11,30 to 34,681398.8143324602,30
10802,97,Argentina,11,30 to 34,681398.8143324602,31
10802,97,Argentina,11,30 to 34,681398.8143324602,32
10802,97,Argentina,11,30 to 34,681398.8143324602,33
10802,97,Argentina,11,30 to 34,681398.8143324602,34
10803,97,Argentina,12,35 to 39,655263.4329499331,35
10803,97,Argentina,12,35 to 39,655263.4329499331,36
10803,97,Argentina,12,35 to 39,655263.4329499331,37
10803,97,Argentina,12,35 to 39,655263.4329499331,38
10803,97,Argentina,12,35 to 39,655263.4329499331,39
10804,97,Argentina,13,40 to 44,619808.6433986898,40
10804,97,Argentina,13,40 to 44,619808.6433986898,41
10804,97,Argentina,13,40 to 44,619808.6433986898,42
10804,97,Argentina,13,40 to 44,619808.6433986898,43
10804,97,Argentina,13,40 to 44,619808.6433986898,44
10805,97,Argentina,14,45 to 49,534707.159089003,45
10805,97,Argentina,14,45 to 49,534707.159089003,46
10805,97,Argentina,14,45 to 49,534707.159089003,47
10805,97,Argentina,14,45 to 49,534707.159089003,48
10805,97,Argentina,14,45 to 49,534707.159089003,49
10806,97,Argentina,15,50 to 54,457454.6140753095,50
10806,97,Argentina,15,50 to 54,457454.6140753095,51
10806,97,Argentina,15,50 to 54,457454.6140753095,52
10806,97,Argentina,15,50 to 54,457454.6140753095,53
10806,97,Argentina,15,50 to 54,457454.6140753095,54
10807,97,Argentina,16,55 to 59,421208.2325400016,55
10807,97,Argentina,16,55 to 59,421208.2325400016,56
10807,97,Argentina,16,55 to 59,421208.2325400016,57
10807,97,Argentina,16,55 to 59,421208.2325400016,58
10807,97,Argentina,16,55 to 59,421208.2325400016,59
10808,97,Argentina,17,60 to 64,380880.6879053048,60
10808,97,Argentina,17,60 to 64,380880.6879053048,61
10808,97,Argentina,17,60 to 64,380880.6879053048,62
10808,97,Argentina,17,60 to 64,380880.6879053048,63
10808,97,Argentina,17,60 to 64,380880.6879053048,64
10809,97,Argentina,18,65 to 69,326293.5445378674,65
10809,97,Argentina,18,65 to 69,326293.5445378674,66
10809,97,Argentina,18,65 to 69,326293.5445378674,67
10809,97,Argentina,18,65 to 69,326293.5445378674,68
10809,97,Argentina,18,65 to 69,326293.5445378674,69
10810,97,Argentina,19,70 to 74,261602.0095569605,70
10810,97,Argentina,19,70 to 74,261602.0095569605,71
10810,97,Argentina,19,70 to 74,261602.0095569605,72
10810,97,Argentina,19,70 to 74,261602.0095569605,73
10810,97,Argentina,19,70 to 74,261602.0095569605,74
10811,97,Argentina,20,75 to 79,188848.6189860098,75
10811,97,Argentina,20,75 to 79,188848.6189860098,76
10811,97,Argentina,20,75 to 79,188848.6189860098,77
10811,97,Argentina,20,75 to 79,188848.6189860098,78
10811,97,Argentina,20,75 to 79,188848.6189860098,79
10819,97,Argentina,30,80 to 84,124772.41814472375,80
10819,97,Argentina,30,80 to 84,124772.41814472375,81
10819,97,Argentina,30,80 to 84,124772.41814472375,82
10819,97,Argentina,30,80 to 84,124772.41814472375,83
10819,97,Argentina,30,80 to 84,124772.41814472375,84
10820,97,Argentina,31,85 to 89,70339.49297552812,85
10820,97,Argentina,31,85 to 89,70339.49297552812,86
10820,97,Argentina,31,85 to 89,70339.49297552812,87
10820,97,Argentina,31,85 to 89,70339.49297552812,88
10820,97,Argentina,31,85 to 89,70339.49297552812,89
10821,97,Argentina,32,90 to 94,29115.133922979083,90
10821,97,Argentina,32,90 to 94,29115.133922979083,91
10821,97,Argentina,32,90 to 94,29115.133922979083,92
10821,97,Argentina,32,90 to 94,29115.133922979083,93
10821,97,Argentina,32,90 to 94,29115.133922979083,94
10829,97,Argentina,235,95 plus,7780.777190089165,95
10829,97,Argentina,235,95 plus,7780.777190089165,96
10829,97,Argentina,235,95 plus,7780.777190089165,97
10829,97,Argentina,235,95 plus,7780.777190089165,98
10829,97,Argentina,235,95 plus,7780.777190089165,99
10829,97,Argentina,235,95 plus,7780.777190089165,100
10916,98,Chile,11,30 to 34,282011.61566525244,30
10916,98,Chile,11,30 to 34,282011.61566525244,31
10916,98,Chile,11,30 to 34,282011.61566525244,32
10916,98,Chile,11,30 to 34,282011.61566525244,33
10916,98,Chile,11,30 to 34,282011.61566525244,34
10917,98,Chile,12,35 to 39,257109.36729293052,35
10917,98,Chile,12,35 to 39,257109.36729293052,36
10917,98,Chile,12,35 to 39,257109.36729293052,37
10917,98,Chile,12,35 to 39,257109.36729293052,38
10917,98,Chile,12,35 to 39,257109.36729293052,39
10918,98,Chile,13,40 to 44,235293.97550184783,40
10918,98,Chile,13,40 to 44,235293.97550184783,41
10918,98,Chile,13,40 to 44,235293.97550184783,42
10918,98,Chile,13,40 to 44,235293.97550184783,43
10918,98,Chile,13,40 to 44,235293.97550184783,44
10919,98,Chile,14,45 to 49,242910.66389302388,45
10919,98,Chile,14,45 to 49,242910.66389302388,46
10919,98,Chile,14,45 to 49,242910.66389302388,47
10919,98,Chile,14,45 to 49,242910.66389302388,48
10919,98,Chile,14,45 to 49,242910.66389302388,49
10920,98,Chile,15,50 to 54,236542.1362371416,50
10920,98,Chile,15,50 to 54,236542.1362371416,51
10920,98,Chile,15,50 to 54,236542.1362371416,52
10920,98,Chile,15,50 to 54,236542.1362371416,53
10920,98,Chile,15,50 to 54,236542.1362371416,54
10921,98,Chile,16,55 to 59,223512.2487092556,55
10921,98,Chile,16,55 to 59,223512.2487092556,56
10921,98,Chile,16,55 to 59,223512.2487092556,57
10921,98,Chile,16,55 to 59,223512.2487092556,58
10921,98,Chile,16,55 to 59,223512.2487092556,59
10922,98,Chile,17,60 to 64,184890.82802458812,60
10922,98,Chile,17,60 to 64,184890.82802458812,61
10922,98,Chile,17,60 to 64,184890.82802458812,62
10922,98,Chile,17,60 to 64,184890.82802458812,63
10922,98,Chile,17,60 to 64,184890.82802458812,64
10923,98,Chile,18,65 to 69,141361.63287912897,65
10923,98,Chile,18,65 to 69,141361.63287912897,66
10923,98,Chile,18,65 to 69,141361.63287912897,67
10923,98,Chile,18,65 to 69,141361.63287912897,68
10923,98,Chile,18,65 to 69,141361.63287912897,69
10924,98,Chile,19,70 to 74,111280.19629796423,70
10924,98,Chile,19,70 to 74,111280.19629796423,71
10924,98,Chile,19,70 to 74,111280.19629796423,72
10924,98,Chile,19,70 to 74,111280.19629796423,73
10924,98,Chile,19,70 to 74,111280.19629796423,74
10925,98,Chile,20,75 to 79,79644.25107700478,75
10925,98,Chile,20,75 to 79,79644.25107700478,76
10925,98,Chile,20,75 to 79,79644.25107700478,77
10925,98,Chile,20,75 to 79,79644.25107700478,78
10925,98,Chile,20,75 to 79,79644.25107700478,79
10933,98,Chile,30,80 to 84,51367.93083763511,80
10933,98,Chile,30,80 to 84,51367.93083763511,81
10933,98,Chile,30,80 to 84,51367.93083763511,82
10933,98,Chile,30,80 to 84,51367.93083763511,83
10933,98,Chile,30,80 to 84,51367.93083763511,84
10934,98,Chile,31,85 to 89,30708.41534080235,85
10934,98,Chile,31,85 to 89,30708.41534080235,86
10934,98,Chile,31,85 to 89,30708.41534080235,87
10934,98,Chile,31,85 to 89,30708.41534080235,88
10934,98,Chile,31,85 to 89,30708.41534080235,89
10935,98,Chile,32,90 to 94,12084.053734158235,90
10935,98,Chile,32,90 to 94,12084.053734158235,91
10935,98,Chile,32,90 to 94,12084.053734158235,92
10935,98,Chile,32,90 to 94,12084.053734158235,93
10935,98,Chile,32,90 to 94,12084.053734158235,94
10943,98,Chile,235,95 plus,2751.1161545356845,95
10943,98,Chile,235,95 plus,2751.1161545356845,96
10943,98,Chile,235,95 plus,2751.1161545356845,97
10943,98,Chile,235,95 plus,2751.1161545356845,98
10943,98,Chile,235,95 plus,2751.1161545356845,99
10943,98,Chile,235,95 plus,2751.1161545356845,100
11030,99,Uruguay,11,30 to 34,46299.177982284236,30
11030,99,Uruguay,11,30 to 34,46299.177982284236,31
11030,99,Uruguay,11,30 to 34,46299.177982284236,32
11030,99,Uruguay,11,30 to 34,46299.177982284236,33
11030,99,Uruguay,11,30 to 34,46299.177982284236,34
11031,99,Uruguay,12,35 to 39,46337.26592133328,35
11031,99,Uruguay,12,35 to 39,46337.26592133328,36
11031,99,Uruguay,12,35 to 39,46337.26592133328,37
11031,99,Uruguay,12,35 to 39,46337.26592133328,38
11031,99,Uruguay,12,35 to 39,46337.26592133328,39
11032,99,Uruguay,13,40 to 44,46326.166654445486,40
11032,99,Uruguay,13,40 to 44,46326.166654445486,41
11032,99,Uruguay,13,40 to 44,46326.166654445486,42
11032,99,Uruguay,13,40 to 44,46326.166654445486,43
11032,99,Uruguay,13,40 to 44,46326.166654445486,44
11033,99,Uruguay,14,45 to 49,41766.02342813372,45
11033,99,Uruguay,14,45 to 49,41766.02342813372,46
11033,99,Uruguay,14,45 to 49,41766.02342813372,47
11033,99,Uruguay,14,45 to 49,41766.02342813372,48
11033,99,Uruguay,14,45 to 49,41766.02342813372,49
11034,99,Uruguay,15,50 to 54,39437.59593677979,50
11034,99,Uruguay,15,50 to 54,39437.59593677979,51
11034,99,Uruguay,15,50 to 54,39437.59593677979,52
11034,99,Uruguay,15,50 to 54,39437.59593677979,53
11034,99,Uruguay,15,50 to 54,39437.59593677979,54
11035,99,Uruguay,16,55 to 59,39021.06772143622,55
11035,99,Uruguay,16,55 to 59,39021.06772143622,56
11035,99,Uruguay,16,55 to 59,39021.06772143622,57
11035,99,Uruguay,16,55 to 59,39021.06772143622,58
11035,99,Uruguay,16,55 to 59,39021.06772143622,59
11036,99,Uruguay,17,60 to 64,35394.252710903645,60
11036,99,Uruguay,17,60 to 64,35394.252710903645,61
11036,99,Uruguay,17,60 to 64,35394.252710903645,62
11036,99,Uruguay,17,60 to 64,35394.252710903645,63
11036,99,Uruguay,17,60 to 64,35394.252710903645,64
11037,99,Uruguay,18,65 to 69,29646.564810656448,65
11037,99,Uruguay,18,65 to 69,29646.564810656448,66
11037,99,Uruguay,18,65 to 69,29646.564810656448,67
11037,99,Uruguay,18,65 to 69,29646.564810656448,68
11037,99,Uruguay,18,65 to 69,29646.564810656448,69
11038,99,Uruguay,19,70 to 74,24786.849521083834,70
11038,99,Uruguay,19,70 to 74,24786.849521083834,71
11038,99,Uruguay,19,70 to 74,24786.849521083834,72
11038,99,Uruguay,19,70 to 74,24786.849521083834,73
11038,99,Uruguay,19,70 to 74,24786.849521083834,74
11039,99,Uruguay,20,75 to 79,19687.220419992536,75
11039,99,Uruguay,20,75 to 79,19687.220419992536,76
11039,99,Uruguay,20,75 to 79,19687.220419992536,77
11039,99,Uruguay,20,75 to 79,19687.220419992536,78
11039,99,Uruguay,20,75 to 79,19687.220419992536,79
11047,99,Uruguay,30,80 to 84,14776.802327442312,80
11047,99,Uruguay,30,80 to 84,14776.802327442312,81
11047,99,Uruguay,30,80 to 84,14776.802327442312,82
11047,99,Uruguay,30,80 to 84,14776.802327442312,83
11047,99,Uruguay,30,80 to 84,14776.802327442312,84
11048,99,Uruguay,31,85 to 89,9223.32641897981,85
11048,99,Uruguay,31,85 to 89,9223.32641897981,86
11048,99,Uruguay,31,85 to 89,9223.32641897981,87
11048,99,Uruguay,31,85 to 89,9223.32641897981,88
11048,99,Uruguay,31,85 to 89,9223.32641897981,89
11049,99,Uruguay,32,90 to 94,4014.019795192744,90
11049,99,Uruguay,32,90 to 94,4014.019795192744,91
11049,99,Uruguay,32,90 to 94,4014.019795192744,92
11049,99,Uruguay,32,90 to 94,4014.019795192744,93
11049,99,Uruguay,32,90 to 94,4014.019795192744,94
11057,99,Uruguay,235,95 plus,1099.2393501110753,95
11057,99,Uruguay,235,95 plus,1099.2393501110753,96
11057,99,Uruguay,235,95 plus,1099.2393501110753,97
11057,99,Uruguay,235,95 plus,1099.2393501110753,98
11057,99,Uruguay,235,95 plus,1099.2393501110753,99
11057,99,Uruguay,235,95 plus,1099.2393501110753,100
11258,101,Canada,11,30 to 34,482027.1386310932,30
11258,101,Canada,11,30 to 34,482027.1386310932,31
11258,101,Canada,11,30 to 34,482027.1386310932,32
11258,101,Canada,11,30 to 34,482027.1386310932,33
11258,101,Canada,11,30 to 34,482027.1386310932,34
11259,101,Canada,12,35 to 39,488745.6580010954,35
11259,101,Canada,12,35 to 39,488745.6580010954,36
11259,101,Canada,12,35 to 39,488745.6580010954,37
11259,101,Canada,12,35 to 39,488745.6580010954,38
11259,101,Canada,12,35 to 39,488745.6580010954,39
11260,101,Canada,13,40 to 44,468515.9507961562,40
11260,101,Canada,13,40 to 44,468515.9507961562,41
11260,101,Canada,13,40 to 44,468515.9507961562,42
11260,101,Canada,13,40 to 44,468515.9507961562,43
11260,101,Canada,13,40 to 44,468515.9507961562,44
11261,101,Canada,14,45 to 49,469762.1753265665,45
11261,101,Canada,14,45 to 49,469762.1753265665,46
11261,101,Canada,14,45 to 49,469762.1753265665,47
11261,101,Canada,14,45 to 49,469762.1753265665,48
11261,101,Canada,14,45 to 49,469762.1753265665,49
11262,101,Canada,15,50 to 54,494276.9771409359,50
11262,101,Canada,15,50 to 54,494276.9771409359,51
11262,101,Canada,15,50 to 54,494276.9771409359,52
11262,101,Canada,15,50 to 54,494276.9771409359,53
11262,101,Canada,15,50 to 54,494276.9771409359,54
11263,101,Canada,16,55 to 59,541863.3937901949,55
11263,101,Canada,16,55 to 59,541863.3937901949,56
11263,101,Canada,16,55 to 59,541863.3937901949,57
11263,101,Canada,16,55 to 59,541863.3937901949,58
11263,101,Canada,16,55 to 59,541863.3937901949,59
11264,101,Canada,17,60 to 64,497065.7343282512,60
11264,101,Canada,17,60 to 64,497065.7343282512,61
11264,101,Canada,17,60 to 64,497065.7343282512,62
11264,101,Canada,17,60 to 64,497065.7343282512,63
11264,101,Canada,17,60 to 64,497065.7343282512,64
11265,101,Canada,18,65 to 69,416912.8147599379,65
11265,101,Canada,18,65 to 69,416912.8147599379,66
11265,101,Canada,18,65 to 69,416912.8147599379,67
11265,101,Canada,18,65 to 69,416912.8147599379,68
11265,101,Canada,18,65 to 69,416912.8147599379,69
11266,101,Canada,19,70 to 74,341273.2841821678,70
11266,101,Canada,19,70 to 74,341273.2841821678,71
11266,101,Canada,19,70 to 74,341273.2841821678,72
11266,101,Canada,19,70 to 74,341273.2841821678,73
11266,101,Canada,19,70 to 74,341273.2841821678,74
11267,101,Canada,20,75 to 79,233487.06813848414,75
11267,101,Canada,20,75 to 79,233487.06813848414,76
11267,101,Canada,20,75 to 79,233487.06813848414,77
11267,101,Canada,20,75 to 79,233487.06813848414,78
11267,101,Canada,20,75 to 79,233487.06813848414,79
11275,101,Canada,30,80 to 84,158057.5618753566,80
11275,101,Canada,30,80 to 84,158057.5618753566,81
11275,101,Canada,30,80 to 84,158057.5618753566,82
11275,101,Canada,30,80 to 84,158057.5618753566,83
11275,101,Canada,30,80 to 84,158057.5618753566,84
11276,101,Canada,31,85 to 89,101739.33310192,85
11276,101,Canada,31,85 to 89,101739.33310192,86
11276,101,Canada,31,85 to 89,101739.33310192,87
11276,101,Canada,31,85 to 89,101739.33310192,88
11276,101,Canada,31,85 to 89,101739.33310192,89
11277,101,Canada,32,90 to 94,48270.49216849446,90
11277,101,Canada,32,90 to 94,48270.49216849446,91
11277,101,Canada,32,90 to 94,48270.49216849446,92
11277,101,Canada,32,90 to 94,48270.49216849446,93
11277,101,Canada,32,90 to 94,48270.49216849446,94
11285,101,Canada,235,95 plus,13676.363435603454,95
11285,101,Canada,235,95 plus,13676.363435603454,96
11285,101,Canada,235,95 plus,13676.363435603454,97
11285,101,Canada,235,95 plus,13676.363435603454,98
11285,101,Canada,235,95 plus,13676.363435603454,99
11285,101,Canada,235,95 plus,13676.363435603454,100
11372,102,United States of America,11,30 to 34,4421652.098354592,30
11372,102,United States of America,11,30 to 34,4421652.098354592,31
11372,102,United States of America,11,30 to 34,4421652.098354592,32
11372,102,United States of America,11,30 to 34,4421652.098354592,33
11372,102,United States of America,11,30 to 34,4421652.098354592,34
11373,102,United States of America,12,35 to 39,4348016.212982638,35
11373,102,United States of America,12,35 to 39,4348016.212982638,36
11373,102,United States of America,12,35 to 39,4348016.212982638,37
11373,102,United States of America,12,35 to 39,4348016.212982638,38
11373,102,United States of America,12,35 to 39,4348016.212982638,39
11374,102,United States of America,13,40 to 44,3981540.057946106,40
11374,102,United States of America,13,40 to 44,3981540.057946106,41
11374,102,United States of America,13,40 to 44,3981540.057946106,42
11374,102,United States of America,13,40 to 44,3981540.057946106,43
11374,102,United States of America,13,40 to 44,3981540.057946106,44
11375,102,United States of America,14,45 to 49,4128174.8351718523,45
11375,102,United States of America,14,45 to 49,4128174.8351718523,46
11375,102,United States of America,14,45 to 49,4128174.8351718523,47
11375,102,United States of America,14,45 to 49,4128174.8351718523,48
11375,102,United States of America,14,45 to 49,4128174.8351718523,49
11376,102,United States of America,15,50 to 54,4166652.24247221,50
11376,102,United States of America,15,50 to 54,4166652.24247221,51
11376,102,United States of America,15,50 to 54,4166652.24247221,52
11376,102,United States of America,15,50 to 54,4166652.24247221,53
11376,102,United States of America,15,50 to 54,4166652.24247221,54
11377,102,United States of America,16,55 to 59,4444936.83514289,55
11377,102,United States of America,16,55 to 59,4444936.83514289,56
11377,102,United States of America,16,55 to 59,4444936.83514289,57
11377,102,United States of America,16,55 to 59,4444936.83514289,58
11377,102,United States of America,16,55 to 59,4444936.83514289,59
11378,102,United States of America,17,60 to 64,4142741.3253552713,60
11378,102,United States of America,17,60 to 64,4142741.3253552713,61
11378,102,United States of America,17,60 to 64,4142741.3253552713,62
11378,102,United States of America,17,60 to 64,4142741.3253552713,63
11378,102,United States of America,17,60 to 64,4142741.3253552713,64
11379,102,United States of America,18,65 to 69,3508062.9657863774,65
11379,102,United States of America,18,65 to 69,3508062.9657863774,66
11379,102,United States of America,18,65 to 69,3508062.9657863774,67
11379,102,United States of America,18,65 to 69,3508062.9657863774,68
11379,102,United States of America,18,65 to 69,3508062.9657863774,69
11380,102,United States of America,19,70 to 74,2759964.1875698282,70
11380,102,United States of America,19,70 to 74,2759964.1875698282,71
11380,102,United States of America,19,70 to 74,2759964.1875698282,72
11380,102,United States of America,19,70 to 74,2759964.1875698282,73
11380,102,United States of America,19,70 to 74,2759964.1875698282,74
11381,102,United States of America,20,75 to 79,1888790.4514802084,75
11381,102,United States of America,20,75 to 79,1888790.4514802084,76
11381,102,United States of America,20,75 to 79,1888790.4514802084,77
11381,102,United States of America,20,75 to 79,1888790.4514802084,78
11381,102,United States of America,20,75 to 79,1888790.4514802084,79
11389,102,United States of America,30,80 to 84,1217619.0681378539,80
11389,102,United States of America,30,80 to 84,1217619.0681378539,81
11389,102,United States of America,30,80 to 84,1217619.0681378539,82
11389,102,United States of America,30,80 to 84,1217619.0681378539,83
11389,102,United States of America,30,80 to 84,1217619.0681378539,84
11390,102,United States of America,31,85 to 89,763596.2493441022,85
11390,102,United States of America,31,85 to 89,763596.2493441022,86
11390,102,United States of America,31,85 to 89,763596.2493441022,87
11390,102,United States of America,31,85 to 89,763596.2493441022,88
11390,102,United States of America,31,85 to 89,763596.2493441022,89
11391,102,United States of America,32,90 to 94,401348.5738179401,90
11391,102,United States of America,32,90 to 94,401348.5738179401,91
11391,102,United States of America,32,90 to 94,401348.5738179401,92
11391,102,United States of America,32,90 to 94,401348.5738179401,93
11391,102,United States of America,32,90 to 94,401348.5738179401,94
11399,102,United States of America,235,95 plus,133153.86122995216,95
11399,102,United States of America,235,95 plus,133153.86122995216,96
11399,102,United States of America,235,95 plus,133153.86122995216,97
11399,102,United States of America,235,95 plus,133153.86122995216,98
11399,102,United States of America,235,95 plus,133153.86122995216,99
11399,102,United States of America,235,95 plus,133153.86122995216,100
11714,105,Antigua and Barbuda,11,30 to 34,1377.330311604162,30
11714,105,Antigua and Barbuda,11,30 to 34,1377.330311604162,31
11714,105,Antigua and Barbuda,11,30 to 34,1377.330311604162,32
11714,105,Antigua and Barbuda,11,30 to 34,1377.330311604162,33
11714,105,Antigua and Barbuda,11,30 to 34,1377.330311604162,34
11715,105,Antigua and Barbuda,12,35 to 39,1336.3618250958625,35
11715,105,Antigua and Barbuda,12,35 to 39,1336.3618250958625,36
11715,105,Antigua and Barbuda,12,35 to 39,1336.3618250958625,37
11715,105,Antigua and Barbuda,12,35 to 39,1336.3618250958625,38
11715,105,Antigua and Barbuda,12,35 to 39,1336.3618250958625,39
11716,105,Antigua and Barbuda,13,40 to 44,1326.8172891982992,40
11716,105,Antigua and Barbuda,13,40 to 44,1326.8172891982992,41
11716,105,Antigua and Barbuda,13,40 to 44,1326.8172891982992,42
11716,105,Antigua and Barbuda,13,40 to 44,1326.8172891982992,43
11716,105,Antigua and Barbuda,13,40 to 44,1326.8172891982992,44
11717,105,Antigua and Barbuda,14,45 to 49,1302.437717622823,45
11717,105,Antigua and Barbuda,14,45 to 49,1302.437717622823,46
11717,105,Antigua and Barbuda,14,45 to 49,1302.437717622823,47
11717,105,Antigua and Barbuda,14,45 to 49,1302.437717622823,48
11717,105,Antigua and Barbuda,14,45 to 49,1302.437717622823,49
11718,105,Antigua and Barbuda,15,50 to 54,1239.3351992547546,50
11718,105,Antigua and Barbuda,15,50 to 54,1239.3351992547546,51
11718,105,Antigua and Barbuda,15,50 to 54,1239.3351992547546,52
11718,105,Antigua and Barbuda,15,50 to 54,1239.3351992547546,53
11718,105,Antigua and Barbuda,15,50 to 54,1239.3351992547546,54
11719,105,Antigua and Barbuda,16,55 to 59,1046.3001828369538,55
11719,105,Antigua and Barbuda,16,55 to 59,1046.3001828369538,56
11719,105,Antigua and Barbuda,16,55 to 59,1046.3001828369538,57
11719,105,Antigua and Barbuda,16,55 to 59,1046.3001828369538,58
11719,105,Antigua and Barbuda,16,55 to 59,1046.3001828369538,59
11720,105,Antigua and Barbuda,17,60 to 64,815.7295963013264,60
11720,105,Antigua and Barbuda,17,60 to 64,815.7295963013264,61
11720,105,Antigua and Barbuda,17,60 to 64,815.7295963013264,62
11720,105,Antigua and Barbuda,17,60 to 64,815.7295963013264,63
11720,105,Antigua and Barbuda,17,60 to 64,815.7295963013264,64
11721,105,Antigua and Barbuda,18,65 to 69,614.7721171531617,65
11721,105,Antigua and Barbuda,18,65 to 69,614.7721171531617,66
11721,105,Antigua and Barbuda,18,65 to 69,614.7721171531617,67
11721,105,Antigua and Barbuda,18,65 to 69,614.7721171531617,68
11721,105,Antigua and Barbuda,18,65 to 69,614.7721171531617,69
11722,105,Antigua and Barbuda,19,70 to 74,447.38766542790063,70
11722,105,Antigua and Barbuda,19,70 to 74,447.38766542790063,71
11722,105,Antigua and Barbuda,19,70 to 74,447.38766542790063,72
11722,105,Antigua and Barbuda,19,70 to 74,447.38766542790063,73
11722,105,Antigua and Barbuda,19,70 to 74,447.38766542790063,74
11723,105,Antigua and Barbuda,20,75 to 79,296.94929754074417,75
11723,105,Antigua and Barbuda,20,75 to 79,296.94929754074417,76
11723,105,Antigua and Barbuda,20,75 to 79,296.94929754074417,77
11723,105,Antigua and Barbuda,20,75 to 79,296.94929754074417,78
11723,105,Antigua and Barbuda,20,75 to 79,296.94929754074417,79
11731,105,Antigua and Barbuda,30,80 to 84,174.52426556435972,80
11731,105,Antigua and Barbuda,30,80 to 84,174.52426556435972,81
11731,105,Antigua and Barbuda,30,80 to 84,174.52426556435972,82
11731,105,Antigua and Barbuda,30,80 to 84,174.52426556435972,83
11731,105,Antigua and Barbuda,30,80 to 84,174.52426556435972,84
11732,105,Antigua and Barbuda,31,85 to 89,90.471810046598,85
11732,105,Antigua and Barbuda,31,85 to 89,90.471810046598,86
11732,105,Antigua and Barbuda,31,85 to 89,90.471810046598,87
11732,105,Antigua and Barbuda,31,85 to 89,90.471810046598,88
11732,105,Antigua and Barbuda,31,85 to 89,90.471810046598,89
11733,105,Antigua and Barbuda,32,90 to 94,34.8593877713992,90
11733,105,Antigua and Barbuda,32,90 to 94,34.8593877713992,91
11733,105,Antigua and Barbuda,32,90 to 94,34.8593877713992,92
11733,105,Antigua and Barbuda,32,90 to 94,34.8593877713992,93
11733,105,Antigua and Barbuda,32,90 to 94,34.8593877713992,94
11741,105,Antigua and Barbuda,235,95 plus,8.389619091952943,95
11741,105,Antigua and Barbuda,235,95 plus,8.389619091952943,96
11741,105,Antigua and Barbuda,235,95 plus,8.389619091952943,97
11741,105,Antigua and Barbuda,235,95 plus,8.389619091952943,98
11741,105,Antigua and Barbuda,235,95 plus,8.389619091952943,99
11741,105,Antigua and Barbuda,235,95 plus,8.389619091952943,100
11828,106,Bahamas,11,30 to 34,5784.83382196393,30
11828,106,Bahamas,11,30 to 34,5784.83382196393,31
11828,106,Bahamas,11,30 to 34,5784.83382196393,32
11828,106,Bahamas,11,30 to 34,5784.83382196393,33
11828,106,Bahamas,11,30 to 34,5784.83382196393,34
11829,106,Bahamas,12,35 to 39,5644.84275710673,35
11829,106,Bahamas,12,35 to 39,5644.84275710673,36
11829,106,Bahamas,12,35 to 39,5644.84275710673,37
11829,106,Bahamas,12,35 to 39,5644.84275710673,38
11829,106,Bahamas,12,35 to 39,5644.84275710673,39
11830,106,Bahamas,13,40 to 44,5556.713023243642,40
11830,106,Bahamas,13,40 to 44,5556.713023243642,41
11830,106,Bahamas,13,40 to 44,5556.713023243642,42
11830,106,Bahamas,13,40 to 44,5556.713023243642,43
11830,106,Bahamas,13,40 to 44,5556.713023243642,44
11831,106,Bahamas,14,45 to 49,5448.333838917299,45
11831,106,Bahamas,14,45 to 49,5448.333838917299,46
11831,106,Bahamas,14,45 to 49,5448.333838917299,47
11831,106,Bahamas,14,45 to 49,5448.333838917299,48
11831,106,Bahamas,14,45 to 49,5448.333838917299,49
11832,106,Bahamas,15,50 to 54,4947.6336530231865,50
11832,106,Bahamas,15,50 to 54,4947.6336530231865,51
11832,106,Bahamas,15,50 to 54,4947.6336530231865,52
11832,106,Bahamas,15,50 to 54,4947.6336530231865,53
11832,106,Bahamas,15,50 to 54,4947.6336530231865,54
11833,106,Bahamas,16,55 to 59,4240.109791252232,55
11833,106,Bahamas,16,55 to 59,4240.109791252232,56
11833,106,Bahamas,16,55 to 59,4240.109791252232,57
11833,106,Bahamas,16,55 to 59,4240.109791252232,58
11833,106,Bahamas,16,55 to 59,4240.109791252232,59
11834,106,Bahamas,17,60 to 64,3285.853636850106,60
11834,106,Bahamas,17,60 to 64,3285.853636850106,61
11834,106,Bahamas,17,60 to 64,3285.853636850106,62
11834,106,Bahamas,17,60 to 64,3285.853636850106,63
11834,106,Bahamas,17,60 to 64,3285.853636850106,64
11835,106,Bahamas,18,65 to 69,2244.316705573777,65
11835,106,Bahamas,18,65 to 69,2244.316705573777,66
11835,106,Bahamas,18,65 to 69,2244.316705573777,67
11835,106,Bahamas,18,65 to 69,2244.316705573777,68
11835,106,Bahamas,18,65 to 69,2244.316705573777,69
11836,106,Bahamas,19,70 to 74,1512.9138408805202,70
11836,106,Bahamas,19,70 to 74,1512.9138408805202,71
11836,106,Bahamas,19,70 to 74,1512.9138408805202,72
11836,106,Bahamas,19,70 to 74,1512.9138408805202,73
11836,106,Bahamas,19,70 to 74,1512.9138408805202,74
11837,106,Bahamas,20,75 to 79,1072.7859457229126,75
11837,106,Bahamas,20,75 to 79,1072.7859457229126,76
11837,106,Bahamas,20,75 to 79,1072.7859457229126,77
11837,106,Bahamas,20,75 to 79,1072.7859457229126,78
11837,106,Bahamas,20,75 to 79,1072.7859457229126,79
11845,106,Bahamas,30,80 to 84,658.4739040822244,80
11845,106,Bahamas,30,80 to 84,658.4739040822244,81
11845,106,Bahamas,30,80 to 84,658.4739040822244,82
11845,106,Bahamas,30,80 to 84,658.4739040822244,83
11845,106,Bahamas,30,80 to 84,658.4739040822244,84
11846,106,Bahamas,31,85 to 89,314.9583070914065,85
11846,106,Bahamas,31,85 to 89,314.9583070914065,86
11846,106,Bahamas,31,85 to 89,314.9583070914065,87
11846,106,Bahamas,31,85 to 89,314.9583070914065,88
11846,106,Bahamas,31,85 to 89,314.9583070914065,89
11847,106,Bahamas,32,90 to 94,131.48148837907155,90
11847,106,Bahamas,32,90 to 94,131.48148837907155,91
11847,106,Bahamas,32,90 to 94,131.48148837907155,92
11847,106,Bahamas,32,90 to 94,131.48148837907155,93
11847,106,Bahamas,32,90 to 94,131.48148837907155,94
11855,106,Bahamas,235,95 plus,44.77214116306275,95
11855,106,Bahamas,235,95 plus,44.77214116306275,96
11855,106,Bahamas,235,95 plus,44.77214116306275,97
11855,106,Bahamas,235,95 plus,44.77214116306275,98
11855,106,Bahamas,235,95 plus,44.77214116306275,99
11855,106,Bahamas,235,95 plus,44.77214116306275,100
11942,107,Barbados,11,30 to 34,3870.508461866627,30
11942,107,Barbados,11,30 to 34,3870.508461866627,31
11942,107,Barbados,11,30 to 34,3870.508461866627,32
11942,107,Barbados,11,30 to 34,3870.508461866627,33
11942,107,Barbados,11,30 to 34,3870.508461866627,34
11943,107,Barbados,12,35 to 39,4093.2246011716356,35
11943,107,Barbados,12,35 to 39,4093.2246011716356,36
11943,107,Barbados,12,35 to 39,4093.2246011716356,37
11943,107,Barbados,12,35 to 39,4093.2246011716356,38
11943,107,Barbados,12,35 to 39,4093.2246011716356,39
11944,107,Barbados,13,40 to 44,3971.7094478258673,40
11944,107,Barbados,13,40 to 44,3971.7094478258673,41
11944,107,Barbados,13,40 to 44,3971.7094478258673,42
11944,107,Barbados,13,40 to 44,3971.7094478258673,43
11944,107,Barbados,13,40 to 44,3971.7094478258673,44
11945,107,Barbados,14,45 to 49,4282.410605359893,45
11945,107,Barbados,14,45 to 49,4282.410605359893,46
11945,107,Barbados,14,45 to 49,4282.410605359893,47
11945,107,Barbados,14,45 to 49,4282.410605359893,48
11945,107,Barbados,14,45 to 49,4282.410605359893,49
11946,107,Barbados,15,50 to 54,4285.082472042727,50
11946,107,Barbados,15,50 to 54,4285.082472042727,51
11946,107,Barbados,15,50 to 54,4285.082472042727,52
11946,107,Barbados,15,50 to 54,4285.082472042727,53
11946,107,Barbados,15,50 to 54,4285.082472042727,54
11947,107,Barbados,16,55 to 59,4266.404791174029,55
11947,107,Barbados,16,55 to 59,4266.404791174029,56
11947,107,Barbados,16,55 to 59,4266.404791174029,57
11947,107,Barbados,16,55 to 59,4266.404791174029,58
11947,107,Barbados,16,55 to 59,4266.404791174029,59
11948,107,Barbados,17,60 to 64,3920.198895714403,60
11948,107,Barbados,17,60 to 64,3920.198895714403,61
11948,107,Barbados,17,60 to 64,3920.198895714403,62
11948,107,Barbados,17,60 to 64,3920.198895714403,63
11948,107,Barbados,17,60 to 64,3920.198895714403,64
11949,107,Barbados,18,65 to 69,3079.511893183231,65
11949,107,Barbados,18,65 to 69,3079.511893183231,66
11949,107,Barbados,18,65 to 69,3079.511893183231,67
11949,107,Barbados,18,65 to 69,3079.511893183231,68
11949,107,Barbados,18,65 to 69,3079.511893183231,69
11950,107,Barbados,19,70 to 74,2441.894500375858,70
11950,107,Barbados,19,70 to 74,2441.894500375858,71
11950,107,Barbados,19,70 to 74,2441.894500375858,72
11950,107,Barbados,19,70 to 74,2441.894500375858,73
11950,107,Barbados,19,70 to 74,2441.894500375858,74
11951,107,Barbados,20,75 to 79,1617.0798624584165,75
11951,107,Barbados,20,75 to 79,1617.0798624584165,76
11951,107,Barbados,20,75 to 79,1617.0798624584165,77
11951,107,Barbados,20,75 to 79,1617.0798624584165,78
11951,107,Barbados,20,75 to 79,1617.0798624584165,79
11959,107,Barbados,30,80 to 84,1089.7751727772184,80
11959,107,Barbados,30,80 to 84,1089.7751727772184,81
11959,107,Barbados,30,80 to 84,1089.7751727772184,82
11959,107,Barbados,30,80 to 84,1089.7751727772184,83
11959,107,Barbados,30,80 to 84,1089.7751727772184,84
11960,107,Barbados,31,85 to 89,624.4483119232916,85
11960,107,Barbados,31,85 to 89,624.4483119232916,86
11960,107,Barbados,31,85 to 89,624.4483119232916,87
11960,107,Barbados,31,85 to 89,624.4483119232916,88
11960,107,Barbados,31,85 to 89,624.4483119232916,89
11961,107,Barbados,32,90 to 94,257.174405455191,90
11961,107,Barbados,32,90 to 94,257.174405455191,91
11961,107,Barbados,32,90 to 94,257.174405455191,92
11961,107,Barbados,32,90 to 94,257.174405455191,93
11961,107,Barbados,32,90 to 94,257.174405455191,94
11969,107,Barbados,235,95 plus,45.92082068720692,95
11969,107,Barbados,235,95 plus,45.92082068720692,96
11969,107,Barbados,235,95 plus,45.92082068720692,97
11969,107,Barbados,235,95 plus,45.92082068720692,98
11969,107,Barbados,235,95 plus,45.92082068720692,99
11969,107,Barbados,235,95 plus,45.92082068720692,100
12056,108,Belize,11,30 to 34,6247.948715847876,30
12056,108,Belize,11,30 to 34,6247.948715847876,31
12056,108,Belize,11,30 to 34,6247.948715847876,32
12056,108,Belize,11,30 to 34,6247.948715847876,33
12056,108,Belize,11,30 to 34,6247.948715847876,34
12057,108,Belize,12,35 to 39,5571.677198004866,35
12057,108,Belize,12,35 to 39,5571.677198004866,36
12057,108,Belize,12,35 to 39,5571.677198004866,37
12057,108,Belize,12,35 to 39,5571.677198004866,38
12057,108,Belize,12,35 to 39,5571.677198004866,39
12058,108,Belize,13,40 to 44,4835.64387675888,40
12058,108,Belize,13,40 to 44,4835.64387675888,41
12058,108,Belize,13,40 to 44,4835.64387675888,42
12058,108,Belize,13,40 to 44,4835.64387675888,43
12058,108,Belize,13,40 to 44,4835.64387675888,44
12059,108,Belize,14,45 to 49,4232.610620760138,45
12059,108,Belize,14,45 to 49,4232.610620760138,46
12059,108,Belize,14,45 to 49,4232.610620760138,47
12059,108,Belize,14,45 to 49,4232.610620760138,48
12059,108,Belize,14,45 to 49,4232.610620760138,49
12060,108,Belize,15,50 to 54,3487.2044350463193,50
12060,108,Belize,15,50 to 54,3487.2044350463193,51
12060,108,Belize,15,50 to 54,3487.2044350463193,52
12060,108,Belize,15,50 to 54,3487.2044350463193,53
12060,108,Belize,15,50 to 54,3487.2044350463193,54
12061,108,Belize,16,55 to 59,2886.17554351008,55
12061,108,Belize,16,55 to 59,2886.17554351008,56
12061,108,Belize,16,55 to 59,2886.17554351008,57
12061,108,Belize,16,55 to 59,2886.17554351008,58
12061,108,Belize,16,55 to 59,2886.17554351008,59
12062,108,Belize,17,60 to 64,2153.947296608265,60
12062,108,Belize,17,60 to 64,2153.947296608265,61
12062,108,Belize,17,60 to 64,2153.947296608265,62
12062,108,Belize,17,60 to 64,2153.947296608265,63
12062,108,Belize,17,60 to 64,2153.947296608265,64
12063,108,Belize,18,65 to 69,1528.5629172799604,65
12063,108,Belize,18,65 to 69,1528.5629172799604,66
12063,108,Belize,18,65 to 69,1528.5629172799604,67
12063,108,Belize,18,65 to 69,1528.5629172799604,68
12063,108,Belize,18,65 to 69,1528.5629172799604,69
12064,108,Belize,19,70 to 74,1041.8117131284178,70
12064,108,Belize,19,70 to 74,1041.8117131284178,71
12064,108,Belize,19,70 to 74,1041.8117131284178,72
12064,108,Belize,19,70 to 74,1041.8117131284178,73
12064,108,Belize,19,70 to 74,1041.8117131284178,74
12065,108,Belize,20,75 to 79,675.9191976277459,75
12065,108,Belize,20,75 to 79,675.9191976277459,76
12065,108,Belize,20,75 to 79,675.9191976277459,77
12065,108,Belize,20,75 to 79,675.9191976277459,78
12065,108,Belize,20,75 to 79,675.9191976277459,79
12073,108,Belize,30,80 to 84,456.553163205924,80
12073,108,Belize,30,80 to 84,456.553163205924,81
12073,108,Belize,30,80 to 84,456.553163205924,82
12073,108,Belize,30,80 to 84,456.553163205924,83
12073,108,Belize,30,80 to 84,456.553163205924,84
12074,108,Belize,31,85 to 89,252.56086725328896,85
12074,108,Belize,31,85 to 89,252.56086725328896,86
12074,108,Belize,31,85 to 89,252.56086725328896,87
12074,108,Belize,31,85 to 89,252.56086725328896,88
12074,108,Belize,31,85 to 89,252.56086725328896,89
12075,108,Belize,32,90 to 94,113.28502345906875,90
12075,108,Belize,32,90 to 94,113.28502345906875,91
12075,108,Belize,32,90 to 94,113.28502345906875,92
12075,108,Belize,32,90 to 94,113.28502345906875,93
12075,108,Belize,32,90 to 94,113.28502345906875,94
12083,108,Belize,235,95 plus,31.362606508361335,95
12083,108,Belize,235,95 plus,31.362606508361335,96
12083,108,Belize,235,95 plus,31.362606508361335,97
12083,108,Belize,235,95 plus,31.362606508361335,98
12083,108,Belize,235,95 plus,31.362606508361335,99
12083,108,Belize,235,95 plus,31.362606508361335,100
12170,109,Cuba,11,30 to 34,159844.21682381086,30
12170,109,Cuba,11,30 to 34,159844.21682381086,31
12170,109,Cuba,11,30 to 34,159844.21682381086,32
12170,109,Cuba,11,30 to 34,159844.21682381086,33
12170,109,Cuba,11,30 to 34,159844.21682381086,34
12171,109,Cuba,12,35 to 39,132859.66832209128,35
12171,109,Cuba,12,35 to 39,132859.66832209128,36
12171,109,Cuba,12,35 to 39,132859.66832209128,37
12171,109,Cuba,12,35 to 39,132859.66832209128,38
12171,109,Cuba,12,35 to 39,132859.66832209128,39
12172,109,Cuba,13,40 to 44,141835.6872433811,40
12172,109,Cuba,13,40 to 44,141835.6872433811,41
12172,109,Cuba,13,40 to 44,141835.6872433811,42
12172,109,Cuba,13,40 to 44,141835.6872433811,43
12172,109,Cuba,13,40 to 44,141835.6872433811,44
12173,109,Cuba,14,45 to 49,194284.59565651775,45
12173,109,Cuba,14,45 to 49,194284.59565651775,46
12173,109,Cuba,14,45 to 49,194284.59565651775,47
12173,109,Cuba,14,45 to 49,194284.59565651775,48
12173,109,Cuba,14,45 to 49,194284.59565651775,49
12174,109,Cuba,15,50 to 54,203641.40008623322,50
12174,109,Cuba,15,50 to 54,203641.40008623322,51
12174,109,Cuba,15,50 to 54,203641.40008623322,52
12174,109,Cuba,15,50 to 54,203641.40008623322,53
12174,109,Cuba,15,50 to 54,203641.40008623322,54
12175,109,Cuba,16,55 to 59,178352.55385421368,55
12175,109,Cuba,16,55 to 59,178352.55385421368,56
12175,109,Cuba,16,55 to 59,178352.55385421368,57
12175,109,Cuba,16,55 to 59,178352.55385421368,58
12175,109,Cuba,16,55 to 59,178352.55385421368,59
12176,109,Cuba,17,60 to 64,120969.93922104353,60
12176,109,Cuba,17,60 to 64,120969.93922104353,61
12176,109,Cuba,17,60 to 64,120969.93922104353,62
12176,109,Cuba,17,60 to 64,120969.93922104353,63
12176,109,Cuba,17,60 to 64,120969.93922104353,64
12177,109,Cuba,18,65 to 69,105874.09111173896,65
12177,109,Cuba,18,65 to 69,105874.09111173896,66
12177,109,Cuba,18,65 to 69,105874.09111173896,67
12177,109,Cuba,18,65 to 69,105874.09111173896,68
12177,109,Cuba,18,65 to 69,105874.09111173896,69
12178,109,Cuba,19,70 to 74,89475.19550630152,70
12178,109,Cuba,19,70 to 74,89475.19550630152,71
12178,109,Cuba,19,70 to 74,89475.19550630152,72
12178,109,Cuba,19,70 to 74,89475.19550630152,73
12178,109,Cuba,19,70 to 74,89475.19550630152,74
12179,109,Cuba,20,75 to 79,67375.30395355771,75
12179,109,Cuba,20,75 to 79,67375.30395355771,76
12179,109,Cuba,20,75 to 79,67375.30395355771,77
12179,109,Cuba,20,75 to 79,67375.30395355771,78
12179,109,Cuba,20,75 to 79,67375.30395355771,79
12187,109,Cuba,30,80 to 84,43677.44148410824,80
12187,109,Cuba,30,80 to 84,43677.44148410824,81
12187,109,Cuba,30,80 to 84,43677.44148410824,82
12187,109,Cuba,30,80 to 84,43677.44148410824,83
12187,109,Cuba,30,80 to 84,43677.44148410824,84
12188,109,Cuba,31,85 to 89,24982.64754912968,85
12188,109,Cuba,31,85 to 89,24982.64754912968,86
12188,109,Cuba,31,85 to 89,24982.64754912968,87
12188,109,Cuba,31,85 to 89,24982.64754912968,88
12188,109,Cuba,31,85 to 89,24982.64754912968,89
12189,109,Cuba,32,90 to 94,11984.652266114284,90
12189,109,Cuba,32,90 to 94,11984.652266114284,91
12189,109,Cuba,32,90 to 94,11984.652266114284,92
12189,109,Cuba,32,90 to 94,11984.652266114284,93
12189,109,Cuba,32,90 to 94,11984.652266114284,94
12197,109,Cuba,235,95 plus,4041.388807263928,95
12197,109,Cuba,235,95 plus,4041.388807263928,96
12197,109,Cuba,235,95 plus,4041.388807263928,97
12197,109,Cuba,235,95 plus,4041.388807263928,98
12197,109,Cuba,235,95 plus,4041.388807263928,99
12197,109,Cuba,235,95 plus,4041.388807263928,100
12284,110,Dominica,11,30 to 34,1019.3247142529672,30
12284,110,Dominica,11,30 to 34,1019.3247142529672,31
12284,110,Dominica,11,30 to 34,1019.3247142529672,32
12284,110,Dominica,11,30 to 34,1019.3247142529672,33
12284,110,Dominica,11,30 to 34,1019.3247142529672,34
12285,110,Dominica,12,35 to 39,903.1249245436836,35
12285,110,Dominica,12,35 to 39,903.1249245436836,36
12285,110,Dominica,12,35 to 39,903.1249245436836,37
12285,110,Dominica,12,35 to 39,903.1249245436836,38
12285,110,Dominica,12,35 to 39,903.1249245436836,39
12286,110,Dominica,13,40 to 44,778.8736615568773,40
12286,110,Dominica,13,40 to 44,778.8736615568773,41
12286,110,Dominica,13,40 to 44,778.8736615568773,42
12286,110,Dominica,13,40 to 44,778.8736615568773,43
12286,110,Dominica,13,40 to 44,778.8736615568773,44
12287,110,Dominica,14,45 to 49,857.6421455705224,45
12287,110,Dominica,14,45 to 49,857.6421455705224,46
12287,110,Dominica,14,45 to 49,857.6421455705224,47
12287,110,Dominica,14,45 to 49,857.6421455705224,48
12287,110,Dominica,14,45 to 49,857.6421455705224,49
12288,110,Dominica,15,50 to 54,921.5687681760788,50
12288,110,Dominica,15,50 to 54,921.5687681760788,51
12288,110,Dominica,15,50 to 54,921.5687681760788,52
12288,110,Dominica,15,50 to 54,921.5687681760788,53
12288,110,Dominica,15,50 to 54,921.5687681760788,54
12289,110,Dominica,16,55 to 59,823.8168465436281,55
12289,110,Dominica,16,55 to 59,823.8168465436281,56
12289,110,Dominica,16,55 to 59,823.8168465436281,57
12289,110,Dominica,16,55 to 59,823.8168465436281,58
12289,110,Dominica,16,55 to 59,823.8168465436281,59
12290,110,Dominica,17,60 to 64,691.2224777455808,60
12290,110,Dominica,17,60 to 64,691.2224777455808,61
12290,110,Dominica,17,60 to 64,691.2224777455808,62
12290,110,Dominica,17,60 to 64,691.2224777455808,63
12290,110,Dominica,17,60 to 64,691.2224777455808,64
12291,110,Dominica,18,65 to 69,523.1234980081576,65
12291,110,Dominica,18,65 to 69,523.1234980081576,66
12291,110,Dominica,18,65 to 69,523.1234980081576,67
12291,110,Dominica,18,65 to 69,523.1234980081576,68
12291,110,Dominica,18,65 to 69,523.1234980081576,69
12292,110,Dominica,19,70 to 74,374.179983496356,70
12292,110,Dominica,19,70 to 74,374.179983496356,71
12292,110,Dominica,19,70 to 74,374.179983496356,72
12292,110,Dominica,19,70 to 74,374.179983496356,73
12292,110,Dominica,19,70 to 74,374.179983496356,74
12293,110,Dominica,20,75 to 79,309.09300225950017,75
12293,110,Dominica,20,75 to 79,309.09300225950017,76
12293,110,Dominica,20,75 to 79,309.09300225950017,77
12293,110,Dominica,20,75 to 79,309.09300225950017,78
12293,110,Dominica,20,75 to 79,309.09300225950017,79
12301,110,Dominica,30,80 to 84,230.7042321737998,80
12301,110,Dominica,30,80 to 84,230.7042321737998,81
12301,110,Dominica,30,80 to 84,230.7042321737998,82
12301,110,Dominica,30,80 to 84,230.7042321737998,83
12301,110,Dominica,30,80 to 84,230.7042321737998,84
12302,110,Dominica,31,85 to 89,117.54856143118127,85
12302,110,Dominica,31,85 to 89,117.54856143118127,86
12302,110,Dominica,31,85 to 89,117.54856143118127,87
12302,110,Dominica,31,85 to 89,117.54856143118127,88
12302,110,Dominica,31,85 to 89,117.54856143118127,89
12303,110,Dominica,32,90 to 94,43.42085446093064,90
12303,110,Dominica,32,90 to 94,43.42085446093064,91
12303,110,Dominica,32,90 to 94,43.42085446093064,92
12303,110,Dominica,32,90 to 94,43.42085446093064,93
12303,110,Dominica,32,90 to 94,43.42085446093064,94
12311,110,Dominica,235,95 plus,9.612774876359246,95
12311,110,Dominica,235,95 plus,9.612774876359246,96
12311,110,Dominica,235,95 plus,9.612774876359246,97
12311,110,Dominica,235,95 plus,9.612774876359246,98
12311,110,Dominica,235,95 plus,9.612774876359246,99
12311,110,Dominica,235,95 plus,9.612774876359246,100
12398,111,Dominican Republic,11,30 to 34,169695.12042387942,30
12398,111,Dominican Republic,11,30 to 34,169695.12042387942,31
12398,111,Dominican Republic,11,30 to 34,169695.12042387942,32
12398,111,Dominican Republic,11,30 to 34,169695.12042387942,33
12398,111,Dominican Republic,11,30 to 34,169695.12042387942,34
12399,111,Dominican Republic,12,35 to 39,151810.78195578183,35
12399,111,Dominican Republic,12,35 to 39,151810.78195578183,36
12399,111,Dominican Republic,12,35 to 39,151810.78195578183,37
12399,111,Dominican Republic,12,35 to 39,151810.78195578183,38
12399,111,Dominican Republic,12,35 to 39,151810.78195578183,39
12400,111,Dominican Republic,13,40 to 44,135170.4338361399,40
12400,111,Dominican Republic,13,40 to 44,135170.4338361399,41
12400,111,Dominican Republic,13,40 to 44,135170.4338361399,42
12400,111,Dominican Republic,13,40 to 44,135170.4338361399,43
12400,111,Dominican Republic,13,40 to 44,135170.4338361399,44
12401,111,Dominican Republic,14,45 to 49,119312.791512717,45
12401,111,Dominican Republic,14,45 to 49,119312.791512717,46
12401,111,Dominican Republic,14,45 to 49,119312.791512717,47
12401,111,Dominican Republic,14,45 to 49,119312.791512717,48
12401,111,Dominican Republic,14,45 to 49,119312.791512717,49
12402,111,Dominican Republic,15,50 to 54,104164.49314436154,50
12402,111,Dominican Republic,15,50 to 54,104164.49314436154,51
12402,111,Dominican Republic,15,50 to 54,104164.49314436154,52
12402,111,Dominican Republic,15,50 to 54,104164.49314436154,53
12402,111,Dominican Republic,15,50 to 54,104164.49314436154,54
12403,111,Dominican Republic,16,55 to 59,86559.35867029238,55
12403,111,Dominican Republic,16,55 to 59,86559.35867029238,56
12403,111,Dominican Republic,16,55 to 59,86559.35867029238,57
12403,111,Dominican Republic,16,55 to 59,86559.35867029238,58
12403,111,Dominican Republic,16,55 to 59,86559.35867029238,59
12404,111,Dominican Republic,17,60 to 64,68515.57294708239,60
12404,111,Dominican Republic,17,60 to 64,68515.57294708239,61
12404,111,Dominican Republic,17,60 to 64,68515.57294708239,62
12404,111,Dominican Republic,17,60 to 64,68515.57294708239,63
12404,111,Dominican Republic,17,60 to 64,68515.57294708239,64
12405,111,Dominican Republic,18,65 to 69,53438.033613328065,65
12405,111,Dominican Republic,18,65 to 69,53438.033613328065,66
12405,111,Dominican Republic,18,65 to 69,53438.033613328065,67
12405,111,Dominican Republic,18,65 to 69,53438.033613328065,68
12405,111,Dominican Republic,18,65 to 69,53438.033613328065,69
12406,111,Dominican Republic,19,70 to 74,40421.990119233895,70
12406,111,Dominican Republic,19,70 to 74,40421.990119233895,71
12406,111,Dominican Republic,19,70 to 74,40421.990119233895,72
12406,111,Dominican Republic,19,70 to 74,40421.990119233895,73
12406,111,Dominican Republic,19,70 to 74,40421.990119233895,74
12407,111,Dominican Republic,20,75 to 79,27596.15303946469,75
12407,111,Dominican Republic,20,75 to 79,27596.15303946469,76
12407,111,Dominican Republic,20,75 to 79,27596.15303946469,77
12407,111,Dominican Republic,20,75 to 79,27596.15303946469,78
12407,111,Dominican Republic,20,75 to 79,27596.15303946469,79
12415,111,Dominican Republic,30,80 to 84,18359.88388680133,80
12415,111,Dominican Republic,30,80 to 84,18359.88388680133,81
12415,111,Dominican Republic,30,80 to 84,18359.88388680133,82
12415,111,Dominican Republic,30,80 to 84,18359.88388680133,83
12415,111,Dominican Republic,30,80 to 84,18359.88388680133,84
12416,111,Dominican Republic,31,85 to 89,9967.107723787214,85
12416,111,Dominican Republic,31,85 to 89,9967.107723787214,86
12416,111,Dominican Republic,31,85 to 89,9967.107723787214,87
12416,111,Dominican Republic,31,85 to 89,9967.107723787214,88
12416,111,Dominican Republic,31,85 to 89,9967.107723787214,89
12417,111,Dominican Republic,32,90 to 94,3567.0956557642617,90
12417,111,Dominican Republic,32,90 to 94,3567.0956557642617,91
12417,111,Dominican Republic,32,90 to 94,3567.0956557642617,92
12417,111,Dominican Republic,32,90 to 94,3567.0956557642617,93
12417,111,Dominican Republic,32,90 to 94,3567.0956557642617,94
12425,111,Dominican Republic,235,95 plus,881.4073726585224,95
12425,111,Dominican Republic,235,95 plus,881.4073726585224,96
12425,111,Dominican Republic,235,95 plus,881.4073726585224,97
12425,111,Dominican Republic,235,95 plus,881.4073726585224,98
12425,111,Dominican Republic,235,95 plus,881.4073726585224,99
12425,111,Dominican Republic,235,95 plus,881.4073726585224,100
12512,112,Grenada,11,30 to 34,1476.6780305500956,30
12512,112,Grenada,11,30 to 34,1476.6780305500956,31
12512,112,Grenada,11,30 to 34,1476.6780305500956,32
12512,112,Grenada,11,30 to 34,1476.6780305500956,33
12512,112,Grenada,11,30 to 34,1476.6780305500956,34
12513,112,Grenada,12,35 to 39,1229.9494026725083,35
12513,112,Grenada,12,35 to 39,1229.9494026725083,36
12513,112,Grenada,12,35 to 39,1229.9494026725083,37
12513,112,Grenada,12,35 to 39,1229.9494026725083,38
12513,112,Grenada,12,35 to 39,1229.9494026725083,39
12514,112,Grenada,13,40 to 44,1265.3260919886895,40
12514,112,Grenada,13,40 to 44,1265.3260919886895,41
12514,112,Grenada,13,40 to 44,1265.3260919886895,42
12514,112,Grenada,13,40 to 44,1265.3260919886895,43
12514,112,Grenada,13,40 to 44,1265.3260919886895,44
12515,112,Grenada,14,45 to 49,1404.7484426889887,45
12515,112,Grenada,14,45 to 49,1404.7484426889887,46
12515,112,Grenada,14,45 to 49,1404.7484426889887,47
12515,112,Grenada,14,45 to 49,1404.7484426889887,48
12515,112,Grenada,14,45 to 49,1404.7484426889887,49
12516,112,Grenada,15,50 to 54,1443.8408888094768,50
12516,112,Grenada,15,50 to 54,1443.8408888094768,51
12516,112,Grenada,15,50 to 54,1443.8408888094768,52
12516,112,Grenada,15,50 to 54,1443.8408888094768,53
12516,112,Grenada,15,50 to 54,1443.8408888094768,54
12517,112,Grenada,16,55 to 59,1201.0292245517926,55
12517,112,Grenada,16,55 to 59,1201.0292245517926,56
12517,112,Grenada,16,55 to 59,1201.0292245517926,57
12517,112,Grenada,16,55 to 59,1201.0292245517926,58
12517,112,Grenada,16,55 to 59,1201.0292245517926,59
12518,112,Grenada,17,60 to 64,872.5991211104114,60
12518,112,Grenada,17,60 to 64,872.5991211104114,61
12518,112,Grenada,17,60 to 64,872.5991211104114,62
12518,112,Grenada,17,60 to 64,872.5991211104114,63
12518,112,Grenada,17,60 to 64,872.5991211104114,64
12519,112,Grenada,18,65 to 69,646.2116770025973,65
12519,112,Grenada,18,65 to 69,646.2116770025973,66
12519,112,Grenada,18,65 to 69,646.2116770025973,67
12519,112,Grenada,18,65 to 69,646.2116770025973,68
12519,112,Grenada,18,65 to 69,646.2116770025973,69
12520,112,Grenada,19,70 to 74,517.2454301488826,70
12520,112,Grenada,19,70 to 74,517.2454301488826,71
12520,112,Grenada,19,70 to 74,517.2454301488826,72
12520,112,Grenada,19,70 to 74,517.2454301488826,73
12520,112,Grenada,19,70 to 74,517.2454301488826,74
12521,112,Grenada,20,75 to 79,378.40519199896164,75
12521,112,Grenada,20,75 to 79,378.40519199896164,76
12521,112,Grenada,20,75 to 79,378.40519199896164,77
12521,112,Grenada,20,75 to 79,378.40519199896164,78
12521,112,Grenada,20,75 to 79,378.40519199896164,79
12529,112,Grenada,30,80 to 84,169.30729483267018,80
12529,112,Grenada,30,80 to 84,169.30729483267018,81
12529,112,Grenada,30,80 to 84,169.30729483267018,82
12529,112,Grenada,30,80 to 84,169.30729483267018,83
12529,112,Grenada,30,80 to 84,169.30729483267018,84
12530,112,Grenada,31,85 to 89,73.42120013525503,85
12530,112,Grenada,31,85 to 89,73.42120013525503,86
12530,112,Grenada,31,85 to 89,73.42120013525503,87
12530,112,Grenada,31,85 to 89,73.42120013525503,88
12530,112,Grenada,31,85 to 89,73.42120013525503,89
12531,112,Grenada,32,90 to 94,33.53752665903916,90
12531,112,Grenada,32,90 to 94,33.53752665903916,91
12531,112,Grenada,32,90 to 94,33.53752665903916,92
12531,112,Grenada,32,90 to 94,33.53752665903916,93
12531,112,Grenada,32,90 to 94,33.53752665903916,94
12539,112,Grenada,235,95 plus,9.455282865685435,95
12539,112,Grenada,235,95 plus,9.455282865685435,96
12539,112,Grenada,235,95 plus,9.455282865685435,97
12539,112,Grenada,235,95 plus,9.455282865685435,98
12539,112,Grenada,235,95 plus,9.455282865685435,99
12539,112,Grenada,235,95 plus,9.455282865685435,100
12626,113,Guyana,11,30 to 34,10442.606857929535,30
12626,113,Guyana,11,30 to 34,10442.606857929535,31
12626,113,Guyana,11,30 to 34,10442.606857929535,32
12626,113,Guyana,11,30 to 34,10442.606857929535,33
12626,113,Guyana,11,30 to 34,10442.606857929535,34
12627,113,Guyana,12,35 to 39,9705.947106795422,35
12627,113,Guyana,12,35 to 39,9705.947106795422,36
12627,113,Guyana,12,35 to 39,9705.947106795422,37
12627,113,Guyana,12,35 to 39,9705.947106795422,38
12627,113,Guyana,12,35 to 39,9705.947106795422,39
12628,113,Guyana,13,40 to 44,9563.956433627665,40
12628,113,Guyana,13,40 to 44,9563.956433627665,41
12628,113,Guyana,13,40 to 44,9563.956433627665,42
12628,113,Guyana,13,40 to 44,9563.956433627665,43
12628,113,Guyana,13,40 to 44,9563.956433627665,44
12629,113,Guyana,14,45 to 49,8668.778677993283,45
12629,113,Guyana,14,45 to 49,8668.778677993283,46
12629,113,Guyana,14,45 to 49,8668.778677993283,47
12629,113,Guyana,14,45 to 49,8668.778677993283,48
12629,113,Guyana,14,45 to 49,8668.778677993283,49
12630,113,Guyana,15,50 to 54,7809.343446917625,50
12630,113,Guyana,15,50 to 54,7809.343446917625,51
12630,113,Guyana,15,50 to 54,7809.343446917625,52
12630,113,Guyana,15,50 to 54,7809.343446917625,53
12630,113,Guyana,15,50 to 54,7809.343446917625,54
12631,113,Guyana,16,55 to 59,6849.2058134798335,55
12631,113,Guyana,16,55 to 59,6849.2058134798335,56
12631,113,Guyana,16,55 to 59,6849.2058134798335,57
12631,113,Guyana,16,55 to 59,6849.2058134798335,58
12631,113,Guyana,16,55 to 59,6849.2058134798335,59
12632,113,Guyana,17,60 to 64,5378.31953592884,60
12632,113,Guyana,17,60 to 64,5378.31953592884,61
12632,113,Guyana,17,60 to 64,5378.31953592884,62
12632,113,Guyana,17,60 to 64,5378.31953592884,63
12632,113,Guyana,17,60 to 64,5378.31953592884,64
12633,113,Guyana,18,65 to 69,3995.7205438964324,65
12633,113,Guyana,18,65 to 69,3995.7205438964324,66
12633,113,Guyana,18,65 to 69,3995.7205438964324,67
12633,113,Guyana,18,65 to 69,3995.7205438964324,68
12633,113,Guyana,18,65 to 69,3995.7205438964324,69
12634,113,Guyana,19,70 to 74,2376.0255765915244,70
12634,113,Guyana,19,70 to 74,2376.0255765915244,71
12634,113,Guyana,19,70 to 74,2376.0255765915244,72
12634,113,Guyana,19,70 to 74,2376.0255765915244,73
12634,113,Guyana,19,70 to 74,2376.0255765915244,74
12635,113,Guyana,20,75 to 79,1548.9352362084167,75
12635,113,Guyana,20,75 to 79,1548.9352362084167,76
12635,113,Guyana,20,75 to 79,1548.9352362084167,77
12635,113,Guyana,20,75 to 79,1548.9352362084167,78
12635,113,Guyana,20,75 to 79,1548.9352362084167,79
12643,113,Guyana,30,80 to 84,908.4125164425795,80
12643,113,Guyana,30,80 to 84,908.4125164425795,81
12643,113,Guyana,30,80 to 84,908.4125164425795,82
12643,113,Guyana,30,80 to 84,908.4125164425795,83
12643,113,Guyana,30,80 to 84,908.4125164425795,84
12644,113,Guyana,31,85 to 89,414.3298729949879,85
12644,113,Guyana,31,85 to 89,414.3298729949879,86
12644,113,Guyana,31,85 to 89,414.3298729949879,87
12644,113,Guyana,31,85 to 89,414.3298729949879,88
12644,113,Guyana,31,85 to 89,414.3298729949879,89
12645,113,Guyana,32,90 to 94,170.80368041698463,90
12645,113,Guyana,32,90 to 94,170.80368041698463,91
12645,113,Guyana,32,90 to 94,170.80368041698463,92
12645,113,Guyana,32,90 to 94,170.80368041698463,93
12645,113,Guyana,32,90 to 94,170.80368041698463,94
12653,113,Guyana,235,95 plus,32.21210804180185,95
12653,113,Guyana,235,95 plus,32.21210804180185,96
12653,113,Guyana,235,95 plus,32.21210804180185,97
12653,113,Guyana,235,95 plus,32.21210804180185,98
12653,113,Guyana,235,95 plus,32.21210804180185,99
12653,113,Guyana,235,95 plus,32.21210804180185,100
12740,114,Haiti,11,30 to 34,203577.85004278057,30
12740,114,Haiti,11,30 to 34,203577.85004278057,31
12740,114,Haiti,11,30 to 34,203577.85004278057,32
12740,114,Haiti,11,30 to 34,203577.85004278057,33
12740,114,Haiti,11,30 to 34,203577.85004278057,34
12741,114,Haiti,12,35 to 39,175022.39894804536,35
12741,114,Haiti,12,35 to 39,175022.39894804536,36
12741,114,Haiti,12,35 to 39,175022.39894804536,37
12741,114,Haiti,12,35 to 39,175022.39894804536,38
12741,114,Haiti,12,35 to 39,175022.39894804536,39
12742,114,Haiti,13,40 to 44,139680.81415290956,40
12742,114,Haiti,13,40 to 44,139680.81415290956,41
12742,114,Haiti,13,40 to 44,139680.81415290956,42
12742,114,Haiti,13,40 to 44,139680.81415290956,43
12742,114,Haiti,13,40 to 44,139680.81415290956,44
12743,114,Haiti,14,45 to 49,107877.21296833565,45
12743,114,Haiti,14,45 to 49,107877.21296833565,46
12743,114,Haiti,14,45 to 49,107877.21296833565,47
12743,114,Haiti,14,45 to 49,107877.21296833565,48
12743,114,Haiti,14,45 to 49,107877.21296833565,49
12744,114,Haiti,15,50 to 54,86487.76955864191,50
12744,114,Haiti,15,50 to 54,86487.76955864191,51
12744,114,Haiti,15,50 to 54,86487.76955864191,52
12744,114,Haiti,15,50 to 54,86487.76955864191,53
12744,114,Haiti,15,50 to 54,86487.76955864191,54
12745,114,Haiti,16,55 to 59,70883.47799080373,55
12745,114,Haiti,16,55 to 59,70883.47799080373,56
12745,114,Haiti,16,55 to 59,70883.47799080373,57
12745,114,Haiti,16,55 to 59,70883.47799080373,58
12745,114,Haiti,16,55 to 59,70883.47799080373,59
12746,114,Haiti,17,60 to 64,56162.82062250913,60
12746,114,Haiti,17,60 to 64,56162.82062250913,61
12746,114,Haiti,17,60 to 64,56162.82062250913,62
12746,114,Haiti,17,60 to 64,56162.82062250913,63
12746,114,Haiti,17,60 to 64,56162.82062250913,64
12747,114,Haiti,18,65 to 69,42604.51858121975,65
12747,114,Haiti,18,65 to 69,42604.51858121975,66
12747,114,Haiti,18,65 to 69,42604.51858121975,67
12747,114,Haiti,18,65 to 69,42604.51858121975,68
12747,114,Haiti,18,65 to 69,42604.51858121975,69
12748,114,Haiti,19,70 to 74,26643.17456768745,70
12748,114,Haiti,19,70 to 74,26643.17456768745,71
12748,114,Haiti,19,70 to 74,26643.17456768745,72
12748,114,Haiti,19,70 to 74,26643.17456768745,73
12748,114,Haiti,19,70 to 74,26643.17456768745,74
12749,114,Haiti,20,75 to 79,16904.53383914897,75
12749,114,Haiti,20,75 to 79,16904.53383914897,76
12749,114,Haiti,20,75 to 79,16904.53383914897,77
12749,114,Haiti,20,75 to 79,16904.53383914897,78
12749,114,Haiti,20,75 to 79,16904.53383914897,79
12757,114,Haiti,30,80 to 84,9453.311676283904,80
12757,114,Haiti,30,80 to 84,9453.311676283904,81
12757,114,Haiti,30,80 to 84,9453.311676283904,82
12757,114,Haiti,30,80 to 84,9453.311676283904,83
12757,114,Haiti,30,80 to 84,9453.311676283904,84
12758,114,Haiti,31,85 to 89,3989.6718632924253,85
12758,114,Haiti,31,85 to 89,3989.6718632924253,86
12758,114,Haiti,31,85 to 89,3989.6718632924253,87
12758,114,Haiti,31,85 to 89,3989.6718632924253,88
12758,114,Haiti,31,85 to 89,3989.6718632924253,89
12759,114,Haiti,32,90 to 94,1197.5942366660795,90
12759,114,Haiti,32,90 to 94,1197.5942366660795,91
12759,114,Haiti,32,90 to 94,1197.5942366660795,92
12759,114,Haiti,32,90 to 94,1197.5942366660795,93
12759,114,Haiti,32,90 to 94,1197.5942366660795,94
12767,114,Haiti,235,95 plus,204.58029139111986,95
12767,114,Haiti,235,95 plus,204.58029139111986,96
12767,114,Haiti,235,95 plus,204.58029139111986,97
12767,114,Haiti,235,95 plus,204.58029139111986,98
12767,114,Haiti,235,95 plus,204.58029139111986,99
12767,114,Haiti,235,95 plus,204.58029139111986,100
12854,115,Jamaica,11,30 to 34,44928.959883091346,30
12854,115,Jamaica,11,30 to 34,44928.959883091346,31
12854,115,Jamaica,11,30 to 34,44928.959883091346,32
12854,115,Jamaica,11,30 to 34,44928.959883091346,33
12854,115,Jamaica,11,30 to 34,44928.959883091346,34
12855,115,Jamaica,12,35 to 39,39182.69069636492,35
12855,115,Jamaica,12,35 to 39,39182.69069636492,36
12855,115,Jamaica,12,35 to 39,39182.69069636492,37
12855,115,Jamaica,12,35 to 39,39182.69069636492,38
12855,115,Jamaica,12,35 to 39,39182.69069636492,39
12856,115,Jamaica,13,40 to 44,34204.87329786744,40
12856,115,Jamaica,13,40 to 44,34204.87329786744,41
12856,115,Jamaica,13,40 to 44,34204.87329786744,42
12856,115,Jamaica,13,40 to 44,34204.87329786744,43
12856,115,Jamaica,13,40 to 44,34204.87329786744,44
12857,115,Jamaica,14,45 to 49,33311.58257290222,45
12857,115,Jamaica,14,45 to 49,33311.58257290222,46
12857,115,Jamaica,14,45 to 49,33311.58257290222,47
12857,115,Jamaica,14,45 to 49,33311.58257290222,48
12857,115,Jamaica,14,45 to 49,33311.58257290222,49
12858,115,Jamaica,15,50 to 54,30736.61847667203,50
12858,115,Jamaica,15,50 to 54,30736.61847667203,51
12858,115,Jamaica,15,50 to 54,30736.61847667203,52
12858,115,Jamaica,15,50 to 54,30736.61847667203,53
12858,115,Jamaica,15,50 to 54,30736.61847667203,54
12859,115,Jamaica,16,55 to 59,27155.93632943123,55
12859,115,Jamaica,16,55 to 59,27155.93632943123,56
12859,115,Jamaica,16,55 to 59,27155.93632943123,57
12859,115,Jamaica,16,55 to 59,27155.93632943123,58
12859,115,Jamaica,16,55 to 59,27155.93632943123,59
12860,115,Jamaica,17,60 to 64,22239.61864549144,60
12860,115,Jamaica,17,60 to 64,22239.61864549144,61
12860,115,Jamaica,17,60 to 64,22239.61864549144,62
12860,115,Jamaica,17,60 to 64,22239.61864549144,63
12860,115,Jamaica,17,60 to 64,22239.61864549144,64
12861,115,Jamaica,18,65 to 69,16717.846788488827,65
12861,115,Jamaica,18,65 to 69,16717.846788488827,66
12861,115,Jamaica,18,65 to 69,16717.846788488827,67
12861,115,Jamaica,18,65 to 69,16717.846788488827,68
12861,115,Jamaica,18,65 to 69,16717.846788488827,69
12862,115,Jamaica,19,70 to 74,12924.225070208693,70
12862,115,Jamaica,19,70 to 74,12924.225070208693,71
12862,115,Jamaica,19,70 to 74,12924.225070208693,72
12862,115,Jamaica,19,70 to 74,12924.225070208693,73
12862,115,Jamaica,19,70 to 74,12924.225070208693,74
12863,115,Jamaica,20,75 to 79,8747.23607957357,75
12863,115,Jamaica,20,75 to 79,8747.23607957357,76
12863,115,Jamaica,20,75 to 79,8747.23607957357,77
12863,115,Jamaica,20,75 to 79,8747.23607957357,78
12863,115,Jamaica,20,75 to 79,8747.23607957357,79
12871,115,Jamaica,30,80 to 84,6181.791562533048,80
12871,115,Jamaica,30,80 to 84,6181.791562533048,81
12871,115,Jamaica,30,80 to 84,6181.791562533048,82
12871,115,Jamaica,30,80 to 84,6181.791562533048,83
12871,115,Jamaica,30,80 to 84,6181.791562533048,84
12872,115,Jamaica,31,85 to 89,4068.4483943053806,85
12872,115,Jamaica,31,85 to 89,4068.4483943053806,86
12872,115,Jamaica,31,85 to 89,4068.4483943053806,87
12872,115,Jamaica,31,85 to 89,4068.4483943053806,88
12872,115,Jamaica,31,85 to 89,4068.4483943053806,89
12873,115,Jamaica,32,90 to 94,2186.415960402348,90
12873,115,Jamaica,32,90 to 94,2186.415960402348,91
12873,115,Jamaica,32,90 to 94,2186.415960402348,92
12873,115,Jamaica,32,90 to 94,2186.415960402348,93
12873,115,Jamaica,32,90 to 94,2186.415960402348,94
12881,115,Jamaica,235,95 plus,1010.8296860623781,95
12881,115,Jamaica,235,95 plus,1010.8296860623781,96
12881,115,Jamaica,235,95 plus,1010.8296860623781,97
12881,115,Jamaica,235,95 plus,1010.8296860623781,98
12881,115,Jamaica,235,95 plus,1010.8296860623781,99
12881,115,Jamaica,235,95 plus,1010.8296860623781,100
12968,116,Saint Lucia,11,30 to 34,2555.063813169498,30
12968,116,Saint Lucia,11,30 to 34,2555.063813169498,31
12968,116,Saint Lucia,11,30 to 34,2555.063813169498,32
12968,116,Saint Lucia,11,30 to 34,2555.063813169498,33
12968,116,Saint Lucia,11,30 to 34,2555.063813169498,34
12969,116,Saint Lucia,12,35 to 39,2656.4284752447043,35
12969,116,Saint Lucia,12,35 to 39,2656.4284752447043,36
12969,116,Saint Lucia,12,35 to 39,2656.4284752447043,37
12969,116,Saint Lucia,12,35 to 39,2656.4284752447043,38
12969,116,Saint Lucia,12,35 to 39,2656.4284752447043,39
12970,116,Saint Lucia,13,40 to 44,2596.819609876119,40
12970,116,Saint Lucia,13,40 to 44,2596.819609876119,41
12970,116,Saint Lucia,13,40 to 44,2596.819609876119,42
12970,116,Saint Lucia,13,40 to 44,2596.819609876119,43
12970,116,Saint Lucia,13,40 to 44,2596.819609876119,44
12971,116,Saint Lucia,14,45 to 49,2621.6518618760424,45
12971,116,Saint Lucia,14,45 to 49,2621.6518618760424,46
12971,116,Saint Lucia,14,45 to 49,2621.6518618760424,47
12971,116,Saint Lucia,14,45 to 49,2621.6518618760424,48
12971,116,Saint Lucia,14,45 to 49,2621.6518618760424,49
12972,116,Saint Lucia,15,50 to 54,2494.690983004293,50
12972,116,Saint Lucia,15,50 to 54,2494.690983004293,51
12972,116,Saint Lucia,15,50 to 54,2494.690983004293,52
12972,116,Saint Lucia,15,50 to 54,2494.690983004293,53
12972,116,Saint Lucia,15,50 to 54,2494.690983004293,54
12973,116,Saint Lucia,16,55 to 59,2089.3584881705983,55
12973,116,Saint Lucia,16,55 to 59,2089.3584881705983,56
12973,116,Saint Lucia,16,55 to 59,2089.3584881705983,57
12973,116,Saint Lucia,16,55 to 59,2089.3584881705983,58
12973,116,Saint Lucia,16,55 to 59,2089.3584881705983,59
12974,116,Saint Lucia,17,60 to 64,1623.8693848097403,60
12974,116,Saint Lucia,17,60 to 64,1623.8693848097403,61
12974,116,Saint Lucia,17,60 to 64,1623.8693848097403,62
12974,116,Saint Lucia,17,60 to 64,1623.8693848097403,63
12974,116,Saint Lucia,17,60 to 64,1623.8693848097403,64
12975,116,Saint Lucia,18,65 to 69,1172.4087797045033,65
12975,116,Saint Lucia,18,65 to 69,1172.4087797045033,66
12975,116,Saint Lucia,18,65 to 69,1172.4087797045033,67
12975,116,Saint Lucia,18,65 to 69,1172.4087797045033,68
12975,116,Saint Lucia,18,65 to 69,1172.4087797045033,69
12976,116,Saint Lucia,19,70 to 74,978.7939214144784,70
12976,116,Saint Lucia,19,70 to 74,978.7939214144784,71
12976,116,Saint Lucia,19,70 to 74,978.7939214144784,72
12976,116,Saint Lucia,19,70 to 74,978.7939214144784,73
12976,116,Saint Lucia,19,70 to 74,978.7939214144784,74
12977,116,Saint Lucia,20,75 to 79,674.0875798609461,75
12977,116,Saint Lucia,20,75 to 79,674.0875798609461,76
12977,116,Saint Lucia,20,75 to 79,674.0875798609461,77
12977,116,Saint Lucia,20,75 to 79,674.0875798609461,78
12977,116,Saint Lucia,20,75 to 79,674.0875798609461,79
12985,116,Saint Lucia,30,80 to 84,452.2169965439778,80
12985,116,Saint Lucia,30,80 to 84,452.2169965439778,81
12985,116,Saint Lucia,30,80 to 84,452.2169965439778,82
12985,116,Saint Lucia,30,80 to 84,452.2169965439778,83
12985,116,Saint Lucia,30,80 to 84,452.2169965439778,84
12986,116,Saint Lucia,31,85 to 89,240.32624412113393,85
12986,116,Saint Lucia,31,85 to 89,240.32624412113393,86
12986,116,Saint Lucia,31,85 to 89,240.32624412113393,87
12986,116,Saint Lucia,31,85 to 89,240.32624412113393,88
12986,116,Saint Lucia,31,85 to 89,240.32624412113393,89
12987,116,Saint Lucia,32,90 to 94,95.64563001584344,90
12987,116,Saint Lucia,32,90 to 94,95.64563001584344,91
12987,116,Saint Lucia,32,90 to 94,95.64563001584344,92
12987,116,Saint Lucia,32,90 to 94,95.64563001584344,93
12987,116,Saint Lucia,32,90 to 94,95.64563001584344,94
12995,116,Saint Lucia,235,95 plus,17.060687500494637,95
12995,116,Saint Lucia,235,95 plus,17.060687500494637,96
12995,116,Saint Lucia,235,95 plus,17.060687500494637,97
12995,116,Saint Lucia,235,95 plus,17.060687500494637,98
12995,116,Saint Lucia,235,95 plus,17.060687500494637,99
12995,116,Saint Lucia,235,95 plus,17.060687500494637,100
13082,117,Saint Vincent and the Grenadines,11,30 to 34,1550.654905024457,30
13082,117,Saint Vincent and the Grenadines,11,30 to 34,1550.654905024457,31
13082,117,Saint Vincent and the Grenadines,11,30 to 34,1550.654905024457,32
13082,117,Saint Vincent and the Grenadines,11,30 to 34,1550.654905024457,33
13082,117,Saint Vincent and the Grenadines,11,30 to 34,1550.654905024457,34
13083,117,Saint Vincent and the Grenadines,12,35 to 39,1566.3877847131148,35
13083,117,Saint Vincent and the Grenadines,12,35 to 39,1566.3877847131148,36
13083,117,Saint Vincent and the Grenadines,12,35 to 39,1566.3877847131148,37
13083,117,Saint Vincent and the Grenadines,12,35 to 39,1566.3877847131148,38
13083,117,Saint Vincent and the Grenadines,12,35 to 39,1566.3877847131148,39
13084,117,Saint Vincent and the Grenadines,13,40 to 44,1551.124388497221,40
13084,117,Saint Vincent and the Grenadines,13,40 to 44,1551.124388497221,41
13084,117,Saint Vincent and the Grenadines,13,40 to 44,1551.124388497221,42
13084,117,Saint Vincent and the Grenadines,13,40 to 44,1551.124388497221,43
13084,117,Saint Vincent and the Grenadines,13,40 to 44,1551.124388497221,44
13085,117,Saint Vincent and the Grenadines,14,45 to 49,1489.887426695211,45
13085,117,Saint Vincent and the Grenadines,14,45 to 49,1489.887426695211,46
13085,117,Saint Vincent and the Grenadines,14,45 to 49,1489.887426695211,47
13085,117,Saint Vincent and the Grenadines,14,45 to 49,1489.887426695211,48
13085,117,Saint Vincent and the Grenadines,14,45 to 49,1489.887426695211,49
13086,117,Saint Vincent and the Grenadines,15,50 to 54,1433.3811628675992,50
13086,117,Saint Vincent and the Grenadines,15,50 to 54,1433.3811628675992,51
13086,117,Saint Vincent and the Grenadines,15,50 to 54,1433.3811628675992,52
13086,117,Saint Vincent and the Grenadines,15,50 to 54,1433.3811628675992,53
13086,117,Saint Vincent and the Grenadines,15,50 to 54,1433.3811628675992,54
13087,117,Saint Vincent and the Grenadines,16,55 to 59,1329.2771740998205,55
13087,117,Saint Vincent and the Grenadines,16,55 to 59,1329.2771740998205,56
13087,117,Saint Vincent and the Grenadines,16,55 to 59,1329.2771740998205,57
13087,117,Saint Vincent and the Grenadines,16,55 to 59,1329.2771740998205,58
13087,117,Saint Vincent and the Grenadines,16,55 to 59,1329.2771740998205,59
13088,117,Saint Vincent and the Grenadines,17,60 to 64,1124.6457439665137,60
13088,117,Saint Vincent and the Grenadines,17,60 to 64,1124.6457439665137,61
13088,117,Saint Vincent and the Grenadines,17,60 to 64,1124.6457439665137,62
13088,117,Saint Vincent and the Grenadines,17,60 to 64,1124.6457439665137,63
13088,117,Saint Vincent and the Grenadines,17,60 to 64,1124.6457439665137,64
13089,117,Saint Vincent and the Grenadines,18,65 to 69,802.6616330586826,65
13089,117,Saint Vincent and the Grenadines,18,65 to 69,802.6616330586826,66
13089,117,Saint Vincent and the Grenadines,18,65 to 69,802.6616330586826,67
13089,117,Saint Vincent and the Grenadines,18,65 to 69,802.6616330586826,68
13089,117,Saint Vincent and the Grenadines,18,65 to 69,802.6616330586826,69
13090,117,Saint Vincent and the Grenadines,19,70 to 74,597.2901074603755,70
13090,117,Saint Vincent and the Grenadines,19,70 to 74,597.2901074603755,71
13090,117,Saint Vincent and the Grenadines,19,70 to 74,597.2901074603755,72
13090,117,Saint Vincent and the Grenadines,19,70 to 74,597.2901074603755,73
13090,117,Saint Vincent and the Grenadines,19,70 to 74,597.2901074603755,74
13091,117,Saint Vincent and the Grenadines,20,75 to 79,419.4165077144494,75
13091,117,Saint Vincent and the Grenadines,20,75 to 79,419.4165077144494,76
13091,117,Saint Vincent and the Grenadines,20,75 to 79,419.4165077144494,77
13091,117,Saint Vincent and the Grenadines,20,75 to 79,419.4165077144494,78
13091,117,Saint Vincent and the Grenadines,20,75 to 79,419.4165077144494,79
13099,117,Saint Vincent and the Grenadines,30,80 to 84,294.22961809910936,80
13099,117,Saint Vincent and the Grenadines,30,80 to 84,294.22961809910936,81
13099,117,Saint Vincent and the Grenadines,30,80 to 84,294.22961809910936,82
13099,117,Saint Vincent and the Grenadines,30,80 to 84,294.22961809910936,83
13099,117,Saint Vincent and the Grenadines,30,80 to 84,294.22961809910936,84
13100,117,Saint Vincent and the Grenadines,31,85 to 89,140.02323004234287,85
13100,117,Saint Vincent and the Grenadines,31,85 to 89,140.02323004234287,86
13100,117,Saint Vincent and the Grenadines,31,85 to 89,140.02323004234287,87
13100,117,Saint Vincent and the Grenadines,31,85 to 89,140.02323004234287,88
13100,117,Saint Vincent and the Grenadines,31,85 to 89,140.02323004234287,89
13101,117,Saint Vincent and the Grenadines,32,90 to 94,41.78801748009064,90
13101,117,Saint Vincent and the Grenadines,32,90 to 94,41.78801748009064,91
13101,117,Saint Vincent and the Grenadines,32,90 to 94,41.78801748009064,92
13101,117,Saint Vincent and the Grenadines,32,90 to 94,41.78801748009064,93
13101,117,Saint Vincent and the Grenadines,32,90 to 94,41.78801748009064,94
13109,117,Saint Vincent and the Grenadines,235,95 plus,7.4191083159695355,95
13109,117,Saint Vincent and the Grenadines,235,95 plus,7.4191083159695355,96
13109,117,Saint Vincent and the Grenadines,235,95 plus,7.4191083159695355,97
13109,117,Saint Vincent and the Grenadines,235,95 plus,7.4191083159695355,98
13109,117,Saint Vincent and the Grenadines,235,95 plus,7.4191083159695355,99
13109,117,Saint Vincent and the Grenadines,235,95 plus,7.4191083159695355,100
13196,118,Suriname,11,30 to 34,8364.702944890623,30
13196,118,Suriname,11,30 to 34,8364.702944890623,31
13196,118,Suriname,11,30 to 34,8364.702944890623,32
13196,118,Suriname,11,30 to 34,8364.702944890623,33
13196,118,Suriname,11,30 to 34,8364.702944890623,34
13197,118,Suriname,12,35 to 39,7858.21047229265,35
13197,118,Suriname,12,35 to 39,7858.21047229265,36
13197,118,Suriname,12,35 to 39,7858.21047229265,37
13197,118,Suriname,12,35 to 39,7858.21047229265,38
13197,118,Suriname,12,35 to 39,7858.21047229265,39
13198,118,Suriname,13,40 to 44,7289.769020118378,40
13198,118,Suriname,13,40 to 44,7289.769020118378,41
13198,118,Suriname,13,40 to 44,7289.769020118378,42
13198,118,Suriname,13,40 to 44,7289.769020118378,43
13198,118,Suriname,13,40 to 44,7289.769020118378,44
13199,118,Suriname,14,45 to 49,7399.639672052278,45
13199,118,Suriname,14,45 to 49,7399.639672052278,46
13199,118,Suriname,14,45 to 49,7399.639672052278,47
13199,118,Suriname,14,45 to 49,7399.639672052278,48
13199,118,Suriname,14,45 to 49,7399.639672052278,49
13200,118,Suriname,15,50 to 54,7385.648134987964,50
13200,118,Suriname,15,50 to 54,7385.648134987964,51
13200,118,Suriname,15,50 to 54,7385.648134987964,52
13200,118,Suriname,15,50 to 54,7385.648134987964,53
13200,118,Suriname,15,50 to 54,7385.648134987964,54
13201,118,Suriname,16,55 to 59,6374.8851240320955,55
13201,118,Suriname,16,55 to 59,6374.8851240320955,56
13201,118,Suriname,16,55 to 59,6374.8851240320955,57
13201,118,Suriname,16,55 to 59,6374.8851240320955,58
13201,118,Suriname,16,55 to 59,6374.8851240320955,59
13202,118,Suriname,17,60 to 64,4780.25083437711,60
13202,118,Suriname,17,60 to 64,4780.25083437711,61
13202,118,Suriname,17,60 to 64,4780.25083437711,62
13202,118,Suriname,17,60 to 64,4780.25083437711,63
13202,118,Suriname,17,60 to 64,4780.25083437711,64
13203,118,Suriname,18,65 to 69,3365.880916073792,65
13203,118,Suriname,18,65 to 69,3365.880916073792,66
13203,118,Suriname,18,65 to 69,3365.880916073792,67
13203,118,Suriname,18,65 to 69,3365.880916073792,68
13203,118,Suriname,18,65 to 69,3365.880916073792,69
13204,118,Suriname,19,70 to 74,2487.679138455088,70
13204,118,Suriname,19,70 to 74,2487.679138455088,71
13204,118,Suriname,19,70 to 74,2487.679138455088,72
13204,118,Suriname,19,70 to 74,2487.679138455088,73
13204,118,Suriname,19,70 to 74,2487.679138455088,74
13205,118,Suriname,20,75 to 79,1790.3311377740229,75
13205,118,Suriname,20,75 to 79,1790.3311377740229,76
13205,118,Suriname,20,75 to 79,1790.3311377740229,77
13205,118,Suriname,20,75 to 79,1790.3311377740229,78
13205,118,Suriname,20,75 to 79,1790.3311377740229,79
13213,118,Suriname,30,80 to 84,1127.869893783767,80
13213,118,Suriname,30,80 to 84,1127.869893783767,81
13213,118,Suriname,30,80 to 84,1127.869893783767,82
13213,118,Suriname,30,80 to 84,1127.869893783767,83
13213,118,Suriname,30,80 to 84,1127.869893783767,84
13214,118,Suriname,31,85 to 89,569.4657401454099,85
13214,118,Suriname,31,85 to 89,569.4657401454099,86
13214,118,Suriname,31,85 to 89,569.4657401454099,87
13214,118,Suriname,31,85 to 89,569.4657401454099,88
13214,118,Suriname,31,85 to 89,569.4657401454099,89
13215,118,Suriname,32,90 to 94,231.49800913479135,90
13215,118,Suriname,32,90 to 94,231.49800913479135,91
13215,118,Suriname,32,90 to 94,231.49800913479135,92
13215,118,Suriname,32,90 to 94,231.49800913479135,93
13215,118,Suriname,32,90 to 94,231.49800913479135,94
13223,118,Suriname,235,95 plus,78.16771508535848,95
13223,118,Suriname,235,95 plus,78.16771508535848,96
13223,118,Suriname,235,95 plus,78.16771508535848,97
13223,118,Suriname,235,95 plus,78.16771508535848,98
13223,118,Suriname,235,95 plus,78.16771508535848,99
13223,118,Suriname,235,95 plus,78.16771508535848,100
13310,119,Trinidad and Tobago,11,30 to 34,23413.094173549245,30
13310,119,Trinidad and Tobago,11,30 to 34,23413.094173549245,31
13310,119,Trinidad and Tobago,11,30 to 34,23413.094173549245,32
13310,119,Trinidad and Tobago,11,30 to 34,23413.094173549245,33
13310,119,Trinidad and Tobago,11,30 to 34,23413.094173549245,34
13311,119,Trinidad and Tobago,12,35 to 39,23309.642267550975,35
13311,119,Trinidad and Tobago,12,35 to 39,23309.642267550975,36
13311,119,Trinidad and Tobago,12,35 to 39,23309.642267550975,37
13311,119,Trinidad and Tobago,12,35 to 39,23309.642267550975,38
13311,119,Trinidad and Tobago,12,35 to 39,23309.642267550975,39
13312,119,Trinidad and Tobago,13,40 to 44,19442.79073323697,40
13312,119,Trinidad and Tobago,13,40 to 44,19442.79073323697,41
13312,119,Trinidad and Tobago,13,40 to 44,19442.79073323697,42
13312,119,Trinidad and Tobago,13,40 to 44,19442.79073323697,43
13312,119,Trinidad and Tobago,13,40 to 44,19442.79073323697,44
13313,119,Trinidad and Tobago,14,45 to 49,17375.469262133643,45
13313,119,Trinidad and Tobago,14,45 to 49,17375.469262133643,46
13313,119,Trinidad and Tobago,14,45 to 49,17375.469262133643,47
13313,119,Trinidad and Tobago,14,45 to 49,17375.469262133643,48
13313,119,Trinidad and Tobago,14,45 to 49,17375.469262133643,49
13314,119,Trinidad and Tobago,15,50 to 54,17333.675604425236,50
13314,119,Trinidad and Tobago,15,50 to 54,17333.675604425236,51
13314,119,Trinidad and Tobago,15,50 to 54,17333.675604425236,52
13314,119,Trinidad and Tobago,15,50 to 54,17333.675604425236,53
13314,119,Trinidad and Tobago,15,50 to 54,17333.675604425236,54
13315,119,Trinidad and Tobago,16,55 to 59,18135.521129409426,55
13315,119,Trinidad and Tobago,16,55 to 59,18135.521129409426,56
13315,119,Trinidad and Tobago,16,55 to 59,18135.521129409426,57
13315,119,Trinidad and Tobago,16,55 to 59,18135.521129409426,58
13315,119,Trinidad and Tobago,16,55 to 59,18135.521129409426,59
13316,119,Trinidad and Tobago,17,60 to 64,15387.301710519649,60
13316,119,Trinidad and Tobago,17,60 to 64,15387.301710519649,61
13316,119,Trinidad and Tobago,17,60 to 64,15387.301710519649,62
13316,119,Trinidad and Tobago,17,60 to 64,15387.301710519649,63
13316,119,Trinidad and Tobago,17,60 to 64,15387.301710519649,64
13317,119,Trinidad and Tobago,18,65 to 69,12458.02068983277,65
13317,119,Trinidad and Tobago,18,65 to 69,12458.02068983277,66
13317,119,Trinidad and Tobago,18,65 to 69,12458.02068983277,67
13317,119,Trinidad and Tobago,18,65 to 69,12458.02068983277,68
13317,119,Trinidad and Tobago,18,65 to 69,12458.02068983277,69
13318,119,Trinidad and Tobago,19,70 to 74,8950.055126450088,70
13318,119,Trinidad and Tobago,19,70 to 74,8950.055126450088,71
13318,119,Trinidad and Tobago,19,70 to 74,8950.055126450088,72
13318,119,Trinidad and Tobago,19,70 to 74,8950.055126450088,73
13318,119,Trinidad and Tobago,19,70 to 74,8950.055126450088,74
13319,119,Trinidad and Tobago,20,75 to 79,5604.92503557887,75
13319,119,Trinidad and Tobago,20,75 to 79,5604.92503557887,76
13319,119,Trinidad and Tobago,20,75 to 79,5604.92503557887,77
13319,119,Trinidad and Tobago,20,75 to 79,5604.92503557887,78
13319,119,Trinidad and Tobago,20,75 to 79,5604.92503557887,79
13327,119,Trinidad and Tobago,30,80 to 84,3402.4872461135287,80
13327,119,Trinidad and Tobago,30,80 to 84,3402.4872461135287,81
13327,119,Trinidad and Tobago,30,80 to 84,3402.4872461135287,82
13327,119,Trinidad and Tobago,30,80 to 84,3402.4872461135287,83
13327,119,Trinidad and Tobago,30,80 to 84,3402.4872461135287,84
13328,119,Trinidad and Tobago,31,85 to 89,1785.9688488439133,85
13328,119,Trinidad and Tobago,31,85 to 89,1785.9688488439133,86
13328,119,Trinidad and Tobago,31,85 to 89,1785.9688488439133,87
13328,119,Trinidad and Tobago,31,85 to 89,1785.9688488439133,88
13328,119,Trinidad and Tobago,31,85 to 89,1785.9688488439133,89
13329,119,Trinidad and Tobago,32,90 to 94,780.1334064187686,90
13329,119,Trinidad and Tobago,32,90 to 94,780.1334064187686,91
13329,119,Trinidad and Tobago,32,90 to 94,780.1334064187686,92
13329,119,Trinidad and Tobago,32,90 to 94,780.1334064187686,93
13329,119,Trinidad and Tobago,32,90 to 94,780.1334064187686,94
13337,119,Trinidad and Tobago,235,95 plus,294.7889950028275,95
13337,119,Trinidad and Tobago,235,95 plus,294.7889950028275,96
13337,119,Trinidad and Tobago,235,95 plus,294.7889950028275,97
13337,119,Trinidad and Tobago,235,95 plus,294.7889950028275,98
13337,119,Trinidad and Tobago,235,95 plus,294.7889950028275,99
13337,119,Trinidad and Tobago,235,95 plus,294.7889950028275,100
13538,121,Bolivia (Plurinational State of),11,30 to 34,178358.42868592803,30
13538,121,Bolivia (Plurinational State of),11,30 to 34,178358.42868592803,31
13538,121,Bolivia (Plurinational State of),11,30 to 34,178358.42868592803,32
13538,121,Bolivia (Plurinational State of),11,30 to 34,178358.42868592803,33
13538,121,Bolivia (Plurinational State of),11,30 to 34,178358.42868592803,34
13539,121,Bolivia (Plurinational State of),12,35 to 39,158214.22210328205,35
13539,121,Bolivia (Plurinational State of),12,35 to 39,158214.22210328205,36
13539,121,Bolivia (Plurinational State of),12,35 to 39,158214.22210328205,37
13539,121,Bolivia (Plurinational State of),12,35 to 39,158214.22210328205,38
13539,121,Bolivia (Plurinational State of),12,35 to 39,158214.22210328205,39
13540,121,Bolivia (Plurinational State of),13,40 to 44,139236.20741211623,40
13540,121,Bolivia (Plurinational State of),13,40 to 44,139236.20741211623,41
13540,121,Bolivia (Plurinational State of),13,40 to 44,139236.20741211623,42
13540,121,Bolivia (Plurinational State of),13,40 to 44,139236.20741211623,43
13540,121,Bolivia (Plurinational State of),13,40 to 44,139236.20741211623,44
13541,121,Bolivia (Plurinational State of),14,45 to 49,115460.68122490545,45
13541,121,Bolivia (Plurinational State of),14,45 to 49,115460.68122490545,46
13541,121,Bolivia (Plurinational State of),14,45 to 49,115460.68122490545,47
13541,121,Bolivia (Plurinational State of),14,45 to 49,115460.68122490545,48
13541,121,Bolivia (Plurinational State of),14,45 to 49,115460.68122490545,49
13542,121,Bolivia (Plurinational State of),15,50 to 54,97043.80781621594,50
13542,121,Bolivia (Plurinational State of),15,50 to 54,97043.80781621594,51
13542,121,Bolivia (Plurinational State of),15,50 to 54,97043.80781621594,52
13542,121,Bolivia (Plurinational State of),15,50 to 54,97043.80781621594,53
13542,121,Bolivia (Plurinational State of),15,50 to 54,97043.80781621594,54
13543,121,Bolivia (Plurinational State of),16,55 to 59,83188.34564716333,55
13543,121,Bolivia (Plurinational State of),16,55 to 59,83188.34564716333,56
13543,121,Bolivia (Plurinational State of),16,55 to 59,83188.34564716333,57
13543,121,Bolivia (Plurinational State of),16,55 to 59,83188.34564716333,58
13543,121,Bolivia (Plurinational State of),16,55 to 59,83188.34564716333,59
13544,121,Bolivia (Plurinational State of),17,60 to 64,69392.96199989357,60
13544,121,Bolivia (Plurinational State of),17,60 to 64,69392.96199989357,61
13544,121,Bolivia (Plurinational State of),17,60 to 64,69392.96199989357,62
13544,121,Bolivia (Plurinational State of),17,60 to 64,69392.96199989357,63
13544,121,Bolivia (Plurinational State of),17,60 to 64,69392.96199989357,64
13545,121,Bolivia (Plurinational State of),18,65 to 69,54959.297149002494,65
13545,121,Bolivia (Plurinational State of),18,65 to 69,54959.297149002494,66
13545,121,Bolivia (Plurinational State of),18,65 to 69,54959.297149002494,67
13545,121,Bolivia (Plurinational State of),18,65 to 69,54959.297149002494,68
13545,121,Bolivia (Plurinational State of),18,65 to 69,54959.297149002494,69
13546,121,Bolivia (Plurinational State of),19,70 to 74,40215.258903994,70
13546,121,Bolivia (Plurinational State of),19,70 to 74,40215.258903994,71
13546,121,Bolivia (Plurinational State of),19,70 to 74,40215.258903994,72
13546,121,Bolivia (Plurinational State of),19,70 to 74,40215.258903994,73
13546,121,Bolivia (Plurinational State of),19,70 to 74,40215.258903994,74
13547,121,Bolivia (Plurinational State of),20,75 to 79,26586.659198471996,75
13547,121,Bolivia (Plurinational State of),20,75 to 79,26586.659198471996,76
13547,121,Bolivia (Plurinational State of),20,75 to 79,26586.659198471996,77
13547,121,Bolivia (Plurinational State of),20,75 to 79,26586.659198471996,78
13547,121,Bolivia (Plurinational State of),20,75 to 79,26586.659198471996,79
13555,121,Bolivia (Plurinational State of),30,80 to 84,14640.616036747999,80
13555,121,Bolivia (Plurinational State of),30,80 to 84,14640.616036747999,81
13555,121,Bolivia (Plurinational State of),30,80 to 84,14640.616036747999,82
13555,121,Bolivia (Plurinational State of),30,80 to 84,14640.616036747999,83
13555,121,Bolivia (Plurinational State of),30,80 to 84,14640.616036747999,84
13556,121,Bolivia (Plurinational State of),31,85 to 89,6785.088878822845,85
13556,121,Bolivia (Plurinational State of),31,85 to 89,6785.088878822845,86
13556,121,Bolivia (Plurinational State of),31,85 to 89,6785.088878822845,87
13556,121,Bolivia (Plurinational State of),31,85 to 89,6785.088878822845,88
13556,121,Bolivia (Plurinational State of),31,85 to 89,6785.088878822845,89
13557,121,Bolivia (Plurinational State of),32,90 to 94,2167.39760002514,90
13557,121,Bolivia (Plurinational State of),32,90 to 94,2167.39760002514,91
13557,121,Bolivia (Plurinational State of),32,90 to 94,2167.39760002514,92
13557,121,Bolivia (Plurinational State of),32,90 to 94,2167.39760002514,93
13557,121,Bolivia (Plurinational State of),32,90 to 94,2167.39760002514,94
13565,121,Bolivia (Plurinational State of),235,95 plus,411.28024429461965,95
13565,121,Bolivia (Plurinational State of),235,95 plus,411.28024429461965,96
13565,121,Bolivia (Plurinational State of),235,95 plus,411.28024429461965,97
13565,121,Bolivia (Plurinational State of),235,95 plus,411.28024429461965,98
13565,121,Bolivia (Plurinational State of),235,95 plus,411.28024429461965,99
13565,121,Bolivia (Plurinational State of),235,95 plus,411.28024429461965,100
13652,122,Ecuador,11,30 to 34,260326.98008187147,30
13652,122,Ecuador,11,30 to 34,260326.98008187147,31
13652,122,Ecuador,11,30 to 34,260326.98008187147,32
13652,122,Ecuador,11,30 to 34,260326.98008187147,33
13652,122,Ecuador,11,30 to 34,260326.98008187147,34
13653,122,Ecuador,12,35 to 39,240313.41114054126,35
13653,122,Ecuador,12,35 to 39,240313.41114054126,36
13653,122,Ecuador,12,35 to 39,240313.41114054126,37
13653,122,Ecuador,12,35 to 39,240313.41114054126,38
13653,122,Ecuador,12,35 to 39,240313.41114054126,39
13654,122,Ecuador,13,40 to 44,211551.09774673372,40
13654,122,Ecuador,13,40 to 44,211551.09774673372,41
13654,122,Ecuador,13,40 to 44,211551.09774673372,42
13654,122,Ecuador,13,40 to 44,211551.09774673372,43
13654,122,Ecuador,13,40 to 44,211551.09774673372,44
13655,122,Ecuador,14,45 to 49,184691.533388327,45
13655,122,Ecuador,14,45 to 49,184691.533388327,46
13655,122,Ecuador,14,45 to 49,184691.533388327,47
13655,122,Ecuador,14,45 to 49,184691.533388327,48
13655,122,Ecuador,14,45 to 49,184691.533388327,49
13656,122,Ecuador,15,50 to 54,160258.08006819006,50
13656,122,Ecuador,15,50 to 54,160258.08006819006,51
13656,122,Ecuador,15,50 to 54,160258.08006819006,52
13656,122,Ecuador,15,50 to 54,160258.08006819006,53
13656,122,Ecuador,15,50 to 54,160258.08006819006,54
13657,122,Ecuador,16,55 to 59,141604.8388695691,55
13657,122,Ecuador,16,55 to 59,141604.8388695691,56
13657,122,Ecuador,16,55 to 59,141604.8388695691,57
13657,122,Ecuador,16,55 to 59,141604.8388695691,58
13657,122,Ecuador,16,55 to 59,141604.8388695691,59
13658,122,Ecuador,17,60 to 64,112534.6943866482,60
13658,122,Ecuador,17,60 to 64,112534.6943866482,61
13658,122,Ecuador,17,60 to 64,112534.6943866482,62
13658,122,Ecuador,17,60 to 64,112534.6943866482,63
13658,122,Ecuador,17,60 to 64,112534.6943866482,64
13659,122,Ecuador,18,65 to 69,89811.22275556986,65
13659,122,Ecuador,18,65 to 69,89811.22275556986,66
13659,122,Ecuador,18,65 to 69,89811.22275556986,67
13659,122,Ecuador,18,65 to 69,89811.22275556986,68
13659,122,Ecuador,18,65 to 69,89811.22275556986,69
13660,122,Ecuador,19,70 to 74,68810.6186840223,70
13660,122,Ecuador,19,70 to 74,68810.6186840223,71
13660,122,Ecuador,19,70 to 74,68810.6186840223,72
13660,122,Ecuador,19,70 to 74,68810.6186840223,73
13660,122,Ecuador,19,70 to 74,68810.6186840223,74
13661,122,Ecuador,20,75 to 79,48235.988231496296,75
13661,122,Ecuador,20,75 to 79,48235.988231496296,76
13661,122,Ecuador,20,75 to 79,48235.988231496296,77
13661,122,Ecuador,20,75 to 79,48235.988231496296,78
13661,122,Ecuador,20,75 to 79,48235.988231496296,79
13669,122,Ecuador,30,80 to 84,29722.254866165058,80
13669,122,Ecuador,30,80 to 84,29722.254866165058,81
13669,122,Ecuador,30,80 to 84,29722.254866165058,82
13669,122,Ecuador,30,80 to 84,29722.254866165058,83
13669,122,Ecuador,30,80 to 84,29722.254866165058,84
13670,122,Ecuador,31,85 to 89,15444.189226432529,85
13670,122,Ecuador,31,85 to 89,15444.189226432529,86
13670,122,Ecuador,31,85 to 89,15444.189226432529,87
13670,122,Ecuador,31,85 to 89,15444.189226432529,88
13670,122,Ecuador,31,85 to 89,15444.189226432529,89
13671,122,Ecuador,32,90 to 94,5269.380894914853,90
13671,122,Ecuador,32,90 to 94,5269.380894914853,91
13671,122,Ecuador,32,90 to 94,5269.380894914853,92
13671,122,Ecuador,32,90 to 94,5269.380894914853,93
13671,122,Ecuador,32,90 to 94,5269.380894914853,94
13679,122,Ecuador,235,95 plus,659.6105005836095,95
13679,122,Ecuador,235,95 plus,659.6105005836095,96
13679,122,Ecuador,235,95 plus,659.6105005836095,97
13679,122,Ecuador,235,95 plus,659.6105005836095,98
13679,122,Ecuador,235,95 plus,659.6105005836095,99
13679,122,Ecuador,235,95 plus,659.6105005836095,100
13766,123,Peru,11,30 to 34,522549.48543535464,30
13766,123,Peru,11,30 to 34,522549.48543535464,31
13766,123,Peru,11,30 to 34,522549.48543535464,32
13766,123,Peru,11,30 to 34,522549.48543535464,33
13766,123,Peru,11,30 to 34,522549.48543535464,34
13767,123,Peru,12,35 to 39,491470.6456912606,35
13767,123,Peru,12,35 to 39,491470.6456912606,36
13767,123,Peru,12,35 to 39,491470.6456912606,37
13767,123,Peru,12,35 to 39,491470.6456912606,38
13767,123,Peru,12,35 to 39,491470.6456912606,39
13768,123,Peru,13,40 to 44,447280.9015389301,40
13768,123,Peru,13,40 to 44,447280.9015389301,41
13768,123,Peru,13,40 to 44,447280.9015389301,42
13768,123,Peru,13,40 to 44,447280.9015389301,43
13768,123,Peru,13,40 to 44,447280.9015389301,44
13769,123,Peru,14,45 to 49,391379.9400639216,45
13769,123,Peru,14,45 to 49,391379.9400639216,46
13769,123,Peru,14,45 to 49,391379.9400639216,47
13769,123,Peru,14,45 to 49,391379.9400639216,48
13769,123,Peru,14,45 to 49,391379.9400639216,49
13770,123,Peru,15,50 to 54,342225.492313626,50
13770,123,Peru,15,50 to 54,342225.492313626,51
13770,123,Peru,15,50 to 54,342225.492313626,52
13770,123,Peru,15,50 to 54,342225.492313626,53
13770,123,Peru,15,50 to 54,342225.492313626,54
13771,123,Peru,16,55 to 59,285977.8141114308,55
13771,123,Peru,16,55 to 59,285977.8141114308,56
13771,123,Peru,16,55 to 59,285977.8141114308,57
13771,123,Peru,16,55 to 59,285977.8141114308,58
13771,123,Peru,16,55 to 59,285977.8141114308,59
13772,123,Peru,17,60 to 64,229148.7444287641,60
13772,123,Peru,17,60 to 64,229148.7444287641,61
13772,123,Peru,17,60 to 64,229148.7444287641,62
13772,123,Peru,17,60 to 64,229148.7444287641,63
13772,123,Peru,17,60 to 64,229148.7444287641,64
13773,123,Peru,18,65 to 69,180925.96442674327,65
13773,123,Peru,18,65 to 69,180925.96442674327,66
13773,123,Peru,18,65 to 69,180925.96442674327,67
13773,123,Peru,18,65 to 69,180925.96442674327,68
13773,123,Peru,18,65 to 69,180925.96442674327,69
13774,123,Peru,19,70 to 74,136975.70015855948,70
13774,123,Peru,19,70 to 74,136975.70015855948,71
13774,123,Peru,19,70 to 74,136975.70015855948,72
13774,123,Peru,19,70 to 74,136975.70015855948,73
13774,123,Peru,19,70 to 74,136975.70015855948,74
13775,123,Peru,20,75 to 79,98320.1279317176,75
13775,123,Peru,20,75 to 79,98320.1279317176,76
13775,123,Peru,20,75 to 79,98320.1279317176,77
13775,123,Peru,20,75 to 79,98320.1279317176,78
13775,123,Peru,20,75 to 79,98320.1279317176,79
13783,123,Peru,30,80 to 84,66450.88290288525,80
13783,123,Peru,30,80 to 84,66450.88290288525,81
13783,123,Peru,30,80 to 84,66450.88290288525,82
13783,123,Peru,30,80 to 84,66450.88290288525,83
13783,123,Peru,30,80 to 84,66450.88290288525,84
13784,123,Peru,31,85 to 89,42409.16910468989,85
13784,123,Peru,31,85 to 89,42409.16910468989,86
13784,123,Peru,31,85 to 89,42409.16910468989,87
13784,123,Peru,31,85 to 89,42409.16910468989,88
13784,123,Peru,31,85 to 89,42409.16910468989,89
13785,123,Peru,32,90 to 94,18425.081567088855,90
13785,123,Peru,32,90 to 94,18425.081567088855,91
13785,123,Peru,32,90 to 94,18425.081567088855,92
13785,123,Peru,32,90 to 94,18425.081567088855,93
13785,123,Peru,32,90 to 94,18425.081567088855,94
13793,123,Peru,235,95 plus,5602.357680583126,95
13793,123,Peru,235,95 plus,5602.357680583126,96
13793,123,Peru,235,95 plus,5602.357680583126,97
13793,123,Peru,235,95 plus,5602.357680583126,98
13793,123,Peru,235,95 plus,5602.357680583126,99
13793,123,Peru,235,95 plus,5602.357680583126,100
13994,125,Colombia,11,30 to 34,715186.1623161085,30
13994,125,Colombia,11,30 to 34,715186.1623161085,31
13994,125,Colombia,11,30 to 34,715186.1623161085,32
13994,125,Colombia,11,30 to 34,715186.1623161085,33
13994,125,Colombia,11,30 to 34,715186.1623161085,34
13995,125,Colombia,12,35 to 39,691395.8193512466,35
13995,125,Colombia,12,35 to 39,691395.8193512466,36
13995,125,Colombia,12,35 to 39,691395.8193512466,37
13995,125,Colombia,12,35 to 39,691395.8193512466,38
13995,125,Colombia,12,35 to 39,691395.8193512466,39
13996,125,Colombia,13,40 to 44,596627.7688698672,40
13996,125,Colombia,13,40 to 44,596627.7688698672,41
13996,125,Colombia,13,40 to 44,596627.7688698672,42
13996,125,Colombia,13,40 to 44,596627.7688698672,43
13996,125,Colombia,13,40 to 44,596627.7688698672,44
13997,125,Colombia,14,45 to 49,558222.9325166789,45
13997,125,Colombia,14,45 to 49,558222.9325166789,46
13997,125,Colombia,14,45 to 49,558222.9325166789,47
13997,125,Colombia,14,45 to 49,558222.9325166789,48
13997,125,Colombia,14,45 to 49,558222.9325166789,49
13998,125,Colombia,15,50 to 54,551819.4590039433,50
13998,125,Colombia,15,50 to 54,551819.4590039433,51
13998,125,Colombia,15,50 to 54,551819.4590039433,52
13998,125,Colombia,15,50 to 54,551819.4590039433,53
13998,125,Colombia,15,50 to 54,551819.4590039433,54
13999,125,Colombia,16,55 to 59,494871.5178190805,55
13999,125,Colombia,16,55 to 59,494871.5178190805,56
13999,125,Colombia,16,55 to 59,494871.5178190805,57
13999,125,Colombia,16,55 to 59,494871.5178190805,58
13999,125,Colombia,16,55 to 59,494871.5178190805,59
14000,125,Colombia,17,60 to 64,400264.87747380126,60
14000,125,Colombia,17,60 to 64,400264.87747380126,61
14000,125,Colombia,17,60 to 64,400264.87747380126,62
14000,125,Colombia,17,60 to 64,400264.87747380126,63
14000,125,Colombia,17,60 to 64,400264.87747380126,64
14001,125,Colombia,18,65 to 69,304476.85557854467,65
14001,125,Colombia,18,65 to 69,304476.85557854467,66
14001,125,Colombia,18,65 to 69,304476.85557854467,67
14001,125,Colombia,18,65 to 69,304476.85557854467,68
14001,125,Colombia,18,65 to 69,304476.85557854467,69
14002,125,Colombia,19,70 to 74,224043.85334353877,70
14002,125,Colombia,19,70 to 74,224043.85334353877,71
14002,125,Colombia,19,70 to 74,224043.85334353877,72
14002,125,Colombia,19,70 to 74,224043.85334353877,73
14002,125,Colombia,19,70 to 74,224043.85334353877,74
14003,125,Colombia,20,75 to 79,160665.91342644542,75
14003,125,Colombia,20,75 to 79,160665.91342644542,76
14003,125,Colombia,20,75 to 79,160665.91342644542,77
14003,125,Colombia,20,75 to 79,160665.91342644542,78
14003,125,Colombia,20,75 to 79,160665.91342644542,79
14011,125,Colombia,30,80 to 84,116788.17902842871,80
14011,125,Colombia,30,80 to 84,116788.17902842871,81
14011,125,Colombia,30,80 to 84,116788.17902842871,82
14011,125,Colombia,30,80 to 84,116788.17902842871,83
14011,125,Colombia,30,80 to 84,116788.17902842871,84
14012,125,Colombia,31,85 to 89,70492.23501859195,85
14012,125,Colombia,31,85 to 89,70492.23501859195,86
14012,125,Colombia,31,85 to 89,70492.23501859195,87
14012,125,Colombia,31,85 to 89,70492.23501859195,88
14012,125,Colombia,31,85 to 89,70492.23501859195,89
14013,125,Colombia,32,90 to 94,33558.731151932276,90
14013,125,Colombia,32,90 to 94,33558.731151932276,91
14013,125,Colombia,32,90 to 94,33558.731151932276,92
14013,125,Colombia,32,90 to 94,33558.731151932276,93
14013,125,Colombia,32,90 to 94,33558.731151932276,94
14021,125,Colombia,235,95 plus,10890.035595956359,95
14021,125,Colombia,235,95 plus,10890.035595956359,96
14021,125,Colombia,235,95 plus,10890.035595956359,97
14021,125,Colombia,235,95 plus,10890.035595956359,98
14021,125,Colombia,235,95 plus,10890.035595956359,99
14021,125,Colombia,235,95 plus,10890.035595956359,100
14108,126,Costa Rica,11,30 to 34,79471.78004502368,30
14108,126,Costa Rica,11,30 to 34,79471.78004502368,31
14108,126,Costa Rica,11,30 to 34,79471.78004502368,32
14108,126,Costa Rica,11,30 to 34,79471.78004502368,33
14108,126,Costa Rica,11,30 to 34,79471.78004502368,34
14109,126,Costa Rica,12,35 to 39,71322.60216890162,35
14109,126,Costa Rica,12,35 to 39,71322.60216890162,36
14109,126,Costa Rica,12,35 to 39,71322.60216890162,37
14109,126,Costa Rica,12,35 to 39,71322.60216890162,38
14109,126,Costa Rica,12,35 to 39,71322.60216890162,39
14110,126,Costa Rica,13,40 to 44,61538.2039663451,40
14110,126,Costa Rica,13,40 to 44,61538.2039663451,41
14110,126,Costa Rica,13,40 to 44,61538.2039663451,42
14110,126,Costa Rica,13,40 to 44,61538.2039663451,43
14110,126,Costa Rica,13,40 to 44,61538.2039663451,44
14111,126,Costa Rica,14,45 to 49,54435.75374165749,45
14111,126,Costa Rica,14,45 to 49,54435.75374165749,46
14111,126,Costa Rica,14,45 to 49,54435.75374165749,47
14111,126,Costa Rica,14,45 to 49,54435.75374165749,48
14111,126,Costa Rica,14,45 to 49,54435.75374165749,49
14112,126,Costa Rica,15,50 to 54,54316.729589009155,50
14112,126,Costa Rica,15,50 to 54,54316.729589009155,51
14112,126,Costa Rica,15,50 to 54,54316.729589009155,52
14112,126,Costa Rica,15,50 to 54,54316.729589009155,53
14112,126,Costa Rica,15,50 to 54,54316.729589009155,54
14113,126,Costa Rica,16,55 to 59,49988.61467375384,55
14113,126,Costa Rica,16,55 to 59,49988.61467375384,56
14113,126,Costa Rica,16,55 to 59,49988.61467375384,57
14113,126,Costa Rica,16,55 to 59,49988.61467375384,58
14113,126,Costa Rica,16,55 to 59,49988.61467375384,59
14114,126,Costa Rica,17,60 to 64,40728.541142758804,60
14114,126,Costa Rica,17,60 to 64,40728.541142758804,61
14114,126,Costa Rica,17,60 to 64,40728.541142758804,62
14114,126,Costa Rica,17,60 to 64,40728.541142758804,63
14114,126,Costa Rica,17,60 to 64,40728.541142758804,64
14115,126,Costa Rica,18,65 to 69,30642.695562176854,65
14115,126,Costa Rica,18,65 to 69,30642.695562176854,66
14115,126,Costa Rica,18,65 to 69,30642.695562176854,67
14115,126,Costa Rica,18,65 to 69,30642.695562176854,68
14115,126,Costa Rica,18,65 to 69,30642.695562176854,69
14116,126,Costa Rica,19,70 to 74,22145.68278390116,70
14116,126,Costa Rica,19,70 to 74,22145.68278390116,71
14116,126,Costa Rica,19,70 to 74,22145.68278390116,72
14116,126,Costa Rica,19,70 to 74,22145.68278390116,73
14116,126,Costa Rica,19,70 to 74,22145.68278390116,74
14117,126,Costa Rica,20,75 to 79,15077.786177957405,75
14117,126,Costa Rica,20,75 to 79,15077.786177957405,76
14117,126,Costa Rica,20,75 to 79,15077.786177957405,77
14117,126,Costa Rica,20,75 to 79,15077.786177957405,78
14117,126,Costa Rica,20,75 to 79,15077.786177957405,79
14125,126,Costa Rica,30,80 to 84,10126.76218370727,80
14125,126,Costa Rica,30,80 to 84,10126.76218370727,81
14125,126,Costa Rica,30,80 to 84,10126.76218370727,82
14125,126,Costa Rica,30,80 to 84,10126.76218370727,83
14125,126,Costa Rica,30,80 to 84,10126.76218370727,84
14126,126,Costa Rica,31,85 to 89,6052.991456961575,85
14126,126,Costa Rica,31,85 to 89,6052.991456961575,86
14126,126,Costa Rica,31,85 to 89,6052.991456961575,87
14126,126,Costa Rica,31,85 to 89,6052.991456961575,88
14126,126,Costa Rica,31,85 to 89,6052.991456961575,89
14127,126,Costa Rica,32,90 to 94,2858.2133278600268,90
14127,126,Costa Rica,32,90 to 94,2858.2133278600268,91
14127,126,Costa Rica,32,90 to 94,2858.2133278600268,92
14127,126,Costa Rica,32,90 to 94,2858.2133278600268,93
14127,126,Costa Rica,32,90 to 94,2858.2133278600268,94
14135,126,Costa Rica,235,95 plus,1090.730379538592,95
14135,126,Costa Rica,235,95 plus,1090.730379538592,96
14135,126,Costa Rica,235,95 plus,1090.730379538592,97
14135,126,Costa Rica,235,95 plus,1090.730379538592,98
14135,126,Costa Rica,235,95 plus,1090.730379538592,99
14135,126,Costa Rica,235,95 plus,1090.730379538592,100
14222,127,El Salvador,11,30 to 34,86914.13018291655,30
14222,127,El Salvador,11,30 to 34,86914.13018291655,31
14222,127,El Salvador,11,30 to 34,86914.13018291655,32
14222,127,El Salvador,11,30 to 34,86914.13018291655,33
14222,127,El Salvador,11,30 to 34,86914.13018291655,34
14223,127,El Salvador,12,35 to 39,78760.7816288889,35
14223,127,El Salvador,12,35 to 39,78760.7816288889,36
14223,127,El Salvador,12,35 to 39,78760.7816288889,37
14223,127,El Salvador,12,35 to 39,78760.7816288889,38
14223,127,El Salvador,12,35 to 39,78760.7816288889,39
14224,127,El Salvador,13,40 to 44,75199.16238682761,40
14224,127,El Salvador,13,40 to 44,75199.16238682761,41
14224,127,El Salvador,13,40 to 44,75199.16238682761,42
14224,127,El Salvador,13,40 to 44,75199.16238682761,43
14224,127,El Salvador,13,40 to 44,75199.16238682761,44
14225,127,El Salvador,14,45 to 49,65662.29744533435,45
14225,127,El Salvador,14,45 to 49,65662.29744533435,46
14225,127,El Salvador,14,45 to 49,65662.29744533435,47
14225,127,El Salvador,14,45 to 49,65662.29744533435,48
14225,127,El Salvador,14,45 to 49,65662.29744533435,49
14226,127,El Salvador,15,50 to 54,57574.11557681057,50
14226,127,El Salvador,15,50 to 54,57574.11557681057,51
14226,127,El Salvador,15,50 to 54,57574.11557681057,52
14226,127,El Salvador,15,50 to 54,57574.11557681057,53
14226,127,El Salvador,15,50 to 54,57574.11557681057,54
14227,127,El Salvador,16,55 to 59,48753.66294831537,55
14227,127,El Salvador,16,55 to 59,48753.66294831537,56
14227,127,El Salvador,16,55 to 59,48753.66294831537,57
14227,127,El Salvador,16,55 to 59,48753.66294831537,58
14227,127,El Salvador,16,55 to 59,48753.66294831537,59
14228,127,El Salvador,17,60 to 64,40464.13769692281,60
14228,127,El Salvador,17,60 to 64,40464.13769692281,61
14228,127,El Salvador,17,60 to 64,40464.13769692281,62
14228,127,El Salvador,17,60 to 64,40464.13769692281,63
14228,127,El Salvador,17,60 to 64,40464.13769692281,64
14229,127,El Salvador,18,65 to 69,33280.48060875762,65
14229,127,El Salvador,18,65 to 69,33280.48060875762,66
14229,127,El Salvador,18,65 to 69,33280.48060875762,67
14229,127,El Salvador,18,65 to 69,33280.48060875762,68
14229,127,El Salvador,18,65 to 69,33280.48060875762,69
14230,127,El Salvador,19,70 to 74,26322.185135148342,70
14230,127,El Salvador,19,70 to 74,26322.185135148342,71
14230,127,El Salvador,19,70 to 74,26322.185135148342,72
14230,127,El Salvador,19,70 to 74,26322.185135148342,73
14230,127,El Salvador,19,70 to 74,26322.185135148342,74
14231,127,El Salvador,20,75 to 79,19861.801750528848,75
14231,127,El Salvador,20,75 to 79,19861.801750528848,76
14231,127,El Salvador,20,75 to 79,19861.801750528848,77
14231,127,El Salvador,20,75 to 79,19861.801750528848,78
14231,127,El Salvador,20,75 to 79,19861.801750528848,79
14239,127,El Salvador,30,80 to 84,13396.744953608222,80
14239,127,El Salvador,30,80 to 84,13396.744953608222,81
14239,127,El Salvador,30,80 to 84,13396.744953608222,82
14239,127,El Salvador,30,80 to 84,13396.744953608222,83
14239,127,El Salvador,30,80 to 84,13396.744953608222,84
14240,127,El Salvador,31,85 to 89,8296.61340896694,85
14240,127,El Salvador,31,85 to 89,8296.61340896694,86
14240,127,El Salvador,31,85 to 89,8296.61340896694,87
14240,127,El Salvador,31,85 to 89,8296.61340896694,88
14240,127,El Salvador,31,85 to 89,8296.61340896694,89
14241,127,El Salvador,32,90 to 94,3740.5196637704794,90
14241,127,El Salvador,32,90 to 94,3740.5196637704794,91
14241,127,El Salvador,32,90 to 94,3740.5196637704794,92
14241,127,El Salvador,32,90 to 94,3740.5196637704794,93
14241,127,El Salvador,32,90 to 94,3740.5196637704794,94
14249,127,El Salvador,235,95 plus,1631.0836756615438,95
14249,127,El Salvador,235,95 plus,1631.0836756615438,96
14249,127,El Salvador,235,95 plus,1631.0836756615438,97
14249,127,El Salvador,235,95 plus,1631.0836756615438,98
14249,127,El Salvador,235,95 plus,1631.0836756615438,99
14249,127,El Salvador,235,95 plus,1631.0836756615438,100
14336,128,Guatemala,11,30 to 34,267974.36819451756,30
14336,128,Guatemala,11,30 to 34,267974.36819451756,31
14336,128,Guatemala,11,30 to 34,267974.36819451756,32
14336,128,Guatemala,11,30 to 34,267974.36819451756,33
14336,128,Guatemala,11,30 to 34,267974.36819451756,34
14337,128,Guatemala,12,35 to 39,232717.2645143576,35
14337,128,Guatemala,12,35 to 39,232717.2645143576,36
14337,128,Guatemala,12,35 to 39,232717.2645143576,37
14337,128,Guatemala,12,35 to 39,232717.2645143576,38
14337,128,Guatemala,12,35 to 39,232717.2645143576,39
14338,128,Guatemala,13,40 to 44,187435.13656891824,40
14338,128,Guatemala,13,40 to 44,187435.13656891824,41
14338,128,Guatemala,13,40 to 44,187435.13656891824,42
14338,128,Guatemala,13,40 to 44,187435.13656891824,43
14338,128,Guatemala,13,40 to 44,187435.13656891824,44
14339,128,Guatemala,14,45 to 49,142643.94179573545,45
14339,128,Guatemala,14,45 to 49,142643.94179573545,46
14339,128,Guatemala,14,45 to 49,142643.94179573545,47
14339,128,Guatemala,14,45 to 49,142643.94179573545,48
14339,128,Guatemala,14,45 to 49,142643.94179573545,49
14340,128,Guatemala,15,50 to 54,114206.1505168135,50
14340,128,Guatemala,15,50 to 54,114206.1505168135,51
14340,128,Guatemala,15,50 to 54,114206.1505168135,52
14340,128,Guatemala,15,50 to 54,114206.1505168135,53
14340,128,Guatemala,15,50 to 54,114206.1505168135,54
14341,128,Guatemala,16,55 to 59,96711.58414836969,55
14341,128,Guatemala,16,55 to 59,96711.58414836969,56
14341,128,Guatemala,16,55 to 59,96711.58414836969,57
14341,128,Guatemala,16,55 to 59,96711.58414836969,58
14341,128,Guatemala,16,55 to 59,96711.58414836969,59
14342,128,Guatemala,17,60 to 64,79919.18628536606,60
14342,128,Guatemala,17,60 to 64,79919.18628536606,61
14342,128,Guatemala,17,60 to 64,79919.18628536606,62
14342,128,Guatemala,17,60 to 64,79919.18628536606,63
14342,128,Guatemala,17,60 to 64,79919.18628536606,64
14343,128,Guatemala,18,65 to 69,62864.72402275285,65
14343,128,Guatemala,18,65 to 69,62864.72402275285,66
14343,128,Guatemala,18,65 to 69,62864.72402275285,67
14343,128,Guatemala,18,65 to 69,62864.72402275285,68
14343,128,Guatemala,18,65 to 69,62864.72402275285,69
14344,128,Guatemala,19,70 to 74,47162.28912574118,70
14344,128,Guatemala,19,70 to 74,47162.28912574118,71
14344,128,Guatemala,19,70 to 74,47162.28912574118,72
14344,128,Guatemala,19,70 to 74,47162.28912574118,73
14344,128,Guatemala,19,70 to 74,47162.28912574118,74
14345,128,Guatemala,20,75 to 79,34030.68847503092,75
14345,128,Guatemala,20,75 to 79,34030.68847503092,76
14345,128,Guatemala,20,75 to 79,34030.68847503092,77
14345,128,Guatemala,20,75 to 79,34030.68847503092,78
14345,128,Guatemala,20,75 to 79,34030.68847503092,79
14353,128,Guatemala,30,80 to 84,27851.074570406192,80
14353,128,Guatemala,30,80 to 84,27851.074570406192,81
14353,128,Guatemala,30,80 to 84,27851.074570406192,82
14353,128,Guatemala,30,80 to 84,27851.074570406192,83
14353,128,Guatemala,30,80 to 84,27851.074570406192,84
14354,128,Guatemala,31,85 to 89,10272.502908415621,85
14354,128,Guatemala,31,85 to 89,10272.502908415621,86
14354,128,Guatemala,31,85 to 89,10272.502908415621,87
14354,128,Guatemala,31,85 to 89,10272.502908415621,88
14354,128,Guatemala,31,85 to 89,10272.502908415621,89
14355,128,Guatemala,32,90 to 94,2473.558556599983,90
14355,128,Guatemala,32,90 to 94,2473.558556599983,91
14355,128,Guatemala,32,90 to 94,2473.558556599983,92
14355,128,Guatemala,32,90 to 94,2473.558556599983,93
14355,128,Guatemala,32,90 to 94,2473.558556599983,94
14363,128,Guatemala,235,95 plus,221.59458447109316,95
14363,128,Guatemala,235,95 plus,221.59458447109316,96
14363,128,Guatemala,235,95 plus,221.59458447109316,97
14363,128,Guatemala,235,95 plus,221.59458447109316,98
14363,128,Guatemala,235,95 plus,221.59458447109316,99
14363,128,Guatemala,235,95 plus,221.59458447109316,100
14450,129,Honduras,11,30 to 34,140960.69641455967,30
14450,129,Honduras,11,30 to 34,140960.69641455967,31
14450,129,Honduras,11,30 to 34,140960.69641455967,32
14450,129,Honduras,11,30 to 34,140960.69641455967,33
14450,129,Honduras,11,30 to 34,140960.69641455967,34
14451,129,Honduras,12,35 to 39,120979.75575061589,35
14451,129,Honduras,12,35 to 39,120979.75575061589,36
14451,129,Honduras,12,35 to 39,120979.75575061589,37
14451,129,Honduras,12,35 to 39,120979.75575061589,38
14451,129,Honduras,12,35 to 39,120979.75575061589,39
14452,129,Honduras,13,40 to 44,104534.93380109538,40
14452,129,Honduras,13,40 to 44,104534.93380109538,41
14452,129,Honduras,13,40 to 44,104534.93380109538,42
14452,129,Honduras,13,40 to 44,104534.93380109538,43
14452,129,Honduras,13,40 to 44,104534.93380109538,44
14453,129,Honduras,14,45 to 49,85277.84787188018,45
14453,129,Honduras,14,45 to 49,85277.84787188018,46
14453,129,Honduras,14,45 to 49,85277.84787188018,47
14453,129,Honduras,14,45 to 49,85277.84787188018,48
14453,129,Honduras,14,45 to 49,85277.84787188018,49
14454,129,Honduras,15,50 to 54,68192.4149718703,50
14454,129,Honduras,15,50 to 54,68192.4149718703,51
14454,129,Honduras,15,50 to 54,68192.4149718703,52
14454,129,Honduras,15,50 to 54,68192.4149718703,53
14454,129,Honduras,15,50 to 54,68192.4149718703,54
14455,129,Honduras,16,55 to 59,56732.496782079106,55
14455,129,Honduras,16,55 to 59,56732.496782079106,56
14455,129,Honduras,16,55 to 59,56732.496782079106,57
14455,129,Honduras,16,55 to 59,56732.496782079106,58
14455,129,Honduras,16,55 to 59,56732.496782079106,59
14456,129,Honduras,17,60 to 64,45675.45195855675,60
14456,129,Honduras,17,60 to 64,45675.45195855675,61
14456,129,Honduras,17,60 to 64,45675.45195855675,62
14456,129,Honduras,17,60 to 64,45675.45195855675,63
14456,129,Honduras,17,60 to 64,45675.45195855675,64
14457,129,Honduras,18,65 to 69,35818.92926031571,65
14457,129,Honduras,18,65 to 69,35818.92926031571,66
14457,129,Honduras,18,65 to 69,35818.92926031571,67
14457,129,Honduras,18,65 to 69,35818.92926031571,68
14457,129,Honduras,18,65 to 69,35818.92926031571,69
14458,129,Honduras,19,70 to 74,27065.031173253385,70
14458,129,Honduras,19,70 to 74,27065.031173253385,71
14458,129,Honduras,19,70 to 74,27065.031173253385,72
14458,129,Honduras,19,70 to 74,27065.031173253385,73
14458,129,Honduras,19,70 to 74,27065.031173253385,74
14459,129,Honduras,20,75 to 79,18169.60968573546,75
14459,129,Honduras,20,75 to 79,18169.60968573546,76
14459,129,Honduras,20,75 to 79,18169.60968573546,77
14459,129,Honduras,20,75 to 79,18169.60968573546,78
14459,129,Honduras,20,75 to 79,18169.60968573546,79
14467,129,Honduras,30,80 to 84,10410.035800592665,80
14467,129,Honduras,30,80 to 84,10410.035800592665,81
14467,129,Honduras,30,80 to 84,10410.035800592665,82
14467,129,Honduras,30,80 to 84,10410.035800592665,83
14467,129,Honduras,30,80 to 84,10410.035800592665,84
14468,129,Honduras,31,85 to 89,4362.617236653642,85
14468,129,Honduras,31,85 to 89,4362.617236653642,86
14468,129,Honduras,31,85 to 89,4362.617236653642,87
14468,129,Honduras,31,85 to 89,4362.617236653642,88
14468,129,Honduras,31,85 to 89,4362.617236653642,89
14469,129,Honduras,32,90 to 94,1342.1797663901655,90
14469,129,Honduras,32,90 to 94,1342.1797663901655,91
14469,129,Honduras,32,90 to 94,1342.1797663901655,92
14469,129,Honduras,32,90 to 94,1342.1797663901655,93
14469,129,Honduras,32,90 to 94,1342.1797663901655,94
14477,129,Honduras,235,95 plus,246.58650317191692,95
14477,129,Honduras,235,95 plus,246.58650317191692,96
14477,129,Honduras,235,95 plus,246.58650317191692,97
14477,129,Honduras,235,95 plus,246.58650317191692,98
14477,129,Honduras,235,95 plus,246.58650317191692,99
14477,129,Honduras,235,95 plus,246.58650317191692,100
14564,130,Mexico,11,30 to 34,1901604.6124399374,30
14564,130,Mexico,11,30 to 34,1901604.6124399374,31
14564,130,Mexico,11,30 to 34,1901604.6124399374,32
14564,130,Mexico,11,30 to 34,1901604.6124399374,33
14564,130,Mexico,11,30 to 34,1901604.6124399374,34
14565,130,Mexico,12,35 to 39,1785891.3140944974,35
14565,130,Mexico,12,35 to 39,1785891.3140944974,36
14565,130,Mexico,12,35 to 39,1785891.3140944974,37
14565,130,Mexico,12,35 to 39,1785891.3140944974,38
14565,130,Mexico,12,35 to 39,1785891.3140944974,39
14566,130,Mexico,13,40 to 44,1673398.3144132905,40
14566,130,Mexico,13,40 to 44,1673398.3144132905,41
14566,130,Mexico,13,40 to 44,1673398.3144132905,42
14566,130,Mexico,13,40 to 44,1673398.3144132905,43
14566,130,Mexico,13,40 to 44,1673398.3144132905,44
14567,130,Mexico,14,45 to 49,1547934.7507098126,45
14567,130,Mexico,14,45 to 49,1547934.7507098126,46
14567,130,Mexico,14,45 to 49,1547934.7507098126,47
14567,130,Mexico,14,45 to 49,1547934.7507098126,48
14567,130,Mexico,14,45 to 49,1547934.7507098126,49
14568,130,Mexico,15,50 to 54,1329932.54076142,50
14568,130,Mexico,15,50 to 54,1329932.54076142,51
14568,130,Mexico,15,50 to 54,1329932.54076142,52
14568,130,Mexico,15,50 to 54,1329932.54076142,53
14568,130,Mexico,15,50 to 54,1329932.54076142,54
14569,130,Mexico,16,55 to 59,1103936.5708531912,55
14569,130,Mexico,16,55 to 59,1103936.5708531912,56
14569,130,Mexico,16,55 to 59,1103936.5708531912,57
14569,130,Mexico,16,55 to 59,1103936.5708531912,58
14569,130,Mexico,16,55 to 59,1103936.5708531912,59
14570,130,Mexico,17,60 to 64,901073.5131432122,60
14570,130,Mexico,17,60 to 64,901073.5131432122,61
14570,130,Mexico,17,60 to 64,901073.5131432122,62
14570,130,Mexico,17,60 to 64,901073.5131432122,63
14570,130,Mexico,17,60 to 64,901073.5131432122,64
14571,130,Mexico,18,65 to 69,664169.828992915,65
14571,130,Mexico,18,65 to 69,664169.828992915,66
14571,130,Mexico,18,65 to 69,664169.828992915,67
14571,130,Mexico,18,65 to 69,664169.828992915,68
14571,130,Mexico,18,65 to 69,664169.828992915,69
14572,130,Mexico,19,70 to 74,512795.1687495024,70
14572,130,Mexico,19,70 to 74,512795.1687495024,71
14572,130,Mexico,19,70 to 74,512795.1687495024,72
14572,130,Mexico,19,70 to 74,512795.1687495024,73
14572,130,Mexico,19,70 to 74,512795.1687495024,74
14573,130,Mexico,20,75 to 79,357063.22450523206,75
14573,130,Mexico,20,75 to 79,357063.22450523206,76
14573,130,Mexico,20,75 to 79,357063.22450523206,77
14573,130,Mexico,20,75 to 79,357063.22450523206,78
14573,130,Mexico,20,75 to 79,357063.22450523206,79
14581,130,Mexico,30,80 to 84,224259.73176488196,80
14581,130,Mexico,30,80 to 84,224259.73176488196,81
14581,130,Mexico,30,80 to 84,224259.73176488196,82
14581,130,Mexico,30,80 to 84,224259.73176488196,83
14581,130,Mexico,30,80 to 84,224259.73176488196,84
14582,130,Mexico,31,85 to 89,119596.68185237466,85
14582,130,Mexico,31,85 to 89,119596.68185237466,86
14582,130,Mexico,31,85 to 89,119596.68185237466,87
14582,130,Mexico,31,85 to 89,119596.68185237466,88
14582,130,Mexico,31,85 to 89,119596.68185237466,89
14583,130,Mexico,32,90 to 94,46418.1717561455,90
14583,130,Mexico,32,90 to 94,46418.1717561455,91
14583,130,Mexico,32,90 to 94,46418.1717561455,92
14583,130,Mexico,32,90 to 94,46418.1717561455,93
14583,130,Mexico,32,90 to 94,46418.1717561455,94
14591,130,Mexico,235,95 plus,11436.938573970545,95
14591,130,Mexico,235,95 plus,11436.938573970545,96
14591,130,Mexico,235,95 plus,11436.938573970545,97
14591,130,Mexico,235,95 plus,11436.938573970545,98
14591,130,Mexico,235,95 plus,11436.938573970545,99
14591,130,Mexico,235,95 plus,11436.938573970545,100
14678,131,Nicaragua,11,30 to 34,104425.45406290212,30
14678,131,Nicaragua,11,30 to 34,104425.45406290212,31
14678,131,Nicaragua,11,30 to 34,104425.45406290212,32
14678,131,Nicaragua,11,30 to 34,104425.45406290212,33
14678,131,Nicaragua,11,30 to 34,104425.45406290212,34
14679,131,Nicaragua,12,35 to 39,91412.56044478498,35
14679,131,Nicaragua,12,35 to 39,91412.56044478498,36
14679,131,Nicaragua,12,35 to 39,91412.56044478498,37
14679,131,Nicaragua,12,35 to 39,91412.56044478498,38
14679,131,Nicaragua,12,35 to 39,91412.56044478498,39
14680,131,Nicaragua,13,40 to 44,76644.69501929788,40
14680,131,Nicaragua,13,40 to 44,76644.69501929788,41
14680,131,Nicaragua,13,40 to 44,76644.69501929788,42
14680,131,Nicaragua,13,40 to 44,76644.69501929788,43
14680,131,Nicaragua,13,40 to 44,76644.69501929788,44
14681,131,Nicaragua,14,45 to 49,63173.0348176773,45
14681,131,Nicaragua,14,45 to 49,63173.0348176773,46
14681,131,Nicaragua,14,45 to 49,63173.0348176773,47
14681,131,Nicaragua,14,45 to 49,63173.0348176773,48
14681,131,Nicaragua,14,45 to 49,63173.0348176773,49
14682,131,Nicaragua,15,50 to 54,53316.349214402595,50
14682,131,Nicaragua,15,50 to 54,53316.349214402595,51
14682,131,Nicaragua,15,50 to 54,53316.349214402595,52
14682,131,Nicaragua,15,50 to 54,53316.349214402595,53
14682,131,Nicaragua,15,50 to 54,53316.349214402595,54
14683,131,Nicaragua,16,55 to 59,44225.15443443072,55
14683,131,Nicaragua,16,55 to 59,44225.15443443072,56
14683,131,Nicaragua,16,55 to 59,44225.15443443072,57
14683,131,Nicaragua,16,55 to 59,44225.15443443072,58
14683,131,Nicaragua,16,55 to 59,44225.15443443072,59
14684,131,Nicaragua,17,60 to 64,34715.42331179361,60
14684,131,Nicaragua,17,60 to 64,34715.42331179361,61
14684,131,Nicaragua,17,60 to 64,34715.42331179361,62
14684,131,Nicaragua,17,60 to 64,34715.42331179361,63
14684,131,Nicaragua,17,60 to 64,34715.42331179361,64
14685,131,Nicaragua,18,65 to 69,25757.49955206106,65
14685,131,Nicaragua,18,65 to 69,25757.49955206106,66
14685,131,Nicaragua,18,65 to 69,25757.49955206106,67
14685,131,Nicaragua,18,65 to 69,25757.49955206106,68
14685,131,Nicaragua,18,65 to 69,25757.49955206106,69
14686,131,Nicaragua,19,70 to 74,18559.163033630415,70
14686,131,Nicaragua,19,70 to 74,18559.163033630415,71
14686,131,Nicaragua,19,70 to 74,18559.163033630415,72
14686,131,Nicaragua,19,70 to 74,18559.163033630415,73
14686,131,Nicaragua,19,70 to 74,18559.163033630415,74
14687,131,Nicaragua,20,75 to 79,12437.74592249061,75
14687,131,Nicaragua,20,75 to 79,12437.74592249061,76
14687,131,Nicaragua,20,75 to 79,12437.74592249061,77
14687,131,Nicaragua,20,75 to 79,12437.74592249061,78
14687,131,Nicaragua,20,75 to 79,12437.74592249061,79
14695,131,Nicaragua,30,80 to 84,7361.770340530982,80
14695,131,Nicaragua,30,80 to 84,7361.770340530982,81
14695,131,Nicaragua,30,80 to 84,7361.770340530982,82
14695,131,Nicaragua,30,80 to 84,7361.770340530982,83
14695,131,Nicaragua,30,80 to 84,7361.770340530982,84
14696,131,Nicaragua,31,85 to 89,3346.381755103942,85
14696,131,Nicaragua,31,85 to 89,3346.381755103942,86
14696,131,Nicaragua,31,85 to 89,3346.381755103942,87
14696,131,Nicaragua,31,85 to 89,3346.381755103942,88
14696,131,Nicaragua,31,85 to 89,3346.381755103942,89
14697,131,Nicaragua,32,90 to 94,1069.3115414412703,90
14697,131,Nicaragua,32,90 to 94,1069.3115414412703,91
14697,131,Nicaragua,32,90 to 94,1069.3115414412703,92
14697,131,Nicaragua,32,90 to 94,1069.3115414412703,93
14697,131,Nicaragua,32,90 to 94,1069.3115414412703,94
14705,131,Nicaragua,235,95 plus,222.46820811463564,95
14705,131,Nicaragua,235,95 plus,222.46820811463564,96
14705,131,Nicaragua,235,95 plus,222.46820811463564,97
14705,131,Nicaragua,235,95 plus,222.46820811463564,98
14705,131,Nicaragua,235,95 plus,222.46820811463564,99
14705,131,Nicaragua,235,95 plus,222.46820811463564,100
14792,132,Panama,11,30 to 34,59627.47421568374,30
14792,132,Panama,11,30 to 34,59627.47421568374,31
14792,132,Panama,11,30 to 34,59627.47421568374,32
14792,132,Panama,11,30 to 34,59627.47421568374,33
14792,132,Panama,11,30 to 34,59627.47421568374,34
14793,132,Panama,12,35 to 39,55948.56777532665,35
14793,132,Panama,12,35 to 39,55948.56777532665,36
14793,132,Panama,12,35 to 39,55948.56777532665,37
14793,132,Panama,12,35 to 39,55948.56777532665,38
14793,132,Panama,12,35 to 39,55948.56777532665,39
14794,132,Panama,13,40 to 44,51819.982885436904,40
14794,132,Panama,13,40 to 44,51819.982885436904,41
14794,132,Panama,13,40 to 44,51819.982885436904,42
14794,132,Panama,13,40 to 44,51819.982885436904,43
14794,132,Panama,13,40 to 44,51819.982885436904,44
14795,132,Panama,14,45 to 49,48844.21029851066,45
14795,132,Panama,14,45 to 49,48844.21029851066,46
14795,132,Panama,14,45 to 49,48844.21029851066,47
14795,132,Panama,14,45 to 49,48844.21029851066,48
14795,132,Panama,14,45 to 49,48844.21029851066,49
14796,132,Panama,15,50 to 54,43758.30589727869,50
14796,132,Panama,15,50 to 54,43758.30589727869,51
14796,132,Panama,15,50 to 54,43758.30589727869,52
14796,132,Panama,15,50 to 54,43758.30589727869,53
14796,132,Panama,15,50 to 54,43758.30589727869,54
14797,132,Panama,16,55 to 59,36992.6960778857,55
14797,132,Panama,16,55 to 59,36992.6960778857,56
14797,132,Panama,16,55 to 59,36992.6960778857,57
14797,132,Panama,16,55 to 59,36992.6960778857,58
14797,132,Panama,16,55 to 59,36992.6960778857,59
14798,132,Panama,17,60 to 64,29629.267387500277,60
14798,132,Panama,17,60 to 64,29629.267387500277,61
14798,132,Panama,17,60 to 64,29629.267387500277,62
14798,132,Panama,17,60 to 64,29629.267387500277,63
14798,132,Panama,17,60 to 64,29629.267387500277,64
14799,132,Panama,18,65 to 69,23661.41886683347,65
14799,132,Panama,18,65 to 69,23661.41886683347,66
14799,132,Panama,18,65 to 69,23661.41886683347,67
14799,132,Panama,18,65 to 69,23661.41886683347,68
14799,132,Panama,18,65 to 69,23661.41886683347,69
14800,132,Panama,19,70 to 74,18463.906246345803,70
14800,132,Panama,19,70 to 74,18463.906246345803,71
14800,132,Panama,19,70 to 74,18463.906246345803,72
14800,132,Panama,19,70 to 74,18463.906246345803,73
14800,132,Panama,19,70 to 74,18463.906246345803,74
14801,132,Panama,20,75 to 79,13259.459346442392,75
14801,132,Panama,20,75 to 79,13259.459346442392,76
14801,132,Panama,20,75 to 79,13259.459346442392,77
14801,132,Panama,20,75 to 79,13259.459346442392,78
14801,132,Panama,20,75 to 79,13259.459346442392,79
14809,132,Panama,30,80 to 84,8766.913451189615,80
14809,132,Panama,30,80 to 84,8766.913451189615,81
14809,132,Panama,30,80 to 84,8766.913451189615,82
14809,132,Panama,30,80 to 84,8766.913451189615,83
14809,132,Panama,30,80 to 84,8766.913451189615,84
14810,132,Panama,31,85 to 89,4935.897714867922,85
14810,132,Panama,31,85 to 89,4935.897714867922,86
14810,132,Panama,31,85 to 89,4935.897714867922,87
14810,132,Panama,31,85 to 89,4935.897714867922,88
14810,132,Panama,31,85 to 89,4935.897714867922,89
14811,132,Panama,32,90 to 94,2442.940928183109,90
14811,132,Panama,32,90 to 94,2442.940928183109,91
14811,132,Panama,32,90 to 94,2442.940928183109,92
14811,132,Panama,32,90 to 94,2442.940928183109,93
14811,132,Panama,32,90 to 94,2442.940928183109,94
14819,132,Panama,235,95 plus,910.9515633644396,95
14819,132,Panama,235,95 plus,910.9515633644396,96
14819,132,Panama,235,95 plus,910.9515633644396,97
14819,132,Panama,235,95 plus,910.9515633644396,98
14819,132,Panama,235,95 plus,910.9515633644396,99
14819,132,Panama,235,95 plus,910.9515633644396,100
14906,133,Venezuela (Bolivarian Republic of),11,30 to 34,426748.59912774584,30
14906,133,Venezuela (Bolivarian Republic of),11,30 to 34,426748.59912774584,31
14906,133,Venezuela (Bolivarian Republic of),11,30 to 34,426748.59912774584,32
14906,133,Venezuela (Bolivarian Republic of),11,30 to 34,426748.59912774584,33
14906,133,Venezuela (Bolivarian Republic of),11,30 to 34,426748.59912774584,34
14907,133,Venezuela (Bolivarian Republic of),12,35 to 39,428135.86506760505,35
14907,133,Venezuela (Bolivarian Republic of),12,35 to 39,428135.86506760505,36
14907,133,Venezuela (Bolivarian Republic of),12,35 to 39,428135.86506760505,37
14907,133,Venezuela (Bolivarian Republic of),12,35 to 39,428135.86506760505,38
14907,133,Venezuela (Bolivarian Republic of),12,35 to 39,428135.86506760505,39
14908,133,Venezuela (Bolivarian Republic of),13,40 to 44,401430.17055785994,40
14908,133,Venezuela (Bolivarian Republic of),13,40 to 44,401430.17055785994,41
14908,133,Venezuela (Bolivarian Republic of),13,40 to 44,401430.17055785994,42
14908,133,Venezuela (Bolivarian Republic of),13,40 to 44,401430.17055785994,43
14908,133,Venezuela (Bolivarian Republic of),13,40 to 44,401430.17055785994,44
14909,133,Venezuela (Bolivarian Republic of),14,45 to 49,350072.72369759605,45
14909,133,Venezuela (Bolivarian Republic of),14,45 to 49,350072.72369759605,46
14909,133,Venezuela (Bolivarian Republic of),14,45 to 49,350072.72369759605,47
14909,133,Venezuela (Bolivarian Republic of),14,45 to 49,350072.72369759605,48
14909,133,Venezuela (Bolivarian Republic of),14,45 to 49,350072.72369759605,49
14910,133,Venezuela (Bolivarian Republic of),15,50 to 54,318946.548141691,50
14910,133,Venezuela (Bolivarian Republic of),15,50 to 54,318946.548141691,51
14910,133,Venezuela (Bolivarian Republic of),15,50 to 54,318946.548141691,52
14910,133,Venezuela (Bolivarian Republic of),15,50 to 54,318946.548141691,53
14910,133,Venezuela (Bolivarian Republic of),15,50 to 54,318946.548141691,54
14911,133,Venezuela (Bolivarian Republic of),16,55 to 59,280458.1230327382,55
14911,133,Venezuela (Bolivarian Republic of),16,55 to 59,280458.1230327382,56
14911,133,Venezuela (Bolivarian Republic of),16,55 to 59,280458.1230327382,57
14911,133,Venezuela (Bolivarian Republic of),16,55 to 59,280458.1230327382,58
14911,133,Venezuela (Bolivarian Republic of),16,55 to 59,280458.1230327382,59
14912,133,Venezuela (Bolivarian Republic of),17,60 to 64,235164.05718793152,60
14912,133,Venezuela (Bolivarian Republic of),17,60 to 64,235164.05718793152,61
14912,133,Venezuela (Bolivarian Republic of),17,60 to 64,235164.05718793152,62
14912,133,Venezuela (Bolivarian Republic of),17,60 to 64,235164.05718793152,63
14912,133,Venezuela (Bolivarian Republic of),17,60 to 64,235164.05718793152,64
14913,133,Venezuela (Bolivarian Republic of),18,65 to 69,186458.31359194836,65
14913,133,Venezuela (Bolivarian Republic of),18,65 to 69,186458.31359194836,66
14913,133,Venezuela (Bolivarian Republic of),18,65 to 69,186458.31359194836,67
14913,133,Venezuela (Bolivarian Republic of),18,65 to 69,186458.31359194836,68
14913,133,Venezuela (Bolivarian Republic of),18,65 to 69,186458.31359194836,69
14914,133,Venezuela (Bolivarian Republic of),19,70 to 74,127024.56562035884,70
14914,133,Venezuela (Bolivarian Republic of),19,70 to 74,127024.56562035884,71
14914,133,Venezuela (Bolivarian Republic of),19,70 to 74,127024.56562035884,72
14914,133,Venezuela (Bolivarian Republic of),19,70 to 74,127024.56562035884,73
14914,133,Venezuela (Bolivarian Republic of),19,70 to 74,127024.56562035884,74
14915,133,Venezuela (Bolivarian Republic of),20,75 to 79,80591.59928172993,75
14915,133,Venezuela (Bolivarian Republic of),20,75 to 79,80591.59928172993,76
14915,133,Venezuela (Bolivarian Republic of),20,75 to 79,80591.59928172993,77
14915,133,Venezuela (Bolivarian Republic of),20,75 to 79,80591.59928172993,78
14915,133,Venezuela (Bolivarian Republic of),20,75 to 79,80591.59928172993,79
14923,133,Venezuela (Bolivarian Republic of),30,80 to 84,50110.55136926452,80
14923,133,Venezuela (Bolivarian Republic of),30,80 to 84,50110.55136926452,81
14923,133,Venezuela (Bolivarian Republic of),30,80 to 84,50110.55136926452,82
14923,133,Venezuela (Bolivarian Republic of),30,80 to 84,50110.55136926452,83
14923,133,Venezuela (Bolivarian Republic of),30,80 to 84,50110.55136926452,84
14924,133,Venezuela (Bolivarian Republic of),31,85 to 89,27589.346349851498,85
14924,133,Venezuela (Bolivarian Republic of),31,85 to 89,27589.346349851498,86
14924,133,Venezuela (Bolivarian Republic of),31,85 to 89,27589.346349851498,87
14924,133,Venezuela (Bolivarian Republic of),31,85 to 89,27589.346349851498,88
14924,133,Venezuela (Bolivarian Republic of),31,85 to 89,27589.346349851498,89
14925,133,Venezuela (Bolivarian Republic of),32,90 to 94,14506.32768558783,90
14925,133,Venezuela (Bolivarian Republic of),32,90 to 94,14506.32768558783,91
14925,133,Venezuela (Bolivarian Republic of),32,90 to 94,14506.32768558783,92
14925,133,Venezuela (Bolivarian Republic of),32,90 to 94,14506.32768558783,93
14925,133,Venezuela (Bolivarian Republic of),32,90 to 94,14506.32768558783,94
14933,133,Venezuela (Bolivarian Republic of),235,95 plus,5021.368672601664,95
14933,133,Venezuela (Bolivarian Republic of),235,95 plus,5021.368672601664,96
14933,133,Venezuela (Bolivarian Republic of),235,95 plus,5021.368672601664,97
14933,133,Venezuela (Bolivarian Republic of),235,95 plus,5021.368672601664,98
14933,133,Venezuela (Bolivarian Republic of),235,95 plus,5021.368672601664,99
14933,133,Venezuela (Bolivarian Republic of),235,95 plus,5021.368672601664,100
15134,135,Brazil,11,30 to 34,3505754.2037015655,30
15134,135,Brazil,11,30 to 34,3505754.2037015655,31
15134,135,Brazil,11,30 to 34,3505754.2037015655,32
15134,135,Brazil,11,30 to 34,3505754.2037015655,33
15134,135,Brazil,11,30 to 34,3505754.2037015655,34
15135,135,Brazil,12,35 to 39,3505086.399676231,35
15135,135,Brazil,12,35 to 39,3505086.399676231,36
15135,135,Brazil,12,35 to 39,3505086.399676231,37
15135,135,Brazil,12,35 to 39,3505086.399676231,38
15135,135,Brazil,12,35 to 39,3505086.399676231,39
15136,135,Brazil,13,40 to 44,3140697.518547527,40
15136,135,Brazil,13,40 to 44,3140697.518547527,41
15136,135,Brazil,13,40 to 44,3140697.518547527,42
15136,135,Brazil,13,40 to 44,3140697.518547527,43
15136,135,Brazil,13,40 to 44,3140697.518547527,44
15137,135,Brazil,14,45 to 49,2732463.9731100127,45
15137,135,Brazil,14,45 to 49,2732463.9731100127,46
15137,135,Brazil,14,45 to 49,2732463.9731100127,47
15137,135,Brazil,14,45 to 49,2732463.9731100127,48
15137,135,Brazil,14,45 to 49,2732463.9731100127,49
15138,135,Brazil,15,50 to 54,2535533.887171804,50
15138,135,Brazil,15,50 to 54,2535533.887171804,51
15138,135,Brazil,15,50 to 54,2535533.887171804,52
15138,135,Brazil,15,50 to 54,2535533.887171804,53
15138,135,Brazil,15,50 to 54,2535533.887171804,54
15139,135,Brazil,16,55 to 59,2244873.456909989,55
15139,135,Brazil,16,55 to 59,2244873.456909989,56
15139,135,Brazil,16,55 to 59,2244873.456909989,57
15139,135,Brazil,16,55 to 59,2244873.456909989,58
15139,135,Brazil,16,55 to 59,2244873.456909989,59
15140,135,Brazil,17,60 to 64,1849561.3117267792,60
15140,135,Brazil,17,60 to 64,1849561.3117267792,61
15140,135,Brazil,17,60 to 64,1849561.3117267792,62
15140,135,Brazil,17,60 to 64,1849561.3117267792,63
15140,135,Brazil,17,60 to 64,1849561.3117267792,64
15141,135,Brazil,18,65 to 69,1438685.2085595531,65
15141,135,Brazil,18,65 to 69,1438685.2085595531,66
15141,135,Brazil,18,65 to 69,1438685.2085595531,67
15141,135,Brazil,18,65 to 69,1438685.2085595531,68
15141,135,Brazil,18,65 to 69,1438685.2085595531,69
15142,135,Brazil,19,70 to 74,1054799.5380546083,70
15142,135,Brazil,19,70 to 74,1054799.5380546083,71
15142,135,Brazil,19,70 to 74,1054799.5380546083,72
15142,135,Brazil,19,70 to 74,1054799.5380546083,73
15142,135,Brazil,19,70 to 74,1054799.5380546083,74
15143,135,Brazil,20,75 to 79,713878.209535975,75
15143,135,Brazil,20,75 to 79,713878.209535975,76
15143,135,Brazil,20,75 to 79,713878.209535975,77
15143,135,Brazil,20,75 to 79,713878.209535975,78
15143,135,Brazil,20,75 to 79,713878.209535975,79
15151,135,Brazil,30,80 to 84,459414.84385304357,80
15151,135,Brazil,30,80 to 84,459414.84385304357,81
15151,135,Brazil,30,80 to 84,459414.84385304357,82
15151,135,Brazil,30,80 to 84,459414.84385304357,83
15151,135,Brazil,30,80 to 84,459414.84385304357,84
15152,135,Brazil,31,85 to 89,245848.68844238977,85
15152,135,Brazil,31,85 to 89,245848.68844238977,86
15152,135,Brazil,31,85 to 89,245848.68844238977,87
15152,135,Brazil,31,85 to 89,245848.68844238977,88
15152,135,Brazil,31,85 to 89,245848.68844238977,89
15153,135,Brazil,32,90 to 94,106161.0685647612,90
15153,135,Brazil,32,90 to 94,106161.0685647612,91
15153,135,Brazil,32,90 to 94,106161.0685647612,92
15153,135,Brazil,32,90 to 94,106161.0685647612,93
15153,135,Brazil,32,90 to 94,106161.0685647612,94
15161,135,Brazil,235,95 plus,31332.052678970038,95
15161,135,Brazil,235,95 plus,31332.052678970038,96
15161,135,Brazil,235,95 plus,31332.052678970038,97
15161,135,Brazil,235,95 plus,31332.052678970038,98
15161,135,Brazil,235,95 plus,31332.052678970038,99
15161,135,Brazil,235,95 plus,31332.052678970038,100
15248,136,Paraguay,11,30 to 34,114016.05406091192,30
15248,136,Paraguay,11,30 to 34,114016.05406091192,31
15248,136,Paraguay,11,30 to 34,114016.05406091192,32
15248,136,Paraguay,11,30 to 34,114016.05406091192,33
15248,136,Paraguay,11,30 to 34,114016.05406091192,34
15249,136,Paraguay,12,35 to 39,99379.80121944266,35
15249,136,Paraguay,12,35 to 39,99379.80121944266,36
15249,136,Paraguay,12,35 to 39,99379.80121944266,37
15249,136,Paraguay,12,35 to 39,99379.80121944266,38
15249,136,Paraguay,12,35 to 39,99379.80121944266,39
15250,136,Paraguay,13,40 to 44,81226.07733762151,40
15250,136,Paraguay,13,40 to 44,81226.07733762151,41
15250,136,Paraguay,13,40 to 44,81226.07733762151,42
15250,136,Paraguay,13,40 to 44,81226.07733762151,43
15250,136,Paraguay,13,40 to 44,81226.07733762151,44
15251,136,Paraguay,14,45 to 49,67989.1939371121,45
15251,136,Paraguay,14,45 to 49,67989.1939371121,46
15251,136,Paraguay,14,45 to 49,67989.1939371121,47
15251,136,Paraguay,14,45 to 49,67989.1939371121,48
15251,136,Paraguay,14,45 to 49,67989.1939371121,49
15252,136,Paraguay,15,50 to 54,60637.519398841694,50
15252,136,Paraguay,15,50 to 54,60637.519398841694,51
15252,136,Paraguay,15,50 to 54,60637.519398841694,52
15252,136,Paraguay,15,50 to 54,60637.519398841694,53
15252,136,Paraguay,15,50 to 54,60637.519398841694,54
15253,136,Paraguay,16,55 to 59,53697.640489072386,55
15253,136,Paraguay,16,55 to 59,53697.640489072386,56
15253,136,Paraguay,16,55 to 59,53697.640489072386,57
15253,136,Paraguay,16,55 to 59,53697.640489072386,58
15253,136,Paraguay,16,55 to 59,53697.640489072386,59
15254,136,Paraguay,17,60 to 64,43294.36614247014,60
15254,136,Paraguay,17,60 to 64,43294.36614247014,61
15254,136,Paraguay,17,60 to 64,43294.36614247014,62
15254,136,Paraguay,17,60 to 64,43294.36614247014,63
15254,136,Paraguay,17,60 to 64,43294.36614247014,64
15255,136,Paraguay,18,65 to 69,33155.024834591866,65
15255,136,Paraguay,18,65 to 69,33155.024834591866,66
15255,136,Paraguay,18,65 to 69,33155.024834591866,67
15255,136,Paraguay,18,65 to 69,33155.024834591866,68
15255,136,Paraguay,18,65 to 69,33155.024834591866,69
15256,136,Paraguay,19,70 to 74,22707.276863528394,70
15256,136,Paraguay,19,70 to 74,22707.276863528394,71
15256,136,Paraguay,19,70 to 74,22707.276863528394,72
15256,136,Paraguay,19,70 to 74,22707.276863528394,73
15256,136,Paraguay,19,70 to 74,22707.276863528394,74
15257,136,Paraguay,20,75 to 79,16114.17180174954,75
15257,136,Paraguay,20,75 to 79,16114.17180174954,76
15257,136,Paraguay,20,75 to 79,16114.17180174954,77
15257,136,Paraguay,20,75 to 79,16114.17180174954,78
15257,136,Paraguay,20,75 to 79,16114.17180174954,79
15265,136,Paraguay,30,80 to 84,10001.216103450968,80
15265,136,Paraguay,30,80 to 84,10001.216103450968,81
15265,136,Paraguay,30,80 to 84,10001.216103450968,82
15265,136,Paraguay,30,80 to 84,10001.216103450968,83
15265,136,Paraguay,30,80 to 84,10001.216103450968,84
15266,136,Paraguay,31,85 to 89,5440.425293640572,85
15266,136,Paraguay,31,85 to 89,5440.425293640572,86
15266,136,Paraguay,31,85 to 89,5440.425293640572,87
15266,136,Paraguay,31,85 to 89,5440.425293640572,88
15266,136,Paraguay,31,85 to 89,5440.425293640572,89
15267,136,Paraguay,32,90 to 94,2485.9652105097593,90
15267,136,Paraguay,32,90 to 94,2485.9652105097593,91
15267,136,Paraguay,32,90 to 94,2485.9652105097593,92
15267,136,Paraguay,32,90 to 94,2485.9652105097593,93
15267,136,Paraguay,32,90 to 94,2485.9652105097593,94
15275,136,Paraguay,235,95 plus,1055.747489480689,95
15275,136,Paraguay,235,95 plus,1055.747489480689,96
15275,136,Paraguay,235,95 plus,1055.747489480689,97
15275,136,Paraguay,235,95 plus,1055.747489480689,98
15275,136,Paraguay,235,95 plus,1055.747489480689,99
15275,136,Paraguay,235,95 plus,1055.747489480689,100
15590,139,Algeria,11,30 to 34,750300.7097756052,30
15590,139,Algeria,11,30 to 34,750300.7097756052,31
15590,139,Algeria,11,30 to 34,750300.7097756052,32
15590,139,Algeria,11,30 to 34,750300.7097756052,33
15590,139,Algeria,11,30 to 34,750300.7097756052,34
15591,139,Algeria,12,35 to 39,698206.059533368,35
15591,139,Algeria,12,35 to 39,698206.059533368,36
15591,139,Algeria,12,35 to 39,698206.059533368,37
15591,139,Algeria,12,35 to 39,698206.059533368,38
15591,139,Algeria,12,35 to 39,698206.059533368,39
15592,139,Algeria,13,40 to 44,569381.8573484175,40
15592,139,Algeria,13,40 to 44,569381.8573484175,41
15592,139,Algeria,13,40 to 44,569381.8573484175,42
15592,139,Algeria,13,40 to 44,569381.8573484175,43
15592,139,Algeria,13,40 to 44,569381.8573484175,44
15593,139,Algeria,14,45 to 49,485275.1304196736,45
15593,139,Algeria,14,45 to 49,485275.1304196736,46
15593,139,Algeria,14,45 to 49,485275.1304196736,47
15593,139,Algeria,14,45 to 49,485275.1304196736,48
15593,139,Algeria,14,45 to 49,485275.1304196736,49
15594,139,Algeria,15,50 to 54,413285.9398902898,50
15594,139,Algeria,15,50 to 54,413285.9398902898,51
15594,139,Algeria,15,50 to 54,413285.9398902898,52
15594,139,Algeria,15,50 to 54,413285.9398902898,53
15594,139,Algeria,15,50 to 54,413285.9398902898,54
15595,139,Algeria,16,55 to 59,333304.38272153784,55
15595,139,Algeria,16,55 to 59,333304.38272153784,56
15595,139,Algeria,16,55 to 59,333304.38272153784,57
15595,139,Algeria,16,55 to 59,333304.38272153784,58
15595,139,Algeria,16,55 to 59,333304.38272153784,59
15596,139,Algeria,17,60 to 64,265291.0901779068,60
15596,139,Algeria,17,60 to 64,265291.0901779068,61
15596,139,Algeria,17,60 to 64,265291.0901779068,62
15596,139,Algeria,17,60 to 64,265291.0901779068,63
15596,139,Algeria,17,60 to 64,265291.0901779068,64
15597,139,Algeria,18,65 to 69,205754.7299367041,65
15597,139,Algeria,18,65 to 69,205754.7299367041,66
15597,139,Algeria,18,65 to 69,205754.7299367041,67
15597,139,Algeria,18,65 to 69,205754.7299367041,68
15597,139,Algeria,18,65 to 69,205754.7299367041,69
15598,139,Algeria,19,70 to 74,128904.45918226152,70
15598,139,Algeria,19,70 to 74,128904.45918226152,71
15598,139,Algeria,19,70 to 74,128904.45918226152,72
15598,139,Algeria,19,70 to 74,128904.45918226152,73
15598,139,Algeria,19,70 to 74,128904.45918226152,74
15599,139,Algeria,20,75 to 79,96251.10985529888,75
15599,139,Algeria,20,75 to 79,96251.10985529888,76
15599,139,Algeria,20,75 to 79,96251.10985529888,77
15599,139,Algeria,20,75 to 79,96251.10985529888,78
15599,139,Algeria,20,75 to 79,96251.10985529888,79
15607,139,Algeria,30,80 to 84,63225.71213006483,80
15607,139,Algeria,30,80 to 84,63225.71213006483,81
15607,139,Algeria,30,80 to 84,63225.71213006483,82
15607,139,Algeria,30,80 to 84,63225.71213006483,83
15607,139,Algeria,30,80 to 84,63225.71213006483,84
15608,139,Algeria,31,85 to 89,26583.063776697625,85
15608,139,Algeria,31,85 to 89,26583.063776697625,86
15608,139,Algeria,31,85 to 89,26583.063776697625,87
15608,139,Algeria,31,85 to 89,26583.063776697625,88
15608,139,Algeria,31,85 to 89,26583.063776697625,89
15609,139,Algeria,32,90 to 94,3792.3235882839276,90
15609,139,Algeria,32,90 to 94,3792.3235882839276,91
15609,139,Algeria,32,90 to 94,3792.3235882839276,92
15609,139,Algeria,32,90 to 94,3792.3235882839276,93
15609,139,Algeria,32,90 to 94,3792.3235882839276,94
15617,139,Algeria,235,95 plus,409.19322361903284,95
15617,139,Algeria,235,95 plus,409.19322361903284,96
15617,139,Algeria,235,95 plus,409.19322361903284,97
15617,139,Algeria,235,95 plus,409.19322361903284,98
15617,139,Algeria,235,95 plus,409.19322361903284,99
15617,139,Algeria,235,95 plus,409.19322361903284,100
15704,140,Bahrain,11,30 to 34,27872.848154826388,30
15704,140,Bahrain,11,30 to 34,27872.848154826388,31
15704,140,Bahrain,11,30 to 34,27872.848154826388,32
15704,140,Bahrain,11,30 to 34,27872.848154826388,33
15704,140,Bahrain,11,30 to 34,27872.848154826388,34
15705,140,Bahrain,12,35 to 39,44453.065093992685,35
15705,140,Bahrain,12,35 to 39,44453.065093992685,36
15705,140,Bahrain,12,35 to 39,44453.065093992685,37
15705,140,Bahrain,12,35 to 39,44453.065093992685,38
15705,140,Bahrain,12,35 to 39,44453.065093992685,39
15706,140,Bahrain,13,40 to 44,35448.38191230066,40
15706,140,Bahrain,13,40 to 44,35448.38191230066,41
15706,140,Bahrain,13,40 to 44,35448.38191230066,42
15706,140,Bahrain,13,40 to 44,35448.38191230066,43
15706,140,Bahrain,13,40 to 44,35448.38191230066,44
15707,140,Bahrain,14,45 to 49,25719.92699068794,45
15707,140,Bahrain,14,45 to 49,25719.92699068794,46
15707,140,Bahrain,14,45 to 49,25719.92699068794,47
15707,140,Bahrain,14,45 to 49,25719.92699068794,48
15707,140,Bahrain,14,45 to 49,25719.92699068794,49
15708,140,Bahrain,15,50 to 54,20037.99263364092,50
15708,140,Bahrain,15,50 to 54,20037.99263364092,51
15708,140,Bahrain,15,50 to 54,20037.99263364092,52
15708,140,Bahrain,15,50 to 54,20037.99263364092,53
15708,140,Bahrain,15,50 to 54,20037.99263364092,54
15709,140,Bahrain,16,55 to 59,15729.936453608412,55
15709,140,Bahrain,16,55 to 59,15729.936453608412,56
15709,140,Bahrain,16,55 to 59,15729.936453608412,57
15709,140,Bahrain,16,55 to 59,15729.936453608412,58
15709,140,Bahrain,16,55 to 59,15729.936453608412,59
15710,140,Bahrain,17,60 to 64,10739.122695577273,60
15710,140,Bahrain,17,60 to 64,10739.122695577273,61
15710,140,Bahrain,17,60 to 64,10739.122695577273,62
15710,140,Bahrain,17,60 to 64,10739.122695577273,63
15710,140,Bahrain,17,60 to 64,10739.122695577273,64
15711,140,Bahrain,18,65 to 69,5555.929020214566,65
15711,140,Bahrain,18,65 to 69,5555.929020214566,66
15711,140,Bahrain,18,65 to 69,5555.929020214566,67
15711,140,Bahrain,18,65 to 69,5555.929020214566,68
15711,140,Bahrain,18,65 to 69,5555.929020214566,69
15712,140,Bahrain,19,70 to 74,2353.465248273039,70
15712,140,Bahrain,19,70 to 74,2353.465248273039,71
15712,140,Bahrain,19,70 to 74,2353.465248273039,72
15712,140,Bahrain,19,70 to 74,2353.465248273039,73
15712,140,Bahrain,19,70 to 74,2353.465248273039,74
15713,140,Bahrain,20,75 to 79,1274.4857623879648,75
15713,140,Bahrain,20,75 to 79,1274.4857623879648,76
15713,140,Bahrain,20,75 to 79,1274.4857623879648,77
15713,140,Bahrain,20,75 to 79,1274.4857623879648,78
15713,140,Bahrain,20,75 to 79,1274.4857623879648,79
15721,140,Bahrain,30,80 to 84,742.1912574407181,80
15721,140,Bahrain,30,80 to 84,742.1912574407181,81
15721,140,Bahrain,30,80 to 84,742.1912574407181,82
15721,140,Bahrain,30,80 to 84,742.1912574407181,83
15721,140,Bahrain,30,80 to 84,742.1912574407181,84
15722,140,Bahrain,31,85 to 89,263.035764361048,85
15722,140,Bahrain,31,85 to 89,263.035764361048,86
15722,140,Bahrain,31,85 to 89,263.035764361048,87
15722,140,Bahrain,31,85 to 89,263.035764361048,88
15722,140,Bahrain,31,85 to 89,263.035764361048,89
15723,140,Bahrain,32,90 to 94,39.235695804568095,90
15723,140,Bahrain,32,90 to 94,39.235695804568095,91
15723,140,Bahrain,32,90 to 94,39.235695804568095,92
15723,140,Bahrain,32,90 to 94,39.235695804568095,93
15723,140,Bahrain,32,90 to 94,39.235695804568095,94
15731,140,Bahrain,235,95 plus,2.2655186727409142,95
15731,140,Bahrain,235,95 plus,2.2655186727409142,96
15731,140,Bahrain,235,95 plus,2.2655186727409142,97
15731,140,Bahrain,235,95 plus,2.2655186727409142,98
15731,140,Bahrain,235,95 plus,2.2655186727409142,99
15731,140,Bahrain,235,95 plus,2.2655186727409142,100
15818,141,Egypt,11,30 to 34,1553643.226302917,30
15818,141,Egypt,11,30 to 34,1553643.226302917,31
15818,141,Egypt,11,30 to 34,1553643.226302917,32
15818,141,Egypt,11,30 to 34,1553643.226302917,33
15818,141,Egypt,11,30 to 34,1553643.226302917,34
15819,141,Egypt,12,35 to 39,1410936.4503448645,35
15819,141,Egypt,12,35 to 39,1410936.4503448645,36
15819,141,Egypt,12,35 to 39,1410936.4503448645,37
15819,141,Egypt,12,35 to 39,1410936.4503448645,38
15819,141,Egypt,12,35 to 39,1410936.4503448645,39
15820,141,Egypt,13,40 to 44,1146150.7656566552,40
15820,141,Egypt,13,40 to 44,1146150.7656566552,41
15820,141,Egypt,13,40 to 44,1146150.7656566552,42
15820,141,Egypt,13,40 to 44,1146150.7656566552,43
15820,141,Egypt,13,40 to 44,1146150.7656566552,44
15821,141,Egypt,14,45 to 49,936139.3437669392,45
15821,141,Egypt,14,45 to 49,936139.3437669392,46
15821,141,Egypt,14,45 to 49,936139.3437669392,47
15821,141,Egypt,14,45 to 49,936139.3437669392,48
15821,141,Egypt,14,45 to 49,936139.3437669392,49
15822,141,Egypt,15,50 to 54,831520.2948628857,50
15822,141,Egypt,15,50 to 54,831520.2948628857,51
15822,141,Egypt,15,50 to 54,831520.2948628857,52
15822,141,Egypt,15,50 to 54,831520.2948628857,53
15822,141,Egypt,15,50 to 54,831520.2948628857,54
15823,141,Egypt,16,55 to 59,705319.4994615659,55
15823,141,Egypt,16,55 to 59,705319.4994615659,56
15823,141,Egypt,16,55 to 59,705319.4994615659,57
15823,141,Egypt,16,55 to 59,705319.4994615659,58
15823,141,Egypt,16,55 to 59,705319.4994615659,59
15824,141,Egypt,17,60 to 64,548772.9824924268,60
15824,141,Egypt,17,60 to 64,548772.9824924268,61
15824,141,Egypt,17,60 to 64,548772.9824924268,62
15824,141,Egypt,17,60 to 64,548772.9824924268,63
15824,141,Egypt,17,60 to 64,548772.9824924268,64
15825,141,Egypt,18,65 to 69,398280.18957131624,65
15825,141,Egypt,18,65 to 69,398280.18957131624,66
15825,141,Egypt,18,65 to 69,398280.18957131624,67
15825,141,Egypt,18,65 to 69,398280.18957131624,68
15825,141,Egypt,18,65 to 69,398280.18957131624,69
15826,141,Egypt,19,70 to 74,246731.4841675178,70
15826,141,Egypt,19,70 to 74,246731.4841675178,71
15826,141,Egypt,19,70 to 74,246731.4841675178,72
15826,141,Egypt,19,70 to 74,246731.4841675178,73
15826,141,Egypt,19,70 to 74,246731.4841675178,74
15827,141,Egypt,20,75 to 79,150331.1714601481,75
15827,141,Egypt,20,75 to 79,150331.1714601481,76
15827,141,Egypt,20,75 to 79,150331.1714601481,77
15827,141,Egypt,20,75 to 79,150331.1714601481,78
15827,141,Egypt,20,75 to 79,150331.1714601481,79
15835,141,Egypt,30,80 to 84,74674.17572275046,80
15835,141,Egypt,30,80 to 84,74674.17572275046,81
15835,141,Egypt,30,80 to 84,74674.17572275046,82
15835,141,Egypt,30,80 to 84,74674.17572275046,83
15835,141,Egypt,30,80 to 84,74674.17572275046,84
15836,141,Egypt,31,85 to 89,30879.9885611853,85
15836,141,Egypt,31,85 to 89,30879.9885611853,86
15836,141,Egypt,31,85 to 89,30879.9885611853,87
15836,141,Egypt,31,85 to 89,30879.9885611853,88
15836,141,Egypt,31,85 to 89,30879.9885611853,89
15837,141,Egypt,32,90 to 94,8400.761235010545,90
15837,141,Egypt,32,90 to 94,8400.761235010545,91
15837,141,Egypt,32,90 to 94,8400.761235010545,92
15837,141,Egypt,32,90 to 94,8400.761235010545,93
15837,141,Egypt,32,90 to 94,8400.761235010545,94
15845,141,Egypt,235,95 plus,1572.5356951272568,95
15845,141,Egypt,235,95 plus,1572.5356951272568,96
15845,141,Egypt,235,95 plus,1572.5356951272568,97
15845,141,Egypt,235,95 plus,1572.5356951272568,98
15845,141,Egypt,235,95 plus,1572.5356951272568,99
15845,141,Egypt,235,95 plus,1572.5356951272568,100
15932,142,Iran (Islamic Republic of),11,30 to 34,1770661.9803518313,30
15932,142,Iran (Islamic Republic of),11,30 to 34,1770661.9803518313,31
15932,142,Iran (Islamic Republic of),11,30 to 34,1770661.9803518313,32
15932,142,Iran (Islamic Republic of),11,30 to 34,1770661.9803518313,33
15932,142,Iran (Islamic Republic of),11,30 to 34,1770661.9803518313,34
15933,142,Iran (Islamic Republic of),12,35 to 39,1680256.0251175724,35
15933,142,Iran (Islamic Republic of),12,35 to 39,1680256.0251175724,36
15933,142,Iran (Islamic Republic of),12,35 to 39,1680256.0251175724,37
15933,142,Iran (Islamic Republic of),12,35 to 39,1680256.0251175724,38
15933,142,Iran (Islamic Republic of),12,35 to 39,1680256.0251175724,39
15934,142,Iran (Islamic Republic of),13,40 to 44,1279054.403421569,40
15934,142,Iran (Islamic Republic of),13,40 to 44,1279054.403421569,41
15934,142,Iran (Islamic Republic of),13,40 to 44,1279054.403421569,42
15934,142,Iran (Islamic Republic of),13,40 to 44,1279054.403421569,43
15934,142,Iran (Islamic Republic of),13,40 to 44,1279054.403421569,44
15935,142,Iran (Islamic Republic of),14,45 to 49,1054165.473186487,45
15935,142,Iran (Islamic Republic of),14,45 to 49,1054165.473186487,46
15935,142,Iran (Islamic Republic of),14,45 to 49,1054165.473186487,47
15935,142,Iran (Islamic Republic of),14,45 to 49,1054165.473186487,48
15935,142,Iran (Islamic Republic of),14,45 to 49,1054165.473186487,49
15936,142,Iran (Islamic Republic of),15,50 to 54,898471.1253679146,50
15936,142,Iran (Islamic Republic of),15,50 to 54,898471.1253679146,51
15936,142,Iran (Islamic Republic of),15,50 to 54,898471.1253679146,52
15936,142,Iran (Islamic Republic of),15,50 to 54,898471.1253679146,53
15936,142,Iran (Islamic Republic of),15,50 to 54,898471.1253679146,54
15937,142,Iran (Islamic Republic of),16,55 to 59,716457.1795915216,55
15937,142,Iran (Islamic Republic of),16,55 to 59,716457.1795915216,56
15937,142,Iran (Islamic Republic of),16,55 to 59,716457.1795915216,57
15937,142,Iran (Islamic Republic of),16,55 to 59,716457.1795915216,58
15937,142,Iran (Islamic Republic of),16,55 to 59,716457.1795915216,59
15938,142,Iran (Islamic Republic of),17,60 to 64,599919.4543111705,60
15938,142,Iran (Islamic Republic of),17,60 to 64,599919.4543111705,61
15938,142,Iran (Islamic Republic of),17,60 to 64,599919.4543111705,62
15938,142,Iran (Islamic Republic of),17,60 to 64,599919.4543111705,63
15938,142,Iran (Islamic Republic of),17,60 to 64,599919.4543111705,64
15939,142,Iran (Islamic Republic of),18,65 to 69,415990.0909169194,65
15939,142,Iran (Islamic Republic of),18,65 to 69,415990.0909169194,66
15939,142,Iran (Islamic Republic of),18,65 to 69,415990.0909169194,67
15939,142,Iran (Islamic Republic of),18,65 to 69,415990.0909169194,68
15939,142,Iran (Islamic Republic of),18,65 to 69,415990.0909169194,69
15940,142,Iran (Islamic Republic of),19,70 to 74,273770.16476247343,70
15940,142,Iran (Islamic Republic of),19,70 to 74,273770.16476247343,71
15940,142,Iran (Islamic Republic of),19,70 to 74,273770.16476247343,72
15940,142,Iran (Islamic Republic of),19,70 to 74,273770.16476247343,73
15940,142,Iran (Islamic Republic of),19,70 to 74,273770.16476247343,74
15941,142,Iran (Islamic Republic of),20,75 to 79,181433.3661713233,75
15941,142,Iran (Islamic Republic of),20,75 to 79,181433.3661713233,76
15941,142,Iran (Islamic Republic of),20,75 to 79,181433.3661713233,77
15941,142,Iran (Islamic Republic of),20,75 to 79,181433.3661713233,78
15941,142,Iran (Islamic Republic of),20,75 to 79,181433.3661713233,79
15949,142,Iran (Islamic Republic of),30,80 to 84,133540.8243247069,80
15949,142,Iran (Islamic Republic of),30,80 to 84,133540.8243247069,81
15949,142,Iran (Islamic Republic of),30,80 to 84,133540.8243247069,82
15949,142,Iran (Islamic Republic of),30,80 to 84,133540.8243247069,83
15949,142,Iran (Islamic Republic of),30,80 to 84,133540.8243247069,84
15950,142,Iran (Islamic Republic of),31,85 to 89,75411.54316483572,85
15950,142,Iran (Islamic Republic of),31,85 to 89,75411.54316483572,86
15950,142,Iran (Islamic Republic of),31,85 to 89,75411.54316483572,87
15950,142,Iran (Islamic Republic of),31,85 to 89,75411.54316483572,88
15950,142,Iran (Islamic Republic of),31,85 to 89,75411.54316483572,89
15951,142,Iran (Islamic Republic of),32,90 to 94,24853.569370135338,90
15951,142,Iran (Islamic Republic of),32,90 to 94,24853.569370135338,91
15951,142,Iran (Islamic Republic of),32,90 to 94,24853.569370135338,92
15951,142,Iran (Islamic Republic of),32,90 to 94,24853.569370135338,93
15951,142,Iran (Islamic Republic of),32,90 to 94,24853.569370135338,94
15959,142,Iran (Islamic Republic of),235,95 plus,4480.2196337471405,95
15959,142,Iran (Islamic Republic of),235,95 plus,4480.2196337471405,96
15959,142,Iran (Islamic Republic of),235,95 plus,4480.2196337471405,97
15959,142,Iran (Islamic Republic of),235,95 plus,4480.2196337471405,98
15959,142,Iran (Islamic Republic of),235,95 plus,4480.2196337471405,99
15959,142,Iran (Islamic Republic of),235,95 plus,4480.2196337471405,100
16046,143,Iraq,11,30 to 34,661118.5559054512,30
16046,143,Iraq,11,30 to 34,661118.5559054512,31
16046,143,Iraq,11,30 to 34,661118.5559054512,32
16046,143,Iraq,11,30 to 34,661118.5559054512,33
16046,143,Iraq,11,30 to 34,661118.5559054512,34
16047,143,Iraq,12,35 to 39,512588.8086867432,35
16047,143,Iraq,12,35 to 39,512588.8086867432,36
16047,143,Iraq,12,35 to 39,512588.8086867432,37
16047,143,Iraq,12,35 to 39,512588.8086867432,38
16047,143,Iraq,12,35 to 39,512588.8086867432,39
16048,143,Iraq,13,40 to 44,466826.10321982874,40
16048,143,Iraq,13,40 to 44,466826.10321982874,41
16048,143,Iraq,13,40 to 44,466826.10321982874,42
16048,143,Iraq,13,40 to 44,466826.10321982874,43
16048,143,Iraq,13,40 to 44,466826.10321982874,44
16049,143,Iraq,14,45 to 49,421810.9247787767,45
16049,143,Iraq,14,45 to 49,421810.9247787767,46
16049,143,Iraq,14,45 to 49,421810.9247787767,47
16049,143,Iraq,14,45 to 49,421810.9247787767,48
16049,143,Iraq,14,45 to 49,421810.9247787767,49
16050,143,Iraq,15,50 to 54,309888.4876480984,50
16050,143,Iraq,15,50 to 54,309888.4876480984,51
16050,143,Iraq,15,50 to 54,309888.4876480984,52
16050,143,Iraq,15,50 to 54,309888.4876480984,53
16050,143,Iraq,15,50 to 54,309888.4876480984,54
16051,143,Iraq,16,55 to 59,232649.75377007845,55
16051,143,Iraq,16,55 to 59,232649.75377007845,56
16051,143,Iraq,16,55 to 59,232649.75377007845,57
16051,143,Iraq,16,55 to 59,232649.75377007845,58
16051,143,Iraq,16,55 to 59,232649.75377007845,59
16052,143,Iraq,17,60 to 64,178000.32348166587,60
16052,143,Iraq,17,60 to 64,178000.32348166587,61
16052,143,Iraq,17,60 to 64,178000.32348166587,62
16052,143,Iraq,17,60 to 64,178000.32348166587,63
16052,143,Iraq,17,60 to 64,178000.32348166587,64
16053,143,Iraq,18,65 to 69,130708.19757375187,65
16053,143,Iraq,18,65 to 69,130708.19757375187,66
16053,143,Iraq,18,65 to 69,130708.19757375187,67
16053,143,Iraq,18,65 to 69,130708.19757375187,68
16053,143,Iraq,18,65 to 69,130708.19757375187,69
16054,143,Iraq,19,70 to 74,88588.43652278927,70
16054,143,Iraq,19,70 to 74,88588.43652278927,71
16054,143,Iraq,19,70 to 74,88588.43652278927,72
16054,143,Iraq,19,70 to 74,88588.43652278927,73
16054,143,Iraq,19,70 to 74,88588.43652278927,74
16055,143,Iraq,20,75 to 79,54495.02244287219,75
16055,143,Iraq,20,75 to 79,54495.02244287219,76
16055,143,Iraq,20,75 to 79,54495.02244287219,77
16055,143,Iraq,20,75 to 79,54495.02244287219,78
16055,143,Iraq,20,75 to 79,54495.02244287219,79
16063,143,Iraq,30,80 to 84,30408.79687475683,80
16063,143,Iraq,30,80 to 84,30408.79687475683,81
16063,143,Iraq,30,80 to 84,30408.79687475683,82
16063,143,Iraq,30,80 to 84,30408.79687475683,83
16063,143,Iraq,30,80 to 84,30408.79687475683,84
16064,143,Iraq,31,85 to 89,14216.462539411068,85
16064,143,Iraq,31,85 to 89,14216.462539411068,86
16064,143,Iraq,31,85 to 89,14216.462539411068,87
16064,143,Iraq,31,85 to 89,14216.462539411068,88
16064,143,Iraq,31,85 to 89,14216.462539411068,89
16065,143,Iraq,32,90 to 94,5168.307946775294,90
16065,143,Iraq,32,90 to 94,5168.307946775294,91
16065,143,Iraq,32,90 to 94,5168.307946775294,92
16065,143,Iraq,32,90 to 94,5168.307946775294,93
16065,143,Iraq,32,90 to 94,5168.307946775294,94
16073,143,Iraq,235,95 plus,1118.2408898836013,95
16073,143,Iraq,235,95 plus,1118.2408898836013,96
16073,143,Iraq,235,95 plus,1118.2408898836013,97
16073,143,Iraq,235,95 plus,1118.2408898836013,98
16073,143,Iraq,235,95 plus,1118.2408898836013,99
16073,143,Iraq,235,95 plus,1118.2408898836013,100
16160,144,Jordan,11,30 to 34,174948.22935857973,30
16160,144,Jordan,11,30 to 34,174948.22935857973,31
16160,144,Jordan,11,30 to 34,174948.22935857973,32
16160,144,Jordan,11,30 to 34,174948.22935857973,33
16160,144,Jordan,11,30 to 34,174948.22935857973,34
16161,144,Jordan,12,35 to 39,165634.4639151317,35
16161,144,Jordan,12,35 to 39,165634.4639151317,36
16161,144,Jordan,12,35 to 39,165634.4639151317,37
16161,144,Jordan,12,35 to 39,165634.4639151317,38
16161,144,Jordan,12,35 to 39,165634.4639151317,39
16162,144,Jordan,13,40 to 44,140565.25649125624,40
16162,144,Jordan,13,40 to 44,140565.25649125624,41
16162,144,Jordan,13,40 to 44,140565.25649125624,42
16162,144,Jordan,13,40 to 44,140565.25649125624,43
16162,144,Jordan,13,40 to 44,140565.25649125624,44
16163,144,Jordan,14,45 to 49,124392.76408412501,45
16163,144,Jordan,14,45 to 49,124392.76408412501,46
16163,144,Jordan,14,45 to 49,124392.76408412501,47
16163,144,Jordan,14,45 to 49,124392.76408412501,48
16163,144,Jordan,14,45 to 49,124392.76408412501,49
16164,144,Jordan,15,50 to 54,101918.54386713746,50
16164,144,Jordan,15,50 to 54,101918.54386713746,51
16164,144,Jordan,15,50 to 54,101918.54386713746,52
16164,144,Jordan,15,50 to 54,101918.54386713746,53
16164,144,Jordan,15,50 to 54,101918.54386713746,54
16165,144,Jordan,16,55 to 59,74225.8669937274,55
16165,144,Jordan,16,55 to 59,74225.8669937274,56
16165,144,Jordan,16,55 to 59,74225.8669937274,57
16165,144,Jordan,16,55 to 59,74225.8669937274,58
16165,144,Jordan,16,55 to 59,74225.8669937274,59
16166,144,Jordan,17,60 to 64,49919.4311572981,60
16166,144,Jordan,17,60 to 64,49919.4311572981,61
16166,144,Jordan,17,60 to 64,49919.4311572981,62
16166,144,Jordan,17,60 to 64,49919.4311572981,63
16166,144,Jordan,17,60 to 64,49919.4311572981,64
16167,144,Jordan,18,65 to 69,34209.42535149921,65
16167,144,Jordan,18,65 to 69,34209.42535149921,66
16167,144,Jordan,18,65 to 69,34209.42535149921,67
16167,144,Jordan,18,65 to 69,34209.42535149921,68
16167,144,Jordan,18,65 to 69,34209.42535149921,69
16168,144,Jordan,19,70 to 74,25712.693944707615,70
16168,144,Jordan,19,70 to 74,25712.693944707615,71
16168,144,Jordan,19,70 to 74,25712.693944707615,72
16168,144,Jordan,19,70 to 74,25712.693944707615,73
16168,144,Jordan,19,70 to 74,25712.693944707615,74
16169,144,Jordan,20,75 to 79,16771.7183741876,75
16169,144,Jordan,20,75 to 79,16771.7183741876,76
16169,144,Jordan,20,75 to 79,16771.7183741876,77
16169,144,Jordan,20,75 to 79,16771.7183741876,78
16169,144,Jordan,20,75 to 79,16771.7183741876,79
16177,144,Jordan,30,80 to 84,8344.148202190869,80
16177,144,Jordan,30,80 to 84,8344.148202190869,81
16177,144,Jordan,30,80 to 84,8344.148202190869,82
16177,144,Jordan,30,80 to 84,8344.148202190869,83
16177,144,Jordan,30,80 to 84,8344.148202190869,84
16178,144,Jordan,31,85 to 89,3125.18798943829,85
16178,144,Jordan,31,85 to 89,3125.18798943829,86
16178,144,Jordan,31,85 to 89,3125.18798943829,87
16178,144,Jordan,31,85 to 89,3125.18798943829,88
16178,144,Jordan,31,85 to 89,3125.18798943829,89
16179,144,Jordan,32,90 to 94,953.4899327528825,90
16179,144,Jordan,32,90 to 94,953.4899327528825,91
16179,144,Jordan,32,90 to 94,953.4899327528825,92
16179,144,Jordan,32,90 to 94,953.4899327528825,93
16179,144,Jordan,32,90 to 94,953.4899327528825,94
16187,144,Jordan,235,95 plus,214.90090485550311,95
16187,144,Jordan,235,95 plus,214.90090485550311,96
16187,144,Jordan,235,95 plus,214.90090485550311,97
16187,144,Jordan,235,95 plus,214.90090485550311,98
16187,144,Jordan,235,95 plus,214.90090485550311,99
16187,144,Jordan,235,95 plus,214.90090485550311,100
16274,145,Kuwait,11,30 to 34,116379.70699864459,30
16274,145,Kuwait,11,30 to 34,116379.70699864459,31
16274,145,Kuwait,11,30 to 34,116379.70699864459,32
16274,145,Kuwait,11,30 to 34,116379.70699864459,33
16274,145,Kuwait,11,30 to 34,116379.70699864459,34
16275,145,Kuwait,12,35 to 39,110584.96795474004,35
16275,145,Kuwait,12,35 to 39,110584.96795474004,36
16275,145,Kuwait,12,35 to 39,110584.96795474004,37
16275,145,Kuwait,12,35 to 39,110584.96795474004,38
16275,145,Kuwait,12,35 to 39,110584.96795474004,39
16276,145,Kuwait,13,40 to 44,95436.79068682143,40
16276,145,Kuwait,13,40 to 44,95436.79068682143,41
16276,145,Kuwait,13,40 to 44,95436.79068682143,42
16276,145,Kuwait,13,40 to 44,95436.79068682143,43
16276,145,Kuwait,13,40 to 44,95436.79068682143,44
16277,145,Kuwait,14,45 to 49,69245.7732396634,45
16277,145,Kuwait,14,45 to 49,69245.7732396634,46
16277,145,Kuwait,14,45 to 49,69245.7732396634,47
16277,145,Kuwait,14,45 to 49,69245.7732396634,48
16277,145,Kuwait,14,45 to 49,69245.7732396634,49
16278,145,Kuwait,15,50 to 54,51422.093556693304,50
16278,145,Kuwait,15,50 to 54,51422.093556693304,51
16278,145,Kuwait,15,50 to 54,51422.093556693304,52
16278,145,Kuwait,15,50 to 54,51422.093556693304,53
16278,145,Kuwait,15,50 to 54,51422.093556693304,54
16279,145,Kuwait,16,55 to 59,30630.190526830578,55
16279,145,Kuwait,16,55 to 59,30630.190526830578,56
16279,145,Kuwait,16,55 to 59,30630.190526830578,57
16279,145,Kuwait,16,55 to 59,30630.190526830578,58
16279,145,Kuwait,16,55 to 59,30630.190526830578,59
16280,145,Kuwait,17,60 to 64,19497.49144665864,60
16280,145,Kuwait,17,60 to 64,19497.49144665864,61
16280,145,Kuwait,17,60 to 64,19497.49144665864,62
16280,145,Kuwait,17,60 to 64,19497.49144665864,63
16280,145,Kuwait,17,60 to 64,19497.49144665864,64
16281,145,Kuwait,18,65 to 69,10522.820479509848,65
16281,145,Kuwait,18,65 to 69,10522.820479509848,66
16281,145,Kuwait,18,65 to 69,10522.820479509848,67
16281,145,Kuwait,18,65 to 69,10522.820479509848,68
16281,145,Kuwait,18,65 to 69,10522.820479509848,69
16282,145,Kuwait,19,70 to 74,7990.720917643341,70
16282,145,Kuwait,19,70 to 74,7990.720917643341,71
16282,145,Kuwait,19,70 to 74,7990.720917643341,72
16282,145,Kuwait,19,70 to 74,7990.720917643341,73
16282,145,Kuwait,19,70 to 74,7990.720917643341,74
16283,145,Kuwait,20,75 to 79,4283.320618953537,75
16283,145,Kuwait,20,75 to 79,4283.320618953537,76
16283,145,Kuwait,20,75 to 79,4283.320618953537,77
16283,145,Kuwait,20,75 to 79,4283.320618953537,78
16283,145,Kuwait,20,75 to 79,4283.320618953537,79
16291,145,Kuwait,30,80 to 84,3026.6375623108474,80
16291,145,Kuwait,30,80 to 84,3026.6375623108474,81
16291,145,Kuwait,30,80 to 84,3026.6375623108474,82
16291,145,Kuwait,30,80 to 84,3026.6375623108474,83
16291,145,Kuwait,30,80 to 84,3026.6375623108474,84
16292,145,Kuwait,31,85 to 89,2212.0009238962984,85
16292,145,Kuwait,31,85 to 89,2212.0009238962984,86
16292,145,Kuwait,31,85 to 89,2212.0009238962984,87
16292,145,Kuwait,31,85 to 89,2212.0009238962984,88
16292,145,Kuwait,31,85 to 89,2212.0009238962984,89
16293,145,Kuwait,32,90 to 94,917.3405722959654,90
16293,145,Kuwait,32,90 to 94,917.3405722959654,91
16293,145,Kuwait,32,90 to 94,917.3405722959654,92
16293,145,Kuwait,32,90 to 94,917.3405722959654,93
16293,145,Kuwait,32,90 to 94,917.3405722959654,94
16301,145,Kuwait,235,95 plus,238.1338454849325,95
16301,145,Kuwait,235,95 plus,238.1338454849325,96
16301,145,Kuwait,235,95 plus,238.1338454849325,97
16301,145,Kuwait,235,95 plus,238.1338454849325,98
16301,145,Kuwait,235,95 plus,238.1338454849325,99
16301,145,Kuwait,235,95 plus,238.1338454849325,100
16388,146,Lebanon,11,30 to 34,97064.71831939273,30
16388,146,Lebanon,11,30 to 34,97064.71831939273,31
16388,146,Lebanon,11,30 to 34,97064.71831939273,32
16388,146,Lebanon,11,30 to 34,97064.71831939273,33
16388,146,Lebanon,11,30 to 34,97064.71831939273,34
16389,146,Lebanon,12,35 to 39,80476.79637533231,35
16389,146,Lebanon,12,35 to 39,80476.79637533231,36
16389,146,Lebanon,12,35 to 39,80476.79637533231,37
16389,146,Lebanon,12,35 to 39,80476.79637533231,38
16389,146,Lebanon,12,35 to 39,80476.79637533231,39
16390,146,Lebanon,13,40 to 44,64390.32446190084,40
16390,146,Lebanon,13,40 to 44,64390.32446190084,41
16390,146,Lebanon,13,40 to 44,64390.32446190084,42
16390,146,Lebanon,13,40 to 44,64390.32446190084,43
16390,146,Lebanon,13,40 to 44,64390.32446190084,44
16391,146,Lebanon,14,45 to 49,59455.002330651296,45
16391,146,Lebanon,14,45 to 49,59455.002330651296,46
16391,146,Lebanon,14,45 to 49,59455.002330651296,47
16391,146,Lebanon,14,45 to 49,59455.002330651296,48
16391,146,Lebanon,14,45 to 49,59455.002330651296,49
16392,146,Lebanon,15,50 to 54,50502.74128536284,50
16392,146,Lebanon,15,50 to 54,50502.74128536284,51
16392,146,Lebanon,15,50 to 54,50502.74128536284,52
16392,146,Lebanon,15,50 to 54,50502.74128536284,53
16392,146,Lebanon,15,50 to 54,50502.74128536284,54
16393,146,Lebanon,16,55 to 59,44981.780373878035,55
16393,146,Lebanon,16,55 to 59,44981.780373878035,56
16393,146,Lebanon,16,55 to 59,44981.780373878035,57
16393,146,Lebanon,16,55 to 59,44981.780373878035,58
16393,146,Lebanon,16,55 to 59,44981.780373878035,59
16394,146,Lebanon,17,60 to 64,34288.66802293299,60
16394,146,Lebanon,17,60 to 64,34288.66802293299,61
16394,146,Lebanon,17,60 to 64,34288.66802293299,62
16394,146,Lebanon,17,60 to 64,34288.66802293299,63
16394,146,Lebanon,17,60 to 64,34288.66802293299,64
16395,146,Lebanon,18,65 to 69,29861.828720740676,65
16395,146,Lebanon,18,65 to 69,29861.828720740676,66
16395,146,Lebanon,18,65 to 69,29861.828720740676,67
16395,146,Lebanon,18,65 to 69,29861.828720740676,68
16395,146,Lebanon,18,65 to 69,29861.828720740676,69
16396,146,Lebanon,19,70 to 74,24783.806724520637,70
16396,146,Lebanon,19,70 to 74,24783.806724520637,71
16396,146,Lebanon,19,70 to 74,24783.806724520637,72
16396,146,Lebanon,19,70 to 74,24783.806724520637,73
16396,146,Lebanon,19,70 to 74,24783.806724520637,74
16397,146,Lebanon,20,75 to 79,18178.02788103387,75
16397,146,Lebanon,20,75 to 79,18178.02788103387,76
16397,146,Lebanon,20,75 to 79,18178.02788103387,77
16397,146,Lebanon,20,75 to 79,18178.02788103387,78
16397,146,Lebanon,20,75 to 79,18178.02788103387,79
16405,146,Lebanon,30,80 to 84,12292.756750268609,80
16405,146,Lebanon,30,80 to 84,12292.756750268609,81
16405,146,Lebanon,30,80 to 84,12292.756750268609,82
16405,146,Lebanon,30,80 to 84,12292.756750268609,83
16405,146,Lebanon,30,80 to 84,12292.756750268609,84
16406,146,Lebanon,31,85 to 89,6259.47236813137,85
16406,146,Lebanon,31,85 to 89,6259.47236813137,86
16406,146,Lebanon,31,85 to 89,6259.47236813137,87
16406,146,Lebanon,31,85 to 89,6259.47236813137,88
16406,146,Lebanon,31,85 to 89,6259.47236813137,89
16407,146,Lebanon,32,90 to 94,2146.245514257539,90
16407,146,Lebanon,32,90 to 94,2146.245514257539,91
16407,146,Lebanon,32,90 to 94,2146.245514257539,92
16407,146,Lebanon,32,90 to 94,2146.245514257539,93
16407,146,Lebanon,32,90 to 94,2146.245514257539,94
16415,146,Lebanon,235,95 plus,365.045374563414,95
16415,146,Lebanon,235,95 plus,365.045374563414,96
16415,146,Lebanon,235,95 plus,365.045374563414,97
16415,146,Lebanon,235,95 plus,365.045374563414,98
16415,146,Lebanon,235,95 plus,365.045374563414,99
16415,146,Lebanon,235,95 plus,365.045374563414,100
16502,147,Libya,11,30 to 34,125656.38568049153,30
16502,147,Libya,11,30 to 34,125656.38568049153,31
16502,147,Libya,11,30 to 34,125656.38568049153,32
16502,147,Libya,11,30 to 34,125656.38568049153,33
16502,147,Libya,11,30 to 34,125656.38568049153,34
16503,147,Libya,12,35 to 39,125553.13862523288,35
16503,147,Libya,12,35 to 39,125553.13862523288,36
16503,147,Libya,12,35 to 39,125553.13862523288,37
16503,147,Libya,12,35 to 39,125553.13862523288,38
16503,147,Libya,12,35 to 39,125553.13862523288,39
16504,147,Libya,13,40 to 44,118040.71527887028,40
16504,147,Libya,13,40 to 44,118040.71527887028,41
16504,147,Libya,13,40 to 44,118040.71527887028,42
16504,147,Libya,13,40 to 44,118040.71527887028,43
16504,147,Libya,13,40 to 44,118040.71527887028,44
16505,147,Libya,14,45 to 49,98329.52010716239,45
16505,147,Libya,14,45 to 49,98329.52010716239,46
16505,147,Libya,14,45 to 49,98329.52010716239,47
16505,147,Libya,14,45 to 49,98329.52010716239,48
16505,147,Libya,14,45 to 49,98329.52010716239,49
16506,147,Libya,15,50 to 54,73573.15998746018,50
16506,147,Libya,15,50 to 54,73573.15998746018,51
16506,147,Libya,15,50 to 54,73573.15998746018,52
16506,147,Libya,15,50 to 54,73573.15998746018,53
16506,147,Libya,15,50 to 54,73573.15998746018,54
16507,147,Libya,16,55 to 59,50984.85783815403,55
16507,147,Libya,16,55 to 59,50984.85783815403,56
16507,147,Libya,16,55 to 59,50984.85783815403,57
16507,147,Libya,16,55 to 59,50984.85783815403,58
16507,147,Libya,16,55 to 59,50984.85783815403,59
16508,147,Libya,17,60 to 64,35847.31919723249,60
16508,147,Libya,17,60 to 64,35847.31919723249,61
16508,147,Libya,17,60 to 64,35847.31919723249,62
16508,147,Libya,17,60 to 64,35847.31919723249,63
16508,147,Libya,17,60 to 64,35847.31919723249,64
16509,147,Libya,18,65 to 69,24882.215883244528,65
16509,147,Libya,18,65 to 69,24882.215883244528,66
16509,147,Libya,18,65 to 69,24882.215883244528,67
16509,147,Libya,18,65 to 69,24882.215883244528,68
16509,147,Libya,18,65 to 69,24882.215883244528,69
16510,147,Libya,19,70 to 74,18176.631581159592,70
16510,147,Libya,19,70 to 74,18176.631581159592,71
16510,147,Libya,19,70 to 74,18176.631581159592,72
16510,147,Libya,19,70 to 74,18176.631581159592,73
16510,147,Libya,19,70 to 74,18176.631581159592,74
16511,147,Libya,20,75 to 79,12678.782492819108,75
16511,147,Libya,20,75 to 79,12678.782492819108,76
16511,147,Libya,20,75 to 79,12678.782492819108,77
16511,147,Libya,20,75 to 79,12678.782492819108,78
16511,147,Libya,20,75 to 79,12678.782492819108,79
16519,147,Libya,30,80 to 84,8394.215692269685,80
16519,147,Libya,30,80 to 84,8394.215692269685,81
16519,147,Libya,30,80 to 84,8394.215692269685,82
16519,147,Libya,30,80 to 84,8394.215692269685,83
16519,147,Libya,30,80 to 84,8394.215692269685,84
16520,147,Libya,31,85 to 89,4785.9707747790335,85
16520,147,Libya,31,85 to 89,4785.9707747790335,86
16520,147,Libya,31,85 to 89,4785.9707747790335,87
16520,147,Libya,31,85 to 89,4785.9707747790335,88
16520,147,Libya,31,85 to 89,4785.9707747790335,89
16521,147,Libya,32,90 to 94,1902.8794455132415,90
16521,147,Libya,32,90 to 94,1902.8794455132415,91
16521,147,Libya,32,90 to 94,1902.8794455132415,92
16521,147,Libya,32,90 to 94,1902.8794455132415,93
16521,147,Libya,32,90 to 94,1902.8794455132415,94
16529,147,Libya,235,95 plus,468.98761702703376,95
16529,147,Libya,235,95 plus,468.98761702703376,96
16529,147,Libya,235,95 plus,468.98761702703376,97
16529,147,Libya,235,95 plus,468.98761702703376,98
16529,147,Libya,235,95 plus,468.98761702703376,99
16529,147,Libya,235,95 plus,468.98761702703376,100
16616,148,Morocco,11,30 to 34,571546.9938155506,30
16616,148,Morocco,11,30 to 34,571546.9938155506,31
16616,148,Morocco,11,30 to 34,571546.9938155506,32
16616,148,Morocco,11,30 to 34,571546.9938155506,33
16616,148,Morocco,11,30 to 34,571546.9938155506,34
16617,148,Morocco,12,35 to 39,536923.6397708755,35
16617,148,Morocco,12,35 to 39,536923.6397708755,36
16617,148,Morocco,12,35 to 39,536923.6397708755,37
16617,148,Morocco,12,35 to 39,536923.6397708755,38
16617,148,Morocco,12,35 to 39,536923.6397708755,39
16618,148,Morocco,13,40 to 44,484128.9099245531,40
16618,148,Morocco,13,40 to 44,484128.9099245531,41
16618,148,Morocco,13,40 to 44,484128.9099245531,42
16618,148,Morocco,13,40 to 44,484128.9099245531,43
16618,148,Morocco,13,40 to 44,484128.9099245531,44
16619,148,Morocco,14,45 to 49,425958.79076028743,45
16619,148,Morocco,14,45 to 49,425958.79076028743,46
16619,148,Morocco,14,45 to 49,425958.79076028743,47
16619,148,Morocco,14,45 to 49,425958.79076028743,48
16619,148,Morocco,14,45 to 49,425958.79076028743,49
16620,148,Morocco,15,50 to 54,379753.3806637794,50
16620,148,Morocco,15,50 to 54,379753.3806637794,51
16620,148,Morocco,15,50 to 54,379753.3806637794,52
16620,148,Morocco,15,50 to 54,379753.3806637794,53
16620,148,Morocco,15,50 to 54,379753.3806637794,54
16621,148,Morocco,16,55 to 59,344881.2372266287,55
16621,148,Morocco,16,55 to 59,344881.2372266287,56
16621,148,Morocco,16,55 to 59,344881.2372266287,57
16621,148,Morocco,16,55 to 59,344881.2372266287,58
16621,148,Morocco,16,55 to 59,344881.2372266287,59
16622,148,Morocco,17,60 to 64,277946.2741639375,60
16622,148,Morocco,17,60 to 64,277946.2741639375,61
16622,148,Morocco,17,60 to 64,277946.2741639375,62
16622,148,Morocco,17,60 to 64,277946.2741639375,63
16622,148,Morocco,17,60 to 64,277946.2741639375,64
16623,148,Morocco,18,65 to 69,190040.15967438632,65
16623,148,Morocco,18,65 to 69,190040.15967438632,66
16623,148,Morocco,18,65 to 69,190040.15967438632,67
16623,148,Morocco,18,65 to 69,190040.15967438632,68
16623,148,Morocco,18,65 to 69,190040.15967438632,69
16624,148,Morocco,19,70 to 74,116999.30215695756,70
16624,148,Morocco,19,70 to 74,116999.30215695756,71
16624,148,Morocco,19,70 to 74,116999.30215695756,72
16624,148,Morocco,19,70 to 74,116999.30215695756,73
16624,148,Morocco,19,70 to 74,116999.30215695756,74
16625,148,Morocco,20,75 to 79,79107.56620026383,75
16625,148,Morocco,20,75 to 79,79107.56620026383,76
16625,148,Morocco,20,75 to 79,79107.56620026383,77
16625,148,Morocco,20,75 to 79,79107.56620026383,78
16625,148,Morocco,20,75 to 79,79107.56620026383,79
16633,148,Morocco,30,80 to 84,48890.08686420451,80
16633,148,Morocco,30,80 to 84,48890.08686420451,81
16633,148,Morocco,30,80 to 84,48890.08686420451,82
16633,148,Morocco,30,80 to 84,48890.08686420451,83
16633,148,Morocco,30,80 to 84,48890.08686420451,84
16634,148,Morocco,31,85 to 89,22031.396525506898,85
16634,148,Morocco,31,85 to 89,22031.396525506898,86
16634,148,Morocco,31,85 to 89,22031.396525506898,87
16634,148,Morocco,31,85 to 89,22031.396525506898,88
16634,148,Morocco,31,85 to 89,22031.396525506898,89
16635,148,Morocco,32,90 to 94,7886.7813440730515,90
16635,148,Morocco,32,90 to 94,7886.7813440730515,91
16635,148,Morocco,32,90 to 94,7886.7813440730515,92
16635,148,Morocco,32,90 to 94,7886.7813440730515,93
16635,148,Morocco,32,90 to 94,7886.7813440730515,94
16643,148,Morocco,235,95 plus,1620.2186287712784,95
16643,148,Morocco,235,95 plus,1620.2186287712784,96
16643,148,Morocco,235,95 plus,1620.2186287712784,97
16643,148,Morocco,235,95 plus,1620.2186287712784,98
16643,148,Morocco,235,95 plus,1620.2186287712784,99
16643,148,Morocco,235,95 plus,1620.2186287712784,100
16730,149,Palestine,11,30 to 34,68897.82959612166,30
16730,149,Palestine,11,30 to 34,68897.82959612166,31
16730,149,Palestine,11,30 to 34,68897.82959612166,32
16730,149,Palestine,11,30 to 34,68897.82959612166,33
16730,149,Palestine,11,30 to 34,68897.82959612166,34
16731,149,Palestine,12,35 to 39,55982.72257164932,35
16731,149,Palestine,12,35 to 39,55982.72257164932,36
16731,149,Palestine,12,35 to 39,55982.72257164932,37
16731,149,Palestine,12,35 to 39,55982.72257164932,38
16731,149,Palestine,12,35 to 39,55982.72257164932,39
16732,149,Palestine,13,40 to 44,48774.76165037848,40
16732,149,Palestine,13,40 to 44,48774.76165037848,41
16732,149,Palestine,13,40 to 44,48774.76165037848,42
16732,149,Palestine,13,40 to 44,48774.76165037848,43
16732,149,Palestine,13,40 to 44,48774.76165037848,44
16733,149,Palestine,14,45 to 49,40572.60391208147,45
16733,149,Palestine,14,45 to 49,40572.60391208147,46
16733,149,Palestine,14,45 to 49,40572.60391208147,47
16733,149,Palestine,14,45 to 49,40572.60391208147,48
16733,149,Palestine,14,45 to 49,40572.60391208147,49
16734,149,Palestine,15,50 to 54,34953.11817945005,50
16734,149,Palestine,15,50 to 54,34953.11817945005,51
16734,149,Palestine,15,50 to 54,34953.11817945005,52
16734,149,Palestine,15,50 to 54,34953.11817945005,53
16734,149,Palestine,15,50 to 54,34953.11817945005,54
16735,149,Palestine,16,55 to 59,27140.206637044514,55
16735,149,Palestine,16,55 to 59,27140.206637044514,56
16735,149,Palestine,16,55 to 59,27140.206637044514,57
16735,149,Palestine,16,55 to 59,27140.206637044514,58
16735,149,Palestine,16,55 to 59,27140.206637044514,59
16736,149,Palestine,17,60 to 64,18558.496711433418,60
16736,149,Palestine,17,60 to 64,18558.496711433418,61
16736,149,Palestine,17,60 to 64,18558.496711433418,62
16736,149,Palestine,17,60 to 64,18558.496711433418,63
16736,149,Palestine,17,60 to 64,18558.496711433418,64
16737,149,Palestine,18,65 to 69,13038.985667562132,65
16737,149,Palestine,18,65 to 69,13038.985667562132,66
16737,149,Palestine,18,65 to 69,13038.985667562132,67
16737,149,Palestine,18,65 to 69,13038.985667562132,68
16737,149,Palestine,18,65 to 69,13038.985667562132,69
16738,149,Palestine,19,70 to 74,8739.53836216785,70
16738,149,Palestine,19,70 to 74,8739.53836216785,71
16738,149,Palestine,19,70 to 74,8739.53836216785,72
16738,149,Palestine,19,70 to 74,8739.53836216785,73
16738,149,Palestine,19,70 to 74,8739.53836216785,74
16739,149,Palestine,20,75 to 79,5389.518574856031,75
16739,149,Palestine,20,75 to 79,5389.518574856031,76
16739,149,Palestine,20,75 to 79,5389.518574856031,77
16739,149,Palestine,20,75 to 79,5389.518574856031,78
16739,149,Palestine,20,75 to 79,5389.518574856031,79
16747,149,Palestine,30,80 to 84,2985.475900601436,80
16747,149,Palestine,30,80 to 84,2985.475900601436,81
16747,149,Palestine,30,80 to 84,2985.475900601436,82
16747,149,Palestine,30,80 to 84,2985.475900601436,83
16747,149,Palestine,30,80 to 84,2985.475900601436,84
16748,149,Palestine,31,85 to 89,1516.1201849359097,85
16748,149,Palestine,31,85 to 89,1516.1201849359097,86
16748,149,Palestine,31,85 to 89,1516.1201849359097,87
16748,149,Palestine,31,85 to 89,1516.1201849359097,88
16748,149,Palestine,31,85 to 89,1516.1201849359097,89
16749,149,Palestine,32,90 to 94,460.78971287168144,90
16749,149,Palestine,32,90 to 94,460.78971287168144,91
16749,149,Palestine,32,90 to 94,460.78971287168144,92
16749,149,Palestine,32,90 to 94,460.78971287168144,93
16749,149,Palestine,32,90 to 94,460.78971287168144,94
16757,149,Palestine,235,95 plus,94.10113841391349,95
16757,149,Palestine,235,95 plus,94.10113841391349,96
16757,149,Palestine,235,95 plus,94.10113841391349,97
16757,149,Palestine,235,95 plus,94.10113841391349,98
16757,149,Palestine,235,95 plus,94.10113841391349,99
16757,149,Palestine,235,95 plus,94.10113841391349,100
16844,150,Oman,11,30 to 34,142680.5458376376,30
16844,150,Oman,11,30 to 34,142680.5458376376,31
16844,150,Oman,11,30 to 34,142680.5458376376,32
16844,150,Oman,11,30 to 34,142680.5458376376,33
16844,150,Oman,11,30 to 34,142680.5458376376,34
16845,150,Oman,12,35 to 39,104664.85679379819,35
16845,150,Oman,12,35 to 39,104664.85679379819,36
16845,150,Oman,12,35 to 39,104664.85679379819,37
16845,150,Oman,12,35 to 39,104664.85679379819,38
16845,150,Oman,12,35 to 39,104664.85679379819,39
16846,150,Oman,13,40 to 44,68191.42360183531,40
16846,150,Oman,13,40 to 44,68191.42360183531,41
16846,150,Oman,13,40 to 44,68191.42360183531,42
16846,150,Oman,13,40 to 44,68191.42360183531,43
16846,150,Oman,13,40 to 44,68191.42360183531,44
16847,150,Oman,14,45 to 49,44922.43938239424,45
16847,150,Oman,14,45 to 49,44922.43938239424,46
16847,150,Oman,14,45 to 49,44922.43938239424,47
16847,150,Oman,14,45 to 49,44922.43938239424,48
16847,150,Oman,14,45 to 49,44922.43938239424,49
16848,150,Oman,15,50 to 54,30662.61101880941,50
16848,150,Oman,15,50 to 54,30662.61101880941,51
16848,150,Oman,15,50 to 54,30662.61101880941,52
16848,150,Oman,15,50 to 54,30662.61101880941,53
16848,150,Oman,15,50 to 54,30662.61101880941,54
16849,150,Oman,16,55 to 59,22278.531099220872,55
16849,150,Oman,16,55 to 59,22278.531099220872,56
16849,150,Oman,16,55 to 59,22278.531099220872,57
16849,150,Oman,16,55 to 59,22278.531099220872,58
16849,150,Oman,16,55 to 59,22278.531099220872,59
16850,150,Oman,17,60 to 64,13711.448932834548,60
16850,150,Oman,17,60 to 64,13711.448932834548,61
16850,150,Oman,17,60 to 64,13711.448932834548,62
16850,150,Oman,17,60 to 64,13711.448932834548,63
16850,150,Oman,17,60 to 64,13711.448932834548,64
16851,150,Oman,18,65 to 69,8279.403876699804,65
16851,150,Oman,18,65 to 69,8279.403876699804,66
16851,150,Oman,18,65 to 69,8279.403876699804,67
16851,150,Oman,18,65 to 69,8279.403876699804,68
16851,150,Oman,18,65 to 69,8279.403876699804,69
16852,150,Oman,19,70 to 74,5815.539979904796,70
16852,150,Oman,19,70 to 74,5815.539979904796,71
16852,150,Oman,19,70 to 74,5815.539979904796,72
16852,150,Oman,19,70 to 74,5815.539979904796,73
16852,150,Oman,19,70 to 74,5815.539979904796,74
16853,150,Oman,20,75 to 79,3026.603608289929,75
16853,150,Oman,20,75 to 79,3026.603608289929,76
16853,150,Oman,20,75 to 79,3026.603608289929,77
16853,150,Oman,20,75 to 79,3026.603608289929,78
16853,150,Oman,20,75 to 79,3026.603608289929,79
16861,150,Oman,30,80 to 84,1274.2801362247978,80
16861,150,Oman,30,80 to 84,1274.2801362247978,81
16861,150,Oman,30,80 to 84,1274.2801362247978,82
16861,150,Oman,30,80 to 84,1274.2801362247978,83
16861,150,Oman,30,80 to 84,1274.2801362247978,84
16862,150,Oman,31,85 to 89,442.7598272236346,85
16862,150,Oman,31,85 to 89,442.7598272236346,86
16862,150,Oman,31,85 to 89,442.7598272236346,87
16862,150,Oman,31,85 to 89,442.7598272236346,88
16862,150,Oman,31,85 to 89,442.7598272236346,89
16863,150,Oman,32,90 to 94,192.33679347987163,90
16863,150,Oman,32,90 to 94,192.33679347987163,91
16863,150,Oman,32,90 to 94,192.33679347987163,92
16863,150,Oman,32,90 to 94,192.33679347987163,93
16863,150,Oman,32,90 to 94,192.33679347987163,94
16871,150,Oman,235,95 plus,21.169704412421012,95
16871,150,Oman,235,95 plus,21.169704412421012,96
16871,150,Oman,235,95 plus,21.169704412421012,97
16871,150,Oman,235,95 plus,21.169704412421012,98
16871,150,Oman,235,95 plus,21.169704412421012,99
16871,150,Oman,235,95 plus,21.169704412421012,100
16958,151,Qatar,11,30 to 34,98538.39887777055,30
16958,151,Qatar,11,30 to 34,98538.39887777055,31
16958,151,Qatar,11,30 to 34,98538.39887777055,32
16958,151,Qatar,11,30 to 34,98538.39887777055,33
16958,151,Qatar,11,30 to 34,98538.39887777055,34
16959,151,Qatar,12,35 to 39,73152.18470626832,35
16959,151,Qatar,12,35 to 39,73152.18470626832,36
16959,151,Qatar,12,35 to 39,73152.18470626832,37
16959,151,Qatar,12,35 to 39,73152.18470626832,38
16959,151,Qatar,12,35 to 39,73152.18470626832,39
16960,151,Qatar,13,40 to 44,51375.06506911022,40
16960,151,Qatar,13,40 to 44,51375.06506911022,41
16960,151,Qatar,13,40 to 44,51375.06506911022,42
16960,151,Qatar,13,40 to 44,51375.06506911022,43
16960,151,Qatar,13,40 to 44,51375.06506911022,44
16961,151,Qatar,14,45 to 49,36910.60940334436,45
16961,151,Qatar,14,45 to 49,36910.60940334436,46
16961,151,Qatar,14,45 to 49,36910.60940334436,47
16961,151,Qatar,14,45 to 49,36910.60940334436,48
16961,151,Qatar,14,45 to 49,36910.60940334436,49
16962,151,Qatar,15,50 to 54,24326.135884981017,50
16962,151,Qatar,15,50 to 54,24326.135884981017,51
16962,151,Qatar,15,50 to 54,24326.135884981017,52
16962,151,Qatar,15,50 to 54,24326.135884981017,53
16962,151,Qatar,15,50 to 54,24326.135884981017,54
16963,151,Qatar,16,55 to 59,17476.15554320079,55
16963,151,Qatar,16,55 to 59,17476.15554320079,56
16963,151,Qatar,16,55 to 59,17476.15554320079,57
16963,151,Qatar,16,55 to 59,17476.15554320079,58
16963,151,Qatar,16,55 to 59,17476.15554320079,59
16964,151,Qatar,17,60 to 64,9527.999227525956,60
16964,151,Qatar,17,60 to 64,9527.999227525956,61
16964,151,Qatar,17,60 to 64,9527.999227525956,62
16964,151,Qatar,17,60 to 64,9527.999227525956,63
16964,151,Qatar,17,60 to 64,9527.999227525956,64
16965,151,Qatar,18,65 to 69,4515.554479407718,65
16965,151,Qatar,18,65 to 69,4515.554479407718,66
16965,151,Qatar,18,65 to 69,4515.554479407718,67
16965,151,Qatar,18,65 to 69,4515.554479407718,68
16965,151,Qatar,18,65 to 69,4515.554479407718,69
16966,151,Qatar,19,70 to 74,2003.3397900578668,70
16966,151,Qatar,19,70 to 74,2003.3397900578668,71
16966,151,Qatar,19,70 to 74,2003.3397900578668,72
16966,151,Qatar,19,70 to 74,2003.3397900578668,73
16966,151,Qatar,19,70 to 74,2003.3397900578668,74
16967,151,Qatar,20,75 to 79,743.0974455497792,75
16967,151,Qatar,20,75 to 79,743.0974455497792,76
16967,151,Qatar,20,75 to 79,743.0974455497792,77
16967,151,Qatar,20,75 to 79,743.0974455497792,78
16967,151,Qatar,20,75 to 79,743.0974455497792,79
16975,151,Qatar,30,80 to 84,232.833303891073,80
16975,151,Qatar,30,80 to 84,232.833303891073,81
16975,151,Qatar,30,80 to 84,232.833303891073,82
16975,151,Qatar,30,80 to 84,232.833303891073,83
16975,151,Qatar,30,80 to 84,232.833303891073,84
16976,151,Qatar,31,85 to 89,54.57359924177696,85
16976,151,Qatar,31,85 to 89,54.57359924177696,86
16976,151,Qatar,31,85 to 89,54.57359924177696,87
16976,151,Qatar,31,85 to 89,54.57359924177696,88
16976,151,Qatar,31,85 to 89,54.57359924177696,89
16977,151,Qatar,32,90 to 94,9.33540568823208,90
16977,151,Qatar,32,90 to 94,9.33540568823208,91
16977,151,Qatar,32,90 to 94,9.33540568823208,92
16977,151,Qatar,32,90 to 94,9.33540568823208,93
16977,151,Qatar,32,90 to 94,9.33540568823208,94
16985,151,Qatar,235,95 plus,0.8335316459857299,95
16985,151,Qatar,235,95 plus,0.8335316459857299,96
16985,151,Qatar,235,95 plus,0.8335316459857299,97
16985,151,Qatar,235,95 plus,0.8335316459857299,98
16985,151,Qatar,235,95 plus,0.8335316459857299,99
16985,151,Qatar,235,95 plus,0.8335316459857299,100
17072,152,Saudi Arabia,11,30 to 34,870118.5847469097,30
17072,152,Saudi Arabia,11,30 to 34,870118.5847469097,31
17072,152,Saudi Arabia,11,30 to 34,870118.5847469097,32
17072,152,Saudi Arabia,11,30 to 34,870118.5847469097,33
17072,152,Saudi Arabia,11,30 to 34,870118.5847469097,34
17073,152,Saudi Arabia,12,35 to 39,850107.0165039465,35
17073,152,Saudi Arabia,12,35 to 39,850107.0165039465,36
17073,152,Saudi Arabia,12,35 to 39,850107.0165039465,37
17073,152,Saudi Arabia,12,35 to 39,850107.0165039465,38
17073,152,Saudi Arabia,12,35 to 39,850107.0165039465,39
17074,152,Saudi Arabia,13,40 to 44,705923.2167140206,40
17074,152,Saudi Arabia,13,40 to 44,705923.2167140206,41
17074,152,Saudi Arabia,13,40 to 44,705923.2167140206,42
17074,152,Saudi Arabia,13,40 to 44,705923.2167140206,43
17074,152,Saudi Arabia,13,40 to 44,705923.2167140206,44
17075,152,Saudi Arabia,14,45 to 49,501436.0643703863,45
17075,152,Saudi Arabia,14,45 to 49,501436.0643703863,46
17075,152,Saudi Arabia,14,45 to 49,501436.0643703863,47
17075,152,Saudi Arabia,14,45 to 49,501436.0643703863,48
17075,152,Saudi Arabia,14,45 to 49,501436.0643703863,49
17076,152,Saudi Arabia,15,50 to 54,321806.0886587013,50
17076,152,Saudi Arabia,15,50 to 54,321806.0886587013,51
17076,152,Saudi Arabia,15,50 to 54,321806.0886587013,52
17076,152,Saudi Arabia,15,50 to 54,321806.0886587013,53
17076,152,Saudi Arabia,15,50 to 54,321806.0886587013,54
17077,152,Saudi Arabia,16,55 to 59,217239.77546357596,55
17077,152,Saudi Arabia,16,55 to 59,217239.77546357596,56
17077,152,Saudi Arabia,16,55 to 59,217239.77546357596,57
17077,152,Saudi Arabia,16,55 to 59,217239.77546357596,58
17077,152,Saudi Arabia,16,55 to 59,217239.77546357596,59
17078,152,Saudi Arabia,17,60 to 64,141229.3451510205,60
17078,152,Saudi Arabia,17,60 to 64,141229.3451510205,61
17078,152,Saudi Arabia,17,60 to 64,141229.3451510205,62
17078,152,Saudi Arabia,17,60 to 64,141229.3451510205,63
17078,152,Saudi Arabia,17,60 to 64,141229.3451510205,64
17079,152,Saudi Arabia,18,65 to 69,87923.74573794688,65
17079,152,Saudi Arabia,18,65 to 69,87923.74573794688,66
17079,152,Saudi Arabia,18,65 to 69,87923.74573794688,67
17079,152,Saudi Arabia,18,65 to 69,87923.74573794688,68
17079,152,Saudi Arabia,18,65 to 69,87923.74573794688,69
17080,152,Saudi Arabia,19,70 to 74,50624.15590606992,70
17080,152,Saudi Arabia,19,70 to 74,50624.15590606992,71
17080,152,Saudi Arabia,19,70 to 74,50624.15590606992,72
17080,152,Saudi Arabia,19,70 to 74,50624.15590606992,73
17080,152,Saudi Arabia,19,70 to 74,50624.15590606992,74
17081,152,Saudi Arabia,20,75 to 79,24763.947364464962,75
17081,152,Saudi Arabia,20,75 to 79,24763.947364464962,76
17081,152,Saudi Arabia,20,75 to 79,24763.947364464962,77
17081,152,Saudi Arabia,20,75 to 79,24763.947364464962,78
17081,152,Saudi Arabia,20,75 to 79,24763.947364464962,79
17089,152,Saudi Arabia,30,80 to 84,12231.057988460712,80
17089,152,Saudi Arabia,30,80 to 84,12231.057988460712,81
17089,152,Saudi Arabia,30,80 to 84,12231.057988460712,82
17089,152,Saudi Arabia,30,80 to 84,12231.057988460712,83
17089,152,Saudi Arabia,30,80 to 84,12231.057988460712,84
17090,152,Saudi Arabia,31,85 to 89,6100.761296935832,85
17090,152,Saudi Arabia,31,85 to 89,6100.761296935832,86
17090,152,Saudi Arabia,31,85 to 89,6100.761296935832,87
17090,152,Saudi Arabia,31,85 to 89,6100.761296935832,88
17090,152,Saudi Arabia,31,85 to 89,6100.761296935832,89
17091,152,Saudi Arabia,32,90 to 94,2951.3769517073824,90
17091,152,Saudi Arabia,32,90 to 94,2951.3769517073824,91
17091,152,Saudi Arabia,32,90 to 94,2951.3769517073824,92
17091,152,Saudi Arabia,32,90 to 94,2951.3769517073824,93
17091,152,Saudi Arabia,32,90 to 94,2951.3769517073824,94
17099,152,Saudi Arabia,235,95 plus,521.9377575073138,95
17099,152,Saudi Arabia,235,95 plus,521.9377575073138,96
17099,152,Saudi Arabia,235,95 plus,521.9377575073138,97
17099,152,Saudi Arabia,235,95 plus,521.9377575073138,98
17099,152,Saudi Arabia,235,95 plus,521.9377575073138,99
17099,152,Saudi Arabia,235,95 plus,521.9377575073138,100
17186,153,Syrian Arab Republic,11,30 to 34,136982.9356798187,30
17186,153,Syrian Arab Republic,11,30 to 34,136982.9356798187,31
17186,153,Syrian Arab Republic,11,30 to 34,136982.9356798187,32
17186,153,Syrian Arab Republic,11,30 to 34,136982.9356798187,33
17186,153,Syrian Arab Republic,11,30 to 34,136982.9356798187,34
17187,153,Syrian Arab Republic,12,35 to 39,202245.49332002847,35
17187,153,Syrian Arab Republic,12,35 to 39,202245.49332002847,36
17187,153,Syrian Arab Republic,12,35 to 39,202245.49332002847,37
17187,153,Syrian Arab Republic,12,35 to 39,202245.49332002847,38
17187,153,Syrian Arab Republic,12,35 to 39,202245.49332002847,39
17188,153,Syrian Arab Republic,13,40 to 44,195556.1717939328,40
17188,153,Syrian Arab Republic,13,40 to 44,195556.1717939328,41
17188,153,Syrian Arab Republic,13,40 to 44,195556.1717939328,42
17188,153,Syrian Arab Republic,13,40 to 44,195556.1717939328,43
17188,153,Syrian Arab Republic,13,40 to 44,195556.1717939328,44
17189,153,Syrian Arab Republic,14,45 to 49,187863.04918111995,45
17189,153,Syrian Arab Republic,14,45 to 49,187863.04918111995,46
17189,153,Syrian Arab Republic,14,45 to 49,187863.04918111995,47
17189,153,Syrian Arab Republic,14,45 to 49,187863.04918111995,48
17189,153,Syrian Arab Republic,14,45 to 49,187863.04918111995,49
17190,153,Syrian Arab Republic,15,50 to 54,171748.49750119096,50
17190,153,Syrian Arab Republic,15,50 to 54,171748.49750119096,51
17190,153,Syrian Arab Republic,15,50 to 54,171748.49750119096,52
17190,153,Syrian Arab Republic,15,50 to 54,171748.49750119096,53
17190,153,Syrian Arab Republic,15,50 to 54,171748.49750119096,54
17191,153,Syrian Arab Republic,16,55 to 59,141619.6002312521,55
17191,153,Syrian Arab Republic,16,55 to 59,141619.6002312521,56
17191,153,Syrian Arab Republic,16,55 to 59,141619.6002312521,57
17191,153,Syrian Arab Republic,16,55 to 59,141619.6002312521,58
17191,153,Syrian Arab Republic,16,55 to 59,141619.6002312521,59
17192,153,Syrian Arab Republic,17,60 to 64,104632.03645676273,60
17192,153,Syrian Arab Republic,17,60 to 64,104632.03645676273,61
17192,153,Syrian Arab Republic,17,60 to 64,104632.03645676273,62
17192,153,Syrian Arab Republic,17,60 to 64,104632.03645676273,63
17192,153,Syrian Arab Republic,17,60 to 64,104632.03645676273,64
17193,153,Syrian Arab Republic,18,65 to 69,78054.48931951981,65
17193,153,Syrian Arab Republic,18,65 to 69,78054.48931951981,66
17193,153,Syrian Arab Republic,18,65 to 69,78054.48931951981,67
17193,153,Syrian Arab Republic,18,65 to 69,78054.48931951981,68
17193,153,Syrian Arab Republic,18,65 to 69,78054.48931951981,69
17194,153,Syrian Arab Republic,19,70 to 74,48739.20271090669,70
17194,153,Syrian Arab Republic,19,70 to 74,48739.20271090669,71
17194,153,Syrian Arab Republic,19,70 to 74,48739.20271090669,72
17194,153,Syrian Arab Republic,19,70 to 74,48739.20271090669,73
17194,153,Syrian Arab Republic,19,70 to 74,48739.20271090669,74
17195,153,Syrian Arab Republic,20,75 to 79,31961.1636587695,75
17195,153,Syrian Arab Republic,20,75 to 79,31961.1636587695,76
17195,153,Syrian Arab Republic,20,75 to 79,31961.1636587695,77
17195,153,Syrian Arab Republic,20,75 to 79,31961.1636587695,78
17195,153,Syrian Arab Republic,20,75 to 79,31961.1636587695,79
17203,153,Syrian Arab Republic,30,80 to 84,17285.63123857097,80
17203,153,Syrian Arab Republic,30,80 to 84,17285.63123857097,81
17203,153,Syrian Arab Republic,30,80 to 84,17285.63123857097,82
17203,153,Syrian Arab Republic,30,80 to 84,17285.63123857097,83
17203,153,Syrian Arab Republic,30,80 to 84,17285.63123857097,84
17204,153,Syrian Arab Republic,31,85 to 89,7430.451412966133,85
17204,153,Syrian Arab Republic,31,85 to 89,7430.451412966133,86
17204,153,Syrian Arab Republic,31,85 to 89,7430.451412966133,87
17204,153,Syrian Arab Republic,31,85 to 89,7430.451412966133,88
17204,153,Syrian Arab Republic,31,85 to 89,7430.451412966133,89
17205,153,Syrian Arab Republic,32,90 to 94,1272.1702298458904,90
17205,153,Syrian Arab Republic,32,90 to 94,1272.1702298458904,91
17205,153,Syrian Arab Republic,32,90 to 94,1272.1702298458904,92
17205,153,Syrian Arab Republic,32,90 to 94,1272.1702298458904,93
17205,153,Syrian Arab Republic,32,90 to 94,1272.1702298458904,94
17213,153,Syrian Arab Republic,235,95 plus,161.73371547648915,95
17213,153,Syrian Arab Republic,235,95 plus,161.73371547648915,96
17213,153,Syrian Arab Republic,235,95 plus,161.73371547648915,97
17213,153,Syrian Arab Republic,235,95 plus,161.73371547648915,98
17213,153,Syrian Arab Republic,235,95 plus,161.73371547648915,99
17213,153,Syrian Arab Republic,235,95 plus,161.73371547648915,100
17300,154,Tunisia,11,30 to 34,188835.4338116178,30
17300,154,Tunisia,11,30 to 34,188835.4338116178,31
17300,154,Tunisia,11,30 to 34,188835.4338116178,32
17300,154,Tunisia,11,30 to 34,188835.4338116178,33
17300,154,Tunisia,11,30 to 34,188835.4338116178,34
17301,154,Tunisia,12,35 to 39,194811.9860120164,35
17301,154,Tunisia,12,35 to 39,194811.9860120164,36
17301,154,Tunisia,12,35 to 39,194811.9860120164,37
17301,154,Tunisia,12,35 to 39,194811.9860120164,38
17301,154,Tunisia,12,35 to 39,194811.9860120164,39
17302,154,Tunisia,13,40 to 44,174797.925275547,40
17302,154,Tunisia,13,40 to 44,174797.925275547,41
17302,154,Tunisia,13,40 to 44,174797.925275547,42
17302,154,Tunisia,13,40 to 44,174797.925275547,43
17302,154,Tunisia,13,40 to 44,174797.925275547,44
17303,154,Tunisia,14,45 to 49,146782.2849003211,45
17303,154,Tunisia,14,45 to 49,146782.2849003211,46
17303,154,Tunisia,14,45 to 49,146782.2849003211,47
17303,154,Tunisia,14,45 to 49,146782.2849003211,48
17303,154,Tunisia,14,45 to 49,146782.2849003211,49
17304,154,Tunisia,15,50 to 54,136810.8293871707,50
17304,154,Tunisia,15,50 to 54,136810.8293871707,51
17304,154,Tunisia,15,50 to 54,136810.8293871707,52
17304,154,Tunisia,15,50 to 54,136810.8293871707,53
17304,154,Tunisia,15,50 to 54,136810.8293871707,54
17305,154,Tunisia,16,55 to 59,126062.02721594954,55
17305,154,Tunisia,16,55 to 59,126062.02721594954,56
17305,154,Tunisia,16,55 to 59,126062.02721594954,57
17305,154,Tunisia,16,55 to 59,126062.02721594954,58
17305,154,Tunisia,16,55 to 59,126062.02721594954,59
17306,154,Tunisia,17,60 to 64,104841.48782489596,60
17306,154,Tunisia,17,60 to 64,104841.48782489596,61
17306,154,Tunisia,17,60 to 64,104841.48782489596,62
17306,154,Tunisia,17,60 to 64,104841.48782489596,63
17306,154,Tunisia,17,60 to 64,104841.48782489596,64
17307,154,Tunisia,18,65 to 69,78372.18673569155,65
17307,154,Tunisia,18,65 to 69,78372.18673569155,66
17307,154,Tunisia,18,65 to 69,78372.18673569155,67
17307,154,Tunisia,18,65 to 69,78372.18673569155,68
17307,154,Tunisia,18,65 to 69,78372.18673569155,69
17308,154,Tunisia,19,70 to 74,54448.254588641284,70
17308,154,Tunisia,19,70 to 74,54448.254588641284,71
17308,154,Tunisia,19,70 to 74,54448.254588641284,72
17308,154,Tunisia,19,70 to 74,54448.254588641284,73
17308,154,Tunisia,19,70 to 74,54448.254588641284,74
17309,154,Tunisia,20,75 to 79,35908.95070968328,75
17309,154,Tunisia,20,75 to 79,35908.95070968328,76
17309,154,Tunisia,20,75 to 79,35908.95070968328,77
17309,154,Tunisia,20,75 to 79,35908.95070968328,78
17309,154,Tunisia,20,75 to 79,35908.95070968328,79
17317,154,Tunisia,30,80 to 84,23526.225770443758,80
17317,154,Tunisia,30,80 to 84,23526.225770443758,81
17317,154,Tunisia,30,80 to 84,23526.225770443758,82
17317,154,Tunisia,30,80 to 84,23526.225770443758,83
17317,154,Tunisia,30,80 to 84,23526.225770443758,84
17318,154,Tunisia,31,85 to 89,12232.120769673118,85
17318,154,Tunisia,31,85 to 89,12232.120769673118,86
17318,154,Tunisia,31,85 to 89,12232.120769673118,87
17318,154,Tunisia,31,85 to 89,12232.120769673118,88
17318,154,Tunisia,31,85 to 89,12232.120769673118,89
17319,154,Tunisia,32,90 to 94,4007.665935005629,90
17319,154,Tunisia,32,90 to 94,4007.665935005629,91
17319,154,Tunisia,32,90 to 94,4007.665935005629,92
17319,154,Tunisia,32,90 to 94,4007.665935005629,93
17319,154,Tunisia,32,90 to 94,4007.665935005629,94
17327,154,Tunisia,235,95 plus,882.7243656125765,95
17327,154,Tunisia,235,95 plus,882.7243656125765,96
17327,154,Tunisia,235,95 plus,882.7243656125765,97
17327,154,Tunisia,235,95 plus,882.7243656125765,98
17327,154,Tunisia,235,95 plus,882.7243656125765,99
17327,154,Tunisia,235,95 plus,882.7243656125765,100
17414,155,Turkey,11,30 to 34,1400801.900060734,30
17414,155,Turkey,11,30 to 34,1400801.900060734,31
17414,155,Turkey,11,30 to 34,1400801.900060734,32
17414,155,Turkey,11,30 to 34,1400801.900060734,33
17414,155,Turkey,11,30 to 34,1400801.900060734,34
17415,155,Turkey,12,35 to 39,1348177.1315212585,35
17415,155,Turkey,12,35 to 39,1348177.1315212585,36
17415,155,Turkey,12,35 to 39,1348177.1315212585,37
17415,155,Turkey,12,35 to 39,1348177.1315212585,38
17415,155,Turkey,12,35 to 39,1348177.1315212585,39
17416,155,Turkey,13,40 to 44,1270106.516303847,40
17416,155,Turkey,13,40 to 44,1270106.516303847,41
17416,155,Turkey,13,40 to 44,1270106.516303847,42
17416,155,Turkey,13,40 to 44,1270106.516303847,43
17416,155,Turkey,13,40 to 44,1270106.516303847,44
17417,155,Turkey,14,45 to 49,1053769.974217863,45
17417,155,Turkey,14,45 to 49,1053769.974217863,46
17417,155,Turkey,14,45 to 49,1053769.974217863,47
17417,155,Turkey,14,45 to 49,1053769.974217863,48
17417,155,Turkey,14,45 to 49,1053769.974217863,49
17418,155,Turkey,15,50 to 54,955133.3325652534,50
17418,155,Turkey,15,50 to 54,955133.3325652534,51
17418,155,Turkey,15,50 to 54,955133.3325652534,52
17418,155,Turkey,15,50 to 54,955133.3325652534,53
17418,155,Turkey,15,50 to 54,955133.3325652534,54
17419,155,Turkey,16,55 to 59,848215.7972894624,55
17419,155,Turkey,16,55 to 59,848215.7972894624,56
17419,155,Turkey,16,55 to 59,848215.7972894624,57
17419,155,Turkey,16,55 to 59,848215.7972894624,58
17419,155,Turkey,16,55 to 59,848215.7972894624,59
17420,155,Turkey,17,60 to 64,695717.9891658744,60
17420,155,Turkey,17,60 to 64,695717.9891658744,61
17420,155,Turkey,17,60 to 64,695717.9891658744,62
17420,155,Turkey,17,60 to 64,695717.9891658744,63
17420,155,Turkey,17,60 to 64,695717.9891658744,64
17421,155,Turkey,18,65 to 69,530654.1225004101,65
17421,155,Turkey,18,65 to 69,530654.1225004101,66
17421,155,Turkey,18,65 to 69,530654.1225004101,67
17421,155,Turkey,18,65 to 69,530654.1225004101,68
17421,155,Turkey,18,65 to 69,530654.1225004101,69
17422,155,Turkey,19,70 to 74,398783.6638426642,70
17422,155,Turkey,19,70 to 74,398783.6638426642,71
17422,155,Turkey,19,70 to 74,398783.6638426642,72
17422,155,Turkey,19,70 to 74,398783.6638426642,73
17422,155,Turkey,19,70 to 74,398783.6638426642,74
17423,155,Turkey,20,75 to 79,240005.27228362788,75
17423,155,Turkey,20,75 to 79,240005.27228362788,76
17423,155,Turkey,20,75 to 79,240005.27228362788,77
17423,155,Turkey,20,75 to 79,240005.27228362788,78
17423,155,Turkey,20,75 to 79,240005.27228362788,79
17431,155,Turkey,30,80 to 84,171234.23107800196,80
17431,155,Turkey,30,80 to 84,171234.23107800196,81
17431,155,Turkey,30,80 to 84,171234.23107800196,82
17431,155,Turkey,30,80 to 84,171234.23107800196,83
17431,155,Turkey,30,80 to 84,171234.23107800196,84
17432,155,Turkey,31,85 to 89,97800.48559840984,85
17432,155,Turkey,31,85 to 89,97800.48559840984,86
17432,155,Turkey,31,85 to 89,97800.48559840984,87
17432,155,Turkey,31,85 to 89,97800.48559840984,88
17432,155,Turkey,31,85 to 89,97800.48559840984,89
17433,155,Turkey,32,90 to 94,37789.63084866202,90
17433,155,Turkey,32,90 to 94,37789.63084866202,91
17433,155,Turkey,32,90 to 94,37789.63084866202,92
17433,155,Turkey,32,90 to 94,37789.63084866202,93
17433,155,Turkey,32,90 to 94,37789.63084866202,94
17441,155,Turkey,235,95 plus,8761.66789653639,95
17441,155,Turkey,235,95 plus,8761.66789653639,96
17441,155,Turkey,235,95 plus,8761.66789653639,97
17441,155,Turkey,235,95 plus,8761.66789653639,98
17441,155,Turkey,235,95 plus,8761.66789653639,99
17441,155,Turkey,235,95 plus,8761.66789653639,100
17528,156,United Arab Emirates,11,30 to 34,320101.42735250597,30
17528,156,United Arab Emirates,11,30 to 34,320101.42735250597,31
17528,156,United Arab Emirates,11,30 to 34,320101.42735250597,32
17528,156,United Arab Emirates,11,30 to 34,320101.42735250597,33
17528,156,United Arab Emirates,11,30 to 34,320101.42735250597,34
17529,156,United Arab Emirates,12,35 to 39,364209.68228751083,35
17529,156,United Arab Emirates,12,35 to 39,364209.68228751083,36
17529,156,United Arab Emirates,12,35 to 39,364209.68228751083,37
17529,156,United Arab Emirates,12,35 to 39,364209.68228751083,38
17529,156,United Arab Emirates,12,35 to 39,364209.68228751083,39
17530,156,United Arab Emirates,13,40 to 44,309787.4293481579,40
17530,156,United Arab Emirates,13,40 to 44,309787.4293481579,41
17530,156,United Arab Emirates,13,40 to 44,309787.4293481579,42
17530,156,United Arab Emirates,13,40 to 44,309787.4293481579,43
17530,156,United Arab Emirates,13,40 to 44,309787.4293481579,44
17531,156,United Arab Emirates,14,45 to 49,186761.31630328824,45
17531,156,United Arab Emirates,14,45 to 49,186761.31630328824,46
17531,156,United Arab Emirates,14,45 to 49,186761.31630328824,47
17531,156,United Arab Emirates,14,45 to 49,186761.31630328824,48
17531,156,United Arab Emirates,14,45 to 49,186761.31630328824,49
17532,156,United Arab Emirates,15,50 to 54,112175.88590676838,50
17532,156,United Arab Emirates,15,50 to 54,112175.88590676838,51
17532,156,United Arab Emirates,15,50 to 54,112175.88590676838,52
17532,156,United Arab Emirates,15,50 to 54,112175.88590676838,53
17532,156,United Arab Emirates,15,50 to 54,112175.88590676838,54
17533,156,United Arab Emirates,16,55 to 59,54898.52715324401,55
17533,156,United Arab Emirates,16,55 to 59,54898.52715324401,56
17533,156,United Arab Emirates,16,55 to 59,54898.52715324401,57
17533,156,United Arab Emirates,16,55 to 59,54898.52715324401,58
17533,156,United Arab Emirates,16,55 to 59,54898.52715324401,59
17534,156,United Arab Emirates,17,60 to 64,31148.14495937503,60
17534,156,United Arab Emirates,17,60 to 64,31148.14495937503,61
17534,156,United Arab Emirates,17,60 to 64,31148.14495937503,62
17534,156,United Arab Emirates,17,60 to 64,31148.14495937503,63
17534,156,United Arab Emirates,17,60 to 64,31148.14495937503,64
17535,156,United Arab Emirates,18,65 to 69,14370.928617395892,65
17535,156,United Arab Emirates,18,65 to 69,14370.928617395892,66
17535,156,United Arab Emirates,18,65 to 69,14370.928617395892,67
17535,156,United Arab Emirates,18,65 to 69,14370.928617395892,68
17535,156,United Arab Emirates,18,65 to 69,14370.928617395892,69
17536,156,United Arab Emirates,19,70 to 74,4833.324936111082,70
17536,156,United Arab Emirates,19,70 to 74,4833.324936111082,71
17536,156,United Arab Emirates,19,70 to 74,4833.324936111082,72
17536,156,United Arab Emirates,19,70 to 74,4833.324936111082,73
17536,156,United Arab Emirates,19,70 to 74,4833.324936111082,74
17537,156,United Arab Emirates,20,75 to 79,2018.2312940209758,75
17537,156,United Arab Emirates,20,75 to 79,2018.2312940209758,76
17537,156,United Arab Emirates,20,75 to 79,2018.2312940209758,77
17537,156,United Arab Emirates,20,75 to 79,2018.2312940209758,78
17537,156,United Arab Emirates,20,75 to 79,2018.2312940209758,79
17545,156,United Arab Emirates,30,80 to 84,853.1474562389407,80
17545,156,United Arab Emirates,30,80 to 84,853.1474562389407,81
17545,156,United Arab Emirates,30,80 to 84,853.1474562389407,82
17545,156,United Arab Emirates,30,80 to 84,853.1474562389407,83
17545,156,United Arab Emirates,30,80 to 84,853.1474562389407,84
17546,156,United Arab Emirates,31,85 to 89,284.8236830822626,85
17546,156,United Arab Emirates,31,85 to 89,284.8236830822626,86
17546,156,United Arab Emirates,31,85 to 89,284.8236830822626,87
17546,156,United Arab Emirates,31,85 to 89,284.8236830822626,88
17546,156,United Arab Emirates,31,85 to 89,284.8236830822626,89
17547,156,United Arab Emirates,32,90 to 94,66.6113846436904,90
17547,156,United Arab Emirates,32,90 to 94,66.6113846436904,91
17547,156,United Arab Emirates,32,90 to 94,66.6113846436904,92
17547,156,United Arab Emirates,32,90 to 94,66.6113846436904,93
17547,156,United Arab Emirates,32,90 to 94,66.6113846436904,94
17555,156,United Arab Emirates,235,95 plus,6.494334979296636,95
17555,156,United Arab Emirates,235,95 plus,6.494334979296636,96
17555,156,United Arab Emirates,235,95 plus,6.494334979296636,97
17555,156,United Arab Emirates,235,95 plus,6.494334979296636,98
17555,156,United Arab Emirates,235,95 plus,6.494334979296636,99
17555,156,United Arab Emirates,235,95 plus,6.494334979296636,100
17642,157,Yemen,11,30 to 34,473152.942268293,30
17642,157,Yemen,11,30 to 34,473152.942268293,31
17642,157,Yemen,11,30 to 34,473152.942268293,32
17642,157,Yemen,11,30 to 34,473152.942268293,33
17642,157,Yemen,11,30 to 34,473152.942268293,34
17643,157,Yemen,12,35 to 39,409526.1600900937,35
17643,157,Yemen,12,35 to 39,409526.1600900937,36
17643,157,Yemen,12,35 to 39,409526.1600900937,37
17643,157,Yemen,12,35 to 39,409526.1600900937,38
17643,157,Yemen,12,35 to 39,409526.1600900937,39
17644,157,Yemen,13,40 to 44,311546.2470581837,40
17644,157,Yemen,13,40 to 44,311546.2470581837,41
17644,157,Yemen,13,40 to 44,311546.2470581837,42
17644,157,Yemen,13,40 to 44,311546.2470581837,43
17644,157,Yemen,13,40 to 44,311546.2470581837,44
17645,157,Yemen,14,45 to 49,214857.06956890738,45
17645,157,Yemen,14,45 to 49,214857.06956890738,46
17645,157,Yemen,14,45 to 49,214857.06956890738,47
17645,157,Yemen,14,45 to 49,214857.06956890738,48
17645,157,Yemen,14,45 to 49,214857.06956890738,49
17646,157,Yemen,15,50 to 54,160860.9495490416,50
17646,157,Yemen,15,50 to 54,160860.9495490416,51
17646,157,Yemen,15,50 to 54,160860.9495490416,52
17646,157,Yemen,15,50 to 54,160860.9495490416,53
17646,157,Yemen,15,50 to 54,160860.9495490416,54
17647,157,Yemen,16,55 to 59,128620.93014999063,55
17647,157,Yemen,16,55 to 59,128620.93014999063,56
17647,157,Yemen,16,55 to 59,128620.93014999063,57
17647,157,Yemen,16,55 to 59,128620.93014999063,58
17647,157,Yemen,16,55 to 59,128620.93014999063,59
17648,157,Yemen,17,60 to 64,102996.07027855178,60
17648,157,Yemen,17,60 to 64,102996.07027855178,61
17648,157,Yemen,17,60 to 64,102996.07027855178,62
17648,157,Yemen,17,60 to 64,102996.07027855178,63
17648,157,Yemen,17,60 to 64,102996.07027855178,64
17649,157,Yemen,18,65 to 69,77323.11712808613,65
17649,157,Yemen,18,65 to 69,77323.11712808613,66
17649,157,Yemen,18,65 to 69,77323.11712808613,67
17649,157,Yemen,18,65 to 69,77323.11712808613,68
17649,157,Yemen,18,65 to 69,77323.11712808613,69
17650,157,Yemen,19,70 to 74,53323.64050879479,70
17650,157,Yemen,19,70 to 74,53323.64050879479,71
17650,157,Yemen,19,70 to 74,53323.64050879479,72
17650,157,Yemen,19,70 to 74,53323.64050879479,73
17650,157,Yemen,19,70 to 74,53323.64050879479,74
17651,157,Yemen,20,75 to 79,32748.287517103505,75
17651,157,Yemen,20,75 to 79,32748.287517103505,76
17651,157,Yemen,20,75 to 79,32748.287517103505,77
17651,157,Yemen,20,75 to 79,32748.287517103505,78
17651,157,Yemen,20,75 to 79,32748.287517103505,79
17659,157,Yemen,30,80 to 84,16915.70789757677,80
17659,157,Yemen,30,80 to 84,16915.70789757677,81
17659,157,Yemen,30,80 to 84,16915.70789757677,82
17659,157,Yemen,30,80 to 84,16915.70789757677,83
17659,157,Yemen,30,80 to 84,16915.70789757677,84
17660,157,Yemen,31,85 to 89,7271.841606357715,85
17660,157,Yemen,31,85 to 89,7271.841606357715,86
17660,157,Yemen,31,85 to 89,7271.841606357715,87
17660,157,Yemen,31,85 to 89,7271.841606357715,88
17660,157,Yemen,31,85 to 89,7271.841606357715,89
17661,157,Yemen,32,90 to 94,2262.8011000381703,90
17661,157,Yemen,32,90 to 94,2262.8011000381703,91
17661,157,Yemen,32,90 to 94,2262.8011000381703,92
17661,157,Yemen,32,90 to 94,2262.8011000381703,93
17661,157,Yemen,32,90 to 94,2262.8011000381703,94
17669,157,Yemen,235,95 plus,462.4891450824679,95
17669,157,Yemen,235,95 plus,462.4891450824679,96
17669,157,Yemen,235,95 plus,462.4891450824679,97
17669,157,Yemen,235,95 plus,462.4891450824679,98
17669,157,Yemen,235,95 plus,462.4891450824679,99
17669,157,Yemen,235,95 plus,462.4891450824679,100
17984,160,Afghanistan,11,30 to 34,427513.40819507104,30
17984,160,Afghanistan,11,30 to 34,427513.40819507104,31
17984,160,Afghanistan,11,30 to 34,427513.40819507104,32
17984,160,Afghanistan,11,30 to 34,427513.40819507104,33
17984,160,Afghanistan,11,30 to 34,427513.40819507104,34
17985,160,Afghanistan,12,35 to 39,327083.7953841356,35
17985,160,Afghanistan,12,35 to 39,327083.7953841356,36
17985,160,Afghanistan,12,35 to 39,327083.7953841356,37
17985,160,Afghanistan,12,35 to 39,327083.7953841356,38
17985,160,Afghanistan,12,35 to 39,327083.7953841356,39
17986,160,Afghanistan,13,40 to 44,282160.7774428673,40
17986,160,Afghanistan,13,40 to 44,282160.7774428673,41
17986,160,Afghanistan,13,40 to 44,282160.7774428673,42
17986,160,Afghanistan,13,40 to 44,282160.7774428673,43
17986,160,Afghanistan,13,40 to 44,282160.7774428673,44
17987,160,Afghanistan,14,45 to 49,343715.55691137625,45
17987,160,Afghanistan,14,45 to 49,343715.55691137625,46
17987,160,Afghanistan,14,45 to 49,343715.55691137625,47
17987,160,Afghanistan,14,45 to 49,343715.55691137625,48
17987,160,Afghanistan,14,45 to 49,343715.55691137625,49
17988,160,Afghanistan,15,50 to 54,236367.7943673691,50
17988,160,Afghanistan,15,50 to 54,236367.7943673691,51
17988,160,Afghanistan,15,50 to 54,236367.7943673691,52
17988,160,Afghanistan,15,50 to 54,236367.7943673691,53
17988,160,Afghanistan,15,50 to 54,236367.7943673691,54
17989,160,Afghanistan,16,55 to 59,109983.84470401084,55
17989,160,Afghanistan,16,55 to 59,109983.84470401084,56
17989,160,Afghanistan,16,55 to 59,109983.84470401084,57
17989,160,Afghanistan,16,55 to 59,109983.84470401084,58
17989,160,Afghanistan,16,55 to 59,109983.84470401084,59
17990,160,Afghanistan,17,60 to 64,60828.526883997336,60
17990,160,Afghanistan,17,60 to 64,60828.526883997336,61
17990,160,Afghanistan,17,60 to 64,60828.526883997336,62
17990,160,Afghanistan,17,60 to 64,60828.526883997336,63
17990,160,Afghanistan,17,60 to 64,60828.526883997336,64
17991,160,Afghanistan,18,65 to 69,57319.67685532408,65
17991,160,Afghanistan,18,65 to 69,57319.67685532408,66
17991,160,Afghanistan,18,65 to 69,57319.67685532408,67
17991,160,Afghanistan,18,65 to 69,57319.67685532408,68
17991,160,Afghanistan,18,65 to 69,57319.67685532408,69
17992,160,Afghanistan,19,70 to 74,44798.13990534672,70
17992,160,Afghanistan,19,70 to 74,44798.13990534672,71
17992,160,Afghanistan,19,70 to 74,44798.13990534672,72
17992,160,Afghanistan,19,70 to 74,44798.13990534672,73
17992,160,Afghanistan,19,70 to 74,44798.13990534672,74
17993,160,Afghanistan,20,75 to 79,29805.72509431991,75
17993,160,Afghanistan,20,75 to 79,29805.72509431991,76
17993,160,Afghanistan,20,75 to 79,29805.72509431991,77
17993,160,Afghanistan,20,75 to 79,29805.72509431991,78
17993,160,Afghanistan,20,75 to 79,29805.72509431991,79
18001,160,Afghanistan,30,80 to 84,16359.843799456032,80
18001,160,Afghanistan,30,80 to 84,16359.843799456032,81
18001,160,Afghanistan,30,80 to 84,16359.843799456032,82
18001,160,Afghanistan,30,80 to 84,16359.843799456032,83
18001,160,Afghanistan,30,80 to 84,16359.843799456032,84
18002,160,Afghanistan,31,85 to 89,6434.307370711361,85
18002,160,Afghanistan,31,85 to 89,6434.307370711361,86
18002,160,Afghanistan,31,85 to 89,6434.307370711361,87
18002,160,Afghanistan,31,85 to 89,6434.307370711361,88
18002,160,Afghanistan,31,85 to 89,6434.307370711361,89
18003,160,Afghanistan,32,90 to 94,1752.2289368852867,90
18003,160,Afghanistan,32,90 to 94,1752.2289368852867,91
18003,160,Afghanistan,32,90 to 94,1752.2289368852867,92
18003,160,Afghanistan,32,90 to 94,1752.2289368852867,93
18003,160,Afghanistan,32,90 to 94,1752.2289368852867,94
18011,160,Afghanistan,235,95 plus,278.5286026079654,95
18011,160,Afghanistan,235,95 plus,278.5286026079654,96
18011,160,Afghanistan,235,95 plus,278.5286026079654,97
18011,160,Afghanistan,235,95 plus,278.5286026079654,98
18011,160,Afghanistan,235,95 plus,278.5286026079654,99
18011,160,Afghanistan,235,95 plus,278.5286026079654,100
18098,161,Bangladesh,11,30 to 34,2563847.185269098,30
18098,161,Bangladesh,11,30 to 34,2563847.185269098,31
18098,161,Bangladesh,11,30 to 34,2563847.185269098,32
18098,161,Bangladesh,11,30 to 34,2563847.185269098,33
18098,161,Bangladesh,11,30 to 34,2563847.185269098,34
18099,161,Bangladesh,12,35 to 39,2232316.534548438,35
18099,161,Bangladesh,12,35 to 39,2232316.534548438,36
18099,161,Bangladesh,12,35 to 39,2232316.534548438,37
18099,161,Bangladesh,12,35 to 39,2232316.534548438,38
18099,161,Bangladesh,12,35 to 39,2232316.534548438,39
18100,161,Bangladesh,13,40 to 44,1975982.6188439257,40
18100,161,Bangladesh,13,40 to 44,1975982.6188439257,41
18100,161,Bangladesh,13,40 to 44,1975982.6188439257,42
18100,161,Bangladesh,13,40 to 44,1975982.6188439257,43
18100,161,Bangladesh,13,40 to 44,1975982.6188439257,44
18101,161,Bangladesh,14,45 to 49,1695998.6710787904,45
18101,161,Bangladesh,14,45 to 49,1695998.6710787904,46
18101,161,Bangladesh,14,45 to 49,1695998.6710787904,47
18101,161,Bangladesh,14,45 to 49,1695998.6710787904,48
18101,161,Bangladesh,14,45 to 49,1695998.6710787904,49
18102,161,Bangladesh,15,50 to 54,1439520.5160026473,50
18102,161,Bangladesh,15,50 to 54,1439520.5160026473,51
18102,161,Bangladesh,15,50 to 54,1439520.5160026473,52
18102,161,Bangladesh,15,50 to 54,1439520.5160026473,53
18102,161,Bangladesh,15,50 to 54,1439520.5160026473,54
18103,161,Bangladesh,16,55 to 59,1206258.3014627844,55
18103,161,Bangladesh,16,55 to 59,1206258.3014627844,56
18103,161,Bangladesh,16,55 to 59,1206258.3014627844,57
18103,161,Bangladesh,16,55 to 59,1206258.3014627844,58
18103,161,Bangladesh,16,55 to 59,1206258.3014627844,59
18104,161,Bangladesh,17,60 to 64,994222.746482894,60
18104,161,Bangladesh,17,60 to 64,994222.746482894,61
18104,161,Bangladesh,17,60 to 64,994222.746482894,62
18104,161,Bangladesh,17,60 to 64,994222.746482894,63
18104,161,Bangladesh,17,60 to 64,994222.746482894,64
18105,161,Bangladesh,18,65 to 69,776373.0337072534,65
18105,161,Bangladesh,18,65 to 69,776373.0337072534,66
18105,161,Bangladesh,18,65 to 69,776373.0337072534,67
18105,161,Bangladesh,18,65 to 69,776373.0337072534,68
18105,161,Bangladesh,18,65 to 69,776373.0337072534,69
18106,161,Bangladesh,19,70 to 74,597252.2658760964,70
18106,161,Bangladesh,19,70 to 74,597252.2658760964,71
18106,161,Bangladesh,19,70 to 74,597252.2658760964,72
18106,161,Bangladesh,19,70 to 74,597252.2658760964,73
18106,161,Bangladesh,19,70 to 74,597252.2658760964,74
18107,161,Bangladesh,20,75 to 79,410609.9435959478,75
18107,161,Bangladesh,20,75 to 79,410609.9435959478,76
18107,161,Bangladesh,20,75 to 79,410609.9435959478,77
18107,161,Bangladesh,20,75 to 79,410609.9435959478,78
18107,161,Bangladesh,20,75 to 79,410609.9435959478,79
18115,161,Bangladesh,30,80 to 84,239135.7306444024,80
18115,161,Bangladesh,30,80 to 84,239135.7306444024,81
18115,161,Bangladesh,30,80 to 84,239135.7306444024,82
18115,161,Bangladesh,30,80 to 84,239135.7306444024,83
18115,161,Bangladesh,30,80 to 84,239135.7306444024,84
18116,161,Bangladesh,31,85 to 89,110188.33702186655,85
18116,161,Bangladesh,31,85 to 89,110188.33702186655,86
18116,161,Bangladesh,31,85 to 89,110188.33702186655,87
18116,161,Bangladesh,31,85 to 89,110188.33702186655,88
18116,161,Bangladesh,31,85 to 89,110188.33702186655,89
18117,161,Bangladesh,32,90 to 94,30537.542377681726,90
18117,161,Bangladesh,32,90 to 94,30537.542377681726,91
18117,161,Bangladesh,32,90 to 94,30537.542377681726,92
18117,161,Bangladesh,32,90 to 94,30537.542377681726,93
18117,161,Bangladesh,32,90 to 94,30537.542377681726,94
18125,161,Bangladesh,235,95 plus,4259.16339680086,95
18125,161,Bangladesh,235,95 plus,4259.16339680086,96
18125,161,Bangladesh,235,95 plus,4259.16339680086,97
18125,161,Bangladesh,235,95 plus,4259.16339680086,98
18125,161,Bangladesh,235,95 plus,4259.16339680086,99
18125,161,Bangladesh,235,95 plus,4259.16339680086,100
18212,162,Bhutan,11,30 to 34,13797.414580652334,30
18212,162,Bhutan,11,30 to 34,13797.414580652334,31
18212,162,Bhutan,11,30 to 34,13797.414580652334,32
18212,162,Bhutan,11,30 to 34,13797.414580652334,33
18212,162,Bhutan,11,30 to 34,13797.414580652334,34
18213,162,Bhutan,12,35 to 39,11908.551743012069,35
18213,162,Bhutan,12,35 to 39,11908.551743012069,36
18213,162,Bhutan,12,35 to 39,11908.551743012069,37
18213,162,Bhutan,12,35 to 39,11908.551743012069,38
18213,162,Bhutan,12,35 to 39,11908.551743012069,39
18214,162,Bhutan,13,40 to 44,9336.507262127414,40
18214,162,Bhutan,13,40 to 44,9336.507262127414,41
18214,162,Bhutan,13,40 to 44,9336.507262127414,42
18214,162,Bhutan,13,40 to 44,9336.507262127414,43
18214,162,Bhutan,13,40 to 44,9336.507262127414,44
18215,162,Bhutan,14,45 to 49,7553.280919860187,45
18215,162,Bhutan,14,45 to 49,7553.280919860187,46
18215,162,Bhutan,14,45 to 49,7553.280919860187,47
18215,162,Bhutan,14,45 to 49,7553.280919860187,48
18215,162,Bhutan,14,45 to 49,7553.280919860187,49
18216,162,Bhutan,15,50 to 54,6232.928892634731,50
18216,162,Bhutan,15,50 to 54,6232.928892634731,51
18216,162,Bhutan,15,50 to 54,6232.928892634731,52
18216,162,Bhutan,15,50 to 54,6232.928892634731,53
18216,162,Bhutan,15,50 to 54,6232.928892634731,54
18217,162,Bhutan,16,55 to 59,5178.625812486981,55
18217,162,Bhutan,16,55 to 59,5178.625812486981,56
18217,162,Bhutan,16,55 to 59,5178.625812486981,57
18217,162,Bhutan,16,55 to 59,5178.625812486981,58
18217,162,Bhutan,16,55 to 59,5178.625812486981,59
18218,162,Bhutan,17,60 to 64,4240.5042359140525,60
18218,162,Bhutan,17,60 to 64,4240.5042359140525,61
18218,162,Bhutan,17,60 to 64,4240.5042359140525,62
18218,162,Bhutan,17,60 to 64,4240.5042359140525,63
18218,162,Bhutan,17,60 to 64,4240.5042359140525,64
18219,162,Bhutan,18,65 to 69,3403.6957072024948,65
18219,162,Bhutan,18,65 to 69,3403.6957072024948,66
18219,162,Bhutan,18,65 to 69,3403.6957072024948,67
18219,162,Bhutan,18,65 to 69,3403.6957072024948,68
18219,162,Bhutan,18,65 to 69,3403.6957072024948,69
18220,162,Bhutan,19,70 to 74,2484.4112052411574,70
18220,162,Bhutan,19,70 to 74,2484.4112052411574,71
18220,162,Bhutan,19,70 to 74,2484.4112052411574,72
18220,162,Bhutan,19,70 to 74,2484.4112052411574,73
18220,162,Bhutan,19,70 to 74,2484.4112052411574,74
18221,162,Bhutan,20,75 to 79,1676.2109215787884,75
18221,162,Bhutan,20,75 to 79,1676.2109215787884,76
18221,162,Bhutan,20,75 to 79,1676.2109215787884,77
18221,162,Bhutan,20,75 to 79,1676.2109215787884,78
18221,162,Bhutan,20,75 to 79,1676.2109215787884,79
18229,162,Bhutan,30,80 to 84,967.1063611399379,80
18229,162,Bhutan,30,80 to 84,967.1063611399379,81
18229,162,Bhutan,30,80 to 84,967.1063611399379,82
18229,162,Bhutan,30,80 to 84,967.1063611399379,83
18229,162,Bhutan,30,80 to 84,967.1063611399379,84
18230,162,Bhutan,31,85 to 89,432.3674607018829,85
18230,162,Bhutan,31,85 to 89,432.3674607018829,86
18230,162,Bhutan,31,85 to 89,432.3674607018829,87
18230,162,Bhutan,31,85 to 89,432.3674607018829,88
18230,162,Bhutan,31,85 to 89,432.3674607018829,89
18231,162,Bhutan,32,90 to 94,144.15278087421393,90
18231,162,Bhutan,32,90 to 94,144.15278087421393,91
18231,162,Bhutan,32,90 to 94,144.15278087421393,92
18231,162,Bhutan,32,90 to 94,144.15278087421393,93
18231,162,Bhutan,32,90 to 94,144.15278087421393,94
18239,162,Bhutan,235,95 plus,32.60301287146182,95
18239,162,Bhutan,235,95 plus,32.60301287146182,96
18239,162,Bhutan,235,95 plus,32.60301287146182,97
18239,162,Bhutan,235,95 plus,32.60301287146182,98
18239,162,Bhutan,235,95 plus,32.60301287146182,99
18239,162,Bhutan,235,95 plus,32.60301287146182,100
18326,163,India,11,30 to 34,22327760.058951534,30
18326,163,India,11,30 to 34,22327760.058951534,31
18326,163,India,11,30 to 34,22327760.058951534,32
18326,163,India,11,30 to 34,22327760.058951534,33
18326,163,India,11,30 to 34,22327760.058951534,34
18327,163,India,12,35 to 39,20313554.896221712,35
18327,163,India,12,35 to 39,20313554.896221712,36
18327,163,India,12,35 to 39,20313554.896221712,37
18327,163,India,12,35 to 39,20313554.896221712,38
18327,163,India,12,35 to 39,20313554.896221712,39
18328,163,India,13,40 to 44,17485410.089563444,40
18328,163,India,13,40 to 44,17485410.089563444,41
18328,163,India,13,40 to 44,17485410.089563444,42
18328,163,India,13,40 to 44,17485410.089563444,43
18328,163,India,13,40 to 44,17485410.089563444,44
18329,163,India,14,45 to 49,15198684.590819126,45
18329,163,India,14,45 to 49,15198684.590819126,46
18329,163,India,14,45 to 49,15198684.590819126,47
18329,163,India,14,45 to 49,15198684.590819126,48
18329,163,India,14,45 to 49,15198684.590819126,49
18330,163,India,15,50 to 54,12731352.235019322,50
18330,163,India,15,50 to 54,12731352.235019322,51
18330,163,India,15,50 to 54,12731352.235019322,52
18330,163,India,15,50 to 54,12731352.235019322,53
18330,163,India,15,50 to 54,12731352.235019322,54
18331,163,India,16,55 to 59,10637567.915123578,55
18331,163,India,16,55 to 59,10637567.915123578,56
18331,163,India,16,55 to 59,10637567.915123578,57
18331,163,India,16,55 to 59,10637567.915123578,58
18331,163,India,16,55 to 59,10637567.915123578,59
18332,163,India,17,60 to 64,8991591.120355295,60
18332,163,India,17,60 to 64,8991591.120355295,61
18332,163,India,17,60 to 64,8991591.120355295,62
18332,163,India,17,60 to 64,8991591.120355295,63
18332,163,India,17,60 to 64,8991591.120355295,64
18333,163,India,18,65 to 69,7329497.496820932,65
18333,163,India,18,65 to 69,7329497.496820932,66
18333,163,India,18,65 to 69,7329497.496820932,67
18333,163,India,18,65 to 69,7329497.496820932,68
18333,163,India,18,65 to 69,7329497.496820932,69
18334,163,India,19,70 to 74,5117094.954542929,70
18334,163,India,19,70 to 74,5117094.954542929,71
18334,163,India,19,70 to 74,5117094.954542929,72
18334,163,India,19,70 to 74,5117094.954542929,73
18334,163,India,19,70 to 74,5117094.954542929,74
18335,163,India,20,75 to 79,3292082.1696749693,75
18335,163,India,20,75 to 79,3292082.1696749693,76
18335,163,India,20,75 to 79,3292082.1696749693,77
18335,163,India,20,75 to 79,3292082.1696749693,78
18335,163,India,20,75 to 79,3292082.1696749693,79
18343,163,India,30,80 to 84,1846342.6652193167,80
18343,163,India,30,80 to 84,1846342.6652193167,81
18343,163,India,30,80 to 84,1846342.6652193167,82
18343,163,India,30,80 to 84,1846342.6652193167,83
18343,163,India,30,80 to 84,1846342.6652193167,84
18344,163,India,31,85 to 89,772008.970515042,85
18344,163,India,31,85 to 89,772008.970515042,86
18344,163,India,31,85 to 89,772008.970515042,87
18344,163,India,31,85 to 89,772008.970515042,88
18344,163,India,31,85 to 89,772008.970515042,89
18345,163,India,32,90 to 94,239730.5635671438,90
18345,163,India,32,90 to 94,239730.5635671438,91
18345,163,India,32,90 to 94,239730.5635671438,92
18345,163,India,32,90 to 94,239730.5635671438,93
18345,163,India,32,90 to 94,239730.5635671438,94
18353,163,India,235,95 plus,30105.468169822136,95
18353,163,India,235,95 plus,30105.468169822136,96
18353,163,India,235,95 plus,30105.468169822136,97
18353,163,India,235,95 plus,30105.468169822136,98
18353,163,India,235,95 plus,30105.468169822136,99
18353,163,India,235,95 plus,30105.468169822136,100
18440,164,Nepal,11,30 to 34,440990.02759771125,30
18440,164,Nepal,11,30 to 34,440990.02759771125,31
18440,164,Nepal,11,30 to 34,440990.02759771125,32
18440,164,Nepal,11,30 to 34,440990.02759771125,33
18440,164,Nepal,11,30 to 34,440990.02759771125,34
18441,164,Nepal,12,35 to 39,383748.5792829714,35
18441,164,Nepal,12,35 to 39,383748.5792829714,36
18441,164,Nepal,12,35 to 39,383748.5792829714,37
18441,164,Nepal,12,35 to 39,383748.5792829714,38
18441,164,Nepal,12,35 to 39,383748.5792829714,39
18442,164,Nepal,13,40 to 44,333315.5502992064,40
18442,164,Nepal,13,40 to 44,333315.5502992064,41
18442,164,Nepal,13,40 to 44,333315.5502992064,42
18442,164,Nepal,13,40 to 44,333315.5502992064,43
18442,164,Nepal,13,40 to 44,333315.5502992064,44
18443,164,Nepal,14,45 to 49,288183.9289920639,45
18443,164,Nepal,14,45 to 49,288183.9289920639,46
18443,164,Nepal,14,45 to 49,288183.9289920639,47
18443,164,Nepal,14,45 to 49,288183.9289920639,48
18443,164,Nepal,14,45 to 49,288183.9289920639,49
18444,164,Nepal,15,50 to 54,248105.16473561656,50
18444,164,Nepal,15,50 to 54,248105.16473561656,51
18444,164,Nepal,15,50 to 54,248105.16473561656,52
18444,164,Nepal,15,50 to 54,248105.16473561656,53
18444,164,Nepal,15,50 to 54,248105.16473561656,54
18445,164,Nepal,16,55 to 59,211939.47791522602,55
18445,164,Nepal,16,55 to 59,211939.47791522602,56
18445,164,Nepal,16,55 to 59,211939.47791522602,57
18445,164,Nepal,16,55 to 59,211939.47791522602,58
18445,164,Nepal,16,55 to 59,211939.47791522602,59
18446,164,Nepal,17,60 to 64,178114.97892087552,60
18446,164,Nepal,17,60 to 64,178114.97892087552,61
18446,164,Nepal,17,60 to 64,178114.97892087552,62
18446,164,Nepal,17,60 to 64,178114.97892087552,63
18446,164,Nepal,17,60 to 64,178114.97892087552,64
18447,164,Nepal,18,65 to 69,145800.3928237366,65
18447,164,Nepal,18,65 to 69,145800.3928237366,66
18447,164,Nepal,18,65 to 69,145800.3928237366,67
18447,164,Nepal,18,65 to 69,145800.3928237366,68
18447,164,Nepal,18,65 to 69,145800.3928237366,69
18448,164,Nepal,19,70 to 74,101702.75924630914,70
18448,164,Nepal,19,70 to 74,101702.75924630914,71
18448,164,Nepal,19,70 to 74,101702.75924630914,72
18448,164,Nepal,19,70 to 74,101702.75924630914,73
18448,164,Nepal,19,70 to 74,101702.75924630914,74
18449,164,Nepal,20,75 to 79,64353.52033102237,75
18449,164,Nepal,20,75 to 79,64353.52033102237,76
18449,164,Nepal,20,75 to 79,64353.52033102237,77
18449,164,Nepal,20,75 to 79,64353.52033102237,78
18449,164,Nepal,20,75 to 79,64353.52033102237,79
18457,164,Nepal,30,80 to 84,33926.83950805216,80
18457,164,Nepal,30,80 to 84,33926.83950805216,81
18457,164,Nepal,30,80 to 84,33926.83950805216,82
18457,164,Nepal,30,80 to 84,33926.83950805216,83
18457,164,Nepal,30,80 to 84,33926.83950805216,84
18458,164,Nepal,31,85 to 89,13726.265395115577,85
18458,164,Nepal,31,85 to 89,13726.265395115577,86
18458,164,Nepal,31,85 to 89,13726.265395115577,87
18458,164,Nepal,31,85 to 89,13726.265395115577,88
18458,164,Nepal,31,85 to 89,13726.265395115577,89
18459,164,Nepal,32,90 to 94,4115.854066271958,90
18459,164,Nepal,32,90 to 94,4115.854066271958,91
18459,164,Nepal,32,90 to 94,4115.854066271958,92
18459,164,Nepal,32,90 to 94,4115.854066271958,93
18459,164,Nepal,32,90 to 94,4115.854066271958,94
18467,164,Nepal,235,95 plus,863.7824513363089,95
18467,164,Nepal,235,95 plus,863.7824513363089,96
18467,164,Nepal,235,95 plus,863.7824513363089,97
18467,164,Nepal,235,95 plus,863.7824513363089,98
18467,164,Nepal,235,95 plus,863.7824513363089,99
18467,164,Nepal,235,95 plus,863.7824513363089,100
18554,165,Pakistan,11,30 to 34,3006219.1564670717,30
18554,165,Pakistan,11,30 to 34,3006219.1564670717,31
18554,165,Pakistan,11,30 to 34,3006219.1564670717,32
18554,165,Pakistan,11,30 to 34,3006219.1564670717,33
18554,165,Pakistan,11,30 to 34,3006219.1564670717,34
18555,165,Pakistan,12,35 to 39,2609703.688887813,35
18555,165,Pakistan,12,35 to 39,2609703.688887813,36
18555,165,Pakistan,12,35 to 39,2609703.688887813,37
18555,165,Pakistan,12,35 to 39,2609703.688887813,38
18555,165,Pakistan,12,35 to 39,2609703.688887813,39
18556,165,Pakistan,13,40 to 44,2211491.220081711,40
18556,165,Pakistan,13,40 to 44,2211491.220081711,41
18556,165,Pakistan,13,40 to 44,2211491.220081711,42
18556,165,Pakistan,13,40 to 44,2211491.220081711,43
18556,165,Pakistan,13,40 to 44,2211491.220081711,44
18557,165,Pakistan,14,45 to 49,1849887.2590567868,45
18557,165,Pakistan,14,45 to 49,1849887.2590567868,46
18557,165,Pakistan,14,45 to 49,1849887.2590567868,47
18557,165,Pakistan,14,45 to 49,1849887.2590567868,48
18557,165,Pakistan,14,45 to 49,1849887.2590567868,49
18558,165,Pakistan,15,50 to 54,1472605.0513884395,50
18558,165,Pakistan,15,50 to 54,1472605.0513884395,51
18558,165,Pakistan,15,50 to 54,1472605.0513884395,52
18558,165,Pakistan,15,50 to 54,1472605.0513884395,53
18558,165,Pakistan,15,50 to 54,1472605.0513884395,54
18559,165,Pakistan,16,55 to 59,1152317.6968916385,55
18559,165,Pakistan,16,55 to 59,1152317.6968916385,56
18559,165,Pakistan,16,55 to 59,1152317.6968916385,57
18559,165,Pakistan,16,55 to 59,1152317.6968916385,58
18559,165,Pakistan,16,55 to 59,1152317.6968916385,59
18560,165,Pakistan,17,60 to 64,870843.593217824,60
18560,165,Pakistan,17,60 to 64,870843.593217824,61
18560,165,Pakistan,17,60 to 64,870843.593217824,62
18560,165,Pakistan,17,60 to 64,870843.593217824,63
18560,165,Pakistan,17,60 to 64,870843.593217824,64
18561,165,Pakistan,18,65 to 69,628938.4729263192,65
18561,165,Pakistan,18,65 to 69,628938.4729263192,66
18561,165,Pakistan,18,65 to 69,628938.4729263192,67
18561,165,Pakistan,18,65 to 69,628938.4729263192,68
18561,165,Pakistan,18,65 to 69,628938.4729263192,69
18562,165,Pakistan,19,70 to 74,420929.28301705763,70
18562,165,Pakistan,19,70 to 74,420929.28301705763,71
18562,165,Pakistan,19,70 to 74,420929.28301705763,72
18562,165,Pakistan,19,70 to 74,420929.28301705763,73
18562,165,Pakistan,19,70 to 74,420929.28301705763,74
18563,165,Pakistan,20,75 to 79,264762.9294997083,75
18563,165,Pakistan,20,75 to 79,264762.9294997083,76
18563,165,Pakistan,20,75 to 79,264762.9294997083,77
18563,165,Pakistan,20,75 to 79,264762.9294997083,78
18563,165,Pakistan,20,75 to 79,264762.9294997083,79
18571,165,Pakistan,30,80 to 84,139644.140653532,80
18571,165,Pakistan,30,80 to 84,139644.140653532,81
18571,165,Pakistan,30,80 to 84,139644.140653532,82
18571,165,Pakistan,30,80 to 84,139644.140653532,83
18571,165,Pakistan,30,80 to 84,139644.140653532,84
18572,165,Pakistan,31,85 to 89,57031.80537682054,85
18572,165,Pakistan,31,85 to 89,57031.80537682054,86
18572,165,Pakistan,31,85 to 89,57031.80537682054,87
18572,165,Pakistan,31,85 to 89,57031.80537682054,88
18572,165,Pakistan,31,85 to 89,57031.80537682054,89
18573,165,Pakistan,32,90 to 94,17568.954330568024,90
18573,165,Pakistan,32,90 to 94,17568.954330568024,91
18573,165,Pakistan,32,90 to 94,17568.954330568024,92
18573,165,Pakistan,32,90 to 94,17568.954330568024,93
18573,165,Pakistan,32,90 to 94,17568.954330568024,94
18581,165,Pakistan,235,95 plus,3394.5130417900778,95
18581,165,Pakistan,235,95 plus,3394.5130417900778,96
18581,165,Pakistan,235,95 plus,3394.5130417900778,97
18581,165,Pakistan,235,95 plus,3394.5130417900778,98
18581,165,Pakistan,235,95 plus,3394.5130417900778,99
18581,165,Pakistan,235,95 plus,3394.5130417900778,100
18896,168,Angola,11,30 to 34,375346.079255887,30
18896,168,Angola,11,30 to 34,375346.079255887,31
18896,168,Angola,11,30 to 34,375346.079255887,32
18896,168,Angola,11,30 to 34,375346.079255887,33
18896,168,Angola,11,30 to 34,375346.079255887,34
18897,168,Angola,12,35 to 39,300003.3486565131,35
18897,168,Angola,12,35 to 39,300003.3486565131,36
18897,168,Angola,12,35 to 39,300003.3486565131,37
18897,168,Angola,12,35 to 39,300003.3486565131,38
18897,168,Angola,12,35 to 39,300003.3486565131,39
18898,168,Angola,13,40 to 44,263818.12486217875,40
18898,168,Angola,13,40 to 44,263818.12486217875,41
18898,168,Angola,13,40 to 44,263818.12486217875,42
18898,168,Angola,13,40 to 44,263818.12486217875,43
18898,168,Angola,13,40 to 44,263818.12486217875,44
18899,168,Angola,14,45 to 49,201225.05987080495,45
18899,168,Angola,14,45 to 49,201225.05987080495,46
18899,168,Angola,14,45 to 49,201225.05987080495,47
18899,168,Angola,14,45 to 49,201225.05987080495,48
18899,168,Angola,14,45 to 49,201225.05987080495,49
18900,168,Angola,15,50 to 54,163886.7917837235,50
18900,168,Angola,15,50 to 54,163886.7917837235,51
18900,168,Angola,15,50 to 54,163886.7917837235,52
18900,168,Angola,15,50 to 54,163886.7917837235,53
18900,168,Angola,15,50 to 54,163886.7917837235,54
18901,168,Angola,16,55 to 59,129727.84393924676,55
18901,168,Angola,16,55 to 59,129727.84393924676,56
18901,168,Angola,16,55 to 59,129727.84393924676,57
18901,168,Angola,16,55 to 59,129727.84393924676,58
18901,168,Angola,16,55 to 59,129727.84393924676,59
18902,168,Angola,17,60 to 64,90539.10136030728,60
18902,168,Angola,17,60 to 64,90539.10136030728,61
18902,168,Angola,17,60 to 64,90539.10136030728,62
18902,168,Angola,17,60 to 64,90539.10136030728,63
18902,168,Angola,17,60 to 64,90539.10136030728,64
18903,168,Angola,18,65 to 69,64615.65451652113,65
18903,168,Angola,18,65 to 69,64615.65451652113,66
18903,168,Angola,18,65 to 69,64615.65451652113,67
18903,168,Angola,18,65 to 69,64615.65451652113,68
18903,168,Angola,18,65 to 69,64615.65451652113,69
18904,168,Angola,19,70 to 74,34811.962475078224,70
18904,168,Angola,19,70 to 74,34811.962475078224,71
18904,168,Angola,19,70 to 74,34811.962475078224,72
18904,168,Angola,19,70 to 74,34811.962475078224,73
18904,168,Angola,19,70 to 74,34811.962475078224,74
18905,168,Angola,20,75 to 79,24448.16419176703,75
18905,168,Angola,20,75 to 79,24448.16419176703,76
18905,168,Angola,20,75 to 79,24448.16419176703,77
18905,168,Angola,20,75 to 79,24448.16419176703,78
18905,168,Angola,20,75 to 79,24448.16419176703,79
18913,168,Angola,30,80 to 84,10745.205347921907,80
18913,168,Angola,30,80 to 84,10745.205347921907,81
18913,168,Angola,30,80 to 84,10745.205347921907,82
18913,168,Angola,30,80 to 84,10745.205347921907,83
18913,168,Angola,30,80 to 84,10745.205347921907,84
18914,168,Angola,31,85 to 89,4110.098216825364,85
18914,168,Angola,31,85 to 89,4110.098216825364,86
18914,168,Angola,31,85 to 89,4110.098216825364,87
18914,168,Angola,31,85 to 89,4110.098216825364,88
18914,168,Angola,31,85 to 89,4110.098216825364,89
18915,168,Angola,32,90 to 94,1246.5170909911203,90
18915,168,Angola,32,90 to 94,1246.5170909911203,91
18915,168,Angola,32,90 to 94,1246.5170909911203,92
18915,168,Angola,32,90 to 94,1246.5170909911203,93
18915,168,Angola,32,90 to 94,1246.5170909911203,94
18923,168,Angola,235,95 plus,219.1595674483954,95
18923,168,Angola,235,95 plus,219.1595674483954,96
18923,168,Angola,235,95 plus,219.1595674483954,97
18923,168,Angola,235,95 plus,219.1595674483954,98
18923,168,Angola,235,95 plus,219.1595674483954,99
18923,168,Angola,235,95 plus,219.1595674483954,100
19010,169,Central African Republic,11,30 to 34,67098.68145919003,30
19010,169,Central African Republic,11,30 to 34,67098.68145919003,31
19010,169,Central African Republic,11,30 to 34,67098.68145919003,32
19010,169,Central African Republic,11,30 to 34,67098.68145919003,33
19010,169,Central African Republic,11,30 to 34,67098.68145919003,34
19011,169,Central African Republic,12,35 to 39,57942.4945904613,35
19011,169,Central African Republic,12,35 to 39,57942.4945904613,36
19011,169,Central African Republic,12,35 to 39,57942.4945904613,37
19011,169,Central African Republic,12,35 to 39,57942.4945904613,38
19011,169,Central African Republic,12,35 to 39,57942.4945904613,39
19012,169,Central African Republic,13,40 to 44,49335.54597555317,40
19012,169,Central African Republic,13,40 to 44,49335.54597555317,41
19012,169,Central African Republic,13,40 to 44,49335.54597555317,42
19012,169,Central African Republic,13,40 to 44,49335.54597555317,43
19012,169,Central African Republic,13,40 to 44,49335.54597555317,44
19013,169,Central African Republic,14,45 to 49,41024.55073816879,45
19013,169,Central African Republic,14,45 to 49,41024.55073816879,46
19013,169,Central African Republic,14,45 to 49,41024.55073816879,47
19013,169,Central African Republic,14,45 to 49,41024.55073816879,48
19013,169,Central African Republic,14,45 to 49,41024.55073816879,49
19014,169,Central African Republic,15,50 to 54,33100.27076099674,50
19014,169,Central African Republic,15,50 to 54,33100.27076099674,51
19014,169,Central African Republic,15,50 to 54,33100.27076099674,52
19014,169,Central African Republic,15,50 to 54,33100.27076099674,53
19014,169,Central African Republic,15,50 to 54,33100.27076099674,54
19015,169,Central African Republic,16,55 to 59,24881.15434373587,55
19015,169,Central African Republic,16,55 to 59,24881.15434373587,56
19015,169,Central African Republic,16,55 to 59,24881.15434373587,57
19015,169,Central African Republic,16,55 to 59,24881.15434373587,58
19015,169,Central African Republic,16,55 to 59,24881.15434373587,59
19016,169,Central African Republic,17,60 to 64,18081.809222289943,60
19016,169,Central African Republic,17,60 to 64,18081.809222289943,61
19016,169,Central African Republic,17,60 to 64,18081.809222289943,62
19016,169,Central African Republic,17,60 to 64,18081.809222289943,63
19016,169,Central African Republic,17,60 to 64,18081.809222289943,64
19017,169,Central African Republic,18,65 to 69,11387.970298191842,65
19017,169,Central African Republic,18,65 to 69,11387.970298191842,66
19017,169,Central African Republic,18,65 to 69,11387.970298191842,67
19017,169,Central African Republic,18,65 to 69,11387.970298191842,68
19017,169,Central African Republic,18,65 to 69,11387.970298191842,69
19018,169,Central African Republic,19,70 to 74,6885.601892478931,70
19018,169,Central African Republic,19,70 to 74,6885.601892478931,71
19018,169,Central African Republic,19,70 to 74,6885.601892478931,72
19018,169,Central African Republic,19,70 to 74,6885.601892478931,73
19018,169,Central African Republic,19,70 to 74,6885.601892478931,74
19019,169,Central African Republic,20,75 to 79,3917.0552427197485,75
19019,169,Central African Republic,20,75 to 79,3917.0552427197485,76
19019,169,Central African Republic,20,75 to 79,3917.0552427197485,77
19019,169,Central African Republic,20,75 to 79,3917.0552427197485,78
19019,169,Central African Republic,20,75 to 79,3917.0552427197485,79
19027,169,Central African Republic,30,80 to 84,1840.1827724364052,80
19027,169,Central African Republic,30,80 to 84,1840.1827724364052,81
19027,169,Central African Republic,30,80 to 84,1840.1827724364052,82
19027,169,Central African Republic,30,80 to 84,1840.1827724364052,83
19027,169,Central African Republic,30,80 to 84,1840.1827724364052,84
19028,169,Central African Republic,31,85 to 89,633.2256274514413,85
19028,169,Central African Republic,31,85 to 89,633.2256274514413,86
19028,169,Central African Republic,31,85 to 89,633.2256274514413,87
19028,169,Central African Republic,31,85 to 89,633.2256274514413,88
19028,169,Central African Republic,31,85 to 89,633.2256274514413,89
19029,169,Central African Republic,32,90 to 94,160.05901553383148,90
19029,169,Central African Republic,32,90 to 94,160.05901553383148,91
19029,169,Central African Republic,32,90 to 94,160.05901553383148,92
19029,169,Central African Republic,32,90 to 94,160.05901553383148,93
19029,169,Central African Republic,32,90 to 94,160.05901553383148,94
19037,169,Central African Republic,235,95 plus,27.860898804357376,95
19037,169,Central African Republic,235,95 plus,27.860898804357376,96
19037,169,Central African Republic,235,95 plus,27.860898804357376,97
19037,169,Central African Republic,235,95 plus,27.860898804357376,98
19037,169,Central African Republic,235,95 plus,27.860898804357376,99
19037,169,Central African Republic,235,95 plus,27.860898804357376,100
19124,170,Congo,11,30 to 34,77486.68379486637,30
19124,170,Congo,11,30 to 34,77486.68379486637,31
19124,170,Congo,11,30 to 34,77486.68379486637,32
19124,170,Congo,11,30 to 34,77486.68379486637,33
19124,170,Congo,11,30 to 34,77486.68379486637,34
19125,170,Congo,12,35 to 39,72400.67464780126,35
19125,170,Congo,12,35 to 39,72400.67464780126,36
19125,170,Congo,12,35 to 39,72400.67464780126,37
19125,170,Congo,12,35 to 39,72400.67464780126,38
19125,170,Congo,12,35 to 39,72400.67464780126,39
19126,170,Congo,13,40 to 44,62965.146458792246,40
19126,170,Congo,13,40 to 44,62965.146458792246,41
19126,170,Congo,13,40 to 44,62965.146458792246,42
19126,170,Congo,13,40 to 44,62965.146458792246,43
19126,170,Congo,13,40 to 44,62965.146458792246,44
19127,170,Congo,14,45 to 49,51053.71700497058,45
19127,170,Congo,14,45 to 49,51053.71700497058,46
19127,170,Congo,14,45 to 49,51053.71700497058,47
19127,170,Congo,14,45 to 49,51053.71700497058,48
19127,170,Congo,14,45 to 49,51053.71700497058,49
19128,170,Congo,15,50 to 54,38206.04357332122,50
19128,170,Congo,15,50 to 54,38206.04357332122,51
19128,170,Congo,15,50 to 54,38206.04357332122,52
19128,170,Congo,15,50 to 54,38206.04357332122,53
19128,170,Congo,15,50 to 54,38206.04357332122,54
19129,170,Congo,16,55 to 59,28177.402350040786,55
19129,170,Congo,16,55 to 59,28177.402350040786,56
19129,170,Congo,16,55 to 59,28177.402350040786,57
19129,170,Congo,16,55 to 59,28177.402350040786,58
19129,170,Congo,16,55 to 59,28177.402350040786,59
19130,170,Congo,17,60 to 64,20027.782486202363,60
19130,170,Congo,17,60 to 64,20027.782486202363,61
19130,170,Congo,17,60 to 64,20027.782486202363,62
19130,170,Congo,17,60 to 64,20027.782486202363,63
19130,170,Congo,17,60 to 64,20027.782486202363,64
19131,170,Congo,18,65 to 69,14093.525270154209,65
19131,170,Congo,18,65 to 69,14093.525270154209,66
19131,170,Congo,18,65 to 69,14093.525270154209,67
19131,170,Congo,18,65 to 69,14093.525270154209,68
19131,170,Congo,18,65 to 69,14093.525270154209,69
19132,170,Congo,19,70 to 74,9406.567157414409,70
19132,170,Congo,19,70 to 74,9406.567157414409,71
19132,170,Congo,19,70 to 74,9406.567157414409,72
19132,170,Congo,19,70 to 74,9406.567157414409,73
19132,170,Congo,19,70 to 74,9406.567157414409,74
19133,170,Congo,20,75 to 79,5808.22807044235,75
19133,170,Congo,20,75 to 79,5808.22807044235,76
19133,170,Congo,20,75 to 79,5808.22807044235,77
19133,170,Congo,20,75 to 79,5808.22807044235,78
19133,170,Congo,20,75 to 79,5808.22807044235,79
19141,170,Congo,30,80 to 84,3107.815604621032,80
19141,170,Congo,30,80 to 84,3107.815604621032,81
19141,170,Congo,30,80 to 84,3107.815604621032,82
19141,170,Congo,30,80 to 84,3107.815604621032,83
19141,170,Congo,30,80 to 84,3107.815604621032,84
19142,170,Congo,31,85 to 89,1228.8060698880015,85
19142,170,Congo,31,85 to 89,1228.8060698880015,86
19142,170,Congo,31,85 to 89,1228.8060698880015,87
19142,170,Congo,31,85 to 89,1228.8060698880015,88
19142,170,Congo,31,85 to 89,1228.8060698880015,89
19143,170,Congo,32,90 to 94,314.35216963695336,90
19143,170,Congo,32,90 to 94,314.35216963695336,91
19143,170,Congo,32,90 to 94,314.35216963695336,92
19143,170,Congo,32,90 to 94,314.35216963695336,93
19143,170,Congo,32,90 to 94,314.35216963695336,94
19151,170,Congo,235,95 plus,48.995099920334575,95
19151,170,Congo,235,95 plus,48.995099920334575,96
19151,170,Congo,235,95 plus,48.995099920334575,97
19151,170,Congo,235,95 plus,48.995099920334575,98
19151,170,Congo,235,95 plus,48.995099920334575,99
19151,170,Congo,235,95 plus,48.995099920334575,100
19238,171,Democratic Republic of the Congo,11,30 to 34,1152379.377752173,30
19238,171,Democratic Republic of the Congo,11,30 to 34,1152379.377752173,31
19238,171,Democratic Republic of the Congo,11,30 to 34,1152379.377752173,32
19238,171,Democratic Republic of the Congo,11,30 to 34,1152379.377752173,33
19238,171,Democratic Republic of the Congo,11,30 to 34,1152379.377752173,34
19239,171,Democratic Republic of the Congo,12,35 to 39,936689.5246901521,35
19239,171,Democratic Republic of the Congo,12,35 to 39,936689.5246901521,36
19239,171,Democratic Republic of the Congo,12,35 to 39,936689.5246901521,37
19239,171,Democratic Republic of the Congo,12,35 to 39,936689.5246901521,38
19239,171,Democratic Republic of the Congo,12,35 to 39,936689.5246901521,39
19240,171,Democratic Republic of the Congo,13,40 to 44,742303.5124548313,40
19240,171,Democratic Republic of the Congo,13,40 to 44,742303.5124548313,41
19240,171,Democratic Republic of the Congo,13,40 to 44,742303.5124548313,42
19240,171,Democratic Republic of the Congo,13,40 to 44,742303.5124548313,43
19240,171,Democratic Republic of the Congo,13,40 to 44,742303.5124548313,44
19241,171,Democratic Republic of the Congo,14,45 to 49,606594.1252457032,45
19241,171,Democratic Republic of the Congo,14,45 to 49,606594.1252457032,46
19241,171,Democratic Republic of the Congo,14,45 to 49,606594.1252457032,47
19241,171,Democratic Republic of the Congo,14,45 to 49,606594.1252457032,48
19241,171,Democratic Republic of the Congo,14,45 to 49,606594.1252457032,49
19242,171,Democratic Republic of the Congo,15,50 to 54,498409.29494470655,50
19242,171,Democratic Republic of the Congo,15,50 to 54,498409.29494470655,51
19242,171,Democratic Republic of the Congo,15,50 to 54,498409.29494470655,52
19242,171,Democratic Republic of the Congo,15,50 to 54,498409.29494470655,53
19242,171,Democratic Republic of the Congo,15,50 to 54,498409.29494470655,54
19243,171,Democratic Republic of the Congo,16,55 to 59,396462.8034062032,55
19243,171,Democratic Republic of the Congo,16,55 to 59,396462.8034062032,56
19243,171,Democratic Republic of the Congo,16,55 to 59,396462.8034062032,57
19243,171,Democratic Republic of the Congo,16,55 to 59,396462.8034062032,58
19243,171,Democratic Republic of the Congo,16,55 to 59,396462.8034062032,59
19244,171,Democratic Republic of the Congo,17,60 to 64,290327.69317861425,60
19244,171,Democratic Republic of the Congo,17,60 to 64,290327.69317861425,61
19244,171,Democratic Republic of the Congo,17,60 to 64,290327.69317861425,62
19244,171,Democratic Republic of the Congo,17,60 to 64,290327.69317861425,63
19244,171,Democratic Republic of the Congo,17,60 to 64,290327.69317861425,64
19245,171,Democratic Republic of the Congo,18,65 to 69,195241.0552765712,65
19245,171,Democratic Republic of the Congo,18,65 to 69,195241.0552765712,66
19245,171,Democratic Republic of the Congo,18,65 to 69,195241.0552765712,67
19245,171,Democratic Republic of the Congo,18,65 to 69,195241.0552765712,68
19245,171,Democratic Republic of the Congo,18,65 to 69,195241.0552765712,69
19246,171,Democratic Republic of the Congo,19,70 to 74,123780.0955567894,70
19246,171,Democratic Republic of the Congo,19,70 to 74,123780.0955567894,71
19246,171,Democratic Republic of the Congo,19,70 to 74,123780.0955567894,72
19246,171,Democratic Republic of the Congo,19,70 to 74,123780.0955567894,73
19246,171,Democratic Republic of the Congo,19,70 to 74,123780.0955567894,74
19247,171,Democratic Republic of the Congo,20,75 to 79,76293.92561468281,75
19247,171,Democratic Republic of the Congo,20,75 to 79,76293.92561468281,76
19247,171,Democratic Republic of the Congo,20,75 to 79,76293.92561468281,77
19247,171,Democratic Republic of the Congo,20,75 to 79,76293.92561468281,78
19247,171,Democratic Republic of the Congo,20,75 to 79,76293.92561468281,79
19255,171,Democratic Republic of the Congo,30,80 to 84,43092.431990442084,80
19255,171,Democratic Republic of the Congo,30,80 to 84,43092.431990442084,81
19255,171,Democratic Republic of the Congo,30,80 to 84,43092.431990442084,82
19255,171,Democratic Republic of the Congo,30,80 to 84,43092.431990442084,83
19255,171,Democratic Republic of the Congo,30,80 to 84,43092.431990442084,84
19256,171,Democratic Republic of the Congo,31,85 to 89,18728.96452599492,85
19256,171,Democratic Republic of the Congo,31,85 to 89,18728.96452599492,86
19256,171,Democratic Republic of the Congo,31,85 to 89,18728.96452599492,87
19256,171,Democratic Republic of the Congo,31,85 to 89,18728.96452599492,88
19256,171,Democratic Republic of the Congo,31,85 to 89,18728.96452599492,89
19257,171,Democratic Republic of the Congo,32,90 to 94,5647.583840217773,90
19257,171,Democratic Republic of the Congo,32,90 to 94,5647.583840217773,91
19257,171,Democratic Republic of the Congo,32,90 to 94,5647.583840217773,92
19257,171,Democratic Republic of the Congo,32,90 to 94,5647.583840217773,93
19257,171,Democratic Republic of the Congo,32,90 to 94,5647.583840217773,94
19265,171,Democratic Republic of the Congo,235,95 plus,1018.4512079506625,95
19265,171,Democratic Republic of the Congo,235,95 plus,1018.4512079506625,96
19265,171,Democratic Republic of the Congo,235,95 plus,1018.4512079506625,97
19265,171,Democratic Republic of the Congo,235,95 plus,1018.4512079506625,98
19265,171,Democratic Republic of the Congo,235,95 plus,1018.4512079506625,99
19265,171,Democratic Republic of the Congo,235,95 plus,1018.4512079506625,100
19352,172,Equatorial Guinea,11,30 to 34,20733.579801190113,30
19352,172,Equatorial Guinea,11,30 to 34,20733.579801190113,31
19352,172,Equatorial Guinea,11,30 to 34,20733.579801190113,32
19352,172,Equatorial Guinea,11,30 to 34,20733.579801190113,33
19352,172,Equatorial Guinea,11,30 to 34,20733.579801190113,34
19353,172,Equatorial Guinea,12,35 to 39,15648.811094969307,35
19353,172,Equatorial Guinea,12,35 to 39,15648.811094969307,36
19353,172,Equatorial Guinea,12,35 to 39,15648.811094969307,37
19353,172,Equatorial Guinea,12,35 to 39,15648.811094969307,38
19353,172,Equatorial Guinea,12,35 to 39,15648.811094969307,39
19354,172,Equatorial Guinea,13,40 to 44,11075.269183347276,40
19354,172,Equatorial Guinea,13,40 to 44,11075.269183347276,41
19354,172,Equatorial Guinea,13,40 to 44,11075.269183347276,42
19354,172,Equatorial Guinea,13,40 to 44,11075.269183347276,43
19354,172,Equatorial Guinea,13,40 to 44,11075.269183347276,44
19355,172,Equatorial Guinea,14,45 to 49,8436.838896533944,45
19355,172,Equatorial Guinea,14,45 to 49,8436.838896533944,46
19355,172,Equatorial Guinea,14,45 to 49,8436.838896533944,47
19355,172,Equatorial Guinea,14,45 to 49,8436.838896533944,48
19355,172,Equatorial Guinea,14,45 to 49,8436.838896533944,49
19356,172,Equatorial Guinea,15,50 to 54,6426.722600992638,50
19356,172,Equatorial Guinea,15,50 to 54,6426.722600992638,51
19356,172,Equatorial Guinea,15,50 to 54,6426.722600992638,52
19356,172,Equatorial Guinea,15,50 to 54,6426.722600992638,53
19356,172,Equatorial Guinea,15,50 to 54,6426.722600992638,54
19357,172,Equatorial Guinea,16,55 to 59,4758.6199821878245,55
19357,172,Equatorial Guinea,16,55 to 59,4758.6199821878245,56
19357,172,Equatorial Guinea,16,55 to 59,4758.6199821878245,57
19357,172,Equatorial Guinea,16,55 to 59,4758.6199821878245,58
19357,172,Equatorial Guinea,16,55 to 59,4758.6199821878245,59
19358,172,Equatorial Guinea,17,60 to 64,3559.2487749638885,60
19358,172,Equatorial Guinea,17,60 to 64,3559.2487749638885,61
19358,172,Equatorial Guinea,17,60 to 64,3559.2487749638885,62
19358,172,Equatorial Guinea,17,60 to 64,3559.2487749638885,63
19358,172,Equatorial Guinea,17,60 to 64,3559.2487749638885,64
19359,172,Equatorial Guinea,18,65 to 69,2772.03195226644,65
19359,172,Equatorial Guinea,18,65 to 69,2772.03195226644,66
19359,172,Equatorial Guinea,18,65 to 69,2772.03195226644,67
19359,172,Equatorial Guinea,18,65 to 69,2772.03195226644,68
19359,172,Equatorial Guinea,18,65 to 69,2772.03195226644,69
19360,172,Equatorial Guinea,19,70 to 74,1656.9826657054386,70
19360,172,Equatorial Guinea,19,70 to 74,1656.9826657054386,71
19360,172,Equatorial Guinea,19,70 to 74,1656.9826657054386,72
19360,172,Equatorial Guinea,19,70 to 74,1656.9826657054386,73
19360,172,Equatorial Guinea,19,70 to 74,1656.9826657054386,74
19361,172,Equatorial Guinea,20,75 to 79,1221.1465646594047,75
19361,172,Equatorial Guinea,20,75 to 79,1221.1465646594047,76
19361,172,Equatorial Guinea,20,75 to 79,1221.1465646594047,77
19361,172,Equatorial Guinea,20,75 to 79,1221.1465646594047,78
19361,172,Equatorial Guinea,20,75 to 79,1221.1465646594047,79
19369,172,Equatorial Guinea,30,80 to 84,654.3148165151501,80
19369,172,Equatorial Guinea,30,80 to 84,654.3148165151501,81
19369,172,Equatorial Guinea,30,80 to 84,654.3148165151501,82
19369,172,Equatorial Guinea,30,80 to 84,654.3148165151501,83
19369,172,Equatorial Guinea,30,80 to 84,654.3148165151501,84
19370,172,Equatorial Guinea,31,85 to 89,262.5203750140347,85
19370,172,Equatorial Guinea,31,85 to 89,262.5203750140347,86
19370,172,Equatorial Guinea,31,85 to 89,262.5203750140347,87
19370,172,Equatorial Guinea,31,85 to 89,262.5203750140347,88
19370,172,Equatorial Guinea,31,85 to 89,262.5203750140347,89
19371,172,Equatorial Guinea,32,90 to 94,80.113501524562,90
19371,172,Equatorial Guinea,32,90 to 94,80.113501524562,91
19371,172,Equatorial Guinea,32,90 to 94,80.113501524562,92
19371,172,Equatorial Guinea,32,90 to 94,80.113501524562,93
19371,172,Equatorial Guinea,32,90 to 94,80.113501524562,94
19379,172,Equatorial Guinea,235,95 plus,16.909521304460018,95
19379,172,Equatorial Guinea,235,95 plus,16.909521304460018,96
19379,172,Equatorial Guinea,235,95 plus,16.909521304460018,97
19379,172,Equatorial Guinea,235,95 plus,16.909521304460018,98
19379,172,Equatorial Guinea,235,95 plus,16.909521304460018,99
19379,172,Equatorial Guinea,235,95 plus,16.909521304460018,100
19466,173,Gabon,11,30 to 34,26455.447340674633,30
19466,173,Gabon,11,30 to 34,26455.447340674633,31
19466,173,Gabon,11,30 to 34,26455.447340674633,32
19466,173,Gabon,11,30 to 34,26455.447340674633,33
19466,173,Gabon,11,30 to 34,26455.447340674633,34
19467,173,Gabon,12,35 to 39,22772.864546750865,35
19467,173,Gabon,12,35 to 39,22772.864546750865,36
19467,173,Gabon,12,35 to 39,22772.864546750865,37
19467,173,Gabon,12,35 to 39,22772.864546750865,38
19467,173,Gabon,12,35 to 39,22772.864546750865,39
19468,173,Gabon,13,40 to 44,19328.723859821046,40
19468,173,Gabon,13,40 to 44,19328.723859821046,41
19468,173,Gabon,13,40 to 44,19328.723859821046,42
19468,173,Gabon,13,40 to 44,19328.723859821046,43
19468,173,Gabon,13,40 to 44,19328.723859821046,44
19469,173,Gabon,14,45 to 49,16594.40526350852,45
19469,173,Gabon,14,45 to 49,16594.40526350852,46
19469,173,Gabon,14,45 to 49,16594.40526350852,47
19469,173,Gabon,14,45 to 49,16594.40526350852,48
19469,173,Gabon,14,45 to 49,16594.40526350852,49
19470,173,Gabon,15,50 to 54,13943.069704127938,50
19470,173,Gabon,15,50 to 54,13943.069704127938,51
19470,173,Gabon,15,50 to 54,13943.069704127938,52
19470,173,Gabon,15,50 to 54,13943.069704127938,53
19470,173,Gabon,15,50 to 54,13943.069704127938,54
19471,173,Gabon,16,55 to 59,11439.349150075479,55
19471,173,Gabon,16,55 to 59,11439.349150075479,56
19471,173,Gabon,16,55 to 59,11439.349150075479,57
19471,173,Gabon,16,55 to 59,11439.349150075479,58
19471,173,Gabon,16,55 to 59,11439.349150075479,59
19472,173,Gabon,17,60 to 64,8529.42741526312,60
19472,173,Gabon,17,60 to 64,8529.42741526312,61
19472,173,Gabon,17,60 to 64,8529.42741526312,62
19472,173,Gabon,17,60 to 64,8529.42741526312,63
19472,173,Gabon,17,60 to 64,8529.42741526312,64
19473,173,Gabon,18,65 to 69,6251.26239708685,65
19473,173,Gabon,18,65 to 69,6251.26239708685,66
19473,173,Gabon,18,65 to 69,6251.26239708685,67
19473,173,Gabon,18,65 to 69,6251.26239708685,68
19473,173,Gabon,18,65 to 69,6251.26239708685,69
19474,173,Gabon,19,70 to 74,3503.2922345520724,70
19474,173,Gabon,19,70 to 74,3503.2922345520724,71
19474,173,Gabon,19,70 to 74,3503.2922345520724,72
19474,173,Gabon,19,70 to 74,3503.2922345520724,73
19474,173,Gabon,19,70 to 74,3503.2922345520724,74
19475,173,Gabon,20,75 to 79,2542.487831750878,75
19475,173,Gabon,20,75 to 79,2542.487831750878,76
19475,173,Gabon,20,75 to 79,2542.487831750878,77
19475,173,Gabon,20,75 to 79,2542.487831750878,78
19475,173,Gabon,20,75 to 79,2542.487831750878,79
19483,173,Gabon,30,80 to 84,1563.6247126000462,80
19483,173,Gabon,30,80 to 84,1563.6247126000462,81
19483,173,Gabon,30,80 to 84,1563.6247126000462,82
19483,173,Gabon,30,80 to 84,1563.6247126000462,83
19483,173,Gabon,30,80 to 84,1563.6247126000462,84
19484,173,Gabon,31,85 to 89,711.0884835114258,85
19484,173,Gabon,31,85 to 89,711.0884835114258,86
19484,173,Gabon,31,85 to 89,711.0884835114258,87
19484,173,Gabon,31,85 to 89,711.0884835114258,88
19484,173,Gabon,31,85 to 89,711.0884835114258,89
19485,173,Gabon,32,90 to 94,216.21706440055968,90
19485,173,Gabon,32,90 to 94,216.21706440055968,91
19485,173,Gabon,32,90 to 94,216.21706440055968,92
19485,173,Gabon,32,90 to 94,216.21706440055968,93
19485,173,Gabon,32,90 to 94,216.21706440055968,94
19493,173,Gabon,235,95 plus,42.914736991411836,95
19493,173,Gabon,235,95 plus,42.914736991411836,96
19493,173,Gabon,235,95 plus,42.914736991411836,97
19493,173,Gabon,235,95 plus,42.914736991411836,98
19493,173,Gabon,235,95 plus,42.914736991411836,99
19493,173,Gabon,235,95 plus,42.914736991411836,100
19694,175,Burundi,11,30 to 34,156670.6925743715,30
19694,175,Burundi,11,30 to 34,156670.6925743715,31
19694,175,Burundi,11,30 to 34,156670.6925743715,32
19694,175,Burundi,11,30 to 34,156670.6925743715,33
19694,175,Burundi,11,30 to 34,156670.6925743715,34
19695,175,Burundi,12,35 to 39,131141.66162411365,35
19695,175,Burundi,12,35 to 39,131141.66162411365,36
19695,175,Burundi,12,35 to 39,131141.66162411365,37
19695,175,Burundi,12,35 to 39,131141.66162411365,38
19695,175,Burundi,12,35 to 39,131141.66162411365,39
19696,175,Burundi,13,40 to 44,98132.02041361327,40
19696,175,Burundi,13,40 to 44,98132.02041361327,41
19696,175,Burundi,13,40 to 44,98132.02041361327,42
19696,175,Burundi,13,40 to 44,98132.02041361327,43
19696,175,Burundi,13,40 to 44,98132.02041361327,44
19697,175,Burundi,14,45 to 49,73837.69954276526,45
19697,175,Burundi,14,45 to 49,73837.69954276526,46
19697,175,Burundi,14,45 to 49,73837.69954276526,47
19697,175,Burundi,14,45 to 49,73837.69954276526,48
19697,175,Burundi,14,45 to 49,73837.69954276526,49
19698,175,Burundi,15,50 to 54,61092.33603879381,50
19698,175,Burundi,15,50 to 54,61092.33603879381,51
19698,175,Burundi,15,50 to 54,61092.33603879381,52
19698,175,Burundi,15,50 to 54,61092.33603879381,53
19698,175,Burundi,15,50 to 54,61092.33603879381,54
19699,175,Burundi,16,55 to 59,50613.887869287624,55
19699,175,Burundi,16,55 to 59,50613.887869287624,56
19699,175,Burundi,16,55 to 59,50613.887869287624,57
19699,175,Burundi,16,55 to 59,50613.887869287624,58
19699,175,Burundi,16,55 to 59,50613.887869287624,59
19700,175,Burundi,17,60 to 64,39164.83945874044,60
19700,175,Burundi,17,60 to 64,39164.83945874044,61
19700,175,Burundi,17,60 to 64,39164.83945874044,62
19700,175,Burundi,17,60 to 64,39164.83945874044,63
19700,175,Burundi,17,60 to 64,39164.83945874044,64
19701,175,Burundi,18,65 to 69,26832.75422148844,65
19701,175,Burundi,18,65 to 69,26832.75422148844,66
19701,175,Burundi,18,65 to 69,26832.75422148844,67
19701,175,Burundi,18,65 to 69,26832.75422148844,68
19701,175,Burundi,18,65 to 69,26832.75422148844,69
19702,175,Burundi,19,70 to 74,15221.259386241258,70
19702,175,Burundi,19,70 to 74,15221.259386241258,71
19702,175,Burundi,19,70 to 74,15221.259386241258,72
19702,175,Burundi,19,70 to 74,15221.259386241258,73
19702,175,Burundi,19,70 to 74,15221.259386241258,74
19703,175,Burundi,20,75 to 79,9273.91040538329,75
19703,175,Burundi,20,75 to 79,9273.91040538329,76
19703,175,Burundi,20,75 to 79,9273.91040538329,77
19703,175,Burundi,20,75 to 79,9273.91040538329,78
19703,175,Burundi,20,75 to 79,9273.91040538329,79
19711,175,Burundi,30,80 to 84,5250.1123586402055,80
19711,175,Burundi,30,80 to 84,5250.1123586402055,81
19711,175,Burundi,30,80 to 84,5250.1123586402055,82
19711,175,Burundi,30,80 to 84,5250.1123586402055,83
19711,175,Burundi,30,80 to 84,5250.1123586402055,84
19712,175,Burundi,31,85 to 89,2191.7594991431474,85
19712,175,Burundi,31,85 to 89,2191.7594991431474,86
19712,175,Burundi,31,85 to 89,2191.7594991431474,87
19712,175,Burundi,31,85 to 89,2191.7594991431474,88
19712,175,Burundi,31,85 to 89,2191.7594991431474,89
19713,175,Burundi,32,90 to 94,639.4595596019045,90
19713,175,Burundi,32,90 to 94,639.4595596019045,91
19713,175,Burundi,32,90 to 94,639.4595596019045,92
19713,175,Burundi,32,90 to 94,639.4595596019045,93
19713,175,Burundi,32,90 to 94,639.4595596019045,94
19721,175,Burundi,235,95 plus,119.33165828200039,95
19721,175,Burundi,235,95 plus,119.33165828200039,96
19721,175,Burundi,235,95 plus,119.33165828200039,97
19721,175,Burundi,235,95 plus,119.33165828200039,98
19721,175,Burundi,235,95 plus,119.33165828200039,99
19721,175,Burundi,235,95 plus,119.33165828200039,100
19808,176,Comoros,11,30 to 34,10490.726356854382,30
19808,176,Comoros,11,30 to 34,10490.726356854382,31
19808,176,Comoros,11,30 to 34,10490.726356854382,32
19808,176,Comoros,11,30 to 34,10490.726356854382,33
19808,176,Comoros,11,30 to 34,10490.726356854382,34
19809,176,Comoros,12,35 to 39,9214.170164965763,35
19809,176,Comoros,12,35 to 39,9214.170164965763,36
19809,176,Comoros,12,35 to 39,9214.170164965763,37
19809,176,Comoros,12,35 to 39,9214.170164965763,38
19809,176,Comoros,12,35 to 39,9214.170164965763,39
19810,176,Comoros,13,40 to 44,8288.703842180514,40
19810,176,Comoros,13,40 to 44,8288.703842180514,41
19810,176,Comoros,13,40 to 44,8288.703842180514,42
19810,176,Comoros,13,40 to 44,8288.703842180514,43
19810,176,Comoros,13,40 to 44,8288.703842180514,44
19811,176,Comoros,14,45 to 49,7175.032874945243,45
19811,176,Comoros,14,45 to 49,7175.032874945243,46
19811,176,Comoros,14,45 to 49,7175.032874945243,47
19811,176,Comoros,14,45 to 49,7175.032874945243,48
19811,176,Comoros,14,45 to 49,7175.032874945243,49
19812,176,Comoros,15,50 to 54,5844.383208824425,50
19812,176,Comoros,15,50 to 54,5844.383208824425,51
19812,176,Comoros,15,50 to 54,5844.383208824425,52
19812,176,Comoros,15,50 to 54,5844.383208824425,53
19812,176,Comoros,15,50 to 54,5844.383208824425,54
19813,176,Comoros,16,55 to 59,4532.602350937303,55
19813,176,Comoros,16,55 to 59,4532.602350937303,56
19813,176,Comoros,16,55 to 59,4532.602350937303,57
19813,176,Comoros,16,55 to 59,4532.602350937303,58
19813,176,Comoros,16,55 to 59,4532.602350937303,59
19814,176,Comoros,17,60 to 64,3518.3453578071385,60
19814,176,Comoros,17,60 to 64,3518.3453578071385,61
19814,176,Comoros,17,60 to 64,3518.3453578071385,62
19814,176,Comoros,17,60 to 64,3518.3453578071385,63
19814,176,Comoros,17,60 to 64,3518.3453578071385,64
19815,176,Comoros,18,65 to 69,2627.8935793394344,65
19815,176,Comoros,18,65 to 69,2627.8935793394344,66
19815,176,Comoros,18,65 to 69,2627.8935793394344,67
19815,176,Comoros,18,65 to 69,2627.8935793394344,68
19815,176,Comoros,18,65 to 69,2627.8935793394344,69
19816,176,Comoros,19,70 to 74,2200.0175159882415,70
19816,176,Comoros,19,70 to 74,2200.0175159882415,71
19816,176,Comoros,19,70 to 74,2200.0175159882415,72
19816,176,Comoros,19,70 to 74,2200.0175159882415,73
19816,176,Comoros,19,70 to 74,2200.0175159882415,74
19817,176,Comoros,20,75 to 79,1470.82719681961,75
19817,176,Comoros,20,75 to 79,1470.82719681961,76
19817,176,Comoros,20,75 to 79,1470.82719681961,77
19817,176,Comoros,20,75 to 79,1470.82719681961,78
19817,176,Comoros,20,75 to 79,1470.82719681961,79
19825,176,Comoros,30,80 to 84,865.37705044676,80
19825,176,Comoros,30,80 to 84,865.37705044676,81
19825,176,Comoros,30,80 to 84,865.37705044676,82
19825,176,Comoros,30,80 to 84,865.37705044676,83
19825,176,Comoros,30,80 to 84,865.37705044676,84
19826,176,Comoros,31,85 to 89,377.0964340267217,85
19826,176,Comoros,31,85 to 89,377.0964340267217,86
19826,176,Comoros,31,85 to 89,377.0964340267217,87
19826,176,Comoros,31,85 to 89,377.0964340267217,88
19826,176,Comoros,31,85 to 89,377.0964340267217,89
19827,176,Comoros,32,90 to 94,127.6245402586396,90
19827,176,Comoros,32,90 to 94,127.6245402586396,91
19827,176,Comoros,32,90 to 94,127.6245402586396,92
19827,176,Comoros,32,90 to 94,127.6245402586396,93
19827,176,Comoros,32,90 to 94,127.6245402586396,94
19835,176,Comoros,235,95 plus,26.673257683519974,95
19835,176,Comoros,235,95 plus,26.673257683519974,96
19835,176,Comoros,235,95 plus,26.673257683519974,97
19835,176,Comoros,235,95 plus,26.673257683519974,98
19835,176,Comoros,235,95 plus,26.673257683519974,99
19835,176,Comoros,235,95 plus,26.673257683519974,100
19922,177,Djibouti,11,30 to 34,20864.381205383215,30
19922,177,Djibouti,11,30 to 34,20864.381205383215,31
19922,177,Djibouti,11,30 to 34,20864.381205383215,32
19922,177,Djibouti,11,30 to 34,20864.381205383215,33
19922,177,Djibouti,11,30 to 34,20864.381205383215,34
19923,177,Djibouti,12,35 to 39,18664.94033761185,35
19923,177,Djibouti,12,35 to 39,18664.94033761185,36
19923,177,Djibouti,12,35 to 39,18664.94033761185,37
19923,177,Djibouti,12,35 to 39,18664.94033761185,38
19923,177,Djibouti,12,35 to 39,18664.94033761185,39
19924,177,Djibouti,13,40 to 44,15468.129945575842,40
19924,177,Djibouti,13,40 to 44,15468.129945575842,41
19924,177,Djibouti,13,40 to 44,15468.129945575842,42
19924,177,Djibouti,13,40 to 44,15468.129945575842,43
19924,177,Djibouti,13,40 to 44,15468.129945575842,44
19925,177,Djibouti,14,45 to 49,12014.123150142548,45
19925,177,Djibouti,14,45 to 49,12014.123150142548,46
19925,177,Djibouti,14,45 to 49,12014.123150142548,47
19925,177,Djibouti,14,45 to 49,12014.123150142548,48
19925,177,Djibouti,14,45 to 49,12014.123150142548,49
19926,177,Djibouti,15,50 to 54,9012.584904847125,50
19926,177,Djibouti,15,50 to 54,9012.584904847125,51
19926,177,Djibouti,15,50 to 54,9012.584904847125,52
19926,177,Djibouti,15,50 to 54,9012.584904847125,53
19926,177,Djibouti,15,50 to 54,9012.584904847125,54
19927,177,Djibouti,16,55 to 59,6625.311940851073,55
19927,177,Djibouti,16,55 to 59,6625.311940851073,56
19927,177,Djibouti,16,55 to 59,6625.311940851073,57
19927,177,Djibouti,16,55 to 59,6625.311940851073,58
19927,177,Djibouti,16,55 to 59,6625.311940851073,59
19928,177,Djibouti,17,60 to 64,4855.808455175013,60
19928,177,Djibouti,17,60 to 64,4855.808455175013,61
19928,177,Djibouti,17,60 to 64,4855.808455175013,62
19928,177,Djibouti,17,60 to 64,4855.808455175013,63
19928,177,Djibouti,17,60 to 64,4855.808455175013,64
19929,177,Djibouti,18,65 to 69,3335.3398288530907,65
19929,177,Djibouti,18,65 to 69,3335.3398288530907,66
19929,177,Djibouti,18,65 to 69,3335.3398288530907,67
19929,177,Djibouti,18,65 to 69,3335.3398288530907,68
19929,177,Djibouti,18,65 to 69,3335.3398288530907,69
19930,177,Djibouti,19,70 to 74,2164.1397225784126,70
19930,177,Djibouti,19,70 to 74,2164.1397225784126,71
19930,177,Djibouti,19,70 to 74,2164.1397225784126,72
19930,177,Djibouti,19,70 to 74,2164.1397225784126,73
19930,177,Djibouti,19,70 to 74,2164.1397225784126,74
19931,177,Djibouti,20,75 to 79,1172.7451968750752,75
19931,177,Djibouti,20,75 to 79,1172.7451968750752,76
19931,177,Djibouti,20,75 to 79,1172.7451968750752,77
19931,177,Djibouti,20,75 to 79,1172.7451968750752,78
19931,177,Djibouti,20,75 to 79,1172.7451968750752,79
19939,177,Djibouti,30,80 to 84,557.7285672278506,80
19939,177,Djibouti,30,80 to 84,557.7285672278506,81
19939,177,Djibouti,30,80 to 84,557.7285672278506,82
19939,177,Djibouti,30,80 to 84,557.7285672278506,83
19939,177,Djibouti,30,80 to 84,557.7285672278506,84
19940,177,Djibouti,31,85 to 89,209.72800627900295,85
19940,177,Djibouti,31,85 to 89,209.72800627900295,86
19940,177,Djibouti,31,85 to 89,209.72800627900295,87
19940,177,Djibouti,31,85 to 89,209.72800627900295,88
19940,177,Djibouti,31,85 to 89,209.72800627900295,89
19941,177,Djibouti,32,90 to 94,60.50779199628952,90
19941,177,Djibouti,32,90 to 94,60.50779199628952,91
19941,177,Djibouti,32,90 to 94,60.50779199628952,92
19941,177,Djibouti,32,90 to 94,60.50779199628952,93
19941,177,Djibouti,32,90 to 94,60.50779199628952,94
19949,177,Djibouti,235,95 plus,11.2084386403221,95
19949,177,Djibouti,235,95 plus,11.2084386403221,96
19949,177,Djibouti,235,95 plus,11.2084386403221,97
19949,177,Djibouti,235,95 plus,11.2084386403221,98
19949,177,Djibouti,235,95 plus,11.2084386403221,99
19949,177,Djibouti,235,95 plus,11.2084386403221,100
20036,178,Eritrea,11,30 to 34,95539.36634198824,30
20036,178,Eritrea,11,30 to 34,95539.36634198824,31
20036,178,Eritrea,11,30 to 34,95539.36634198824,32
20036,178,Eritrea,11,30 to 34,95539.36634198824,33
20036,178,Eritrea,11,30 to 34,95539.36634198824,34
20037,178,Eritrea,12,35 to 39,79884.94173072078,35
20037,178,Eritrea,12,35 to 39,79884.94173072078,36
20037,178,Eritrea,12,35 to 39,79884.94173072078,37
20037,178,Eritrea,12,35 to 39,79884.94173072078,38
20037,178,Eritrea,12,35 to 39,79884.94173072078,39
20038,178,Eritrea,13,40 to 44,64773.23699815224,40
20038,178,Eritrea,13,40 to 44,64773.23699815224,41
20038,178,Eritrea,13,40 to 44,64773.23699815224,42
20038,178,Eritrea,13,40 to 44,64773.23699815224,43
20038,178,Eritrea,13,40 to 44,64773.23699815224,44
20039,178,Eritrea,14,45 to 49,51134.35850417762,45
20039,178,Eritrea,14,45 to 49,51134.35850417762,46
20039,178,Eritrea,14,45 to 49,51134.35850417762,47
20039,178,Eritrea,14,45 to 49,51134.35850417762,48
20039,178,Eritrea,14,45 to 49,51134.35850417762,49
20040,178,Eritrea,15,50 to 54,39401.2289088941,50
20040,178,Eritrea,15,50 to 54,39401.2289088941,51
20040,178,Eritrea,15,50 to 54,39401.2289088941,52
20040,178,Eritrea,15,50 to 54,39401.2289088941,53
20040,178,Eritrea,15,50 to 54,39401.2289088941,54
20041,178,Eritrea,16,55 to 59,30039.179210571263,55
20041,178,Eritrea,16,55 to 59,30039.179210571263,56
20041,178,Eritrea,16,55 to 59,30039.179210571263,57
20041,178,Eritrea,16,55 to 59,30039.179210571263,58
20041,178,Eritrea,16,55 to 59,30039.179210571263,59
20042,178,Eritrea,17,60 to 64,21688.108185883997,60
20042,178,Eritrea,17,60 to 64,21688.108185883997,61
20042,178,Eritrea,17,60 to 64,21688.108185883997,62
20042,178,Eritrea,17,60 to 64,21688.108185883997,63
20042,178,Eritrea,17,60 to 64,21688.108185883997,64
20043,178,Eritrea,18,65 to 69,14445.111122691955,65
20043,178,Eritrea,18,65 to 69,14445.111122691955,66
20043,178,Eritrea,18,65 to 69,14445.111122691955,67
20043,178,Eritrea,18,65 to 69,14445.111122691955,68
20043,178,Eritrea,18,65 to 69,14445.111122691955,69
20044,178,Eritrea,19,70 to 74,8280.179964078976,70
20044,178,Eritrea,19,70 to 74,8280.179964078976,71
20044,178,Eritrea,19,70 to 74,8280.179964078976,72
20044,178,Eritrea,19,70 to 74,8280.179964078976,73
20044,178,Eritrea,19,70 to 74,8280.179964078976,74
20045,178,Eritrea,20,75 to 79,5520.515384345837,75
20045,178,Eritrea,20,75 to 79,5520.515384345837,76
20045,178,Eritrea,20,75 to 79,5520.515384345837,77
20045,178,Eritrea,20,75 to 79,5520.515384345837,78
20045,178,Eritrea,20,75 to 79,5520.515384345837,79
20053,178,Eritrea,30,80 to 84,2614.0640265382817,80
20053,178,Eritrea,30,80 to 84,2614.0640265382817,81
20053,178,Eritrea,30,80 to 84,2614.0640265382817,82
20053,178,Eritrea,30,80 to 84,2614.0640265382817,83
20053,178,Eritrea,30,80 to 84,2614.0640265382817,84
20054,178,Eritrea,31,85 to 89,914.3886725088465,85
20054,178,Eritrea,31,85 to 89,914.3886725088465,86
20054,178,Eritrea,31,85 to 89,914.3886725088465,87
20054,178,Eritrea,31,85 to 89,914.3886725088465,88
20054,178,Eritrea,31,85 to 89,914.3886725088465,89
20055,178,Eritrea,32,90 to 94,209.24534716985977,90
20055,178,Eritrea,32,90 to 94,209.24534716985977,91
20055,178,Eritrea,32,90 to 94,209.24534716985977,92
20055,178,Eritrea,32,90 to 94,209.24534716985977,93
20055,178,Eritrea,32,90 to 94,209.24534716985977,94
20063,178,Eritrea,235,95 plus,30.29675977842987,95
20063,178,Eritrea,235,95 plus,30.29675977842987,96
20063,178,Eritrea,235,95 plus,30.29675977842987,97
20063,178,Eritrea,235,95 plus,30.29675977842987,98
20063,178,Eritrea,235,95 plus,30.29675977842987,99
20063,178,Eritrea,235,95 plus,30.29675977842987,100
20150,179,Ethiopia,11,30 to 34,1375110.1670828348,30
20150,179,Ethiopia,11,30 to 34,1375110.1670828348,31
20150,179,Ethiopia,11,30 to 34,1375110.1670828348,32
20150,179,Ethiopia,11,30 to 34,1375110.1670828348,33
20150,179,Ethiopia,11,30 to 34,1375110.1670828348,34
20151,179,Ethiopia,12,35 to 39,1166509.342285222,35
20151,179,Ethiopia,12,35 to 39,1166509.342285222,36
20151,179,Ethiopia,12,35 to 39,1166509.342285222,37
20151,179,Ethiopia,12,35 to 39,1166509.342285222,38
20151,179,Ethiopia,12,35 to 39,1166509.342285222,39
20152,179,Ethiopia,13,40 to 44,937646.1593763524,40
20152,179,Ethiopia,13,40 to 44,937646.1593763524,41
20152,179,Ethiopia,13,40 to 44,937646.1593763524,42
20152,179,Ethiopia,13,40 to 44,937646.1593763524,43
20152,179,Ethiopia,13,40 to 44,937646.1593763524,44
20153,179,Ethiopia,14,45 to 49,685491.0262457773,45
20153,179,Ethiopia,14,45 to 49,685491.0262457773,46
20153,179,Ethiopia,14,45 to 49,685491.0262457773,47
20153,179,Ethiopia,14,45 to 49,685491.0262457773,48
20153,179,Ethiopia,14,45 to 49,685491.0262457773,49
20154,179,Ethiopia,15,50 to 54,508621.76695303555,50
20154,179,Ethiopia,15,50 to 54,508621.76695303555,51
20154,179,Ethiopia,15,50 to 54,508621.76695303555,52
20154,179,Ethiopia,15,50 to 54,508621.76695303555,53
20154,179,Ethiopia,15,50 to 54,508621.76695303555,54
20155,179,Ethiopia,16,55 to 59,385787.3331761998,55
20155,179,Ethiopia,16,55 to 59,385787.3331761998,56
20155,179,Ethiopia,16,55 to 59,385787.3331761998,57
20155,179,Ethiopia,16,55 to 59,385787.3331761998,58
20155,179,Ethiopia,16,55 to 59,385787.3331761998,59
20156,179,Ethiopia,17,60 to 64,300918.4127999226,60
20156,179,Ethiopia,17,60 to 64,300918.4127999226,61
20156,179,Ethiopia,17,60 to 64,300918.4127999226,62
20156,179,Ethiopia,17,60 to 64,300918.4127999226,63
20156,179,Ethiopia,17,60 to 64,300918.4127999226,64
20157,179,Ethiopia,18,65 to 69,231218.30645403825,65
20157,179,Ethiopia,18,65 to 69,231218.30645403825,66
20157,179,Ethiopia,18,65 to 69,231218.30645403825,67
20157,179,Ethiopia,18,65 to 69,231218.30645403825,68
20157,179,Ethiopia,18,65 to 69,231218.30645403825,69
20158,179,Ethiopia,19,70 to 74,166267.84811850812,70
20158,179,Ethiopia,19,70 to 74,166267.84811850812,71
20158,179,Ethiopia,19,70 to 74,166267.84811850812,72
20158,179,Ethiopia,19,70 to 74,166267.84811850812,73
20158,179,Ethiopia,19,70 to 74,166267.84811850812,74
20159,179,Ethiopia,20,75 to 79,112976.52221483116,75
20159,179,Ethiopia,20,75 to 79,112976.52221483116,76
20159,179,Ethiopia,20,75 to 79,112976.52221483116,77
20159,179,Ethiopia,20,75 to 79,112976.52221483116,78
20159,179,Ethiopia,20,75 to 79,112976.52221483116,79
20167,179,Ethiopia,30,80 to 84,62378.48308545955,80
20167,179,Ethiopia,30,80 to 84,62378.48308545955,81
20167,179,Ethiopia,30,80 to 84,62378.48308545955,82
20167,179,Ethiopia,30,80 to 84,62378.48308545955,83
20167,179,Ethiopia,30,80 to 84,62378.48308545955,84
20168,179,Ethiopia,31,85 to 89,26232.622044365453,85
20168,179,Ethiopia,31,85 to 89,26232.622044365453,86
20168,179,Ethiopia,31,85 to 89,26232.622044365453,87
20168,179,Ethiopia,31,85 to 89,26232.622044365453,88
20168,179,Ethiopia,31,85 to 89,26232.622044365453,89
20169,179,Ethiopia,32,90 to 94,8143.377374758062,90
20169,179,Ethiopia,32,90 to 94,8143.377374758062,91
20169,179,Ethiopia,32,90 to 94,8143.377374758062,92
20169,179,Ethiopia,32,90 to 94,8143.377374758062,93
20169,179,Ethiopia,32,90 to 94,8143.377374758062,94
20177,179,Ethiopia,235,95 plus,1502.0438219763437,95
20177,179,Ethiopia,235,95 plus,1502.0438219763437,96
20177,179,Ethiopia,235,95 plus,1502.0438219763437,97
20177,179,Ethiopia,235,95 plus,1502.0438219763437,98
20177,179,Ethiopia,235,95 plus,1502.0438219763437,99
20177,179,Ethiopia,235,95 plus,1502.0438219763437,100
20264,180,Kenya,11,30 to 34,725606.7701106109,30
20264,180,Kenya,11,30 to 34,725606.7701106109,31
20264,180,Kenya,11,30 to 34,725606.7701106109,32
20264,180,Kenya,11,30 to 34,725606.7701106109,33
20264,180,Kenya,11,30 to 34,725606.7701106109,34
20265,180,Kenya,12,35 to 39,611264.6713169299,35
20265,180,Kenya,12,35 to 39,611264.6713169299,36
20265,180,Kenya,12,35 to 39,611264.6713169299,37
20265,180,Kenya,12,35 to 39,611264.6713169299,38
20265,180,Kenya,12,35 to 39,611264.6713169299,39
20266,180,Kenya,13,40 to 44,490592.96806885523,40
20266,180,Kenya,13,40 to 44,490592.96806885523,41
20266,180,Kenya,13,40 to 44,490592.96806885523,42
20266,180,Kenya,13,40 to 44,490592.96806885523,43
20266,180,Kenya,13,40 to 44,490592.96806885523,44
20267,180,Kenya,14,45 to 49,385275.5476142104,45
20267,180,Kenya,14,45 to 49,385275.5476142104,46
20267,180,Kenya,14,45 to 49,385275.5476142104,47
20267,180,Kenya,14,45 to 49,385275.5476142104,48
20267,180,Kenya,14,45 to 49,385275.5476142104,49
20268,180,Kenya,15,50 to 54,296451.2270109221,50
20268,180,Kenya,15,50 to 54,296451.2270109221,51
20268,180,Kenya,15,50 to 54,296451.2270109221,52
20268,180,Kenya,15,50 to 54,296451.2270109221,53
20268,180,Kenya,15,50 to 54,296451.2270109221,54
20269,180,Kenya,16,55 to 59,230985.7186730837,55
20269,180,Kenya,16,55 to 59,230985.7186730837,56
20269,180,Kenya,16,55 to 59,230985.7186730837,57
20269,180,Kenya,16,55 to 59,230985.7186730837,58
20269,180,Kenya,16,55 to 59,230985.7186730837,59
20270,180,Kenya,17,60 to 64,174795.99392358906,60
20270,180,Kenya,17,60 to 64,174795.99392358906,61
20270,180,Kenya,17,60 to 64,174795.99392358906,62
20270,180,Kenya,17,60 to 64,174795.99392358906,63
20270,180,Kenya,17,60 to 64,174795.99392358906,64
20271,180,Kenya,18,65 to 69,124721.06989994724,65
20271,180,Kenya,18,65 to 69,124721.06989994724,66
20271,180,Kenya,18,65 to 69,124721.06989994724,67
20271,180,Kenya,18,65 to 69,124721.06989994724,68
20271,180,Kenya,18,65 to 69,124721.06989994724,69
20272,180,Kenya,19,70 to 74,84037.68870614564,70
20272,180,Kenya,19,70 to 74,84037.68870614564,71
20272,180,Kenya,19,70 to 74,84037.68870614564,72
20272,180,Kenya,19,70 to 74,84037.68870614564,73
20272,180,Kenya,19,70 to 74,84037.68870614564,74
20273,180,Kenya,20,75 to 79,50833.56558376613,75
20273,180,Kenya,20,75 to 79,50833.56558376613,76
20273,180,Kenya,20,75 to 79,50833.56558376613,77
20273,180,Kenya,20,75 to 79,50833.56558376613,78
20273,180,Kenya,20,75 to 79,50833.56558376613,79
20281,180,Kenya,30,80 to 84,26392.107273393376,80
20281,180,Kenya,30,80 to 84,26392.107273393376,81
20281,180,Kenya,30,80 to 84,26392.107273393376,82
20281,180,Kenya,30,80 to 84,26392.107273393376,83
20281,180,Kenya,30,80 to 84,26392.107273393376,84
20282,180,Kenya,31,85 to 89,11284.567011038816,85
20282,180,Kenya,31,85 to 89,11284.567011038816,86
20282,180,Kenya,31,85 to 89,11284.567011038816,87
20282,180,Kenya,31,85 to 89,11284.567011038816,88
20282,180,Kenya,31,85 to 89,11284.567011038816,89
20283,180,Kenya,32,90 to 94,3566.891629770864,90
20283,180,Kenya,32,90 to 94,3566.891629770864,91
20283,180,Kenya,32,90 to 94,3566.891629770864,92
20283,180,Kenya,32,90 to 94,3566.891629770864,93
20283,180,Kenya,32,90 to 94,3566.891629770864,94
20291,180,Kenya,235,95 plus,751.8228950420151,95
20291,180,Kenya,235,95 plus,751.8228950420151,96
20291,180,Kenya,235,95 plus,751.8228950420151,97
20291,180,Kenya,235,95 plus,751.8228950420151,98
20291,180,Kenya,235,95 plus,751.8228950420151,99
20291,180,Kenya,235,95 plus,751.8228950420151,100
20378,181,Madagascar,11,30 to 34,357554.59808449063,30
20378,181,Madagascar,11,30 to 34,357554.59808449063,31
20378,181,Madagascar,11,30 to 34,357554.59808449063,32
20378,181,Madagascar,11,30 to 34,357554.59808449063,33
20378,181,Madagascar,11,30 to 34,357554.59808449063,34
20379,181,Madagascar,12,35 to 39,302706.18219129124,35
20379,181,Madagascar,12,35 to 39,302706.18219129124,36
20379,181,Madagascar,12,35 to 39,302706.18219129124,37
20379,181,Madagascar,12,35 to 39,302706.18219129124,38
20379,181,Madagascar,12,35 to 39,302706.18219129124,39
20380,181,Madagascar,13,40 to 44,252453.34902739883,40
20380,181,Madagascar,13,40 to 44,252453.34902739883,41
20380,181,Madagascar,13,40 to 44,252453.34902739883,42
20380,181,Madagascar,13,40 to 44,252453.34902739883,43
20380,181,Madagascar,13,40 to 44,252453.34902739883,44
20381,181,Madagascar,14,45 to 49,203843.85453610745,45
20381,181,Madagascar,14,45 to 49,203843.85453610745,46
20381,181,Madagascar,14,45 to 49,203843.85453610745,47
20381,181,Madagascar,14,45 to 49,203843.85453610745,48
20381,181,Madagascar,14,45 to 49,203843.85453610745,49
20382,181,Madagascar,15,50 to 54,160984.1784157284,50
20382,181,Madagascar,15,50 to 54,160984.1784157284,51
20382,181,Madagascar,15,50 to 54,160984.1784157284,52
20382,181,Madagascar,15,50 to 54,160984.1784157284,53
20382,181,Madagascar,15,50 to 54,160984.1784157284,54
20383,181,Madagascar,16,55 to 59,125595.55278565525,55
20383,181,Madagascar,16,55 to 59,125595.55278565525,56
20383,181,Madagascar,16,55 to 59,125595.55278565525,57
20383,181,Madagascar,16,55 to 59,125595.55278565525,58
20383,181,Madagascar,16,55 to 59,125595.55278565525,59
20384,181,Madagascar,17,60 to 64,92044.23523983758,60
20384,181,Madagascar,17,60 to 64,92044.23523983758,61
20384,181,Madagascar,17,60 to 64,92044.23523983758,62
20384,181,Madagascar,17,60 to 64,92044.23523983758,63
20384,181,Madagascar,17,60 to 64,92044.23523983758,64
20385,181,Madagascar,18,65 to 69,58728.69854237449,65
20385,181,Madagascar,18,65 to 69,58728.69854237449,66
20385,181,Madagascar,18,65 to 69,58728.69854237449,67
20385,181,Madagascar,18,65 to 69,58728.69854237449,68
20385,181,Madagascar,18,65 to 69,58728.69854237449,69
20386,181,Madagascar,19,70 to 74,36347.40488071656,70
20386,181,Madagascar,19,70 to 74,36347.40488071656,71
20386,181,Madagascar,19,70 to 74,36347.40488071656,72
20386,181,Madagascar,19,70 to 74,36347.40488071656,73
20386,181,Madagascar,19,70 to 74,36347.40488071656,74
20387,181,Madagascar,20,75 to 79,20703.74196206399,75
20387,181,Madagascar,20,75 to 79,20703.74196206399,76
20387,181,Madagascar,20,75 to 79,20703.74196206399,77
20387,181,Madagascar,20,75 to 79,20703.74196206399,78
20387,181,Madagascar,20,75 to 79,20703.74196206399,79
20395,181,Madagascar,30,80 to 84,10710.613309026114,80
20395,181,Madagascar,30,80 to 84,10710.613309026114,81
20395,181,Madagascar,30,80 to 84,10710.613309026114,82
20395,181,Madagascar,30,80 to 84,10710.613309026114,83
20395,181,Madagascar,30,80 to 84,10710.613309026114,84
20396,181,Madagascar,31,85 to 89,4653.413659299929,85
20396,181,Madagascar,31,85 to 89,4653.413659299929,86
20396,181,Madagascar,31,85 to 89,4653.413659299929,87
20396,181,Madagascar,31,85 to 89,4653.413659299929,88
20396,181,Madagascar,31,85 to 89,4653.413659299929,89
20397,181,Madagascar,32,90 to 94,1430.6269002886916,90
20397,181,Madagascar,32,90 to 94,1430.6269002886916,91
20397,181,Madagascar,32,90 to 94,1430.6269002886916,92
20397,181,Madagascar,32,90 to 94,1430.6269002886916,93
20397,181,Madagascar,32,90 to 94,1430.6269002886916,94
20405,181,Madagascar,235,95 plus,263.78566516473035,95
20405,181,Madagascar,235,95 plus,263.78566516473035,96
20405,181,Madagascar,235,95 plus,263.78566516473035,97
20405,181,Madagascar,235,95 plus,263.78566516473035,98
20405,181,Madagascar,235,95 plus,263.78566516473035,99
20405,181,Madagascar,235,95 plus,263.78566516473035,100
20492,182,Malawi,11,30 to 34,242391.2165748151,30
20492,182,Malawi,11,30 to 34,242391.2165748151,31
20492,182,Malawi,11,30 to 34,242391.2165748151,32
20492,182,Malawi,11,30 to 34,242391.2165748151,33
20492,182,Malawi,11,30 to 34,242391.2165748151,34
20493,182,Malawi,12,35 to 39,200111.87480838358,35
20493,182,Malawi,12,35 to 39,200111.87480838358,36
20493,182,Malawi,12,35 to 39,200111.87480838358,37
20493,182,Malawi,12,35 to 39,200111.87480838358,38
20493,182,Malawi,12,35 to 39,200111.87480838358,39
20494,182,Malawi,13,40 to 44,156066.57602105886,40
20494,182,Malawi,13,40 to 44,156066.57602105886,41
20494,182,Malawi,13,40 to 44,156066.57602105886,42
20494,182,Malawi,13,40 to 44,156066.57602105886,43
20494,182,Malawi,13,40 to 44,156066.57602105886,44
20495,182,Malawi,14,45 to 49,119400.14076565226,45
20495,182,Malawi,14,45 to 49,119400.14076565226,46
20495,182,Malawi,14,45 to 49,119400.14076565226,47
20495,182,Malawi,14,45 to 49,119400.14076565226,48
20495,182,Malawi,14,45 to 49,119400.14076565226,49
20496,182,Malawi,15,50 to 54,84447.83408720177,50
20496,182,Malawi,15,50 to 54,84447.83408720177,51
20496,182,Malawi,15,50 to 54,84447.83408720177,52
20496,182,Malawi,15,50 to 54,84447.83408720177,53
20496,182,Malawi,15,50 to 54,84447.83408720177,54
20497,182,Malawi,16,55 to 59,64872.982957284454,55
20497,182,Malawi,16,55 to 59,64872.982957284454,56
20497,182,Malawi,16,55 to 59,64872.982957284454,57
20497,182,Malawi,16,55 to 59,64872.982957284454,58
20497,182,Malawi,16,55 to 59,64872.982957284454,59
20498,182,Malawi,17,60 to 64,54993.58880198912,60
20498,182,Malawi,17,60 to 64,54993.58880198912,61
20498,182,Malawi,17,60 to 64,54993.58880198912,62
20498,182,Malawi,17,60 to 64,54993.58880198912,63
20498,182,Malawi,17,60 to 64,54993.58880198912,64
20499,182,Malawi,18,65 to 69,44479.85190691134,65
20499,182,Malawi,18,65 to 69,44479.85190691134,66
20499,182,Malawi,18,65 to 69,44479.85190691134,67
20499,182,Malawi,18,65 to 69,44479.85190691134,68
20499,182,Malawi,18,65 to 69,44479.85190691134,69
20500,182,Malawi,19,70 to 74,30724.104646694905,70
20500,182,Malawi,19,70 to 74,30724.104646694905,71
20500,182,Malawi,19,70 to 74,30724.104646694905,72
20500,182,Malawi,19,70 to 74,30724.104646694905,73
20500,182,Malawi,19,70 to 74,30724.104646694905,74
20501,182,Malawi,20,75 to 79,18043.591750443848,75
20501,182,Malawi,20,75 to 79,18043.591750443848,76
20501,182,Malawi,20,75 to 79,18043.591750443848,77
20501,182,Malawi,20,75 to 79,18043.591750443848,78
20501,182,Malawi,20,75 to 79,18043.591750443848,79
20509,182,Malawi,30,80 to 84,9264.557700378944,80
20509,182,Malawi,30,80 to 84,9264.557700378944,81
20509,182,Malawi,30,80 to 84,9264.557700378944,82
20509,182,Malawi,30,80 to 84,9264.557700378944,83
20509,182,Malawi,30,80 to 84,9264.557700378944,84
20510,182,Malawi,31,85 to 89,4198.795716779133,85
20510,182,Malawi,31,85 to 89,4198.795716779133,86
20510,182,Malawi,31,85 to 89,4198.795716779133,87
20510,182,Malawi,31,85 to 89,4198.795716779133,88
20510,182,Malawi,31,85 to 89,4198.795716779133,89
20511,182,Malawi,32,90 to 94,1545.089878677904,90
20511,182,Malawi,32,90 to 94,1545.089878677904,91
20511,182,Malawi,32,90 to 94,1545.089878677904,92
20511,182,Malawi,32,90 to 94,1545.089878677904,93
20511,182,Malawi,32,90 to 94,1545.089878677904,94
20519,182,Malawi,235,95 plus,335.619967924522,95
20519,182,Malawi,235,95 plus,335.619967924522,96
20519,182,Malawi,235,95 plus,335.619967924522,97
20519,182,Malawi,235,95 plus,335.619967924522,98
20519,182,Malawi,235,95 plus,335.619967924522,99
20519,182,Malawi,235,95 plus,335.619967924522,100
20606,183,Mauritius,11,30 to 34,17355.6606796732,30
20606,183,Mauritius,11,30 to 34,17355.6606796732,31
20606,183,Mauritius,11,30 to 34,17355.6606796732,32
20606,183,Mauritius,11,30 to 34,17355.6606796732,33
20606,183,Mauritius,11,30 to 34,17355.6606796732,34
20607,183,Mauritius,12,35 to 39,19196.9770506851,35
20607,183,Mauritius,12,35 to 39,19196.9770506851,36
20607,183,Mauritius,12,35 to 39,19196.9770506851,37
20607,183,Mauritius,12,35 to 39,19196.9770506851,38
20607,183,Mauritius,12,35 to 39,19196.9770506851,39
20608,183,Mauritius,13,40 to 44,19238.6113212971,40
20608,183,Mauritius,13,40 to 44,19238.6113212971,41
20608,183,Mauritius,13,40 to 44,19238.6113212971,42
20608,183,Mauritius,13,40 to 44,19238.6113212971,43
20608,183,Mauritius,13,40 to 44,19238.6113212971,44
20609,183,Mauritius,14,45 to 49,17038.790693387862,45
20609,183,Mauritius,14,45 to 49,17038.790693387862,46
20609,183,Mauritius,14,45 to 49,17038.790693387862,47
20609,183,Mauritius,14,45 to 49,17038.790693387862,48
20609,183,Mauritius,14,45 to 49,17038.790693387862,49
20610,183,Mauritius,15,50 to 54,18546.040666153414,50
20610,183,Mauritius,15,50 to 54,18546.040666153414,51
20610,183,Mauritius,15,50 to 54,18546.040666153414,52
20610,183,Mauritius,15,50 to 54,18546.040666153414,53
20610,183,Mauritius,15,50 to 54,18546.040666153414,54
20611,183,Mauritius,16,55 to 59,18230.006137258173,55
20611,183,Mauritius,16,55 to 59,18230.006137258173,56
20611,183,Mauritius,16,55 to 59,18230.006137258173,57
20611,183,Mauritius,16,55 to 59,18230.006137258173,58
20611,183,Mauritius,16,55 to 59,18230.006137258173,59
20612,183,Mauritius,17,60 to 64,15339.961835082378,60
20612,183,Mauritius,17,60 to 64,15339.961835082378,61
20612,183,Mauritius,17,60 to 64,15339.961835082378,62
20612,183,Mauritius,17,60 to 64,15339.961835082378,63
20612,183,Mauritius,17,60 to 64,15339.961835082378,64
20613,183,Mauritius,18,65 to 69,12117.711890556815,65
20613,183,Mauritius,18,65 to 69,12117.711890556815,66
20613,183,Mauritius,18,65 to 69,12117.711890556815,67
20613,183,Mauritius,18,65 to 69,12117.711890556815,68
20613,183,Mauritius,18,65 to 69,12117.711890556815,69
20614,183,Mauritius,19,70 to 74,7864.007515512763,70
20614,183,Mauritius,19,70 to 74,7864.007515512763,71
20614,183,Mauritius,19,70 to 74,7864.007515512763,72
20614,183,Mauritius,19,70 to 74,7864.007515512763,73
20614,183,Mauritius,19,70 to 74,7864.007515512763,74
20615,183,Mauritius,20,75 to 79,4706.654199869663,75
20615,183,Mauritius,20,75 to 79,4706.654199869663,76
20615,183,Mauritius,20,75 to 79,4706.654199869663,77
20615,183,Mauritius,20,75 to 79,4706.654199869663,78
20615,183,Mauritius,20,75 to 79,4706.654199869663,79
20623,183,Mauritius,30,80 to 84,2930.3325203856302,80
20623,183,Mauritius,30,80 to 84,2930.3325203856302,81
20623,183,Mauritius,30,80 to 84,2930.3325203856302,82
20623,183,Mauritius,30,80 to 84,2930.3325203856302,83
20623,183,Mauritius,30,80 to 84,2930.3325203856302,84
20624,183,Mauritius,31,85 to 89,1649.447485136459,85
20624,183,Mauritius,31,85 to 89,1649.447485136459,86
20624,183,Mauritius,31,85 to 89,1649.447485136459,87
20624,183,Mauritius,31,85 to 89,1649.447485136459,88
20624,183,Mauritius,31,85 to 89,1649.447485136459,89
20625,183,Mauritius,32,90 to 94,708.9080502746212,90
20625,183,Mauritius,32,90 to 94,708.9080502746212,91
20625,183,Mauritius,32,90 to 94,708.9080502746212,92
20625,183,Mauritius,32,90 to 94,708.9080502746212,93
20625,183,Mauritius,32,90 to 94,708.9080502746212,94
20633,183,Mauritius,235,95 plus,205.338784960584,95
20633,183,Mauritius,235,95 plus,205.338784960584,96
20633,183,Mauritius,235,95 plus,205.338784960584,97
20633,183,Mauritius,235,95 plus,205.338784960584,98
20633,183,Mauritius,235,95 plus,205.338784960584,99
20633,183,Mauritius,235,95 plus,205.338784960584,100
20720,184,Mozambique,11,30 to 34,336144.4505852779,30
20720,184,Mozambique,11,30 to 34,336144.4505852779,31
20720,184,Mozambique,11,30 to 34,336144.4505852779,32
20720,184,Mozambique,11,30 to 34,336144.4505852779,33
20720,184,Mozambique,11,30 to 34,336144.4505852779,34
20721,184,Mozambique,12,35 to 39,285980.6195559986,35
20721,184,Mozambique,12,35 to 39,285980.6195559986,36
20721,184,Mozambique,12,35 to 39,285980.6195559986,37
20721,184,Mozambique,12,35 to 39,285980.6195559986,38
20721,184,Mozambique,12,35 to 39,285980.6195559986,39
20722,184,Mozambique,13,40 to 44,232077.88899679872,40
20722,184,Mozambique,13,40 to 44,232077.88899679872,41
20722,184,Mozambique,13,40 to 44,232077.88899679872,42
20722,184,Mozambique,13,40 to 44,232077.88899679872,43
20722,184,Mozambique,13,40 to 44,232077.88899679872,44
20723,184,Mozambique,14,45 to 49,187836.4905006837,45
20723,184,Mozambique,14,45 to 49,187836.4905006837,46
20723,184,Mozambique,14,45 to 49,187836.4905006837,47
20723,184,Mozambique,14,45 to 49,187836.4905006837,48
20723,184,Mozambique,14,45 to 49,187836.4905006837,49
20724,184,Mozambique,15,50 to 54,141235.92882925912,50
20724,184,Mozambique,15,50 to 54,141235.92882925912,51
20724,184,Mozambique,15,50 to 54,141235.92882925912,52
20724,184,Mozambique,15,50 to 54,141235.92882925912,53
20724,184,Mozambique,15,50 to 54,141235.92882925912,54
20725,184,Mozambique,16,55 to 59,108141.23524829019,55
20725,184,Mozambique,16,55 to 59,108141.23524829019,56
20725,184,Mozambique,16,55 to 59,108141.23524829019,57
20725,184,Mozambique,16,55 to 59,108141.23524829019,58
20725,184,Mozambique,16,55 to 59,108141.23524829019,59
20726,184,Mozambique,17,60 to 64,84872.6169887293,60
20726,184,Mozambique,17,60 to 64,84872.6169887293,61
20726,184,Mozambique,17,60 to 64,84872.6169887293,62
20726,184,Mozambique,17,60 to 64,84872.6169887293,63
20726,184,Mozambique,17,60 to 64,84872.6169887293,64
20727,184,Mozambique,18,65 to 69,64315.27128293024,65
20727,184,Mozambique,18,65 to 69,64315.27128293024,66
20727,184,Mozambique,18,65 to 69,64315.27128293024,67
20727,184,Mozambique,18,65 to 69,64315.27128293024,68
20727,184,Mozambique,18,65 to 69,64315.27128293024,69
20728,184,Mozambique,19,70 to 74,43591.94674055868,70
20728,184,Mozambique,19,70 to 74,43591.94674055868,71
20728,184,Mozambique,19,70 to 74,43591.94674055868,72
20728,184,Mozambique,19,70 to 74,43591.94674055868,73
20728,184,Mozambique,19,70 to 74,43591.94674055868,74
20729,184,Mozambique,20,75 to 79,25037.36776693233,75
20729,184,Mozambique,20,75 to 79,25037.36776693233,76
20729,184,Mozambique,20,75 to 79,25037.36776693233,77
20729,184,Mozambique,20,75 to 79,25037.36776693233,78
20729,184,Mozambique,20,75 to 79,25037.36776693233,79
20737,184,Mozambique,30,80 to 84,13301.127659720154,80
20737,184,Mozambique,30,80 to 84,13301.127659720154,81
20737,184,Mozambique,30,80 to 84,13301.127659720154,82
20737,184,Mozambique,30,80 to 84,13301.127659720154,83
20737,184,Mozambique,30,80 to 84,13301.127659720154,84
20738,184,Mozambique,31,85 to 89,5434.576182867209,85
20738,184,Mozambique,31,85 to 89,5434.576182867209,86
20738,184,Mozambique,31,85 to 89,5434.576182867209,87
20738,184,Mozambique,31,85 to 89,5434.576182867209,88
20738,184,Mozambique,31,85 to 89,5434.576182867209,89
20739,184,Mozambique,32,90 to 94,1824.6559519561392,90
20739,184,Mozambique,32,90 to 94,1824.6559519561392,91
20739,184,Mozambique,32,90 to 94,1824.6559519561392,92
20739,184,Mozambique,32,90 to 94,1824.6559519561392,93
20739,184,Mozambique,32,90 to 94,1824.6559519561392,94
20747,184,Mozambique,235,95 plus,410.40358738182664,95
20747,184,Mozambique,235,95 plus,410.40358738182664,96
20747,184,Mozambique,235,95 plus,410.40358738182664,97
20747,184,Mozambique,235,95 plus,410.40358738182664,98
20747,184,Mozambique,235,95 plus,410.40358738182664,99
20747,184,Mozambique,235,95 plus,410.40358738182664,100
20834,185,Rwanda,11,30 to 34,196052.64124211803,30
20834,185,Rwanda,11,30 to 34,196052.64124211803,31
20834,185,Rwanda,11,30 to 34,196052.64124211803,32
20834,185,Rwanda,11,30 to 34,196052.64124211803,33
20834,185,Rwanda,11,30 to 34,196052.64124211803,34
20835,185,Rwanda,12,35 to 39,163435.19582044493,35
20835,185,Rwanda,12,35 to 39,163435.19582044493,36
20835,185,Rwanda,12,35 to 39,163435.19582044493,37
20835,185,Rwanda,12,35 to 39,163435.19582044493,38
20835,185,Rwanda,12,35 to 39,163435.19582044493,39
20836,185,Rwanda,13,40 to 44,121267.66476583811,40
20836,185,Rwanda,13,40 to 44,121267.66476583811,41
20836,185,Rwanda,13,40 to 44,121267.66476583811,42
20836,185,Rwanda,13,40 to 44,121267.66476583811,43
20836,185,Rwanda,13,40 to 44,121267.66476583811,44
20837,185,Rwanda,14,45 to 49,89583.27946299875,45
20837,185,Rwanda,14,45 to 49,89583.27946299875,46
20837,185,Rwanda,14,45 to 49,89583.27946299875,47
20837,185,Rwanda,14,45 to 49,89583.27946299875,48
20837,185,Rwanda,14,45 to 49,89583.27946299875,49
20838,185,Rwanda,15,50 to 54,74365.21207210915,50
20838,185,Rwanda,15,50 to 54,74365.21207210915,51
20838,185,Rwanda,15,50 to 54,74365.21207210915,52
20838,185,Rwanda,15,50 to 54,74365.21207210915,53
20838,185,Rwanda,15,50 to 54,74365.21207210915,54
20839,185,Rwanda,16,55 to 59,64328.98619256918,55
20839,185,Rwanda,16,55 to 59,64328.98619256918,56
20839,185,Rwanda,16,55 to 59,64328.98619256918,57
20839,185,Rwanda,16,55 to 59,64328.98619256918,58
20839,185,Rwanda,16,55 to 59,64328.98619256918,59
20840,185,Rwanda,17,60 to 64,52116.9928393321,60
20840,185,Rwanda,17,60 to 64,52116.9928393321,61
20840,185,Rwanda,17,60 to 64,52116.9928393321,62
20840,185,Rwanda,17,60 to 64,52116.9928393321,63
20840,185,Rwanda,17,60 to 64,52116.9928393321,64
20841,185,Rwanda,18,65 to 69,37620.42987509794,65
20841,185,Rwanda,18,65 to 69,37620.42987509794,66
20841,185,Rwanda,18,65 to 69,37620.42987509794,67
20841,185,Rwanda,18,65 to 69,37620.42987509794,68
20841,185,Rwanda,18,65 to 69,37620.42987509794,69
20842,185,Rwanda,19,70 to 74,21541.87455227573,70
20842,185,Rwanda,19,70 to 74,21541.87455227573,71
20842,185,Rwanda,19,70 to 74,21541.87455227573,72
20842,185,Rwanda,19,70 to 74,21541.87455227573,73
20842,185,Rwanda,19,70 to 74,21541.87455227573,74
20843,185,Rwanda,20,75 to 79,13265.712324603755,75
20843,185,Rwanda,20,75 to 79,13265.712324603755,76
20843,185,Rwanda,20,75 to 79,13265.712324603755,77
20843,185,Rwanda,20,75 to 79,13265.712324603755,78
20843,185,Rwanda,20,75 to 79,13265.712324603755,79
20851,185,Rwanda,30,80 to 84,7585.116579984276,80
20851,185,Rwanda,30,80 to 84,7585.116579984276,81
20851,185,Rwanda,30,80 to 84,7585.116579984276,82
20851,185,Rwanda,30,80 to 84,7585.116579984276,83
20851,185,Rwanda,30,80 to 84,7585.116579984276,84
20852,185,Rwanda,31,85 to 89,3168.2491467244845,85
20852,185,Rwanda,31,85 to 89,3168.2491467244845,86
20852,185,Rwanda,31,85 to 89,3168.2491467244845,87
20852,185,Rwanda,31,85 to 89,3168.2491467244845,88
20852,185,Rwanda,31,85 to 89,3168.2491467244845,89
20853,185,Rwanda,32,90 to 94,997.7635272479043,90
20853,185,Rwanda,32,90 to 94,997.7635272479043,91
20853,185,Rwanda,32,90 to 94,997.7635272479043,92
20853,185,Rwanda,32,90 to 94,997.7635272479043,93
20853,185,Rwanda,32,90 to 94,997.7635272479043,94
20861,185,Rwanda,235,95 plus,167.20094421376595,95
20861,185,Rwanda,235,95 plus,167.20094421376595,96
20861,185,Rwanda,235,95 plus,167.20094421376595,97
20861,185,Rwanda,235,95 plus,167.20094421376595,98
20861,185,Rwanda,235,95 plus,167.20094421376595,99
20861,185,Rwanda,235,95 plus,167.20094421376595,100
20948,186,Seychelles,11,30 to 34,1649.0482619152997,30
20948,186,Seychelles,11,30 to 34,1649.0482619152997,31
20948,186,Seychelles,11,30 to 34,1649.0482619152997,32
20948,186,Seychelles,11,30 to 34,1649.0482619152997,33
20948,186,Seychelles,11,30 to 34,1649.0482619152997,34
20949,186,Seychelles,12,35 to 39,1628.6050552634092,35
20949,186,Seychelles,12,35 to 39,1628.6050552634092,36
20949,186,Seychelles,12,35 to 39,1628.6050552634092,37
20949,186,Seychelles,12,35 to 39,1628.6050552634092,38
20949,186,Seychelles,12,35 to 39,1628.6050552634092,39
20950,186,Seychelles,13,40 to 44,1588.0073936318831,40
20950,186,Seychelles,13,40 to 44,1588.0073936318831,41
20950,186,Seychelles,13,40 to 44,1588.0073936318831,42
20950,186,Seychelles,13,40 to 44,1588.0073936318831,43
20950,186,Seychelles,13,40 to 44,1588.0073936318831,44
20951,186,Seychelles,14,45 to 49,1529.5530505640272,45
20951,186,Seychelles,14,45 to 49,1529.5530505640272,46
20951,186,Seychelles,14,45 to 49,1529.5530505640272,47
20951,186,Seychelles,14,45 to 49,1529.5530505640272,48
20951,186,Seychelles,14,45 to 49,1529.5530505640272,49
20952,186,Seychelles,15,50 to 54,1393.9664009191445,50
20952,186,Seychelles,15,50 to 54,1393.9664009191445,51
20952,186,Seychelles,15,50 to 54,1393.9664009191445,52
20952,186,Seychelles,15,50 to 54,1393.9664009191445,53
20952,186,Seychelles,15,50 to 54,1393.9664009191445,54
20953,186,Seychelles,16,55 to 59,1223.1340244103853,55
20953,186,Seychelles,16,55 to 59,1223.1340244103853,56
20953,186,Seychelles,16,55 to 59,1223.1340244103853,57
20953,186,Seychelles,16,55 to 59,1223.1340244103853,58
20953,186,Seychelles,16,55 to 59,1223.1340244103853,59
20954,186,Seychelles,17,60 to 64,955.2388249008889,60
20954,186,Seychelles,17,60 to 64,955.2388249008889,61
20954,186,Seychelles,17,60 to 64,955.2388249008889,62
20954,186,Seychelles,17,60 to 64,955.2388249008889,63
20954,186,Seychelles,17,60 to 64,955.2388249008889,64
20955,186,Seychelles,18,65 to 69,606.9420684391957,65
20955,186,Seychelles,18,65 to 69,606.9420684391957,66
20955,186,Seychelles,18,65 to 69,606.9420684391957,67
20955,186,Seychelles,18,65 to 69,606.9420684391957,68
20955,186,Seychelles,18,65 to 69,606.9420684391957,69
20956,186,Seychelles,19,70 to 74,416.9886082702934,70
20956,186,Seychelles,19,70 to 74,416.9886082702934,71
20956,186,Seychelles,19,70 to 74,416.9886082702934,72
20956,186,Seychelles,19,70 to 74,416.9886082702934,73
20956,186,Seychelles,19,70 to 74,416.9886082702934,74
20957,186,Seychelles,20,75 to 79,301.7281617860629,75
20957,186,Seychelles,20,75 to 79,301.7281617860629,76
20957,186,Seychelles,20,75 to 79,301.7281617860629,77
20957,186,Seychelles,20,75 to 79,301.7281617860629,78
20957,186,Seychelles,20,75 to 79,301.7281617860629,79
20965,186,Seychelles,30,80 to 84,184.01697919297155,80
20965,186,Seychelles,30,80 to 84,184.01697919297155,81
20965,186,Seychelles,30,80 to 84,184.01697919297155,82
20965,186,Seychelles,30,80 to 84,184.01697919297155,83
20965,186,Seychelles,30,80 to 84,184.01697919297155,84
20966,186,Seychelles,31,85 to 89,100.21183114317016,85
20966,186,Seychelles,31,85 to 89,100.21183114317016,86
20966,186,Seychelles,31,85 to 89,100.21183114317016,87
20966,186,Seychelles,31,85 to 89,100.21183114317016,88
20966,186,Seychelles,31,85 to 89,100.21183114317016,89
20967,186,Seychelles,32,90 to 94,37.461284988834976,90
20967,186,Seychelles,32,90 to 94,37.461284988834976,91
20967,186,Seychelles,32,90 to 94,37.461284988834976,92
20967,186,Seychelles,32,90 to 94,37.461284988834976,93
20967,186,Seychelles,32,90 to 94,37.461284988834976,94
20975,186,Seychelles,235,95 plus,7.984623346268677,95
20975,186,Seychelles,235,95 plus,7.984623346268677,96
20975,186,Seychelles,235,95 plus,7.984623346268677,97
20975,186,Seychelles,235,95 plus,7.984623346268677,98
20975,186,Seychelles,235,95 plus,7.984623346268677,99
20975,186,Seychelles,235,95 plus,7.984623346268677,100
21062,187,Somalia,11,30 to 34,224940.6055629034,30
21062,187,Somalia,11,30 to 34,224940.6055629034,31
21062,187,Somalia,11,30 to 34,224940.6055629034,32
21062,187,Somalia,11,30 to 34,224940.6055629034,33
21062,187,Somalia,11,30 to 34,224940.6055629034,34
21063,187,Somalia,12,35 to 39,213929.99608893375,35
21063,187,Somalia,12,35 to 39,213929.99608893375,36
21063,187,Somalia,12,35 to 39,213929.99608893375,37
21063,187,Somalia,12,35 to 39,213929.99608893375,38
21063,187,Somalia,12,35 to 39,213929.99608893375,39
21064,187,Somalia,13,40 to 44,194566.03605626727,40
21064,187,Somalia,13,40 to 44,194566.03605626727,41
21064,187,Somalia,13,40 to 44,194566.03605626727,42
21064,187,Somalia,13,40 to 44,194566.03605626727,43
21064,187,Somalia,13,40 to 44,194566.03605626727,44
21065,187,Somalia,14,45 to 49,130086.74815769613,45
21065,187,Somalia,14,45 to 49,130086.74815769613,46
21065,187,Somalia,14,45 to 49,130086.74815769613,47
21065,187,Somalia,14,45 to 49,130086.74815769613,48
21065,187,Somalia,14,45 to 49,130086.74815769613,49
21066,187,Somalia,15,50 to 54,71806.25677510088,50
21066,187,Somalia,15,50 to 54,71806.25677510088,51
21066,187,Somalia,15,50 to 54,71806.25677510088,52
21066,187,Somalia,15,50 to 54,71806.25677510088,53
21066,187,Somalia,15,50 to 54,71806.25677510088,54
21067,187,Somalia,16,55 to 59,60686.21940647312,55
21067,187,Somalia,16,55 to 59,60686.21940647312,56
21067,187,Somalia,16,55 to 59,60686.21940647312,57
21067,187,Somalia,16,55 to 59,60686.21940647312,58
21067,187,Somalia,16,55 to 59,60686.21940647312,59
21068,187,Somalia,17,60 to 64,55058.78306835976,60
21068,187,Somalia,17,60 to 64,55058.78306835976,61
21068,187,Somalia,17,60 to 64,55058.78306835976,62
21068,187,Somalia,17,60 to 64,55058.78306835976,63
21068,187,Somalia,17,60 to 64,55058.78306835976,64
21069,187,Somalia,18,65 to 69,42346.9892468075,65
21069,187,Somalia,18,65 to 69,42346.9892468075,66
21069,187,Somalia,18,65 to 69,42346.9892468075,67
21069,187,Somalia,18,65 to 69,42346.9892468075,68
21069,187,Somalia,18,65 to 69,42346.9892468075,69
21070,187,Somalia,19,70 to 74,24616.71403429075,70
21070,187,Somalia,19,70 to 74,24616.71403429075,71
21070,187,Somalia,19,70 to 74,24616.71403429075,72
21070,187,Somalia,19,70 to 74,24616.71403429075,73
21070,187,Somalia,19,70 to 74,24616.71403429075,74
21071,187,Somalia,20,75 to 79,12733.381321386392,75
21071,187,Somalia,20,75 to 79,12733.381321386392,76
21071,187,Somalia,20,75 to 79,12733.381321386392,77
21071,187,Somalia,20,75 to 79,12733.381321386392,78
21071,187,Somalia,20,75 to 79,12733.381321386392,79
21079,187,Somalia,30,80 to 84,5630.452058865162,80
21079,187,Somalia,30,80 to 84,5630.452058865162,81
21079,187,Somalia,30,80 to 84,5630.452058865162,82
21079,187,Somalia,30,80 to 84,5630.452058865162,83
21079,187,Somalia,30,80 to 84,5630.452058865162,84
21080,187,Somalia,31,85 to 89,1942.1458857548096,85
21080,187,Somalia,31,85 to 89,1942.1458857548096,86
21080,187,Somalia,31,85 to 89,1942.1458857548096,87
21080,187,Somalia,31,85 to 89,1942.1458857548096,88
21080,187,Somalia,31,85 to 89,1942.1458857548096,89
21081,187,Somalia,32,90 to 94,492.205788061376,90
21081,187,Somalia,32,90 to 94,492.205788061376,91
21081,187,Somalia,32,90 to 94,492.205788061376,92
21081,187,Somalia,32,90 to 94,492.205788061376,93
21081,187,Somalia,32,90 to 94,492.205788061376,94
21089,187,Somalia,235,95 plus,74.12644185461846,95
21089,187,Somalia,235,95 plus,74.12644185461846,96
21089,187,Somalia,235,95 plus,74.12644185461846,97
21089,187,Somalia,235,95 plus,74.12644185461846,98
21089,187,Somalia,235,95 plus,74.12644185461846,99
21089,187,Somalia,235,95 plus,74.12644185461846,100
21176,189,United Republic of Tanzania,11,30 to 34,713428.9036313881,30
21176,189,United Republic of Tanzania,11,30 to 34,713428.9036313881,31
21176,189,United Republic of Tanzania,11,30 to 34,713428.9036313881,32
21176,189,United Republic of Tanzania,11,30 to 34,713428.9036313881,33
21176,189,United Republic of Tanzania,11,30 to 34,713428.9036313881,34
21177,189,United Republic of Tanzania,12,35 to 39,609297.5722010185,35
21177,189,United Republic of Tanzania,12,35 to 39,609297.5722010185,36
21177,189,United Republic of Tanzania,12,35 to 39,609297.5722010185,37
21177,189,United Republic of Tanzania,12,35 to 39,609297.5722010185,38
21177,189,United Republic of Tanzania,12,35 to 39,609297.5722010185,39
21178,189,United Republic of Tanzania,13,40 to 44,507900.37776890135,40
21178,189,United Republic of Tanzania,13,40 to 44,507900.37776890135,41
21178,189,United Republic of Tanzania,13,40 to 44,507900.37776890135,42
21178,189,United Republic of Tanzania,13,40 to 44,507900.37776890135,43
21178,189,United Republic of Tanzania,13,40 to 44,507900.37776890135,44
21179,189,United Republic of Tanzania,14,45 to 49,408497.41814928903,45
21179,189,United Republic of Tanzania,14,45 to 49,408497.41814928903,46
21179,189,United Republic of Tanzania,14,45 to 49,408497.41814928903,47
21179,189,United Republic of Tanzania,14,45 to 49,408497.41814928903,48
21179,189,United Republic of Tanzania,14,45 to 49,408497.41814928903,49
21180,189,United Republic of Tanzania,15,50 to 54,319826.2714760059,50
21180,189,United Republic of Tanzania,15,50 to 54,319826.2714760059,51
21180,189,United Republic of Tanzania,15,50 to 54,319826.2714760059,52
21180,189,United Republic of Tanzania,15,50 to 54,319826.2714760059,53
21180,189,United Republic of Tanzania,15,50 to 54,319826.2714760059,54
21181,189,United Republic of Tanzania,16,55 to 59,241994.51936729625,55
21181,189,United Republic of Tanzania,16,55 to 59,241994.51936729625,56
21181,189,United Republic of Tanzania,16,55 to 59,241994.51936729625,57
21181,189,United Republic of Tanzania,16,55 to 59,241994.51936729625,58
21181,189,United Republic of Tanzania,16,55 to 59,241994.51936729625,59
21182,189,United Republic of Tanzania,17,60 to 64,180321.9289020996,60
21182,189,United Republic of Tanzania,17,60 to 64,180321.9289020996,61
21182,189,United Republic of Tanzania,17,60 to 64,180321.9289020996,62
21182,189,United Republic of Tanzania,17,60 to 64,180321.9289020996,63
21182,189,United Republic of Tanzania,17,60 to 64,180321.9289020996,64
21183,189,United Republic of Tanzania,18,65 to 69,138516.39851820396,65
21183,189,United Republic of Tanzania,18,65 to 69,138516.39851820396,66
21183,189,United Republic of Tanzania,18,65 to 69,138516.39851820396,67
21183,189,United Republic of Tanzania,18,65 to 69,138516.39851820396,68
21183,189,United Republic of Tanzania,18,65 to 69,138516.39851820396,69
21184,189,United Republic of Tanzania,19,70 to 74,94675.25364818808,70
21184,189,United Republic of Tanzania,19,70 to 74,94675.25364818808,71
21184,189,United Republic of Tanzania,19,70 to 74,94675.25364818808,72
21184,189,United Republic of Tanzania,19,70 to 74,94675.25364818808,73
21184,189,United Republic of Tanzania,19,70 to 74,94675.25364818808,74
21185,189,United Republic of Tanzania,20,75 to 79,63913.30499372912,75
21185,189,United Republic of Tanzania,20,75 to 79,63913.30499372912,76
21185,189,United Republic of Tanzania,20,75 to 79,63913.30499372912,77
21185,189,United Republic of Tanzania,20,75 to 79,63913.30499372912,78
21185,189,United Republic of Tanzania,20,75 to 79,63913.30499372912,79
21193,189,United Republic of Tanzania,30,80 to 84,37551.61838648793,80
21193,189,United Republic of Tanzania,30,80 to 84,37551.61838648793,81
21193,189,United Republic of Tanzania,30,80 to 84,37551.61838648793,82
21193,189,United Republic of Tanzania,30,80 to 84,37551.61838648793,83
21193,189,United Republic of Tanzania,30,80 to 84,37551.61838648793,84
21194,189,United Republic of Tanzania,31,85 to 89,16312.77751794612,85
21194,189,United Republic of Tanzania,31,85 to 89,16312.77751794612,86
21194,189,United Republic of Tanzania,31,85 to 89,16312.77751794612,87
21194,189,United Republic of Tanzania,31,85 to 89,16312.77751794612,88
21194,189,United Republic of Tanzania,31,85 to 89,16312.77751794612,89
21195,189,United Republic of Tanzania,32,90 to 94,5256.036968613613,90
21195,189,United Republic of Tanzania,32,90 to 94,5256.036968613613,91
21195,189,United Republic of Tanzania,32,90 to 94,5256.036968613613,92
21195,189,United Republic of Tanzania,32,90 to 94,5256.036968613613,93
21195,189,United Republic of Tanzania,32,90 to 94,5256.036968613613,94
21203,189,United Republic of Tanzania,235,95 plus,1132.8523680800777,95
21203,189,United Republic of Tanzania,235,95 plus,1132.8523680800777,96
21203,189,United Republic of Tanzania,235,95 plus,1132.8523680800777,97
21203,189,United Republic of Tanzania,235,95 plus,1132.8523680800777,98
21203,189,United Republic of Tanzania,235,95 plus,1132.8523680800777,99
21203,189,United Republic of Tanzania,235,95 plus,1132.8523680800777,100
21290,190,Uganda,11,30 to 34,488206.6221208304,30
21290,190,Uganda,11,30 to 34,488206.6221208304,31
21290,190,Uganda,11,30 to 34,488206.6221208304,32
21290,190,Uganda,11,30 to 34,488206.6221208304,33
21290,190,Uganda,11,30 to 34,488206.6221208304,34
21291,190,Uganda,12,35 to 39,379914.9574033128,35
21291,190,Uganda,12,35 to 39,379914.9574033128,36
21291,190,Uganda,12,35 to 39,379914.9574033128,37
21291,190,Uganda,12,35 to 39,379914.9574033128,38
21291,190,Uganda,12,35 to 39,379914.9574033128,39
21292,190,Uganda,13,40 to 44,303220.53083436156,40
21292,190,Uganda,13,40 to 44,303220.53083436156,41
21292,190,Uganda,13,40 to 44,303220.53083436156,42
21292,190,Uganda,13,40 to 44,303220.53083436156,43
21292,190,Uganda,13,40 to 44,303220.53083436156,44
21293,190,Uganda,14,45 to 49,241533.61596151424,45
21293,190,Uganda,14,45 to 49,241533.61596151424,46
21293,190,Uganda,14,45 to 49,241533.61596151424,47
21293,190,Uganda,14,45 to 49,241533.61596151424,48
21293,190,Uganda,14,45 to 49,241533.61596151424,49
21294,190,Uganda,15,50 to 54,187208.97049370274,50
21294,190,Uganda,15,50 to 54,187208.97049370274,51
21294,190,Uganda,15,50 to 54,187208.97049370274,52
21294,190,Uganda,15,50 to 54,187208.97049370274,53
21294,190,Uganda,15,50 to 54,187208.97049370274,54
21295,190,Uganda,16,55 to 59,145027.1498706371,55
21295,190,Uganda,16,55 to 59,145027.1498706371,56
21295,190,Uganda,16,55 to 59,145027.1498706371,57
21295,190,Uganda,16,55 to 59,145027.1498706371,58
21295,190,Uganda,16,55 to 59,145027.1498706371,59
21296,190,Uganda,17,60 to 64,105133.11200595487,60
21296,190,Uganda,17,60 to 64,105133.11200595487,61
21296,190,Uganda,17,60 to 64,105133.11200595487,62
21296,190,Uganda,17,60 to 64,105133.11200595487,63
21296,190,Uganda,17,60 to 64,105133.11200595487,64
21297,190,Uganda,18,65 to 69,75316.58886008336,65
21297,190,Uganda,18,65 to 69,75316.58886008336,66
21297,190,Uganda,18,65 to 69,75316.58886008336,67
21297,190,Uganda,18,65 to 69,75316.58886008336,68
21297,190,Uganda,18,65 to 69,75316.58886008336,69
21298,190,Uganda,19,70 to 74,54424.74835920881,70
21298,190,Uganda,19,70 to 74,54424.74835920881,71
21298,190,Uganda,19,70 to 74,54424.74835920881,72
21298,190,Uganda,19,70 to 74,54424.74835920881,73
21298,190,Uganda,19,70 to 74,54424.74835920881,74
21299,190,Uganda,20,75 to 79,34573.93990333017,75
21299,190,Uganda,20,75 to 79,34573.93990333017,76
21299,190,Uganda,20,75 to 79,34573.93990333017,77
21299,190,Uganda,20,75 to 79,34573.93990333017,78
21299,190,Uganda,20,75 to 79,34573.93990333017,79
21307,190,Uganda,30,80 to 84,19055.956735156637,80
21307,190,Uganda,30,80 to 84,19055.956735156637,81
21307,190,Uganda,30,80 to 84,19055.956735156637,82
21307,190,Uganda,30,80 to 84,19055.956735156637,83
21307,190,Uganda,30,80 to 84,19055.956735156637,84
21308,190,Uganda,31,85 to 89,7851.591222824332,85
21308,190,Uganda,31,85 to 89,7851.591222824332,86
21308,190,Uganda,31,85 to 89,7851.591222824332,87
21308,190,Uganda,31,85 to 89,7851.591222824332,88
21308,190,Uganda,31,85 to 89,7851.591222824332,89
21309,190,Uganda,32,90 to 94,2632.970293006303,90
21309,190,Uganda,32,90 to 94,2632.970293006303,91
21309,190,Uganda,32,90 to 94,2632.970293006303,92
21309,190,Uganda,32,90 to 94,2632.970293006303,93
21309,190,Uganda,32,90 to 94,2632.970293006303,94
21317,190,Uganda,235,95 plus,583.4598644688566,95
21317,190,Uganda,235,95 plus,583.4598644688566,96
21317,190,Uganda,235,95 plus,583.4598644688566,97
21317,190,Uganda,235,95 plus,583.4598644688566,98
21317,190,Uganda,235,95 plus,583.4598644688566,99
21317,190,Uganda,235,95 plus,583.4598644688566,100
21404,191,Zambia,11,30 to 34,247492.3403372569,30
21404,191,Zambia,11,30 to 34,247492.3403372569,31
21404,191,Zambia,11,30 to 34,247492.3403372569,32
21404,191,Zambia,11,30 to 34,247492.3403372569,33
21404,191,Zambia,11,30 to 34,247492.3403372569,34
21405,191,Zambia,12,35 to 39,203353.29959841334,35
21405,191,Zambia,12,35 to 39,203353.29959841334,36
21405,191,Zambia,12,35 to 39,203353.29959841334,37
21405,191,Zambia,12,35 to 39,203353.29959841334,38
21405,191,Zambia,12,35 to 39,203353.29959841334,39
21406,191,Zambia,13,40 to 44,163614.6918458665,40
21406,191,Zambia,13,40 to 44,163614.6918458665,41
21406,191,Zambia,13,40 to 44,163614.6918458665,42
21406,191,Zambia,13,40 to 44,163614.6918458665,43
21406,191,Zambia,13,40 to 44,163614.6918458665,44
21407,191,Zambia,14,45 to 49,124338.5664616775,45
21407,191,Zambia,14,45 to 49,124338.5664616775,46
21407,191,Zambia,14,45 to 49,124338.5664616775,47
21407,191,Zambia,14,45 to 49,124338.5664616775,48
21407,191,Zambia,14,45 to 49,124338.5664616775,49
21408,191,Zambia,15,50 to 54,90870.98812829301,50
21408,191,Zambia,15,50 to 54,90870.98812829301,51
21408,191,Zambia,15,50 to 54,90870.98812829301,52
21408,191,Zambia,15,50 to 54,90870.98812829301,53
21408,191,Zambia,15,50 to 54,90870.98812829301,54
21409,191,Zambia,16,55 to 59,66093.85905325782,55
21409,191,Zambia,16,55 to 59,66093.85905325782,56
21409,191,Zambia,16,55 to 59,66093.85905325782,57
21409,191,Zambia,16,55 to 59,66093.85905325782,58
21409,191,Zambia,16,55 to 59,66093.85905325782,59
21410,191,Zambia,17,60 to 64,48935.22846467492,60
21410,191,Zambia,17,60 to 64,48935.22846467492,61
21410,191,Zambia,17,60 to 64,48935.22846467492,62
21410,191,Zambia,17,60 to 64,48935.22846467492,63
21410,191,Zambia,17,60 to 64,48935.22846467492,64
21411,191,Zambia,18,65 to 69,34386.13472334199,65
21411,191,Zambia,18,65 to 69,34386.13472334199,66
21411,191,Zambia,18,65 to 69,34386.13472334199,67
21411,191,Zambia,18,65 to 69,34386.13472334199,68
21411,191,Zambia,18,65 to 69,34386.13472334199,69
21412,191,Zambia,19,70 to 74,25567.167412998177,70
21412,191,Zambia,19,70 to 74,25567.167412998177,71
21412,191,Zambia,19,70 to 74,25567.167412998177,72
21412,191,Zambia,19,70 to 74,25567.167412998177,73
21412,191,Zambia,19,70 to 74,25567.167412998177,74
21413,191,Zambia,20,75 to 79,16436.417177641768,75
21413,191,Zambia,20,75 to 79,16436.417177641768,76
21413,191,Zambia,20,75 to 79,16436.417177641768,77
21413,191,Zambia,20,75 to 79,16436.417177641768,78
21413,191,Zambia,20,75 to 79,16436.417177641768,79
21421,191,Zambia,30,80 to 84,8542.229597643833,80
21421,191,Zambia,30,80 to 84,8542.229597643833,81
21421,191,Zambia,30,80 to 84,8542.229597643833,82
21421,191,Zambia,30,80 to 84,8542.229597643833,83
21421,191,Zambia,30,80 to 84,8542.229597643833,84
21422,191,Zambia,31,85 to 89,3388.230984932543,85
21422,191,Zambia,31,85 to 89,3388.230984932543,86
21422,191,Zambia,31,85 to 89,3388.230984932543,87
21422,191,Zambia,31,85 to 89,3388.230984932543,88
21422,191,Zambia,31,85 to 89,3388.230984932543,89
21423,191,Zambia,32,90 to 94,888.413898431521,90
21423,191,Zambia,32,90 to 94,888.413898431521,91
21423,191,Zambia,32,90 to 94,888.413898431521,92
21423,191,Zambia,32,90 to 94,888.413898431521,93
21423,191,Zambia,32,90 to 94,888.413898431521,94
21431,191,Zambia,235,95 plus,151.88721065675364,95
21431,191,Zambia,235,95 plus,151.88721065675364,96
21431,191,Zambia,235,95 plus,151.88721065675364,97
21431,191,Zambia,235,95 plus,151.88721065675364,98
21431,191,Zambia,235,95 plus,151.88721065675364,99
21431,191,Zambia,235,95 plus,151.88721065675364,100
21632,193,Botswana,11,30 to 34,43404.87835782627,30
21632,193,Botswana,11,30 to 34,43404.87835782627,31
21632,193,Botswana,11,30 to 34,43404.87835782627,32
21632,193,Botswana,11,30 to 34,43404.87835782627,33
21632,193,Botswana,11,30 to 34,43404.87835782627,34
21633,193,Botswana,12,35 to 39,39816.42442034,35
21633,193,Botswana,12,35 to 39,39816.42442034,36
21633,193,Botswana,12,35 to 39,39816.42442034,37
21633,193,Botswana,12,35 to 39,39816.42442034,38
21633,193,Botswana,12,35 to 39,39816.42442034,39
21634,193,Botswana,13,40 to 44,30668.058187565824,40
21634,193,Botswana,13,40 to 44,30668.058187565824,41
21634,193,Botswana,13,40 to 44,30668.058187565824,42
21634,193,Botswana,13,40 to 44,30668.058187565824,43
21634,193,Botswana,13,40 to 44,30668.058187565824,44
21635,193,Botswana,14,45 to 49,23072.889910977377,45
21635,193,Botswana,14,45 to 49,23072.889910977377,46
21635,193,Botswana,14,45 to 49,23072.889910977377,47
21635,193,Botswana,14,45 to 49,23072.889910977377,48
21635,193,Botswana,14,45 to 49,23072.889910977377,49
21636,193,Botswana,15,50 to 54,17316.498842702942,50
21636,193,Botswana,15,50 to 54,17316.498842702942,51
21636,193,Botswana,15,50 to 54,17316.498842702942,52
21636,193,Botswana,15,50 to 54,17316.498842702942,53
21636,193,Botswana,15,50 to 54,17316.498842702942,54
21637,193,Botswana,16,55 to 59,14525.739871490063,55
21637,193,Botswana,16,55 to 59,14525.739871490063,56
21637,193,Botswana,16,55 to 59,14525.739871490063,57
21637,193,Botswana,16,55 to 59,14525.739871490063,58
21637,193,Botswana,16,55 to 59,14525.739871490063,59
21638,193,Botswana,17,60 to 64,11425.316507702415,60
21638,193,Botswana,17,60 to 64,11425.316507702415,61
21638,193,Botswana,17,60 to 64,11425.316507702415,62
21638,193,Botswana,17,60 to 64,11425.316507702415,63
21638,193,Botswana,17,60 to 64,11425.316507702415,64
21639,193,Botswana,18,65 to 69,8238.219599553868,65
21639,193,Botswana,18,65 to 69,8238.219599553868,66
21639,193,Botswana,18,65 to 69,8238.219599553868,67
21639,193,Botswana,18,65 to 69,8238.219599553868,68
21639,193,Botswana,18,65 to 69,8238.219599553868,69
21640,193,Botswana,19,70 to 74,5034.836020002124,70
21640,193,Botswana,19,70 to 74,5034.836020002124,71
21640,193,Botswana,19,70 to 74,5034.836020002124,72
21640,193,Botswana,19,70 to 74,5034.836020002124,73
21640,193,Botswana,19,70 to 74,5034.836020002124,74
21641,193,Botswana,20,75 to 79,3023.567430464925,75
21641,193,Botswana,20,75 to 79,3023.567430464925,76
21641,193,Botswana,20,75 to 79,3023.567430464925,77
21641,193,Botswana,20,75 to 79,3023.567430464925,78
21641,193,Botswana,20,75 to 79,3023.567430464925,79
21649,193,Botswana,30,80 to 84,1666.2598517464853,80
21649,193,Botswana,30,80 to 84,1666.2598517464853,81
21649,193,Botswana,30,80 to 84,1666.2598517464853,82
21649,193,Botswana,30,80 to 84,1666.2598517464853,83
21649,193,Botswana,30,80 to 84,1666.2598517464853,84
21650,193,Botswana,31,85 to 89,681.947236381241,85
21650,193,Botswana,31,85 to 89,681.947236381241,86
21650,193,Botswana,31,85 to 89,681.947236381241,87
21650,193,Botswana,31,85 to 89,681.947236381241,88
21650,193,Botswana,31,85 to 89,681.947236381241,89
21651,193,Botswana,32,90 to 94,189.1298386017744,90
21651,193,Botswana,32,90 to 94,189.1298386017744,91
21651,193,Botswana,32,90 to 94,189.1298386017744,92
21651,193,Botswana,32,90 to 94,189.1298386017744,93
21651,193,Botswana,32,90 to 94,189.1298386017744,94
21659,193,Botswana,235,95 plus,33.01018924489084,95
21659,193,Botswana,235,95 plus,33.01018924489084,96
21659,193,Botswana,235,95 plus,33.01018924489084,97
21659,193,Botswana,235,95 plus,33.01018924489084,98
21659,193,Botswana,235,95 plus,33.01018924489084,99
21659,193,Botswana,235,95 plus,33.01018924489084,100
21746,194,Lesotho,11,30 to 34,34890.37271085115,30
21746,194,Lesotho,11,30 to 34,34890.37271085115,31
21746,194,Lesotho,11,30 to 34,34890.37271085115,32
21746,194,Lesotho,11,30 to 34,34890.37271085115,33
21746,194,Lesotho,11,30 to 34,34890.37271085115,34
21747,194,Lesotho,12,35 to 39,30447.116514590074,35
21747,194,Lesotho,12,35 to 39,30447.116514590074,36
21747,194,Lesotho,12,35 to 39,30447.116514590074,37
21747,194,Lesotho,12,35 to 39,30447.116514590074,38
21747,194,Lesotho,12,35 to 39,30447.116514590074,39
21748,194,Lesotho,13,40 to 44,22719.219397883782,40
21748,194,Lesotho,13,40 to 44,22719.219397883782,41
21748,194,Lesotho,13,40 to 44,22719.219397883782,42
21748,194,Lesotho,13,40 to 44,22719.219397883782,43
21748,194,Lesotho,13,40 to 44,22719.219397883782,44
21749,194,Lesotho,14,45 to 49,16705.21713265131,45
21749,194,Lesotho,14,45 to 49,16705.21713265131,46
21749,194,Lesotho,14,45 to 49,16705.21713265131,47
21749,194,Lesotho,14,45 to 49,16705.21713265131,48
21749,194,Lesotho,14,45 to 49,16705.21713265131,49
21750,194,Lesotho,15,50 to 54,14566.339442775969,50
21750,194,Lesotho,15,50 to 54,14566.339442775969,51
21750,194,Lesotho,15,50 to 54,14566.339442775969,52
21750,194,Lesotho,15,50 to 54,14566.339442775969,53
21750,194,Lesotho,15,50 to 54,14566.339442775969,54
21751,194,Lesotho,16,55 to 59,12731.124566259852,55
21751,194,Lesotho,16,55 to 59,12731.124566259852,56
21751,194,Lesotho,16,55 to 59,12731.124566259852,57
21751,194,Lesotho,16,55 to 59,12731.124566259852,58
21751,194,Lesotho,16,55 to 59,12731.124566259852,59
21752,194,Lesotho,17,60 to 64,10247.014708186261,60
21752,194,Lesotho,17,60 to 64,10247.014708186261,61
21752,194,Lesotho,17,60 to 64,10247.014708186261,62
21752,194,Lesotho,17,60 to 64,10247.014708186261,63
21752,194,Lesotho,17,60 to 64,10247.014708186261,64
21753,194,Lesotho,18,65 to 69,8292.517273823803,65
21753,194,Lesotho,18,65 to 69,8292.517273823803,66
21753,194,Lesotho,18,65 to 69,8292.517273823803,67
21753,194,Lesotho,18,65 to 69,8292.517273823803,68
21753,194,Lesotho,18,65 to 69,8292.517273823803,69
21754,194,Lesotho,19,70 to 74,5416.018878684878,70
21754,194,Lesotho,19,70 to 74,5416.018878684878,71
21754,194,Lesotho,19,70 to 74,5416.018878684878,72
21754,194,Lesotho,19,70 to 74,5416.018878684878,73
21754,194,Lesotho,19,70 to 74,5416.018878684878,74
21755,194,Lesotho,20,75 to 79,3065.927828807356,75
21755,194,Lesotho,20,75 to 79,3065.927828807356,76
21755,194,Lesotho,20,75 to 79,3065.927828807356,77
21755,194,Lesotho,20,75 to 79,3065.927828807356,78
21755,194,Lesotho,20,75 to 79,3065.927828807356,79
21763,194,Lesotho,30,80 to 84,1595.746308375577,80
21763,194,Lesotho,30,80 to 84,1595.746308375577,81
21763,194,Lesotho,30,80 to 84,1595.746308375577,82
21763,194,Lesotho,30,80 to 84,1595.746308375577,83
21763,194,Lesotho,30,80 to 84,1595.746308375577,84
21764,194,Lesotho,31,85 to 89,621.0286043544029,85
21764,194,Lesotho,31,85 to 89,621.0286043544029,86
21764,194,Lesotho,31,85 to 89,621.0286043544029,87
21764,194,Lesotho,31,85 to 89,621.0286043544029,88
21764,194,Lesotho,31,85 to 89,621.0286043544029,89
21765,194,Lesotho,32,90 to 94,162.56937263280741,90
21765,194,Lesotho,32,90 to 94,162.56937263280741,91
21765,194,Lesotho,32,90 to 94,162.56937263280741,92
21765,194,Lesotho,32,90 to 94,162.56937263280741,93
21765,194,Lesotho,32,90 to 94,162.56937263280741,94
21773,194,Lesotho,235,95 plus,26.528984271747834,95
21773,194,Lesotho,235,95 plus,26.528984271747834,96
21773,194,Lesotho,235,95 plus,26.528984271747834,97
21773,194,Lesotho,235,95 plus,26.528984271747834,98
21773,194,Lesotho,235,95 plus,26.528984271747834,99
21773,194,Lesotho,235,95 plus,26.528984271747834,100
21860,195,Namibia,11,30 to 34,36835.69634044986,30
21860,195,Namibia,11,30 to 34,36835.69634044986,31
21860,195,Namibia,11,30 to 34,36835.69634044986,32
21860,195,Namibia,11,30 to 34,36835.69634044986,33
21860,195,Namibia,11,30 to 34,36835.69634044986,34
21861,195,Namibia,12,35 to 39,30716.698262404236,35
21861,195,Namibia,12,35 to 39,30716.698262404236,36
21861,195,Namibia,12,35 to 39,30716.698262404236,37
21861,195,Namibia,12,35 to 39,30716.698262404236,38
21861,195,Namibia,12,35 to 39,30716.698262404236,39
21862,195,Namibia,13,40 to 44,25722.71977211895,40
21862,195,Namibia,13,40 to 44,25722.71977211895,41
21862,195,Namibia,13,40 to 44,25722.71977211895,42
21862,195,Namibia,13,40 to 44,25722.71977211895,43
21862,195,Namibia,13,40 to 44,25722.71977211895,44
21863,195,Namibia,14,45 to 49,21121.008645399277,45
21863,195,Namibia,14,45 to 49,21121.008645399277,46
21863,195,Namibia,14,45 to 49,21121.008645399277,47
21863,195,Namibia,14,45 to 49,21121.008645399277,48
21863,195,Namibia,14,45 to 49,21121.008645399277,49
21864,195,Namibia,15,50 to 54,16748.767687213927,50
21864,195,Namibia,15,50 to 54,16748.767687213927,51
21864,195,Namibia,15,50 to 54,16748.767687213927,52
21864,195,Namibia,15,50 to 54,16748.767687213927,53
21864,195,Namibia,15,50 to 54,16748.767687213927,54
21865,195,Namibia,16,55 to 59,13189.389974576314,55
21865,195,Namibia,16,55 to 59,13189.389974576314,56
21865,195,Namibia,16,55 to 59,13189.389974576314,57
21865,195,Namibia,16,55 to 59,13189.389974576314,58
21865,195,Namibia,16,55 to 59,13189.389974576314,59
21866,195,Namibia,17,60 to 64,10303.499236851105,60
21866,195,Namibia,17,60 to 64,10303.499236851105,61
21866,195,Namibia,17,60 to 64,10303.499236851105,62
21866,195,Namibia,17,60 to 64,10303.499236851105,63
21866,195,Namibia,17,60 to 64,10303.499236851105,64
21867,195,Namibia,18,65 to 69,8055.497038176858,65
21867,195,Namibia,18,65 to 69,8055.497038176858,66
21867,195,Namibia,18,65 to 69,8055.497038176858,67
21867,195,Namibia,18,65 to 69,8055.497038176858,68
21867,195,Namibia,18,65 to 69,8055.497038176858,69
21868,195,Namibia,19,70 to 74,5752.468899730137,70
21868,195,Namibia,19,70 to 74,5752.468899730137,71
21868,195,Namibia,19,70 to 74,5752.468899730137,72
21868,195,Namibia,19,70 to 74,5752.468899730137,73
21868,195,Namibia,19,70 to 74,5752.468899730137,74
21869,195,Namibia,20,75 to 79,4141.684891452258,75
21869,195,Namibia,20,75 to 79,4141.684891452258,76
21869,195,Namibia,20,75 to 79,4141.684891452258,77
21869,195,Namibia,20,75 to 79,4141.684891452258,78
21869,195,Namibia,20,75 to 79,4141.684891452258,79
21877,195,Namibia,30,80 to 84,2356.975504060976,80
21877,195,Namibia,30,80 to 84,2356.975504060976,81
21877,195,Namibia,30,80 to 84,2356.975504060976,82
21877,195,Namibia,30,80 to 84,2356.975504060976,83
21877,195,Namibia,30,80 to 84,2356.975504060976,84
21878,195,Namibia,31,85 to 89,1068.121397772581,85
21878,195,Namibia,31,85 to 89,1068.121397772581,86
21878,195,Namibia,31,85 to 89,1068.121397772581,87
21878,195,Namibia,31,85 to 89,1068.121397772581,88
21878,195,Namibia,31,85 to 89,1068.121397772581,89
21879,195,Namibia,32,90 to 94,357.0170425686866,90
21879,195,Namibia,32,90 to 94,357.0170425686866,91
21879,195,Namibia,32,90 to 94,357.0170425686866,92
21879,195,Namibia,32,90 to 94,357.0170425686866,93
21879,195,Namibia,32,90 to 94,357.0170425686866,94
21887,195,Namibia,235,95 plus,80.4428740773822,95
21887,195,Namibia,235,95 plus,80.4428740773822,96
21887,195,Namibia,235,95 plus,80.4428740773822,97
21887,195,Namibia,235,95 plus,80.4428740773822,98
21887,195,Namibia,235,95 plus,80.4428740773822,99
21887,195,Namibia,235,95 plus,80.4428740773822,100
21974,196,South Africa,11,30 to 34,1033412.7916898789,30
21974,196,South Africa,11,30 to 34,1033412.7916898789,31
21974,196,South Africa,11,30 to 34,1033412.7916898789,32
21974,196,South Africa,11,30 to 34,1033412.7916898789,33
21974,196,South Africa,11,30 to 34,1033412.7916898789,34
21975,196,South Africa,12,35 to 39,875754.5013768285,35
21975,196,South Africa,12,35 to 39,875754.5013768285,36
21975,196,South Africa,12,35 to 39,875754.5013768285,37
21975,196,South Africa,12,35 to 39,875754.5013768285,38
21975,196,South Africa,12,35 to 39,875754.5013768285,39
21976,196,South Africa,13,40 to 44,700430.0905055401,40
21976,196,South Africa,13,40 to 44,700430.0905055401,41
21976,196,South Africa,13,40 to 44,700430.0905055401,42
21976,196,South Africa,13,40 to 44,700430.0905055401,43
21976,196,South Africa,13,40 to 44,700430.0905055401,44
21977,196,South Africa,14,45 to 49,599918.2694564224,45
21977,196,South Africa,14,45 to 49,599918.2694564224,46
21977,196,South Africa,14,45 to 49,599918.2694564224,47
21977,196,South Africa,14,45 to 49,599918.2694564224,48
21977,196,South Africa,14,45 to 49,599918.2694564224,49
21978,196,South Africa,15,50 to 54,507654.215365454,50
21978,196,South Africa,15,50 to 54,507654.215365454,51
21978,196,South Africa,15,50 to 54,507654.215365454,52
21978,196,South Africa,15,50 to 54,507654.215365454,53
21978,196,South Africa,15,50 to 54,507654.215365454,54
21979,196,South Africa,16,55 to 59,441325.1352357572,55
21979,196,South Africa,16,55 to 59,441325.1352357572,56
21979,196,South Africa,16,55 to 59,441325.1352357572,57
21979,196,South Africa,16,55 to 59,441325.1352357572,58
21979,196,South Africa,16,55 to 59,441325.1352357572,59
21980,196,South Africa,17,60 to 64,370030.2022462138,60
21980,196,South Africa,17,60 to 64,370030.2022462138,61
21980,196,South Africa,17,60 to 64,370030.2022462138,62
21980,196,South Africa,17,60 to 64,370030.2022462138,63
21980,196,South Africa,17,60 to 64,370030.2022462138,64
21981,196,South Africa,18,65 to 69,269257.18058667425,65
21981,196,South Africa,18,65 to 69,269257.18058667425,66
21981,196,South Africa,18,65 to 69,269257.18058667425,67
21981,196,South Africa,18,65 to 69,269257.18058667425,68
21981,196,South Africa,18,65 to 69,269257.18058667425,69
21982,196,South Africa,19,70 to 74,182185.69526143328,70
21982,196,South Africa,19,70 to 74,182185.69526143328,71
21982,196,South Africa,19,70 to 74,182185.69526143328,72
21982,196,South Africa,19,70 to 74,182185.69526143328,73
21982,196,South Africa,19,70 to 74,182185.69526143328,74
21983,196,South Africa,20,75 to 79,121822.10781903919,75
21983,196,South Africa,20,75 to 79,121822.10781903919,76
21983,196,South Africa,20,75 to 79,121822.10781903919,77
21983,196,South Africa,20,75 to 79,121822.10781903919,78
21983,196,South Africa,20,75 to 79,121822.10781903919,79
21991,196,South Africa,30,80 to 84,75663.7365941317,80
21991,196,South Africa,30,80 to 84,75663.7365941317,81
21991,196,South Africa,30,80 to 84,75663.7365941317,82
21991,196,South Africa,30,80 to 84,75663.7365941317,83
21991,196,South Africa,30,80 to 84,75663.7365941317,84
21992,196,South Africa,31,85 to 89,37737.94314137518,85
21992,196,South Africa,31,85 to 89,37737.94314137518,86
21992,196,South Africa,31,85 to 89,37737.94314137518,87
21992,196,South Africa,31,85 to 89,37737.94314137518,88
21992,196,South Africa,31,85 to 89,37737.94314137518,89
21993,196,South Africa,32,90 to 94,12239.507377992033,90
21993,196,South Africa,32,90 to 94,12239.507377992033,91
21993,196,South Africa,32,90 to 94,12239.507377992033,92
21993,196,South Africa,32,90 to 94,12239.507377992033,93
21993,196,South Africa,32,90 to 94,12239.507377992033,94
22001,196,South Africa,235,95 plus,1962.6217772281414,95
22001,196,South Africa,235,95 plus,1962.6217772281414,96
22001,196,South Africa,235,95 plus,1962.6217772281414,97
22001,196,South Africa,235,95 plus,1962.6217772281414,98
22001,196,South Africa,235,95 plus,1962.6217772281414,99
22001,196,South Africa,235,95 plus,1962.6217772281414,100
22088,197,Eswatini,11,30 to 34,18265.358789772912,30
22088,197,Eswatini,11,30 to 34,18265.358789772912,31
22088,197,Eswatini,11,30 to 34,18265.358789772912,32
22088,197,Eswatini,11,30 to 34,18265.358789772912,33
22088,197,Eswatini,11,30 to 34,18265.358789772912,34
22089,197,Eswatini,12,35 to 39,15008.460738769176,35
22089,197,Eswatini,12,35 to 39,15008.460738769176,36
22089,197,Eswatini,12,35 to 39,15008.460738769176,37
22089,197,Eswatini,12,35 to 39,15008.460738769176,38
22089,197,Eswatini,12,35 to 39,15008.460738769176,39
22090,197,Eswatini,13,40 to 44,11452.944247442372,40
22090,197,Eswatini,13,40 to 44,11452.944247442372,41
22090,197,Eswatini,13,40 to 44,11452.944247442372,42
22090,197,Eswatini,13,40 to 44,11452.944247442372,43
22090,197,Eswatini,13,40 to 44,11452.944247442372,44
22091,197,Eswatini,14,45 to 49,8693.432748481679,45
22091,197,Eswatini,14,45 to 49,8693.432748481679,46
22091,197,Eswatini,14,45 to 49,8693.432748481679,47
22091,197,Eswatini,14,45 to 49,8693.432748481679,48
22091,197,Eswatini,14,45 to 49,8693.432748481679,49
22092,197,Eswatini,15,50 to 54,6809.890334432826,50
22092,197,Eswatini,15,50 to 54,6809.890334432826,51
22092,197,Eswatini,15,50 to 54,6809.890334432826,52
22092,197,Eswatini,15,50 to 54,6809.890334432826,53
22092,197,Eswatini,15,50 to 54,6809.890334432826,54
22093,197,Eswatini,16,55 to 59,5470.864907296282,55
22093,197,Eswatini,16,55 to 59,5470.864907296282,56
22093,197,Eswatini,16,55 to 59,5470.864907296282,57
22093,197,Eswatini,16,55 to 59,5470.864907296282,58
22093,197,Eswatini,16,55 to 59,5470.864907296282,59
22094,197,Eswatini,17,60 to 64,4517.914393634189,60
22094,197,Eswatini,17,60 to 64,4517.914393634189,61
22094,197,Eswatini,17,60 to 64,4517.914393634189,62
22094,197,Eswatini,17,60 to 64,4517.914393634189,63
22094,197,Eswatini,17,60 to 64,4517.914393634189,64
22095,197,Eswatini,18,65 to 69,3579.9852354726804,65
22095,197,Eswatini,18,65 to 69,3579.9852354726804,66
22095,197,Eswatini,18,65 to 69,3579.9852354726804,67
22095,197,Eswatini,18,65 to 69,3579.9852354726804,68
22095,197,Eswatini,18,65 to 69,3579.9852354726804,69
22096,197,Eswatini,19,70 to 74,2512.0778404075345,70
22096,197,Eswatini,19,70 to 74,2512.0778404075345,71
22096,197,Eswatini,19,70 to 74,2512.0778404075345,72
22096,197,Eswatini,19,70 to 74,2512.0778404075345,73
22096,197,Eswatini,19,70 to 74,2512.0778404075345,74
22097,197,Eswatini,20,75 to 79,1545.8716586246203,75
22097,197,Eswatini,20,75 to 79,1545.8716586246203,76
22097,197,Eswatini,20,75 to 79,1545.8716586246203,77
22097,197,Eswatini,20,75 to 79,1545.8716586246203,78
22097,197,Eswatini,20,75 to 79,1545.8716586246203,79
22105,197,Eswatini,30,80 to 84,706.4997574244047,80
22105,197,Eswatini,30,80 to 84,706.4997574244047,81
22105,197,Eswatini,30,80 to 84,706.4997574244047,82
22105,197,Eswatini,30,80 to 84,706.4997574244047,83
22105,197,Eswatini,30,80 to 84,706.4997574244047,84
22106,197,Eswatini,31,85 to 89,234.5318285856102,85
22106,197,Eswatini,31,85 to 89,234.5318285856102,86
22106,197,Eswatini,31,85 to 89,234.5318285856102,87
22106,197,Eswatini,31,85 to 89,234.5318285856102,88
22106,197,Eswatini,31,85 to 89,234.5318285856102,89
22107,197,Eswatini,32,90 to 94,58.52992411481654,90
22107,197,Eswatini,32,90 to 94,58.52992411481654,91
22107,197,Eswatini,32,90 to 94,58.52992411481654,92
22107,197,Eswatini,32,90 to 94,58.52992411481654,93
22107,197,Eswatini,32,90 to 94,58.52992411481654,94
22115,197,Eswatini,235,95 plus,9.169996382166232,95
22115,197,Eswatini,235,95 plus,9.169996382166232,96
22115,197,Eswatini,235,95 plus,9.169996382166232,97
22115,197,Eswatini,235,95 plus,9.169996382166232,98
22115,197,Eswatini,235,95 plus,9.169996382166232,99
22115,197,Eswatini,235,95 plus,9.169996382166232,100
22202,198,Zimbabwe,11,30 to 34,209143.53566625697,30
22202,198,Zimbabwe,11,30 to 34,209143.53566625697,31
22202,198,Zimbabwe,11,30 to 34,209143.53566625697,32
22202,198,Zimbabwe,11,30 to 34,209143.53566625697,33
22202,198,Zimbabwe,11,30 to 34,209143.53566625697,34
22203,198,Zimbabwe,12,35 to 39,187108.1393364614,35
22203,198,Zimbabwe,12,35 to 39,187108.1393364614,36
22203,198,Zimbabwe,12,35 to 39,187108.1393364614,37
22203,198,Zimbabwe,12,35 to 39,187108.1393364614,38
22203,198,Zimbabwe,12,35 to 39,187108.1393364614,39
22204,198,Zimbabwe,13,40 to 44,150981.89913557965,40
22204,198,Zimbabwe,13,40 to 44,150981.89913557965,41
22204,198,Zimbabwe,13,40 to 44,150981.89913557965,42
22204,198,Zimbabwe,13,40 to 44,150981.89913557965,43
22204,198,Zimbabwe,13,40 to 44,150981.89913557965,44
22205,198,Zimbabwe,14,45 to 49,113049.49142370901,45
22205,198,Zimbabwe,14,45 to 49,113049.49142370901,46
22205,198,Zimbabwe,14,45 to 49,113049.49142370901,47
22205,198,Zimbabwe,14,45 to 49,113049.49142370901,48
22205,198,Zimbabwe,14,45 to 49,113049.49142370901,49
22206,198,Zimbabwe,15,50 to 54,81726.3983402447,50
22206,198,Zimbabwe,15,50 to 54,81726.3983402447,51
22206,198,Zimbabwe,15,50 to 54,81726.3983402447,52
22206,198,Zimbabwe,15,50 to 54,81726.3983402447,53
22206,198,Zimbabwe,15,50 to 54,81726.3983402447,54
22207,198,Zimbabwe,16,55 to 59,64986.47368150092,55
22207,198,Zimbabwe,16,55 to 59,64986.47368150092,56
22207,198,Zimbabwe,16,55 to 59,64986.47368150092,57
22207,198,Zimbabwe,16,55 to 59,64986.47368150092,58
22207,198,Zimbabwe,16,55 to 59,64986.47368150092,59
22208,198,Zimbabwe,17,60 to 64,55426.11030512381,60
22208,198,Zimbabwe,17,60 to 64,55426.11030512381,61
22208,198,Zimbabwe,17,60 to 64,55426.11030512381,62
22208,198,Zimbabwe,17,60 to 64,55426.11030512381,63
22208,198,Zimbabwe,17,60 to 64,55426.11030512381,64
22209,198,Zimbabwe,18,65 to 69,44511.85419275916,65
22209,198,Zimbabwe,18,65 to 69,44511.85419275916,66
22209,198,Zimbabwe,18,65 to 69,44511.85419275916,67
22209,198,Zimbabwe,18,65 to 69,44511.85419275916,68
22209,198,Zimbabwe,18,65 to 69,44511.85419275916,69
22210,198,Zimbabwe,19,70 to 74,28478.633982124236,70
22210,198,Zimbabwe,19,70 to 74,28478.633982124236,71
22210,198,Zimbabwe,19,70 to 74,28478.633982124236,72
22210,198,Zimbabwe,19,70 to 74,28478.633982124236,73
22210,198,Zimbabwe,19,70 to 74,28478.633982124236,74
22211,198,Zimbabwe,20,75 to 79,16260.27547922928,75
22211,198,Zimbabwe,20,75 to 79,16260.27547922928,76
22211,198,Zimbabwe,20,75 to 79,16260.27547922928,77
22211,198,Zimbabwe,20,75 to 79,16260.27547922928,78
22211,198,Zimbabwe,20,75 to 79,16260.27547922928,79
22219,198,Zimbabwe,30,80 to 84,8419.40431264544,80
22219,198,Zimbabwe,30,80 to 84,8419.40431264544,81
22219,198,Zimbabwe,30,80 to 84,8419.40431264544,82
22219,198,Zimbabwe,30,80 to 84,8419.40431264544,83
22219,198,Zimbabwe,30,80 to 84,8419.40431264544,84
22220,198,Zimbabwe,31,85 to 89,3378.6557886968285,85
22220,198,Zimbabwe,31,85 to 89,3378.6557886968285,86
22220,198,Zimbabwe,31,85 to 89,3378.6557886968285,87
22220,198,Zimbabwe,31,85 to 89,3378.6557886968285,88
22220,198,Zimbabwe,31,85 to 89,3378.6557886968285,89
22221,198,Zimbabwe,32,90 to 94,1109.3735738481087,90
22221,198,Zimbabwe,32,90 to 94,1109.3735738481087,91
22221,198,Zimbabwe,32,90 to 94,1109.3735738481087,92
22221,198,Zimbabwe,32,90 to 94,1109.3735738481087,93
22221,198,Zimbabwe,32,90 to 94,1109.3735738481087,94
22229,198,Zimbabwe,235,95 plus,201.9919638901986,95
22229,198,Zimbabwe,235,95 plus,201.9919638901986,96
22229,198,Zimbabwe,235,95 plus,201.9919638901986,97
22229,198,Zimbabwe,235,95 plus,201.9919638901986,98
22229,198,Zimbabwe,235,95 plus,201.9919638901986,99
22229,198,Zimbabwe,235,95 plus,201.9919638901986,100
22430,200,Benin,11,30 to 34,155823.51279913663,30
22430,200,Benin,11,30 to 34,155823.51279913663,31
22430,200,Benin,11,30 to 34,155823.51279913663,32
22430,200,Benin,11,30 to 34,155823.51279913663,33
22430,200,Benin,11,30 to 34,155823.51279913663,34
22431,200,Benin,12,35 to 39,127543.44285173384,35
22431,200,Benin,12,35 to 39,127543.44285173384,36
22431,200,Benin,12,35 to 39,127543.44285173384,37
22431,200,Benin,12,35 to 39,127543.44285173384,38
22431,200,Benin,12,35 to 39,127543.44285173384,39
22432,200,Benin,13,40 to 44,104984.10218617762,40
22432,200,Benin,13,40 to 44,104984.10218617762,41
22432,200,Benin,13,40 to 44,104984.10218617762,42
22432,200,Benin,13,40 to 44,104984.10218617762,43
22432,200,Benin,13,40 to 44,104984.10218617762,44
22433,200,Benin,14,45 to 49,82306.63212015599,45
22433,200,Benin,14,45 to 49,82306.63212015599,46
22433,200,Benin,14,45 to 49,82306.63212015599,47
22433,200,Benin,14,45 to 49,82306.63212015599,48
22433,200,Benin,14,45 to 49,82306.63212015599,49
22434,200,Benin,15,50 to 54,62643.592696681364,50
22434,200,Benin,15,50 to 54,62643.592696681364,51
22434,200,Benin,15,50 to 54,62643.592696681364,52
22434,200,Benin,15,50 to 54,62643.592696681364,53
22434,200,Benin,15,50 to 54,62643.592696681364,54
22435,200,Benin,16,55 to 59,47720.23604354125,55
22435,200,Benin,16,55 to 59,47720.23604354125,56
22435,200,Benin,16,55 to 59,47720.23604354125,57
22435,200,Benin,16,55 to 59,47720.23604354125,58
22435,200,Benin,16,55 to 59,47720.23604354125,59
22436,200,Benin,17,60 to 64,36153.64456956829,60
22436,200,Benin,17,60 to 64,36153.64456956829,61
22436,200,Benin,17,60 to 64,36153.64456956829,62
22436,200,Benin,17,60 to 64,36153.64456956829,63
22436,200,Benin,17,60 to 64,36153.64456956829,64
22437,200,Benin,18,65 to 69,25964.6213313158,65
22437,200,Benin,18,65 to 69,25964.6213313158,66
22437,200,Benin,18,65 to 69,25964.6213313158,67
22437,200,Benin,18,65 to 69,25964.6213313158,68
22437,200,Benin,18,65 to 69,25964.6213313158,69
22438,200,Benin,19,70 to 74,19110.574051766922,70
22438,200,Benin,19,70 to 74,19110.574051766922,71
22438,200,Benin,19,70 to 74,19110.574051766922,72
22438,200,Benin,19,70 to 74,19110.574051766922,73
22438,200,Benin,19,70 to 74,19110.574051766922,74
22439,200,Benin,20,75 to 79,13095.741923731863,75
22439,200,Benin,20,75 to 79,13095.741923731863,76
22439,200,Benin,20,75 to 79,13095.741923731863,77
22439,200,Benin,20,75 to 79,13095.741923731863,78
22439,200,Benin,20,75 to 79,13095.741923731863,79
22447,200,Benin,30,80 to 84,7123.844417938768,80
22447,200,Benin,30,80 to 84,7123.844417938768,81
22447,200,Benin,30,80 to 84,7123.844417938768,82
22447,200,Benin,30,80 to 84,7123.844417938768,83
22447,200,Benin,30,80 to 84,7123.844417938768,84
22448,200,Benin,31,85 to 89,3001.5754992912525,85
22448,200,Benin,31,85 to 89,3001.5754992912525,86
22448,200,Benin,31,85 to 89,3001.5754992912525,87
22448,200,Benin,31,85 to 89,3001.5754992912525,88
22448,200,Benin,31,85 to 89,3001.5754992912525,89
22449,200,Benin,32,90 to 94,991.9475822907519,90
22449,200,Benin,32,90 to 94,991.9475822907519,91
22449,200,Benin,32,90 to 94,991.9475822907519,92
22449,200,Benin,32,90 to 94,991.9475822907519,93
22449,200,Benin,32,90 to 94,991.9475822907519,94
22457,200,Benin,235,95 plus,199.40487939659297,95
22457,200,Benin,235,95 plus,199.40487939659297,96
22457,200,Benin,235,95 plus,199.40487939659297,97
22457,200,Benin,235,95 plus,199.40487939659297,98
22457,200,Benin,235,95 plus,199.40487939659297,99
22457,200,Benin,235,95 plus,199.40487939659297,100
22544,201,Burkina Faso,11,30 to 34,280622.62466780544,30
22544,201,Burkina Faso,11,30 to 34,280622.62466780544,31
22544,201,Burkina Faso,11,30 to 34,280622.62466780544,32
22544,201,Burkina Faso,11,30 to 34,280622.62466780544,33
22544,201,Burkina Faso,11,30 to 34,280622.62466780544,34
22545,201,Burkina Faso,12,35 to 39,237195.25329698581,35
22545,201,Burkina Faso,12,35 to 39,237195.25329698581,36
22545,201,Burkina Faso,12,35 to 39,237195.25329698581,37
22545,201,Burkina Faso,12,35 to 39,237195.25329698581,38
22545,201,Burkina Faso,12,35 to 39,237195.25329698581,39
22546,201,Burkina Faso,13,40 to 44,191405.88634859776,40
22546,201,Burkina Faso,13,40 to 44,191405.88634859776,41
22546,201,Burkina Faso,13,40 to 44,191405.88634859776,42
22546,201,Burkina Faso,13,40 to 44,191405.88634859776,43
22546,201,Burkina Faso,13,40 to 44,191405.88634859776,44
22547,201,Burkina Faso,14,45 to 49,149372.80171160543,45
22547,201,Burkina Faso,14,45 to 49,149372.80171160543,46
22547,201,Burkina Faso,14,45 to 49,149372.80171160543,47
22547,201,Burkina Faso,14,45 to 49,149372.80171160543,48
22547,201,Burkina Faso,14,45 to 49,149372.80171160543,49
22548,201,Burkina Faso,15,50 to 54,118347.45664443572,50
22548,201,Burkina Faso,15,50 to 54,118347.45664443572,51
22548,201,Burkina Faso,15,50 to 54,118347.45664443572,52
22548,201,Burkina Faso,15,50 to 54,118347.45664443572,53
22548,201,Burkina Faso,15,50 to 54,118347.45664443572,54
22549,201,Burkina Faso,16,55 to 59,93560.00121048286,55
22549,201,Burkina Faso,16,55 to 59,93560.00121048286,56
22549,201,Burkina Faso,16,55 to 59,93560.00121048286,57
22549,201,Burkina Faso,16,55 to 59,93560.00121048286,58
22549,201,Burkina Faso,16,55 to 59,93560.00121048286,59
22550,201,Burkina Faso,17,60 to 64,70979.33251260563,60
22550,201,Burkina Faso,17,60 to 64,70979.33251260563,61
22550,201,Burkina Faso,17,60 to 64,70979.33251260563,62
22550,201,Burkina Faso,17,60 to 64,70979.33251260563,63
22550,201,Burkina Faso,17,60 to 64,70979.33251260563,64
22551,201,Burkina Faso,18,65 to 69,50571.200739892585,65
22551,201,Burkina Faso,18,65 to 69,50571.200739892585,66
22551,201,Burkina Faso,18,65 to 69,50571.200739892585,67
22551,201,Burkina Faso,18,65 to 69,50571.200739892585,68
22551,201,Burkina Faso,18,65 to 69,50571.200739892585,69
22552,201,Burkina Faso,19,70 to 74,36533.73763199063,70
22552,201,Burkina Faso,19,70 to 74,36533.73763199063,71
22552,201,Burkina Faso,19,70 to 74,36533.73763199063,72
22552,201,Burkina Faso,19,70 to 74,36533.73763199063,73
22552,201,Burkina Faso,19,70 to 74,36533.73763199063,74
22553,201,Burkina Faso,20,75 to 79,22526.084913764742,75
22553,201,Burkina Faso,20,75 to 79,22526.084913764742,76
22553,201,Burkina Faso,20,75 to 79,22526.084913764742,77
22553,201,Burkina Faso,20,75 to 79,22526.084913764742,78
22553,201,Burkina Faso,20,75 to 79,22526.084913764742,79
22561,201,Burkina Faso,30,80 to 84,11932.180433482954,80
22561,201,Burkina Faso,30,80 to 84,11932.180433482954,81
22561,201,Burkina Faso,30,80 to 84,11932.180433482954,82
22561,201,Burkina Faso,30,80 to 84,11932.180433482954,83
22561,201,Burkina Faso,30,80 to 84,11932.180433482954,84
22562,201,Burkina Faso,31,85 to 89,5123.792432596505,85
22562,201,Burkina Faso,31,85 to 89,5123.792432596505,86
22562,201,Burkina Faso,31,85 to 89,5123.792432596505,87
22562,201,Burkina Faso,31,85 to 89,5123.792432596505,88
22562,201,Burkina Faso,31,85 to 89,5123.792432596505,89
22563,201,Burkina Faso,32,90 to 94,1694.402238546097,90
22563,201,Burkina Faso,32,90 to 94,1694.402238546097,91
22563,201,Burkina Faso,32,90 to 94,1694.402238546097,92
22563,201,Burkina Faso,32,90 to 94,1694.402238546097,93
22563,201,Burkina Faso,32,90 to 94,1694.402238546097,94
22571,201,Burkina Faso,235,95 plus,332.7278755592276,95
22571,201,Burkina Faso,235,95 plus,332.7278755592276,96
22571,201,Burkina Faso,235,95 plus,332.7278755592276,97
22571,201,Burkina Faso,235,95 plus,332.7278755592276,98
22571,201,Burkina Faso,235,95 plus,332.7278755592276,99
22571,201,Burkina Faso,235,95 plus,332.7278755592276,100
22658,202,Cameroon,11,30 to 34,414999.36216680397,30
22658,202,Cameroon,11,30 to 34,414999.36216680397,31
22658,202,Cameroon,11,30 to 34,414999.36216680397,32
22658,202,Cameroon,11,30 to 34,414999.36216680397,33
22658,202,Cameroon,11,30 to 34,414999.36216680397,34
22659,202,Cameroon,12,35 to 39,334743.44778796664,35
22659,202,Cameroon,12,35 to 39,334743.44778796664,36
22659,202,Cameroon,12,35 to 39,334743.44778796664,37
22659,202,Cameroon,12,35 to 39,334743.44778796664,38
22659,202,Cameroon,12,35 to 39,334743.44778796664,39
22660,202,Cameroon,13,40 to 44,259187.14179207137,40
22660,202,Cameroon,13,40 to 44,259187.14179207137,41
22660,202,Cameroon,13,40 to 44,259187.14179207137,42
22660,202,Cameroon,13,40 to 44,259187.14179207137,43
22660,202,Cameroon,13,40 to 44,259187.14179207137,44
22661,202,Cameroon,14,45 to 49,199588.64875265915,45
22661,202,Cameroon,14,45 to 49,199588.64875265915,46
22661,202,Cameroon,14,45 to 49,199588.64875265915,47
22661,202,Cameroon,14,45 to 49,199588.64875265915,48
22661,202,Cameroon,14,45 to 49,199588.64875265915,49
22662,202,Cameroon,15,50 to 54,155873.78306774294,50
22662,202,Cameroon,15,50 to 54,155873.78306774294,51
22662,202,Cameroon,15,50 to 54,155873.78306774294,52
22662,202,Cameroon,15,50 to 54,155873.78306774294,53
22662,202,Cameroon,15,50 to 54,155873.78306774294,54
22663,202,Cameroon,16,55 to 59,123760.19444534776,55
22663,202,Cameroon,16,55 to 59,123760.19444534776,56
22663,202,Cameroon,16,55 to 59,123760.19444534776,57
22663,202,Cameroon,16,55 to 59,123760.19444534776,58
22663,202,Cameroon,16,55 to 59,123760.19444534776,59
22664,202,Cameroon,17,60 to 64,93858.12715484729,60
22664,202,Cameroon,17,60 to 64,93858.12715484729,61
22664,202,Cameroon,17,60 to 64,93858.12715484729,62
22664,202,Cameroon,17,60 to 64,93858.12715484729,63
22664,202,Cameroon,17,60 to 64,93858.12715484729,64
22665,202,Cameroon,18,65 to 69,66052.41439701713,65
22665,202,Cameroon,18,65 to 69,66052.41439701713,66
22665,202,Cameroon,18,65 to 69,66052.41439701713,67
22665,202,Cameroon,18,65 to 69,66052.41439701713,68
22665,202,Cameroon,18,65 to 69,66052.41439701713,69
22666,202,Cameroon,19,70 to 74,45276.16626585088,70
22666,202,Cameroon,19,70 to 74,45276.16626585088,71
22666,202,Cameroon,19,70 to 74,45276.16626585088,72
22666,202,Cameroon,19,70 to 74,45276.16626585088,73
22666,202,Cameroon,19,70 to 74,45276.16626585088,74
22667,202,Cameroon,20,75 to 79,28305.60880840691,75
22667,202,Cameroon,20,75 to 79,28305.60880840691,76
22667,202,Cameroon,20,75 to 79,28305.60880840691,77
22667,202,Cameroon,20,75 to 79,28305.60880840691,78
22667,202,Cameroon,20,75 to 79,28305.60880840691,79
22675,202,Cameroon,30,80 to 84,15492.349993615968,80
22675,202,Cameroon,30,80 to 84,15492.349993615968,81
22675,202,Cameroon,30,80 to 84,15492.349993615968,82
22675,202,Cameroon,30,80 to 84,15492.349993615968,83
22675,202,Cameroon,30,80 to 84,15492.349993615968,84
22676,202,Cameroon,31,85 to 89,6437.619756947506,85
22676,202,Cameroon,31,85 to 89,6437.619756947506,86
22676,202,Cameroon,31,85 to 89,6437.619756947506,87
22676,202,Cameroon,31,85 to 89,6437.619756947506,88
22676,202,Cameroon,31,85 to 89,6437.619756947506,89
22677,202,Cameroon,32,90 to 94,1952.4079999872047,90
22677,202,Cameroon,32,90 to 94,1952.4079999872047,91
22677,202,Cameroon,32,90 to 94,1952.4079999872047,92
22677,202,Cameroon,32,90 to 94,1952.4079999872047,93
22677,202,Cameroon,32,90 to 94,1952.4079999872047,94
22685,202,Cameroon,235,95 plus,308.4644477758237,95
22685,202,Cameroon,235,95 plus,308.4644477758237,96
22685,202,Cameroon,235,95 plus,308.4644477758237,97
22685,202,Cameroon,235,95 plus,308.4644477758237,98
22685,202,Cameroon,235,95 plus,308.4644477758237,99
22685,202,Cameroon,235,95 plus,308.4644477758237,100
22772,203,Cabo Verde,11,30 to 34,10428.149106090206,30
22772,203,Cabo Verde,11,30 to 34,10428.149106090206,31
22772,203,Cabo Verde,11,30 to 34,10428.149106090206,32
22772,203,Cabo Verde,11,30 to 34,10428.149106090206,33
22772,203,Cabo Verde,11,30 to 34,10428.149106090206,34
22773,203,Cabo Verde,12,35 to 39,8500.38948762573,35
22773,203,Cabo Verde,12,35 to 39,8500.38948762573,36
22773,203,Cabo Verde,12,35 to 39,8500.38948762573,37
22773,203,Cabo Verde,12,35 to 39,8500.38948762573,38
22773,203,Cabo Verde,12,35 to 39,8500.38948762573,39
22774,203,Cabo Verde,13,40 to 44,6373.936085985037,40
22774,203,Cabo Verde,13,40 to 44,6373.936085985037,41
22774,203,Cabo Verde,13,40 to 44,6373.936085985037,42
22774,203,Cabo Verde,13,40 to 44,6373.936085985037,43
22774,203,Cabo Verde,13,40 to 44,6373.936085985037,44
22775,203,Cabo Verde,14,45 to 49,5433.224372976272,45
22775,203,Cabo Verde,14,45 to 49,5433.224372976272,46
22775,203,Cabo Verde,14,45 to 49,5433.224372976272,47
22775,203,Cabo Verde,14,45 to 49,5433.224372976272,48
22775,203,Cabo Verde,14,45 to 49,5433.224372976272,49
22776,203,Cabo Verde,15,50 to 54,5037.1710370669925,50
22776,203,Cabo Verde,15,50 to 54,5037.1710370669925,51
22776,203,Cabo Verde,15,50 to 54,5037.1710370669925,52
22776,203,Cabo Verde,15,50 to 54,5037.1710370669925,53
22776,203,Cabo Verde,15,50 to 54,5037.1710370669925,54
22777,203,Cabo Verde,16,55 to 59,4364.740889668743,55
22777,203,Cabo Verde,16,55 to 59,4364.740889668743,56
22777,203,Cabo Verde,16,55 to 59,4364.740889668743,57
22777,203,Cabo Verde,16,55 to 59,4364.740889668743,58
22777,203,Cabo Verde,16,55 to 59,4364.740889668743,59
22778,203,Cabo Verde,17,60 to 64,3509.6676880331747,60
22778,203,Cabo Verde,17,60 to 64,3509.6676880331747,61
22778,203,Cabo Verde,17,60 to 64,3509.6676880331747,62
22778,203,Cabo Verde,17,60 to 64,3509.6676880331747,63
22778,203,Cabo Verde,17,60 to 64,3509.6676880331747,64
22779,203,Cabo Verde,18,65 to 69,2260.097107225721,65
22779,203,Cabo Verde,18,65 to 69,2260.097107225721,66
22779,203,Cabo Verde,18,65 to 69,2260.097107225721,67
22779,203,Cabo Verde,18,65 to 69,2260.097107225721,68
22779,203,Cabo Verde,18,65 to 69,2260.097107225721,69
22780,203,Cabo Verde,19,70 to 74,1319.7362224604972,70
22780,203,Cabo Verde,19,70 to 74,1319.7362224604972,71
22780,203,Cabo Verde,19,70 to 74,1319.7362224604972,72
22780,203,Cabo Verde,19,70 to 74,1319.7362224604972,73
22780,203,Cabo Verde,19,70 to 74,1319.7362224604972,74
22781,203,Cabo Verde,20,75 to 79,1009.0697226756753,75
22781,203,Cabo Verde,20,75 to 79,1009.0697226756753,76
22781,203,Cabo Verde,20,75 to 79,1009.0697226756753,77
22781,203,Cabo Verde,20,75 to 79,1009.0697226756753,78
22781,203,Cabo Verde,20,75 to 79,1009.0697226756753,79
22789,203,Cabo Verde,30,80 to 84,1020.8967199393962,80
22789,203,Cabo Verde,30,80 to 84,1020.8967199393962,81
22789,203,Cabo Verde,30,80 to 84,1020.8967199393962,82
22789,203,Cabo Verde,30,80 to 84,1020.8967199393962,83
22789,203,Cabo Verde,30,80 to 84,1020.8967199393962,84
22790,203,Cabo Verde,31,85 to 89,549.5243958091153,85
22790,203,Cabo Verde,31,85 to 89,549.5243958091153,86
22790,203,Cabo Verde,31,85 to 89,549.5243958091153,87
22790,203,Cabo Verde,31,85 to 89,549.5243958091153,88
22790,203,Cabo Verde,31,85 to 89,549.5243958091153,89
22791,203,Cabo Verde,32,90 to 94,211.277343231465,90
22791,203,Cabo Verde,32,90 to 94,211.277343231465,91
22791,203,Cabo Verde,32,90 to 94,211.277343231465,92
22791,203,Cabo Verde,32,90 to 94,211.277343231465,93
22791,203,Cabo Verde,32,90 to 94,211.277343231465,94
22799,203,Cabo Verde,235,95 plus,66.18739234150254,95
22799,203,Cabo Verde,235,95 plus,66.18739234150254,96
22799,203,Cabo Verde,235,95 plus,66.18739234150254,97
22799,203,Cabo Verde,235,95 plus,66.18739234150254,98
22799,203,Cabo Verde,235,95 plus,66.18739234150254,99
22799,203,Cabo Verde,235,95 plus,66.18739234150254,100
22886,204,Chad,11,30 to 34,172816.43735934846,30
22886,204,Chad,11,30 to 34,172816.43735934846,31
22886,204,Chad,11,30 to 34,172816.43735934846,32
22886,204,Chad,11,30 to 34,172816.43735934846,33
22886,204,Chad,11,30 to 34,172816.43735934846,34
22887,204,Chad,12,35 to 39,141354.90438737482,35
22887,204,Chad,12,35 to 39,141354.90438737482,36
22887,204,Chad,12,35 to 39,141354.90438737482,37
22887,204,Chad,12,35 to 39,141354.90438737482,38
22887,204,Chad,12,35 to 39,141354.90438737482,39
22888,204,Chad,13,40 to 44,116185.00571488212,40
22888,204,Chad,13,40 to 44,116185.00571488212,41
22888,204,Chad,13,40 to 44,116185.00571488212,42
22888,204,Chad,13,40 to 44,116185.00571488212,43
22888,204,Chad,13,40 to 44,116185.00571488212,44
22889,204,Chad,14,45 to 49,93455.0615315679,45
22889,204,Chad,14,45 to 49,93455.0615315679,46
22889,204,Chad,14,45 to 49,93455.0615315679,47
22889,204,Chad,14,45 to 49,93455.0615315679,48
22889,204,Chad,14,45 to 49,93455.0615315679,49
22890,204,Chad,15,50 to 54,72290.32593118747,50
22890,204,Chad,15,50 to 54,72290.32593118747,51
22890,204,Chad,15,50 to 54,72290.32593118747,52
22890,204,Chad,15,50 to 54,72290.32593118747,53
22890,204,Chad,15,50 to 54,72290.32593118747,54
22891,204,Chad,16,55 to 59,55647.10266115614,55
22891,204,Chad,16,55 to 59,55647.10266115614,56
22891,204,Chad,16,55 to 59,55647.10266115614,57
22891,204,Chad,16,55 to 59,55647.10266115614,58
22891,204,Chad,16,55 to 59,55647.10266115614,59
22892,204,Chad,17,60 to 64,41732.604698158764,60
22892,204,Chad,17,60 to 64,41732.604698158764,61
22892,204,Chad,17,60 to 64,41732.604698158764,62
22892,204,Chad,17,60 to 64,41732.604698158764,63
22892,204,Chad,17,60 to 64,41732.604698158764,64
22893,204,Chad,18,65 to 69,31822.792096895508,65
22893,204,Chad,18,65 to 69,31822.792096895508,66
22893,204,Chad,18,65 to 69,31822.792096895508,67
22893,204,Chad,18,65 to 69,31822.792096895508,68
22893,204,Chad,18,65 to 69,31822.792096895508,69
22894,204,Chad,19,70 to 74,22301.244016962846,70
22894,204,Chad,19,70 to 74,22301.244016962846,71
22894,204,Chad,19,70 to 74,22301.244016962846,72
22894,204,Chad,19,70 to 74,22301.244016962846,73
22894,204,Chad,19,70 to 74,22301.244016962846,74
22895,204,Chad,20,75 to 79,14176.040588849923,75
22895,204,Chad,20,75 to 79,14176.040588849923,76
22895,204,Chad,20,75 to 79,14176.040588849923,77
22895,204,Chad,20,75 to 79,14176.040588849923,78
22895,204,Chad,20,75 to 79,14176.040588849923,79
22903,204,Chad,30,80 to 84,7554.95133239496,80
22903,204,Chad,30,80 to 84,7554.95133239496,81
22903,204,Chad,30,80 to 84,7554.95133239496,82
22903,204,Chad,30,80 to 84,7554.95133239496,83
22903,204,Chad,30,80 to 84,7554.95133239496,84
22904,204,Chad,31,85 to 89,3522.3993840481517,85
22904,204,Chad,31,85 to 89,3522.3993840481517,86
22904,204,Chad,31,85 to 89,3522.3993840481517,87
22904,204,Chad,31,85 to 89,3522.3993840481517,88
22904,204,Chad,31,85 to 89,3522.3993840481517,89
22905,204,Chad,32,90 to 94,918.2475387117316,90
22905,204,Chad,32,90 to 94,918.2475387117316,91
22905,204,Chad,32,90 to 94,918.2475387117316,92
22905,204,Chad,32,90 to 94,918.2475387117316,93
22905,204,Chad,32,90 to 94,918.2475387117316,94
22913,204,Chad,235,95 plus,188.8920790838173,95
22913,204,Chad,235,95 plus,188.8920790838173,96
22913,204,Chad,235,95 plus,188.8920790838173,97
22913,204,Chad,235,95 plus,188.8920790838173,98
22913,204,Chad,235,95 plus,188.8920790838173,99
22913,204,Chad,235,95 plus,188.8920790838173,100
23000,205,Côte d'Ivoire,11,30 to 34,392809.1150801163,30
23000,205,Côte d'Ivoire,11,30 to 34,392809.1150801163,31
23000,205,Côte d'Ivoire,11,30 to 34,392809.1150801163,32
23000,205,Côte d'Ivoire,11,30 to 34,392809.1150801163,33
23000,205,Côte d'Ivoire,11,30 to 34,392809.1150801163,34
23001,205,Côte d'Ivoire,12,35 to 39,335611.9154414091,35
23001,205,Côte d'Ivoire,12,35 to 39,335611.9154414091,36
23001,205,Côte d'Ivoire,12,35 to 39,335611.9154414091,37
23001,205,Côte d'Ivoire,12,35 to 39,335611.9154414091,38
23001,205,Côte d'Ivoire,12,35 to 39,335611.9154414091,39
23002,205,Côte d'Ivoire,13,40 to 44,261346.8548349545,40
23002,205,Côte d'Ivoire,13,40 to 44,261346.8548349545,41
23002,205,Côte d'Ivoire,13,40 to 44,261346.8548349545,42
23002,205,Côte d'Ivoire,13,40 to 44,261346.8548349545,43
23002,205,Côte d'Ivoire,13,40 to 44,261346.8548349545,44
23003,205,Côte d'Ivoire,14,45 to 49,197394.2112941968,45
23003,205,Côte d'Ivoire,14,45 to 49,197394.2112941968,46
23003,205,Côte d'Ivoire,14,45 to 49,197394.2112941968,47
23003,205,Côte d'Ivoire,14,45 to 49,197394.2112941968,48
23003,205,Côte d'Ivoire,14,45 to 49,197394.2112941968,49
23004,205,Côte d'Ivoire,15,50 to 54,149235.6171393765,50
23004,205,Côte d'Ivoire,15,50 to 54,149235.6171393765,51
23004,205,Côte d'Ivoire,15,50 to 54,149235.6171393765,52
23004,205,Côte d'Ivoire,15,50 to 54,149235.6171393765,53
23004,205,Côte d'Ivoire,15,50 to 54,149235.6171393765,54
23005,205,Côte d'Ivoire,16,55 to 59,115068.91718026027,55
23005,205,Côte d'Ivoire,16,55 to 59,115068.91718026027,56
23005,205,Côte d'Ivoire,16,55 to 59,115068.91718026027,57
23005,205,Côte d'Ivoire,16,55 to 59,115068.91718026027,58
23005,205,Côte d'Ivoire,16,55 to 59,115068.91718026027,59
23006,205,Côte d'Ivoire,17,60 to 64,84249.86457518078,60
23006,205,Côte d'Ivoire,17,60 to 64,84249.86457518078,61
23006,205,Côte d'Ivoire,17,60 to 64,84249.86457518078,62
23006,205,Côte d'Ivoire,17,60 to 64,84249.86457518078,63
23006,205,Côte d'Ivoire,17,60 to 64,84249.86457518078,64
23007,205,Côte d'Ivoire,18,65 to 69,57526.623257601925,65
23007,205,Côte d'Ivoire,18,65 to 69,57526.623257601925,66
23007,205,Côte d'Ivoire,18,65 to 69,57526.623257601925,67
23007,205,Côte d'Ivoire,18,65 to 69,57526.623257601925,68
23007,205,Côte d'Ivoire,18,65 to 69,57526.623257601925,69
23008,205,Côte d'Ivoire,19,70 to 74,37494.2446800757,70
23008,205,Côte d'Ivoire,19,70 to 74,37494.2446800757,71
23008,205,Côte d'Ivoire,19,70 to 74,37494.2446800757,72
23008,205,Côte d'Ivoire,19,70 to 74,37494.2446800757,73
23008,205,Côte d'Ivoire,19,70 to 74,37494.2446800757,74
23009,205,Côte d'Ivoire,20,75 to 79,22735.004450193508,75
23009,205,Côte d'Ivoire,20,75 to 79,22735.004450193508,76
23009,205,Côte d'Ivoire,20,75 to 79,22735.004450193508,77
23009,205,Côte d'Ivoire,20,75 to 79,22735.004450193508,78
23009,205,Côte d'Ivoire,20,75 to 79,22735.004450193508,79
23017,205,Côte d'Ivoire,30,80 to 84,11934.346124021236,80
23017,205,Côte d'Ivoire,30,80 to 84,11934.346124021236,81
23017,205,Côte d'Ivoire,30,80 to 84,11934.346124021236,82
23017,205,Côte d'Ivoire,30,80 to 84,11934.346124021236,83
23017,205,Côte d'Ivoire,30,80 to 84,11934.346124021236,84
23018,205,Côte d'Ivoire,31,85 to 89,5276.826661587144,85
23018,205,Côte d'Ivoire,31,85 to 89,5276.826661587144,86
23018,205,Côte d'Ivoire,31,85 to 89,5276.826661587144,87
23018,205,Côte d'Ivoire,31,85 to 89,5276.826661587144,88
23018,205,Côte d'Ivoire,31,85 to 89,5276.826661587144,89
23019,205,Côte d'Ivoire,32,90 to 94,1613.8401405472441,90
23019,205,Côte d'Ivoire,32,90 to 94,1613.8401405472441,91
23019,205,Côte d'Ivoire,32,90 to 94,1613.8401405472441,92
23019,205,Côte d'Ivoire,32,90 to 94,1613.8401405472441,93
23019,205,Côte d'Ivoire,32,90 to 94,1613.8401405472441,94
23027,205,Côte d'Ivoire,235,95 plus,286.1655308358317,95
23027,205,Côte d'Ivoire,235,95 plus,286.1655308358317,96
23027,205,Côte d'Ivoire,235,95 plus,286.1655308358317,97
23027,205,Côte d'Ivoire,235,95 plus,286.1655308358317,98
23027,205,Côte d'Ivoire,235,95 plus,286.1655308358317,99
23027,205,Côte d'Ivoire,235,95 plus,286.1655308358317,100
23114,206,Gambia,11,30 to 34,30691.133204706923,30
23114,206,Gambia,11,30 to 34,30691.133204706923,31
23114,206,Gambia,11,30 to 34,30691.133204706923,32
23114,206,Gambia,11,30 to 34,30691.133204706923,33
23114,206,Gambia,11,30 to 34,30691.133204706923,34
23115,206,Gambia,12,35 to 39,25109.537798509136,35
23115,206,Gambia,12,35 to 39,25109.537798509136,36
23115,206,Gambia,12,35 to 39,25109.537798509136,37
23115,206,Gambia,12,35 to 39,25109.537798509136,38
23115,206,Gambia,12,35 to 39,25109.537798509136,39
23116,206,Gambia,13,40 to 44,19749.197556835104,40
23116,206,Gambia,13,40 to 44,19749.197556835104,41
23116,206,Gambia,13,40 to 44,19749.197556835104,42
23116,206,Gambia,13,40 to 44,19749.197556835104,43
23116,206,Gambia,13,40 to 44,19749.197556835104,44
23117,206,Gambia,14,45 to 49,14738.056259291747,45
23117,206,Gambia,14,45 to 49,14738.056259291747,46
23117,206,Gambia,14,45 to 49,14738.056259291747,47
23117,206,Gambia,14,45 to 49,14738.056259291747,48
23117,206,Gambia,14,45 to 49,14738.056259291747,49
23118,206,Gambia,15,50 to 54,11279.30166911694,50
23118,206,Gambia,15,50 to 54,11279.30166911694,51
23118,206,Gambia,15,50 to 54,11279.30166911694,52
23118,206,Gambia,15,50 to 54,11279.30166911694,53
23118,206,Gambia,15,50 to 54,11279.30166911694,54
23119,206,Gambia,16,55 to 59,8628.020860685428,55
23119,206,Gambia,16,55 to 59,8628.020860685428,56
23119,206,Gambia,16,55 to 59,8628.020860685428,57
23119,206,Gambia,16,55 to 59,8628.020860685428,58
23119,206,Gambia,16,55 to 59,8628.020860685428,59
23120,206,Gambia,17,60 to 64,6900.336312603406,60
23120,206,Gambia,17,60 to 64,6900.336312603406,61
23120,206,Gambia,17,60 to 64,6900.336312603406,62
23120,206,Gambia,17,60 to 64,6900.336312603406,63
23120,206,Gambia,17,60 to 64,6900.336312603406,64
23121,206,Gambia,18,65 to 69,5191.157507192265,65
23121,206,Gambia,18,65 to 69,5191.157507192265,66
23121,206,Gambia,18,65 to 69,5191.157507192265,67
23121,206,Gambia,18,65 to 69,5191.157507192265,68
23121,206,Gambia,18,65 to 69,5191.157507192265,69
23122,206,Gambia,19,70 to 74,3737.3196416319915,70
23122,206,Gambia,19,70 to 74,3737.3196416319915,71
23122,206,Gambia,19,70 to 74,3737.3196416319915,72
23122,206,Gambia,19,70 to 74,3737.3196416319915,73
23122,206,Gambia,19,70 to 74,3737.3196416319915,74
23123,206,Gambia,20,75 to 79,2910.8991082093535,75
23123,206,Gambia,20,75 to 79,2910.8991082093535,76
23123,206,Gambia,20,75 to 79,2910.8991082093535,77
23123,206,Gambia,20,75 to 79,2910.8991082093535,78
23123,206,Gambia,20,75 to 79,2910.8991082093535,79
23131,206,Gambia,30,80 to 84,1768.1352046829586,80
23131,206,Gambia,30,80 to 84,1768.1352046829586,81
23131,206,Gambia,30,80 to 84,1768.1352046829586,82
23131,206,Gambia,30,80 to 84,1768.1352046829586,83
23131,206,Gambia,30,80 to 84,1768.1352046829586,84
23132,206,Gambia,31,85 to 89,687.108787294567,85
23132,206,Gambia,31,85 to 89,687.108787294567,86
23132,206,Gambia,31,85 to 89,687.108787294567,87
23132,206,Gambia,31,85 to 89,687.108787294567,88
23132,206,Gambia,31,85 to 89,687.108787294567,89
23133,206,Gambia,32,90 to 94,178.09200287461422,90
23133,206,Gambia,32,90 to 94,178.09200287461422,91
23133,206,Gambia,32,90 to 94,178.09200287461422,92
23133,206,Gambia,32,90 to 94,178.09200287461422,93
23133,206,Gambia,32,90 to 94,178.09200287461422,94
23141,206,Gambia,235,95 plus,31.33268979338055,95
23141,206,Gambia,235,95 plus,31.33268979338055,96
23141,206,Gambia,235,95 plus,31.33268979338055,97
23141,206,Gambia,235,95 plus,31.33268979338055,98
23141,206,Gambia,235,95 plus,31.33268979338055,99
23141,206,Gambia,235,95 plus,31.33268979338055,100
23228,207,Ghana,11,30 to 34,483729.2102981176,30
23228,207,Ghana,11,30 to 34,483729.2102981176,31
23228,207,Ghana,11,30 to 34,483729.2102981176,32
23228,207,Ghana,11,30 to 34,483729.2102981176,33
23228,207,Ghana,11,30 to 34,483729.2102981176,34
23229,207,Ghana,12,35 to 39,409350.6721796958,35
23229,207,Ghana,12,35 to 39,409350.6721796958,36
23229,207,Ghana,12,35 to 39,409350.6721796958,37
23229,207,Ghana,12,35 to 39,409350.6721796958,38
23229,207,Ghana,12,35 to 39,409350.6721796958,39
23230,207,Ghana,13,40 to 44,333271.98998088395,40
23230,207,Ghana,13,40 to 44,333271.98998088395,41
23230,207,Ghana,13,40 to 44,333271.98998088395,42
23230,207,Ghana,13,40 to 44,333271.98998088395,43
23230,207,Ghana,13,40 to 44,333271.98998088395,44
23231,207,Ghana,14,45 to 49,265823.30620804237,45
23231,207,Ghana,14,45 to 49,265823.30620804237,46
23231,207,Ghana,14,45 to 49,265823.30620804237,47
23231,207,Ghana,14,45 to 49,265823.30620804237,48
23231,207,Ghana,14,45 to 49,265823.30620804237,49
23232,207,Ghana,15,50 to 54,205418.11870487634,50
23232,207,Ghana,15,50 to 54,205418.11870487634,51
23232,207,Ghana,15,50 to 54,205418.11870487634,52
23232,207,Ghana,15,50 to 54,205418.11870487634,53
23232,207,Ghana,15,50 to 54,205418.11870487634,54
23233,207,Ghana,16,55 to 59,159668.36319056418,55
23233,207,Ghana,16,55 to 59,159668.36319056418,56
23233,207,Ghana,16,55 to 59,159668.36319056418,57
23233,207,Ghana,16,55 to 59,159668.36319056418,58
23233,207,Ghana,16,55 to 59,159668.36319056418,59
23234,207,Ghana,17,60 to 64,128058.45206515433,60
23234,207,Ghana,17,60 to 64,128058.45206515433,61
23234,207,Ghana,17,60 to 64,128058.45206515433,62
23234,207,Ghana,17,60 to 64,128058.45206515433,63
23234,207,Ghana,17,60 to 64,128058.45206515433,64
23235,207,Ghana,18,65 to 69,94644.18079852875,65
23235,207,Ghana,18,65 to 69,94644.18079852875,66
23235,207,Ghana,18,65 to 69,94644.18079852875,67
23235,207,Ghana,18,65 to 69,94644.18079852875,68
23235,207,Ghana,18,65 to 69,94644.18079852875,69
23236,207,Ghana,19,70 to 74,62244.66044046221,70
23236,207,Ghana,19,70 to 74,62244.66044046221,71
23236,207,Ghana,19,70 to 74,62244.66044046221,72
23236,207,Ghana,19,70 to 74,62244.66044046221,73
23236,207,Ghana,19,70 to 74,62244.66044046221,74
23237,207,Ghana,20,75 to 79,39667.062243946115,75
23237,207,Ghana,20,75 to 79,39667.062243946115,76
23237,207,Ghana,20,75 to 79,39667.062243946115,77
23237,207,Ghana,20,75 to 79,39667.062243946115,78
23237,207,Ghana,20,75 to 79,39667.062243946115,79
23245,207,Ghana,30,80 to 84,21895.184315904033,80
23245,207,Ghana,30,80 to 84,21895.184315904033,81
23245,207,Ghana,30,80 to 84,21895.184315904033,82
23245,207,Ghana,30,80 to 84,21895.184315904033,83
23245,207,Ghana,30,80 to 84,21895.184315904033,84
23246,207,Ghana,31,85 to 89,9235.348255397344,85
23246,207,Ghana,31,85 to 89,9235.348255397344,86
23246,207,Ghana,31,85 to 89,9235.348255397344,87
23246,207,Ghana,31,85 to 89,9235.348255397344,88
23246,207,Ghana,31,85 to 89,9235.348255397344,89
23247,207,Ghana,32,90 to 94,2694.2419848643967,90
23247,207,Ghana,32,90 to 94,2694.2419848643967,91
23247,207,Ghana,32,90 to 94,2694.2419848643967,92
23247,207,Ghana,32,90 to 94,2694.2419848643967,93
23247,207,Ghana,32,90 to 94,2694.2419848643967,94
23255,207,Ghana,235,95 plus,506.21256354791603,95
23255,207,Ghana,235,95 plus,506.21256354791603,96
23255,207,Ghana,235,95 plus,506.21256354791603,97
23255,207,Ghana,235,95 plus,506.21256354791603,98
23255,207,Ghana,235,95 plus,506.21256354791603,99
23255,207,Ghana,235,95 plus,506.21256354791603,100
23342,208,Guinea,11,30 to 34,161546.0996958026,30
23342,208,Guinea,11,30 to 34,161546.0996958026,31
23342,208,Guinea,11,30 to 34,161546.0996958026,32
23342,208,Guinea,11,30 to 34,161546.0996958026,33
23342,208,Guinea,11,30 to 34,161546.0996958026,34
23343,208,Guinea,12,35 to 39,128107.76191929611,35
23343,208,Guinea,12,35 to 39,128107.76191929611,36
23343,208,Guinea,12,35 to 39,128107.76191929611,37
23343,208,Guinea,12,35 to 39,128107.76191929611,38
23343,208,Guinea,12,35 to 39,128107.76191929611,39
23344,208,Guinea,13,40 to 44,99409.26238455556,40
23344,208,Guinea,13,40 to 44,99409.26238455556,41
23344,208,Guinea,13,40 to 44,99409.26238455556,42
23344,208,Guinea,13,40 to 44,99409.26238455556,43
23344,208,Guinea,13,40 to 44,99409.26238455556,44
23345,208,Guinea,14,45 to 49,80353.40815706266,45
23345,208,Guinea,14,45 to 49,80353.40815706266,46
23345,208,Guinea,14,45 to 49,80353.40815706266,47
23345,208,Guinea,14,45 to 49,80353.40815706266,48
23345,208,Guinea,14,45 to 49,80353.40815706266,49
23346,208,Guinea,15,50 to 54,63554.09575814321,50
23346,208,Guinea,15,50 to 54,63554.09575814321,51
23346,208,Guinea,15,50 to 54,63554.09575814321,52
23346,208,Guinea,15,50 to 54,63554.09575814321,53
23346,208,Guinea,15,50 to 54,63554.09575814321,54
23347,208,Guinea,16,55 to 59,51521.97738291863,55
23347,208,Guinea,16,55 to 59,51521.97738291863,56
23347,208,Guinea,16,55 to 59,51521.97738291863,57
23347,208,Guinea,16,55 to 59,51521.97738291863,58
23347,208,Guinea,16,55 to 59,51521.97738291863,59
23348,208,Guinea,17,60 to 64,42131.30647451095,60
23348,208,Guinea,17,60 to 64,42131.30647451095,61
23348,208,Guinea,17,60 to 64,42131.30647451095,62
23348,208,Guinea,17,60 to 64,42131.30647451095,63
23348,208,Guinea,17,60 to 64,42131.30647451095,64
23349,208,Guinea,18,65 to 69,32418.78086764735,65
23349,208,Guinea,18,65 to 69,32418.78086764735,66
23349,208,Guinea,18,65 to 69,32418.78086764735,67
23349,208,Guinea,18,65 to 69,32418.78086764735,68
23349,208,Guinea,18,65 to 69,32418.78086764735,69
23350,208,Guinea,19,70 to 74,22503.012331447728,70
23350,208,Guinea,19,70 to 74,22503.012331447728,71
23350,208,Guinea,19,70 to 74,22503.012331447728,72
23350,208,Guinea,19,70 to 74,22503.012331447728,73
23350,208,Guinea,19,70 to 74,22503.012331447728,74
23351,208,Guinea,20,75 to 79,14531.045585839121,75
23351,208,Guinea,20,75 to 79,14531.045585839121,76
23351,208,Guinea,20,75 to 79,14531.045585839121,77
23351,208,Guinea,20,75 to 79,14531.045585839121,78
23351,208,Guinea,20,75 to 79,14531.045585839121,79
23359,208,Guinea,30,80 to 84,8452.653265949828,80
23359,208,Guinea,30,80 to 84,8452.653265949828,81
23359,208,Guinea,30,80 to 84,8452.653265949828,82
23359,208,Guinea,30,80 to 84,8452.653265949828,83
23359,208,Guinea,30,80 to 84,8452.653265949828,84
23360,208,Guinea,31,85 to 89,4435.567476304194,85
23360,208,Guinea,31,85 to 89,4435.567476304194,86
23360,208,Guinea,31,85 to 89,4435.567476304194,87
23360,208,Guinea,31,85 to 89,4435.567476304194,88
23360,208,Guinea,31,85 to 89,4435.567476304194,89
23361,208,Guinea,32,90 to 94,1667.5509298558122,90
23361,208,Guinea,32,90 to 94,1667.5509298558122,91
23361,208,Guinea,32,90 to 94,1667.5509298558122,92
23361,208,Guinea,32,90 to 94,1667.5509298558122,93
23361,208,Guinea,32,90 to 94,1667.5509298558122,94
23369,208,Guinea,235,95 plus,317.0297937462816,95
23369,208,Guinea,235,95 plus,317.0297937462816,96
23369,208,Guinea,235,95 plus,317.0297937462816,97
23369,208,Guinea,235,95 plus,317.0297937462816,98
23369,208,Guinea,235,95 plus,317.0297937462816,99
23369,208,Guinea,235,95 plus,317.0297937462816,100
23456,209,Guinea-Bissau,11,30 to 34,28018.247513287643,30
23456,209,Guinea-Bissau,11,30 to 34,28018.247513287643,31
23456,209,Guinea-Bissau,11,30 to 34,28018.247513287643,32
23456,209,Guinea-Bissau,11,30 to 34,28018.247513287643,33
23456,209,Guinea-Bissau,11,30 to 34,28018.247513287643,34
23457,209,Guinea-Bissau,12,35 to 39,21877.964040716535,35
23457,209,Guinea-Bissau,12,35 to 39,21877.964040716535,36
23457,209,Guinea-Bissau,12,35 to 39,21877.964040716535,37
23457,209,Guinea-Bissau,12,35 to 39,21877.964040716535,38
23457,209,Guinea-Bissau,12,35 to 39,21877.964040716535,39
23458,209,Guinea-Bissau,13,40 to 44,16265.968932004962,40
23458,209,Guinea-Bissau,13,40 to 44,16265.968932004962,41
23458,209,Guinea-Bissau,13,40 to 44,16265.968932004962,42
23458,209,Guinea-Bissau,13,40 to 44,16265.968932004962,43
23458,209,Guinea-Bissau,13,40 to 44,16265.968932004962,44
23459,209,Guinea-Bissau,14,45 to 49,12266.98321537205,45
23459,209,Guinea-Bissau,14,45 to 49,12266.98321537205,46
23459,209,Guinea-Bissau,14,45 to 49,12266.98321537205,47
23459,209,Guinea-Bissau,14,45 to 49,12266.98321537205,48
23459,209,Guinea-Bissau,14,45 to 49,12266.98321537205,49
23460,209,Guinea-Bissau,15,50 to 54,9483.653660263266,50
23460,209,Guinea-Bissau,15,50 to 54,9483.653660263266,51
23460,209,Guinea-Bissau,15,50 to 54,9483.653660263266,52
23460,209,Guinea-Bissau,15,50 to 54,9483.653660263266,53
23460,209,Guinea-Bissau,15,50 to 54,9483.653660263266,54
23461,209,Guinea-Bissau,16,55 to 59,7354.167390767268,55
23461,209,Guinea-Bissau,16,55 to 59,7354.167390767268,56
23461,209,Guinea-Bissau,16,55 to 59,7354.167390767268,57
23461,209,Guinea-Bissau,16,55 to 59,7354.167390767268,58
23461,209,Guinea-Bissau,16,55 to 59,7354.167390767268,59
23462,209,Guinea-Bissau,17,60 to 64,5590.045261301524,60
23462,209,Guinea-Bissau,17,60 to 64,5590.045261301524,61
23462,209,Guinea-Bissau,17,60 to 64,5590.045261301524,62
23462,209,Guinea-Bissau,17,60 to 64,5590.045261301524,63
23462,209,Guinea-Bissau,17,60 to 64,5590.045261301524,64
23463,209,Guinea-Bissau,18,65 to 69,4024.5594816947732,65
23463,209,Guinea-Bissau,18,65 to 69,4024.5594816947732,66
23463,209,Guinea-Bissau,18,65 to 69,4024.5594816947732,67
23463,209,Guinea-Bissau,18,65 to 69,4024.5594816947732,68
23463,209,Guinea-Bissau,18,65 to 69,4024.5594816947732,69
23464,209,Guinea-Bissau,19,70 to 74,2741.4351092090574,70
23464,209,Guinea-Bissau,19,70 to 74,2741.4351092090574,71
23464,209,Guinea-Bissau,19,70 to 74,2741.4351092090574,72
23464,209,Guinea-Bissau,19,70 to 74,2741.4351092090574,73
23464,209,Guinea-Bissau,19,70 to 74,2741.4351092090574,74
23465,209,Guinea-Bissau,20,75 to 79,1623.565661924163,75
23465,209,Guinea-Bissau,20,75 to 79,1623.565661924163,76
23465,209,Guinea-Bissau,20,75 to 79,1623.565661924163,77
23465,209,Guinea-Bissau,20,75 to 79,1623.565661924163,78
23465,209,Guinea-Bissau,20,75 to 79,1623.565661924163,79
23473,209,Guinea-Bissau,30,80 to 84,805.4031135385095,80
23473,209,Guinea-Bissau,30,80 to 84,805.4031135385095,81
23473,209,Guinea-Bissau,30,80 to 84,805.4031135385095,82
23473,209,Guinea-Bissau,30,80 to 84,805.4031135385095,83
23473,209,Guinea-Bissau,30,80 to 84,805.4031135385095,84
23474,209,Guinea-Bissau,31,85 to 89,317.7228670810597,85
23474,209,Guinea-Bissau,31,85 to 89,317.7228670810597,86
23474,209,Guinea-Bissau,31,85 to 89,317.7228670810597,87
23474,209,Guinea-Bissau,31,85 to 89,317.7228670810597,88
23474,209,Guinea-Bissau,31,85 to 89,317.7228670810597,89
23475,209,Guinea-Bissau,32,90 to 94,90.62784937842703,90
23475,209,Guinea-Bissau,32,90 to 94,90.62784937842703,91
23475,209,Guinea-Bissau,32,90 to 94,90.62784937842703,92
23475,209,Guinea-Bissau,32,90 to 94,90.62784937842703,93
23475,209,Guinea-Bissau,32,90 to 94,90.62784937842703,94
23483,209,Guinea-Bissau,235,95 plus,16.597544118427543,95
23483,209,Guinea-Bissau,235,95 plus,16.597544118427543,96
23483,209,Guinea-Bissau,235,95 plus,16.597544118427543,97
23483,209,Guinea-Bissau,235,95 plus,16.597544118427543,98
23483,209,Guinea-Bissau,235,95 plus,16.597544118427543,99
23483,209,Guinea-Bissau,235,95 plus,16.597544118427543,100
23570,210,Liberia,11,30 to 34,65121.662362415715,30
23570,210,Liberia,11,30 to 34,65121.662362415715,31
23570,210,Liberia,11,30 to 34,65121.662362415715,32
23570,210,Liberia,11,30 to 34,65121.662362415715,33
23570,210,Liberia,11,30 to 34,65121.662362415715,34
23571,210,Liberia,12,35 to 39,60139.25409899225,35
23571,210,Liberia,12,35 to 39,60139.25409899225,36
23571,210,Liberia,12,35 to 39,60139.25409899225,37
23571,210,Liberia,12,35 to 39,60139.25409899225,38
23571,210,Liberia,12,35 to 39,60139.25409899225,39
23572,210,Liberia,13,40 to 44,53328.381573896775,40
23572,210,Liberia,13,40 to 44,53328.381573896775,41
23572,210,Liberia,13,40 to 44,53328.381573896775,42
23572,210,Liberia,13,40 to 44,53328.381573896775,43
23572,210,Liberia,13,40 to 44,53328.381573896775,44
23573,210,Liberia,14,45 to 49,44343.33523996781,45
23573,210,Liberia,14,45 to 49,44343.33523996781,46
23573,210,Liberia,14,45 to 49,44343.33523996781,47
23573,210,Liberia,14,45 to 49,44343.33523996781,48
23573,210,Liberia,14,45 to 49,44343.33523996781,49
23574,210,Liberia,15,50 to 54,27115.35470618884,50
23574,210,Liberia,15,50 to 54,27115.35470618884,51
23574,210,Liberia,15,50 to 54,27115.35470618884,52
23574,210,Liberia,15,50 to 54,27115.35470618884,53
23574,210,Liberia,15,50 to 54,27115.35470618884,54
23575,210,Liberia,16,55 to 59,20293.357089659206,55
23575,210,Liberia,16,55 to 59,20293.357089659206,56
23575,210,Liberia,16,55 to 59,20293.357089659206,57
23575,210,Liberia,16,55 to 59,20293.357089659206,58
23575,210,Liberia,16,55 to 59,20293.357089659206,59
23576,210,Liberia,17,60 to 64,14582.886052225924,60
23576,210,Liberia,17,60 to 64,14582.886052225924,61
23576,210,Liberia,17,60 to 64,14582.886052225924,62
23576,210,Liberia,17,60 to 64,14582.886052225924,63
23576,210,Liberia,17,60 to 64,14582.886052225924,64
23577,210,Liberia,18,65 to 69,10831.574923989489,65
23577,210,Liberia,18,65 to 69,10831.574923989489,66
23577,210,Liberia,18,65 to 69,10831.574923989489,67
23577,210,Liberia,18,65 to 69,10831.574923989489,68
23577,210,Liberia,18,65 to 69,10831.574923989489,69
23578,210,Liberia,19,70 to 74,7431.866706551476,70
23578,210,Liberia,19,70 to 74,7431.866706551476,71
23578,210,Liberia,19,70 to 74,7431.866706551476,72
23578,210,Liberia,19,70 to 74,7431.866706551476,73
23578,210,Liberia,19,70 to 74,7431.866706551476,74
23579,210,Liberia,20,75 to 79,4700.723262564914,75
23579,210,Liberia,20,75 to 79,4700.723262564914,76
23579,210,Liberia,20,75 to 79,4700.723262564914,77
23579,210,Liberia,20,75 to 79,4700.723262564914,78
23579,210,Liberia,20,75 to 79,4700.723262564914,79
23587,210,Liberia,30,80 to 84,2774.9441244265186,80
23587,210,Liberia,30,80 to 84,2774.9441244265186,81
23587,210,Liberia,30,80 to 84,2774.9441244265186,82
23587,210,Liberia,30,80 to 84,2774.9441244265186,83
23587,210,Liberia,30,80 to 84,2774.9441244265186,84
23588,210,Liberia,31,85 to 89,1368.517305971811,85
23588,210,Liberia,31,85 to 89,1368.517305971811,86
23588,210,Liberia,31,85 to 89,1368.517305971811,87
23588,210,Liberia,31,85 to 89,1368.517305971811,88
23588,210,Liberia,31,85 to 89,1368.517305971811,89
23589,210,Liberia,32,90 to 94,479.7339498551611,90
23589,210,Liberia,32,90 to 94,479.7339498551611,91
23589,210,Liberia,32,90 to 94,479.7339498551611,92
23589,210,Liberia,32,90 to 94,479.7339498551611,93
23589,210,Liberia,32,90 to 94,479.7339498551611,94
23597,210,Liberia,235,95 plus,91.3971972455983,95
23597,210,Liberia,235,95 plus,91.3971972455983,96
23597,210,Liberia,235,95 plus,91.3971972455983,97
23597,210,Liberia,235,95 plus,91.3971972455983,98
23597,210,Liberia,235,95 plus,91.3971972455983,99
23597,210,Liberia,235,95 plus,91.3971972455983,100
23684,211,Mali,11,30 to 34,243799.2026781259,30
23684,211,Mali,11,30 to 34,243799.2026781259,31
23684,211,Mali,11,30 to 34,243799.2026781259,32
23684,211,Mali,11,30 to 34,243799.2026781259,33
23684,211,Mali,11,30 to 34,243799.2026781259,34
23685,211,Mali,12,35 to 39,198793.837129077,35
23685,211,Mali,12,35 to 39,198793.837129077,36
23685,211,Mali,12,35 to 39,198793.837129077,37
23685,211,Mali,12,35 to 39,198793.837129077,38
23685,211,Mali,12,35 to 39,198793.837129077,39
23686,211,Mali,13,40 to 44,163625.08684524224,40
23686,211,Mali,13,40 to 44,163625.08684524224,41
23686,211,Mali,13,40 to 44,163625.08684524224,42
23686,211,Mali,13,40 to 44,163625.08684524224,43
23686,211,Mali,13,40 to 44,163625.08684524224,44
23687,211,Mali,14,45 to 49,132783.11401624448,45
23687,211,Mali,14,45 to 49,132783.11401624448,46
23687,211,Mali,14,45 to 49,132783.11401624448,47
23687,211,Mali,14,45 to 49,132783.11401624448,48
23687,211,Mali,14,45 to 49,132783.11401624448,49
23688,211,Mali,15,50 to 54,107796.706361809,50
23688,211,Mali,15,50 to 54,107796.706361809,51
23688,211,Mali,15,50 to 54,107796.706361809,52
23688,211,Mali,15,50 to 54,107796.706361809,53
23688,211,Mali,15,50 to 54,107796.706361809,54
23689,211,Mali,16,55 to 59,86472.5148852937,55
23689,211,Mali,16,55 to 59,86472.5148852937,56
23689,211,Mali,16,55 to 59,86472.5148852937,57
23689,211,Mali,16,55 to 59,86472.5148852937,58
23689,211,Mali,16,55 to 59,86472.5148852937,59
23690,211,Mali,17,60 to 64,67628.70887413828,60
23690,211,Mali,17,60 to 64,67628.70887413828,61
23690,211,Mali,17,60 to 64,67628.70887413828,62
23690,211,Mali,17,60 to 64,67628.70887413828,63
23690,211,Mali,17,60 to 64,67628.70887413828,64
23691,211,Mali,18,65 to 69,49938.32902590279,65
23691,211,Mali,18,65 to 69,49938.32902590279,66
23691,211,Mali,18,65 to 69,49938.32902590279,67
23691,211,Mali,18,65 to 69,49938.32902590279,68
23691,211,Mali,18,65 to 69,49938.32902590279,69
23692,211,Mali,19,70 to 74,34548.834410157564,70
23692,211,Mali,19,70 to 74,34548.834410157564,71
23692,211,Mali,19,70 to 74,34548.834410157564,72
23692,211,Mali,19,70 to 74,34548.834410157564,73
23692,211,Mali,19,70 to 74,34548.834410157564,74
23693,211,Mali,20,75 to 79,21306.516639774873,75
23693,211,Mali,20,75 to 79,21306.516639774873,76
23693,211,Mali,20,75 to 79,21306.516639774873,77
23693,211,Mali,20,75 to 79,21306.516639774873,78
23693,211,Mali,20,75 to 79,21306.516639774873,79
23701,211,Mali,30,80 to 84,11695.458881738707,80
23701,211,Mali,30,80 to 84,11695.458881738707,81
23701,211,Mali,30,80 to 84,11695.458881738707,82
23701,211,Mali,30,80 to 84,11695.458881738707,83
23701,211,Mali,30,80 to 84,11695.458881738707,84
23702,211,Mali,31,85 to 89,5325.929898486512,85
23702,211,Mali,31,85 to 89,5325.929898486512,86
23702,211,Mali,31,85 to 89,5325.929898486512,87
23702,211,Mali,31,85 to 89,5325.929898486512,88
23702,211,Mali,31,85 to 89,5325.929898486512,89
23703,211,Mali,32,90 to 94,1795.6682255254952,90
23703,211,Mali,32,90 to 94,1795.6682255254952,91
23703,211,Mali,32,90 to 94,1795.6682255254952,92
23703,211,Mali,32,90 to 94,1795.6682255254952,93
23703,211,Mali,32,90 to 94,1795.6682255254952,94
23711,211,Mali,235,95 plus,330.6411552582195,95
23711,211,Mali,235,95 plus,330.6411552582195,96
23711,211,Mali,235,95 plus,330.6411552582195,97
23711,211,Mali,235,95 plus,330.6411552582195,98
23711,211,Mali,235,95 plus,330.6411552582195,99
23711,211,Mali,235,95 plus,330.6411552582195,100
23798,212,Mauritania,11,30 to 34,52137.83993446877,30
23798,212,Mauritania,11,30 to 34,52137.83993446877,31
23798,212,Mauritania,11,30 to 34,52137.83993446877,32
23798,212,Mauritania,11,30 to 34,52137.83993446877,33
23798,212,Mauritania,11,30 to 34,52137.83993446877,34
23799,212,Mauritania,12,35 to 39,43607.47856812295,35
23799,212,Mauritania,12,35 to 39,43607.47856812295,36
23799,212,Mauritania,12,35 to 39,43607.47856812295,37
23799,212,Mauritania,12,35 to 39,43607.47856812295,38
23799,212,Mauritania,12,35 to 39,43607.47856812295,39
23800,212,Mauritania,13,40 to 44,36206.87479780536,40
23800,212,Mauritania,13,40 to 44,36206.87479780536,41
23800,212,Mauritania,13,40 to 44,36206.87479780536,42
23800,212,Mauritania,13,40 to 44,36206.87479780536,43
23800,212,Mauritania,13,40 to 44,36206.87479780536,44
23801,212,Mauritania,14,45 to 49,29875.995393881934,45
23801,212,Mauritania,14,45 to 49,29875.995393881934,46
23801,212,Mauritania,14,45 to 49,29875.995393881934,47
23801,212,Mauritania,14,45 to 49,29875.995393881934,48
23801,212,Mauritania,14,45 to 49,29875.995393881934,49
23802,212,Mauritania,15,50 to 54,24264.121056050913,50
23802,212,Mauritania,15,50 to 54,24264.121056050913,51
23802,212,Mauritania,15,50 to 54,24264.121056050913,52
23802,212,Mauritania,15,50 to 54,24264.121056050913,53
23802,212,Mauritania,15,50 to 54,24264.121056050913,54
23803,212,Mauritania,16,55 to 59,19941.312422840183,55
23803,212,Mauritania,16,55 to 59,19941.312422840183,56
23803,212,Mauritania,16,55 to 59,19941.312422840183,57
23803,212,Mauritania,16,55 to 59,19941.312422840183,58
23803,212,Mauritania,16,55 to 59,19941.312422840183,59
23804,212,Mauritania,17,60 to 64,16199.291795866553,60
23804,212,Mauritania,17,60 to 64,16199.291795866553,61
23804,212,Mauritania,17,60 to 64,16199.291795866553,62
23804,212,Mauritania,17,60 to 64,16199.291795866553,63
23804,212,Mauritania,17,60 to 64,16199.291795866553,64
23805,212,Mauritania,18,65 to 69,12349.332419555463,65
23805,212,Mauritania,18,65 to 69,12349.332419555463,66
23805,212,Mauritania,18,65 to 69,12349.332419555463,67
23805,212,Mauritania,18,65 to 69,12349.332419555463,68
23805,212,Mauritania,18,65 to 69,12349.332419555463,69
23806,212,Mauritania,19,70 to 74,8576.179333877713,70
23806,212,Mauritania,19,70 to 74,8576.179333877713,71
23806,212,Mauritania,19,70 to 74,8576.179333877713,72
23806,212,Mauritania,19,70 to 74,8576.179333877713,73
23806,212,Mauritania,19,70 to 74,8576.179333877713,74
23807,212,Mauritania,20,75 to 79,5738.888490977792,75
23807,212,Mauritania,20,75 to 79,5738.888490977792,76
23807,212,Mauritania,20,75 to 79,5738.888490977792,77
23807,212,Mauritania,20,75 to 79,5738.888490977792,78
23807,212,Mauritania,20,75 to 79,5738.888490977792,79
23815,212,Mauritania,30,80 to 84,3429.582055094898,80
23815,212,Mauritania,30,80 to 84,3429.582055094898,81
23815,212,Mauritania,30,80 to 84,3429.582055094898,82
23815,212,Mauritania,30,80 to 84,3429.582055094898,83
23815,212,Mauritania,30,80 to 84,3429.582055094898,84
23816,212,Mauritania,31,85 to 89,1727.5612710602588,85
23816,212,Mauritania,31,85 to 89,1727.5612710602588,86
23816,212,Mauritania,31,85 to 89,1727.5612710602588,87
23816,212,Mauritania,31,85 to 89,1727.5612710602588,88
23816,212,Mauritania,31,85 to 89,1727.5612710602588,89
23817,212,Mauritania,32,90 to 94,505.1975380271664,90
23817,212,Mauritania,32,90 to 94,505.1975380271664,91
23817,212,Mauritania,32,90 to 94,505.1975380271664,92
23817,212,Mauritania,32,90 to 94,505.1975380271664,93
23817,212,Mauritania,32,90 to 94,505.1975380271664,94
23825,212,Mauritania,235,95 plus,131.50302884946313,95
23825,212,Mauritania,235,95 plus,131.50302884946313,96
23825,212,Mauritania,235,95 plus,131.50302884946313,97
23825,212,Mauritania,235,95 plus,131.50302884946313,98
23825,212,Mauritania,235,95 plus,131.50302884946313,99
23825,212,Mauritania,235,95 plus,131.50302884946313,100
23912,213,Niger,11,30 to 34,230302.34221811607,30
23912,213,Niger,11,30 to 34,230302.34221811607,31
23912,213,Niger,11,30 to 34,230302.34221811607,32
23912,213,Niger,11,30 to 34,230302.34221811607,33
23912,213,Niger,11,30 to 34,230302.34221811607,34
23913,213,Niger,12,35 to 39,192475.74185192576,35
23913,213,Niger,12,35 to 39,192475.74185192576,36
23913,213,Niger,12,35 to 39,192475.74185192576,37
23913,213,Niger,12,35 to 39,192475.74185192576,38
23913,213,Niger,12,35 to 39,192475.74185192576,39
23914,213,Niger,13,40 to 44,153088.37430703448,40
23914,213,Niger,13,40 to 44,153088.37430703448,41
23914,213,Niger,13,40 to 44,153088.37430703448,42
23914,213,Niger,13,40 to 44,153088.37430703448,43
23914,213,Niger,13,40 to 44,153088.37430703448,44
23915,213,Niger,14,45 to 49,116909.13093491402,45
23915,213,Niger,14,45 to 49,116909.13093491402,46
23915,213,Niger,14,45 to 49,116909.13093491402,47
23915,213,Niger,14,45 to 49,116909.13093491402,48
23915,213,Niger,14,45 to 49,116909.13093491402,49
23916,213,Niger,15,50 to 54,100327.77162159253,50
23916,213,Niger,15,50 to 54,100327.77162159253,51
23916,213,Niger,15,50 to 54,100327.77162159253,52
23916,213,Niger,15,50 to 54,100327.77162159253,53
23916,213,Niger,15,50 to 54,100327.77162159253,54
23917,213,Niger,16,55 to 59,86168.48744483505,55
23917,213,Niger,16,55 to 59,86168.48744483505,56
23917,213,Niger,16,55 to 59,86168.48744483505,57
23917,213,Niger,16,55 to 59,86168.48744483505,58
23917,213,Niger,16,55 to 59,86168.48744483505,59
23918,213,Niger,17,60 to 64,65995.50169411428,60
23918,213,Niger,17,60 to 64,65995.50169411428,61
23918,213,Niger,17,60 to 64,65995.50169411428,62
23918,213,Niger,17,60 to 64,65995.50169411428,63
23918,213,Niger,17,60 to 64,65995.50169411428,64
23919,213,Niger,18,65 to 69,44899.16559400656,65
23919,213,Niger,18,65 to 69,44899.16559400656,66
23919,213,Niger,18,65 to 69,44899.16559400656,67
23919,213,Niger,18,65 to 69,44899.16559400656,68
23919,213,Niger,18,65 to 69,44899.16559400656,69
23920,213,Niger,19,70 to 74,30457.286767773207,70
23920,213,Niger,19,70 to 74,30457.286767773207,71
23920,213,Niger,19,70 to 74,30457.286767773207,72
23920,213,Niger,19,70 to 74,30457.286767773207,73
23920,213,Niger,19,70 to 74,30457.286767773207,74
23921,213,Niger,20,75 to 79,18989.61305726822,75
23921,213,Niger,20,75 to 79,18989.61305726822,76
23921,213,Niger,20,75 to 79,18989.61305726822,77
23921,213,Niger,20,75 to 79,18989.61305726822,78
23921,213,Niger,20,75 to 79,18989.61305726822,79
23929,213,Niger,30,80 to 84,8196.173347067119,80
23929,213,Niger,30,80 to 84,8196.173347067119,81
23929,213,Niger,30,80 to 84,8196.173347067119,82
23929,213,Niger,30,80 to 84,8196.173347067119,83
23929,213,Niger,30,80 to 84,8196.173347067119,84
23930,213,Niger,31,85 to 89,3075.708768703135,85
23930,213,Niger,31,85 to 89,3075.708768703135,86
23930,213,Niger,31,85 to 89,3075.708768703135,87
23930,213,Niger,31,85 to 89,3075.708768703135,88
23930,213,Niger,31,85 to 89,3075.708768703135,89
23931,213,Niger,32,90 to 94,1103.4375469190843,90
23931,213,Niger,32,90 to 94,1103.4375469190843,91
23931,213,Niger,32,90 to 94,1103.4375469190843,92
23931,213,Niger,32,90 to 94,1103.4375469190843,93
23931,213,Niger,32,90 to 94,1103.4375469190843,94
23939,213,Niger,235,95 plus,195.16841118143483,95
23939,213,Niger,235,95 plus,195.16841118143483,96
23939,213,Niger,235,95 plus,195.16841118143483,97
23939,213,Niger,235,95 plus,195.16841118143483,98
23939,213,Niger,235,95 plus,195.16841118143483,99
23939,213,Niger,235,95 plus,195.16841118143483,100
24026,214,Nigeria,11,30 to 34,2636358.8172301208,30
24026,214,Nigeria,11,30 to 34,2636358.8172301208,31
24026,214,Nigeria,11,30 to 34,2636358.8172301208,32
24026,214,Nigeria,11,30 to 34,2636358.8172301208,33
24026,214,Nigeria,11,30 to 34,2636358.8172301208,34
24027,214,Nigeria,12,35 to 39,2204848.1952292137,35
24027,214,Nigeria,12,35 to 39,2204848.1952292137,36
24027,214,Nigeria,12,35 to 39,2204848.1952292137,37
24027,214,Nigeria,12,35 to 39,2204848.1952292137,38
24027,214,Nigeria,12,35 to 39,2204848.1952292137,39
24028,214,Nigeria,13,40 to 44,1852200.4835130617,40
24028,214,Nigeria,13,40 to 44,1852200.4835130617,41
24028,214,Nigeria,13,40 to 44,1852200.4835130617,42
24028,214,Nigeria,13,40 to 44,1852200.4835130617,43
24028,214,Nigeria,13,40 to 44,1852200.4835130617,44
24029,214,Nigeria,14,45 to 49,1551915.0456616706,45
24029,214,Nigeria,14,45 to 49,1551915.0456616706,46
24029,214,Nigeria,14,45 to 49,1551915.0456616706,47
24029,214,Nigeria,14,45 to 49,1551915.0456616706,48
24029,214,Nigeria,14,45 to 49,1551915.0456616706,49
24030,214,Nigeria,15,50 to 54,1247055.708529417,50
24030,214,Nigeria,15,50 to 54,1247055.708529417,51
24030,214,Nigeria,15,50 to 54,1247055.708529417,52
24030,214,Nigeria,15,50 to 54,1247055.708529417,53
24030,214,Nigeria,15,50 to 54,1247055.708529417,54
24031,214,Nigeria,16,55 to 59,947519.3504010808,55
24031,214,Nigeria,16,55 to 59,947519.3504010808,56
24031,214,Nigeria,16,55 to 59,947519.3504010808,57
24031,214,Nigeria,16,55 to 59,947519.3504010808,58
24031,214,Nigeria,16,55 to 59,947519.3504010808,59
24032,214,Nigeria,17,60 to 64,673836.3557997262,60
24032,214,Nigeria,17,60 to 64,673836.3557997262,61
24032,214,Nigeria,17,60 to 64,673836.3557997262,62
24032,214,Nigeria,17,60 to 64,673836.3557997262,63
24032,214,Nigeria,17,60 to 64,673836.3557997262,64
24033,214,Nigeria,18,65 to 69,464892.95860780997,65
24033,214,Nigeria,18,65 to 69,464892.95860780997,66
24033,214,Nigeria,18,65 to 69,464892.95860780997,67
24033,214,Nigeria,18,65 to 69,464892.95860780997,68
24033,214,Nigeria,18,65 to 69,464892.95860780997,69
24034,214,Nigeria,19,70 to 74,286922.11331063416,70
24034,214,Nigeria,19,70 to 74,286922.11331063416,71
24034,214,Nigeria,19,70 to 74,286922.11331063416,72
24034,214,Nigeria,19,70 to 74,286922.11331063416,73
24034,214,Nigeria,19,70 to 74,286922.11331063416,74
24035,214,Nigeria,20,75 to 79,224588.4468244665,75
24035,214,Nigeria,20,75 to 79,224588.4468244665,76
24035,214,Nigeria,20,75 to 79,224588.4468244665,77
24035,214,Nigeria,20,75 to 79,224588.4468244665,78
24035,214,Nigeria,20,75 to 79,224588.4468244665,79
24043,214,Nigeria,30,80 to 84,117619.59386272173,80
24043,214,Nigeria,30,80 to 84,117619.59386272173,81
24043,214,Nigeria,30,80 to 84,117619.59386272173,82
24043,214,Nigeria,30,80 to 84,117619.59386272173,83
24043,214,Nigeria,30,80 to 84,117619.59386272173,84
24044,214,Nigeria,31,85 to 89,52861.10279396838,85
24044,214,Nigeria,31,85 to 89,52861.10279396838,86
24044,214,Nigeria,31,85 to 89,52861.10279396838,87
24044,214,Nigeria,31,85 to 89,52861.10279396838,88
24044,214,Nigeria,31,85 to 89,52861.10279396838,89
24045,214,Nigeria,32,90 to 94,18919.505228442205,90
24045,214,Nigeria,32,90 to 94,18919.505228442205,91
24045,214,Nigeria,32,90 to 94,18919.505228442205,92
24045,214,Nigeria,32,90 to 94,18919.505228442205,93
24045,214,Nigeria,32,90 to 94,18919.505228442205,94
24053,214,Nigeria,235,95 plus,4410.268422991257,95
24053,214,Nigeria,235,95 plus,4410.268422991257,96
24053,214,Nigeria,235,95 plus,4410.268422991257,97
24053,214,Nigeria,235,95 plus,4410.268422991257,98
24053,214,Nigeria,235,95 plus,4410.268422991257,99
24053,214,Nigeria,235,95 plus,4410.268422991257,100
24140,215,Sao Tome and Principe,11,30 to 34,3043.2203190026366,30
24140,215,Sao Tome and Principe,11,30 to 34,3043.2203190026366,31
24140,215,Sao Tome and Principe,11,30 to 34,3043.2203190026366,32
24140,215,Sao Tome and Principe,11,30 to 34,3043.2203190026366,33
24140,215,Sao Tome and Principe,11,30 to 34,3043.2203190026366,34
24141,215,Sao Tome and Principe,12,35 to 39,2676.681506472464,35
24141,215,Sao Tome and Principe,12,35 to 39,2676.681506472464,36
24141,215,Sao Tome and Principe,12,35 to 39,2676.681506472464,37
24141,215,Sao Tome and Principe,12,35 to 39,2676.681506472464,38
24141,215,Sao Tome and Principe,12,35 to 39,2676.681506472464,39
24142,215,Sao Tome and Principe,13,40 to 44,2227.673620961584,40
24142,215,Sao Tome and Principe,13,40 to 44,2227.673620961584,41
24142,215,Sao Tome and Principe,13,40 to 44,2227.673620961584,42
24142,215,Sao Tome and Principe,13,40 to 44,2227.673620961584,43
24142,215,Sao Tome and Principe,13,40 to 44,2227.673620961584,44
24143,215,Sao Tome and Principe,14,45 to 49,1813.2442164007884,45
24143,215,Sao Tome and Principe,14,45 to 49,1813.2442164007884,46
24143,215,Sao Tome and Principe,14,45 to 49,1813.2442164007884,47
24143,215,Sao Tome and Principe,14,45 to 49,1813.2442164007884,48
24143,215,Sao Tome and Principe,14,45 to 49,1813.2442164007884,49
24144,215,Sao Tome and Principe,15,50 to 54,1389.4792859594427,50
24144,215,Sao Tome and Principe,15,50 to 54,1389.4792859594427,51
24144,215,Sao Tome and Principe,15,50 to 54,1389.4792859594427,52
24144,215,Sao Tome and Principe,15,50 to 54,1389.4792859594427,53
24144,215,Sao Tome and Principe,15,50 to 54,1389.4792859594427,54
24145,215,Sao Tome and Principe,16,55 to 59,1114.3148344961614,55
24145,215,Sao Tome and Principe,16,55 to 59,1114.3148344961614,56
24145,215,Sao Tome and Principe,16,55 to 59,1114.3148344961614,57
24145,215,Sao Tome and Principe,16,55 to 59,1114.3148344961614,58
24145,215,Sao Tome and Principe,16,55 to 59,1114.3148344961614,59
24146,215,Sao Tome and Principe,17,60 to 64,824.6900725453492,60
24146,215,Sao Tome and Principe,17,60 to 64,824.6900725453492,61
24146,215,Sao Tome and Principe,17,60 to 64,824.6900725453492,62
24146,215,Sao Tome and Principe,17,60 to 64,824.6900725453492,63
24146,215,Sao Tome and Principe,17,60 to 64,824.6900725453492,64
24147,215,Sao Tome and Principe,18,65 to 69,569.4986880517815,65
24147,215,Sao Tome and Principe,18,65 to 69,569.4986880517815,66
24147,215,Sao Tome and Principe,18,65 to 69,569.4986880517815,67
24147,215,Sao Tome and Principe,18,65 to 69,569.4986880517815,68
24147,215,Sao Tome and Principe,18,65 to 69,569.4986880517815,69
24148,215,Sao Tome and Principe,19,70 to 74,359.2712258151562,70
24148,215,Sao Tome and Principe,19,70 to 74,359.2712258151562,71
24148,215,Sao Tome and Principe,19,70 to 74,359.2712258151562,72
24148,215,Sao Tome and Principe,19,70 to 74,359.2712258151562,73
24148,215,Sao Tome and Principe,19,70 to 74,359.2712258151562,74
24149,215,Sao Tome and Principe,20,75 to 79,256.54380753685007,75
24149,215,Sao Tome and Principe,20,75 to 79,256.54380753685007,76
24149,215,Sao Tome and Principe,20,75 to 79,256.54380753685007,77
24149,215,Sao Tome and Principe,20,75 to 79,256.54380753685007,78
24149,215,Sao Tome and Principe,20,75 to 79,256.54380753685007,79
24157,215,Sao Tome and Principe,30,80 to 84,169.48175107229983,80
24157,215,Sao Tome and Principe,30,80 to 84,169.48175107229983,81
24157,215,Sao Tome and Principe,30,80 to 84,169.48175107229983,82
24157,215,Sao Tome and Principe,30,80 to 84,169.48175107229983,83
24157,215,Sao Tome and Principe,30,80 to 84,169.48175107229983,84
24158,215,Sao Tome and Principe,31,85 to 89,75.58595853367171,85
24158,215,Sao Tome and Principe,31,85 to 89,75.58595853367171,86
24158,215,Sao Tome and Principe,31,85 to 89,75.58595853367171,87
24158,215,Sao Tome and Principe,31,85 to 89,75.58595853367171,88
24158,215,Sao Tome and Principe,31,85 to 89,75.58595853367171,89
24159,215,Sao Tome and Principe,32,90 to 94,24.439537761887056,90
24159,215,Sao Tome and Principe,32,90 to 94,24.439537761887056,91
24159,215,Sao Tome and Principe,32,90 to 94,24.439537761887056,92
24159,215,Sao Tome and Principe,32,90 to 94,24.439537761887056,93
24159,215,Sao Tome and Principe,32,90 to 94,24.439537761887056,94
24167,215,Sao Tome and Principe,235,95 plus,4.421333946922118,95
24167,215,Sao Tome and Principe,235,95 plus,4.421333946922118,96
24167,215,Sao Tome and Principe,235,95 plus,4.421333946922118,97
24167,215,Sao Tome and Principe,235,95 plus,4.421333946922118,98
24167,215,Sao Tome and Principe,235,95 plus,4.421333946922118,99
24167,215,Sao Tome and Principe,235,95 plus,4.421333946922118,100
24254,216,Senegal,11,30 to 34,201043.17576252503,30
24254,216,Senegal,11,30 to 34,201043.17576252503,31
24254,216,Senegal,11,30 to 34,201043.17576252503,32
24254,216,Senegal,11,30 to 34,201043.17576252503,33
24254,216,Senegal,11,30 to 34,201043.17576252503,34
24255,216,Senegal,12,35 to 39,165050.08107969677,35
24255,216,Senegal,12,35 to 39,165050.08107969677,36
24255,216,Senegal,12,35 to 39,165050.08107969677,37
24255,216,Senegal,12,35 to 39,165050.08107969677,38
24255,216,Senegal,12,35 to 39,165050.08107969677,39
24256,216,Senegal,13,40 to 44,134270.77651479602,40
24256,216,Senegal,13,40 to 44,134270.77651479602,41
24256,216,Senegal,13,40 to 44,134270.77651479602,42
24256,216,Senegal,13,40 to 44,134270.77651479602,43
24256,216,Senegal,13,40 to 44,134270.77651479602,44
24257,216,Senegal,14,45 to 49,108223.20960343529,45
24257,216,Senegal,14,45 to 49,108223.20960343529,46
24257,216,Senegal,14,45 to 49,108223.20960343529,47
24257,216,Senegal,14,45 to 49,108223.20960343529,48
24257,216,Senegal,14,45 to 49,108223.20960343529,49
24258,216,Senegal,15,50 to 54,90017.39060780503,50
24258,216,Senegal,15,50 to 54,90017.39060780503,51
24258,216,Senegal,15,50 to 54,90017.39060780503,52
24258,216,Senegal,15,50 to 54,90017.39060780503,53
24258,216,Senegal,15,50 to 54,90017.39060780503,54
24259,216,Senegal,16,55 to 59,75809.78767390856,55
24259,216,Senegal,16,55 to 59,75809.78767390856,56
24259,216,Senegal,16,55 to 59,75809.78767390856,57
24259,216,Senegal,16,55 to 59,75809.78767390856,58
24259,216,Senegal,16,55 to 59,75809.78767390856,59
24260,216,Senegal,17,60 to 64,59454.99269830657,60
24260,216,Senegal,17,60 to 64,59454.99269830657,61
24260,216,Senegal,17,60 to 64,59454.99269830657,62
24260,216,Senegal,17,60 to 64,59454.99269830657,63
24260,216,Senegal,17,60 to 64,59454.99269830657,64
24261,216,Senegal,18,65 to 69,43489.06117534927,65
24261,216,Senegal,18,65 to 69,43489.06117534927,66
24261,216,Senegal,18,65 to 69,43489.06117534927,67
24261,216,Senegal,18,65 to 69,43489.06117534927,68
24261,216,Senegal,18,65 to 69,43489.06117534927,69
24262,216,Senegal,19,70 to 74,30448.56738904045,70
24262,216,Senegal,19,70 to 74,30448.56738904045,71
24262,216,Senegal,19,70 to 74,30448.56738904045,72
24262,216,Senegal,19,70 to 74,30448.56738904045,73
24262,216,Senegal,19,70 to 74,30448.56738904045,74
24263,216,Senegal,20,75 to 79,19748.67471977142,75
24263,216,Senegal,20,75 to 79,19748.67471977142,76
24263,216,Senegal,20,75 to 79,19748.67471977142,77
24263,216,Senegal,20,75 to 79,19748.67471977142,78
24263,216,Senegal,20,75 to 79,19748.67471977142,79
24271,216,Senegal,30,80 to 84,11573.627700180641,80
24271,216,Senegal,30,80 to 84,11573.627700180641,81
24271,216,Senegal,30,80 to 84,11573.627700180641,82
24271,216,Senegal,30,80 to 84,11573.627700180641,83
24271,216,Senegal,30,80 to 84,11573.627700180641,84
24272,216,Senegal,31,85 to 89,5252.44024862764,85
24272,216,Senegal,31,85 to 89,5252.44024862764,86
24272,216,Senegal,31,85 to 89,5252.44024862764,87
24272,216,Senegal,31,85 to 89,5252.44024862764,88
24272,216,Senegal,31,85 to 89,5252.44024862764,89
24273,216,Senegal,32,90 to 94,1780.714904589604,90
24273,216,Senegal,32,90 to 94,1780.714904589604,91
24273,216,Senegal,32,90 to 94,1780.714904589604,92
24273,216,Senegal,32,90 to 94,1780.714904589604,93
24273,216,Senegal,32,90 to 94,1780.714904589604,94
24281,216,Senegal,235,95 plus,347.1850717024511,95
24281,216,Senegal,235,95 plus,347.1850717024511,96
24281,216,Senegal,235,95 plus,347.1850717024511,97
24281,216,Senegal,235,95 plus,347.1850717024511,98
24281,216,Senegal,235,95 plus,347.1850717024511,99
24281,216,Senegal,235,95 plus,347.1850717024511,100
24368,217,Sierra Leone,11,30 to 34,117370.9944782557,30
24368,217,Sierra Leone,11,30 to 34,117370.9944782557,31
24368,217,Sierra Leone,11,30 to 34,117370.9944782557,32
24368,217,Sierra Leone,11,30 to 34,117370.9944782557,33
24368,217,Sierra Leone,11,30 to 34,117370.9944782557,34
24369,217,Sierra Leone,12,35 to 39,92031.84057389616,35
24369,217,Sierra Leone,12,35 to 39,92031.84057389616,36
24369,217,Sierra Leone,12,35 to 39,92031.84057389616,37
24369,217,Sierra Leone,12,35 to 39,92031.84057389616,38
24369,217,Sierra Leone,12,35 to 39,92031.84057389616,39
24370,217,Sierra Leone,13,40 to 44,74144.15852140158,40
24370,217,Sierra Leone,13,40 to 44,74144.15852140158,41
24370,217,Sierra Leone,13,40 to 44,74144.15852140158,42
24370,217,Sierra Leone,13,40 to 44,74144.15852140158,43
24370,217,Sierra Leone,13,40 to 44,74144.15852140158,44
24371,217,Sierra Leone,14,45 to 49,57489.202798261846,45
24371,217,Sierra Leone,14,45 to 49,57489.202798261846,46
24371,217,Sierra Leone,14,45 to 49,57489.202798261846,47
24371,217,Sierra Leone,14,45 to 49,57489.202798261846,48
24371,217,Sierra Leone,14,45 to 49,57489.202798261846,49
24372,217,Sierra Leone,15,50 to 54,44424.848292746676,50
24372,217,Sierra Leone,15,50 to 54,44424.848292746676,51
24372,217,Sierra Leone,15,50 to 54,44424.848292746676,52
24372,217,Sierra Leone,15,50 to 54,44424.848292746676,53
24372,217,Sierra Leone,15,50 to 54,44424.848292746676,54
24373,217,Sierra Leone,16,55 to 59,34269.5672216774,55
24373,217,Sierra Leone,16,55 to 59,34269.5672216774,56
24373,217,Sierra Leone,16,55 to 59,34269.5672216774,57
24373,217,Sierra Leone,16,55 to 59,34269.5672216774,58
24373,217,Sierra Leone,16,55 to 59,34269.5672216774,59
24374,217,Sierra Leone,17,60 to 64,26240.817140803847,60
24374,217,Sierra Leone,17,60 to 64,26240.817140803847,61
24374,217,Sierra Leone,17,60 to 64,26240.817140803847,62
24374,217,Sierra Leone,17,60 to 64,26240.817140803847,63
24374,217,Sierra Leone,17,60 to 64,26240.817140803847,64
24375,217,Sierra Leone,18,65 to 69,19787.95749463965,65
24375,217,Sierra Leone,18,65 to 69,19787.95749463965,66
24375,217,Sierra Leone,18,65 to 69,19787.95749463965,67
24375,217,Sierra Leone,18,65 to 69,19787.95749463965,68
24375,217,Sierra Leone,18,65 to 69,19787.95749463965,69
24376,217,Sierra Leone,19,70 to 74,14410.375547906448,70
24376,217,Sierra Leone,19,70 to 74,14410.375547906448,71
24376,217,Sierra Leone,19,70 to 74,14410.375547906448,72
24376,217,Sierra Leone,19,70 to 74,14410.375547906448,73
24376,217,Sierra Leone,19,70 to 74,14410.375547906448,74
24377,217,Sierra Leone,20,75 to 79,10093.18398697795,75
24377,217,Sierra Leone,20,75 to 79,10093.18398697795,76
24377,217,Sierra Leone,20,75 to 79,10093.18398697795,77
24377,217,Sierra Leone,20,75 to 79,10093.18398697795,78
24377,217,Sierra Leone,20,75 to 79,10093.18398697795,79
24385,217,Sierra Leone,30,80 to 84,5457.372292368422,80
24385,217,Sierra Leone,30,80 to 84,5457.372292368422,81
24385,217,Sierra Leone,30,80 to 84,5457.372292368422,82
24385,217,Sierra Leone,30,80 to 84,5457.372292368422,83
24385,217,Sierra Leone,30,80 to 84,5457.372292368422,84
24386,217,Sierra Leone,31,85 to 89,2198.6912707820634,85
24386,217,Sierra Leone,31,85 to 89,2198.6912707820634,86
24386,217,Sierra Leone,31,85 to 89,2198.6912707820634,87
24386,217,Sierra Leone,31,85 to 89,2198.6912707820634,88
24386,217,Sierra Leone,31,85 to 89,2198.6912707820634,89
24387,217,Sierra Leone,32,90 to 94,730.1882686307488,90
24387,217,Sierra Leone,32,90 to 94,730.1882686307488,91
24387,217,Sierra Leone,32,90 to 94,730.1882686307488,92
24387,217,Sierra Leone,32,90 to 94,730.1882686307488,93
24387,217,Sierra Leone,32,90 to 94,730.1882686307488,94
24395,217,Sierra Leone,235,95 plus,138.17500237863607,95
24395,217,Sierra Leone,235,95 plus,138.17500237863607,96
24395,217,Sierra Leone,235,95 plus,138.17500237863607,97
24395,217,Sierra Leone,235,95 plus,138.17500237863607,98
24395,217,Sierra Leone,235,95 plus,138.17500237863607,99
24395,217,Sierra Leone,235,95 plus,138.17500237863607,100
24482,218,Togo,11,30 to 34,112405.25652945395,30
24482,218,Togo,11,30 to 34,112405.25652945395,31
24482,218,Togo,11,30 to 34,112405.25652945395,32
24482,218,Togo,11,30 to 34,112405.25652945395,33
24482,218,Togo,11,30 to 34,112405.25652945395,34
24483,218,Togo,12,35 to 39,96833.67570989589,35
24483,218,Togo,12,35 to 39,96833.67570989589,36
24483,218,Togo,12,35 to 39,96833.67570989589,37
24483,218,Togo,12,35 to 39,96833.67570989589,38
24483,218,Togo,12,35 to 39,96833.67570989589,39
24484,218,Togo,13,40 to 44,81847.14742243265,40
24484,218,Togo,13,40 to 44,81847.14742243265,41
24484,218,Togo,13,40 to 44,81847.14742243265,42
24484,218,Togo,13,40 to 44,81847.14742243265,43
24484,218,Togo,13,40 to 44,81847.14742243265,44
24485,218,Togo,14,45 to 49,66593.84885906297,45
24485,218,Togo,14,45 to 49,66593.84885906297,46
24485,218,Togo,14,45 to 49,66593.84885906297,47
24485,218,Togo,14,45 to 49,66593.84885906297,48
24485,218,Togo,14,45 to 49,66593.84885906297,49
24486,218,Togo,15,50 to 54,52003.40362559079,50
24486,218,Togo,15,50 to 54,52003.40362559079,51
24486,218,Togo,15,50 to 54,52003.40362559079,52
24486,218,Togo,15,50 to 54,52003.40362559079,53
24486,218,Togo,15,50 to 54,52003.40362559079,54
24487,218,Togo,16,55 to 59,39582.90507517853,55
24487,218,Togo,16,55 to 59,39582.90507517853,56
24487,218,Togo,16,55 to 59,39582.90507517853,57
24487,218,Togo,16,55 to 59,39582.90507517853,58
24487,218,Togo,16,55 to 59,39582.90507517853,59
24488,218,Togo,17,60 to 64,28004.25023035861,60
24488,218,Togo,17,60 to 64,28004.25023035861,61
24488,218,Togo,17,60 to 64,28004.25023035861,62
24488,218,Togo,17,60 to 64,28004.25023035861,63
24488,218,Togo,17,60 to 64,28004.25023035861,64
24489,218,Togo,18,65 to 69,21105.827989449128,65
24489,218,Togo,18,65 to 69,21105.827989449128,66
24489,218,Togo,18,65 to 69,21105.827989449128,67
24489,218,Togo,18,65 to 69,21105.827989449128,68
24489,218,Togo,18,65 to 69,21105.827989449128,69
24490,218,Togo,19,70 to 74,13563.93498224297,70
24490,218,Togo,19,70 to 74,13563.93498224297,71
24490,218,Togo,19,70 to 74,13563.93498224297,72
24490,218,Togo,19,70 to 74,13563.93498224297,73
24490,218,Togo,19,70 to 74,13563.93498224297,74
24491,218,Togo,20,75 to 79,8392.505621130784,75
24491,218,Togo,20,75 to 79,8392.505621130784,76
24491,218,Togo,20,75 to 79,8392.505621130784,77
24491,218,Togo,20,75 to 79,8392.505621130784,78
24491,218,Togo,20,75 to 79,8392.505621130784,79
24499,218,Togo,30,80 to 84,3936.1753298355566,80
24499,218,Togo,30,80 to 84,3936.1753298355566,81
24499,218,Togo,30,80 to 84,3936.1753298355566,82
24499,218,Togo,30,80 to 84,3936.1753298355566,83
24499,218,Togo,30,80 to 84,3936.1753298355566,84
24500,218,Togo,31,85 to 89,1627.7710278894435,85
24500,218,Togo,31,85 to 89,1627.7710278894435,86
24500,218,Togo,31,85 to 89,1627.7710278894435,87
24500,218,Togo,31,85 to 89,1627.7710278894435,88
24500,218,Togo,31,85 to 89,1627.7710278894435,89
24501,218,Togo,32,90 to 94,477.37060267561753,90
24501,218,Togo,32,90 to 94,477.37060267561753,91
24501,218,Togo,32,90 to 94,477.37060267561753,92
24501,218,Togo,32,90 to 94,477.37060267561753,93
24501,218,Togo,32,90 to 94,477.37060267561753,94
24509,218,Togo,235,95 plus,96.0766011389534,95
24509,218,Togo,235,95 plus,96.0766011389534,96
24509,218,Togo,235,95 plus,96.0766011389534,97
24509,218,Togo,235,95 plus,96.0766011389534,98
24509,218,Togo,235,95 plus,96.0766011389534,99
24509,218,Togo,235,95 plus,96.0766011389534,100
25262,298,American Samoa,11,30 to 34,610.3543847808396,30
25262,298,American Samoa,11,30 to 34,610.3543847808396,31
25262,298,American Samoa,11,30 to 34,610.3543847808396,32
25262,298,American Samoa,11,30 to 34,610.3543847808396,33
25262,298,American Samoa,11,30 to 34,610.3543847808396,34
25263,298,American Samoa,12,35 to 39,611.954832348984,35
25263,298,American Samoa,12,35 to 39,611.954832348984,36
25263,298,American Samoa,12,35 to 39,611.954832348984,37
25263,298,American Samoa,12,35 to 39,611.954832348984,38
25263,298,American Samoa,12,35 to 39,611.954832348984,39
25264,298,American Samoa,13,40 to 44,642.3799593317508,40
25264,298,American Samoa,13,40 to 44,642.3799593317508,41
25264,298,American Samoa,13,40 to 44,642.3799593317508,42
25264,298,American Samoa,13,40 to 44,642.3799593317508,43
25264,298,American Samoa,13,40 to 44,642.3799593317508,44
25265,298,American Samoa,14,45 to 49,633.0582114934914,45
25265,298,American Samoa,14,45 to 49,633.0582114934914,46
25265,298,American Samoa,14,45 to 49,633.0582114934914,47
25265,298,American Samoa,14,45 to 49,633.0582114934914,48
25265,298,American Samoa,14,45 to 49,633.0582114934914,49
25266,298,American Samoa,15,50 to 54,632.4003175301303,50
25266,298,American Samoa,15,50 to 54,632.4003175301303,51
25266,298,American Samoa,15,50 to 54,632.4003175301303,52
25266,298,American Samoa,15,50 to 54,632.4003175301303,53
25266,298,American Samoa,15,50 to 54,632.4003175301303,54
25267,298,American Samoa,16,55 to 59,529.0145406985076,55
25267,298,American Samoa,16,55 to 59,529.0145406985076,56
25267,298,American Samoa,16,55 to 59,529.0145406985076,57
25267,298,American Samoa,16,55 to 59,529.0145406985076,58
25267,298,American Samoa,16,55 to 59,529.0145406985076,59
25268,298,American Samoa,17,60 to 64,399.02784104345466,60
25268,298,American Samoa,17,60 to 64,399.02784104345466,61
25268,298,American Samoa,17,60 to 64,399.02784104345466,62
25268,298,American Samoa,17,60 to 64,399.02784104345466,63
25268,298,American Samoa,17,60 to 64,399.02784104345466,64
25269,298,American Samoa,18,65 to 69,280.07179077726084,65
25269,298,American Samoa,18,65 to 69,280.07179077726084,66
25269,298,American Samoa,18,65 to 69,280.07179077726084,67
25269,298,American Samoa,18,65 to 69,280.07179077726084,68
25269,298,American Samoa,18,65 to 69,280.07179077726084,69
25270,298,American Samoa,19,70 to 74,192.34616454074313,70
25270,298,American Samoa,19,70 to 74,192.34616454074313,71
25270,298,American Samoa,19,70 to 74,192.34616454074313,72
25270,298,American Samoa,19,70 to 74,192.34616454074313,73
25270,298,American Samoa,19,70 to 74,192.34616454074313,74
25271,298,American Samoa,20,75 to 79,125.59283447015552,75
25271,298,American Samoa,20,75 to 79,125.59283447015552,76
25271,298,American Samoa,20,75 to 79,125.59283447015552,77
25271,298,American Samoa,20,75 to 79,125.59283447015552,78
25271,298,American Samoa,20,75 to 79,125.59283447015552,79
25279,298,American Samoa,30,80 to 84,77.5562602471584,80
25279,298,American Samoa,30,80 to 84,77.5562602471584,81
25279,298,American Samoa,30,80 to 84,77.5562602471584,82
25279,298,American Samoa,30,80 to 84,77.5562602471584,83
25279,298,American Samoa,30,80 to 84,77.5562602471584,84
25280,298,American Samoa,31,85 to 89,36.89466607864679,85
25280,298,American Samoa,31,85 to 89,36.89466607864679,86
25280,298,American Samoa,31,85 to 89,36.89466607864679,87
25280,298,American Samoa,31,85 to 89,36.89466607864679,88
25280,298,American Samoa,31,85 to 89,36.89466607864679,89
25281,298,American Samoa,32,90 to 94,13.164134319277247,90
25281,298,American Samoa,32,90 to 94,13.164134319277247,91
25281,298,American Samoa,32,90 to 94,13.164134319277247,92
25281,298,American Samoa,32,90 to 94,13.164134319277247,93
25281,298,American Samoa,32,90 to 94,13.164134319277247,94
25289,298,American Samoa,235,95 plus,2.699665786160466,95
25289,298,American Samoa,235,95 plus,2.699665786160466,96
25289,298,American Samoa,235,95 plus,2.699665786160466,97
25289,298,American Samoa,235,95 plus,2.699665786160466,98
25289,298,American Samoa,235,95 plus,2.699665786160466,99
25289,298,American Samoa,235,95 plus,2.699665786160466,100
25376,305,Bermuda,11,30 to 34,808.2547614949883,30
25376,305,Bermuda,11,30 to 34,808.2547614949883,31
25376,305,Bermuda,11,30 to 34,808.2547614949883,32
25376,305,Bermuda,11,30 to 34,808.2547614949883,33
25376,305,Bermuda,11,30 to 34,808.2547614949883,34
25377,305,Bermuda,12,35 to 39,912.3273915460059,35
25377,305,Bermuda,12,35 to 39,912.3273915460059,36
25377,305,Bermuda,12,35 to 39,912.3273915460059,37
25377,305,Bermuda,12,35 to 39,912.3273915460059,38
25377,305,Bermuda,12,35 to 39,912.3273915460059,39
25378,305,Bermuda,13,40 to 44,938.3619592178924,40
25378,305,Bermuda,13,40 to 44,938.3619592178924,41
25378,305,Bermuda,13,40 to 44,938.3619592178924,42
25378,305,Bermuda,13,40 to 44,938.3619592178924,43
25378,305,Bermuda,13,40 to 44,938.3619592178924,44
25379,305,Bermuda,14,45 to 49,980.4701600092146,45
25379,305,Bermuda,14,45 to 49,980.4701600092146,46
25379,305,Bermuda,14,45 to 49,980.4701600092146,47
25379,305,Bermuda,14,45 to 49,980.4701600092146,48
25379,305,Bermuda,14,45 to 49,980.4701600092146,49
25380,305,Bermuda,15,50 to 54,1019.8766156783573,50
25380,305,Bermuda,15,50 to 54,1019.8766156783573,51
25380,305,Bermuda,15,50 to 54,1019.8766156783573,52
25380,305,Bermuda,15,50 to 54,1019.8766156783573,53
25380,305,Bermuda,15,50 to 54,1019.8766156783573,54
25381,305,Bermuda,16,55 to 59,1059.5913396459653,55
25381,305,Bermuda,16,55 to 59,1059.5913396459653,56
25381,305,Bermuda,16,55 to 59,1059.5913396459653,57
25381,305,Bermuda,16,55 to 59,1059.5913396459653,58
25381,305,Bermuda,16,55 to 59,1059.5913396459653,59
25382,305,Bermuda,17,60 to 64,960.018026785509,60
25382,305,Bermuda,17,60 to 64,960.018026785509,61
25382,305,Bermuda,17,60 to 64,960.018026785509,62
25382,305,Bermuda,17,60 to 64,960.018026785509,63
25382,305,Bermuda,17,60 to 64,960.018026785509,64
25383,305,Bermuda,18,65 to 69,763.6269620617247,65
25383,305,Bermuda,18,65 to 69,763.6269620617247,66
25383,305,Bermuda,18,65 to 69,763.6269620617247,67
25383,305,Bermuda,18,65 to 69,763.6269620617247,68
25383,305,Bermuda,18,65 to 69,763.6269620617247,69
25384,305,Bermuda,19,70 to 74,608.9962666228957,70
25384,305,Bermuda,19,70 to 74,608.9962666228957,71
25384,305,Bermuda,19,70 to 74,608.9962666228957,72
25384,305,Bermuda,19,70 to 74,608.9962666228957,73
25384,305,Bermuda,19,70 to 74,608.9962666228957,74
25385,305,Bermuda,20,75 to 79,470.4596833584922,75
25385,305,Bermuda,20,75 to 79,470.4596833584922,76
25385,305,Bermuda,20,75 to 79,470.4596833584922,77
25385,305,Bermuda,20,75 to 79,470.4596833584922,78
25385,305,Bermuda,20,75 to 79,470.4596833584922,79
25393,305,Bermuda,30,80 to 84,324.86973172618104,80
25393,305,Bermuda,30,80 to 84,324.86973172618104,81
25393,305,Bermuda,30,80 to 84,324.86973172618104,82
25393,305,Bermuda,30,80 to 84,324.86973172618104,83
25393,305,Bermuda,30,80 to 84,324.86973172618104,84
25394,305,Bermuda,31,85 to 89,182.24365618634144,85
25394,305,Bermuda,31,85 to 89,182.24365618634144,86
25394,305,Bermuda,31,85 to 89,182.24365618634144,87
25394,305,Bermuda,31,85 to 89,182.24365618634144,88
25394,305,Bermuda,31,85 to 89,182.24365618634144,89
25395,305,Bermuda,32,90 to 94,79.18014528269522,90
25395,305,Bermuda,32,90 to 94,79.18014528269522,91
25395,305,Bermuda,32,90 to 94,79.18014528269522,92
25395,305,Bermuda,32,90 to 94,79.18014528269522,93
25395,305,Bermuda,32,90 to 94,79.18014528269522,94
25403,305,Bermuda,235,95 plus,22.339946030324672,95
25403,305,Bermuda,235,95 plus,22.339946030324672,96
25403,305,Bermuda,235,95 plus,22.339946030324672,97
25403,305,Bermuda,235,95 plus,22.339946030324672,98
25403,305,Bermuda,235,95 plus,22.339946030324672,99
25403,305,Bermuda,235,95 plus,22.339946030324672,100
25490,320,Cook Islands,11,30 to 34,214.09947934527554,30
25490,320,Cook Islands,11,30 to 34,214.09947934527554,31
25490,320,Cook Islands,11,30 to 34,214.09947934527554,32
25490,320,Cook Islands,11,30 to 34,214.09947934527554,33
25490,320,Cook Islands,11,30 to 34,214.09947934527554,34
25491,320,Cook Islands,12,35 to 39,206.10171361498865,35
25491,320,Cook Islands,12,35 to 39,206.10171361498865,36
25491,320,Cook Islands,12,35 to 39,206.10171361498865,37
25491,320,Cook Islands,12,35 to 39,206.10171361498865,38
25491,320,Cook Islands,12,35 to 39,206.10171361498865,39
25492,320,Cook Islands,13,40 to 44,219.80223561344428,40
25492,320,Cook Islands,13,40 to 44,219.80223561344428,41
25492,320,Cook Islands,13,40 to 44,219.80223561344428,42
25492,320,Cook Islands,13,40 to 44,219.80223561344428,43
25492,320,Cook Islands,13,40 to 44,219.80223561344428,44
25493,320,Cook Islands,14,45 to 49,233.9317196729991,45
25493,320,Cook Islands,14,45 to 49,233.9317196729991,46
25493,320,Cook Islands,14,45 to 49,233.9317196729991,47
25493,320,Cook Islands,14,45 to 49,233.9317196729991,48
25493,320,Cook Islands,14,45 to 49,233.9317196729991,49
25494,320,Cook Islands,15,50 to 54,233.54484124952074,50
25494,320,Cook Islands,15,50 to 54,233.54484124952074,51
25494,320,Cook Islands,15,50 to 54,233.54484124952074,52
25494,320,Cook Islands,15,50 to 54,233.54484124952074,53
25494,320,Cook Islands,15,50 to 54,233.54484124952074,54
25495,320,Cook Islands,16,55 to 59,267.6085771544368,55
25495,320,Cook Islands,16,55 to 59,267.6085771544368,56
25495,320,Cook Islands,16,55 to 59,267.6085771544368,57
25495,320,Cook Islands,16,55 to 59,267.6085771544368,58
25495,320,Cook Islands,16,55 to 59,267.6085771544368,59
25496,320,Cook Islands,17,60 to 64,171.23716968641568,60
25496,320,Cook Islands,17,60 to 64,171.23716968641568,61
25496,320,Cook Islands,17,60 to 64,171.23716968641568,62
25496,320,Cook Islands,17,60 to 64,171.23716968641568,63
25496,320,Cook Islands,17,60 to 64,171.23716968641568,64
25497,320,Cook Islands,18,65 to 69,177.19144675344893,65
25497,320,Cook Islands,18,65 to 69,177.19144675344893,66
25497,320,Cook Islands,18,65 to 69,177.19144675344893,67
25497,320,Cook Islands,18,65 to 69,177.19144675344893,68
25497,320,Cook Islands,18,65 to 69,177.19144675344893,69
25498,320,Cook Islands,19,70 to 74,87.33728748556163,70
25498,320,Cook Islands,19,70 to 74,87.33728748556163,71
25498,320,Cook Islands,19,70 to 74,87.33728748556163,72
25498,320,Cook Islands,19,70 to 74,87.33728748556163,73
25498,320,Cook Islands,19,70 to 74,87.33728748556163,74
25499,320,Cook Islands,20,75 to 79,101.10615560451794,75
25499,320,Cook Islands,20,75 to 79,101.10615560451794,76
25499,320,Cook Islands,20,75 to 79,101.10615560451794,77
25499,320,Cook Islands,20,75 to 79,101.10615560451794,78
25499,320,Cook Islands,20,75 to 79,101.10615560451794,79
25507,320,Cook Islands,30,80 to 84,49.45955698729705,80
25507,320,Cook Islands,30,80 to 84,49.45955698729705,81
25507,320,Cook Islands,30,80 to 84,49.45955698729705,82
25507,320,Cook Islands,30,80 to 84,49.45955698729705,83
25507,320,Cook Islands,30,80 to 84,49.45955698729705,84
25508,320,Cook Islands,31,85 to 89,29.251042653119924,85
25508,320,Cook Islands,31,85 to 89,29.251042653119924,86
25508,320,Cook Islands,31,85 to 89,29.251042653119924,87
25508,320,Cook Islands,31,85 to 89,29.251042653119924,88
25508,320,Cook Islands,31,85 to 89,29.251042653119924,89
25509,320,Cook Islands,32,90 to 94,8.810010953135912,90
25509,320,Cook Islands,32,90 to 94,8.810010953135912,91
25509,320,Cook Islands,32,90 to 94,8.810010953135912,92
25509,320,Cook Islands,32,90 to 94,8.810010953135912,93
25509,320,Cook Islands,32,90 to 94,8.810010953135912,94
25517,320,Cook Islands,235,95 plus,1.9780499008436727,95
25517,320,Cook Islands,235,95 plus,1.9780499008436727,96
25517,320,Cook Islands,235,95 plus,1.9780499008436727,97
25517,320,Cook Islands,235,95 plus,1.9780499008436727,98
25517,320,Cook Islands,235,95 plus,1.9780499008436727,99
25517,320,Cook Islands,235,95 plus,1.9780499008436727,100
25604,349,Greenland,11,30 to 34,852.4052143092398,30
25604,349,Greenland,11,30 to 34,852.4052143092398,31
25604,349,Greenland,11,30 to 34,852.4052143092398,32
25604,349,Greenland,11,30 to 34,852.4052143092398,33
25604,349,Greenland,11,30 to 34,852.4052143092398,34
25605,349,Greenland,12,35 to 39,755.2247636590066,35
25605,349,Greenland,12,35 to 39,755.2247636590066,36
25605,349,Greenland,12,35 to 39,755.2247636590066,37
25605,349,Greenland,12,35 to 39,755.2247636590066,38
25605,349,Greenland,12,35 to 39,755.2247636590066,39
25606,349,Greenland,13,40 to 44,591.5345328367619,40
25606,349,Greenland,13,40 to 44,591.5345328367619,41
25606,349,Greenland,13,40 to 44,591.5345328367619,42
25606,349,Greenland,13,40 to 44,591.5345328367619,43
25606,349,Greenland,13,40 to 44,591.5345328367619,44
25607,349,Greenland,14,45 to 49,652.7796716058177,45
25607,349,Greenland,14,45 to 49,652.7796716058177,46
25607,349,Greenland,14,45 to 49,652.7796716058177,47
25607,349,Greenland,14,45 to 49,652.7796716058177,48
25607,349,Greenland,14,45 to 49,652.7796716058177,49
25608,349,Greenland,15,50 to 54,1011.8891725717409,50
25608,349,Greenland,15,50 to 54,1011.8891725717409,51
25608,349,Greenland,15,50 to 54,1011.8891725717409,52
25608,349,Greenland,15,50 to 54,1011.8891725717409,53
25608,349,Greenland,15,50 to 54,1011.8891725717409,54
25609,349,Greenland,16,55 to 59,888.3164804588885,55
25609,349,Greenland,16,55 to 59,888.3164804588885,56
25609,349,Greenland,16,55 to 59,888.3164804588885,57
25609,349,Greenland,16,55 to 59,888.3164804588885,58
25609,349,Greenland,16,55 to 59,888.3164804588885,59
25610,349,Greenland,17,60 to 64,651.5078714094459,60
25610,349,Greenland,17,60 to 64,651.5078714094459,61
25610,349,Greenland,17,60 to 64,651.5078714094459,62
25610,349,Greenland,17,60 to 64,651.5078714094459,63
25610,349,Greenland,17,60 to 64,651.5078714094459,64
25611,349,Greenland,18,65 to 69,411.2063217184488,65
25611,349,Greenland,18,65 to 69,411.2063217184488,66
25611,349,Greenland,18,65 to 69,411.2063217184488,67
25611,349,Greenland,18,65 to 69,411.2063217184488,68
25611,349,Greenland,18,65 to 69,411.2063217184488,69
25612,349,Greenland,19,70 to 74,269.0151485922091,70
25612,349,Greenland,19,70 to 74,269.0151485922091,71
25612,349,Greenland,19,70 to 74,269.0151485922091,72
25612,349,Greenland,19,70 to 74,269.0151485922091,73
25612,349,Greenland,19,70 to 74,269.0151485922091,74
25613,349,Greenland,20,75 to 79,183.9760259779195,75
25613,349,Greenland,20,75 to 79,183.9760259779195,76
25613,349,Greenland,20,75 to 79,183.9760259779195,77
25613,349,Greenland,20,75 to 79,183.9760259779195,78
25613,349,Greenland,20,75 to 79,183.9760259779195,79
25621,349,Greenland,30,80 to 84,99.83285795031131,80
25621,349,Greenland,30,80 to 84,99.83285795031131,81
25621,349,Greenland,30,80 to 84,99.83285795031131,82
25621,349,Greenland,30,80 to 84,99.83285795031131,83
25621,349,Greenland,30,80 to 84,99.83285795031131,84
25622,349,Greenland,31,85 to 89,53.7901626033822,85
25622,349,Greenland,31,85 to 89,53.7901626033822,86
25622,349,Greenland,31,85 to 89,53.7901626033822,87
25622,349,Greenland,31,85 to 89,53.7901626033822,88
25622,349,Greenland,31,85 to 89,53.7901626033822,89
25623,349,Greenland,32,90 to 94,16.57115802314094,90
25623,349,Greenland,32,90 to 94,16.57115802314094,91
25623,349,Greenland,32,90 to 94,16.57115802314094,92
25623,349,Greenland,32,90 to 94,16.57115802314094,93
25623,349,Greenland,32,90 to 94,16.57115802314094,94
25631,349,Greenland,235,95 plus,2.592207750183487,95
25631,349,Greenland,235,95 plus,2.592207750183487,96
25631,349,Greenland,235,95 plus,2.592207750183487,97
25631,349,Greenland,235,95 plus,2.592207750183487,98
25631,349,Greenland,235,95 plus,2.592207750183487,99
25631,349,Greenland,235,95 plus,2.592207750183487,100
25718,351,Guam,11,30 to 34,2148.047581154286,30
25718,351,Guam,11,30 to 34,2148.047581154286,31
25718,351,Guam,11,30 to 34,2148.047581154286,32
25718,351,Guam,11,30 to 34,2148.047581154286,33
25718,351,Guam,11,30 to 34,2148.047581154286,34
25719,351,Guam,12,35 to 39,1983.0950302727215,35
25719,351,Guam,12,35 to 39,1983.0950302727215,36
25719,351,Guam,12,35 to 39,1983.0950302727215,37
25719,351,Guam,12,35 to 39,1983.0950302727215,38
25719,351,Guam,12,35 to 39,1983.0950302727215,39
25720,351,Guam,13,40 to 44,1953.2367848878548,40
25720,351,Guam,13,40 to 44,1953.2367848878548,41
25720,351,Guam,13,40 to 44,1953.2367848878548,42
25720,351,Guam,13,40 to 44,1953.2367848878548,43
25720,351,Guam,13,40 to 44,1953.2367848878548,44
25721,351,Guam,14,45 to 49,2159.2809222107558,45
25721,351,Guam,14,45 to 49,2159.2809222107558,46
25721,351,Guam,14,45 to 49,2159.2809222107558,47
25721,351,Guam,14,45 to 49,2159.2809222107558,48
25721,351,Guam,14,45 to 49,2159.2809222107558,49
25722,351,Guam,15,50 to 54,2135.3234514863493,50
25722,351,Guam,15,50 to 54,2135.3234514863493,51
25722,351,Guam,15,50 to 54,2135.3234514863493,52
25722,351,Guam,15,50 to 54,2135.3234514863493,53
25722,351,Guam,15,50 to 54,2135.3234514863493,54
25723,351,Guam,16,55 to 59,1897.3535817744207,55
25723,351,Guam,16,55 to 59,1897.3535817744207,56
25723,351,Guam,16,55 to 59,1897.3535817744207,57
25723,351,Guam,16,55 to 59,1897.3535817744207,58
25723,351,Guam,16,55 to 59,1897.3535817744207,59
25724,351,Guam,17,60 to 64,1529.2488262593174,60
25724,351,Guam,17,60 to 64,1529.2488262593174,61
25724,351,Guam,17,60 to 64,1529.2488262593174,62
25724,351,Guam,17,60 to 64,1529.2488262593174,63
25724,351,Guam,17,60 to 64,1529.2488262593174,64
25725,351,Guam,18,65 to 69,1177.2581030915758,65
25725,351,Guam,18,65 to 69,1177.2581030915758,66
25725,351,Guam,18,65 to 69,1177.2581030915758,67
25725,351,Guam,18,65 to 69,1177.2581030915758,68
25725,351,Guam,18,65 to 69,1177.2581030915758,69
25726,351,Guam,19,70 to 74,865.015484663797,70
25726,351,Guam,19,70 to 74,865.015484663797,71
25726,351,Guam,19,70 to 74,865.015484663797,72
25726,351,Guam,19,70 to 74,865.015484663797,73
25726,351,Guam,19,70 to 74,865.015484663797,74
25727,351,Guam,20,75 to 79,484.9224586162577,75
25727,351,Guam,20,75 to 79,484.9224586162577,76
25727,351,Guam,20,75 to 79,484.9224586162577,77
25727,351,Guam,20,75 to 79,484.9224586162577,78
25727,351,Guam,20,75 to 79,484.9224586162577,79
25735,351,Guam,30,80 to 84,355.5765096013082,80
25735,351,Guam,30,80 to 84,355.5765096013082,81
25735,351,Guam,30,80 to 84,355.5765096013082,82
25735,351,Guam,30,80 to 84,355.5765096013082,83
25735,351,Guam,30,80 to 84,355.5765096013082,84
25736,351,Guam,31,85 to 89,208.51899300563204,85
25736,351,Guam,31,85 to 89,208.51899300563204,86
25736,351,Guam,31,85 to 89,208.51899300563204,87
25736,351,Guam,31,85 to 89,208.51899300563204,88
25736,351,Guam,31,85 to 89,208.51899300563204,89
25737,351,Guam,32,90 to 94,104.75505535453999,90
25737,351,Guam,32,90 to 94,104.75505535453999,91
25737,351,Guam,32,90 to 94,104.75505535453999,92
25737,351,Guam,32,90 to 94,104.75505535453999,93
25737,351,Guam,32,90 to 94,104.75505535453999,94
25745,351,Guam,235,95 plus,35.96280630870525,95
25745,351,Guam,235,95 plus,35.96280630870525,96
25745,351,Guam,235,95 plus,35.96280630870525,97
25745,351,Guam,235,95 plus,35.96280630870525,98
25745,351,Guam,235,95 plus,35.96280630870525,99
25745,351,Guam,235,95 plus,35.96280630870525,100
25832,367,Monaco,11,30 to 34,372.22980084064403,30
25832,367,Monaco,11,30 to 34,372.22980084064403,31
25832,367,Monaco,11,30 to 34,372.22980084064403,32
25832,367,Monaco,11,30 to 34,372.22980084064403,33
25832,367,Monaco,11,30 to 34,372.22980084064403,34
25833,367,Monaco,12,35 to 39,408.48117854554056,35
25833,367,Monaco,12,35 to 39,408.48117854554056,36
25833,367,Monaco,12,35 to 39,408.48117854554056,37
25833,367,Monaco,12,35 to 39,408.48117854554056,38
25833,367,Monaco,12,35 to 39,408.48117854554056,39
25834,367,Monaco,13,40 to 44,455.75443643496027,40
25834,367,Monaco,13,40 to 44,455.75443643496027,41
25834,367,Monaco,13,40 to 44,455.75443643496027,42
25834,367,Monaco,13,40 to 44,455.75443643496027,43
25834,367,Monaco,13,40 to 44,455.75443643496027,44
25835,367,Monaco,14,45 to 49,538.6525014708402,45
25835,367,Monaco,14,45 to 49,538.6525014708402,46
25835,367,Monaco,14,45 to 49,538.6525014708402,47
25835,367,Monaco,14,45 to 49,538.6525014708402,48
25835,367,Monaco,14,45 to 49,538.6525014708402,49
25836,367,Monaco,15,50 to 54,640.7320242304692,50
25836,367,Monaco,15,50 to 54,640.7320242304692,51
25836,367,Monaco,15,50 to 54,640.7320242304692,52
25836,367,Monaco,15,50 to 54,640.7320242304692,53
25836,367,Monaco,15,50 to 54,640.7320242304692,54
25837,367,Monaco,16,55 to 59,611.268540205597,55
25837,367,Monaco,16,55 to 59,611.268540205597,56
25837,367,Monaco,16,55 to 59,611.268540205597,57
25837,367,Monaco,16,55 to 59,611.268540205597,58
25837,367,Monaco,16,55 to 59,611.268540205597,59
25838,367,Monaco,17,60 to 64,549.1895341375555,60
25838,367,Monaco,17,60 to 64,549.1895341375555,61
25838,367,Monaco,17,60 to 64,549.1895341375555,62
25838,367,Monaco,17,60 to 64,549.1895341375555,63
25838,367,Monaco,17,60 to 64,549.1895341375555,64
25839,367,Monaco,18,65 to 69,474.1856378249504,65
25839,367,Monaco,18,65 to 69,474.1856378249504,66
25839,367,Monaco,18,65 to 69,474.1856378249504,67
25839,367,Monaco,18,65 to 69,474.1856378249504,68
25839,367,Monaco,18,65 to 69,474.1856378249504,69
25840,367,Monaco,19,70 to 74,515.0225270968984,70
25840,367,Monaco,19,70 to 74,515.0225270968984,71
25840,367,Monaco,19,70 to 74,515.0225270968984,72
25840,367,Monaco,19,70 to 74,515.0225270968984,73
25840,367,Monaco,19,70 to 74,515.0225270968984,74
25841,367,Monaco,20,75 to 79,363.36797990695356,75
25841,367,Monaco,20,75 to 79,363.36797990695356,76
25841,367,Monaco,20,75 to 79,363.36797990695356,77
25841,367,Monaco,20,75 to 79,363.36797990695356,78
25841,367,Monaco,20,75 to 79,363.36797990695356,79
25849,367,Monaco,30,80 to 84,247.2687518439797,80
25849,367,Monaco,30,80 to 84,247.2687518439797,81
25849,367,Monaco,30,80 to 84,247.2687518439797,82
25849,367,Monaco,30,80 to 84,247.2687518439797,83
25849,367,Monaco,30,80 to 84,247.2687518439797,84
25850,367,Monaco,31,85 to 89,155.68197419505023,85
25850,367,Monaco,31,85 to 89,155.68197419505023,86
25850,367,Monaco,31,85 to 89,155.68197419505023,87
25850,367,Monaco,31,85 to 89,155.68197419505023,88
25850,367,Monaco,31,85 to 89,155.68197419505023,89
25851,367,Monaco,32,90 to 94,80.42984621959393,90
25851,367,Monaco,32,90 to 94,80.42984621959393,91
25851,367,Monaco,32,90 to 94,80.42984621959393,92
25851,367,Monaco,32,90 to 94,80.42984621959393,93
25851,367,Monaco,32,90 to 94,80.42984621959393,94
25859,367,Monaco,235,95 plus,27.58142365653744,95
25859,367,Monaco,235,95 plus,27.58142365653744,96
25859,367,Monaco,235,95 plus,27.58142365653744,97
25859,367,Monaco,235,95 plus,27.58142365653744,98
25859,367,Monaco,235,95 plus,27.58142365653744,99
25859,367,Monaco,235,95 plus,27.58142365653744,100
25946,369,Nauru,11,30 to 34,164.71473059327317,30
25946,369,Nauru,11,30 to 34,164.71473059327317,31
25946,369,Nauru,11,30 to 34,164.71473059327317,32
25946,369,Nauru,11,30 to 34,164.71473059327317,33
25946,369,Nauru,11,30 to 34,164.71473059327317,34
25947,369,Nauru,12,35 to 39,142.10098209969436,35
25947,369,Nauru,12,35 to 39,142.10098209969436,36
25947,369,Nauru,12,35 to 39,142.10098209969436,37
25947,369,Nauru,12,35 to 39,142.10098209969436,38
25947,369,Nauru,12,35 to 39,142.10098209969436,39
25948,369,Nauru,13,40 to 44,116.96001749598352,40
25948,369,Nauru,13,40 to 44,116.96001749598352,41
25948,369,Nauru,13,40 to 44,116.96001749598352,42
25948,369,Nauru,13,40 to 44,116.96001749598352,43
25948,369,Nauru,13,40 to 44,116.96001749598352,44
25949,369,Nauru,14,45 to 49,94.90274196592462,45
25949,369,Nauru,14,45 to 49,94.90274196592462,46
25949,369,Nauru,14,45 to 49,94.90274196592462,47
25949,369,Nauru,14,45 to 49,94.90274196592462,48
25949,369,Nauru,14,45 to 49,94.90274196592462,49
25950,369,Nauru,15,50 to 54,73.65847279333117,50
25950,369,Nauru,15,50 to 54,73.65847279333117,51
25950,369,Nauru,15,50 to 54,73.65847279333117,52
25950,369,Nauru,15,50 to 54,73.65847279333117,53
25950,369,Nauru,15,50 to 54,73.65847279333117,54
25951,369,Nauru,16,55 to 59,56.84958569818671,55
25951,369,Nauru,16,55 to 59,56.84958569818671,56
25951,369,Nauru,16,55 to 59,56.84958569818671,57
25951,369,Nauru,16,55 to 59,56.84958569818671,58
25951,369,Nauru,16,55 to 59,56.84958569818671,59
25952,369,Nauru,17,60 to 64,38.55047456423372,60
25952,369,Nauru,17,60 to 64,38.55047456423372,61
25952,369,Nauru,17,60 to 64,38.55047456423372,62
25952,369,Nauru,17,60 to 64,38.55047456423372,63
25952,369,Nauru,17,60 to 64,38.55047456423372,64
25953,369,Nauru,18,65 to 69,17.605916219365287,65
25953,369,Nauru,18,65 to 69,17.605916219365287,66
25953,369,Nauru,18,65 to 69,17.605916219365287,67
25953,369,Nauru,18,65 to 69,17.605916219365287,68
25953,369,Nauru,18,65 to 69,17.605916219365287,69
25954,369,Nauru,19,70 to 74,8.70135560097561,70
25954,369,Nauru,19,70 to 74,8.70135560097561,71
25954,369,Nauru,19,70 to 74,8.70135560097561,72
25954,369,Nauru,19,70 to 74,8.70135560097561,73
25954,369,Nauru,19,70 to 74,8.70135560097561,74
25955,369,Nauru,20,75 to 79,4.436742402668438,75
25955,369,Nauru,20,75 to 79,4.436742402668438,76
25955,369,Nauru,20,75 to 79,4.436742402668438,77
25955,369,Nauru,20,75 to 79,4.436742402668438,78
25955,369,Nauru,20,75 to 79,4.436742402668438,79
25963,369,Nauru,30,80 to 84,1.8271959332146754,80
25963,369,Nauru,30,80 to 84,1.8271959332146754,81
25963,369,Nauru,30,80 to 84,1.8271959332146754,82
25963,369,Nauru,30,80 to 84,1.8271959332146754,83
25963,369,Nauru,30,80 to 84,1.8271959332146754,84
25964,369,Nauru,31,85 to 89,0.729120842097928,85
25964,369,Nauru,31,85 to 89,0.729120842097928,86
25964,369,Nauru,31,85 to 89,0.729120842097928,87
25964,369,Nauru,31,85 to 89,0.729120842097928,88
25964,369,Nauru,31,85 to 89,0.729120842097928,89
25965,369,Nauru,32,90 to 94,0.2283405396854598,90
25965,369,Nauru,32,90 to 94,0.2283405396854598,91
25965,369,Nauru,32,90 to 94,0.2283405396854598,92
25965,369,Nauru,32,90 to 94,0.2283405396854598,93
25965,369,Nauru,32,90 to 94,0.2283405396854598,94
25973,369,Nauru,235,95 plus,0.03690833830803658,95
25973,369,Nauru,235,95 plus,0.03690833830803658,96
25973,369,Nauru,235,95 plus,0.03690833830803658,97
25973,369,Nauru,235,95 plus,0.03690833830803658,98
25973,369,Nauru,235,95 plus,0.03690833830803658,99
25973,369,Nauru,235,95 plus,0.03690833830803658,100
26060,374,Niue,11,30 to 34,19.45996400377276,30
26060,374,Niue,11,30 to 34,19.45996400377276,31
26060,374,Niue,11,30 to 34,19.45996400377276,32
26060,374,Niue,11,30 to 34,19.45996400377276,33
26060,374,Niue,11,30 to 34,19.45996400377276,34
26061,374,Niue,12,35 to 39,20.658037409713494,35
26061,374,Niue,12,35 to 39,20.658037409713494,36
26061,374,Niue,12,35 to 39,20.658037409713494,37
26061,374,Niue,12,35 to 39,20.658037409713494,38
26061,374,Niue,12,35 to 39,20.658037409713494,39
26062,374,Niue,13,40 to 44,20.923422730162017,40
26062,374,Niue,13,40 to 44,20.923422730162017,41
26062,374,Niue,13,40 to 44,20.923422730162017,42
26062,374,Niue,13,40 to 44,20.923422730162017,43
26062,374,Niue,13,40 to 44,20.923422730162017,44
26063,374,Niue,14,45 to 49,21.130070185586536,45
26063,374,Niue,14,45 to 49,21.130070185586536,46
26063,374,Niue,14,45 to 49,21.130070185586536,47
26063,374,Niue,14,45 to 49,21.130070185586536,48
26063,374,Niue,14,45 to 49,21.130070185586536,49
26064,374,Niue,15,50 to 54,22.588649116380097,50
26064,374,Niue,15,50 to 54,22.588649116380097,51
26064,374,Niue,15,50 to 54,22.588649116380097,52
26064,374,Niue,15,50 to 54,22.588649116380097,53
26064,374,Niue,15,50 to 54,22.588649116380097,54
26065,374,Niue,16,55 to 59,22.26420129733572,55
26065,374,Niue,16,55 to 59,22.26420129733572,56
26065,374,Niue,16,55 to 59,22.26420129733572,57
26065,374,Niue,16,55 to 59,22.26420129733572,58
26065,374,Niue,16,55 to 59,22.26420129733572,59
26066,374,Niue,17,60 to 64,17.90225997494938,60
26066,374,Niue,17,60 to 64,17.90225997494938,61
26066,374,Niue,17,60 to 64,17.90225997494938,62
26066,374,Niue,17,60 to 64,17.90225997494938,63
26066,374,Niue,17,60 to 64,17.90225997494938,64
26067,374,Niue,18,65 to 69,12.191676015240713,65
26067,374,Niue,18,65 to 69,12.191676015240713,66
26067,374,Niue,18,65 to 69,12.191676015240713,67
26067,374,Niue,18,65 to 69,12.191676015240713,68
26067,374,Niue,18,65 to 69,12.191676015240713,69
26068,374,Niue,19,70 to 74,9.189437359582053,70
26068,374,Niue,19,70 to 74,9.189437359582053,71
26068,374,Niue,19,70 to 74,9.189437359582053,72
26068,374,Niue,19,70 to 74,9.189437359582053,73
26068,374,Niue,19,70 to 74,9.189437359582053,74
26069,374,Niue,20,75 to 79,7.052926399749801,75
26069,374,Niue,20,75 to 79,7.052926399749801,76
26069,374,Niue,20,75 to 79,7.052926399749801,77
26069,374,Niue,20,75 to 79,7.052926399749801,78
26069,374,Niue,20,75 to 79,7.052926399749801,79
26077,374,Niue,30,80 to 84,4.896187642043527,80
26077,374,Niue,30,80 to 84,4.896187642043527,81
26077,374,Niue,30,80 to 84,4.896187642043527,82
26077,374,Niue,30,80 to 84,4.896187642043527,83
26077,374,Niue,30,80 to 84,4.896187642043527,84
26078,374,Niue,31,85 to 89,2.6825931214291123,85
26078,374,Niue,31,85 to 89,2.6825931214291123,86
26078,374,Niue,31,85 to 89,2.6825931214291123,87
26078,374,Niue,31,85 to 89,2.6825931214291123,88
26078,374,Niue,31,85 to 89,2.6825931214291123,89
26079,374,Niue,32,90 to 94,0.9469483689414513,90
26079,374,Niue,32,90 to 94,0.9469483689414513,91
26079,374,Niue,32,90 to 94,0.9469483689414513,92
26079,374,Niue,32,90 to 94,0.9469483689414513,93
26079,374,Niue,32,90 to 94,0.9469483689414513,94
26087,374,Niue,235,95 plus,0.17352409516981826,95
26087,374,Niue,235,95 plus,0.17352409516981826,96
26087,374,Niue,235,95 plus,0.17352409516981826,97
26087,374,Niue,235,95 plus,0.17352409516981826,98
26087,374,Niue,235,95 plus,0.17352409516981826,99
26087,374,Niue,235,95 plus,0.17352409516981826,100
26174,376,Northern Mariana Islands,11,30 to 34,327.54852443720506,30
26174,376,Northern Mariana Islands,11,30 to 34,327.54852443720506,31
26174,376,Northern Mariana Islands,11,30 to 34,327.54852443720506,32
26174,376,Northern Mariana Islands,11,30 to 34,327.54852443720506,33
26174,376,Northern Mariana Islands,11,30 to 34,327.54852443720506,34
26175,376,Northern Mariana Islands,12,35 to 39,330.141213571429,35
26175,376,Northern Mariana Islands,12,35 to 39,330.141213571429,36
26175,376,Northern Mariana Islands,12,35 to 39,330.141213571429,37
26175,376,Northern Mariana Islands,12,35 to 39,330.141213571429,38
26175,376,Northern Mariana Islands,12,35 to 39,330.141213571429,39
26176,376,Northern Mariana Islands,13,40 to 44,615.4502968534385,40
26176,376,Northern Mariana Islands,13,40 to 44,615.4502968534385,41
26176,376,Northern Mariana Islands,13,40 to 44,615.4502968534385,42
26176,376,Northern Mariana Islands,13,40 to 44,615.4502968534385,43
26176,376,Northern Mariana Islands,13,40 to 44,615.4502968534385,44
26177,376,Northern Mariana Islands,14,45 to 49,696.2997893628745,45
26177,376,Northern Mariana Islands,14,45 to 49,696.2997893628745,46
26177,376,Northern Mariana Islands,14,45 to 49,696.2997893628745,47
26177,376,Northern Mariana Islands,14,45 to 49,696.2997893628745,48
26177,376,Northern Mariana Islands,14,45 to 49,696.2997893628745,49
26178,376,Northern Mariana Islands,15,50 to 54,913.8292653586332,50
26178,376,Northern Mariana Islands,15,50 to 54,913.8292653586332,51
26178,376,Northern Mariana Islands,15,50 to 54,913.8292653586332,52
26178,376,Northern Mariana Islands,15,50 to 54,913.8292653586332,53
26178,376,Northern Mariana Islands,15,50 to 54,913.8292653586332,54
26179,376,Northern Mariana Islands,16,55 to 59,771.8703101853098,55
26179,376,Northern Mariana Islands,16,55 to 59,771.8703101853098,56
26179,376,Northern Mariana Islands,16,55 to 59,771.8703101853098,57
26179,376,Northern Mariana Islands,16,55 to 59,771.8703101853098,58
26179,376,Northern Mariana Islands,16,55 to 59,771.8703101853098,59
26180,376,Northern Mariana Islands,17,60 to 64,546.5210004249029,60
26180,376,Northern Mariana Islands,17,60 to 64,546.5210004249029,61
26180,376,Northern Mariana Islands,17,60 to 64,546.5210004249029,62
26180,376,Northern Mariana Islands,17,60 to 64,546.5210004249029,63
26180,376,Northern Mariana Islands,17,60 to 64,546.5210004249029,64
26181,376,Northern Mariana Islands,18,65 to 69,376.5475518053013,65
26181,376,Northern Mariana Islands,18,65 to 69,376.5475518053013,66
26181,376,Northern Mariana Islands,18,65 to 69,376.5475518053013,67
26181,376,Northern Mariana Islands,18,65 to 69,376.5475518053013,68
26181,376,Northern Mariana Islands,18,65 to 69,376.5475518053013,69
26182,376,Northern Mariana Islands,19,70 to 74,132.9786578582876,70
26182,376,Northern Mariana Islands,19,70 to 74,132.9786578582876,71
26182,376,Northern Mariana Islands,19,70 to 74,132.9786578582876,72
26182,376,Northern Mariana Islands,19,70 to 74,132.9786578582876,73
26182,376,Northern Mariana Islands,19,70 to 74,132.9786578582876,74
26183,376,Northern Mariana Islands,20,75 to 79,103.83445895424629,75
26183,376,Northern Mariana Islands,20,75 to 79,103.83445895424629,76
26183,376,Northern Mariana Islands,20,75 to 79,103.83445895424629,77
26183,376,Northern Mariana Islands,20,75 to 79,103.83445895424629,78
26183,376,Northern Mariana Islands,20,75 to 79,103.83445895424629,79
26191,376,Northern Mariana Islands,30,80 to 84,45.622309609851484,80
26191,376,Northern Mariana Islands,30,80 to 84,45.622309609851484,81
26191,376,Northern Mariana Islands,30,80 to 84,45.622309609851484,82
26191,376,Northern Mariana Islands,30,80 to 84,45.622309609851484,83
26191,376,Northern Mariana Islands,30,80 to 84,45.622309609851484,84
26192,376,Northern Mariana Islands,31,85 to 89,25.132661702843656,85
26192,376,Northern Mariana Islands,31,85 to 89,25.132661702843656,86
26192,376,Northern Mariana Islands,31,85 to 89,25.132661702843656,87
26192,376,Northern Mariana Islands,31,85 to 89,25.132661702843656,88
26192,376,Northern Mariana Islands,31,85 to 89,25.132661702843656,89
26193,376,Northern Mariana Islands,32,90 to 94,7.052183692240229,90
26193,376,Northern Mariana Islands,32,90 to 94,7.052183692240229,91
26193,376,Northern Mariana Islands,32,90 to 94,7.052183692240229,92
26193,376,Northern Mariana Islands,32,90 to 94,7.052183692240229,93
26193,376,Northern Mariana Islands,32,90 to 94,7.052183692240229,94
26201,376,Northern Mariana Islands,235,95 plus,1.6759665261625267,95
26201,376,Northern Mariana Islands,235,95 plus,1.6759665261625267,96
26201,376,Northern Mariana Islands,235,95 plus,1.6759665261625267,97
26201,376,Northern Mariana Islands,235,95 plus,1.6759665261625267,98
26201,376,Northern Mariana Islands,235,95 plus,1.6759665261625267,99
26201,376,Northern Mariana Islands,235,95 plus,1.6759665261625267,100
26288,380,Palau,11,30 to 34,247.25091743909607,30
26288,380,Palau,11,30 to 34,247.25091743909607,31
26288,380,Palau,11,30 to 34,247.25091743909607,32
26288,380,Palau,11,30 to 34,247.25091743909607,33
26288,380,Palau,11,30 to 34,247.25091743909607,34
26289,380,Palau,12,35 to 39,282.3509548098295,35
26289,380,Palau,12,35 to 39,282.3509548098295,36
26289,380,Palau,12,35 to 39,282.3509548098295,37
26289,380,Palau,12,35 to 39,282.3509548098295,38
26289,380,Palau,12,35 to 39,282.3509548098295,39
26290,380,Palau,13,40 to 44,310.82011839455856,40
26290,380,Palau,13,40 to 44,310.82011839455856,41
26290,380,Palau,13,40 to 44,310.82011839455856,42
26290,380,Palau,13,40 to 44,310.82011839455856,43
26290,380,Palau,13,40 to 44,310.82011839455856,44
26291,380,Palau,14,45 to 49,323.6150496126095,45
26291,380,Palau,14,45 to 49,323.6150496126095,46
26291,380,Palau,14,45 to 49,323.6150496126095,47
26291,380,Palau,14,45 to 49,323.6150496126095,48
26291,380,Palau,14,45 to 49,323.6150496126095,49
26292,380,Palau,15,50 to 54,302.910890671692,50
26292,380,Palau,15,50 to 54,302.910890671692,51
26292,380,Palau,15,50 to 54,302.910890671692,52
26292,380,Palau,15,50 to 54,302.910890671692,53
26292,380,Palau,15,50 to 54,302.910890671692,54
26293,380,Palau,16,55 to 59,271.8592839413658,55
26293,380,Palau,16,55 to 59,271.8592839413658,56
26293,380,Palau,16,55 to 59,271.8592839413658,57
26293,380,Palau,16,55 to 59,271.8592839413658,58
26293,380,Palau,16,55 to 59,271.8592839413658,59
26294,380,Palau,17,60 to 64,201.3208857614066,60
26294,380,Palau,17,60 to 64,201.3208857614066,61
26294,380,Palau,17,60 to 64,201.3208857614066,62
26294,380,Palau,17,60 to 64,201.3208857614066,63
26294,380,Palau,17,60 to 64,201.3208857614066,64
26295,380,Palau,18,65 to 69,134.92774698987859,65
26295,380,Palau,18,65 to 69,134.92774698987859,66
26295,380,Palau,18,65 to 69,134.92774698987859,67
26295,380,Palau,18,65 to 69,134.92774698987859,68
26295,380,Palau,18,65 to 69,134.92774698987859,69
26296,380,Palau,19,70 to 74,85.58764756736669,70
26296,380,Palau,19,70 to 74,85.58764756736669,71
26296,380,Palau,19,70 to 74,85.58764756736669,72
26296,380,Palau,19,70 to 74,85.58764756736669,73
26296,380,Palau,19,70 to 74,85.58764756736669,74
26297,380,Palau,20,75 to 79,41.3475342935445,75
26297,380,Palau,20,75 to 79,41.3475342935445,76
26297,380,Palau,20,75 to 79,41.3475342935445,77
26297,380,Palau,20,75 to 79,41.3475342935445,78
26297,380,Palau,20,75 to 79,41.3475342935445,79
26305,380,Palau,30,80 to 84,19.778274216836643,80
26305,380,Palau,30,80 to 84,19.778274216836643,81
26305,380,Palau,30,80 to 84,19.778274216836643,82
26305,380,Palau,30,80 to 84,19.778274216836643,83
26305,380,Palau,30,80 to 84,19.778274216836643,84
26306,380,Palau,31,85 to 89,11.072988700339769,85
26306,380,Palau,31,85 to 89,11.072988700339769,86
26306,380,Palau,31,85 to 89,11.072988700339769,87
26306,380,Palau,31,85 to 89,11.072988700339769,88
26306,380,Palau,31,85 to 89,11.072988700339769,89
26307,380,Palau,32,90 to 94,3.191157871437121,90
26307,380,Palau,32,90 to 94,3.191157871437121,91
26307,380,Palau,32,90 to 94,3.191157871437121,92
26307,380,Palau,32,90 to 94,3.191157871437121,93
26307,380,Palau,32,90 to 94,3.191157871437121,94
26315,380,Palau,235,95 plus,0.45262995813093765,95
26315,380,Palau,235,95 plus,0.45262995813093765,96
26315,380,Palau,235,95 plus,0.45262995813093765,97
26315,380,Palau,235,95 plus,0.45262995813093765,98
26315,380,Palau,235,95 plus,0.45262995813093765,99
26315,380,Palau,235,95 plus,0.45262995813093765,100
26402,385,Puerto Rico,11,30 to 34,43247.147583018996,30
26402,385,Puerto Rico,11,30 to 34,43247.147583018996,31
26402,385,Puerto Rico,11,30 to 34,43247.147583018996,32
26402,385,Puerto Rico,11,30 to 34,43247.147583018996,33
26402,385,Puerto Rico,11,30 to 34,43247.147583018996,34
26403,385,Puerto Rico,12,35 to 39,44288.88949601537,35
26403,385,Puerto Rico,12,35 to 39,44288.88949601537,36
26403,385,Puerto Rico,12,35 to 39,44288.88949601537,37
26403,385,Puerto Rico,12,35 to 39,44288.88949601537,38
26403,385,Puerto Rico,12,35 to 39,44288.88949601537,39
26404,385,Puerto Rico,13,40 to 44,46161.35113109792,40
26404,385,Puerto Rico,13,40 to 44,46161.35113109792,41
26404,385,Puerto Rico,13,40 to 44,46161.35113109792,42
26404,385,Puerto Rico,13,40 to 44,46161.35113109792,43
26404,385,Puerto Rico,13,40 to 44,46161.35113109792,44
26405,385,Puerto Rico,14,45 to 49,46111.30685320898,45
26405,385,Puerto Rico,14,45 to 49,46111.30685320898,46
26405,385,Puerto Rico,14,45 to 49,46111.30685320898,47
26405,385,Puerto Rico,14,45 to 49,46111.30685320898,48
26405,385,Puerto Rico,14,45 to 49,46111.30685320898,49
26406,385,Puerto Rico,15,50 to 54,47430.18827636381,50
26406,385,Puerto Rico,15,50 to 54,47430.18827636381,51
26406,385,Puerto Rico,15,50 to 54,47430.18827636381,52
26406,385,Puerto Rico,15,50 to 54,47430.18827636381,53
26406,385,Puerto Rico,15,50 to 54,47430.18827636381,54
26407,385,Puerto Rico,16,55 to 59,47260.691161256,55
26407,385,Puerto Rico,16,55 to 59,47260.691161256,56
26407,385,Puerto Rico,16,55 to 59,47260.691161256,57
26407,385,Puerto Rico,16,55 to 59,47260.691161256,58
26407,385,Puerto Rico,16,55 to 59,47260.691161256,59
26408,385,Puerto Rico,17,60 to 64,45216.65455228524,60
26408,385,Puerto Rico,17,60 to 64,45216.65455228524,61
26408,385,Puerto Rico,17,60 to 64,45216.65455228524,62
26408,385,Puerto Rico,17,60 to 64,45216.65455228524,63
26408,385,Puerto Rico,17,60 to 64,45216.65455228524,64
26409,385,Puerto Rico,18,65 to 69,41298.929772430405,65
26409,385,Puerto Rico,18,65 to 69,41298.929772430405,66
26409,385,Puerto Rico,18,65 to 69,41298.929772430405,67
26409,385,Puerto Rico,18,65 to 69,41298.929772430405,68
26409,385,Puerto Rico,18,65 to 69,41298.929772430405,69
26410,385,Puerto Rico,19,70 to 74,37774.46836267032,70
26410,385,Puerto Rico,19,70 to 74,37774.46836267032,71
26410,385,Puerto Rico,19,70 to 74,37774.46836267032,72
26410,385,Puerto Rico,19,70 to 74,37774.46836267032,73
26410,385,Puerto Rico,19,70 to 74,37774.46836267032,74
26411,385,Puerto Rico,20,75 to 79,26649.662186231428,75
26411,385,Puerto Rico,20,75 to 79,26649.662186231428,76
26411,385,Puerto Rico,20,75 to 79,26649.662186231428,77
26411,385,Puerto Rico,20,75 to 79,26649.662186231428,78
26411,385,Puerto Rico,20,75 to 79,26649.662186231428,79
26419,385,Puerto Rico,30,80 to 84,18302.471808106624,80
26419,385,Puerto Rico,30,80 to 84,18302.471808106624,81
26419,385,Puerto Rico,30,80 to 84,18302.471808106624,82
26419,385,Puerto Rico,30,80 to 84,18302.471808106624,83
26419,385,Puerto Rico,30,80 to 84,18302.471808106624,84
26420,385,Puerto Rico,31,85 to 89,10757.377465588746,85
26420,385,Puerto Rico,31,85 to 89,10757.377465588746,86
26420,385,Puerto Rico,31,85 to 89,10757.377465588746,87
26420,385,Puerto Rico,31,85 to 89,10757.377465588746,88
26420,385,Puerto Rico,31,85 to 89,10757.377465588746,89
26421,385,Puerto Rico,32,90 to 94,5334.623207446941,90
26421,385,Puerto Rico,32,90 to 94,5334.623207446941,91
26421,385,Puerto Rico,32,90 to 94,5334.623207446941,92
26421,385,Puerto Rico,32,90 to 94,5334.623207446941,93
26421,385,Puerto Rico,32,90 to 94,5334.623207446941,94
26429,385,Puerto Rico,235,95 plus,2191.112758103424,95
26429,385,Puerto Rico,235,95 plus,2191.112758103424,96
26429,385,Puerto Rico,235,95 plus,2191.112758103424,97
26429,385,Puerto Rico,235,95 plus,2191.112758103424,98
26429,385,Puerto Rico,235,95 plus,2191.112758103424,99
26429,385,Puerto Rico,235,95 plus,2191.112758103424,100
26516,393,Saint Kitts and Nevis,11,30 to 34,943.1605260613435,30
26516,393,Saint Kitts and Nevis,11,30 to 34,943.1605260613435,31
26516,393,Saint Kitts and Nevis,11,30 to 34,943.1605260613435,32
26516,393,Saint Kitts and Nevis,11,30 to 34,943.1605260613435,33
26516,393,Saint Kitts and Nevis,11,30 to 34,943.1605260613435,34
26517,393,Saint Kitts and Nevis,12,35 to 39,907.5295848803105,35
26517,393,Saint Kitts and Nevis,12,35 to 39,907.5295848803105,36
26517,393,Saint Kitts and Nevis,12,35 to 39,907.5295848803105,37
26517,393,Saint Kitts and Nevis,12,35 to 39,907.5295848803105,38
26517,393,Saint Kitts and Nevis,12,35 to 39,907.5295848803105,39
26518,393,Saint Kitts and Nevis,13,40 to 44,870.1702386654982,40
26518,393,Saint Kitts and Nevis,13,40 to 44,870.1702386654982,41
26518,393,Saint Kitts and Nevis,13,40 to 44,870.1702386654982,42
26518,393,Saint Kitts and Nevis,13,40 to 44,870.1702386654982,43
26518,393,Saint Kitts and Nevis,13,40 to 44,870.1702386654982,44
26519,393,Saint Kitts and Nevis,14,45 to 49,884.4201635865007,45
26519,393,Saint Kitts and Nevis,14,45 to 49,884.4201635865007,46
26519,393,Saint Kitts and Nevis,14,45 to 49,884.4201635865007,47
26519,393,Saint Kitts and Nevis,14,45 to 49,884.4201635865007,48
26519,393,Saint Kitts and Nevis,14,45 to 49,884.4201635865007,49
26520,393,Saint Kitts and Nevis,15,50 to 54,833.8704804981729,50
26520,393,Saint Kitts and Nevis,15,50 to 54,833.8704804981729,51
26520,393,Saint Kitts and Nevis,15,50 to 54,833.8704804981729,52
26520,393,Saint Kitts and Nevis,15,50 to 54,833.8704804981729,53
26520,393,Saint Kitts and Nevis,15,50 to 54,833.8704804981729,54
26521,393,Saint Kitts and Nevis,16,55 to 59,775.1290987173228,55
26521,393,Saint Kitts and Nevis,16,55 to 59,775.1290987173228,56
26521,393,Saint Kitts and Nevis,16,55 to 59,775.1290987173228,57
26521,393,Saint Kitts and Nevis,16,55 to 59,775.1290987173228,58
26521,393,Saint Kitts and Nevis,16,55 to 59,775.1290987173228,59
26522,393,Saint Kitts and Nevis,17,60 to 64,668.8427529492328,60
26522,393,Saint Kitts and Nevis,17,60 to 64,668.8427529492328,61
26522,393,Saint Kitts and Nevis,17,60 to 64,668.8427529492328,62
26522,393,Saint Kitts and Nevis,17,60 to 64,668.8427529492328,63
26522,393,Saint Kitts and Nevis,17,60 to 64,668.8427529492328,64
26523,393,Saint Kitts and Nevis,18,65 to 69,440.3159380847416,65
26523,393,Saint Kitts and Nevis,18,65 to 69,440.3159380847416,66
26523,393,Saint Kitts and Nevis,18,65 to 69,440.3159380847416,67
26523,393,Saint Kitts and Nevis,18,65 to 69,440.3159380847416,68
26523,393,Saint Kitts and Nevis,18,65 to 69,440.3159380847416,69
26524,393,Saint Kitts and Nevis,19,70 to 74,235.6849340543626,70
26524,393,Saint Kitts and Nevis,19,70 to 74,235.6849340543626,71
26524,393,Saint Kitts and Nevis,19,70 to 74,235.6849340543626,72
26524,393,Saint Kitts and Nevis,19,70 to 74,235.6849340543626,73
26524,393,Saint Kitts and Nevis,19,70 to 74,235.6849340543626,74
26525,393,Saint Kitts and Nevis,20,75 to 79,141.91100913197445,75
26525,393,Saint Kitts and Nevis,20,75 to 79,141.91100913197445,76
26525,393,Saint Kitts and Nevis,20,75 to 79,141.91100913197445,77
26525,393,Saint Kitts and Nevis,20,75 to 79,141.91100913197445,78
26525,393,Saint Kitts and Nevis,20,75 to 79,141.91100913197445,79
26533,393,Saint Kitts and Nevis,30,80 to 84,91.26314755271324,80
26533,393,Saint Kitts and Nevis,30,80 to 84,91.26314755271324,81
26533,393,Saint Kitts and Nevis,30,80 to 84,91.26314755271324,82
26533,393,Saint Kitts and Nevis,30,80 to 84,91.26314755271324,83
26533,393,Saint Kitts and Nevis,30,80 to 84,91.26314755271324,84
26534,393,Saint Kitts and Nevis,31,85 to 89,43.12391543953205,85
26534,393,Saint Kitts and Nevis,31,85 to 89,43.12391543953205,86
26534,393,Saint Kitts and Nevis,31,85 to 89,43.12391543953205,87
26534,393,Saint Kitts and Nevis,31,85 to 89,43.12391543953205,88
26534,393,Saint Kitts and Nevis,31,85 to 89,43.12391543953205,89
26535,393,Saint Kitts and Nevis,32,90 to 94,16.921864485488705,90
26535,393,Saint Kitts and Nevis,32,90 to 94,16.921864485488705,91
26535,393,Saint Kitts and Nevis,32,90 to 94,16.921864485488705,92
26535,393,Saint Kitts and Nevis,32,90 to 94,16.921864485488705,93
26535,393,Saint Kitts and Nevis,32,90 to 94,16.921864485488705,94
26543,393,Saint Kitts and Nevis,235,95 plus,4.480510596288075,95
26543,393,Saint Kitts and Nevis,235,95 plus,4.480510596288075,96
26543,393,Saint Kitts and Nevis,235,95 plus,4.480510596288075,97
26543,393,Saint Kitts and Nevis,235,95 plus,4.480510596288075,98
26543,393,Saint Kitts and Nevis,235,95 plus,4.480510596288075,99
26543,393,Saint Kitts and Nevis,235,95 plus,4.480510596288075,100
26630,396,San Marino,11,30 to 34,402.38090998143434,30
26630,396,San Marino,11,30 to 34,402.38090998143434,31
26630,396,San Marino,11,30 to 34,402.38090998143434,32
26630,396,San Marino,11,30 to 34,402.38090998143434,33
26630,396,San Marino,11,30 to 34,402.38090998143434,34
26631,396,San Marino,12,35 to 39,416.3225831945657,35
26631,396,San Marino,12,35 to 39,416.3225831945657,36
26631,396,San Marino,12,35 to 39,416.3225831945657,37
26631,396,San Marino,12,35 to 39,416.3225831945657,38
26631,396,San Marino,12,35 to 39,416.3225831945657,39
26632,396,San Marino,13,40 to 44,461.5720272729961,40
26632,396,San Marino,13,40 to 44,461.5720272729961,41
26632,396,San Marino,13,40 to 44,461.5720272729961,42
26632,396,San Marino,13,40 to 44,461.5720272729961,43
26632,396,San Marino,13,40 to 44,461.5720272729961,44
26633,396,San Marino,14,45 to 49,507.57026747519365,45
26633,396,San Marino,14,45 to 49,507.57026747519365,46
26633,396,San Marino,14,45 to 49,507.57026747519365,47
26633,396,San Marino,14,45 to 49,507.57026747519365,48
26633,396,San Marino,14,45 to 49,507.57026747519365,49
26634,396,San Marino,15,50 to 54,502.8284400867442,50
26634,396,San Marino,15,50 to 54,502.8284400867442,51
26634,396,San Marino,15,50 to 54,502.8284400867442,52
26634,396,San Marino,15,50 to 54,502.8284400867442,53
26634,396,San Marino,15,50 to 54,502.8284400867442,54
26635,396,San Marino,16,55 to 59,444.58698282875685,55
26635,396,San Marino,16,55 to 59,444.58698282875685,56
26635,396,San Marino,16,55 to 59,444.58698282875685,57
26635,396,San Marino,16,55 to 59,444.58698282875685,58
26635,396,San Marino,16,55 to 59,444.58698282875685,59
26636,396,San Marino,17,60 to 64,364.8975770877539,60
26636,396,San Marino,17,60 to 64,364.8975770877539,61
26636,396,San Marino,17,60 to 64,364.8975770877539,62
26636,396,San Marino,17,60 to 64,364.8975770877539,63
26636,396,San Marino,17,60 to 64,364.8975770877539,64
26637,396,San Marino,18,65 to 69,323.8597383923007,65
26637,396,San Marino,18,65 to 69,323.8597383923007,66
26637,396,San Marino,18,65 to 69,323.8597383923007,67
26637,396,San Marino,18,65 to 69,323.8597383923007,68
26637,396,San Marino,18,65 to 69,323.8597383923007,69
26638,396,San Marino,19,70 to 74,291.44198207797695,70
26638,396,San Marino,19,70 to 74,291.44198207797695,71
26638,396,San Marino,19,70 to 74,291.44198207797695,72
26638,396,San Marino,19,70 to 74,291.44198207797695,73
26638,396,San Marino,19,70 to 74,291.44198207797695,74
26639,396,San Marino,20,75 to 79,232.29160611738592,75
26639,396,San Marino,20,75 to 79,232.29160611738592,76
26639,396,San Marino,20,75 to 79,232.29160611738592,77
26639,396,San Marino,20,75 to 79,232.29160611738592,78
26639,396,San Marino,20,75 to 79,232.29160611738592,79
26647,396,San Marino,30,80 to 84,176.57592783238545,80
26647,396,San Marino,30,80 to 84,176.57592783238545,81
26647,396,San Marino,30,80 to 84,176.57592783238545,82
26647,396,San Marino,30,80 to 84,176.57592783238545,83
26647,396,San Marino,30,80 to 84,176.57592783238545,84
26648,396,San Marino,31,85 to 89,114.0003222760918,85
26648,396,San Marino,31,85 to 89,114.0003222760918,86
26648,396,San Marino,31,85 to 89,114.0003222760918,87
26648,396,San Marino,31,85 to 89,114.0003222760918,88
26648,396,San Marino,31,85 to 89,114.0003222760918,89
26649,396,San Marino,32,90 to 94,54.0075287034871,90
26649,396,San Marino,32,90 to 94,54.0075287034871,91
26649,396,San Marino,32,90 to 94,54.0075287034871,92
26649,396,San Marino,32,90 to 94,54.0075287034871,93
26649,396,San Marino,32,90 to 94,54.0075287034871,94
26657,396,San Marino,235,95 plus,16.25328110104245,95
26657,396,San Marino,235,95 plus,16.25328110104245,96
26657,396,San Marino,235,95 plus,16.25328110104245,97
26657,396,San Marino,235,95 plus,16.25328110104245,98
26657,396,San Marino,235,95 plus,16.25328110104245,99
26657,396,San Marino,235,95 plus,16.25328110104245,100
26744,413,Tokelau,11,30 to 34,19.310389443140224,30
26744,413,Tokelau,11,30 to 34,19.310389443140224,31
26744,413,Tokelau,11,30 to 34,19.310389443140224,32
26744,413,Tokelau,11,30 to 34,19.310389443140224,33
26744,413,Tokelau,11,30 to 34,19.310389443140224,34
26745,413,Tokelau,12,35 to 39,14.91747919940651,35
26745,413,Tokelau,12,35 to 39,14.91747919940651,36
26745,413,Tokelau,12,35 to 39,14.91747919940651,37
26745,413,Tokelau,12,35 to 39,14.91747919940651,38
26745,413,Tokelau,12,35 to 39,14.91747919940651,39
26746,413,Tokelau,13,40 to 44,16.713971030298936,40
26746,413,Tokelau,13,40 to 44,16.713971030298936,41
26746,413,Tokelau,13,40 to 44,16.713971030298936,42
26746,413,Tokelau,13,40 to 44,16.713971030298936,43
26746,413,Tokelau,13,40 to 44,16.713971030298936,44
26747,413,Tokelau,14,45 to 49,15.315703948233516,45
26747,413,Tokelau,14,45 to 49,15.315703948233516,46
26747,413,Tokelau,14,45 to 49,15.315703948233516,47
26747,413,Tokelau,14,45 to 49,15.315703948233516,48
26747,413,Tokelau,14,45 to 49,15.315703948233516,49
26748,413,Tokelau,15,50 to 54,13.017522308660542,50
26748,413,Tokelau,15,50 to 54,13.017522308660542,51
26748,413,Tokelau,15,50 to 54,13.017522308660542,52
26748,413,Tokelau,15,50 to 54,13.017522308660542,53
26748,413,Tokelau,15,50 to 54,13.017522308660542,54
26749,413,Tokelau,16,55 to 59,13.473650739151982,55
26749,413,Tokelau,16,55 to 59,13.473650739151982,56
26749,413,Tokelau,16,55 to 59,13.473650739151982,57
26749,413,Tokelau,16,55 to 59,13.473650739151982,58
26749,413,Tokelau,16,55 to 59,13.473650739151982,59
26750,413,Tokelau,17,60 to 64,8.273064050991724,60
26750,413,Tokelau,17,60 to 64,8.273064050991724,61
26750,413,Tokelau,17,60 to 64,8.273064050991724,62
26750,413,Tokelau,17,60 to 64,8.273064050991724,63
26750,413,Tokelau,17,60 to 64,8.273064050991724,64
26751,413,Tokelau,18,65 to 69,12.203491853059782,65
26751,413,Tokelau,18,65 to 69,12.203491853059782,66
26751,413,Tokelau,18,65 to 69,12.203491853059782,67
26751,413,Tokelau,18,65 to 69,12.203491853059782,68
26751,413,Tokelau,18,65 to 69,12.203491853059782,69
26752,413,Tokelau,19,70 to 74,4.812486106668468,70
26752,413,Tokelau,19,70 to 74,4.812486106668468,71
26752,413,Tokelau,19,70 to 74,4.812486106668468,72
26752,413,Tokelau,19,70 to 74,4.812486106668468,73
26752,413,Tokelau,19,70 to 74,4.812486106668468,74
26753,413,Tokelau,20,75 to 79,3.3148340773364295,75
26753,413,Tokelau,20,75 to 79,3.3148340773364295,76
26753,413,Tokelau,20,75 to 79,3.3148340773364295,77
26753,413,Tokelau,20,75 to 79,3.3148340773364295,78
26753,413,Tokelau,20,75 to 79,3.3148340773364295,79
26761,413,Tokelau,30,80 to 84,2.9100129011587836,80
26761,413,Tokelau,30,80 to 84,2.9100129011587836,81
26761,413,Tokelau,30,80 to 84,2.9100129011587836,82
26761,413,Tokelau,30,80 to 84,2.9100129011587836,83
26761,413,Tokelau,30,80 to 84,2.9100129011587836,84
26762,413,Tokelau,31,85 to 89,0.854505336649332,85
26762,413,Tokelau,31,85 to 89,0.854505336649332,86
26762,413,Tokelau,31,85 to 89,0.854505336649332,87
26762,413,Tokelau,31,85 to 89,0.854505336649332,88
26762,413,Tokelau,31,85 to 89,0.854505336649332,89
26763,413,Tokelau,32,90 to 94,0.6455361000596735,90
26763,413,Tokelau,32,90 to 94,0.6455361000596735,91
26763,413,Tokelau,32,90 to 94,0.6455361000596735,92
26763,413,Tokelau,32,90 to 94,0.6455361000596735,93
26763,413,Tokelau,32,90 to 94,0.6455361000596735,94
26771,413,Tokelau,235,95 plus,0.13576297412399632,95
26771,413,Tokelau,235,95 plus,0.13576297412399632,96
26771,413,Tokelau,235,95 plus,0.13576297412399632,97
26771,413,Tokelau,235,95 plus,0.13576297412399632,98
26771,413,Tokelau,235,95 plus,0.13576297412399632,99
26771,413,Tokelau,235,95 plus,0.13576297412399632,100
26858,416,Tuvalu,11,30 to 34,171.63961597137106,30
26858,416,Tuvalu,11,30 to 34,171.63961597137106,31
26858,416,Tuvalu,11,30 to 34,171.63961597137106,32
26858,416,Tuvalu,11,30 to 34,171.63961597137106,33
26858,416,Tuvalu,11,30 to 34,171.63961597137106,34
26859,416,Tuvalu,12,35 to 39,147.65109578134738,35
26859,416,Tuvalu,12,35 to 39,147.65109578134738,36
26859,416,Tuvalu,12,35 to 39,147.65109578134738,37
26859,416,Tuvalu,12,35 to 39,147.65109578134738,38
26859,416,Tuvalu,12,35 to 39,147.65109578134738,39
26860,416,Tuvalu,13,40 to 44,130.53730437771907,40
26860,416,Tuvalu,13,40 to 44,130.53730437771907,41
26860,416,Tuvalu,13,40 to 44,130.53730437771907,42
26860,416,Tuvalu,13,40 to 44,130.53730437771907,43
26860,416,Tuvalu,13,40 to 44,130.53730437771907,44
26861,416,Tuvalu,14,45 to 49,118.48759737965443,45
26861,416,Tuvalu,14,45 to 49,118.48759737965443,46
26861,416,Tuvalu,14,45 to 49,118.48759737965443,47
26861,416,Tuvalu,14,45 to 49,118.48759737965443,48
26861,416,Tuvalu,14,45 to 49,118.48759737965443,49
26862,416,Tuvalu,15,50 to 54,112.17782766650899,50
26862,416,Tuvalu,15,50 to 54,112.17782766650899,51
26862,416,Tuvalu,15,50 to 54,112.17782766650899,52
26862,416,Tuvalu,15,50 to 54,112.17782766650899,53
26862,416,Tuvalu,15,50 to 54,112.17782766650899,54
26863,416,Tuvalu,16,55 to 59,100.85640177027202,55
26863,416,Tuvalu,16,55 to 59,100.85640177027202,56
26863,416,Tuvalu,16,55 to 59,100.85640177027202,57
26863,416,Tuvalu,16,55 to 59,100.85640177027202,58
26863,416,Tuvalu,16,55 to 59,100.85640177027202,59
26864,416,Tuvalu,17,60 to 64,87.27450676504483,60
26864,416,Tuvalu,17,60 to 64,87.27450676504483,61
26864,416,Tuvalu,17,60 to 64,87.27450676504483,62
26864,416,Tuvalu,17,60 to 64,87.27450676504483,63
26864,416,Tuvalu,17,60 to 64,87.27450676504483,64
26865,416,Tuvalu,18,65 to 69,68.35173274670925,65
26865,416,Tuvalu,18,65 to 69,68.35173274670925,66
26865,416,Tuvalu,18,65 to 69,68.35173274670925,67
26865,416,Tuvalu,18,65 to 69,68.35173274670925,68
26865,416,Tuvalu,18,65 to 69,68.35173274670925,69
26866,416,Tuvalu,19,70 to 74,46.323028139598144,70
26866,416,Tuvalu,19,70 to 74,46.323028139598144,71
26866,416,Tuvalu,19,70 to 74,46.323028139598144,72
26866,416,Tuvalu,19,70 to 74,46.323028139598144,73
26866,416,Tuvalu,19,70 to 74,46.323028139598144,74
26867,416,Tuvalu,20,75 to 79,28.999483179319093,75
26867,416,Tuvalu,20,75 to 79,28.999483179319093,76
26867,416,Tuvalu,20,75 to 79,28.999483179319093,77
26867,416,Tuvalu,20,75 to 79,28.999483179319093,78
26867,416,Tuvalu,20,75 to 79,28.999483179319093,79
26875,416,Tuvalu,30,80 to 84,15.077673161078627,80
26875,416,Tuvalu,30,80 to 84,15.077673161078627,81
26875,416,Tuvalu,30,80 to 84,15.077673161078627,82
26875,416,Tuvalu,30,80 to 84,15.077673161078627,83
26875,416,Tuvalu,30,80 to 84,15.077673161078627,84
26876,416,Tuvalu,31,85 to 89,6.954285940260382,85
26876,416,Tuvalu,31,85 to 89,6.954285940260382,86
26876,416,Tuvalu,31,85 to 89,6.954285940260382,87
26876,416,Tuvalu,31,85 to 89,6.954285940260382,88
26876,416,Tuvalu,31,85 to 89,6.954285940260382,89
26877,416,Tuvalu,32,90 to 94,2.2587057138995,90
26877,416,Tuvalu,32,90 to 94,2.2587057138995,91
26877,416,Tuvalu,32,90 to 94,2.2587057138995,92
26877,416,Tuvalu,32,90 to 94,2.2587057138995,93
26877,416,Tuvalu,32,90 to 94,2.2587057138995,94
26885,416,Tuvalu,235,95 plus,0.33851112318744203,95
26885,416,Tuvalu,235,95 plus,0.33851112318744203,96
26885,416,Tuvalu,235,95 plus,0.33851112318744203,97
26885,416,Tuvalu,235,95 plus,0.33851112318744203,98
26885,416,Tuvalu,235,95 plus,0.33851112318744203,99
26885,416,Tuvalu,235,95 plus,0.33851112318744203,100
26972,422,United States Virgin Islands,11,30 to 34,1209.4246637515769,30
26972,422,United States Virgin Islands,11,30 to 34,1209.4246637515769,31
26972,422,United States Virgin Islands,11,30 to 34,1209.4246637515769,32
26972,422,United States Virgin Islands,11,30 to 34,1209.4246637515769,33
26972,422,United States Virgin Islands,11,30 to 34,1209.4246637515769,34
26973,422,United States Virgin Islands,12,35 to 39,1268.1899229570495,35
26973,422,United States Virgin Islands,12,35 to 39,1268.1899229570495,36
26973,422,United States Virgin Islands,12,35 to 39,1268.1899229570495,37
26973,422,United States Virgin Islands,12,35 to 39,1268.1899229570495,38
26973,422,United States Virgin Islands,12,35 to 39,1268.1899229570495,39
26974,422,United States Virgin Islands,13,40 to 44,1256.9641175989022,40
26974,422,United States Virgin Islands,13,40 to 44,1256.9641175989022,41
26974,422,United States Virgin Islands,13,40 to 44,1256.9641175989022,42
26974,422,United States Virgin Islands,13,40 to 44,1256.9641175989022,43
26974,422,United States Virgin Islands,13,40 to 44,1256.9641175989022,44
26975,422,United States Virgin Islands,14,45 to 49,1366.2242277490122,45
26975,422,United States Virgin Islands,14,45 to 49,1366.2242277490122,46
26975,422,United States Virgin Islands,14,45 to 49,1366.2242277490122,47
26975,422,United States Virgin Islands,14,45 to 49,1366.2242277490122,48
26975,422,United States Virgin Islands,14,45 to 49,1366.2242277490122,49
26976,422,United States Virgin Islands,15,50 to 54,1502.2513991082067,50
26976,422,United States Virgin Islands,15,50 to 54,1502.2513991082067,51
26976,422,United States Virgin Islands,15,50 to 54,1502.2513991082067,52
26976,422,United States Virgin Islands,15,50 to 54,1502.2513991082067,53
26976,422,United States Virgin Islands,15,50 to 54,1502.2513991082067,54
26977,422,United States Virgin Islands,16,55 to 59,1473.7276428293178,55
26977,422,United States Virgin Islands,16,55 to 59,1473.7276428293178,56
26977,422,United States Virgin Islands,16,55 to 59,1473.7276428293178,57
26977,422,United States Virgin Islands,16,55 to 59,1473.7276428293178,58
26977,422,United States Virgin Islands,16,55 to 59,1473.7276428293178,59
26978,422,United States Virgin Islands,17,60 to 64,1389.264646567981,60
26978,422,United States Virgin Islands,17,60 to 64,1389.264646567981,61
26978,422,United States Virgin Islands,17,60 to 64,1389.264646567981,62
26978,422,United States Virgin Islands,17,60 to 64,1389.264646567981,63
26978,422,United States Virgin Islands,17,60 to 64,1389.264646567981,64
26979,422,United States Virgin Islands,18,65 to 69,1272.1579064071918,65
26979,422,United States Virgin Islands,18,65 to 69,1272.1579064071918,66
26979,422,United States Virgin Islands,18,65 to 69,1272.1579064071918,67
26979,422,United States Virgin Islands,18,65 to 69,1272.1579064071918,68
26979,422,United States Virgin Islands,18,65 to 69,1272.1579064071918,69
26980,422,United States Virgin Islands,19,70 to 74,1195.1699579302929,70
26980,422,United States Virgin Islands,19,70 to 74,1195.1699579302929,71
26980,422,United States Virgin Islands,19,70 to 74,1195.1699579302929,72
26980,422,United States Virgin Islands,19,70 to 74,1195.1699579302929,73
26980,422,United States Virgin Islands,19,70 to 74,1195.1699579302929,74
26981,422,United States Virgin Islands,20,75 to 79,717.5463876748944,75
26981,422,United States Virgin Islands,20,75 to 79,717.5463876748944,76
26981,422,United States Virgin Islands,20,75 to 79,717.5463876748944,77
26981,422,United States Virgin Islands,20,75 to 79,717.5463876748944,78
26981,422,United States Virgin Islands,20,75 to 79,717.5463876748944,79
26989,422,United States Virgin Islands,30,80 to 84,354.5313801529304,80
26989,422,United States Virgin Islands,30,80 to 84,354.5313801529304,81
26989,422,United States Virgin Islands,30,80 to 84,354.5313801529304,82
26989,422,United States Virgin Islands,30,80 to 84,354.5313801529304,83
26989,422,United States Virgin Islands,30,80 to 84,354.5313801529304,84
26990,422,United States Virgin Islands,31,85 to 89,136.29801485205172,85
26990,422,United States Virgin Islands,31,85 to 89,136.29801485205172,86
26990,422,United States Virgin Islands,31,85 to 89,136.29801485205172,87
26990,422,United States Virgin Islands,31,85 to 89,136.29801485205172,88
26990,422,United States Virgin Islands,31,85 to 89,136.29801485205172,89
26991,422,United States Virgin Islands,32,90 to 94,50.52628643999119,90
26991,422,United States Virgin Islands,32,90 to 94,50.52628643999119,91
26991,422,United States Virgin Islands,32,90 to 94,50.52628643999119,92
26991,422,United States Virgin Islands,32,90 to 94,50.52628643999119,93
26991,422,United States Virgin Islands,32,90 to 94,50.52628643999119,94
26999,422,United States Virgin Islands,235,95 plus,12.241298276023182,95
26999,422,United States Virgin Islands,235,95 plus,12.241298276023182,96
26999,422,United States Virgin Islands,235,95 plus,12.241298276023182,97
26999,422,United States Virgin Islands,235,95 plus,12.241298276023182,98
26999,422,United States Virgin Islands,235,95 plus,12.241298276023182,99
26999,422,United States Virgin Islands,235,95 plus,12.241298276023182,100
27314,435,South Sudan,11,30 to 34,100845.8970474629,30
27314,435,South Sudan,11,30 to 34,100845.8970474629,31
27314,435,South Sudan,11,30 to 34,100845.8970474629,32
27314,435,South Sudan,11,30 to 34,100845.8970474629,33
27314,435,South Sudan,11,30 to 34,100845.8970474629,34
27315,435,South Sudan,12,35 to 39,98239.19763250681,35
27315,435,South Sudan,12,35 to 39,98239.19763250681,36
27315,435,South Sudan,12,35 to 39,98239.19763250681,37
27315,435,South Sudan,12,35 to 39,98239.19763250681,38
27315,435,South Sudan,12,35 to 39,98239.19763250681,39
27316,435,South Sudan,13,40 to 44,86939.51133703449,40
27316,435,South Sudan,13,40 to 44,86939.51133703449,41
27316,435,South Sudan,13,40 to 44,86939.51133703449,42
27316,435,South Sudan,13,40 to 44,86939.51133703449,43
27316,435,South Sudan,13,40 to 44,86939.51133703449,44
27317,435,South Sudan,14,45 to 49,72580.65328024227,45
27317,435,South Sudan,14,45 to 49,72580.65328024227,46
27317,435,South Sudan,14,45 to 49,72580.65328024227,47
27317,435,South Sudan,14,45 to 49,72580.65328024227,48
27317,435,South Sudan,14,45 to 49,72580.65328024227,49
27318,435,South Sudan,15,50 to 54,57717.614704043175,50
27318,435,South Sudan,15,50 to 54,57717.614704043175,51
27318,435,South Sudan,15,50 to 54,57717.614704043175,52
27318,435,South Sudan,15,50 to 54,57717.614704043175,53
27318,435,South Sudan,15,50 to 54,57717.614704043175,54
27319,435,South Sudan,16,55 to 59,41625.193141754404,55
27319,435,South Sudan,16,55 to 59,41625.193141754404,56
27319,435,South Sudan,16,55 to 59,41625.193141754404,57
27319,435,South Sudan,16,55 to 59,41625.193141754404,58
27319,435,South Sudan,16,55 to 59,41625.193141754404,59
27320,435,South Sudan,17,60 to 64,29661.269151217508,60
27320,435,South Sudan,17,60 to 64,29661.269151217508,61
27320,435,South Sudan,17,60 to 64,29661.269151217508,62
27320,435,South Sudan,17,60 to 64,29661.269151217508,63
27320,435,South Sudan,17,60 to 64,29661.269151217508,64
27321,435,South Sudan,18,65 to 69,19846.675759705824,65
27321,435,South Sudan,18,65 to 69,19846.675759705824,66
27321,435,South Sudan,18,65 to 69,19846.675759705824,67
27321,435,South Sudan,18,65 to 69,19846.675759705824,68
27321,435,South Sudan,18,65 to 69,19846.675759705824,69
27322,435,South Sudan,19,70 to 74,14034.169049548398,70
27322,435,South Sudan,19,70 to 74,14034.169049548398,71
27322,435,South Sudan,19,70 to 74,14034.169049548398,72
27322,435,South Sudan,19,70 to 74,14034.169049548398,73
27322,435,South Sudan,19,70 to 74,14034.169049548398,74
27323,435,South Sudan,20,75 to 79,8709.845960889415,75
27323,435,South Sudan,20,75 to 79,8709.845960889415,76
27323,435,South Sudan,20,75 to 79,8709.845960889415,77
27323,435,South Sudan,20,75 to 79,8709.845960889415,78
27323,435,South Sudan,20,75 to 79,8709.845960889415,79
27331,435,South Sudan,30,80 to 84,4803.509725347354,80
27331,435,South Sudan,30,80 to 84,4803.509725347354,81
27331,435,South Sudan,30,80 to 84,4803.509725347354,82
27331,435,South Sudan,30,80 to 84,4803.509725347354,83
27331,435,South Sudan,30,80 to 84,4803.509725347354,84
27332,435,South Sudan,31,85 to 89,2118.4651274684593,85
27332,435,South Sudan,31,85 to 89,2118.4651274684593,86
27332,435,South Sudan,31,85 to 89,2118.4651274684593,87
27332,435,South Sudan,31,85 to 89,2118.4651274684593,88
27332,435,South Sudan,31,85 to 89,2118.4651274684593,89
27333,435,South Sudan,32,90 to 94,841.2490442814858,90
27333,435,South Sudan,32,90 to 94,841.2490442814858,91
27333,435,South Sudan,32,90 to 94,841.2490442814858,92
27333,435,South Sudan,32,90 to 94,841.2490442814858,93
27333,435,South Sudan,32,90 to 94,841.2490442814858,94
27341,435,South Sudan,235,95 plus,210.64703980469707,95
27341,435,South Sudan,235,95 plus,210.64703980469707,96
27341,435,South Sudan,235,95 plus,210.64703980469707,97
27341,435,South Sudan,235,95 plus,210.64703980469707,98
27341,435,South Sudan,235,95 plus,210.64703980469707,99
27341,435,South Sudan,235,95 plus,210.64703980469707,100
27650,522,Sudan,11,30 to 34,585863.7110798877,30
27650,522,Sudan,11,30 to 34,585863.7110798877,31
27650,522,Sudan,11,30 to 34,585863.7110798877,32
27650,522,Sudan,11,30 to 34,585863.7110798877,33
27650,522,Sudan,11,30 to 34,585863.7110798877,34
27651,522,Sudan,12,35 to 39,489889.45189450606,35
27651,522,Sudan,12,35 to 39,489889.45189450606,36
27651,522,Sudan,12,35 to 39,489889.45189450606,37
27651,522,Sudan,12,35 to 39,489889.45189450606,38
27651,522,Sudan,12,35 to 39,489889.45189450606,39
27652,522,Sudan,13,40 to 44,395835.8548331462,40
27652,522,Sudan,13,40 to 44,395835.8548331462,41
27652,522,Sudan,13,40 to 44,395835.8548331462,42
27652,522,Sudan,13,40 to 44,395835.8548331462,43
27652,522,Sudan,13,40 to 44,395835.8548331462,44
27653,522,Sudan,14,45 to 49,321097.92600370536,45
27653,522,Sudan,14,45 to 49,321097.92600370536,46
27653,522,Sudan,14,45 to 49,321097.92600370536,47
27653,522,Sudan,14,45 to 49,321097.92600370536,48
27653,522,Sudan,14,45 to 49,321097.92600370536,49
27654,522,Sudan,15,50 to 54,250874.1309092415,50
27654,522,Sudan,15,50 to 54,250874.1309092415,51
27654,522,Sudan,15,50 to 54,250874.1309092415,52
27654,522,Sudan,15,50 to 54,250874.1309092415,53
27654,522,Sudan,15,50 to 54,250874.1309092415,54
27655,522,Sudan,16,55 to 59,179347.41866710302,55
27655,522,Sudan,16,55 to 59,179347.41866710302,56
27655,522,Sudan,16,55 to 59,179347.41866710302,57
27655,522,Sudan,16,55 to 59,179347.41866710302,58
27655,522,Sudan,16,55 to 59,179347.41866710302,59
27656,522,Sudan,17,60 to 64,135261.12856238527,60
27656,522,Sudan,17,60 to 64,135261.12856238527,61
27656,522,Sudan,17,60 to 64,135261.12856238527,62
27656,522,Sudan,17,60 to 64,135261.12856238527,63
27656,522,Sudan,17,60 to 64,135261.12856238527,64
27657,522,Sudan,18,65 to 69,99887.92970375186,65
27657,522,Sudan,18,65 to 69,99887.92970375186,66
27657,522,Sudan,18,65 to 69,99887.92970375186,67
27657,522,Sudan,18,65 to 69,99887.92970375186,68
27657,522,Sudan,18,65 to 69,99887.92970375186,69
27658,522,Sudan,19,70 to 74,72264.09278566937,70
27658,522,Sudan,19,70 to 74,72264.09278566937,71
27658,522,Sudan,19,70 to 74,72264.09278566937,72
27658,522,Sudan,19,70 to 74,72264.09278566937,73
27658,522,Sudan,19,70 to 74,72264.09278566937,74
27659,522,Sudan,20,75 to 79,48114.39759659084,75
27659,522,Sudan,20,75 to 79,48114.39759659084,76
27659,522,Sudan,20,75 to 79,48114.39759659084,77
27659,522,Sudan,20,75 to 79,48114.39759659084,78
27659,522,Sudan,20,75 to 79,48114.39759659084,79
27667,522,Sudan,30,80 to 84,28039.734148077307,80
27667,522,Sudan,30,80 to 84,28039.734148077307,81
27667,522,Sudan,30,80 to 84,28039.734148077307,82
27667,522,Sudan,30,80 to 84,28039.734148077307,83
27667,522,Sudan,30,80 to 84,28039.734148077307,84
27668,522,Sudan,31,85 to 89,12767.898100227965,85
27668,522,Sudan,31,85 to 89,12767.898100227965,86
27668,522,Sudan,31,85 to 89,12767.898100227965,87
27668,522,Sudan,31,85 to 89,12767.898100227965,88
27668,522,Sudan,31,85 to 89,12767.898100227965,89
27669,522,Sudan,32,90 to 94,4842.538409212255,90
27669,522,Sudan,32,90 to 94,4842.538409212255,91
27669,522,Sudan,32,90 to 94,4842.538409212255,92
27669,522,Sudan,32,90 to 94,4842.538409212255,93
27669,522,Sudan,32,90 to 94,4842.538409212255,94
27677,522,Sudan,235,95 plus,1389.9260378758083,95
27677,522,Sudan,235,95 plus,1389.9260378758083,96
27677,522,Sudan,235,95 plus,1389.9260378758083,97
27677,522,Sudan,235,95 plus,1389.9260378758083,98
27677,522,Sudan,235,95 plus,1389.9260378758083,99
27677,522,Sudan,235,95 plus,1389.9260378758083,100
