location_id,location_name,sex_id,sex_name,year_id,value
217,Sierra Leone,1,Male,1990,7.90277667690359
217,Sierra Leone,2,Female,1990,13.753778009933072
217,Sierra Leone,3,Both,1990,10.91116894279949
172,Equatorial Guinea,1,Male,2010,8.84298471914666
172,Equatorial Guinea,2,Female,2010,19.09749686232518
172,Equatorial Guinea,3,Both,2010,14.39889675656806
57,Belarus,1,Male,1992,6.871481908908331
57,Belarus,2,Female,1992,16.4201253427048
57,Belarus,3,Both,1992,12.1354826402371
68,South Korea,1,Male,1992,15.22308886919398
68,South Korea,2,Female,1992,25.771854012408767
68,South Korea,3,Both,1992,20.60926200829101
196,South Africa,1,Male,1999,17.827260744771532
196,South Africa,2,Female,1999,29.64142711966779
196,South Africa,3,Both,1999,24.18862438832021
8,Taiwan (Province of China),1,Male,2001,24.88166139718566
8,Taiwan (Province of China),2,Female,2001,33.4405464277953
8,Taiwan (Province of China),3,Both,2001,29.104239421565907
33,Armenia,1,Male,2009,7.2336770681551394
33,Armenia,2,Female,2009,13.88402160576936
33,Armenia,3,Both,2009,10.83141896081429
41,Uzbekistan,1,Male,1995,2.08722051094641
41,Uzbekistan,2,Female,1995,8.33218538518666
41,Uzbekistan,3,Both,1995,5.32488965307065
125,Colombia,1,Male,2000,14.12311937073718
125,Colombia,2,Female,2000,25.14753922966918
125,Colombia,3,Both,2000,19.86690301925792
7,North Korea,1,Male,1990,12.01082191875071
7,North Korea,2,Female,1990,21.47790408105248
7,North Korea,3,Both,1990,17.131219151621522
63,Ukraine,1,Male,1995,5.91329636004063
63,Ukraine,2,Female,1995,15.94972010689608
63,Ukraine,3,Both,1995,11.5213179810401
173,Gabon,1,Male,2008,2.8289792176376403
173,Gabon,2,Female,2008,13.658067743787113
173,Gabon,3,Both,2008,8.28441167718919
193,Botswana,1,Male,2009,8.66507808889509
193,Botswana,2,Female,2009,24.11182124906286
193,Botswana,3,Both,2009,16.80562172217362
114,Haiti,1,Male,2010,7.97583943120402
114,Haiti,2,Female,2010,20.72918878944416
114,Haiti,3,Both,2010,14.682669374555472
59,Latvia,1,Male,1998,8.857967556799549
59,Latvia,2,Female,1998,21.215468224608617
59,Latvia,3,Both,1998,15.81876958807158
186,Seychelles,1,Male,2005,11.91750194309126
186,Seychelles,2,Female,2005,19.46403697251895
186,Seychelles,3,Both,2005,15.67428027028006
85,Israel,1,Male,1997,14.21121985651695
85,Israel,2,Female,1997,25.68056063303109
85,Israel,3,Both,1997,20.20458361761273
58,Estonia,1,Male,1995,5.93568970223396
58,Estonia,2,Female,1995,15.081979845959587
58,Estonia,3,Both,1995,11.06769745747584
7,North Korea,1,Male,1998,12.39421772516193
7,North Korea,2,Female,1998,22.02115581068211
7,North Korea,3,Both,1998,17.58627790959807
180,Kenya,1,Male,1996,5.19626587072042
180,Kenya,2,Female,1996,18.93432505092874
180,Kenya,3,Both,1996,12.2108579693461
305,Bermuda,1,Male,2001,13.985390105261413
305,Bermuda,2,Female,2001,31.54099032992689
305,Bermuda,3,Both,2001,23.20952604150189
176,Comoros,1,Male,2010,2.14816202048556
176,Comoros,2,Female,2010,7.81459081720768
176,Comoros,3,Both,2010,5.0435035212788
160,Afghanistan,1,Male,1999,16.18131607765887
160,Afghanistan,2,Female,1999,30.401869674939142
160,Afghanistan,3,Both,1999,23.66885337938418
102,United States,1,Male,1997,15.16644973041776
102,United States,2,Female,1997,25.65802996201684
102,United States,3,Both,1997,20.64139289467964
46,Croatia,1,Male,2001,11.05420027842254
46,Croatia,2,Female,2001,22.75021558645684
46,Croatia,3,Both,2001,17.26589938486677
60,Lithuania,1,Male,2008,12.82165174769507
60,Lithuania,2,Female,2008,23.92418770678651
60,Lithuania,3,Both,2008,19.02383150407114
119,Trinidad and Tobago,1,Male,1994,14.07438302150353
119,Trinidad and Tobago,2,Female,1994,37.88348445850295
119,Trinidad and Tobago,3,Both,1994,26.077545269257367
145,Kuwait,1,Male,1991,34.794551797008275
145,Kuwait,2,Female,1991,55.8873767095095
145,Kuwait,3,Both,1991,42.52929261785151
135,Brazil,1,Male,1991,16.10333456713473
135,Brazil,2,Female,1991,24.87189692661829
135,Brazil,3,Both,1991,20.62882138862206
114,Haiti,1,Male,2002,8.05473418569086
114,Haiti,2,Female,2002,20.45376423612715
114,Haiti,3,Both,2002,14.54925356020969
35,Georgia,1,Male,2007,7.75194210994267
35,Georgia,2,Female,2007,14.88032120767201
35,Georgia,3,Both,2007,11.67373242230426
129,Honduras,1,Male,2000,7.0687664946173
129,Honduras,2,Female,2000,14.72388028208702
129,Honduras,3,Both,2000,11.02643209905508
204,Chad,1,Male,1996,7.69365222791929
204,Chad,2,Female,1996,11.95762963719493
204,Chad,3,Both,1996,9.94888658098264
184,Mozambique,1,Male,1996,3.34683085424247
184,Mozambique,2,Female,1996,7.44867371423859
184,Mozambique,3,Both,1996,5.55613099004011
72,New Zealand,1,Male,1992,16.61872618591091
72,New Zealand,2,Female,1992,25.65916327935451
72,New Zealand,3,Both,1992,21.29375914240195
208,Guinea,1,Male,1996,3.6373181859732497
208,Guinea,2,Female,1996,10.42163422056524
208,Guinea,3,Both,1996,7.21607250729175
376,Northern Mariana Islands,1,Male,1998,20.10621361960682
376,Northern Mariana Islands,2,Female,1998,40.69268064919958
376,Northern Mariana Islands,3,Both,1998,29.62570485645761
86,Italy,1,Male,2000,20.26663782574667
86,Italy,2,Female,2000,36.35305576417879
86,Italy,3,Both,2000,28.724478586425363
522,Sudan,1,Male,2003,50.131219450062645
522,Sudan,2,Female,2003,64.94317436597579
522,Sudan,3,Both,2003,57.48170562740411
218,Togo,1,Male,1990,3.78150126215022
218,Togo,2,Female,1990,6.43368641584544
218,Togo,3,Both,1990,5.21430849263538
200,Benin,1,Male,1999,2.28178968724986
200,Benin,2,Female,1999,4.44027653813336
200,Benin,3,Both,1999,3.44474480006736
114,Haiti,1,Male,1994,8.281901746068671
114,Haiti,2,Female,1994,20.43863985967014
114,Haiti,3,Both,1994,14.61742053568818
118,Suriname,1,Male,2010,25.03254050410225
118,Suriname,2,Female,2010,33.9025956014264
118,Suriname,3,Both,2010,29.522953328948343
112,Grenada,1,Male,2003,9.13381886462901
112,Grenada,2,Female,2003,26.30643509172677
112,Grenada,3,Both,2003,17.84838912708522
12,Laos,1,Male,2001,3.82310015923703
12,Laos,2,Female,2001,7.320192277415121
12,Laos,3,Both,2001,5.61307133286051
298,American Samoa,1,Male,1990,44.33873726108545
298,American Samoa,2,Female,1990,58.84450383124323
298,American Samoa,3,Both,1990,51.42412574262586
142,Iran,1,Male,1999,13.77004866886159
142,Iran,2,Female,1999,32.8401368536131
142,Iran,3,Both,1999,23.09090593757784
191,Zambia,1,Male,1999,5.20585649810293
191,Zambia,2,Female,1999,9.86001952196938
191,Zambia,3,Both,1999,7.55717937324754
54,Slovakia,1,Male,1998,9.65612653567553
54,Slovakia,2,Female,1998,21.29270211575708
54,Slovakia,3,Both,1998,15.80958709145897
99,Uruguay,1,Male,2009,14.05055645992914
99,Uruguay,2,Female,2009,23.49449471353596
99,Uruguay,3,Both,2009,19.09612703731976
180,Kenya,1,Male,2010,5.25216264799007
180,Kenya,2,Female,2010,19.632866871456
180,Kenya,3,Both,2010,12.585695658267149
6,China,1,Male,1996,10.407902319902
6,China,2,Female,1996,18.180719531871752
6,China,3,Both,1996,14.19008776904868
37,Kyrgyzstan,1,Male,2009,5.21154223624167
37,Kyrgyzstan,2,Female,2009,12.57254624053718
37,Kyrgyzstan,3,Both,2009,9.04900162808062
6,China,1,Male,1999,10.27221186779626
6,China,2,Female,1999,18.19823529386568
6,China,3,Both,1999,14.14499598727795
61,Moldova,1,Male,1992,7.04875585761602
61,Moldova,2,Female,1992,15.93500723680556
61,Moldova,3,Both,1992,11.88208984533043
206,The Gambia,1,Male,2004,4.80347197561219
206,The Gambia,2,Female,2004,12.41211655282995
206,The Gambia,3,Both,2004,8.698489217994911
60,Lithuania,1,Male,1992,9.78951796029844
60,Lithuania,2,Female,1992,19.25813629774143
60,Lithuania,3,Both,1992,14.99763978530236
197,Swaziland,1,Male,2009,8.23099176532777
197,Swaziland,2,Female,2009,18.68534684248682
197,Swaziland,3,Both,2009,13.91210713667657
132,Panama,1,Male,1994,9.23181841875995
132,Panama,2,Female,1994,16.600006032197278
132,Panama,3,Both,1994,12.88554301929723
11,Indonesia,1,Male,1998,14.16725542970456
11,Indonesia,2,Female,1998,21.93797987797797
11,Indonesia,3,Both,1998,18.11267581915631
68,South Korea,1,Male,1995,15.749035942685929
68,South Korea,2,Female,1995,26.17249070793023
68,South Korea,3,Both,1995,21.07203987158715
133,Venezuela,1,Male,2000,8.55142947574756
133,Venezuela,2,Female,2000,16.45042842352514
133,Venezuela,3,Both,2000,12.63146037720963
177,Djibouti,1,Male,2008,3.25628245531771
177,Djibouti,2,Female,2008,7.88108108505562
177,Djibouti,3,Both,2008,5.416113884692591
181,Madagascar,1,Male,2005,3.07654289626644
181,Madagascar,2,Female,2005,7.72948648689592
181,Madagascar,3,Both,2005,5.44721806221957
116,Saint Lucia,1,Male,2003,9.67617853732153
116,Saint Lucia,2,Female,2003,25.03503751120354
116,Saint Lucia,3,Both,2003,17.59034502295814
522,Sudan,1,Male,2006,50.6719455495597
522,Sudan,2,Female,2006,65.71479002759439
522,Sudan,3,Both,2006,58.17943491722837
45,Bulgaria,1,Male,1995,13.86863835667301
45,Bulgaria,2,Female,1995,24.88549786276618
45,Bulgaria,3,Both,1995,19.61056809442695
118,Suriname,1,Male,2002,23.45817706529457
118,Suriname,2,Female,2002,31.93744443908341
118,Suriname,3,Both,2002,27.703259430370657
376,Northern Mariana Islands,1,Male,2001,20.685689831041028
376,Northern Mariana Islands,2,Female,2001,39.8479559213428
376,Northern Mariana Islands,3,Both,2001,31.095386441184083
8,Taiwan (Province of China),1,Male,2004,25.26962465575064
8,Taiwan (Province of China),2,Female,2004,33.73131652207701
8,Taiwan (Province of China),3,Both,2004,29.4723476503936
212,Mauritania,1,Male,1993,18.00496297946165
212,Mauritania,2,Female,1993,25.58582298644641
212,Mauritania,3,Both,1993,21.91813559067664
140,Bahrain,1,Male,1991,15.79641732141849
140,Bahrain,2,Female,1991,34.017848947359255
140,Bahrain,3,Both,1991,22.43467401255849
50,Montenegro,1,Male,2001,11.15728725216997
50,Montenegro,2,Female,2001,22.56039623430359
50,Montenegro,3,Both,2001,17.06667027986977
8,Taiwan (Province of China),1,Male,1993,23.79820458727904
8,Taiwan (Province of China),2,Female,1993,32.21663165871466
8,Taiwan (Province of China),3,Both,1993,27.87721166743598
6,China,1,Male,1993,10.45709846174061
6,China,2,Female,1993,18.17301416240986
6,China,3,Both,1993,14.2087527922744
178,Eritrea,1,Male,2008,1.28870801222918
178,Eritrea,2,Female,2008,3.57475884935402
178,Eritrea,3,Both,2008,2.47598163317402
62,Russian Federation,1,Male,1995,6.77638091712686
62,Russian Federation,2,Female,1995,17.25056389587835
62,Russian Federation,3,Both,1995,12.580874016588051
16,Philippines,1,Male,2001,4.24651112278382
16,Philippines,2,Female,2001,8.89748831038682
16,Philippines,3,Both,2001,6.5698404295855495
72,New Zealand,1,Male,1995,16.68889123714022
72,New Zealand,2,Female,1995,25.59134435128364
72,New Zealand,3,Both,1995,21.29584168806349
66,Brunei,1,Male,2003,15.68759689564759
66,Brunei,2,Female,2003,24.17836208169161
66,Brunei,3,Both,2003,19.843217744433268
164,Nepal,1,Male,1999,7.251712725344469
164,Nepal,2,Female,1999,10.64421388734333
164,Nepal,3,Both,1999,8.95565383168451
396,San Marino,1,Male,1998,20.7802948598152
396,San Marino,2,Female,1998,31.04252271678593
396,San Marino,3,Both,1998,26.11526567765148
11,Indonesia,1,Male,1990,14.104571024810788
11,Indonesia,2,Female,1990,22.24085630890148
11,Indonesia,3,Both,1990,18.24223317569717
142,Iran,1,Male,1991,13.921943975598468
142,Iran,2,Female,1991,32.40013445355779
142,Iran,3,Both,1991,22.93483598870374
136,Paraguay,1,Male,1994,10.07548235687014
136,Paraguay,2,Female,1994,14.126226235092773
136,Paraguay,3,Both,1994,12.10366193656928
41,Uzbekistan,1,Male,2009,2.11175922678248
41,Uzbekistan,2,Female,2009,8.72032799585208
41,Uzbekistan,3,Both,2009,5.5227142886605805
36,Kazakhstan,1,Male,1995,6.24557945924483
36,Kazakhstan,2,Female,1995,14.338671040081492
36,Kazakhstan,3,Both,1995,10.60378992433371
193,Botswana,1,Male,1993,9.778299025763811
193,Botswana,2,Female,1993,23.18005477448253
193,Botswana,3,Both,1993,16.970646089689602
8,Taiwan (Province of China),1,Male,1996,24.24731999524262
8,Taiwan (Province of China),2,Female,1996,32.68844584948027
8,Taiwan (Province of China),3,Both,1996,28.36476022176162
8,Taiwan (Province of China),1,Male,1990,23.407966821713792
8,Taiwan (Province of China),2,Female,1990,31.779267150533467
8,Taiwan (Province of China),3,Both,1990,27.437658383443758
13,Malaysia,1,Male,1996,15.16220783182473
13,Malaysia,2,Female,1996,21.68252881231936
13,Malaysia,3,Both,1996,18.39008286372296
207,Ghana,1,Male,1993,8.31894414686075
207,Ghana,2,Female,1993,14.31947451695968
207,Ghana,3,Both,1993,11.41859954552409
184,Mozambique,1,Male,2010,3.13536111006327
184,Mozambique,2,Female,2010,7.600803496166519
184,Mozambique,3,Both,2010,5.52156006789224
194,Lesotho,1,Male,1993,2.7061964101879403
194,Lesotho,2,Female,1993,6.63211478251813
194,Lesotho,3,Both,1993,5.03546731799561
139,Algeria,1,Male,1991,18.82955103086784
139,Algeria,2,Female,1991,35.314744825316104
139,Algeria,3,Both,1991,27.05224297946542
193,Botswana,1,Male,2001,9.20640285786221
193,Botswana,2,Female,2001,23.594745194409512
193,Botswana,3,Both,2001,16.89040725387684
190,Uganda,1,Male,2007,3.08672336462342
190,Uganda,2,Female,2007,7.907289496907211
190,Uganda,3,Both,2007,5.62899955915089
13,Malaysia,1,Male,1990,15.839672577046072
13,Malaysia,2,Female,1990,22.40942396209872
13,Malaysia,3,Both,1990,19.12685252232149
43,Albania,1,Male,2004,8.613477159856691
43,Albania,2,Female,2004,17.28757276033689
43,Albania,3,Both,2004,13.02385522411905
27,Samoa,1,Male,2010,21.89925684938599
27,Samoa,2,Female,2010,60.12238209913659
27,Samoa,3,Both,2010,40.50324871223136
63,Ukraine,1,Male,1998,6.01265341621273
63,Ukraine,2,Female,1998,15.834408349079728
63,Ukraine,3,Both,1998,11.49714705812484
129,Honduras,1,Male,1997,7.11549353813473
129,Honduras,2,Female,1997,14.5869717749256
129,Honduras,3,Both,1997,10.97671494732804
522,Sudan,1,Male,1992,47.74538572437393
522,Sudan,2,Female,1992,62.77695255200002
522,Sudan,3,Both,1992,55.31600549430705
210,Liberia,1,Male,2004,10.40402445210874
210,Liberia,2,Female,2004,32.17180300261269
210,Liberia,3,Both,2004,21.35255751292634
111,Dominican Republic,1,Male,2008,15.16530589806897
111,Dominican Republic,2,Female,2008,20.41239399134042
111,Dominican Republic,3,Both,2008,17.798173241298983
51,Poland,1,Male,2001,14.81878093464372
51,Poland,2,Female,2001,29.885969856179774
51,Poland,3,Both,2001,22.80236821864975
168,Angola,1,Male,1999,5.97460092991636
168,Angola,2,Female,1999,11.86487344367548
168,Angola,3,Both,1999,8.95742890925543
107,Barbados,1,Male,1997,24.96263283340042
107,Barbados,2,Female,1997,52.26789775188456
107,Barbados,3,Both,1997,39.57582179094276
67,Japan,1,Male,1992,29.84921871829479
67,Japan,2,Female,1992,41.55695724179126
67,Japan,3,Both,1992,35.92086035530707
181,Madagascar,1,Male,2008,3.07054364283198
181,Madagascar,2,Female,2008,7.755776736496029
181,Madagascar,3,Both,2008,5.46177531955205
298,American Samoa,1,Male,1998,44.71637183981831
298,American Samoa,2,Female,1998,60.22274532094145
298,American Samoa,3,Both,1998,52.388821138942845
85,Israel,1,Male,2005,13.30952575146948
85,Israel,2,Female,2005,25.60536803828667
85,Israel,3,Both,2005,19.69110616943769
66,Brunei,1,Male,1992,14.77066438320405
66,Brunei,2,Female,1992,23.46694864239974
66,Brunei,3,Both,1992,18.76705586273045
49,Macedonia,1,Male,1995,8.85966270385958
49,Macedonia,2,Female,1995,18.46244039288131
49,Macedonia,3,Both,1995,13.72990905697
298,American Samoa,1,Male,2006,46.55066068155029
298,American Samoa,2,Female,2006,61.23066653058006
298,American Samoa,3,Both,2006,53.88459071167858
22,Fiji,1,Male,2010,19.27941609528099
22,Fiji,2,Female,2010,39.00813028097419
22,Fiji,3,Both,2010,29.038555903942072
320,Cook Islands,1,Male,1990,20.57842629265462
320,Cook Islands,2,Female,1990,38.18399609547621
320,Cook Islands,3,Both,1990,28.98080763005036
201,Burkina Faso,1,Male,2009,3.98618848605753
201,Burkina Faso,2,Female,2009,8.32551933632191
201,Burkina Faso,3,Both,2009,6.31929710674931
214,Nigeria,1,Male,2004,9.332508490663049
214,Nigeria,2,Female,2004,16.752979261626592
214,Nigeria,3,Both,2004,12.9457519503023
212,Mauritania,1,Male,1996,18.07643616861256
212,Mauritania,2,Female,1996,25.76573477211827
212,Mauritania,3,Both,1996,22.03982748421992
374,Niue,1,Male,1990,20.59597167007951
374,Niue,2,Female,1990,39.45539347217778
374,Niue,3,Both,1990,30.45168134725664
13,Malaysia,1,Male,1993,15.427636670921672
13,Malaysia,2,Female,1993,21.96450217015311
13,Malaysia,3,Both,1993,18.68198833150674
171,Democratic Republic of the Congo,1,Male,1996,12.15743707637722
171,Democratic Republic of the Congo,2,Female,1996,19.66159242255382
171,Democratic Republic of the Congo,3,Both,1996,16.05616262974457
148,Morocco,1,Male,2002,22.396752108923
148,Morocco,2,Female,2002,38.519996885489945
148,Morocco,3,Both,2002,30.67839141897381
189,Tanzania,1,Male,1996,1.84051494329056
189,Tanzania,2,Female,1996,3.99882426105645
189,Tanzania,3,Both,1996,2.9694803698251
172,Equatorial Guinea,1,Male,1999,8.12462015085247
172,Equatorial Guinea,2,Female,1999,14.12669724261702
172,Equatorial Guinea,3,Both,1999,11.52762026331862
38,Mongolia,1,Male,2004,3.60489206982924
38,Mongolia,2,Female,2004,6.946869007147851
38,Mongolia,3,Both,2004,5.31697308573782
203,Cape Verde,1,Male,1996,5.0789240126873
203,Cape Verde,2,Female,1996,16.23980706560642
203,Cape Verde,3,Both,1996,11.27396883703032
109,Cuba,1,Male,2006,13.365378468338902
109,Cuba,2,Female,2006,30.90777522103875
109,Cuba,3,Both,2006,22.25603958285336
196,South Africa,1,Male,2005,17.721316030930602
196,South Africa,2,Female,2005,29.8539459972323
196,South Africa,3,Both,2005,24.23810746747239
117,Saint Vincent and the Grenadines,1,Male,2003,9.43652495643547
117,Saint Vincent and the Grenadines,2,Female,2003,24.43123516047098
117,Saint Vincent and the Grenadines,3,Both,2003,16.8630405367314
25,Federated States of Micronesia,1,Male,1998,42.540308095123656
25,Federated States of Micronesia,2,Female,1998,64.27292764671225
25,Federated States of Micronesia,3,Both,1998,53.505127973002296
7,North Korea,1,Male,2006,12.93180779420742
7,North Korea,2,Female,2006,22.85514562187547
7,North Korea,3,Both,2006,18.19525040216514
39,Tajikistan,1,Male,2007,5.44157205939831
39,Tajikistan,2,Female,2007,10.62340090291549
39,Tajikistan,3,Both,2007,8.04903970184022
182,Malawi,1,Male,2008,3.8477721358896
182,Malawi,2,Female,2008,4.64288187303438
182,Malawi,3,Both,2008,4.25684486535014
55,Slovenia,1,Male,2001,11.96447444437004
55,Slovenia,2,Female,2001,23.76478463623487
55,Slovenia,3,Both,2001,18.13422532788656
76,Belgium,1,Male,1992,18.22558235283635
76,Belgium,2,Female,1992,31.26314553327792
76,Belgium,3,Both,1992,25.00394895110114
30,Vanuatu,1,Male,2007,4.48499576475601
30,Vanuatu,2,Female,2007,8.60584196489522
30,Vanuatu,3,Both,2007,6.53326447671552
76,Belgium,1,Male,1995,18.60164108711228
76,Belgium,2,Female,1995,31.678761695517547
76,Belgium,3,Both,1995,25.39766592751426
141,Egypt,1,Male,2000,12.55232419622975
141,Egypt,2,Female,2000,35.54531585023522
141,Egypt,3,Both,2000,23.81984509640359
200,Benin,1,Male,2005,2.08063598053903
200,Benin,2,Female,2005,4.21546275774823
200,Benin,3,Both,2005,3.22570773621605
121,Bolivia,1,Male,2003,10.67724635561427
121,Bolivia,2,Female,2003,13.39668455875681
121,Bolivia,3,Both,2003,12.07023832487004
113,Guyana,1,Male,2006,10.15706144504841
113,Guyana,2,Female,2006,27.58592102628991
113,Guyana,3,Both,2006,18.94927121960327
10,Cambodia,1,Male,1993,2.1171330726693203
10,Cambodia,2,Female,1993,4.701468775921009
10,Cambodia,3,Both,1993,3.56301829637216
216,Senegal,1,Male,1993,11.238090534135251
216,Senegal,2,Female,1993,16.41339673988719
216,Senegal,3,Both,1993,13.925597563960048
10,Cambodia,1,Male,1996,2.01650796423329
10,Cambodia,2,Female,1996,4.595736322566061
10,Cambodia,3,Both,1996,3.4489986659955902
53,Serbia,1,Male,2006,10.16254616732019
53,Serbia,2,Female,2006,20.551569580786992
53,Serbia,3,Both,2006,15.57925971843187
20,Vietnam,1,Male,2001,5.12080460353041
20,Vietnam,2,Female,2001,10.187525207745807
20,Vietnam,3,Both,2001,7.7835162249876495
47,Czech Republic,1,Male,2004,12.68872380788556
47,Czech Republic,2,Female,2004,25.529915030016408
47,Czech Republic,3,Both,2004,19.39229955143384
53,Serbia,1,Male,1995,9.62656017549129
53,Serbia,2,Female,1995,19.20800269902011
53,Serbia,3,Both,1995,14.51287307437564
45,Bulgaria,1,Male,2009,12.4750113492991
45,Bulgaria,2,Female,2009,23.81901399302552
45,Bulgaria,3,Both,2009,18.42969883380603
133,Venezuela,1,Male,1997,8.532288871005681
133,Venezuela,2,Female,1997,16.292255795026662
133,Venezuela,3,Both,1997,12.53887893772826
108,Belize,1,Male,2006,8.60103047822982
108,Belize,2,Female,2006,24.48423620294852
108,Belize,3,Both,2006,16.52696681042478
144,Jordan,1,Male,1991,16.82104610900017
144,Jordan,2,Female,1991,27.03295061517414
144,Jordan,3,Both,1991,21.64591917629814
351,Guam,1,Male,1990,8.24657321325262
351,Guam,2,Female,1990,22.63606655232485
351,Guam,3,Both,1990,14.91648026966671
216,Senegal,1,Male,1996,11.01342565714234
216,Senegal,2,Female,1996,16.37548594952584
216,Senegal,3,Both,1996,13.79734772108818
522,Sudan,1,Male,2009,50.51890724332097
522,Sudan,2,Female,2009,65.89969729370728
522,Sudan,3,Both,2009,58.23489643768954
349,Greenland,1,Male,1990,5.02021957392492
349,Greenland,2,Female,1990,12.388343830108669
349,Greenland,3,Both,1990,8.27618995116075
10,Cambodia,1,Male,1999,1.9357818571888696
10,Cambodia,2,Female,1999,4.50166229926763
10,Cambodia,3,Both,1999,3.34983298052417
142,Iran,1,Male,2007,13.817848456756291
142,Iran,2,Female,2007,33.993750727302455
142,Iran,3,Both,2007,23.74498340004014
69,Singapore,1,Male,2008,19.85799317323583
69,Singapore,2,Female,2008,27.27310038043132
69,Singapore,3,Both,2008,23.36759778788345
196,South Africa,1,Male,2002,17.756267640610503
196,South Africa,2,Female,2002,29.61155074285119
196,South Africa,3,Both,2002,24.15154740695967
185,Rwanda,1,Male,2005,2.44064825833726
185,Rwanda,2,Female,2005,6.93263563038762
185,Rwanda,3,Both,2005,4.89577782880681
54,Slovakia,1,Male,2001,9.78115800853264
54,Slovakia,2,Female,2001,21.70543293212398
54,Slovakia,3,Both,2001,16.08370384990599
58,Estonia,1,Male,1998,6.1794536238283
58,Estonia,2,Female,1998,15.48704458431962
58,Estonia,3,Both,1998,11.407519789936051
15,Myanmar,1,Male,1990,3.2146130295344
15,Myanmar,2,Female,1990,6.03874330142289
15,Myanmar,3,Both,1990,4.67160696237575
74,Andorra,1,Male,2003,17.97591559438255
74,Andorra,2,Female,2003,26.597371303047417
74,Andorra,3,Both,2003,22.10419334605955
12,Laos,1,Male,1993,4.58590835339468
12,Laos,2,Female,1993,8.08142967729043
12,Laos,3,Both,1993,6.39558296657379
36,Kazakhstan,1,Male,2003,6.503132432318159
36,Kazakhstan,2,Female,2003,14.35866437426
36,Kazakhstan,3,Both,2003,10.74548389043662
109,Cuba,1,Male,2009,14.00143483484578
109,Cuba,2,Female,2009,32.210570509355094
109,Cuba,3,Both,2009,23.243431228701468
127,El Salvador,1,Male,2005,10.78846095492839
127,El Salvador,2,Female,2005,18.16961299677751
127,El Salvador,3,Both,2005,14.87711628091344
118,Suriname,1,Male,1994,23.32883917550992
118,Suriname,2,Female,1994,31.61449356521413
118,Suriname,3,Both,1994,27.49763144605862
189,Tanzania,1,Male,2010,1.5295461405277
189,Tanzania,2,Female,2010,3.62372930653894
189,Tanzania,3,Both,2010,2.61995254891507
396,San Marino,1,Male,2001,21.70193662744003
396,San Marino,2,Female,2001,31.63532627682759
396,San Marino,3,Both,2001,26.893014282275228
123,Peru,1,Male,1994,9.82834364152846
123,Peru,2,Female,1994,12.62725175385584
123,Peru,3,Both,1994,11.25541961874535
29,Tonga,1,Male,1998,18.27364406624968
29,Tonga,2,Female,1998,46.46442617939942
29,Tonga,3,Both,1998,32.6691130950611
90,Norway,1,Male,2000,21.32633739498038
90,Norway,2,Female,2000,29.96495426248007
90,Norway,3,Both,2000,25.76265882003032
19,Timor-Leste,1,Male,1990,2.56832080528633
19,Timor-Leste,2,Female,1990,7.91551965343151
19,Timor-Leste,3,Both,1990,5.18829325858609
128,Guatemala,1,Male,1997,3.83169436944809
128,Guatemala,2,Female,1997,7.53866530841229
128,Guatemala,3,Both,1997,5.76239371144721
67,Japan,1,Male,1995,30.93155720120918
67,Japan,2,Female,1995,42.55942675171847
67,Japan,3,Both,1995,36.95985308412945
195,Namibia,1,Male,1999,13.7880584520911
195,Namibia,2,Female,1999,16.70347377282389
195,Namibia,3,Both,1999,15.33153420140286
204,Chad,1,Male,2005,7.17526608853197
204,Chad,2,Female,2005,11.22882970531526
204,Chad,3,Both,2005,9.27062123245751
150,Oman,1,Male,1991,14.896455412277351
150,Oman,2,Female,1991,31.67463853387668
150,Oman,3,Both,1991,20.37477398495261
305,Bermuda,1,Male,1990,12.78471678836749
305,Bermuda,2,Female,1990,29.73928343848831
305,Bermuda,3,Both,1990,21.6737844242889
211,Mali,1,Male,1993,13.295105423700452
211,Mali,2,Female,1993,15.04046531778126
211,Mali,3,Both,1993,14.205563726883618
17,Sri Lanka,1,Male,1996,3.7115365244010095
17,Sri Lanka,2,Female,1996,9.11143923775947
17,Sri Lanka,3,Both,1996,6.453601243764311
393,Saint Kitts and Nevis,1,Male,1990,11.34683368152615
393,Saint Kitts and Nevis,2,Female,1990,26.506781415273476
393,Saint Kitts and Nevis,3,Both,1990,19.31627256685297
7,North Korea,1,Male,2009,13.054455702415572
7,North Korea,2,Female,2009,23.08981340109007
7,North Korea,3,Both,2009,18.33297362627099
6,China,1,Male,2002,10.48433103259202
6,China,2,Female,2002,18.62131913655958
6,China,3,Both,2002,14.47829262425948
198,Zimbabwe,1,Male,1993,7.02047290598872
198,Zimbabwe,2,Female,1993,11.08932249281556
198,Zimbabwe,3,Both,1993,9.144600802957251
15,Myanmar,1,Male,1998,2.66152977415734
15,Myanmar,2,Female,1998,5.17284670808176
15,Myanmar,3,Both,1998,3.9784031789236
115,Jamaica,1,Male,2008,9.919638461629871
115,Jamaica,2,Female,2008,39.72786289130573
115,Jamaica,3,Both,2008,25.25261694556875
128,Guatemala,1,Male,2000,3.68505631275532
128,Guatemala,2,Female,2000,7.32796539552343
128,Guatemala,3,Both,2000,5.59122321483053
218,Togo,1,Male,2004,3.20413910678988
218,Togo,2,Female,2004,6.30332298652419
218,Togo,3,Both,2004,4.853330407593671
176,Comoros,1,Male,1999,2.31831910960459
176,Comoros,2,Female,1999,6.1245148101080495
176,Comoros,3,Both,1999,4.28256109840557
194,Lesotho,1,Male,2007,2.2059718218162603
194,Lesotho,2,Female,2007,6.37865927461455
194,Lesotho,3,Both,2007,4.54771536078325
143,Iraq,1,Male,1991,34.85315893323272
143,Iraq,2,Female,1991,47.17815201651074
143,Iraq,3,Both,1991,40.87742917206592
111,Dominican Republic,1,Male,1997,13.17625153474625
111,Dominican Republic,2,Female,1997,18.087643785754352
111,Dominican Republic,3,Both,1997,15.709202899558033
207,Ghana,1,Male,1996,7.544300831508919
207,Ghana,2,Female,1996,13.382154255348969
207,Ghana,3,Both,1996,10.5523746091623
108,Belize,1,Male,2009,8.692279910066091
108,Belize,2,Female,2009,24.51729151414792
108,Belize,3,Both,2009,16.617991973931957
141,Egypt,1,Male,1994,12.59652561187838
141,Egypt,2,Female,1994,34.91332310295753
141,Egypt,3,Both,1994,23.557760696185905
74,Andorra,1,Male,1992,15.983733662416668
74,Andorra,2,Female,1992,25.23662146496501
74,Andorra,3,Both,1992,20.26325426340283
145,Kuwait,1,Male,2000,36.68349285779574
145,Kuwait,2,Female,2000,58.0369348515974
145,Kuwait,3,Both,2000,44.20096958676041
59,Latvia,1,Male,2001,9.17740210739971
59,Latvia,2,Female,2001,21.85088554607696
59,Latvia,3,Both,2001,16.31690183713527
190,Uganda,1,Male,1996,3.2409395338414297
190,Uganda,2,Female,1996,7.867700480644981
190,Uganda,3,Both,1996,5.64871790852945
12,Laos,1,Male,2004,3.52159122838163
12,Laos,2,Female,2004,7.0873088065943
12,Laos,3,Both,2004,5.33730920310882
127,El Salvador,1,Male,1994,9.59992665112436
127,El Salvador,2,Female,1994,16.09902876785258
127,El Salvador,3,Both,1994,13.08817357567671
49,Macedonia,1,Male,2009,9.45708378662194
49,Macedonia,2,Female,2009,19.80665867234061
49,Macedonia,3,Both,2009,14.640623559870331
131,Nicaragua,1,Male,2005,6.5042367783890205
131,Nicaragua,2,Female,2005,14.2246407518865
131,Nicaragua,3,Both,2005,10.56134603549898
78,Denmark,1,Male,2003,14.650341284738069
78,Denmark,2,Female,2003,25.25570596767589
78,Denmark,3,Both,2003,20.08833479963208
202,Cameroon,1,Male,1993,8.10740336151224
202,Cameroon,2,Female,1993,14.43057356662659
202,Cameroon,3,Both,1993,11.39670287865528
190,Uganda,1,Male,2010,3.0749265607843803
190,Uganda,2,Female,2010,7.95080697034099
190,Uganda,3,Both,2010,5.65467568749135
89,Netherlands,1,Male,1997,10.67004735449015
89,Netherlands,2,Female,1997,18.95867373031505
89,Netherlands,3,Both,1997,14.91922430552891
57,Belarus,1,Male,2006,7.845290340607
57,Belarus,2,Female,2006,17.88355146332253
57,Belarus,3,Both,2006,13.40485743605977
16,Philippines,1,Male,1993,4.3927732660481
16,Philippines,2,Female,1993,9.09315900889819
16,Philippines,3,Both,1993,6.748264269556881
43,Albania,1,Male,2007,9.46479895402765
43,Albania,2,Female,2007,18.56816541813439
43,Albania,3,Both,2007,14.10759656883697
522,Sudan,1,Male,1995,48.16168617444116
522,Sudan,2,Female,1995,63.12923215076508
522,Sudan,3,Both,1995,55.6505978209255
34,Azerbaijan,1,Male,2007,5.62024769855574
34,Azerbaijan,2,Female,2007,11.97873016704034
34,Azerbaijan,3,Both,2007,8.9526687405647
71,Australia,1,Male,1992,25.79390785187702
71,Australia,2,Female,1992,35.33903138197924
71,Australia,3,Both,1992,30.68101377426679
46,Croatia,1,Male,2004,11.663719322652929
46,Croatia,2,Female,2004,24.06345702273292
46,Croatia,3,Both,2004,18.24725259404707
122,Ecuador,1,Male,2002,14.95142929841827
122,Ecuador,2,Female,2002,13.33898779247527
122,Ecuador,3,Both,2002,14.12714483897923
215,Sao Tome and Principe,1,Male,1993,3.15728784815497
215,Sao Tome and Principe,2,Female,1993,11.1698121750004
215,Sao Tome and Principe,3,Both,1993,7.377477442017449
7,North Korea,1,Male,1993,12.15371595986431
7,North Korea,2,Female,1993,21.711271152797888
7,North Korea,3,Both,1993,17.32346313940889
14,Maldives,1,Male,1999,23.80297754740354
14,Maldives,2,Female,1999,50.314183385279
14,Maldives,3,Both,1999,36.71629961250151
26,Papua New Guinea,1,Male,2010,10.70159578382176
26,Papua New Guinea,2,Female,2010,29.24571497241148
26,Papua New Guinea,3,Both,2010,19.7288667051646
367,Monaco,1,Male,1990,22.97515343342979
367,Monaco,2,Female,1990,36.01687266676299
367,Monaco,3,Both,1990,29.957360355143447
17,Sri Lanka,1,Male,1990,3.67946724121823
17,Sri Lanka,2,Female,1990,9.01770717519768
17,Sri Lanka,3,Both,1990,6.34571683919302
14,Maldives,1,Male,1993,23.92157602814688
14,Maldives,2,Female,1993,51.23494579655355
14,Maldives,3,Both,1993,37.0393922696594
62,Russian Federation,1,Male,1998,6.998517374635529
62,Russian Federation,2,Female,1998,17.41009777814368
62,Russian Federation,3,Both,1998,12.764336059196902
185,Rwanda,1,Male,2008,2.40575806345463
185,Rwanda,2,Female,2008,6.9490681444036
185,Rwanda,3,Both,2008,4.85416031733439
132,Panama,1,Male,1997,9.31796843356307
132,Panama,2,Female,1997,16.785562792555712
132,Panama,3,Both,1997,13.02951302014364
141,Egypt,1,Male,1997,12.60857860231256
141,Egypt,2,Female,1997,35.20034909744926
141,Egypt,3,Both,1997,23.6955388593733
71,Australia,1,Male,1995,26.34825990651627
71,Australia,2,Female,1995,35.87568881308678
71,Australia,3,Both,1995,31.2364420830834
154,Tunisia,1,Male,1991,9.29072426856644
154,Tunisia,2,Female,1991,13.99907348399383
154,Tunisia,3,Both,1991,11.63451695363307
204,Chad,1,Male,1999,7.4429800597504
204,Chad,2,Female,1999,11.64197915617864
204,Chad,3,Both,1999,9.6474071598167
128,Guatemala,1,Male,2003,3.51742841147478
128,Guatemala,2,Female,2003,7.30185664425954
128,Guatemala,3,Both,2003,5.50492345684849
186,Seychelles,1,Male,2008,11.82616735731559
186,Seychelles,2,Female,2008,19.44156176620706
186,Seychelles,3,Both,2008,15.55658459726148
80,France,1,Male,1992,19.56298571829456
80,France,2,Female,1992,29.83042848742069
80,France,3,Both,1992,24.953930973350243
75,Austria,1,Male,1992,11.84815186336924
75,Austria,2,Female,1992,26.103982886498027
75,Austria,3,Both,1992,19.43299984265355
14,Maldives,1,Male,1996,23.79623419187645
14,Maldives,2,Female,1996,50.82239782522128
14,Maldives,3,Both,1996,36.91234799411841
203,Cape Verde,1,Male,1999,4.76655857766052
203,Cape Verde,2,Female,1999,16.29840000387939
203,Cape Verde,3,Both,1999,11.10374420081752
35,Georgia,1,Male,2010,7.93622840859677
35,Georgia,2,Female,2010,15.14037549628882
35,Georgia,3,Both,2010,11.89130311959114
132,Panama,1,Male,2000,9.42792753113323
132,Panama,2,Female,2000,16.98047773565633
132,Panama,3,Both,2000,13.19000961736188
12,Laos,1,Male,1990,4.76396034078207
12,Laos,2,Female,1990,8.289218517583361
12,Laos,3,Both,1990,6.597414033189709
47,Czech Republic,1,Male,2007,13.418690480265347
47,Czech Republic,2,Female,2007,27.0294257154649
47,Czech Republic,3,Both,2007,20.49598476721565
22,Fiji,1,Male,1996,16.46197576050732
22,Fiji,2,Female,1996,37.19890108283216
22,Fiji,3,Both,1996,26.785729669076154
140,Bahrain,1,Male,1994,16.30354125266991
140,Bahrain,2,Female,1994,34.14007475133269
140,Bahrain,3,Both,1994,22.99119027492352
380,Palau,1,Male,1990,18.24230346710955
380,Palau,2,Female,1990,38.59790932243549
380,Palau,3,Both,1990,28.16981582587274
180,Kenya,1,Male,1999,5.07922561289417
180,Kenya,2,Female,1999,19.08958053620021
180,Kenya,3,Both,1999,12.25387076988903
113,Guyana,1,Male,2009,10.71438995412537
113,Guyana,2,Female,2009,28.46875013184544
113,Guyana,3,Both,2009,19.71427764479144
117,Saint Vincent and the Grenadines,1,Male,2006,9.9902805203674
117,Saint Vincent and the Grenadines,2,Female,2006,25.22835530441001
117,Saint Vincent and the Grenadines,3,Both,2006,17.51410375397554
6,China,1,Male,2005,11.04740206097054
6,China,2,Female,2005,19.51020647976567
6,China,3,Both,2005,15.21714957763691
149,Palestine,1,Male,1991,12.88401107056027
149,Palestine,2,Female,1991,43.02384977121507
149,Palestine,3,Both,1991,28.48461724548032
208,Guinea,1,Male,2005,3.2826422886674105
208,Guinea,2,Female,2005,10.2102936465179
208,Guinea,3,Both,2005,6.93174283151385
58,Estonia,1,Male,2001,6.3276693448088
58,Estonia,2,Female,2001,16.1467215824118
58,Estonia,3,Both,2001,11.80271124335455
8,Taiwan (Province of China),1,Male,2007,25.52092891874623
8,Taiwan (Province of China),2,Female,2007,33.79622844082199
8,Taiwan (Province of China),3,Both,2007,29.66536133040128
119,Trinidad and Tobago,1,Male,2008,17.30499073320165
119,Trinidad and Tobago,2,Female,2008,41.67846278915462
119,Trinidad and Tobago,3,Both,2008,29.49990202376009
416,Tuvalu,1,Male,2010,14.0499368123889
416,Tuvalu,2,Female,2010,32.281566546465776
416,Tuvalu,3,Both,2010,23.36603295612522
89,Netherlands,1,Male,2005,11.19126003164758
89,Netherlands,2,Female,2005,18.43337656427915
89,Netherlands,3,Both,2005,14.90167618759232
6,China,1,Male,2008,11.78418713777371
6,China,2,Female,2008,20.59655973882597
6,China,3,Both,2008,16.14036518689159
146,Lebanon,1,Male,1999,31.86405454130339
146,Lebanon,2,Female,1999,29.33957898385217
146,Lebanon,3,Both,1999,30.54127882649412
82,Greece,1,Male,2003,14.056960675289352
82,Greece,2,Female,2003,24.38693181302336
82,Greece,3,Both,2003,19.35630828557467
212,Mauritania,1,Male,2005,18.89954572166118
212,Mauritania,2,Female,2005,27.600634975429863
212,Mauritania,3,Both,2005,23.40347433142979
194,Lesotho,1,Male,1996,2.6387444081218603
194,Lesotho,2,Female,1996,6.76559055616697
194,Lesotho,3,Both,1996,5.05409436504286
33,Armenia,1,Male,1998,5.87700225807923
33,Armenia,2,Female,1998,11.77935672436098
33,Armenia,3,Both,1998,9.04754118589546
94,Switzerland,1,Male,2000,14.81128472646246
94,Switzerland,2,Female,2000,26.31154709196985
94,Switzerland,3,Both,2000,20.78683650022658
121,Bolivia,1,Male,2006,10.87507537268527
121,Bolivia,2,Female,2006,13.896395767033429
121,Bolivia,3,Both,2006,12.41875012635773
10,Cambodia,1,Male,2002,1.86245481257972
10,Cambodia,2,Female,2002,4.40771009014271
10,Cambodia,3,Both,2002,3.25578026665305
30,Vanuatu,1,Male,2010,4.32007952063736
30,Vanuatu,2,Female,2010,8.31092273419499
30,Vanuatu,3,Both,2010,6.3061672572017295
115,Jamaica,1,Male,1997,9.3494715199881
115,Jamaica,2,Female,1997,38.08672506690427
115,Jamaica,3,Both,1997,24.24127159454198
132,Panama,1,Male,2003,9.49985090211778
132,Panama,2,Female,2003,17.21659928312194
132,Panama,3,Both,2003,13.352784546386127
61,Moldova,1,Male,2006,7.81004519447705
61,Moldova,2,Female,2006,17.4623375860439
61,Moldova,3,Both,2006,13.013578764838702
135,Brazil,1,Male,2005,17.51207135354525
135,Brazil,2,Female,2005,27.839112643948187
135,Brazil,3,Both,2005,22.88078728335299
422,"Virgin Islands, U.S.",1,Male,1990,8.015891304880949
422,"Virgin Islands, U.S.",2,Female,1990,20.63952949026896
422,"Virgin Islands, U.S.",3,Both,1990,14.71707628033584
152,Saudi Arabia,1,Male,2002,17.185100080191
152,Saudi Arabia,2,Female,2002,34.08053304048233
152,Saudi Arabia,3,Both,2002,23.90740609590633
57,Belarus,1,Male,1995,7.06995363754857
57,Belarus,2,Female,1995,16.692231582979282
57,Belarus,3,Both,1995,12.371707253818627
51,Poland,1,Male,2004,15.000673834703072
51,Poland,2,Female,2004,30.43427720587565
51,Poland,3,Both,2004,23.16890416824369
37,Kyrgyzstan,1,Male,1998,5.17619851231704
37,Kyrgyzstan,2,Female,1998,12.76884475255605
37,Kyrgyzstan,3,Both,1998,9.15717593786028
145,Kuwait,1,Male,1994,34.89789399600737
145,Kuwait,2,Female,1994,55.82332622505957
145,Kuwait,3,Both,1994,42.46199981624391
78,Denmark,1,Male,1992,13.61269095438596
78,Denmark,2,Female,1992,24.69567484725787
78,Denmark,3,Both,1992,19.328680330167742
184,Mozambique,1,Male,1999,3.26412092221594
184,Mozambique,2,Female,1999,7.43372840881045
184,Mozambique,3,Both,1999,5.51201630925578
117,Saint Vincent and the Grenadines,1,Male,2009,10.60031887481055
117,Saint Vincent and the Grenadines,2,Female,2009,25.91142603338524
117,Saint Vincent and the Grenadines,3,Both,2009,18.135164878077788
80,France,1,Male,1995,19.86069874227724
80,France,2,Female,1995,30.06338188585747
80,France,3,Both,1995,25.21543163449
206,The Gambia,1,Male,1993,4.70678754626953
206,The Gambia,2,Female,1993,11.70776003216884
206,The Gambia,3,Both,1993,8.152978225278499
86,Italy,1,Male,2003,20.501426925875048
86,Italy,2,Female,2003,36.65289631773014
86,Italy,3,Both,2003,28.97714411742594
119,Trinidad and Tobago,1,Male,1997,14.42740384288004
119,Trinidad and Tobago,2,Female,1997,38.02621482469368
119,Trinidad and Tobago,3,Both,1997,26.29559215688209
6,China,1,Male,1990,10.59242522352278
6,China,2,Female,1990,18.35613826982754
6,China,3,Both,1990,14.3669773283288
146,Lebanon,1,Male,1991,31.19675785049526
146,Lebanon,2,Female,1991,29.14209717253961
146,Lebanon,3,Both,1991,30.11560207581205
40,Turkmenistan,1,Male,1995,4.65486923653731
40,Turkmenistan,2,Female,1995,10.99242678663106
40,Turkmenistan,3,Both,1995,7.96439509096792
18,Thailand,1,Male,1996,7.51404660328219
18,Thailand,2,Female,1996,13.52333712805901
18,Thailand,3,Both,1996,10.62719290353784
53,Serbia,1,Male,2009,10.29301367022692
53,Serbia,2,Female,2009,20.85887422389657
53,Serbia,3,Both,2009,15.80058951501452
198,Zimbabwe,1,Male,2007,5.98387452296578
198,Zimbabwe,2,Female,2007,10.45880482893161
198,Zimbabwe,3,Both,2007,8.36096682214538
18,Thailand,1,Male,1993,7.31004372528043
18,Thailand,2,Female,1993,13.265029709142151
18,Thailand,3,Both,1993,10.388235507903069
148,Morocco,1,Male,1991,21.45291885329845
148,Morocco,2,Female,1991,37.077492562760575
148,Morocco,3,Both,1991,29.359792073956243
12,Laos,1,Male,2007,3.2797144208563203
12,Laos,2,Female,2007,6.95968766003351
12,Laos,3,Both,2007,5.14580409704445
24,Marshall Islands,1,Male,1990,47.6707391896169
24,Marshall Islands,2,Female,1990,63.14372862618927
24,Marshall Islands,3,Both,1990,55.20029441745478
51,Poland,1,Male,2007,15.46993677792
51,Poland,2,Female,2007,31.187326145978776
51,Poland,3,Both,2007,23.77921239783667
14,Maldives,1,Male,2002,23.68538951708984
14,Maldives,2,Female,2002,50.04346317644054
14,Maldives,3,Both,2002,36.65607837706413
131,Nicaragua,1,Male,1994,6.262898279989789
131,Nicaragua,2,Female,1994,13.39853553187979
131,Nicaragua,3,Both,1994,10.00842087547726
82,Greece,1,Male,1992,14.07689825681801
82,Greece,2,Female,1992,24.41461582158615
82,Greece,3,Both,1992,19.407129819442808
210,Liberia,1,Male,1993,11.435636847329809
210,Liberia,2,Female,1993,31.976677847678168
210,Liberia,3,Both,1993,21.80243472838207
25,Federated States of Micronesia,1,Male,2001,42.677109387631
25,Federated States of Micronesia,2,Female,2001,64.50184733267399
25,Federated States of Micronesia,3,Both,2001,53.73631242557276
208,Guinea,1,Male,1999,3.57388307347999
208,Guinea,2,Female,1999,10.47926435176282
208,Guinea,3,Both,1999,7.209598411271941
125,Colombia,1,Male,2003,14.5037662717216
125,Colombia,2,Female,2003,25.59444241193819
125,Colombia,3,Both,2003,20.302486528502588
121,Bolivia,1,Male,2009,11.07173872166399
121,Bolivia,2,Female,2009,14.34896321965514
121,Bolivia,3,Both,2009,12.742286610217349
194,Lesotho,1,Male,2010,2.08565746945041
194,Lesotho,2,Female,2010,6.16952698707843
194,Lesotho,3,Both,2010,4.34386264313138
68,South Korea,1,Male,1998,16.25913404398605
68,South Korea,2,Female,1998,26.53425285900331
68,South Korea,3,Both,1998,21.51532429646797
305,Bermuda,1,Male,2004,15.078326878553533
305,Bermuda,2,Female,2004,33.30715492412646
305,Bermuda,3,Both,2004,24.657047137342214
435,South Sudan,1,Male,2010,3.24910495704994
435,South Sudan,2,Female,2010,7.76800082089661
435,South Sudan,3,Both,2010,5.47491866705362
10,Cambodia,1,Male,2005,1.7896538784287
10,Cambodia,2,Female,2005,4.30710886746005
10,Cambodia,3,Both,2005,3.16040546819586
198,Zimbabwe,1,Male,1996,6.88752284729445
198,Zimbabwe,2,Female,1996,11.08440252602224
198,Zimbabwe,3,Both,1996,9.09022989674293
200,Benin,1,Male,2002,2.17320541360774
200,Benin,2,Female,2002,4.32267636317951
200,Benin,3,Both,2002,3.32862715448658
16,Philippines,1,Male,2007,4.44656527642526
16,Philippines,2,Female,2007,9.37671680035659
16,Philippines,3,Both,2007,6.9160666648115
156,United Arab Emirates,1,Male,2002,22.852260661519814
156,United Arab Emirates,2,Female,2002,28.95179645511809
156,United Arab Emirates,3,Both,2002,24.33722308378984
150,Oman,1,Male,2000,16.70146593482942
150,Oman,2,Female,2000,33.26061983594837
150,Oman,3,Both,2000,22.66370131173616
84,Ireland,1,Male,1992,17.306979038196328
84,Ireland,2,Female,1992,31.03010988023154
84,Ireland,3,Both,1992,24.36269730710712
189,Tanzania,1,Male,1999,1.7915074143920102
189,Tanzania,2,Female,1999,3.97127963688785
189,Tanzania,3,Both,1999,2.92740173461441
41,Uzbekistan,1,Male,1998,2.02499190544156
41,Uzbekistan,2,Female,1998,8.15879003985858
41,Uzbekistan,3,Both,1998,5.2017405597015705
16,Philippines,1,Male,2004,4.30590106556423
16,Philippines,2,Female,2004,9.05466046083391
16,Philippines,3,Both,2004,6.68029543200936
150,Oman,1,Male,1994,15.38712469014389
150,Oman,2,Female,1994,32.10592948133283
150,Oman,3,Both,1994,20.92887496783429
380,Palau,1,Male,2010,19.58044598911047
380,Palau,2,Female,2010,39.76564253610656
380,Palau,3,Both,2010,28.93275057533955
39,Tajikistan,1,Male,2010,5.3332602972477
39,Tajikistan,2,Female,2010,10.57076324733933
39,Tajikistan,3,Both,2010,7.9647630582123
75,Austria,1,Male,1995,12.20973722493949
75,Austria,2,Female,1995,26.42871827572805
75,Austria,3,Both,1995,19.73335303257256
22,Fiji,1,Male,1990,15.478893328896907
22,Fiji,2,Female,1990,35.70538559941417
22,Fiji,3,Both,1990,25.540189112119386
145,Kuwait,1,Male,1997,35.84782779975592
145,Kuwait,2,Female,1997,56.76489798529975
145,Kuwait,3,Both,1997,43.31724328920348
18,Thailand,1,Male,2002,7.99768586442479
18,Thailand,2,Female,2002,14.2928990458178
18,Thailand,3,Both,2002,11.2692650130428
16,Philippines,1,Male,1990,4.4901253242818
16,Philippines,2,Female,1990,9.25267581283686
16,Philippines,3,Both,1990,6.883572897296911
191,Zambia,1,Male,2005,4.78312078081515
191,Zambia,2,Female,2005,9.73246678300112
191,Zambia,3,Both,2005,7.27269931446593
135,Brazil,1,Male,1994,16.108098052924948
135,Brazil,2,Female,1994,25.101670616106308
135,Brazil,3,Both,1994,20.7644375593571
63,Ukraine,1,Male,2001,6.1246745458499205
63,Ukraine,2,Female,2001,15.87606364717829
63,Ukraine,3,Both,2001,11.56685222267092
13,Malaysia,1,Male,1999,15.36091729573085
13,Malaysia,2,Female,1999,21.85731761348724
13,Malaysia,3,Both,1999,18.56150262911804
20,Vietnam,1,Male,1993,5.54056810164492
20,Vietnam,2,Female,1993,10.43191382441602
20,Vietnam,3,Both,1993,8.16910021796906
136,Paraguay,1,Male,1997,10.05095284027503
136,Paraguay,2,Female,1997,14.087735648711188
136,Paraguay,3,Both,1997,12.0723084119996
162,Bhutan,1,Male,1991,25.635276638902987
162,Bhutan,2,Female,1991,52.15606421119141
162,Bhutan,3,Both,1991,38.04319412047635
18,Thailand,1,Male,1999,7.747397782435001
18,Thailand,2,Female,1999,13.88442459078623
18,Thailand,3,Both,1999,10.93380029917074
62,Russian Federation,1,Male,2001,7.12875291176
62,Russian Federation,2,Female,2001,17.55773555247482
62,Russian Federation,3,Both,2001,12.90716606267384
413,Tokelau,1,Male,1990,20.620016793706288
413,Tokelau,2,Female,1990,39.52952765231698
413,Tokelau,3,Both,1990,30.44917814336964
72,New Zealand,1,Male,1998,17.32837969437252
72,New Zealand,2,Female,1998,25.92513639788393
72,New Zealand,3,Both,1998,21.78304888036226
202,Cameroon,1,Male,2007,7.812949774076131
202,Cameroon,2,Female,2007,14.96859392045812
202,Cameroon,3,Both,2007,11.47772474696692
123,Peru,1,Male,2008,10.94261494962525
123,Peru,2,Female,2008,14.214431660620969
123,Peru,3,Both,2008,12.60470231250097
55,Slovenia,1,Male,2004,12.468096836013007
55,Slovenia,2,Female,2004,24.80096398685375
55,Slovenia,3,Both,2004,18.88440298795834
204,Chad,1,Male,2002,7.251180730501069
204,Chad,2,Female,2002,11.375512852125109
204,Chad,3,Both,2002,9.39946101026423
413,Tokelau,1,Male,2010,21.45209244877707
413,Tokelau,2,Female,2010,40.78328043548453
413,Tokelau,3,Both,2010,31.345561850763247
66,Brunei,1,Male,2006,16.01861057035909
66,Brunei,2,Female,2006,24.56719025813568
66,Brunei,3,Both,2006,20.20093301486656
160,Afghanistan,1,Male,2002,15.306883811887651
160,Afghanistan,2,Female,2002,30.05653185814513
160,Afghanistan,3,Both,2002,23.03446771070721
67,Japan,1,Male,1998,31.97009867492509
67,Japan,2,Female,1998,43.41517567203204
67,Japan,3,Both,1998,37.903773221299645
20,Vietnam,1,Male,2004,5.36009305641967
20,Vietnam,2,Female,2004,10.77239273188172
20,Vietnam,3,Both,2004,8.18875698427201
43,Albania,1,Male,2010,10.19942863020026
43,Albania,2,Female,2010,19.60132506916624
43,Albania,3,Both,2010,14.992392097357548
376,Northern Mariana Islands,1,Male,1990,20.795596864836146
376,Northern Mariana Islands,2,Female,1990,40.11742788334521
376,Northern Mariana Islands,3,Both,1990,29.19580741033218
90,Norway,1,Male,2003,21.6502707426633
90,Norway,2,Female,2003,30.10782169324407
90,Norway,3,Both,2003,25.9864912809872
125,Colombia,1,Male,2006,15.756865640391378
125,Colombia,2,Female,2006,27.55429900351133
125,Colombia,3,Both,2006,21.938186503272387
50,Montenegro,1,Male,2004,11.60291243139752
50,Montenegro,2,Female,2004,23.11541016799952
50,Montenegro,3,Both,2004,17.57627693430151
98,Chile,1,Male,2000,7.93727601545765
98,Chile,2,Female,2000,21.12021722296979
98,Chile,3,Both,2000,14.765776550383949
79,Finland,1,Male,1992,15.96924459136654
79,Finland,2,Female,1992,29.772527502076613
79,Finland,3,Both,1992,23.23153258963721
207,Ghana,1,Male,1999,6.73442163210682
207,Ghana,2,Female,1999,12.57704077402001
207,Ghana,3,Both,1999,9.74299111193399
139,Algeria,1,Male,1994,18.83807721529233
139,Algeria,2,Female,1994,35.490802930244605
139,Algeria,3,Both,1994,27.147166412690886
136,Paraguay,1,Male,2000,10.09927050485529
136,Paraguay,2,Female,2000,14.19700324305076
136,Paraguay,3,Both,2000,12.15124395750334
34,Azerbaijan,1,Male,2010,5.7742043326214
34,Azerbaijan,2,Female,2010,12.41620639374764
34,Azerbaijan,3,Both,2010,9.2370545030952
197,Swaziland,1,Male,1993,8.87834564728662
197,Swaziland,2,Female,1993,16.91248109156664
197,Swaziland,3,Both,1993,13.344598744482369
122,Ecuador,1,Male,2010,15.77958147944555
122,Ecuador,2,Female,2010,14.44665399488616
122,Ecuador,3,Both,2010,15.09604023862125
129,Honduras,1,Male,2003,7.10189800422348
129,Honduras,2,Female,2003,14.96616402683476
129,Honduras,3,Both,2003,11.17708819781426
79,Finland,1,Male,1995,16.15864154699442
79,Finland,2,Female,1995,29.82551847694801
79,Finland,3,Both,1995,23.32684572206854
211,Mali,1,Male,1996,13.13541202710401
211,Mali,2,Female,1996,14.95055928579884
211,Mali,3,Both,1996,14.07567206572525
17,Sri Lanka,1,Male,1993,3.678349343433121
17,Sri Lanka,2,Female,1993,8.992196600061831
17,Sri Lanka,3,Both,1993,6.35534020856387
112,Grenada,1,Male,2009,9.52765897450666
112,Grenada,2,Female,2009,27.97573278944277
112,Grenada,3,Both,2009,18.80168810536402
61,Moldova,1,Male,1995,7.161516645454751
61,Moldova,2,Female,1995,16.17482179670132
61,Moldova,3,Both,1995,12.06105925067976
60,Lithuania,1,Male,2000,10.69148210134298
60,Lithuania,2,Female,2000,20.5580755754893
60,Lithuania,3,Both,2000,16.15915656446832
28,Solomon Islands,1,Male,1990,17.796599743932582
28,Solomon Islands,2,Female,1990,32.132682805711084
28,Solomon Islands,3,Both,1990,24.63874730583798
57,Belarus,1,Male,2009,8.07473855754916
57,Belarus,2,Female,2009,18.23960152375447
57,Belarus,3,Both,2009,13.7091372206223
205,Cote d'Ivoire,1,Male,2009,6.75877678183054
205,Cote d'Ivoire,2,Female,2009,11.3736725036743
205,Cote d'Ivoire,3,Both,2009,8.95333182383244
20,Vietnam,1,Male,2007,5.70748297406267
20,Vietnam,2,Female,2007,11.49161428628301
20,Vietnam,3,Both,2007,8.71902131782171
202,Cameroon,1,Male,1996,8.060514567921311
202,Cameroon,2,Female,1996,14.450771572895448
202,Cameroon,3,Both,1996,11.38014095661153
144,Jordan,1,Male,1994,16.43032062299489
144,Jordan,2,Female,1994,27.076857758437374
144,Jordan,3,Both,1994,21.44685305680136
17,Sri Lanka,1,Male,1999,3.72294246036999
17,Sri Lanka,2,Female,1999,9.29962305614325
17,Sri Lanka,3,Both,1999,6.57877312260822
86,Italy,1,Male,1992,19.04690981338842
86,Italy,2,Female,1992,34.89512649028199
86,Italy,3,Both,1992,27.39128351257979
112,Grenada,1,Male,2006,9.25014749488937
112,Grenada,2,Female,2006,27.152566999989503
112,Grenada,3,Both,2006,18.29359551643598
38,Mongolia,1,Male,2007,3.54124081009066
38,Mongolia,2,Female,2007,6.8319414524813205
38,Mongolia,3,Both,2007,5.22729296433768
153,Syria,1,Male,1991,17.115701520055403
153,Syria,2,Female,1991,32.14496324690161
153,Syria,3,Both,1991,24.45483308321883
29,Tonga,1,Male,2001,18.30713713265132
29,Tonga,2,Female,2001,46.65751180542687
29,Tonga,3,Both,2001,32.74075206990041
195,Namibia,1,Male,2005,13.59814456343386
195,Namibia,2,Female,2005,16.93032308780714
195,Namibia,3,Both,2005,15.355510075728027
20,Vietnam,1,Male,1990,5.82354939191755
20,Vietnam,2,Female,1990,10.82377491310249
20,Vietnam,3,Both,1990,8.52744265641625
71,Australia,1,Male,1998,27.04402941159147
71,Australia,2,Female,1998,36.85918976391064
71,Australia,3,Both,1998,32.08989766546683
83,Iceland,1,Male,1995,16.81016391455808
83,Iceland,2,Female,1995,27.516213720596888
83,Iceland,3,Both,1995,22.220661438748373
139,Algeria,1,Male,2005,19.4070254958108
139,Algeria,2,Female,2005,36.80586154388233
139,Algeria,3,Both,2005,28.06153491314381
136,Paraguay,1,Male,2003,10.23668083517448
136,Paraguay,2,Female,2003,14.369507028162989
136,Paraguay,3,Both,2003,12.30538269976144
116,Saint Lucia,1,Male,2009,10.36376180421591
116,Saint Lucia,2,Female,2009,26.76097307990241
116,Saint Lucia,3,Both,2009,18.74763898717127
116,Saint Lucia,1,Male,2006,9.96065688872318
116,Saint Lucia,2,Female,2006,25.89123728723102
116,Saint Lucia,3,Both,2006,18.13091930653847
140,Bahrain,1,Male,1997,16.80378685093227
140,Bahrain,2,Female,1997,34.33192259854528
140,Bahrain,3,Both,1997,23.54777014929681
215,Sao Tome and Principe,1,Male,1996,3.10400936218606
215,Sao Tome and Principe,2,Female,1996,11.04826586516868
215,Sao Tome and Principe,3,Both,1996,7.286473734971299
67,Japan,1,Male,2001,32.70174922576562
67,Japan,2,Female,2001,43.97490315756175
67,Japan,3,Both,2001,38.54923209344723
14,Maldives,1,Male,2005,23.50306888419495
14,Maldives,2,Female,2005,50.21438415803946
14,Maldives,3,Both,2005,36.74816696551382
216,Senegal,1,Male,2005,10.5023474928555
216,Senegal,2,Female,2005,16.29139736437329
216,Senegal,3,Both,2005,13.49026362400663
84,Ireland,1,Male,1995,17.44325530362018
84,Ireland,2,Female,1995,31.21664124689264
84,Ireland,3,Both,1995,24.52504286658702
55,Slovenia,1,Male,2007,13.18868508136287
55,Slovenia,2,Female,2007,26.268653161495457
55,Slovenia,3,Both,2007,19.95253612404423
88,Malta,1,Male,1992,19.74978022450556
88,Malta,2,Female,1992,31.92874972197024
88,Malta,3,Both,1992,26.06283471609109
154,Tunisia,1,Male,1994,9.04709417166134
154,Tunisia,2,Female,1994,13.77964121512931
154,Tunisia,3,Both,1994,11.41263971235203
208,Guinea,1,Male,2002,3.47972258256902
208,Guinea,2,Female,2002,10.43542749037385
208,Guinea,3,Both,2002,7.14225194588128
59,Latvia,1,Male,2004,9.55333158416958
59,Latvia,2,Female,2004,22.72135984091292
59,Latvia,3,Both,2004,16.97115619252238
83,Iceland,1,Male,1992,16.52300185980998
83,Iceland,2,Female,1992,27.39179079716702
83,Iceland,3,Both,1992,22.00406349675177
212,Mauritania,1,Male,1999,18.24285415804538
212,Mauritania,2,Female,1999,26.08828730354328
212,Mauritania,3,Both,1999,22.28999433552869
11,Indonesia,1,Male,2006,13.76309625268634
11,Indonesia,2,Female,2006,21.89070291544591
11,Indonesia,3,Both,2006,17.86051599907384
76,Belgium,1,Male,1998,18.85297213968952
76,Belgium,2,Female,1998,31.88011755216949
76,Belgium,3,Both,1998,25.62311019027341
191,Zambia,1,Male,2008,4.75803770194331
191,Zambia,2,Female,2008,9.87050858756116
191,Zambia,3,Both,2008,7.329971647330439
351,Guam,1,Male,1996,8.2291777333069
351,Guam,2,Female,1996,23.171019443922468
351,Guam,3,Both,1996,15.30632799300388
54,Slovakia,1,Male,2004,9.67657299992072
54,Slovakia,2,Female,2004,21.885695378095697
54,Slovakia,3,Both,2004,16.11750379089543
144,Jordan,1,Male,1997,16.07488047426415
144,Jordan,2,Female,1997,27.0382363396256
144,Jordan,3,Both,1997,21.26342790852073
38,Mongolia,1,Male,2010,3.62840891815197
38,Mongolia,2,Female,2010,6.90430698990202
38,Mongolia,3,Both,2010,5.30999298161308
123,Peru,1,Male,1997,10.013381424327193
123,Peru,2,Female,1997,12.81650403977448
123,Peru,3,Both,1997,11.4408643928779
190,Uganda,1,Male,1999,3.17768570936741
190,Uganda,2,Female,1999,7.84622554816225
190,Uganda,3,Both,1999,5.61768274493506
127,El Salvador,1,Male,2008,10.83688121069666
127,El Salvador,2,Female,2008,18.57987150770471
127,El Salvador,3,Both,2008,15.157265635118913
22,Fiji,1,Male,1993,15.92179945218652
22,Fiji,2,Female,1993,36.3316724594943
22,Fiji,3,Both,1993,26.08743225912437
26,Papua New Guinea,1,Male,1996,11.25728348076421
26,Papua New Guinea,2,Female,1996,30.437308057729517
26,Papua New Guinea,3,Both,1996,20.5943475375009
157,Yemen,1,Male,1991,15.48467480549462
157,Yemen,2,Female,1991,29.34637410749872
157,Yemen,3,Both,1991,22.52452190596409
7,North Korea,1,Male,2001,12.57865079079892
7,North Korea,2,Female,2001,22.27683487987798
7,North Korea,3,Both,2001,17.781661124484067
7,North Korea,1,Male,1996,12.25985009970832
7,North Korea,2,Female,1996,21.88861048883056
7,North Korea,3,Both,1996,17.46471267404138
211,Mali,1,Male,1999,13.00731604344804
211,Mali,2,Female,1999,14.960794825089572
211,Mali,3,Both,1999,14.00905454888849
143,Iraq,1,Male,1994,34.17147235760306
143,Iraq,2,Female,1994,46.45714328999853
143,Iraq,3,Both,1994,40.137094463380905
206,The Gambia,1,Male,1996,4.73135083041491
206,The Gambia,2,Female,1996,11.88963937405342
206,The Gambia,3,Both,1996,8.27864200643081
127,El Salvador,1,Male,1997,9.87682826151246
127,El Salvador,2,Female,1997,16.56862923144352
127,El Salvador,3,Both,1997,13.50258649295235
131,Nicaragua,1,Male,2008,6.569879681205951
131,Nicaragua,2,Female,2008,14.43238557321242
131,Nicaragua,3,Both,2008,10.69963614331888
74,Andorra,1,Male,2006,17.75765132125002
74,Andorra,2,Female,2006,26.6140918061445
74,Andorra,3,Both,2006,21.97600486711595
87,Luxembourg,1,Male,1992,15.202014223848831
87,Luxembourg,2,Female,1992,26.842917640945853
87,Luxembourg,3,Both,1992,21.23122769667813
71,Australia,1,Male,2001,27.95373269273098
71,Australia,2,Female,2001,38.56104864791877
71,Australia,3,Both,2001,33.413945613594706
33,Armenia,1,Male,2001,6.16761945539838
33,Armenia,2,Female,2001,12.24659829211972
33,Armenia,3,Both,2001,9.44600800337987
87,Luxembourg,1,Male,1995,15.33830604070076
87,Luxembourg,2,Female,1995,26.730545864443823
87,Luxembourg,3,Both,1995,21.224576991121214
46,Croatia,1,Male,2007,12.45465273409446
46,Croatia,2,Female,2007,25.55394822011461
46,Croatia,3,Both,2007,19.3967623328518
140,Bahrain,1,Male,2003,17.57794638538206
140,Bahrain,2,Female,2003,35.66302753263642
140,Bahrain,3,Both,2003,24.38034619107766
25,Federated States of Micronesia,1,Male,1993,41.95320812905557
25,Federated States of Micronesia,2,Female,1993,63.34686062607108
25,Federated States of Micronesia,3,Both,1993,52.54899430248662
214,Nigeria,1,Male,1993,9.15566472574063
214,Nigeria,2,Female,1993,16.98739320615801
214,Nigeria,3,Both,1993,12.80133563472639
37,Kyrgyzstan,1,Male,2001,5.1616119510085
37,Kyrgyzstan,2,Female,2001,12.60257021751962
37,Kyrgyzstan,3,Both,2001,9.04681468782278
164,Nepal,1,Male,2002,7.37602879736717
164,Nepal,2,Female,2002,10.83639902121548
164,Nepal,3,Both,2002,9.11987243664907
25,Federated States of Micronesia,1,Male,2004,42.67059184873358
25,Federated States of Micronesia,2,Female,2004,64.19639905828276
25,Federated States of Micronesia,3,Both,2004,53.56677425741873
75,Austria,1,Male,1998,12.619610544738698
75,Austria,2,Female,1998,26.74798621672742
75,Austria,3,Both,1998,20.07550998136966
61,Moldova,1,Male,2009,8.13084294821692
61,Moldova,2,Female,2009,18.06261808968907
61,Moldova,3,Both,2009,13.47160913772148
196,South Africa,1,Male,2008,17.73861648480009
196,South Africa,2,Female,2008,30.4507452129876
196,South Africa,3,Both,2008,24.52048572534557
26,Papua New Guinea,1,Male,1990,11.773834626898989
26,Papua New Guinea,2,Female,1990,30.55652645796351
26,Papua New Guinea,3,Both,1990,20.82936718681082
22,Fiji,1,Male,1999,17.0576176930237
22,Fiji,2,Female,1999,38.10143151574034
22,Fiji,3,Both,1999,27.506794604058783
198,Zimbabwe,1,Male,2010,5.875282122681281
198,Zimbabwe,2,Female,2010,10.37336387145664
198,Zimbabwe,3,Both,2010,8.27239318199085
30,Vanuatu,1,Male,1996,5.16163924576528
30,Vanuatu,2,Female,1996,9.50671075167822
30,Vanuatu,3,Both,1996,7.29274855690958
171,Democratic Republic of the Congo,1,Male,2004,10.697263881621913
171,Democratic Republic of the Congo,2,Female,2004,18.728703670227706
171,Democratic Republic of the Congo,3,Both,2004,14.80539431828116
194,Lesotho,1,Male,1999,2.53866533251886
194,Lesotho,2,Female,1999,6.81624271638293
194,Lesotho,3,Both,1999,5.0170541064224405
161,Bangladesh,1,Male,1991,6.7365381229177
161,Bangladesh,2,Female,1991,15.05102946742588
161,Bangladesh,3,Both,1991,10.63039163411979
206,The Gambia,1,Male,2007,4.74081949252946
206,The Gambia,2,Female,2007,12.43914147210576
206,The Gambia,3,Both,2007,8.697840213693219
102,United States,1,Male,2000,14.744878123157608
102,United States,2,Female,2000,25.72850068154372
102,United States,3,Both,2000,20.46017328543251
75,Austria,1,Male,2001,13.038408924186207
75,Austria,2,Female,2001,27.058122991385048
75,Austria,3,Both,2001,20.41782558233072
45,Bulgaria,1,Male,1998,13.384271632211089
45,Bulgaria,2,Female,1998,24.3696094579545
45,Bulgaria,3,Both,1998,19.12843926199925
320,Cook Islands,1,Male,1993,20.76019502898369
320,Cook Islands,2,Female,1993,38.979692436672295
320,Cook Islands,3,Both,1993,29.534397974506
126,Costa Rica,1,Male,2002,9.78180282557393
126,Costa Rica,2,Female,2002,18.28537265388012
126,Costa Rica,3,Both,2002,14.12810214162176
152,Saudi Arabia,1,Male,1991,16.16768733384085
152,Saudi Arabia,2,Female,1991,31.23486446596412
152,Saudi Arabia,3,Both,1991,21.95476703382131
149,Palestine,1,Male,1997,12.72707517642041
149,Palestine,2,Female,1997,44.34815954473272
149,Palestine,3,Both,1997,28.63129774087682
46,Croatia,1,Male,2010,13.07999093823488
46,Croatia,2,Female,2010,26.2169383078377
46,Croatia,3,Both,2010,20.02521263778853
143,Iraq,1,Male,2005,33.97790321848022
143,Iraq,2,Female,2005,46.7135345176059
143,Iraq,3,Both,2005,40.0012891509337
94,Switzerland,1,Male,2003,14.86050795882304
94,Switzerland,2,Female,2003,26.46800809533023
94,Switzerland,3,Both,2003,20.88690277643858
78,Denmark,1,Male,2006,15.14138159866603
78,Denmark,2,Female,2006,25.62496349253593
78,Denmark,3,Both,2006,20.51343244063788
90,Norway,1,Male,1992,21.34860539822701
90,Norway,2,Female,1992,30.32678146508466
90,Norway,3,Both,1992,25.97144707548312
131,Nicaragua,1,Male,1997,6.324991906009581
131,Nicaragua,2,Female,1997,13.59756695325322
131,Nicaragua,3,Both,1997,10.14504545251176
36,Kazakhstan,1,Male,1990,6.01040936836094
36,Kazakhstan,2,Female,1990,14.16193716875575
36,Kazakhstan,3,Both,1990,10.39183379802675
69,Singapore,1,Male,1992,20.03992840907807
69,Singapore,2,Female,1992,26.33735525473203
69,Singapore,3,Both,1992,23.22468897685801
50,Montenegro,1,Male,2007,12.04278174201482
50,Montenegro,2,Female,2007,23.99068208045041
50,Montenegro,3,Both,2007,18.247712818460577
149,Palestine,1,Male,1994,12.73497170326662
149,Palestine,2,Female,1994,43.66550994508787
149,Palestine,3,Both,1994,28.492140518007048
19,Timor-Leste,1,Male,1998,2.79798971020477
19,Timor-Leste,2,Female,1998,8.16331303998917
19,Timor-Leste,3,Both,1998,5.451008917152491
147,Libya,1,Male,1999,15.79287879071593
147,Libya,2,Female,1999,32.7204899536491
147,Libya,3,Both,1999,23.85420375153188
44,Bosnia and Herzegovina,1,Male,1995,8.79321909691096
44,Bosnia and Herzegovina,2,Female,1995,15.59035407780214
44,Bosnia and Herzegovina,3,Both,1995,12.31829163465691
197,Swaziland,1,Male,2001,8.618529483696399
197,Swaziland,2,Female,2001,17.34206754431085
197,Swaziland,3,Both,2001,13.428006357535793
122,Ecuador,1,Male,1994,14.29955246899602
122,Ecuador,2,Female,1994,12.89055601519897
122,Ecuador,3,Both,1994,13.58132481421443
175,Burundi,1,Male,1996,3.47070946369687
175,Burundi,2,Female,1996,8.15139435683219
175,Burundi,3,Both,1996,5.91578571226397
93,Sweden,1,Male,2005,17.04053971897295
93,Sweden,2,Female,2005,27.17931776312491
93,Sweden,3,Both,2005,22.22556880043971
146,Lebanon,1,Male,2007,32.90986332178157
146,Lebanon,2,Female,2007,30.030352422905487
146,Lebanon,3,Both,2007,31.394780269893168
77,Cyprus,1,Male,2008,14.50372728232621
77,Cyprus,2,Female,2008,23.3686829759021
77,Cyprus,3,Both,2008,19.051957050374423
11,Indonesia,1,Male,2009,13.970056020732
11,Indonesia,2,Female,2009,22.57418308516139
11,Indonesia,3,Both,2009,18.29551697898332
58,Estonia,1,Male,2004,6.634333827332731
58,Estonia,2,Female,2004,17.07794765331187
58,Estonia,3,Both,2004,12.44745179932239
25,Federated States of Micronesia,1,Male,1990,41.45576917638362
25,Federated States of Micronesia,2,Female,1990,62.57714910593268
25,Federated States of Micronesia,3,Both,1990,51.79937289426346
215,Sao Tome and Principe,1,Male,1999,2.97441895014481
215,Sao Tome and Principe,2,Female,1999,10.91943362867534
215,Sao Tome and Principe,3,Both,1999,7.154055333572599
47,Czech Republic,1,Male,2010,14.13286674753815
47,Czech Republic,2,Female,2010,27.91468490667556
47,Czech Republic,3,Both,2010,21.2723145729265
140,Bahrain,1,Male,2000,17.22783975480301
140,Bahrain,2,Female,2000,34.69684635496089
140,Bahrain,3,Both,2000,23.97715855918934
396,San Marino,1,Male,1990,19.0445135958357
396,San Marino,2,Female,1990,30.03937941164217
396,San Marino,3,Both,1990,24.68829707728051
191,Zambia,1,Male,2002,4.95256325498709
191,Zambia,2,Female,2002,9.73713648540977
191,Zambia,3,Both,2002,7.36271413440148
26,Papua New Guinea,1,Male,1993,11.46870468988248
26,Papua New Guinea,2,Female,1993,30.52517713004442
26,Papua New Guinea,3,Both,1993,20.70412214158944
12,Laos,1,Male,1996,4.32070137009964
12,Laos,2,Female,1996,7.794457713869909
12,Laos,3,Both,1996,6.11186693553803
66,Brunei,1,Male,1995,14.81241708332012
66,Brunei,2,Female,1995,23.45766743709414
66,Brunei,3,Both,1995,18.87190515807849
13,Malaysia,1,Male,2005,16.86177693516271
13,Malaysia,2,Female,2005,23.69966573903328
13,Malaysia,3,Both,2005,20.20484476255276
8,Taiwan (Province of China),1,Male,2010,25.973208968601508
8,Taiwan (Province of China),2,Female,2010,34.34568339124513
8,Taiwan (Province of China),3,Both,2010,30.20093188845196
144,Jordan,1,Male,2003,16.64723591482857
144,Jordan,2,Female,2003,28.10743238230128
144,Jordan,3,Both,2003,22.16523569366613
82,Greece,1,Male,2006,14.222557115300113
82,Greece,2,Female,2006,24.660577325510825
82,Greece,3,Both,2006,19.57811336675985
8,Taiwan (Province of China),1,Male,1999,24.67685308601169
8,Taiwan (Province of China),2,Female,1999,33.25530514837849
8,Taiwan (Province of China),3,Both,1999,28.890046136130948
49,Macedonia,1,Male,1998,8.86208156467865
49,Macedonia,2,Female,1998,18.60182878132662
49,Macedonia,3,Both,1998,13.79844001891307
135,Brazil,1,Male,2008,18.33873039497335
135,Brazil,2,Female,2008,29.1807609841878
135,Brazil,3,Both,2008,23.98195228459269
18,Thailand,1,Male,2005,8.29222374650047
18,Thailand,2,Female,2005,14.8057126130443
18,Thailand,3,Both,2005,11.67832758371541
125,Colombia,1,Male,2009,17.62530085945701
125,Colombia,2,Female,2009,30.56619298184946
125,Colombia,3,Both,2009,24.416575884198625
25,Federated States of Micronesia,1,Male,2007,42.67780931411378
25,Federated States of Micronesia,2,Female,2007,63.40561241868412
25,Federated States of Micronesia,3,Both,2007,53.128563318638776
79,Finland,1,Male,2001,16.6267945782824
79,Finland,2,Female,2001,30.1815834217755
79,Finland,3,Both,2001,23.69969880013084
40,Turkmenistan,1,Male,2003,4.9078898190666
40,Turkmenistan,2,Female,2003,11.50351060156936
40,Turkmenistan,3,Both,2003,8.29994895561031
107,Barbados,1,Male,2000,25.2030819906766
107,Barbados,2,Female,2000,53.01051518087612
107,Barbados,3,Both,2000,40.06390370409615
79,Finland,1,Male,1998,16.33174990596908
79,Finland,2,Female,1998,29.87392720654198
79,Finland,3,Both,1998,23.41707065383335
195,Namibia,1,Male,2002,13.691770406971552
195,Namibia,2,Female,2002,16.76859510973138
195,Namibia,3,Both,2002,15.3174929591
165,Pakistan,1,Male,1991,15.38286907750229
165,Pakistan,2,Female,1991,15.94154058782212
165,Pakistan,3,Both,1991,15.64540002895027
369,Nauru,1,Male,1990,14.25935265181057
369,Nauru,2,Female,1990,33.88467338221677
369,Nauru,3,Both,1990,23.51422678420446
128,Guatemala,1,Male,2009,3.65377192709498
128,Guatemala,2,Female,2009,7.908426784212209
128,Guatemala,3,Both,2009,5.90482461983621
209,Guinea-Bissau,1,Male,2009,6.78666562454902
209,Guinea-Bissau,2,Female,2009,13.47180269187236
209,Guinea-Bissau,3,Both,2009,10.34871140053718
154,Tunisia,1,Male,2000,8.96972721882192
154,Tunisia,2,Female,2000,13.68122494104881
154,Tunisia,3,Both,2000,11.34516686990242
88,Malta,1,Male,1995,20.75830495889759
88,Malta,2,Female,1995,33.15352169741522
88,Malta,3,Both,1995,27.17178538859902
34,Azerbaijan,1,Male,1996,5.26318616327214
34,Azerbaijan,2,Female,1996,11.85795239085486
34,Azerbaijan,3,Both,1996,8.789256818867761
126,Costa Rica,1,Male,2010,10.64628203860561
126,Costa Rica,2,Female,2010,19.3990509343572
126,Costa Rica,3,Both,2010,15.1888329184978
130,Mexico,1,Male,2002,9.30823743513211
130,Mexico,2,Female,2002,17.014793244234287
130,Mexico,3,Both,2002,13.33753406298038
10,Cambodia,1,Male,1990,2.20576772029794
10,Cambodia,2,Female,1990,4.77111290468792
10,Cambodia,3,Both,1990,3.65449078666671
15,Myanmar,1,Male,2006,2.45780833803156
15,Myanmar,2,Female,2006,5.08896643583362
15,Myanmar,3,Both,2006,3.85297177918361
147,Libya,1,Male,2007,16.60490548982304
147,Libya,2,Female,2007,34.816432272137185
147,Libya,3,Both,2007,25.307429793055046
11,Indonesia,1,Male,1993,14.326304035144972
11,Indonesia,2,Female,1993,22.24095349157348
11,Indonesia,3,Both,1993,18.35215152116049
210,Liberia,1,Male,2007,10.27928446128996
210,Liberia,2,Female,2007,32.98468338471412
210,Liberia,3,Both,2007,21.588895037993268
153,Syria,1,Male,1997,17.05568490036036
153,Syria,2,Female,1997,32.828699191168795
153,Syria,3,Both,1997,24.74625006019126
62,Russian Federation,1,Male,2004,7.14003354217108
62,Russian Federation,2,Female,2004,17.95061304851529
62,Russian Federation,3,Both,2004,13.14471161106695
144,Jordan,1,Male,2000,16.29516877646342
144,Jordan,2,Female,2000,27.643353976752174
144,Jordan,3,Both,2000,21.715291177251
129,Honduras,1,Male,2009,7.25560877540593
129,Honduras,2,Female,2009,15.232069132730231
129,Honduras,3,Both,2009,11.42785047556328
374,Niue,1,Male,2006,22.7087820107703
374,Niue,2,Female,2006,41.537902081087566
374,Niue,3,Both,2006,32.17452820505769
179,Ethiopia,1,Male,1996,4.15921504626991
179,Ethiopia,2,Female,1996,9.48132530359776
179,Ethiopia,3,Both,1996,6.82915196610369
50,Montenegro,1,Male,2010,12.26446116579974
50,Montenegro,2,Female,2010,24.18650439599917
50,Montenegro,3,Both,2010,18.44898252444326
48,Hungary,1,Male,1995,9.97928689769943
48,Hungary,2,Female,1995,19.73245978266376
48,Hungary,3,Both,1995,15.24081839485561
147,Libya,1,Male,1991,15.51932903767791
147,Libya,2,Female,1991,32.25772377432756
147,Libya,3,Both,1991,23.00367392868985
170,Congo,1,Male,1991,8.24688310886185
170,Congo,2,Female,1991,11.24291736391398
170,Congo,3,Both,1991,9.81643750732429
129,Honduras,1,Male,2006,7.13123703608128
129,Honduras,2,Female,2006,15.03204935495978
129,Honduras,3,Both,2006,11.24233710798625
23,Kiribati,1,Male,1999,25.82974119951856
23,Kiribati,2,Female,1999,51.12477393314138
23,Kiribati,3,Both,1999,39.16764570982438
216,Senegal,1,Male,1999,10.64002660711466
216,Senegal,2,Female,1999,16.1824300526497
216,Senegal,3,Both,1999,13.513621554663
92,Spain,1,Male,1992,17.048251471875318
92,Spain,2,Female,1992,26.63692715463217
92,Spain,3,Both,1992,22.06393890295399
133,Venezuela,1,Male,2003,8.563996331223441
133,Venezuela,2,Female,2003,16.69394812520326
133,Venezuela,3,Both,2003,12.75618223402614
23,Kiribati,1,Male,2002,25.901902721186048
23,Kiribati,2,Female,2002,51.414367173459205
23,Kiribati,3,Both,2002,39.3850596930495
30,Vanuatu,1,Male,1990,5.37594595715763
30,Vanuatu,2,Female,1990,9.40099401873537
30,Vanuatu,3,Both,1990,7.33587804766578
93,Sweden,1,Male,1997,15.34311071909249
93,Sweden,2,Female,1997,25.523416065025017
93,Sweden,3,Both,1997,20.57716595714762
175,Burundi,1,Male,2004,3.3714689389934502
175,Burundi,2,Female,2004,8.100749583346289
175,Burundi,3,Both,2004,5.760865615291659
150,Oman,1,Male,1997,16.03771009692708
150,Oman,2,Female,1997,32.65961212137966
150,Oman,3,Both,1997,21.74489495756673
44,Bosnia and Herzegovina,1,Male,2003,9.56187014923599
44,Bosnia and Herzegovina,2,Female,2003,17.662072391502008
44,Bosnia and Herzegovina,3,Both,2003,13.78217209985427
15,Myanmar,1,Male,2009,2.58050885366688
15,Myanmar,2,Female,2009,5.46823936017001
15,Myanmar,3,Both,2009,4.11464684174213
51,Poland,1,Male,2010,16.29091496518819
51,Poland,2,Female,2010,31.482949896645803
51,Poland,3,Both,2010,24.30929837972201
81,Germany,1,Male,2008,11.95831350329129
81,Germany,2,Female,2008,23.29324134411299
81,Germany,3,Both,2008,17.82229886644571
26,Papua New Guinea,1,Male,1999,11.096031510851793
26,Papua New Guinea,2,Female,1999,30.276961028632787
26,Papua New Guinea,3,Both,1999,20.46018619684099
169,Central African Republic,1,Male,1991,7.486043167279919
169,Central African Republic,2,Female,1991,18.04667311330207
169,Central African Republic,3,Both,1991,12.996614758823569
38,Mongolia,1,Male,1996,4.01380667992842
38,Mongolia,2,Female,1996,7.47834732564676
38,Mongolia,3,Both,1996,5.78901360384754
41,Uzbekistan,1,Male,2001,2.00560098485066
41,Uzbekistan,2,Female,2001,8.09034325651857
41,Uzbekistan,3,Both,2001,5.15369256769959
212,Mauritania,1,Male,2002,18.47390000071752
212,Mauritania,2,Female,2002,26.584226073351168
212,Mauritania,3,Both,2002,22.66471209594982
148,Morocco,1,Male,1994,21.65317049792824
148,Morocco,2,Female,1994,37.27761454388041
148,Morocco,3,Both,1994,29.587089298900587
198,Zimbabwe,1,Male,1999,6.65238685228427
198,Zimbabwe,2,Female,1999,10.98600154895986
198,Zimbabwe,3,Both,1999,8.94046839498477
29,Tonga,1,Male,1993,18.07228455526371
29,Tonga,2,Female,1993,45.22041837793333
29,Tonga,3,Both,1993,32.09341596102906
153,Syria,1,Male,1994,16.95464615207144
153,Syria,2,Female,1994,32.37024703699557
153,Syria,3,Both,1994,24.47490088639311
349,Greenland,1,Male,1993,5.09380690581919
349,Greenland,2,Female,1993,12.47413070613582
349,Greenland,3,Both,1993,8.40777313304031
128,Guatemala,1,Male,2006,3.52776168251571
128,Guatemala,2,Female,2006,7.5204811143743004
128,Guatemala,3,Both,2006,5.63306298586189
30,Vanuatu,1,Male,1999,4.9639895976830894
30,Vanuatu,2,Female,1999,9.34425425978945
30,Vanuatu,3,Both,1999,7.11873056335955
351,Guam,1,Male,1993,8.19849553458319
351,Guam,2,Female,1993,22.69172952814041
351,Guam,3,Both,1993,14.93534819452892
195,Namibia,1,Male,2008,13.602092498051622
195,Namibia,2,Female,2008,17.21860125277323
195,Namibia,3,Both,2008,15.51086529595102
91,Portugal,1,Male,1992,21.19031005607518
91,Portugal,2,Female,1992,30.55055665215583
91,Portugal,3,Both,1992,26.17026241277502
91,Portugal,1,Male,1995,21.79798129480148
91,Portugal,2,Female,1995,31.471727182838087
91,Portugal,3,Both,1995,26.93189630851764
200,Benin,1,Male,2008,2.0289066134807703
200,Benin,2,Female,2008,4.151078090570301
200,Benin,3,Both,2008,3.16279687891914
83,Iceland,1,Male,2001,17.63331095402655
83,Iceland,2,Female,2001,28.181600161810227
83,Iceland,3,Both,2001,22.96393493780039
23,Kiribati,1,Male,1996,25.81837185174893
23,Kiribati,2,Female,1996,50.72409849599136
23,Kiribati,3,Both,1996,38.87771010719074
203,Cape Verde,1,Male,2002,4.530449798340061
203,Cape Verde,2,Female,2002,16.45059687602925
203,Cape Verde,3,Both,2002,10.99657242735543
203,Cape Verde,1,Male,2005,4.3342282473096505
203,Cape Verde,2,Female,2005,16.64864415630502
203,Cape Verde,3,Both,2005,10.90600741130766
173,Gabon,1,Male,1991,3.4837098346073097
173,Gabon,2,Female,1991,12.14564021664042
173,Gabon,3,Both,1991,7.83940839390747
94,Switzerland,1,Male,1992,14.87925399484324
94,Switzerland,2,Female,1992,26.33351757651406
94,Switzerland,3,Both,1992,20.79325802992249
156,United Arab Emirates,1,Male,1991,21.22991591653167
156,United Arab Emirates,2,Female,1991,27.46940725994379
156,United Arab Emirates,3,Both,1991,22.84012144326873
30,Vanuatu,1,Male,1993,5.30353799854671
30,Vanuatu,2,Female,1993,9.47960721985629
30,Vanuatu,3,Both,1993,7.34766222978741
77,Cyprus,1,Male,1992,13.22132160422484
77,Cyprus,2,Female,1992,22.14413406808674
77,Cyprus,3,Both,1992,17.74353758092952
63,Ukraine,1,Male,2004,6.19851532555044
63,Ukraine,2,Female,2004,16.1230897407188
63,Ukraine,3,Both,2004,11.73918687560347
8,Taiwan (Province of China),1,Male,2002,24.99499811464183
8,Taiwan (Province of China),2,Female,2002,33.552445861313544
8,Taiwan (Province of China),3,Both,2002,29.226524077157467
126,Costa Rica,1,Male,1994,9.26012409408821
126,Costa Rica,2,Female,1994,16.99065369491492
126,Costa Rica,3,Both,1994,13.192649414219982
97,Argentina,1,Male,2005,10.11740006191063
97,Argentina,2,Female,2005,19.44514509126744
97,Argentina,3,Both,2005,15.033259099699109
201,Burkina Faso,1,Male,2001,4.48175593128511
201,Burkina Faso,2,Female,2001,8.32729159955406
201,Burkina Faso,3,Both,2001,6.58054627915861
69,Singapore,1,Male,2000,19.65450675338768
69,Singapore,2,Female,2000,26.40680908964782
69,Singapore,3,Both,2000,22.961814653680975
374,Niue,1,Male,1998,20.98026270011324
374,Niue,2,Female,1998,40.12433271634629
374,Niue,3,Both,1998,30.71215853951082
162,Bhutan,1,Male,1994,26.6926445631739
162,Bhutan,2,Female,1994,52.82836030066994
162,Bhutan,3,Both,1994,39.01881540332059
34,Azerbaijan,1,Male,1999,5.32402082592585
34,Azerbaijan,2,Female,1999,11.76412123473002
34,Azerbaijan,3,Both,1999,8.74975833512972
95,United Kingdom,1,Male,1992,25.499327743154897
95,United Kingdom,2,Female,1992,41.27235228182112
95,United Kingdom,3,Both,1992,33.793008827751606
367,Monaco,1,Male,1993,23.29855053832898
367,Monaco,2,Female,1993,36.29753828375711
367,Monaco,3,Both,1993,30.19302513295609
95,United Kingdom,1,Male,1995,25.51360564709459
95,United Kingdom,2,Female,1995,41.32386603206504
95,United Kingdom,3,Both,1995,33.81069579945184
133,Venezuela,1,Male,2006,8.71691695888554
133,Venezuela,2,Female,2006,17.063053577071692
133,Venezuela,3,Both,2006,13.00690035607538
54,Slovakia,1,Male,2010,10.25909246374453
54,Slovakia,2,Female,2010,23.04194426363968
54,Slovakia,3,Both,2010,16.96589855751551
67,Japan,1,Male,2004,33.40604432558561
67,Japan,2,Female,2004,44.61680244401814
67,Japan,3,Both,2004,39.22602845103238
132,Panama,1,Male,2006,9.62448673487995
132,Panama,2,Female,2006,17.53963436530534
132,Panama,3,Both,2006,13.58454952556809
54,Slovakia,1,Male,2007,9.92049204955951
54,Slovakia,2,Female,2007,22.60522417432678
54,Slovakia,3,Both,2007,16.59509071602589
177,Djibouti,1,Male,1991,2.89040195924726
177,Djibouti,2,Female,1991,7.377865951338709
177,Djibouti,3,Both,1991,4.9799115325488
13,Malaysia,1,Male,2002,15.75639061595617
13,Malaysia,2,Female,2002,22.27306675651039
13,Malaysia,3,Both,2002,18.95514860682312
132,Panama,1,Male,2009,9.89072162518315
132,Panama,2,Female,2009,18.16854867963225
132,Panama,3,Both,2009,14.04030168048211
207,Ghana,1,Male,2005,5.77735969171819
207,Ghana,2,Female,2005,12.37015269941606
207,Ghana,3,Both,2005,9.2091897650267
29,Tonga,1,Male,1990,17.79393901957722
29,Tonga,2,Female,1990,43.88529239114263
29,Tonga,3,Both,1990,31.353849679695887
380,Palau,1,Male,1993,18.21949754885369
380,Palau,2,Female,1993,38.46789632656561
380,Palau,3,Both,1993,28.26357689237809
320,Cook Islands,1,Male,1996,20.94579153412439
320,Cook Islands,2,Female,1996,39.70442649291751
320,Cook Islands,3,Both,1996,30.01963628014404
168,Angola,1,Male,2002,5.97852823824999
168,Angola,2,Female,2002,11.93704281739836
168,Angola,3,Both,2002,9.02612951455222
157,Yemen,1,Male,1997,15.798414084964172
157,Yemen,2,Female,1997,29.507881081843163
157,Yemen,3,Both,1997,22.683315258379817
71,Australia,1,Male,2004,29.50879616359457
71,Australia,2,Female,2004,41.02274585720165
71,Australia,3,Both,2004,35.4378688145665
136,Paraguay,1,Male,2006,10.39279037888859
136,Paraguay,2,Female,2006,14.49832227824711
136,Paraguay,3,Both,2006,12.446324819757953
181,Madagascar,1,Male,1991,3.50365288860822
181,Madagascar,2,Female,1991,8.03461414589356
181,Madagascar,3,Both,1991,5.79103995055721
34,Azerbaijan,1,Male,1993,5.30124990575701
34,Azerbaijan,2,Female,1993,12.01920597890329
34,Azerbaijan,3,Both,1993,8.90272664761568
10,Cambodia,1,Male,2008,1.71817982539561
10,Cambodia,2,Female,2008,4.21463684497178
10,Cambodia,3,Both,2008,3.06986886879372
38,Mongolia,1,Male,1999,3.8426788164203
38,Mongolia,2,Female,1999,7.25282066384275
38,Mongolia,3,Both,1999,5.5915442691989306
46,Croatia,1,Male,1996,10.31066370527847
46,Croatia,2,Female,1996,20.9018178015682
46,Croatia,3,Both,1996,15.912994121800669
11,Indonesia,1,Male,2001,13.93458491558324
11,Indonesia,2,Female,2001,21.750669613516
11,Indonesia,3,Both,2001,17.89416651638143
68,South Korea,1,Male,2001,16.83405389056068
68,South Korea,2,Female,2001,26.90559794580626
68,South Korea,3,Both,2001,21.99134101073228
16,Philippines,1,Male,1996,4.2922431448593406
16,Philippines,2,Female,1996,8.939167821148091
16,Philippines,3,Both,1996,6.615113527476001
29,Tonga,1,Male,2004,18.76032163947118
29,Tonga,2,Female,2004,46.79118688242045
29,Tonga,3,Both,2004,33.02534032181918
139,Algeria,1,Male,2008,19.8589460957024
139,Algeria,2,Female,2008,37.40785395283166
139,Algeria,3,Both,2008,28.57640133302685
522,Sudan,1,Male,1998,48.85984610985521
522,Sudan,2,Female,1998,63.72685322993296
522,Sudan,3,Both,1998,56.25610792718852
66,Brunei,1,Male,2009,16.28751724832258
66,Brunei,2,Female,2009,24.94995860475008
66,Brunei,3,Both,2009,20.49747152698237
161,Bangladesh,1,Male,1997,6.28617895397329
161,Bangladesh,2,Female,1997,14.17924829071278
161,Bangladesh,3,Both,1997,9.98942762040324
413,Tokelau,1,Male,1993,20.476244706642017
413,Tokelau,2,Female,1993,39.219654690949966
413,Tokelau,3,Both,1993,30.21482684254378
59,Latvia,1,Male,2007,9.91396678071623
59,Latvia,2,Female,2007,23.48394048216513
59,Latvia,3,Both,2007,17.56383104964595
83,Iceland,1,Male,1998,17.21444760359412
83,Iceland,2,Female,1998,27.736374317845367
83,Iceland,3,Both,1998,22.53872027599923
34,Azerbaijan,1,Male,1990,5.28823974055727
34,Azerbaijan,2,Female,1990,12.13466767641596
34,Azerbaijan,3,Both,1990,8.960120342820629
75,Austria,1,Male,2004,13.2603203016341
75,Austria,2,Female,2004,27.117471432427493
75,Austria,3,Both,2004,20.524864457261742
202,Cameroon,1,Male,2010,7.88882089512837
202,Cameroon,2,Female,2010,15.267117960852367
202,Cameroon,3,Both,2010,11.66144665930862
74,Andorra,1,Male,1995,16.573200908522352
74,Andorra,2,Female,1995,25.52245043888522
74,Andorra,3,Both,1995,20.7697434951367
210,Liberia,1,Male,1996,11.346152843835547
210,Liberia,2,Female,1996,31.55662633880267
210,Liberia,3,Both,1996,21.60608040330228
218,Togo,1,Male,1993,3.66541813698409
218,Togo,2,Female,1993,6.40101440489317
218,Togo,3,Both,1993,5.13488021248053
80,France,1,Male,1998,20.07299881667779
80,France,2,Female,1998,30.299618920325788
80,France,3,Both,1998,25.43999530965304
149,Palestine,1,Male,2003,12.57430803957076
149,Palestine,2,Female,2003,44.34393752324269
149,Palestine,3,Both,2003,28.38845282318097
23,Kiribati,1,Male,1993,25.99142996378857
23,Kiribati,2,Female,1993,50.21448823204655
23,Kiribati,3,Both,1993,38.65506375973014
98,Chile,1,Male,2003,8.11301131803942
98,Chile,2,Female,2003,22.0293127298196
98,Chile,3,Both,2003,15.3253602696201
87,Luxembourg,1,Male,2001,15.45039397162282
87,Luxembourg,2,Female,2001,26.427631282712223
87,Luxembourg,3,Both,2001,21.10902851928239
148,Morocco,1,Male,2005,22.8035620451891
148,Morocco,2,Female,2005,39.55570487623894
148,Morocco,3,Both,2005,31.41341667739675
214,Nigeria,1,Male,2007,9.162505937113387
214,Nigeria,2,Female,2007,16.68134546991594
214,Nigeria,3,Both,2007,12.8875680380333
157,Yemen,1,Male,1994,15.642668710118029
157,Yemen,2,Female,1994,29.438009173508178
157,Yemen,3,Both,1994,22.61134867889051
99,Uruguay,1,Male,1992,13.44303173469921
99,Uruguay,2,Female,1992,21.19810337459922
99,Uruguay,3,Both,1992,17.545376981582738
349,Greenland,1,Male,1996,5.24556993185778
349,Greenland,2,Female,1996,12.647104250075053
349,Greenland,3,Both,1996,8.59436710745026
33,Armenia,1,Male,1993,5.49427054370069
33,Armenia,2,Female,1993,11.45794557405146
33,Armenia,3,Both,1993,8.66564335942644
172,Equatorial Guinea,1,Male,2002,8.28112732211217
172,Equatorial Guinea,2,Female,2002,15.06380710084796
172,Equatorial Guinea,3,Both,2002,12.10932143009454
86,Italy,1,Male,2006,20.73760357585802
86,Italy,2,Female,2006,36.62403555628561
86,Italy,3,Both,2006,29.052741353009797
207,Ghana,1,Male,2002,6.08211600997702
207,Ghana,2,Female,2002,12.10801260219845
207,Ghana,3,Both,2002,9.19671059032299
185,Rwanda,1,Male,1991,2.55605309154093
185,Rwanda,2,Female,1991,7.00941347769173
185,Rwanda,3,Both,1991,4.89158351904338
214,Nigeria,1,Male,1996,9.16752102329544
214,Nigeria,2,Female,1996,16.75180665792552
214,Nigeria,3,Both,1996,12.73453024612782
78,Denmark,1,Male,1995,13.86272027054786
78,Denmark,2,Female,1995,24.8368678892591
78,Denmark,3,Both,1995,19.51183076453523
133,Venezuela,1,Male,2009,9.13974786825408
133,Venezuela,2,Female,2009,17.85805663458056
133,Venezuela,3,Both,2009,13.61299110841108
99,Uruguay,1,Male,1995,13.48824828978549
99,Uruguay,2,Female,1995,21.3213793647916
99,Uruguay,3,Both,1995,17.63844897532477
102,United States,1,Male,2003,14.25572886354653
102,United States,2,Female,2003,26.092609677075764
102,United States,3,Both,2003,20.40043458857
29,Tonga,1,Male,2007,18.71034011901108
29,Tonga,2,Female,2007,46.27048351862909
29,Tonga,3,Both,2007,32.751692053968114
320,Cook Islands,1,Male,1999,21.56853265183203
320,Cook Islands,2,Female,1999,40.45939411658024
320,Cook Islands,3,Both,1999,30.67003582999636
27,Samoa,1,Male,1996,19.48313620627484
27,Samoa,2,Female,1996,59.28368969414407
27,Samoa,3,Both,1996,38.770783526230026
218,Togo,1,Male,2007,3.1302559895875097
218,Togo,2,Female,2007,6.269212432131741
218,Togo,3,Both,2007,4.80620017846838
202,Cameroon,1,Male,1999,7.933137205903789
202,Cameroon,2,Female,1999,14.60626004577631
202,Cameroon,3,Both,1999,11.38774008714082
151,Qatar,1,Male,1999,17.842020989819048
151,Qatar,2,Female,1999,40.48289059442881
151,Qatar,3,Both,1999,24.074476853040867
135,Brazil,1,Male,1997,16.207039723729668
135,Brazil,2,Female,1997,25.42006061812577
135,Brazil,3,Both,1997,20.98637647661124
45,Bulgaria,1,Male,2001,12.92962028766623
45,Bulgaria,2,Female,2001,23.84992182101205
45,Bulgaria,3,Both,2001,18.64988672558576
376,Northern Mariana Islands,1,Male,2004,21.283142766986927
376,Northern Mariana Islands,2,Female,2004,40.83175314225363
376,Northern Mariana Islands,3,Both,2004,31.00221136929637
152,Saudi Arabia,1,Male,1994,16.70352199424868
152,Saudi Arabia,2,Female,1994,32.385944855794094
152,Saudi Arabia,3,Both,1994,22.72661220658007
369,Nauru,1,Male,1996,13.119230063580762
369,Nauru,2,Female,1996,33.06289953083064
369,Nauru,3,Both,1996,22.88601198060509
13,Malaysia,1,Male,2008,17.859227003008428
13,Malaysia,2,Female,2008,25.13340333206302
13,Malaysia,3,Both,2008,21.398707327817178
40,Turkmenistan,1,Male,1990,4.72204647188822
40,Turkmenistan,2,Female,1990,11.11846324038549
40,Turkmenistan,3,Both,1990,8.079221817806062
136,Paraguay,1,Male,2009,10.54130271403731
136,Paraguay,2,Female,2009,14.74032296213271
136,Paraguay,3,Both,2009,12.64000838364446
161,Bangladesh,1,Male,1994,6.51412780151825
161,Bangladesh,2,Female,1994,14.51078590754542
161,Bangladesh,3,Both,1994,10.254400837221567
201,Burkina Faso,1,Male,1993,4.9837353406880895
201,Burkina Faso,2,Female,1993,8.76198185405415
201,Burkina Faso,3,Both,1993,7.05336465646183
183,Mauritius,1,Male,1996,8.96892123857094
183,Mauritius,2,Female,1996,16.32299694320705
183,Mauritius,3,Both,1996,12.70185261115489
27,Samoa,1,Male,2002,19.88385063720298
27,Samoa,2,Female,2002,60.26236410862972
27,Samoa,3,Both,2002,39.49958057293778
170,Congo,1,Male,1994,7.86896834313424
170,Congo,2,Female,1994,11.085611628820349
170,Congo,3,Both,1994,9.54091034330401
141,Egypt,1,Male,2006,11.66799030606244
141,Egypt,2,Female,2006,34.624453375522975
141,Egypt,3,Both,2006,22.874610673205968
385,Puerto Rico,1,Male,1996,16.149016356376418
385,Puerto Rico,2,Female,1996,31.9727648088389
385,Puerto Rico,3,Both,1996,24.60744856921834
130,Mexico,1,Male,1994,9.70501381590849
130,Mexico,2,Female,1994,17.904880728989887
130,Mexico,3,Both,1994,13.95183053741455
33,Armenia,1,Male,2004,6.470096661015471
33,Armenia,2,Female,2004,12.72915243063942
33,Armenia,3,Both,2004,9.85365336557398
82,Greece,1,Male,1995,14.02801712841755
82,Greece,2,Female,1995,24.33623253349221
82,Greece,3,Both,1995,19.33248989596762
98,Chile,1,Male,1992,7.64623380814141
98,Chile,2,Female,1992,18.83932600354835
98,Chile,3,Both,1992,13.48328250896133
218,Togo,1,Male,1996,3.5567558180055
218,Togo,2,Female,1996,6.3713894186124405
218,Togo,3,Both,1996,5.06245487798469
143,Iraq,1,Male,2008,34.616655564265905
143,Iraq,2,Female,2008,47.60785943791459
143,Iraq,3,Both,2008,40.818637785431136
14,Maldives,1,Male,1990,23.70885680502928
14,Maldives,2,Female,1990,51.332009044691176
14,Maldives,3,Both,1990,36.75110080903751
19,Timor-Leste,1,Male,2006,2.9741692858749
19,Timor-Leste,2,Female,2006,8.6528950337953
19,Timor-Leste,3,Both,2006,5.77653654507777
162,Bhutan,1,Male,2000,27.82775602162664
162,Bhutan,2,Female,2000,54.69045411890497
162,Bhutan,3,Both,2000,40.28760354045914
130,Mexico,1,Male,2010,10.27562746142601
130,Mexico,2,Female,2010,18.920296055521
130,Mexico,3,Both,2010,14.800069107232138
55,Slovenia,1,Male,2010,13.72539353815106
55,Slovenia,2,Female,2010,26.966631249345408
55,Slovenia,3,Both,2010,20.537220084430192
416,Tuvalu,1,Male,1996,14.43434008627176
416,Tuvalu,2,Female,1996,32.33035714780386
416,Tuvalu,3,Both,1996,24.22292929668743
179,Ethiopia,1,Male,2004,3.98982940679908
179,Ethiopia,2,Female,2004,9.92474082389942
179,Ethiopia,3,Both,2004,6.944759824198229
23,Kiribati,1,Male,2005,26.00246893675563
23,Kiribati,2,Female,2005,51.49819020545248
23,Kiribati,3,Both,2005,39.46862019115208
81,Germany,1,Male,1992,11.48367964895119
81,Germany,2,Female,1992,23.14251521780022
81,Germany,3,Both,1992,17.62286259318188
52,Romania,1,Male,1995,13.02969294979162
52,Romania,2,Female,1995,27.35417247667435
52,Romania,3,Both,1995,20.4881558389239
48,Hungary,1,Male,2003,9.64890892072918
48,Hungary,2,Female,2003,20.21474162305402
48,Hungary,3,Both,2003,15.355000692144948
101,Canada,1,Male,2005,8.129382124523291
101,Canada,2,Female,2005,13.96147785646198
101,Canada,3,Both,2005,11.1555276304856
58,Estonia,1,Male,2010,7.56223320089302
58,Estonia,2,Female,2010,19.00779745587154
58,Estonia,3,Both,2010,13.90501198678288
58,Estonia,1,Male,2007,7.07949562436198
58,Estonia,2,Female,2007,18.07619783035099
58,Estonia,3,Both,2007,13.1931732528536
203,Cape Verde,1,Male,2008,4.27595025474746
203,Cape Verde,2,Female,2008,16.906164117916788
203,Cape Verde,3,Both,2008,10.89064450646432
33,Armenia,1,Male,1990,5.3476252747909
33,Armenia,2,Female,1990,11.48023989599126
33,Armenia,3,Both,1990,8.590177209231891
213,Niger,1,Male,2009,8.54938521781712
213,Niger,2,Female,2009,17.504672992359872
213,Niger,3,Both,2009,13.118132634008282
102,United States,1,Male,1992,15.326825873515151
102,United States,2,Female,1992,25.65975491615705
102,United States,3,Both,1992,20.74574676824801
37,Kyrgyzstan,1,Male,1993,5.28174205985101
37,Kyrgyzstan,2,Female,1993,13.1515869260451
37,Kyrgyzstan,3,Both,1993,9.44662424633175
97,Argentina,1,Male,1997,10.3503301920015
97,Argentina,2,Female,1997,18.478219227272614
97,Argentina,3,Both,1997,14.627541626766693
15,Myanmar,1,Male,1993,3.0178168782016
15,Myanmar,2,Female,1993,5.7071003514311
15,Myanmar,3,Both,1993,4.41358441723331
111,Dominican Republic,1,Male,2000,13.455741637920552
111,Dominican Republic,2,Female,2000,18.40156784179399
111,Dominican Republic,3,Both,2000,15.98351893367829
151,Qatar,1,Male,2007,17.98431311215579
151,Qatar,2,Female,2007,42.60651558619862
151,Qatar,3,Both,2007,23.61879832770629
393,Saint Kitts and Nevis,1,Male,1998,10.29996560249007
393,Saint Kitts and Nevis,2,Female,1998,25.860076698073847
393,Saint Kitts and Nevis,3,Both,1998,18.23372546103848
15,Myanmar,1,Male,2001,2.4979550980689
15,Myanmar,2,Female,2001,4.97631995789527
15,Myanmar,3,Both,2001,3.80427646342571
385,Puerto Rico,1,Male,1990,16.353783297440362
385,Puerto Rico,2,Female,1990,30.753979546858627
385,Puerto Rico,3,Both,1990,24.01409118431633
142,Iran,1,Male,2002,13.846258944686122
142,Iran,2,Female,2002,33.45607306196119
142,Iran,3,Both,2002,23.43604653039586
63,Ukraine,1,Male,2007,6.40788983996366
63,Ukraine,2,Female,2007,16.68334950435911
63,Ukraine,3,Both,2007,12.14755534908142
216,Senegal,1,Male,2002,10.50645321805869
216,Senegal,2,Female,2002,16.20663561230253
216,Senegal,3,Both,2002,13.45460469841171
369,Nauru,1,Male,1993,13.674526465429778
369,Nauru,2,Female,1993,33.43031010153655
369,Nauru,3,Both,1993,23.189313881758387
14,Maldives,1,Male,2008,22.38101005508156
14,Maldives,2,Female,2008,50.49740339633689
14,Maldives,3,Both,2008,36.01216544045375
27,Samoa,1,Male,1999,19.59546583967483
27,Samoa,2,Female,1999,59.643852878786085
27,Samoa,3,Both,1999,39.02041885579997
72,New Zealand,1,Male,2001,18.96862528750458
72,New Zealand,2,Female,2001,27.21040764316499
72,New Zealand,3,Both,2001,23.26120268872779
27,Samoa,1,Male,1993,19.73554656514391
27,Samoa,2,Female,1993,59.28319136387679
27,Samoa,3,Both,1993,38.943713382589465
38,Mongolia,1,Male,1990,4.31519122268527
38,Mongolia,2,Female,1990,7.878127968283399
38,Mongolia,3,Both,1990,6.12820301349535
154,Tunisia,1,Male,1997,8.966343636886421
154,Tunisia,2,Female,1997,13.708618600114288
154,Tunisia,3,Both,1997,11.346321239488889
141,Egypt,1,Male,2009,11.01338306596836
141,Egypt,2,Female,2009,33.675789194743075
141,Egypt,3,Both,2009,22.03251723193963
92,Spain,1,Male,1995,16.99777789150733
92,Spain,2,Female,1995,26.82039840598913
92,Spain,3,Both,1995,22.13223758230502
178,Eritrea,1,Male,1991,1.40261954637015
178,Eritrea,2,Female,1991,3.55898127455072
178,Eritrea,3,Both,1991,2.55197249572435
19,Timor-Leste,1,Male,2009,2.93341065117037
19,Timor-Leste,2,Female,2009,8.725350924172801
19,Timor-Leste,3,Both,2009,5.7824871975742
393,Saint Kitts and Nevis,1,Male,2006,10.72050339455209
393,Saint Kitts and Nevis,2,Female,2006,26.85366270038984
393,Saint Kitts and Nevis,3,Both,2006,18.80343658685295
24,Marshall Islands,1,Male,1998,47.82770688860068
24,Marshall Islands,2,Female,1998,63.374326674774096
24,Marshall Islands,3,Both,1998,55.38447624465624
205,Cote d'Ivoire,1,Male,2001,6.61695643909558
205,Cote d'Ivoire,2,Female,2001,10.84951217092062
205,Cote d'Ivoire,3,Both,2001,8.65323818265013
101,Canada,1,Male,1997,7.29727584332782
101,Canada,2,Female,1997,12.81151127422139
101,Canada,3,Both,1997,10.1531297641158
183,Mauritius,1,Male,2004,9.45366705252433
183,Mauritius,2,Female,2004,17.6274663793382
183,Mauritius,3,Both,2004,13.63486488570705
85,Israel,1,Male,2008,13.21989064421316
85,Israel,2,Female,2008,25.53612427659541
85,Israel,3,Both,2008,19.5935260160456
155,Turkey,1,Male,2007,14.55497829810536
155,Turkey,2,Female,2007,28.81412883985887
155,Turkey,3,Both,2007,21.74212392489286
155,Turkey,1,Male,1999,13.43086932605432
155,Turkey,2,Female,1999,26.0346734667371
155,Turkey,3,Both,1999,19.76485534078555
20,Vietnam,1,Male,1996,5.289741879694391
20,Vietnam,2,Female,1996,10.14164291974735
20,Vietnam,3,Both,1996,7.8759593942581505
33,Armenia,1,Male,2007,6.9670992456193
33,Armenia,2,Female,2007,13.44979388776677
33,Armenia,3,Both,2007,10.47373465557563
206,The Gambia,1,Male,2010,4.7235788282258095
206,The Gambia,2,Female,2010,12.53325108022825
206,The Gambia,3,Both,2010,8.74079956064085
187,Somalia,1,Male,1996,3.0646101934784697
187,Somalia,2,Female,1996,7.7380969944710305
187,Somalia,3,Both,1996,5.498081767621351
160,Afghanistan,1,Male,1991,21.32332676129107
160,Afghanistan,2,Female,1991,33.233224818511445
160,Afghanistan,3,Both,1991,27.71390149942799
44,Bosnia and Herzegovina,1,Male,1990,8.13342406523569
44,Bosnia and Herzegovina,2,Female,1990,15.04010933253529
44,Bosnia and Herzegovina,3,Both,1990,11.6650907983737
105,Antigua and Barbuda,1,Male,2005,10.1674341003732
105,Antigua and Barbuda,2,Female,2005,24.49808140008514
105,Antigua and Barbuda,3,Both,2005,17.94613237074417
205,Cote d'Ivoire,1,Male,1993,6.87257122197263
205,Cote d'Ivoire,2,Female,1993,10.86041170826579
205,Cote d'Ivoire,3,Both,1993,8.78373921553346
59,Latvia,1,Male,2010,10.26931630879012
59,Latvia,2,Female,2010,24.16275129547514
59,Latvia,3,Both,2010,18.09703809890368
156,United Arab Emirates,1,Male,1994,21.4936124850482
156,United Arab Emirates,2,Female,1994,27.512894174644607
156,United Arab Emirates,3,Both,1994,22.98330987590705
38,Mongolia,1,Male,1993,4.16639385297103
38,Mongolia,2,Female,1993,7.68092839078089
38,Mongolia,3,Both,1993,5.96159746712887
50,Montenegro,1,Male,1996,10.72011116014499
50,Montenegro,2,Female,1996,22.18136891168665
50,Montenegro,3,Both,1996,16.630839318845318
12,Laos,1,Male,2010,3.17613235807978
12,Laos,2,Female,2010,6.9993951908214695
12,Laos,3,Both,2010,5.10756147899969
27,Samoa,1,Male,2005,20.54317860367851
27,Samoa,2,Female,2005,60.56970864315532
27,Samoa,3,Both,2005,40.00807772744807
90,Norway,1,Male,2006,22.10957967182983
90,Norway,2,Female,2006,30.474156998318108
90,Norway,3,Both,2006,26.38566271207687
351,Guam,1,Male,2005,9.74407768774626
351,Guam,2,Female,2005,25.589835373450743
351,Guam,3,Both,2005,17.59642074728651
206,The Gambia,1,Male,1999,4.78599162831399
206,The Gambia,2,Female,1999,12.13205691544127
206,The Gambia,3,Both,1999,8.47372648231808
145,Kuwait,1,Male,2006,37.15518046412651
145,Kuwait,2,Female,2006,60.181831362868365
145,Kuwait,3,Both,2006,45.49097489312004
84,Ireland,1,Male,1998,17.457918298760237
84,Ireland,2,Female,1998,31.34441252794598
84,Ireland,3,Both,1998,24.58393668222012
176,Comoros,1,Male,2002,2.23028613711441
176,Comoros,2,Female,2002,6.22643121351287
176,Comoros,3,Both,2002,4.28533573728794
7,North Korea,1,Male,1999,12.45646504465628
7,North Korea,2,Female,1999,22.11791651448496
7,North Korea,3,Both,1999,17.658880068203057
422,"Virgin Islands, U.S.",1,Male,1998,9.1297506752229
422,"Virgin Islands, U.S.",2,Female,1998,23.35675878674709
422,"Virgin Islands, U.S.",3,Both,1998,16.68919521062913
77,Cyprus,1,Male,2000,13.78287938744055
77,Cyprus,2,Female,2000,22.76806239827473
77,Cyprus,3,Both,2000,18.35352043469645
149,Palestine,1,Male,2000,12.704886588862548
149,Palestine,2,Female,2000,44.33478470580757
149,Palestine,3,Both,2000,28.489000732139655
367,Monaco,1,Male,1996,23.74533621567612
367,Monaco,2,Female,1996,36.599941738888745
367,Monaco,3,Both,1996,30.51565282836809
165,Pakistan,1,Male,1994,15.061695060743313
165,Pakistan,2,Female,1994,15.78142486305228
165,Pakistan,3,Both,1994,15.40016235739444
211,Mali,1,Male,2005,13.18684119813803
211,Mali,2,Female,2005,15.604811749396813
211,Mali,3,Both,2005,14.413597634943558
18,Thailand,1,Male,1990,7.17779880283879
18,Thailand,2,Female,1990,13.073544760881962
18,Thailand,3,Both,1990,10.22304084465966
91,Portugal,1,Male,2001,21.95409870521917
91,Portugal,2,Female,2001,32.35974808972087
91,Portugal,3,Both,2001,27.447255812617488
140,Bahrain,1,Male,2009,17.81273435283025
140,Bahrain,2,Female,2009,37.32057933859276
140,Bahrain,3,Both,2009,24.30705729055787
46,Croatia,1,Male,1999,10.70386912483697
46,Croatia,2,Female,1999,21.90390309696586
46,Croatia,3,Both,1999,16.64647126695916
396,San Marino,1,Male,2004,22.568411352185088
396,San Marino,2,Female,2004,32.2697928313327
396,San Marino,3,Both,2004,27.655452076717268
53,Serbia,1,Male,1998,9.617062452418509
53,Serbia,2,Female,1998,19.31420121154498
53,Serbia,3,Both,1998,14.583459060067568
187,Somalia,1,Male,2004,2.8377847052390304
187,Somalia,2,Female,2004,7.65295033091814
187,Somalia,3,Both,2004,5.31944545103493
416,Tuvalu,1,Male,1990,14.42057962485298
416,Tuvalu,2,Female,1990,31.9826684309129
416,Tuvalu,3,Both,1990,24.19785815626166
422,"Virgin Islands, U.S.",1,Male,2006,10.66883413972431
422,"Virgin Islands, U.S.",2,Female,2006,26.276605938661053
422,"Virgin Islands, U.S.",3,Both,2006,19.00471176824467
19,Timor-Leste,1,Male,2001,2.87171307545936
19,Timor-Leste,2,Female,2001,8.30930784845195
19,Timor-Leste,3,Both,2001,5.56459216172674
62,Russian Federation,1,Male,2007,7.32900941076025
62,Russian Federation,2,Female,2007,18.52592219479839
62,Russian Federation,3,Both,2007,13.56058429061294
52,Romania,1,Male,2003,13.90168889999364
52,Romania,2,Female,2003,29.22782241267451
52,Romania,3,Both,2003,21.92618788965803
146,Lebanon,1,Male,2002,31.95293415522053
146,Lebanon,2,Female,2002,29.34473943377697
146,Lebanon,3,Both,2002,30.58619935347841
107,Barbados,1,Male,2003,26.03341729211805
107,Barbados,2,Female,2003,54.11999925897773
107,Barbados,3,Both,2003,41.01390255946661
19,Timor-Leste,1,Male,1993,2.64636861225924
19,Timor-Leste,2,Female,1993,7.93923156976107
19,Timor-Leste,3,Both,1993,5.25231744847956
105,Antigua and Barbuda,1,Male,1997,9.78632158559531
105,Antigua and Barbuda,2,Female,1997,23.80852005010654
105,Antigua and Barbuda,3,Both,1997,17.40389314257011
217,Sierra Leone,1,Male,2009,7.38151728520699
217,Sierra Leone,2,Female,2009,13.802818880844182
217,Sierra Leone,3,Both,2009,10.71586974777795
209,Guinea-Bissau,1,Male,2001,7.02384144631283
209,Guinea-Bissau,2,Female,2001,13.601248476782809
209,Guinea-Bissau,3,Both,2001,10.51746219847369
142,Iran,1,Male,2010,14.07304488889386
142,Iran,2,Female,2010,34.43389564403697
142,Iran,3,Both,2010,24.15567661427975
85,Israel,1,Male,1992,14.48288383546385
85,Israel,2,Female,1992,25.301464295787017
85,Israel,3,Both,1992,20.13825754248948
209,Guinea-Bissau,1,Male,1993,7.283258273399169
209,Guinea-Bissau,2,Female,1993,13.53849462702058
209,Guinea-Bissau,3,Both,1993,10.6325754166099
24,Marshall Islands,1,Male,2009,46.84412227471704
24,Marshall Islands,2,Female,2009,63.97314451776936
24,Marshall Islands,3,Both,2009,55.169543743125885
163,India,1,Male,1999,12.053096905816089
163,India,2,Female,1999,15.805415637359848
163,India,3,Both,1999,13.87738026393134
28,Solomon Islands,1,Male,1998,17.31566402140569
28,Solomon Islands,2,Female,1998,32.455991377864926
28,Solomon Islands,3,Both,1998,24.6195317563436
435,South Sudan,1,Male,1990,3.8459921225784
435,South Sudan,2,Female,1990,8.08324027082241
435,South Sudan,3,Both,1990,5.79038674830906
147,Libya,1,Male,2002,15.736696797293352
147,Libya,2,Female,2002,32.96466498938642
147,Libya,3,Both,2002,23.994614957046508
89,Netherlands,1,Male,2008,11.75538250929934
89,Netherlands,2,Female,2008,18.859783401225847
89,Netherlands,3,Both,2008,15.394374684326609
106,The Bahamas,1,Male,2005,10.94362085127078
106,The Bahamas,2,Female,2005,27.068665356984575
106,The Bahamas,3,Both,2005,19.42993305277872
139,Algeria,1,Male,1997,18.87200435336177
139,Algeria,2,Female,1997,35.72057310798497
139,Algeria,3,Both,1997,27.28194917537095
86,Italy,1,Male,1995,19.53233734946978
86,Italy,2,Female,1995,35.54544276434487
86,Italy,3,Both,1995,27.95971199464209
37,Kyrgyzstan,1,Male,2004,5.19766450092391
37,Kyrgyzstan,2,Female,2004,12.584525535449732
37,Kyrgyzstan,3,Both,2004,9.04644888471348
74,Andorra,1,Male,2009,18.40728450085084
74,Andorra,2,Female,2009,27.26478803021334
74,Andorra,3,Both,2009,22.65111794948053
37,Kyrgyzstan,1,Male,2007,5.21072180566272
37,Kyrgyzstan,2,Female,2007,12.565121694278169
37,Kyrgyzstan,3,Both,2007,9.04269747773237
178,Eritrea,1,Male,1994,1.38052095150035
178,Eritrea,2,Female,1994,3.52992212603456
178,Eritrea,3,Both,1994,2.5280634096656303
204,Chad,1,Male,2008,7.17924764300156
204,Chad,2,Female,2008,11.1815579071223
204,Chad,3,Both,2008,9.23613085387626
115,Jamaica,1,Male,2000,9.33880999303829
115,Jamaica,2,Female,2000,38.44579064919099
115,Jamaica,3,Both,2000,24.40739547855725
68,South Korea,1,Male,2004,17.58017241732876
68,South Korea,2,Female,2004,27.37868280097641
68,South Korea,3,Both,2004,22.60455267533342
35,Georgia,1,Male,1996,7.367026565608691
35,Georgia,2,Female,1996,14.13047711688038
35,Georgia,3,Both,1996,11.09192292885965
369,Nauru,1,Male,2005,12.22766609986636
369,Nauru,2,Female,2005,32.452673185659044
369,Nauru,3,Both,2005,22.39552950098747
68,South Korea,1,Male,2007,18.25626742886671
68,South Korea,2,Female,2007,27.8316065732492
68,South Korea,3,Both,2007,23.17346052427297
208,Guinea,1,Male,2008,3.11245955549775
208,Guinea,2,Female,2008,9.9169476553614
208,Guinea,3,Both,2008,6.70693265299397
180,Kenya,1,Male,2002,4.98149944514908
180,Kenya,2,Female,2002,19.18226908605013
180,Kenya,3,Both,2002,12.25467773074817
141,Egypt,1,Male,2003,12.16782399865712
141,Egypt,2,Female,2003,35.22442509606026
141,Egypt,3,Both,2003,23.449653645556328
182,Malawi,1,Male,1991,4.07389497477814
182,Malawi,2,Female,1991,5.1656251897013
182,Malawi,3,Both,1991,4.63389034149732
49,Macedonia,1,Male,2001,8.91837951679573
49,Macedonia,2,Female,2001,18.69895863755178
49,Macedonia,3,Both,2001,13.855611006511287
385,Puerto Rico,1,Male,1993,16.086138615276948
385,Puerto Rico,2,Female,1993,31.09877135973285
385,Puerto Rico,3,Both,1993,24.09255487802147
35,Georgia,1,Male,1993,7.2403702456342
35,Georgia,2,Female,1993,14.09290447226606
35,Georgia,3,Both,1993,11.00545323105363
63,Ukraine,1,Male,2010,6.62623127692336
63,Ukraine,2,Female,2010,17.18271970903895
63,Ukraine,3,Both,2010,12.51323674303445
76,Belgium,1,Male,2001,19.10646293792697
76,Belgium,2,Female,2001,32.076201356630065
76,Belgium,3,Both,2001,25.84585458207337
170,Congo,1,Male,2000,7.037111877602211
170,Congo,2,Female,2000,10.52826501488381
170,Congo,3,Both,2000,8.81913119215957
88,Malta,1,Male,1998,21.70963884748934
88,Malta,2,Female,1998,34.349286012265864
88,Malta,3,Both,1998,28.23515783113999
305,Bermuda,1,Male,1993,12.86765567940518
305,Bermuda,2,Female,1993,30.01423378299511
305,Bermuda,3,Both,1993,21.85894659518424
18,Thailand,1,Male,2008,8.61144148512537
18,Thailand,2,Female,2008,15.30080552133157
18,Thailand,3,Both,2008,12.08734405966765
39,Tajikistan,1,Male,1996,5.41491312649735
39,Tajikistan,2,Female,1996,11.39664684596212
39,Tajikistan,3,Both,1996,8.466795102099919
12,Laos,1,Male,2002,3.72183979300568
12,Laos,2,Female,2002,7.23091938071512
12,Laos,3,Both,2002,5.5147600703645
305,Bermuda,1,Male,2007,16.300187768442502
305,Bermuda,2,Female,2007,35.33733541971702
305,Bermuda,3,Both,2007,26.30770996345526
213,Niger,1,Male,2001,8.48343285566702
213,Niger,2,Female,2001,17.026208670134
213,Niger,3,Both,2001,12.74761992752913
89,Netherlands,1,Male,1992,10.80052141814158
89,Netherlands,2,Female,1992,19.34246781243532
89,Netherlands,3,Both,1992,15.19062491130119
151,Qatar,1,Male,1991,15.59163742822872
151,Qatar,2,Female,1991,39.13217311592664
151,Qatar,3,Both,1991,21.551479080083368
24,Marshall Islands,1,Male,2006,47.10599026571487
24,Marshall Islands,2,Female,2006,63.84102706321152
24,Marshall Islands,3,Both,2006,55.24446007642234
146,Lebanon,1,Male,2010,33.9975019930154
146,Lebanon,2,Female,2010,31.02218246960769
146,Lebanon,3,Both,2010,32.42629461822507
211,Mali,1,Male,2002,13.047793054131828
211,Mali,2,Female,2002,15.198501294139149
211,Mali,3,Both,2002,14.14276523329491
165,Pakistan,1,Male,1997,14.87287200677108
165,Pakistan,2,Female,1997,15.72921425281514
165,Pakistan,3,Both,1997,15.2772733842968
24,Marshall Islands,1,Male,1993,47.85203935867624
24,Marshall Islands,2,Female,1993,63.16785064172271
24,Marshall Islands,3,Both,1993,55.30476551339171
62,Russian Federation,1,Male,2010,7.64329505909644
62,Russian Federation,2,Female,2010,18.99628165227376
62,Russian Federation,3,Both,2010,13.958375704455412
109,Cuba,1,Male,1992,12.38520556480056
109,Cuba,2,Female,1992,27.63094791628571
109,Cuba,3,Both,1992,20.07414213624941
93,Sweden,1,Male,2008,17.79945728590116
93,Sweden,2,Female,2008,27.50208939469281
93,Sweden,3,Both,2008,22.746177814755796
35,Georgia,1,Male,2002,7.437367058890371
35,Georgia,2,Female,2002,14.238954408627242
35,Georgia,3,Both,2002,11.19071104814051
72,New Zealand,1,Male,2004,20.83606572217586
72,New Zealand,2,Female,2004,28.9355736466475
72,New Zealand,3,Both,2004,25.055203413450688
28,Solomon Islands,1,Male,2009,15.87822311975553
28,Solomon Islands,2,Female,2009,31.43008982324907
28,Solomon Islands,3,Both,2009,23.52125447415529
212,Mauritania,1,Male,2008,19.3428683824648
212,Mauritania,2,Female,2008,28.534617949909443
212,Mauritania,3,Both,2008,24.10257630324236
385,Puerto Rico,1,Male,2005,18.47664310676836
385,Puerto Rico,2,Female,2005,35.75788022451301
385,Puerto Rico,3,Both,2005,27.7327654361879
145,Kuwait,1,Male,2009,36.98197381709932
145,Kuwait,2,Female,2009,61.1849215467623
145,Kuwait,3,Both,2009,46.18214168303517
110,Dominica,1,Male,2005,4.90972610684424
110,Dominica,2,Female,2005,24.68987830178296
110,Dominica,3,Both,2005,14.99976364509156
35,Georgia,1,Male,1999,7.407941431635399
35,Georgia,2,Female,1999,14.17656348685242
35,Georgia,3,Both,1999,11.1427654257471
217,Sierra Leone,1,Male,2001,7.98144057923216
217,Sierra Leone,2,Female,2001,14.12689902798384
217,Sierra Leone,3,Both,2001,11.230778933026391
142,Iran,1,Male,1994,13.988379653653398
142,Iran,2,Female,1994,32.61682020364697
142,Iran,3,Both,1994,23.096860914561308
81,Germany,1,Male,2000,11.76295181628267
81,Germany,2,Female,2000,23.20717152705951
81,Germany,3,Both,2000,17.720838948108792
435,South Sudan,1,Male,1996,3.64283143258759
435,South Sudan,2,Female,1996,7.93051755117275
435,South Sudan,3,Both,1996,5.63210183309915
36,Kazakhstan,1,Male,1998,6.381784621465609
36,Kazakhstan,2,Female,1998,14.39284163719998
36,Kazakhstan,3,Both,1998,10.707466058477
213,Niger,1,Male,1993,8.6288436002402
213,Niger,2,Female,1993,16.459251578631658
213,Niger,3,Both,1993,12.5409705389573
46,Croatia,1,Male,1990,10.11266392365936
46,Croatia,2,Female,1990,20.23188255305375
46,Croatia,3,Both,1990,15.446579740084902
152,Saudi Arabia,1,Male,2005,17.17383285484235
152,Saudi Arabia,2,Female,2005,34.50972152304808
152,Saudi Arabia,3,Both,2005,24.10463481537339
25,Federated States of Micronesia,1,Male,1996,42.35898197331991
25,Federated States of Micronesia,2,Female,1996,63.96526335183174
25,Federated States of Micronesia,3,Both,1996,53.1901758387385
164,Nepal,1,Male,1991,6.81853712267512
164,Nepal,2,Female,1991,10.57661517890804
164,Nepal,3,Both,1991,8.70981630880236
48,Hungary,1,Male,1990,10.5601549169296
48,Hungary,2,Female,1990,19.855895149205168
48,Hungary,3,Both,1990,15.5427071561529
41,Uzbekistan,1,Male,2007,2.06826182820381
41,Uzbekistan,2,Female,2007,8.48499672966849
41,Uzbekistan,3,Both,2007,5.38193889907362
41,Uzbekistan,1,Male,1993,2.1535956679734
41,Uzbekistan,2,Female,1993,8.496513086987969
41,Uzbekistan,3,Both,1993,5.4457678714612605
94,Switzerland,1,Male,2006,14.939823492783493
94,Switzerland,2,Female,2006,26.84545707563226
94,Switzerland,3,Both,2006,21.09715116440187
16,Philippines,1,Male,2010,4.627892544896231
16,Philippines,2,Female,2010,9.79411699837726
16,Philippines,3,Both,2010,7.21876845214255
111,Dominican Republic,1,Male,2003,14.024889357327442
111,Dominican Republic,2,Female,2003,19.02988385035149
111,Dominican Republic,3,Both,2003,16.560316828256873
78,Denmark,1,Male,2009,15.84908112673687
78,Denmark,2,Female,2009,26.25706001695653
78,Denmark,3,Both,2009,21.17735931471634
184,Mozambique,1,Male,2002,3.20340342938684
184,Mozambique,2,Female,2002,7.45908456933748
184,Mozambique,3,Both,2002,5.49151426432188
305,Bermuda,1,Male,1996,13.03523640425716
305,Bermuda,2,Female,1996,30.2073770009047
305,Bermuda,3,Both,1996,22.04584617415515
210,Liberia,1,Male,1999,10.69169796366327
210,Liberia,2,Female,1999,31.15951093901232
210,Liberia,3,Both,1999,21.07126215849571
143,Iraq,1,Male,1997,33.59263015411369
143,Iraq,2,Female,1997,45.7123625228193
143,Iraq,3,Both,1997,39.428106729555104
52,Romania,1,Male,1990,12.62388075205564
52,Romania,2,Female,1990,26.36871245005819
52,Romania,3,Both,1990,19.75258073530653
119,Trinidad and Tobago,1,Male,2000,15.00014867928128
119,Trinidad and Tobago,2,Female,2000,38.52222097484713
119,Trinidad and Tobago,3,Both,2000,26.79800891251476
29,Tonga,1,Male,1996,18.18776250764316
29,Tonga,2,Female,1996,46.046688040292224
29,Tonga,3,Both,1996,32.47150489002591
90,Norway,1,Male,1995,21.2509310972575
90,Norway,2,Female,1995,30.18311561245548
90,Norway,3,Both,1995,25.84728058294612
12,Laos,1,Male,1999,4.02187803629639
12,Laos,2,Female,1999,7.486650075248489
12,Laos,3,Both,1999,5.80139151541897
210,Liberia,1,Male,2010,10.41496560911206
210,Liberia,2,Female,2010,34.00477488062107
210,Liberia,3,Both,2010,22.11889608667309
160,Afghanistan,1,Male,1994,19.48554802361361
160,Afghanistan,2,Female,1994,32.136595195298426
160,Afghanistan,3,Both,1994,26.27344227996669
87,Luxembourg,1,Male,1998,15.356459003018848
87,Luxembourg,2,Female,1998,26.47339358669433
87,Luxembourg,3,Both,1998,21.09026826622965
153,Syria,1,Male,2003,17.27915509972626
153,Syria,2,Female,2003,33.322169959539785
153,Syria,3,Both,2003,25.09417758593831
522,Sudan,1,Male,2001,49.6148747005284
522,Sudan,2,Female,2001,64.39625898116988
522,Sudan,3,Both,2001,56.942807789041815
351,Guam,1,Male,1999,8.49096067494277
351,Guam,2,Female,1999,23.94704735360185
351,Guam,3,Both,1999,15.99953648343117
156,United Arab Emirates,1,Male,2005,23.873636032054648
156,United Arab Emirates,2,Female,2005,30.47950828727356
156,United Arab Emirates,3,Both,2005,25.479118156163373
147,Libya,1,Male,2010,17.42130322853563
147,Libya,2,Female,2010,36.14619495204069
147,Libya,3,Both,2010,26.349594055559272
53,Serbia,1,Male,2001,9.76789718413177
53,Serbia,2,Female,2001,19.60828908310531
53,Serbia,3,Both,2001,14.84306024711341
140,Bahrain,1,Male,2006,17.81899786269
140,Bahrain,2,Female,2006,36.58539616290905
140,Bahrain,3,Both,2006,24.55581656170178
60,Lithuania,1,Male,2003,11.36146860157066
60,Lithuania,2,Female,2003,21.73027504772248
60,Lithuania,3,Both,2003,17.12055971937555
37,Kyrgyzstan,1,Male,1990,5.277928586448811
37,Kyrgyzstan,2,Female,1990,13.15550881788383
37,Kyrgyzstan,3,Both,1990,9.46431408849212
8,Taiwan (Province of China),1,Male,2005,25.3780192111324
8,Taiwan (Province of China),2,Female,2005,33.782186002382296
8,Taiwan (Province of China),3,Both,2005,29.562959259397942
41,Uzbekistan,1,Male,2004,2.02518907675294
41,Uzbekistan,2,Female,2004,8.22129250643653
41,Uzbekistan,3,Both,2004,5.22753723950085
186,Seychelles,1,Male,1991,11.9310263205862
186,Seychelles,2,Female,1991,20.88323645588521
186,Seychelles,3,Both,1991,16.46111777446663
72,New Zealand,1,Male,2007,23.29866914415702
72,New Zealand,2,Female,2007,31.3461854949254
72,New Zealand,3,Both,2007,27.492842624207668
80,France,1,Male,2001,20.35566752624969
80,France,2,Female,2001,30.6561347919796
80,France,3,Both,2001,25.76539378612771
45,Bulgaria,1,Male,1993,13.789519932010569
45,Bulgaria,2,Female,1993,24.64204450429438
45,Bulgaria,3,Both,1993,19.427801201394303
168,Angola,1,Male,1991,6.0729637924574105
168,Angola,2,Female,1991,11.80311040474842
168,Angola,3,Both,1991,8.90878424622788
207,Ghana,1,Male,2008,5.96842404226954
207,Ghana,2,Female,2008,13.44577736454911
207,Ghana,3,Both,2008,9.89255474282088
35,Georgia,1,Male,2005,7.60358396515045
35,Georgia,2,Female,2005,14.56688112749968
35,Georgia,3,Both,2005,11.43664653629939
191,Zambia,1,Male,1991,5.83432409774455
191,Zambia,2,Female,1991,10.28112037755414
191,Zambia,3,Both,1991,8.09628691380048
76,Belgium,1,Male,2004,19.14185612367712
76,Belgium,2,Female,2004,31.96016352306042
76,Belgium,3,Both,2004,25.7966810128102
150,Oman,1,Male,2006,17.3802524358387
150,Oman,2,Female,2006,34.69170728942
150,Oman,3,Both,2006,23.98600492591944
39,Tajikistan,1,Male,1993,5.4963234876757205
39,Tajikistan,2,Female,1993,11.79508018570355
39,Tajikistan,3,Both,1993,8.71693591760785
95,United Kingdom,1,Male,2001,26.1134154198648
95,United Kingdom,2,Female,2001,41.8582431776462
95,United Kingdom,3,Both,2001,34.332320294148936
162,Bhutan,1,Male,1997,27.393864336018957
162,Bhutan,2,Female,1997,53.66934858827227
162,Bhutan,3,Both,1997,39.694315800186594
54,Slovakia,1,Male,1996,9.5346448091918
54,Slovakia,2,Female,1996,20.935740990037523
54,Slovakia,3,Both,1996,15.56167106906396
380,Palau,1,Male,1996,18.300575544836057
380,Palau,2,Female,1996,38.686993095099744
380,Palau,3,Both,1996,28.09789531755954
349,Greenland,1,Male,1999,5.55905927375506
349,Greenland,2,Female,1999,13.04997042930468
349,Greenland,3,Both,1999,8.93502763843374
57,Belarus,1,Male,1998,7.2783618230768
57,Belarus,2,Female,1998,16.94435921182351
57,Belarus,3,Both,1998,12.60657799968512
148,Morocco,1,Male,2008,23.36714513434073
148,Morocco,2,Female,2008,40.34546577535643
148,Morocco,3,Both,2008,32.06398865870574
153,Syria,1,Male,2000,17.23065498126487
153,Syria,2,Female,2000,33.17086941033327
153,Syria,3,Both,2000,25.00132203457043
79,Finland,1,Male,2004,17.19683975868131
79,Finland,2,Female,2004,30.77947419481845
79,Finland,3,Both,2004,24.264489802044988
46,Croatia,1,Male,1993,10.16173548793885
46,Croatia,2,Female,1993,20.469014579048263
46,Croatia,3,Both,1993,15.59829794898778
84,Ireland,1,Male,2001,17.47325579439165
84,Ireland,2,Female,2001,31.719238993829865
84,Ireland,3,Both,2001,24.754675239355254
82,Greece,1,Male,2009,14.67675349795331
82,Greece,2,Female,2009,25.26652438725242
82,Greece,3,Both,2009,20.11999327862872
106,The Bahamas,1,Male,1997,9.62612459807042
106,The Bahamas,2,Female,1997,24.85533006171908
106,The Bahamas,3,Both,1997,17.61821070721497
163,India,1,Male,2007,12.006461788648
163,India,2,Female,2007,16.76385947346582
163,India,3,Both,2007,14.35153907544698
45,Bulgaria,1,Male,2007,12.44137102505119
45,Bulgaria,2,Female,2007,23.790674854422413
45,Bulgaria,3,Both,2007,18.40808416961529
160,Afghanistan,1,Male,2005,14.3826788181329
160,Afghanistan,2,Female,2005,30.18687745575923
160,Afghanistan,3,Both,2005,22.52970728169212
93,Sweden,1,Male,1992,15.14949316745603
93,Sweden,2,Female,1992,24.952758946299895
93,Sweden,3,Both,1992,20.195249696091828
145,Kuwait,1,Male,2003,36.71227482915231
145,Kuwait,2,Female,2003,58.88646807285169
145,Kuwait,3,Both,2003,44.55943832039218
68,South Korea,1,Male,2010,19.36100448605774
68,South Korea,2,Female,2010,28.72293357370331
68,South Korea,3,Both,2010,24.16219357559312
16,Philippines,1,Male,1999,4.24020038773899
16,Philippines,2,Female,1999,8.87216728829235
16,Philippines,3,Both,1999,6.55356893197123
50,Montenegro,1,Male,1990,11.02952368511912
50,Montenegro,2,Female,1990,22.384555153902568
50,Montenegro,3,Both,1990,16.872969392288333
214,Nigeria,1,Male,2010,9.16729572909291
214,Nigeria,2,Female,2010,16.79270692312945
214,Nigeria,3,Both,2010,13.02215390512477
214,Nigeria,1,Male,1999,9.26322298189127
214,Nigeria,2,Female,1999,16.69443027197429
214,Nigeria,3,Both,1999,12.79810920681204
108,Belize,1,Male,1992,8.36640647119159
108,Belize,2,Female,1992,22.5429548821836
108,Belize,3,Both,1992,15.311791940498228
113,Guyana,1,Male,1992,9.30344955781018
113,Guyana,2,Female,1992,23.93153265630404
113,Guyana,3,Both,1992,16.74263058398772
43,Albania,1,Male,1996,6.73138307479178
43,Albania,2,Female,1996,14.8853150157798
43,Albania,3,Both,1996,10.77053496539085
216,Senegal,1,Male,2008,10.63214751625799
216,Senegal,2,Female,2008,16.45393023511793
216,Senegal,3,Both,2008,13.63581252459094
298,American Samoa,1,Male,2009,46.96862392186713
298,American Samoa,2,Female,2009,60.958708905604766
298,American Samoa,3,Both,2009,53.97762047219148
416,Tuvalu,1,Male,1993,14.44760858887297
416,Tuvalu,2,Female,1993,32.15439898856389
416,Tuvalu,3,Both,1993,24.22799265590506
43,Albania,1,Male,1993,6.33700126336611
43,Albania,2,Female,1993,14.43765528024866
43,Albania,3,Both,1993,10.30568049090081
97,Argentina,1,Male,2008,10.04368727067966
97,Argentina,2,Female,2008,19.70960941468059
97,Argentina,3,Both,2008,15.132514243420031
49,Macedonia,1,Male,1993,8.91834866249453
49,Macedonia,2,Female,1993,18.42274187556726
49,Macedonia,3,Both,1993,13.7320216476798
88,Malta,1,Male,2001,22.555994868295908
88,Malta,2,Female,2001,35.70500922386513
88,Malta,3,Both,2001,29.31754660142164
20,Vietnam,1,Male,2010,6.06664905784754
20,Vietnam,2,Female,2010,12.16279462390069
20,Vietnam,3,Both,2010,9.23173184306782
172,Equatorial Guinea,1,Male,1991,8.66305797482638
172,Equatorial Guinea,2,Female,1991,13.904835884027738
172,Equatorial Guinea,3,Both,1991,11.589399123507931
115,Jamaica,1,Male,2003,9.53129655499846
115,Jamaica,2,Female,2003,38.99160297908707
115,Jamaica,3,Both,2003,24.74774846222024
49,Macedonia,1,Male,2007,9.29514834329955
49,Macedonia,2,Female,2007,19.61583265299386
49,Macedonia,3,Both,2007,14.47703618378046
109,Cuba,1,Male,1995,12.06899805059928
109,Cuba,2,Female,1995,27.4245207312856
109,Cuba,3,Both,1995,19.82050480854617
182,Malawi,1,Male,1994,3.9944798921157503
182,Malawi,2,Female,1994,5.09465483002959
182,Malawi,3,Both,1994,4.5550355210223294
39,Tajikistan,1,Male,2002,5.47162564605412
39,Tajikistan,2,Female,2002,10.84569144992453
39,Tajikistan,3,Both,2002,8.19569611913616
92,Spain,1,Male,1998,17.124397516892078
92,Spain,2,Female,1998,26.53680535765855
92,Spain,3,Both,1998,22.03218514592492
72,New Zealand,1,Male,2010,25.78618196866198
72,New Zealand,2,Female,2010,34.05650278629095
72,New Zealand,3,Both,2010,30.0919616246775
164,Nepal,1,Male,2005,7.56418599711263
164,Nepal,2,Female,2005,11.20565466797476
164,Nepal,3,Both,2005,9.418273447167673
369,Nauru,1,Male,1999,12.65307394595392
369,Nauru,2,Female,1999,32.7662115271239
369,Nauru,3,Both,1999,22.62200170272182
39,Tajikistan,1,Male,1999,5.43852304186873
39,Tajikistan,2,Female,1999,11.085482087707
39,Tajikistan,3,Both,1999,8.312080662587421
20,Vietnam,1,Male,1999,5.13929869010274
20,Vietnam,2,Female,1999,10.06642584419506
20,Vietnam,3,Both,1999,7.741936093884511
33,Armenia,1,Male,1996,5.71230696214408
33,Armenia,2,Female,1996,11.57225560881013
33,Armenia,3,Both,1996,8.849372374114239
86,Italy,1,Male,2009,21.28888678138417
86,Italy,2,Female,2009,36.52431578438636
86,Italy,3,Both,2009,29.26311938962433
169,Central African Republic,1,Male,1994,7.25725680010932
169,Central African Republic,2,Female,1994,17.88180852775345
169,Central African Republic,3,Both,1994,12.76830982477436
45,Bulgaria,1,Male,2004,12.54781465953067
45,Bulgaria,2,Female,2004,23.7075644098114
45,Bulgaria,3,Both,2004,18.40631318011654
61,Moldova,1,Male,1998,7.337886379160071
61,Moldova,2,Female,1998,16.32035788417836
61,Moldova,3,Both,1998,12.21208660475069
189,Tanzania,1,Male,2002,1.70838016703722
189,Tanzania,2,Female,2002,3.86935941136066
189,Tanzania,3,Both,2002,2.83243832002899
148,Morocco,1,Male,1997,21.96928329780161
148,Morocco,2,Female,1997,37.60185268494367
148,Morocco,3,Both,1997,29.94454476365252
176,Comoros,1,Male,1991,2.5550713208704097
176,Comoros,2,Female,1991,6.5984102402233
176,Comoros,3,Both,1991,4.65064546595441
164,Nepal,1,Male,1994,7.009049329770591
164,Nepal,2,Female,1994,10.59155250341113
164,Nepal,3,Both,1994,8.81306252867036
107,Barbados,1,Male,1992,25.1241998553153
107,Barbados,2,Female,1992,50.91029976917845
107,Barbados,3,Both,1992,38.95426083077903
218,Togo,1,Male,2010,3.0989260552373903
218,Togo,2,Female,2010,6.24775655526373
218,Togo,3,Both,2010,4.79159576776822
416,Tuvalu,1,Male,2005,14.527081884804542
416,Tuvalu,2,Female,2005,33.02284894568764
416,Tuvalu,3,Both,2005,24.24815171584079
117,Saint Vincent and the Grenadines,1,Male,1992,8.90643627826791
117,Saint Vincent and the Grenadines,2,Female,1992,23.24136683948543
117,Saint Vincent and the Grenadines,3,Both,1992,16.17691595969805
94,Switzerland,1,Male,1995,14.74206012982593
94,Switzerland,2,Female,1995,26.27030202916113
94,Switzerland,3,Both,1995,20.70479860522989
53,Serbia,1,Male,2007,10.23281884624934
53,Serbia,2,Female,2007,20.7438976225845
53,Serbia,3,Both,2007,15.71771549597519
17,Sri Lanka,1,Male,2002,3.78880466072141
17,Sri Lanka,2,Female,2002,9.66211649543319
17,Sri Lanka,3,Both,2002,6.81988807924192
376,Northern Mariana Islands,1,Male,1996,20.36366831764071
376,Northern Mariana Islands,2,Female,1996,40.69508787759465
376,Northern Mariana Islands,3,Both,1996,29.81221365909295
180,Kenya,1,Male,1991,5.43527499826797
180,Kenya,2,Female,1991,18.70877529250657
180,Kenya,3,Both,1991,12.17197803993634
11,Indonesia,1,Male,1996,14.33559300009187
11,Indonesia,2,Female,1996,22.12321463753934
11,Indonesia,3,Both,1996,18.29395803210101
435,South Sudan,1,Male,1993,3.74988580802917
435,South Sudan,2,Female,1993,8.00427714983783
435,South Sudan,3,Both,1993,5.70993924114869
6,China,1,Male,1994,10.41884088684627
6,China,2,Female,1994,18.13492097505716
6,China,3,Both,1994,14.170473265908509
171,Democratic Republic of the Congo,1,Male,1999,11.54682203732005
171,Democratic Republic of the Congo,2,Female,1999,19.3469098185397
171,Democratic Republic of the Congo,3,Both,1999,15.57663946795896
60,Lithuania,1,Male,1995,9.940452865855413
60,Lithuania,2,Female,1995,19.54854187239259
60,Lithuania,3,Both,1995,15.24535005215345
101,Canada,1,Male,2008,8.528545342808599
101,Canada,2,Female,2008,14.40498678423382
101,Canada,3,Both,2008,11.57581649420905
171,Democratic Republic of the Congo,1,Male,2007,9.91935800400664
171,Democratic Republic of the Congo,2,Female,2007,17.95164638362957
171,Democratic Republic of the Congo,3,Both,2007,14.00305996674183
23,Kiribati,1,Male,1990,26.36874644874345
23,Kiribati,2,Female,1990,49.99056115633448
23,Kiribati,3,Both,1990,38.72122892527166
110,Dominica,1,Male,1997,5.07564525084927
110,Dominica,2,Female,1997,22.98302361907749
110,Dominica,3,Both,1997,14.382807236400993
151,Qatar,1,Male,2002,18.86854698109077
151,Qatar,2,Female,2002,41.26828722304372
151,Qatar,3,Both,2002,25.036807778650587
24,Marshall Islands,1,Male,2001,47.6877527884299
24,Marshall Islands,2,Female,2001,63.39668413651298
24,Marshall Islands,3,Both,2001,55.32522988918611
28,Solomon Islands,1,Male,1993,17.67120927615009
28,Solomon Islands,2,Female,1993,32.254220444649874
28,Solomon Islands,3,Both,1993,24.65544346654385
193,Botswana,1,Male,2004,8.91846545823589
193,Botswana,2,Female,2004,23.7226477282178
193,Botswana,3,Both,2004,16.79841984717773
15,Myanmar,1,Male,1996,2.80704073871236
15,Myanmar,2,Female,1996,5.37298626776087
15,Myanmar,3,Both,1996,4.1472039108722605
28,Solomon Islands,1,Male,2006,16.33706537444703
28,Solomon Islands,2,Female,2006,32.06791802099022
28,Solomon Islands,3,Both,2006,24.0187978951659
146,Lebanon,1,Male,1994,31.49025029252191
146,Lebanon,2,Female,1994,29.40400626971259
146,Lebanon,3,Both,1994,30.39229095404656
105,Antigua and Barbuda,1,Male,2008,10.61012960033382
105,Antigua and Barbuda,2,Female,2008,25.232524832265828
105,Antigua and Barbuda,3,Both,2008,18.493281401790227
175,Burundi,1,Male,2007,3.30741346086373
175,Burundi,2,Female,2007,8.01485390932518
175,Burundi,3,Both,2007,5.647397304833221
97,Argentina,1,Male,1992,10.37859808770949
97,Argentina,2,Female,1992,17.988153985227708
97,Argentina,3,Both,1992,14.36038569836902
155,Turkey,1,Male,1991,13.004071145845032
155,Turkey,2,Female,1991,24.9671253990197
155,Turkey,3,Both,1991,18.98504138043054
217,Sierra Leone,1,Male,1993,8.06343991682693
217,Sierra Leone,2,Female,1993,13.950868285647712
217,Sierra Leone,3,Both,1993,11.13527354998061
40,Turkmenistan,1,Male,1998,4.6641454936207705
40,Turkmenistan,2,Female,1998,11.02904507829154
40,Turkmenistan,3,Both,1998,7.96890088152834
114,Haiti,1,Male,2005,8.03035745617858
114,Haiti,2,Female,2005,20.60736472620521
114,Haiti,3,Both,2005,14.63213296560978
215,Sao Tome and Principe,1,Male,2005,2.5800950632264
215,Sao Tome and Principe,2,Female,2005,10.6455832548239
215,Sao Tome and Principe,3,Both,2005,6.780602176231739
108,Belize,1,Male,1995,8.43646681742719
108,Belize,2,Female,1995,22.91969066485016
108,Belize,3,Both,1995,15.54124637546964
144,Jordan,1,Male,2006,17.06444663569705
144,Jordan,2,Female,2006,28.72203215869226
144,Jordan,3,Both,2006,22.66980593011772
28,Solomon Islands,1,Male,2001,16.97921392404799
28,Solomon Islands,2,Female,2001,32.404183802877704
28,Solomon Islands,3,Both,2001,24.4525053415524
147,Libya,1,Male,1994,15.886938829391358
147,Libya,2,Female,1994,32.68764017961146
147,Libya,3,Both,1994,23.64888811421377
114,Haiti,1,Male,1997,8.16285523289712
114,Haiti,2,Female,1997,20.40704224981353
114,Haiti,3,Both,1997,14.55283771801293
37,Kyrgyzstan,1,Male,1996,5.205629402020881
37,Kyrgyzstan,2,Female,1996,12.94008651710386
37,Kyrgyzstan,3,Both,1996,9.27561135173403
218,Togo,1,Male,1999,3.42266111768116
218,Togo,2,Female,1999,6.35714812824433
218,Togo,3,Both,1999,4.98811946473207
36,Kazakhstan,1,Male,2009,6.7620277489542095
36,Kazakhstan,2,Female,2009,14.67218376955478
36,Kazakhstan,3,Both,2009,11.016448444700512
168,Angola,1,Male,1994,6.0265962506946
168,Angola,2,Female,1994,11.79931554157969
168,Angola,3,Both,1994,8.908108399041929
60,Lithuania,1,Male,1990,9.727582876201229
60,Lithuania,2,Female,1990,19.04844622118072
60,Lithuania,3,Both,1990,14.85156922230208
98,Chile,1,Male,1995,7.74899496675196
98,Chile,2,Female,1995,19.5279671074371
98,Chile,3,Both,1995,13.87267943528271
179,Ethiopia,1,Male,2007,4.0791081709084205
179,Ethiopia,2,Female,2007,10.51596727184514
179,Ethiopia,3,Both,2007,7.296148253083571
36,Kazakhstan,1,Male,1993,6.18953473125394
36,Kazakhstan,2,Female,1993,14.330180289297608
36,Kazakhstan,3,Both,1993,10.56939234628256
195,Namibia,1,Male,1991,14.1214330373814
195,Namibia,2,Female,1991,16.88749929300749
195,Namibia,3,Both,1991,15.57579414960036
435,South Sudan,1,Male,2005,3.34092851874668
435,South Sudan,2,Female,2005,7.74593620307643
435,South Sudan,3,Both,2005,5.46207574656883
39,Tajikistan,1,Male,2005,5.484236182469901
39,Tajikistan,2,Female,2005,10.74579106282993
39,Tajikistan,3,Both,2005,8.13894107473803
152,Saudi Arabia,1,Male,2008,17.62290820345731
152,Saudi Arabia,2,Female,2008,35.54006157357965
152,Saudi Arabia,3,Both,2008,24.75737667321827
186,Seychelles,1,Male,1994,11.78009027819929
186,Seychelles,2,Female,1994,20.55707567632794
186,Seychelles,3,Both,1994,16.23222740868505
76,Belgium,1,Male,2007,19.26409329154388
76,Belgium,2,Female,2007,31.882678856477614
76,Belgium,3,Both,2007,25.80644471562304
150,Oman,1,Male,2003,17.15388700280924
150,Oman,2,Female,2003,33.95167332455012
150,Oman,3,Both,2003,23.46503596748978
23,Kiribati,1,Male,2008,26.293051476033792
23,Kiribati,2,Female,2008,50.7027855786404
23,Kiribati,3,Both,2008,39.18364155279589
8,Taiwan (Province of China),1,Male,2008,25.63030200248316
8,Taiwan (Province of China),2,Female,2008,33.94822707429721
8,Taiwan (Province of China),3,Both,2008,29.808040804176024
47,Czech Republic,1,Male,1993,11.843095874193253
47,Czech Republic,2,Female,1993,23.51213871104624
47,Czech Republic,3,Both,1993,18.01987571872229
54,Slovakia,1,Male,1990,9.21799064051995
54,Slovakia,2,Female,1990,19.63961666135461
54,Slovakia,3,Both,1990,14.70150706031691
25,Federated States of Micronesia,1,Male,2010,42.20671312159469
25,Federated States of Micronesia,2,Female,2010,62.33681654216604
25,Federated States of Micronesia,3,Both,2010,52.30107114571372
154,Tunisia,1,Male,2006,9.43965635556555
154,Tunisia,2,Female,2006,14.46832678421628
154,Tunisia,3,Both,2006,11.99661007554448
150,Oman,1,Male,2009,17.621107385321018
150,Oman,2,Female,2009,35.40468932089395
150,Oman,3,Both,2009,24.26691784040444
80,France,1,Male,2004,20.656222500046752
80,France,2,Female,2004,31.0787958265199
80,France,3,Both,2004,26.134711684929464
76,Belgium,1,Male,2010,19.64041459730555
76,Belgium,2,Female,2010,32.04255630841948
76,Belgium,3,Both,2010,26.06128478734492
170,Congo,1,Male,1997,7.44730156705964
170,Congo,2,Female,1997,10.83234909277412
170,Congo,3,Both,1997,9.1899423988693
43,Albania,1,Male,2002,8.0933685680446
43,Albania,2,Female,2002,16.56409449711716
43,Albania,3,Both,2002,12.38180182647481
154,Tunisia,1,Male,2009,9.84547776633075
154,Tunisia,2,Female,2009,15.25089327984106
154,Tunisia,3,Both,2009,12.599079516179833
119,Trinidad and Tobago,1,Male,2003,15.774948475269978
119,Trinidad and Tobago,2,Female,2003,39.47345712308387
119,Trinidad and Tobago,3,Both,2003,27.64365082014344
385,Puerto Rico,1,Male,1999,16.57688361504306
385,Puerto Rico,2,Female,1999,32.92731843221991
385,Puerto Rico,3,Both,1999,25.326778030919662
196,South Africa,1,Male,1991,18.040042485416528
196,South Africa,2,Female,1991,30.11279409454138
196,South Africa,3,Both,1991,24.417956296478348
6,China,1,Male,1997,10.36672520613686
6,China,2,Female,1997,18.18556317232224
6,China,3,Both,1997,14.17527605683049
47,Czech Republic,1,Male,1996,12.13838669375588
47,Czech Republic,2,Female,1996,24.27849413911136
47,Czech Republic,3,Both,1996,18.546278726298628
111,Dominican Republic,1,Male,1992,13.07061369477658
111,Dominican Republic,2,Female,1992,17.92098200894074
111,Dominican Republic,3,Both,1992,15.583140331038331
51,Poland,1,Male,1993,13.45745977438278
51,Poland,2,Female,1993,28.13119382781033
51,Poland,3,Both,1993,21.22658709344527
298,American Samoa,1,Male,2001,45.43545509948385
298,American Samoa,2,Female,2001,60.74410184148247
298,American Samoa,3,Both,2001,53.035014396470345
175,Burundi,1,Male,1999,3.4862720518289003
175,Burundi,2,Female,1999,8.20012284136579
175,Burundi,3,Both,1999,5.92985266641378
190,Uganda,1,Male,2002,3.1350865004216297
190,Uganda,2,Female,2002,7.85711512925983
190,Uganda,3,Both,2002,5.61151515426961
193,Botswana,1,Male,1996,9.61289239970006
193,Botswana,2,Female,1996,23.35856310184657
193,Botswana,3,Both,1996,16.95184613757259
69,Singapore,1,Male,2003,20.29196036480011
69,Singapore,2,Female,2003,26.5721760119714
69,Singapore,3,Both,2003,23.4310781452639
152,Saudi Arabia,1,Male,1997,17.44252139198699
152,Saudi Arabia,2,Female,1997,33.85629073070617
152,Saudi Arabia,3,Both,1997,23.817254069823708
27,Samoa,1,Male,1990,20.126491101302328
27,Samoa,2,Female,1990,59.43131139643657
27,Samoa,3,Both,1990,39.29056304159597
41,Uzbekistan,1,Male,1996,2.06175530183781
41,Uzbekistan,2,Female,1996,8.273059493060519
41,Uzbekistan,3,Both,1996,5.2808504343731
17,Sri Lanka,1,Male,2008,4.16249964691627
17,Sri Lanka,2,Female,2008,11.19154682039018
17,Sri Lanka,3,Both,2008,7.833618322041421
156,United Arab Emirates,1,Male,2008,24.24573541389736
156,United Arab Emirates,2,Female,2008,30.874805102416907
156,United Arab Emirates,3,Both,2008,25.80266615757658
99,Uruguay,1,Male,2001,13.62066907616497
99,Uruguay,2,Female,2001,22.13405571661001
99,Uruguay,3,Both,2001,18.14285630286273
106,The Bahamas,1,Male,2008,11.61485089361254
106,The Bahamas,2,Female,2008,28.17979764034456
106,The Bahamas,3,Both,2008,20.33275727594415
168,Angola,1,Male,2005,5.9776672297465705
168,Angola,2,Female,2005,11.98064048393088
168,Angola,3,Both,2005,9.07563133190885
29,Tonga,1,Male,2010,18.74270234041185
29,Tonga,2,Female,2010,45.96280573069796
29,Tonga,3,Both,2010,32.691099946211146
156,United Arab Emirates,1,Male,1997,21.7955891539256
156,United Arab Emirates,2,Female,1997,27.5280755967635
156,United Arab Emirates,3,Both,1997,23.19289022648125
376,Northern Mariana Islands,1,Male,2007,21.802517807277876
376,Northern Mariana Islands,2,Female,2007,40.95549580771681
376,Northern Mariana Islands,3,Both,2007,31.18969703742884
17,Sri Lanka,1,Male,2005,3.91985617914206
17,Sri Lanka,2,Female,2005,10.34902536870784
17,Sri Lanka,3,Both,2005,7.2578451966566
85,Israel,1,Male,2000,13.7122965600041
85,Israel,2,Female,2000,25.61627260683807
85,Israel,3,Both,2000,19.9170987353344
19,Timor-Leste,1,Male,1996,2.72806360179752
19,Timor-Leste,2,Female,1996,8.0707416169972
19,Timor-Leste,3,Both,1996,5.36694474918692
197,Swaziland,1,Male,1996,8.80369766543765
197,Swaziland,2,Female,1996,16.98494181012694
197,Swaziland,3,Both,1996,13.34767904253051
36,Kazakhstan,1,Male,2001,6.46888881193909
36,Kazakhstan,2,Female,2001,14.39769488420996
36,Kazakhstan,3,Both,2001,10.75322386542958
80,France,1,Male,2010,21.748490973009822
80,France,2,Female,2010,32.37037253019571
80,France,3,Both,2010,27.33351073526879
178,Eritrea,1,Male,2000,1.30101964067656
178,Eritrea,2,Female,2000,3.43277612755714
178,Eritrea,3,Both,2000,2.43278805124834
43,Albania,1,Male,1999,7.3286476790501505
43,Albania,2,Female,1999,15.634184271965127
43,Albania,3,Both,1999,11.49163418439288
155,Turkey,1,Male,2002,13.704363058973373
155,Turkey,2,Female,2002,26.78103344711215
155,Turkey,3,Both,2002,20.28159109430645
6,China,1,Male,1991,10.55638448751683
6,China,2,Female,1991,18.292591631055465
6,China,3,Both,1991,14.31804202520777
36,Kazakhstan,1,Male,2006,6.53343045200305
36,Kazakhstan,2,Female,2006,14.31587195952481
36,Kazakhstan,3,Both,2006,10.73046975288028
80,France,1,Male,2007,21.12978719471925
80,France,2,Female,2007,31.70774420946845
80,France,3,Both,2007,26.692233698935308
55,Slovenia,1,Male,1993,11.087387907945187
55,Slovenia,2,Female,1993,21.65341411277335
55,Slovenia,3,Both,1993,16.66041417187563
197,Swaziland,1,Male,2004,8.395109749706089
197,Swaziland,2,Female,2004,17.76322515883609
197,Swaziland,3,Both,2004,13.527376007654372
374,Niue,1,Male,2001,21.67966441356107
374,Niue,2,Female,2001,40.76761485810599
374,Niue,3,Both,2001,31.31185283905254
374,Niue,1,Male,2009,22.748882273887048
374,Niue,2,Female,2009,41.38312268662464
374,Niue,3,Both,2009,32.126635817381185
215,Sao Tome and Principe,1,Male,2002,2.79009458251001
215,Sao Tome and Principe,2,Female,2002,10.77272228307841
215,Sao Tome and Principe,3,Both,2002,6.97631736718147
173,Gabon,1,Male,1994,3.3443147015309
173,Gabon,2,Female,1994,12.42431261955258
173,Gabon,3,Both,1994,7.90680096198518
50,Montenegro,1,Male,1993,10.90108965033624
50,Montenegro,2,Female,1993,22.3791042344264
50,Montenegro,3,Both,1993,16.810430343252712
50,Montenegro,1,Male,1999,10.90395461968528
50,Montenegro,2,Female,1999,22.374630335227
50,Montenegro,3,Both,1999,16.84011734605177
112,Grenada,1,Male,1992,10.10106311527486
112,Grenada,2,Female,1992,25.99263553114422
112,Grenada,3,Both,1992,18.43339507419963
91,Portugal,1,Male,1998,21.92617754714411
91,Portugal,2,Female,1998,31.920109102968503
91,Portugal,3,Both,1998,27.213517536324588
367,Monaco,1,Male,1999,24.52466717905152
367,Monaco,2,Female,1999,37.06775404546815
367,Monaco,3,Both,1999,31.09026958773668
157,Yemen,1,Male,2000,15.82383956091159
157,Yemen,2,Female,2000,29.48610642076922
157,Yemen,3,Both,2000,22.65166741693323
169,Central African Republic,1,Male,1997,7.0291676594623
169,Central African Republic,2,Female,1997,17.76158581558862
169,Central African Republic,3,Both,1997,12.5562708291831
57,Belarus,1,Male,2007,7.934103012576619
57,Belarus,2,Female,2007,18.01297554728363
57,Belarus,3,Both,2007,13.51857665295736
83,Iceland,1,Male,2004,18.24959867527584
83,Iceland,2,Female,2004,28.91482264937329
83,Iceland,3,Both,2004,23.63007333391036
45,Bulgaria,1,Male,1996,13.78424652618535
45,Bulgaria,2,Female,1996,24.83457148586349
45,Bulgaria,3,Both,1996,19.550612142552488
41,Uzbekistan,1,Male,1990,2.25123274706421
41,Uzbekistan,2,Female,1990,8.74053493341082
41,Uzbekistan,3,Both,1990,5.62534607984164
179,Ethiopia,1,Male,1999,4.05528237863266
179,Ethiopia,2,Female,1999,9.45908005488406
179,Ethiopia,3,Both,1999,6.749548802403741
44,Bosnia and Herzegovina,1,Male,1998,9.47875944476474
44,Bosnia and Herzegovina,2,Female,1998,16.67486067323514
44,Bosnia and Herzegovina,3,Both,1998,13.246395436819892
118,Suriname,1,Male,2005,23.80956692432544
118,Suriname,2,Female,2005,32.67198128040773
118,Suriname,3,Both,2005,28.25584496103486
184,Mozambique,1,Male,1991,3.52306747173652
184,Mozambique,2,Female,1991,7.54841602580499
184,Mozambique,3,Both,1991,5.69351131537715
194,Lesotho,1,Male,2002,2.43861587138733
194,Lesotho,2,Female,2002,6.73377955463506
194,Lesotho,3,Both,2002,4.90219686040351
118,Suriname,1,Male,1997,23.19141131470517
118,Suriname,2,Female,1997,31.479445173564528
118,Suriname,3,Both,1997,27.348845308046982
123,Peru,1,Male,2000,10.21128166522184
123,Peru,2,Female,2000,13.08127929705788
123,Peru,3,Both,2000,11.67106308943643
396,San Marino,1,Male,1996,20.25280956344326
396,San Marino,2,Female,1996,30.75337160178008
396,San Marino,3,Both,1996,25.69066646816276
35,Georgia,1,Male,1990,7.052104799478021
35,Georgia,2,Female,1990,13.852391421023718
35,Georgia,3,Both,1990,10.782459663084133
25,Federated States of Micronesia,1,Male,1999,42.61108084127721
25,Federated States of Micronesia,2,Female,1999,64.39373080827404
25,Federated States of Micronesia,3,Both,1999,53.62566286658668
98,Chile,1,Male,2006,8.15592031780594
98,Chile,2,Female,2006,22.52017896562907
98,Chile,3,Both,2006,15.608783014365647
160,Afghanistan,1,Male,2008,14.25438508600975
160,Afghanistan,2,Female,2008,30.79006118250804
160,Afghanistan,3,Both,2008,22.75903370469385
90,Norway,1,Male,2009,22.588186152799487
90,Norway,2,Female,2009,30.820046569435277
90,Norway,3,Both,2009,26.7693890971572
49,Macedonia,1,Male,2004,9.12253755107205
49,Macedonia,2,Female,2004,19.07649855090176
49,Macedonia,3,Both,2004,14.13728984166251
53,Serbia,1,Male,1993,9.71538715421196
53,Serbia,2,Female,1993,19.32422214216969
53,Serbia,3,Both,1993,14.612734836242062
160,Afghanistan,1,Male,1997,17.35897542948143
160,Afghanistan,2,Female,1997,30.94647429423204
160,Afghanistan,3,Both,1997,24.58559835123514
89,Netherlands,1,Male,2000,10.69472734412004
89,Netherlands,2,Female,2000,18.592460337695048
89,Netherlands,3,Both,2000,14.741467473292088
201,Burkina Faso,1,Male,1996,4.808276893327871
201,Burkina Faso,2,Female,1996,8.58950108468034
201,Burkina Faso,3,Both,1996,6.878139515227639
163,India,1,Male,2002,12.10761929930847
163,India,2,Female,2002,16.21081637926341
163,India,3,Both,2002,14.11609810909598
67,Japan,1,Male,2007,34.00394278855204
67,Japan,2,Female,2007,45.03614464687483
67,Japan,3,Both,2007,39.73594019005972
157,Yemen,1,Male,2003,15.79925294738948
157,Yemen,2,Female,2003,29.5376470296687
157,Yemen,3,Both,2003,22.64643430478701
122,Ecuador,1,Male,2005,15.15303985258317
122,Ecuador,2,Female,2005,13.56454678125088
122,Ecuador,3,Both,2005,14.340054826436
22,Fiji,1,Male,2002,17.79430407046761
22,Fiji,2,Female,2002,38.92183526055159
22,Fiji,3,Both,2002,28.26078867614378
40,Turkmenistan,1,Male,2001,4.80409422260629
40,Turkmenistan,2,Female,2001,11.32464906312573
40,Turkmenistan,3,Both,2001,8.17055042310011
144,Jordan,1,Male,2009,17.27055788430646
144,Jordan,2,Female,2009,29.08183110811673
144,Jordan,3,Both,2009,22.867806573007147
40,Turkmenistan,1,Male,2009,5.25003536984161
40,Turkmenistan,2,Female,2009,12.28954778719833
40,Turkmenistan,3,Both,2009,8.82494177275695
8,Taiwan (Province of China),1,Male,1994,23.97543228814936
8,Taiwan (Province of China),2,Female,1994,32.35657612002462
8,Taiwan (Province of China),3,Both,1994,28.04512440750035
122,Ecuador,1,Male,1997,14.48047314235704
122,Ecuador,2,Female,1997,13.009543232131293
122,Ecuador,3,Both,1997,13.72981870079561
393,Saint Kitts and Nevis,1,Male,2009,11.02195263391347
393,Saint Kitts and Nevis,2,Female,2009,27.310651065254383
393,Saint Kitts and Nevis,3,Both,2009,19.15824417709291
101,Canada,1,Male,1992,7.04263819736254
101,Canada,2,Female,1992,12.44291526628218
101,Canada,3,Both,1992,9.83137980957975
93,Sweden,1,Male,2000,15.820268231233351
93,Sweden,2,Female,2000,26.09187059345744
93,Sweden,3,Both,2000,21.09399084407765
151,Qatar,1,Male,1994,16.04969245460153
151,Qatar,2,Female,1994,39.43878161964205
151,Qatar,3,Both,1994,22.15371511096831
205,Cote d'Ivoire,1,Male,1996,6.77078510945605
205,Cote d'Ivoire,2,Female,1996,10.80007271736564
205,Cote d'Ivoire,3,Both,1996,8.71549760586559
40,Turkmenistan,1,Male,2006,5.07761205862647
40,Turkmenistan,2,Female,2006,11.87726597079534
40,Turkmenistan,3,Both,2006,8.55451508042484
110,Dominica,1,Male,2008,5.0378546153268
110,Dominica,2,Female,2008,25.22994920411927
110,Dominica,3,Both,2008,15.26589269383369
422,"Virgin Islands, U.S.",1,Male,2009,11.95232754694007
422,"Virgin Islands, U.S.",2,Female,2009,28.08622587746401
422,"Virgin Islands, U.S.",3,Both,2009,20.54683760874213
7,North Korea,1,Male,2004,12.82143738751666
7,North Korea,2,Female,2004,22.65560977929941
7,North Korea,3,Both,2004,18.06388109803158
163,India,1,Male,1991,11.782020017382273
163,India,2,Female,1991,15.18752423213883
163,India,3,Both,1991,13.415291865277402
113,Guyana,1,Male,1995,9.09578590064378
113,Guyana,2,Female,1995,24.15845268561393
113,Guyana,3,Both,1995,16.740897989624308
201,Burkina Faso,1,Male,2004,4.28304100297336
201,Burkina Faso,2,Female,2004,8.289543138155949
201,Burkina Faso,3,Both,2004,6.459228308036991
155,Turkey,1,Male,1994,13.03654839410278
155,Turkey,2,Female,1994,25.29282057123427
155,Turkey,3,Both,1994,19.17401683690122
40,Turkmenistan,1,Male,1993,4.6364314379416
40,Turkmenistan,2,Female,1993,10.90787333932204
40,Turkmenistan,3,Both,1993,7.92120188678682
69,Singapore,1,Male,1995,19.88006576634065
69,Singapore,2,Female,1995,26.532236017396887
69,Singapore,3,Both,1995,23.21210476292174
92,Spain,1,Male,2001,17.06427227805081
92,Spain,2,Female,2001,26.35790947950158
92,Spain,3,Both,2001,21.8823605114494
48,Hungary,1,Male,1998,9.69894758768709
48,Hungary,2,Female,1998,19.70052039329483
48,Hungary,3,Both,1998,15.105786735966053
67,Japan,1,Male,2010,34.610428227183995
67,Japan,2,Female,2010,45.39442739891856
67,Japan,3,Both,2010,40.2169445347376
39,Tajikistan,1,Male,1990,5.55352046106118
39,Tajikistan,2,Female,1990,11.97920666122042
39,Tajikistan,3,Both,1990,8.84784890741923
413,Tokelau,1,Male,1996,20.37701440823781
413,Tokelau,2,Female,1996,39.17303234832672
413,Tokelau,3,Both,1996,30.11455891897296
44,Bosnia and Herzegovina,1,Male,2001,9.513578226243489
44,Bosnia and Herzegovina,2,Female,2001,17.275512340030218
44,Bosnia and Herzegovina,3,Both,2001,13.55808466132961
172,Equatorial Guinea,1,Male,2005,8.48429603492831
172,Equatorial Guinea,2,Female,2005,16.43376563861229
172,Equatorial Guinea,3,Both,2005,12.922632462178878
172,Equatorial Guinea,1,Male,1994,8.36665172233661
172,Equatorial Guinea,2,Female,1994,13.79530760906703
172,Equatorial Guinea,3,Both,1994,11.426726166559591
127,El Salvador,1,Male,2000,10.2146659559772
127,El Salvador,2,Female,2000,17.14780757246837
127,El Salvador,3,Both,2000,14.006178851674331
105,Antigua and Barbuda,1,Male,1992,10.39179205448281
105,Antigua and Barbuda,2,Female,1992,24.542966714963672
105,Antigua and Barbuda,3,Both,1992,17.983848761489952
102,United States,1,Male,2006,14.386425005624371
102,United States,2,Female,2006,26.73480259112619
102,United States,3,Both,2006,20.7852179917822
44,Bosnia and Herzegovina,1,Male,2009,10.09071627434026
44,Bosnia and Herzegovina,2,Female,2009,18.6429964002192
44,Bosnia and Herzegovina,3,Both,2009,14.52105850316551
351,Guam,1,Male,2008,10.77174568625273
351,Guam,2,Female,2008,26.121090703500897
351,Guam,3,Both,2008,18.369562412710312
84,Ireland,1,Male,2010,17.593322485643707
84,Ireland,2,Female,2010,33.10257036877903
84,Ireland,3,Both,2010,25.47974470362152
121,Bolivia,1,Male,1992,10.1375055214462
121,Bolivia,2,Female,1992,12.3996148539796
121,Bolivia,3,Both,1992,11.30838933702467
59,Latvia,1,Male,1993,8.51255493095109
59,Latvia,2,Female,1993,20.61104642027163
59,Latvia,3,Both,1993,15.297930523572258
27,Samoa,1,Male,2008,21.36382002232048
27,Samoa,2,Female,2008,60.263195408674406
27,Samoa,3,Both,2008,40.29271934401889
51,Poland,1,Male,1996,13.95732298160221
51,Poland,2,Female,1996,28.86802357214747
51,Poland,3,Both,1996,21.8595605013903
154,Tunisia,1,Male,2003,9.07279323833326
154,Tunisia,2,Female,2003,13.82071566404668
154,Tunisia,3,Both,2003,11.47827489265246
162,Bhutan,1,Male,2009,28.378985335601996
162,Bhutan,2,Female,2009,56.76432663785938
162,Bhutan,3,Both,2009,41.50063303410518
416,Tuvalu,1,Male,1999,14.50941226443024
416,Tuvalu,2,Female,1999,32.5695648040945
416,Tuvalu,3,Both,1999,24.2741938439294
7,North Korea,1,Male,2002,12.62929559812851
7,North Korea,2,Female,2002,22.3550208533807
7,North Korea,3,Both,2002,17.83652340099265
43,Albania,1,Male,2005,8.86602883514019
43,Albania,2,Female,2005,17.67287586032878
43,Albania,3,Both,2005,13.350236546829692
47,Czech Republic,1,Male,2002,12.37911537450296
47,Czech Republic,2,Female,2002,24.79314139994657
47,Czech Republic,3,Both,2002,18.877443687675196
351,Guam,1,Male,2002,8.98241861531781
351,Guam,2,Female,2002,24.87553634028075
351,Guam,3,Both,2002,16.81926432060293
24,Marshall Islands,1,Male,1996,47.93866662423947
24,Marshall Islands,2,Female,1996,63.23509492542215
24,Marshall Islands,3,Both,1996,55.37489984778844
52,Romania,1,Male,1998,13.212543983477673
52,Romania,2,Female,1998,27.89737604165432
52,Romania,3,Both,1998,20.88911870357269
182,Malawi,1,Male,2000,3.90086832820311
182,Malawi,2,Female,2000,4.9223651283978205
182,Malawi,3,Both,2000,4.42131196065348
115,Jamaica,1,Male,1992,9.41681386942084
115,Jamaica,2,Female,1992,37.59512800900484
115,Jamaica,3,Both,1992,24.05351639611927
173,Gabon,1,Male,1997,3.2378176632429403
173,Gabon,2,Female,1997,12.75810417967741
173,Gabon,3,Both,1997,8.02484126447339
49,Macedonia,1,Male,1996,8.85886676105655
49,Macedonia,2,Female,1996,18.50181273910592
49,Macedonia,3,Both,1996,13.75243426473862
102,United States,1,Male,1995,15.32426461574109
102,United States,2,Female,1995,25.72842276943939
102,United States,3,Both,1995,20.7645594115258
149,Palestine,1,Male,2006,12.56930337169519
149,Palestine,2,Female,2006,44.68056895820274
149,Palestine,3,Both,2006,28.56753260464041
48,Hungary,1,Male,2001,9.59796355539734
48,Hungary,2,Female,2001,19.890052593041897
48,Hungary,3,Both,2001,15.16076075803434
183,Mauritius,1,Male,1999,9.00868289074787
183,Mauritius,2,Female,1999,16.69329957759991
183,Mauritius,3,Both,1999,12.92543308564141
126,Costa Rica,1,Male,1997,9.39228204207398
126,Costa Rica,2,Female,1997,17.370266868980018
126,Costa Rica,3,Both,1997,13.45432578054548
298,American Samoa,1,Male,1993,44.15984710738589
298,American Samoa,2,Female,1993,59.07865252404255
298,American Samoa,3,Both,1993,51.4817189621989
151,Qatar,1,Male,2010,16.715686604070022
151,Qatar,2,Female,2010,42.62548405244035
151,Qatar,3,Both,2010,21.7578341080271
58,Estonia,1,Male,1990,5.576335325635981
58,Estonia,2,Female,1990,14.59088347768831
58,Estonia,3,Both,1990,10.603238421053067
376,Northern Mariana Islands,1,Male,1993,20.83660115662922
376,Northern Mariana Islands,2,Female,1993,39.91495048886416
376,Northern Mariana Islands,3,Both,1993,30.10985436179298
8,Taiwan (Province of China),1,Male,1991,23.54120195105714
8,Taiwan (Province of China),2,Female,1991,31.93721693749747
8,Taiwan (Province of China),3,Both,1991,27.59154531390705
94,Switzerland,1,Male,2009,15.17152001134364
94,Switzerland,2,Female,2009,27.30869070846278
94,Switzerland,3,Both,2009,21.41481789936868
57,Belarus,1,Male,2001,7.48923759276126
57,Belarus,2,Female,2001,17.25617869963143
57,Belarus,3,Both,2001,12.879243153167293
396,San Marino,1,Male,2007,23.56378663585385
396,San Marino,2,Female,2007,33.05724010210247
396,San Marino,3,Both,2007,28.55136353246165
123,Peru,1,Male,2003,10.44369992094772
123,Peru,2,Female,2003,13.41513094460128
123,Peru,3,Both,2003,11.95308001691931
305,Bermuda,1,Male,2010,17.569127732771967
305,Bermuda,2,Female,2010,37.35693182468669
305,Bermuda,3,Both,2010,27.968879673710468
198,Zimbabwe,1,Male,2002,6.377499731287769
198,Zimbabwe,2,Female,2002,10.82706505180922
198,Zimbabwe,3,Both,2002,8.73494296964612
47,Czech Republic,1,Male,1999,12.133123310743429
47,Czech Republic,2,Female,1999,24.47961469829368
47,Czech Republic,3,Both,1999,18.62416459065157
116,Saint Lucia,1,Male,1992,9.04028069600714
116,Saint Lucia,2,Female,1992,23.2359435270528
116,Saint Lucia,3,Both,1992,16.50319608195733
171,Democratic Republic of the Congo,1,Male,2002,10.97141950807742
171,Democratic Republic of the Congo,2,Female,2002,18.93312243779404
171,Democratic Republic of the Congo,3,Both,2002,15.06038186822998
393,Saint Kitts and Nevis,1,Male,2001,10.27838701164235
393,Saint Kitts and Nevis,2,Female,2001,25.93788503179789
393,Saint Kitts and Nevis,3,Both,2001,18.19500022552225
112,Grenada,1,Male,1995,9.63790604103782
112,Grenada,2,Female,1995,25.833282904965248
112,Grenada,3,Both,1995,18.02572969036309
84,Ireland,1,Male,2004,17.42436574697079
84,Ireland,2,Female,2004,32.25553312562509
84,Ireland,3,Both,2004,24.95051433285305
183,Mauritius,1,Male,2007,9.990488912365
183,Mauritius,2,Female,2007,18.60404051257809
183,Mauritius,3,Both,2007,14.395178134273351
369,Nauru,1,Male,2002,12.388287691470309
369,Nauru,2,Female,2002,32.67539294229999
369,Nauru,3,Both,2002,22.52790724197093
97,Argentina,1,Male,2000,10.35487948441261
97,Argentina,2,Female,2000,18.91492178641623
97,Argentina,3,Both,2000,14.868350600256369
63,Ukraine,1,Male,1993,5.88979181679868
63,Ukraine,2,Female,1993,15.985701140080549
63,Ukraine,3,Both,1993,11.53780614279781
171,Democratic Republic of the Congo,1,Male,1991,13.090185581641869
171,Democratic Republic of the Congo,2,Female,1991,19.73297348676709
171,Democratic Republic of the Congo,3,Both,1991,16.570071416472203
155,Turkey,1,Male,2010,15.26611967727605
155,Turkey,2,Female,2010,30.088199080190908
155,Turkey,3,Both,2010,22.74982957862193
196,South Africa,1,Male,1994,18.00011482656014
196,South Africa,2,Female,1994,29.99236043840991
196,South Africa,3,Both,1994,24.379172191443978
88,Malta,1,Male,2010,24.03070975333641
88,Malta,2,Female,2010,37.66551330442753
88,Malta,3,Both,2010,30.975076460143708
16,Philippines,1,Male,2002,4.25104596043867
16,Philippines,2,Female,2002,8.92018971152874
16,Philippines,3,Both,2002,6.58403065511308
200,Benin,1,Male,1991,2.57188831200437
200,Benin,2,Female,1991,4.65904407461865
200,Benin,3,Both,1991,3.70730320609891
61,Moldova,1,Male,2007,7.91036831266751
61,Moldova,2,Female,2007,17.666999812735227
61,Moldova,3,Both,2007,13.165886934476912
51,Poland,1,Male,2002,14.915260088915511
51,Poland,2,Female,2002,30.08790829493808
51,Poland,3,Both,2002,22.95188168690584
51,Poland,1,Male,1999,14.49135756204473
51,Poland,2,Female,1999,29.47092384563737
51,Poland,3,Both,1999,22.43180451518173
209,Guinea-Bissau,1,Male,1996,7.13597923108103
209,Guinea-Bissau,2,Female,1996,13.54187180802169
209,Guinea-Bissau,3,Both,1996,10.55326857542681
47,Czech Republic,1,Male,2005,12.89216334510229
47,Czech Republic,2,Female,2005,25.99465448697323
47,Czech Republic,3,Both,2005,19.72304728152789
58,Estonia,1,Male,1996,6.00287915497471
58,Estonia,2,Female,1996,15.14455631018807
58,Estonia,3,Both,1996,11.14063127604701
44,Bosnia and Herzegovina,1,Male,1993,8.35296410799606
44,Bosnia and Herzegovina,2,Female,1993,15.20138236459606
44,Bosnia and Herzegovina,3,Both,1993,11.85981397558557
161,Bangladesh,1,Male,2003,6.0013807751871
161,Bangladesh,2,Female,2003,15.10623890713931
161,Bangladesh,3,Both,2003,10.37144463824408
186,Seychelles,1,Male,2000,11.78730692927504
186,Seychelles,2,Female,2000,19.59936352877283
186,Seychelles,3,Both,2000,15.760632863684371
125,Colombia,1,Male,1992,14.76052384836905
125,Colombia,2,Female,1992,27.158335284559072
125,Colombia,3,Both,1992,21.14114826587915
66,Brunei,1,Male,1998,15.0875982774904
66,Brunei,2,Female,1998,23.60082469463296
66,Brunei,3,Both,1998,19.16986608387364
126,Costa Rica,1,Male,2005,10.00993982032438
126,Costa Rica,2,Female,2005,18.76932315159519
126,Costa Rica,3,Both,2005,14.50826396529975
117,Saint Vincent and the Grenadines,1,Male,1995,8.83950894990151
117,Saint Vincent and the Grenadines,2,Female,1995,23.23426140939871
117,Saint Vincent and the Grenadines,3,Both,1995,16.05681128994366
187,Somalia,1,Male,2007,2.75637751902164
187,Somalia,2,Female,2007,7.633232563022931
187,Somalia,3,Both,2007,5.25098578484541
369,Nauru,1,Male,2008,12.01223036012204
369,Nauru,2,Female,2008,31.79153038978332
369,Nauru,3,Both,2008,22.004014301252408
162,Bhutan,1,Male,2006,28.67999405552797
162,Bhutan,2,Female,2006,56.85954116028068
162,Bhutan,3,Both,2006,41.66418765274244
107,Barbados,1,Male,2006,26.85398363842756
107,Barbados,2,Female,2006,55.21864902523451
107,Barbados,3,Both,2006,41.9767996325855
35,Georgia,1,Male,2008,7.82234529410704
35,Georgia,2,Female,2008,15.00971051555076
35,Georgia,3,Both,2008,11.77612954192938
77,Cyprus,1,Male,2003,14.06644014518788
77,Cyprus,2,Female,2003,22.97654763921231
77,Cyprus,3,Both,2003,18.61414978372062
43,Albania,1,Male,1990,6.14725574447852
43,Albania,2,Female,1990,14.27673332384778
43,Albania,3,Both,1990,10.09958799394968
187,Somalia,1,Male,1999,3.04754984815098
187,Somalia,2,Female,1999,7.7630498984696
187,Somalia,3,Both,1999,5.51011031151084
69,Singapore,1,Male,1990,20.215239587177265
69,Singapore,2,Female,1990,26.31152448013429
69,Singapore,3,Both,1990,23.29320705819272
33,Armenia,1,Male,2010,7.38595551918159
33,Armenia,2,Female,2010,14.121398687813189
33,Armenia,3,Both,2010,11.03056364739809
189,Tanzania,1,Male,1991,1.83583421574068
189,Tanzania,2,Female,1991,3.960722527371
189,Tanzania,3,Both,1991,2.95255389650492
164,Nepal,1,Male,2008,7.66862629845723
164,Nepal,2,Female,2008,11.57681299873392
164,Nepal,3,Both,2008,9.69025760926782
29,Tonga,1,Male,1999,18.30843262040744
29,Tonga,2,Female,1999,46.59445977581971
29,Tonga,3,Both,1999,32.73334666945411
177,Djibouti,1,Male,1994,3.00408216370481
177,Djibouti,2,Female,1994,7.46064534581775
177,Djibouti,3,Both,1994,5.085731731698051
20,Vietnam,1,Male,2002,5.153242908715059
20,Vietnam,2,Female,2002,10.31090497798233
20,Vietnam,3,Both,2002,7.85804004938141
87,Luxembourg,1,Male,2004,15.41158193404735
87,Luxembourg,2,Female,2004,26.2680194691982
87,Luxembourg,3,Both,2004,20.994111432898528
176,Comoros,1,Male,1994,2.47863597317852
176,Comoros,2,Female,1994,6.37168396721064
176,Comoros,3,Both,1994,4.49462578983056
202,Cameroon,1,Male,2002,7.87620597241733
202,Cameroon,2,Female,2002,14.72189755402962
202,Cameroon,3,Both,2002,11.40345489146215
62,Russian Federation,1,Male,1996,6.8429354539215295
62,Russian Federation,2,Female,1996,17.324172972536108
62,Russian Federation,3,Both,1996,12.65225432646066
57,Belarus,1,Male,1993,6.94723845081565
57,Belarus,2,Female,1993,16.52458402995355
57,Belarus,3,Both,1993,12.22460073134123
54,Slovakia,1,Male,1993,9.32239757766439
54,Slovakia,2,Female,1993,20.2351233415326
54,Slovakia,3,Both,1993,15.08278767807415
203,Cape Verde,1,Male,1991,5.75323700888608
203,Cape Verde,2,Female,1991,16.421346005914288
203,Cape Verde,3,Both,1991,11.8102136742148
71,Australia,1,Male,2007,30.797998324141066
71,Australia,2,Female,2007,43.2973495919312
71,Australia,3,Both,2007,37.22821766944293
380,Palau,1,Male,1999,18.2166256006948
380,Palau,2,Female,1999,39.01917403392774
380,Palau,3,Both,1999,27.432319692689088
161,Bangladesh,1,Male,2000,6.106525020707379
161,Bangladesh,2,Female,2000,14.281610421938373
161,Bangladesh,3,Both,2000,9.97817950913958
26,Papua New Guinea,1,Male,2002,11.02384692135988
26,Papua New Guinea,2,Female,2002,30.22587455451194
26,Papua New Guinea,3,Both,2002,20.39889347461173
54,Slovakia,1,Male,1999,9.71915445102117
54,Slovakia,2,Female,1999,21.46674058822094
54,Slovakia,3,Both,1999,15.93143418985491
71,Australia,1,Male,2010,32.03967814938236
71,Australia,2,Female,2010,45.0669984077842
71,Australia,3,Both,2010,38.73346074935306
55,Slovenia,1,Male,2002,12.13657650691852
55,Slovenia,2,Female,2002,24.1291107892925
55,Slovenia,3,Both,2002,18.39787959782209
22,Fiji,1,Male,2008,19.03978212892594
22,Fiji,2,Female,2008,39.21747612507358
22,Fiji,3,Both,2008,29.02256083791569
305,Bermuda,1,Male,1999,13.48360355059894
305,Bermuda,2,Female,1999,30.87063021675921
305,Bermuda,3,Both,1999,22.61629459720703
116,Saint Lucia,1,Male,1995,9.1136857396188
116,Saint Lucia,2,Female,1995,23.52825288969267
116,Saint Lucia,3,Both,1995,16.64202423193079
45,Bulgaria,1,Male,1990,13.40747066514482
45,Bulgaria,2,Female,1990,23.97967811484994
45,Bulgaria,3,Both,1990,18.868010095151693
168,Angola,1,Male,2008,5.99549110367106
168,Angola,2,Female,2008,12.026714243558793
168,Angola,3,Both,2008,9.13375437405005
177,Djibouti,1,Male,1997,3.07108476814609
177,Djibouti,2,Female,1997,7.548079367864751
177,Djibouti,3,Both,1997,5.1576973991182005
181,Madagascar,1,Male,1994,3.40036640773712
181,Madagascar,2,Female,1994,7.94931768580094
181,Madagascar,3,Both,1994,5.70222108367165
33,Armenia,1,Male,1999,5.96024444474945
33,Armenia,2,Female,1999,11.93471409832395
33,Armenia,3,Both,1999,9.17401708548047
106,The Bahamas,1,Male,1992,9.674301741476947
106,The Bahamas,2,Female,1992,24.77426722589348
106,The Bahamas,3,Both,1992,17.57771880119996
111,Dominican Republic,1,Male,2006,14.75863011358528
111,Dominican Republic,2,Female,2006,19.88720741846076
111,Dominican Republic,3,Both,2006,17.33987677888775
53,Serbia,1,Male,1996,9.60777952585482
53,Serbia,2,Female,1996,19.19409660929835
53,Serbia,3,Both,1996,14.4999294595347
164,Nepal,1,Male,1997,7.14525609140942
164,Nepal,2,Female,1997,10.604628415362551
164,Nepal,3,Both,1997,8.88385522580041
211,Mali,1,Male,2008,13.28672536257394
211,Mali,2,Female,2008,16.01756003001423
211,Mali,3,Both,2008,14.67313860041789
165,Pakistan,1,Male,2003,14.59063403714812
165,Pakistan,2,Female,2003,15.63938832678701
165,Pakistan,3,Both,2003,15.092425905046811
12,Laos,1,Male,2005,3.42738682927018
12,Laos,2,Female,2005,7.039995587574591
12,Laos,3,Both,2005,5.2642822256520905
22,Fiji,1,Male,2005,18.6124343995145
22,Fiji,2,Female,2005,39.32000688431264
22,Fiji,3,Both,2005,28.855034942315832
74,Andorra,1,Male,1998,17.02036302541633
74,Andorra,2,Female,1998,25.88288614222157
74,Andorra,3,Both,1998,21.21706994948804
26,Papua New Guinea,1,Male,2008,10.76250292746445
26,Papua New Guinea,2,Female,2008,29.472426823065728
26,Papua New Guinea,3,Both,2008,19.87110501988105
11,Indonesia,1,Male,1999,14.052503224343852
11,Indonesia,2,Female,1999,21.83252796104537
11,Indonesia,3,Both,1999,17.99995072885125
149,Palestine,1,Male,2009,12.75583551457809
149,Palestine,2,Female,2009,45.30234072142765
149,Palestine,3,Both,2009,28.99170293388231
107,Barbados,1,Male,1995,25.06485578554531
107,Barbados,2,Female,1995,51.8140544697054
107,Barbados,3,Both,1995,39.38382934204364
172,Equatorial Guinea,1,Male,2008,8.58889386797524
172,Equatorial Guinea,2,Female,2008,17.867951882584247
172,Equatorial Guinea,3,Both,2008,13.687398144373413
163,India,1,Male,2010,11.76443087556802
163,India,2,Female,2010,16.863106958308443
163,India,3,Both,2010,14.283192779216089
28,Solomon Islands,1,Male,1996,17.47549489714767
28,Solomon Islands,2,Female,1996,32.3930750912167
28,Solomon Islands,3,Both,1996,24.64970689098196
130,Mexico,1,Male,1997,9.51290378219924
130,Mexico,2,Female,1997,17.50314186074132
130,Mexico,3,Both,1997,13.66362373684867
178,Eritrea,1,Male,1997,1.3386886735696502
178,Eritrea,2,Female,1997,3.4660265893007
178,Eritrea,3,Both,1997,2.47294702627198
55,Slovenia,1,Male,1999,11.62680028320729
55,Slovenia,2,Female,1999,22.97267249638404
55,Slovenia,3,Both,1999,17.57636497820244
6,China,1,Male,2000,10.286418117835533
6,China,2,Female,2000,18.27177887686994
6,China,3,Both,2000,14.194825835625572
60,Lithuania,1,Male,1998,10.31435656116463
60,Lithuania,2,Female,1998,19.95557562619159
60,Lithuania,3,Both,1998,15.65002695968665
48,Hungary,1,Male,2009,10.116686176180089
48,Hungary,2,Female,2009,21.56519695054444
48,Hungary,3,Both,2009,16.29582902952756
130,Mexico,1,Male,2005,9.24875254448728
130,Mexico,2,Female,2005,17.2303951049572
130,Mexico,3,Both,2005,13.42814970843229
385,Puerto Rico,1,Male,2002,17.536781258111787
385,Puerto Rico,2,Female,2002,34.56914020672152
385,Puerto Rico,3,Both,2002,26.65751731320235
175,Burundi,1,Male,2002,3.43935197877084
175,Burundi,2,Female,2002,8.16266361329646
175,Burundi,3,Both,2002,5.85209861226914
163,India,1,Male,1994,11.97897365476988
163,India,2,Female,1994,15.43859255646309
163,India,3,Both,1994,13.64321308708448
44,Bosnia and Herzegovina,1,Male,2006,9.62175079171302
44,Bosnia and Herzegovina,2,Female,2006,18.039392864613728
44,Bosnia and Herzegovina,3,Both,2006,13.988670089036958
52,Romania,1,Male,2001,13.6081243112422
52,Romania,2,Female,2001,28.65729687365162
52,Romania,3,Both,2001,21.48262059897516
77,Cyprus,1,Male,1995,13.51383045501026
77,Cyprus,2,Female,1995,22.45284070257312
77,Cyprus,3,Both,1995,18.03995895415765
81,Germany,1,Male,2003,11.80346831634906
81,Germany,2,Female,2003,23.23013299595733
81,Germany,3,Both,2003,17.73624827537968
114,Haiti,1,Male,2008,8.040420861770189
114,Haiti,2,Female,2008,20.72051282222544
114,Haiti,3,Both,2008,14.71080586896727
170,Congo,1,Male,2009,6.92262685853033
170,Congo,2,Female,2009,10.46037164726963
170,Congo,3,Both,2009,8.70615795086267
435,South Sudan,1,Male,1999,3.525225108352989
435,South Sudan,2,Female,1999,7.84970608265861
435,South Sudan,3,Both,1999,5.55222467111499
179,Ethiopia,1,Male,2002,3.9889796838656495
179,Ethiopia,2,Female,2002,9.61827029974298
179,Ethiopia,3,Both,2002,6.7897020851827
101,Canada,1,Male,2000,7.55087910605573
101,Canada,2,Female,2000,13.14328556088813
101,Canada,3,Both,2000,10.45098128409684
48,Hungary,1,Male,2006,9.86507009369879
48,Hungary,2,Female,2006,20.96082172490664
48,Hungary,3,Both,2006,15.85460103139884
422,"Virgin Islands, U.S.",1,Male,2001,9.36250310084307
422,"Virgin Islands, U.S.",2,Female,2001,24.06214861634637
422,"Virgin Islands, U.S.",3,Both,2001,17.19735591052723
193,Botswana,1,Male,1999,9.39898556052925
193,Botswana,2,Female,1999,23.52530121890537
193,Botswana,3,Both,1999,16.94252149720668
39,Tajikistan,1,Male,2008,5.41230048515189
39,Tajikistan,2,Female,2008,10.59767489900137
39,Tajikistan,3,Both,2008,8.01947303607833
55,Slovenia,1,Male,1996,11.32299270978968
55,Slovenia,2,Female,1996,22.14910029351587
55,Slovenia,3,Both,1996,17.01959407964532
374,Niue,1,Male,1993,20.57557737449128
374,Niue,2,Female,1993,39.70644529212189
374,Niue,3,Both,1993,30.44816331008396
162,Bhutan,1,Male,2003,28.27316903178243
162,Bhutan,2,Female,2003,55.82598500916834
162,Bhutan,3,Both,2003,40.97671673482809
59,Latvia,1,Male,2002,9.28958650284943
59,Latvia,2,Female,2002,22.14283907564056
59,Latvia,3,Both,2002,16.53122981148186
204,Chad,1,Male,1991,8.14053810051277
204,Chad,2,Female,1991,12.45489916120313
204,Chad,3,Both,1991,10.44773485884721
48,Hungary,1,Male,1993,10.17754660193222
48,Hungary,2,Female,1993,19.78727919755319
48,Hungary,3,Both,1993,15.34846075279538
213,Niger,1,Male,1996,8.491080881608069
213,Niger,2,Female,1996,16.60614412531166
213,Niger,3,Both,1996,12.52742221619677
92,Spain,1,Male,2010,16.76570031076647
92,Spain,2,Female,2010,27.24350825198872
92,Spain,3,Both,2010,22.13520382186861
385,Puerto Rico,1,Male,2008,19.525421800074135
385,Puerto Rico,2,Female,2008,36.49658472368925
385,Puerto Rico,3,Both,2008,28.62076126976318
51,Poland,1,Male,2005,15.07311406142437
51,Poland,2,Female,2005,30.655494429143133
51,Poland,3,Both,2005,23.3170991667612
121,Bolivia,1,Male,1995,10.25576776508325
121,Bolivia,2,Female,1995,12.54290274876582
121,Bolivia,3,Both,1995,11.436635821071327
183,Mauritius,1,Male,2002,9.19796191394121
183,Mauritius,2,Female,2002,17.10271315485085
183,Mauritius,3,Both,2002,13.23786408943885
81,Germany,1,Male,1995,11.67136943151204
81,Germany,2,Female,1995,23.23061070766774
81,Germany,3,Both,1995,17.71914702964542
53,Serbia,1,Male,2004,10.05753205739596
53,Serbia,2,Female,2004,20.20627195256253
53,Serbia,3,Both,2004,15.33601985596486
206,The Gambia,1,Male,2002,4.8185539414672
206,The Gambia,2,Female,2002,12.31916834427505
206,The Gambia,3,Both,2002,8.634802178727071
75,Austria,1,Male,2007,13.637864556529893
75,Austria,2,Female,2007,27.32390115082215
75,Austria,3,Both,2007,20.79050172073853
168,Angola,1,Male,1997,5.99651263633483
168,Angola,2,Female,1997,11.82031554069512
168,Angola,3,Both,1997,8.92790065137041
77,Cyprus,1,Male,1990,13.16026811865557
77,Cyprus,2,Female,1990,22.08567938692641
77,Cyprus,3,Both,1990,17.69219479298594
165,Pakistan,1,Male,2000,14.639089935765002
165,Pakistan,2,Female,2000,15.615308814527731
165,Pakistan,3,Both,2000,15.103107076621331
30,Vanuatu,1,Male,2002,4.80281618331537
30,Vanuatu,2,Female,2002,9.11518952557262
30,Vanuatu,3,Both,2002,6.9335643209118505
49,Macedonia,1,Male,1990,9.032976624727633
49,Macedonia,2,Female,1990,18.41042726761879
49,Macedonia,3,Both,1990,13.76958457750976
207,Ghana,1,Male,1991,8.75692249734804
207,Ghana,2,Female,1991,14.84543185296667
207,Ghana,3,Both,1991,11.90830221756643
180,Kenya,1,Male,1994,5.292078335514129
180,Kenya,2,Female,1994,18.84313111132854
180,Kenya,3,Both,1994,12.19402268680938
131,Nicaragua,1,Male,2000,6.3952399526371
131,Nicaragua,2,Female,2000,13.82485729759155
131,Nicaragua,3,Both,2000,10.29870183444977
61,Moldova,1,Male,2001,7.468753881204821
61,Moldova,2,Female,2001,16.51693726034364
61,Moldova,3,Both,2001,12.3670305161754
58,Estonia,1,Male,1993,5.78746837874437
58,Estonia,2,Female,1993,14.89114964980389
58,Estonia,3,Both,1993,10.8703014120752
185,Rwanda,1,Male,1994,2.55305109912554
185,Rwanda,2,Female,1994,7.02729729755895
185,Rwanda,3,Both,1994,4.92311606246301
95,United Kingdom,1,Male,1998,25.72027238270603
95,United Kingdom,2,Female,1998,41.52037740726172
95,United Kingdom,3,Both,1998,33.99183744815029
176,Comoros,1,Male,2005,2.17461232478392
176,Comoros,2,Female,2005,6.69117430765966
176,Comoros,3,Both,2005,4.490087276376229
169,Central African Republic,1,Male,2003,6.53057857362564
169,Central African Republic,2,Female,2003,17.580178160191608
169,Central African Republic,3,Both,2003,12.13269591914644
413,Tokelau,1,Male,1999,20.36106588694686
413,Tokelau,2,Female,1999,39.32935397734038
413,Tokelau,3,Both,1999,30.310040273790563
79,Finland,1,Male,2007,17.77388391314327
79,Finland,2,Female,2007,31.33092615646731
79,Finland,3,Both,2007,24.81002896344321
12,Laos,1,Male,2008,3.21810641588472
12,Laos,2,Female,2008,6.9355260042404
12,Laos,3,Both,2008,5.1005005567543495
53,Serbia,1,Male,1990,9.67106417913916
53,Serbia,2,Female,1990,19.21177498403628
53,Serbia,3,Both,1990,14.5373612951255
320,Cook Islands,1,Male,2002,22.37927492064859
320,Cook Islands,2,Female,2002,41.40184035327511
320,Cook Islands,3,Both,2002,31.614367780244116
30,Vanuatu,1,Male,2008,4.41412045913472
30,Vanuatu,2,Female,2008,8.47651536039869
30,Vanuatu,3,Both,2008,6.43480618061192
99,Uruguay,1,Male,1998,13.59348988548445
99,Uruguay,2,Female,1998,21.69350737740741
99,Uruguay,3,Both,1998,17.89076010395532
109,Cuba,1,Male,1998,11.91675649656272
109,Cuba,2,Female,1998,27.33182878563812
109,Cuba,3,Both,1998,19.70100470843846
215,Sao Tome and Principe,1,Male,2008,2.39742898756553
215,Sao Tome and Principe,2,Female,2008,10.53855962685066
215,Sao Tome and Principe,3,Both,2008,6.5959848137765205
75,Austria,1,Male,2010,14.35740659305283
75,Austria,2,Female,2010,27.87346889411058
75,Austria,3,Both,2010,21.41084932960876
34,Azerbaijan,1,Male,2002,5.447068379640029
34,Azerbaijan,2,Female,2002,11.70352095761984
34,Azerbaijan,3,Both,2002,8.75721811625292
153,Syria,1,Male,2009,17.53636359611378
153,Syria,2,Female,2009,34.64396536002415
153,Syria,3,Both,2009,25.76729681386867
37,Kyrgyzstan,1,Male,1999,5.16549223714516
37,Kyrgyzstan,2,Female,1999,12.70688686542332
37,Kyrgyzstan,3,Both,1999,9.11277542134975
396,San Marino,1,Male,1993,19.55311633459982
396,San Marino,2,Female,1993,30.355323285321777
396,San Marino,3,Both,1993,25.12049813198561
119,Trinidad and Tobago,1,Male,1992,13.95993702508716
119,Trinidad and Tobago,2,Female,1992,37.90859433617746
119,Trinidad and Tobago,3,Both,1992,26.04295159569817
181,Madagascar,1,Male,1997,3.28646458730978
181,Madagascar,2,Female,1997,7.860248212903399
181,Madagascar,3,Both,1997,5.60716827070803
67,Japan,1,Male,1996,31.28913267636028
67,Japan,2,Female,1996,42.86675642087963
67,Japan,3,Both,1996,37.29129277440652
169,Central African Republic,1,Male,2000,6.76761517157088
169,Central African Republic,2,Female,2000,17.66130239667517
169,Central African Republic,3,Both,2000,12.32463842320681
108,Belize,1,Male,2001,8.333152472069221
108,Belize,2,Female,2001,23.36525334701199
108,Belize,3,Both,2001,15.780198644985798
79,Finland,1,Male,2010,18.06733202786751
79,Finland,2,Female,2010,31.68223694424524
79,Finland,3,Both,2010,25.114592731905272
62,Russian Federation,1,Male,1993,6.69993178384378
62,Russian Federation,2,Female,1993,17.17798318873946
62,Russian Federation,3,Both,1993,12.49972300385484
38,Mongolia,1,Male,2002,3.69305313558725
38,Mongolia,2,Female,2002,7.059416256633989
38,Mongolia,3,Both,2002,5.41871731910613
153,Syria,1,Male,2006,17.486021112676
153,Syria,2,Female,2006,34.050396708849604
153,Syria,3,Both,2006,25.51931912331386
185,Rwanda,1,Male,1997,2.55654404110345
185,Rwanda,2,Female,1997,7.01650545245692
185,Rwanda,3,Both,1997,4.97558794429811
26,Papua New Guinea,1,Male,2005,10.92864739664027
26,Papua New Guinea,2,Female,2005,29.95917017719109
26,Papua New Guinea,3,Both,2005,20.20526634973825
71,Australia,1,Male,1996,26.55961479006099
71,Australia,2,Female,1996,36.1543101012534
71,Australia,3,Both,1996,31.48581277824624
173,Gabon,1,Male,2003,3.04465246798369
173,Gabon,2,Female,2003,13.47241740000647
173,Gabon,3,Both,2003,8.28581054582979
112,Grenada,1,Male,2001,9.15372505228409
112,Grenada,2,Female,2001,25.92044992050264
112,Grenada,3,Both,2001,17.691263840047462
58,Estonia,1,Male,1999,6.2403410767872005
58,Estonia,2,Female,1999,15.73509425689627
58,Estonia,3,Both,1999,11.5616867744925
173,Gabon,1,Male,2000,3.1320333449217697
173,Gabon,2,Female,2000,13.138648774962569
173,Gabon,3,Both,2000,8.16391996386784
57,Belarus,1,Male,1990,6.72118505809214
57,Belarus,2,Female,1990,16.218960428958738
57,Belarus,3,Both,1990,11.96853981415619
128,Guatemala,1,Male,1992,3.99476020481558
128,Guatemala,2,Female,1992,7.9797531269790305
128,Guatemala,3,Both,1992,6.04951823280361
34,Azerbaijan,1,Male,2008,5.67656899166439
34,Azerbaijan,2,Female,2008,12.12891010351781
34,Azerbaijan,3,Both,2008,9.05191935667169
522,Sudan,1,Male,1990,47.60519647992341
522,Sudan,2,Female,1990,62.58186512224732
522,Sudan,3,Both,1990,55.184837328996
30,Vanuatu,1,Male,2005,4.63488730450198
30,Vanuatu,2,Female,2005,8.86583677836182
30,Vanuatu,3,Both,2005,6.734222310813951
349,Greenland,1,Male,2002,5.92139403771775
349,Greenland,2,Female,2002,13.523995294018071
349,Greenland,3,Both,2002,9.3405507863176
83,Iceland,1,Male,2010,19.29610925063881
83,Iceland,2,Female,2010,30.40048622766213
83,Iceland,3,Both,2010,24.83305547167102
132,Panama,1,Male,1992,9.17940149806492
132,Panama,2,Female,1992,16.47499150797595
132,Panama,3,Both,1992,12.79307653737917
320,Cook Islands,1,Male,2005,22.59510744817832
320,Cook Islands,2,Female,2005,41.861125818901066
320,Cook Islands,3,Both,2005,32.17068975256325
108,Belize,1,Male,1998,8.401089975180149
108,Belize,2,Female,1998,23.134997306398137
108,Belize,3,Both,1998,15.65450542343041
83,Iceland,1,Male,2007,18.57238613746091
83,Iceland,2,Female,2007,29.59702990263065
83,Iceland,3,Both,2007,24.032395764013987
52,Romania,1,Male,2009,15.37633012235995
52,Romania,2,Female,2009,32.16281176275186
52,Romania,3,Both,2009,24.16095403527869
62,Russian Federation,1,Male,1999,7.0740066392632
62,Russian Federation,2,Female,1999,17.48002689434059
62,Russian Federation,3,Both,1999,12.83505897342407
98,Chile,1,Male,2009,8.14628320370331
98,Chile,2,Female,2009,22.80203692220189
98,Chile,3,Both,2009,15.75964896093072
367,Monaco,1,Male,2002,25.10609417693164
367,Monaco,2,Female,2002,37.47734755650674
367,Monaco,3,Both,2002,31.551757069541097
25,Federated States of Micronesia,1,Male,2002,42.66817037713013
25,Federated States of Micronesia,2,Female,2002,64.46444615600248
25,Federated States of Micronesia,3,Both,2002,53.71381100603407
57,Belarus,1,Male,1996,7.13227978713768
57,Belarus,2,Female,1996,16.76815499603779
57,Belarus,3,Both,1996,12.44239533381771
87,Luxembourg,1,Male,2010,14.71195290877021
87,Luxembourg,2,Female,2010,26.082966962973
87,Luxembourg,3,Both,2010,20.51311426254071
157,Yemen,1,Male,2006,15.73485908872127
157,Yemen,2,Female,2006,29.95368697436056
157,Yemen,3,Both,2006,22.81835967512206
38,Mongolia,1,Male,2008,3.55604340817084
38,Mongolia,2,Female,2008,6.82895764226646
38,Mongolia,3,Both,2008,5.2335372836595
157,Yemen,1,Male,2009,15.630736753669613
157,Yemen,2,Female,2009,30.32978601498121
157,Yemen,3,Both,2009,22.96383900448724
175,Burundi,1,Male,1991,3.47726294605327
175,Burundi,2,Female,1991,8.14128094791956
175,Burundi,3,Both,1991,5.93663653025079
197,Swaziland,1,Male,1999,8.69138733557042
197,Swaziland,2,Female,1999,17.12930463676188
197,Swaziland,3,Both,1999,13.36090315909547
52,Romania,1,Male,2006,14.51352355093642
52,Romania,2,Female,2006,30.49408124839982
52,Romania,3,Both,2006,22.87849185115224
416,Tuvalu,1,Male,2002,14.580509465091229
416,Tuvalu,2,Female,2002,32.8982502773304
416,Tuvalu,3,Both,2002,24.35576019214629
196,South Africa,1,Male,2000,17.79945598389411
196,South Africa,2,Female,2000,29.65015883776441
196,South Africa,3,Both,2000,24.18929993216265
52,Romania,1,Male,1993,12.94099755624566
52,Romania,2,Female,1993,27.04725974732238
52,Romania,3,Both,1993,20.27420887074389
105,Antigua and Barbuda,1,Male,2000,9.71767293731919
105,Antigua and Barbuda,2,Female,2000,23.69519676680446
105,Antigua and Barbuda,3,Both,2000,17.34490260478308
142,Iran,1,Male,2005,13.884201085511922
142,Iran,2,Female,2005,33.84719989224046
142,Iran,3,Both,2005,23.67638852636077
47,Czech Republic,1,Male,1990,11.92899293478983
47,Czech Republic,2,Female,1990,23.20463897923771
47,Czech Republic,3,Both,1990,17.90419940092263
171,Democratic Republic of the Congo,1,Male,2010,9.86179013719174
171,Democratic Republic of the Congo,2,Female,2010,17.99179877749012
171,Democratic Republic of the Congo,3,Both,2010,13.97212091566734
85,Israel,1,Male,2003,13.43064555533838
85,Israel,2,Female,2003,25.60743997438212
85,Israel,3,Both,2003,19.76127286172276
146,Lebanon,1,Male,2005,32.4053915938424
146,Lebanon,2,Female,2005,29.638366459947957
146,Lebanon,3,Both,2005,30.9516142327306
393,Saint Kitts and Nevis,1,Male,1993,10.86011085069369
393,Saint Kitts and Nevis,2,Female,1993,26.28246626850654
393,Saint Kitts and Nevis,3,Both,1993,18.86229478541244
89,Netherlands,1,Male,2003,10.99414769063644
89,Netherlands,2,Female,2003,18.46705607764376
89,Netherlands,3,Both,2003,14.8224439819998
205,Cote d'Ivoire,1,Male,2004,6.58859565874682
205,Cote d'Ivoire,2,Female,2004,10.99299893633683
205,Cote d'Ivoire,3,Both,2004,8.69354272600758
170,Congo,1,Male,2006,6.72610977046452
170,Congo,2,Female,2006,10.22781886011853
170,Congo,3,Both,2006,8.4935219081453
84,Ireland,1,Male,2007,17.38055361850794
84,Ireland,2,Female,2007,32.636315843122
84,Ireland,3,Both,2007,25.08789611561833
118,Suriname,1,Male,2008,24.44209986480424
118,Suriname,2,Female,2008,33.28922391071113
118,Suriname,3,Both,2008,28.90303104456609
217,Sierra Leone,1,Male,1996,8.10663242184587
217,Sierra Leone,2,Female,1996,14.08428263727978
217,Sierra Leone,3,Both,1996,11.24891222789236
422,"Virgin Islands, U.S.",1,Male,1993,8.48811028212542
422,"Virgin Islands, U.S.",2,Female,1993,21.68348622910467
422,"Virgin Islands, U.S.",3,Both,1993,15.47118626119533
93,Sweden,1,Male,2003,16.55397372971333
93,Sweden,2,Female,2003,26.813920363837003
93,Sweden,3,Both,2003,21.80939690281378
209,Guinea-Bissau,1,Male,2004,6.96344405855685
209,Guinea-Bissau,2,Female,2004,13.62573905805774
209,Guinea-Bissau,3,Both,2004,10.50013277821931
62,Russian Federation,1,Male,1990,6.39390225255889
62,Russian Federation,2,Female,1990,16.741917231659382
62,Russian Federation,3,Both,1990,12.13684207651755
110,Dominica,1,Male,1992,5.4946265474601805
110,Dominica,2,Female,1992,22.695285442226
110,Dominica,3,Both,1992,14.55008177805478
106,The Bahamas,1,Male,2000,9.9263632716403
106,The Bahamas,2,Female,2000,25.40495816851427
106,The Bahamas,3,Both,2000,18.06062848729528
69,Singapore,1,Male,1998,19.522398940857112
69,Singapore,2,Female,1998,26.599774963999927
69,Singapore,3,Both,1998,22.92981882915081
109,Cuba,1,Male,2001,12.1616876379382
109,Cuba,2,Female,2001,27.98548426921129
109,Cuba,3,Both,2001,20.16053083875408
193,Botswana,1,Male,2007,8.68943209135772
193,Botswana,2,Female,2007,23.95161897873351
193,Botswana,3,Both,2007,16.7761851409542
46,Croatia,1,Male,2002,11.24767361871224
46,Croatia,2,Female,2002,23.17726321154374
46,Croatia,3,Both,2002,17.58454331649763
91,Portugal,1,Male,2004,21.99283231493504
91,Portugal,2,Female,2004,32.94813315265724
91,Portugal,3,Both,2004,27.77867526463475
142,Iran,1,Male,1997,13.96886853869902
142,Iran,2,Female,1997,32.896532310086776
142,Iran,3,Both,1997,23.22723600404906
85,Israel,1,Male,1995,14.44552058932721
85,Israel,2,Female,1995,25.623591762320768
85,Israel,3,Both,1995,20.29141463014998
87,Luxembourg,1,Male,2007,15.2730797444857
87,Luxembourg,2,Female,2007,26.1639676570764
87,Luxembourg,3,Both,2007,20.85629166093746
75,Austria,1,Male,1996,12.34868616055258
75,Austria,2,Female,1996,26.54784523479574
75,Austria,3,Both,1996,19.85385913076242
122,Ecuador,1,Male,2008,15.59281573341988
122,Ecuador,2,Female,2008,14.14979723244736
122,Ecuador,3,Both,2008,14.85334406651189
34,Azerbaijan,1,Male,2005,5.51978520336902
34,Azerbaijan,2,Female,2005,11.71194916460964
34,Azerbaijan,3,Both,2005,8.77730401416172
67,Japan,1,Male,1999,32.240929303346
67,Japan,2,Female,1999,43.62275889861029
67,Japan,3,Both,1999,38.142398619016646
110,Dominica,1,Male,2000,4.91161262034087
110,Dominica,2,Female,2000,23.21784869138249
110,Dominica,3,Both,2000,14.3569621944299
320,Cook Islands,1,Male,2008,23.25356641264988
320,Cook Islands,2,Female,2008,42.03892535516875
320,Cook Islands,3,Both,2008,32.76336510426392
50,Montenegro,1,Male,2002,11.31596653379
50,Montenegro,2,Female,2002,22.70309775914711
50,Montenegro,3,Both,2002,17.219787525099818
46,Croatia,1,Male,2008,12.666169261591987
46,Croatia,2,Female,2008,25.78187336525125
46,Croatia,3,Both,2008,19.61150841460968
128,Guatemala,1,Male,1995,3.89198119590561
128,Guatemala,2,Female,1995,7.74156996424219
128,Guatemala,3,Both,1995,5.88934821098637
177,Djibouti,1,Male,2000,3.0748958859882403
177,Djibouti,2,Female,2000,7.56998874847212
177,Djibouti,3,Both,2000,5.15742910764329
191,Zambia,1,Male,1994,5.631281747164231
191,Zambia,2,Female,1994,10.12108931638182
191,Zambia,3,Both,1994,7.909826421005341
127,El Salvador,1,Male,2003,10.62472869457811
127,El Salvador,2,Female,2003,17.850806270409418
127,El Salvador,3,Both,2003,14.60689802240661
184,Mozambique,1,Male,1994,3.4794052283469
184,Mozambique,2,Female,1994,7.5412212911438194
184,Mozambique,3,Both,1994,5.67445746999005
210,Liberia,1,Male,2002,10.4514276991421
210,Liberia,2,Female,2002,31.712701102085973
210,Liberia,3,Both,2002,21.147075992534813
78,Denmark,1,Male,1998,14.11227948899948
78,Denmark,2,Female,1998,24.99323869912265
78,Denmark,3,Both,1998,19.70373263284515
29,Tonga,1,Male,2002,18.43948362809784
29,Tonga,2,Female,2002,46.64913315921209
29,Tonga,3,Both,2002,32.794522633675136
59,Latvia,1,Male,1999,8.97025355290492
59,Latvia,2,Female,1999,21.40249674819494
59,Latvia,3,Both,1999,15.97341144166839
161,Bangladesh,1,Male,2009,6.3442605766182005
161,Bangladesh,2,Female,2009,19.25285446986289
161,Bangladesh,3,Both,2009,12.70844234222952
55,Slovenia,1,Male,2005,12.66299463188168
55,Slovenia,2,Female,2005,25.18011807671778
55,Slovenia,3,Both,2005,19.1603809469243
200,Benin,1,Male,1994,2.46417767207309
200,Benin,2,Female,1994,4.59705635439235
200,Benin,3,Both,1994,3.62046594580779
38,Mongolia,1,Male,2005,3.5741203962965105
38,Mongolia,2,Female,2005,6.91092702767558
38,Mongolia,3,Both,2005,5.28330534750023
180,Kenya,1,Male,2005,4.996260871975291
180,Kenya,2,Female,2005,19.30942074070638
180,Kenya,3,Both,2005,12.31524078317701
161,Bangladesh,1,Male,2006,6.09408883910399
161,Bangladesh,2,Female,2006,16.91002702761254
161,Bangladesh,3,Both,2006,11.358754586274609
91,Portugal,1,Male,2010,22.57619071833873
91,Portugal,2,Female,2010,33.55607173789349
91,Portugal,3,Both,2010,28.41165404571209
66,Brunei,1,Male,2007,16.107978964305232
66,Brunei,2,Female,2007,24.69983345239091
66,Brunei,3,Both,2007,20.30407067771635
208,Guinea,1,Male,1991,3.85465461264156
208,Guinea,2,Female,1991,10.32310388327103
208,Guinea,3,Both,1991,7.29870717463805
95,United Kingdom,1,Male,2004,26.38240155965685
95,United Kingdom,2,Female,2004,42.08869226516224
95,United Kingdom,3,Both,2004,34.555469200217395
197,Swaziland,1,Male,2007,8.15744822324066
197,Swaziland,2,Female,2007,18.254345323653272
197,Swaziland,3,Both,2007,13.653084389799918
88,Malta,1,Male,2004,23.10538346978441
88,Malta,2,Female,2004,36.769687516982415
88,Malta,3,Both,2004,30.10307276075753
43,Albania,1,Male,2008,9.72870254409228
43,Albania,2,Female,2008,18.89021805061347
43,Albania,3,Both,2008,14.40220118290155
50,Montenegro,1,Male,2008,12.12906971150853
50,Montenegro,2,Female,2008,24.05807160359033
50,Montenegro,3,Both,2008,18.324190007170728
211,Mali,1,Male,1991,13.35164874321569
211,Mali,2,Female,1991,15.11327815786113
211,Mali,3,Both,1991,14.2730803073472
63,Ukraine,1,Male,2002,6.14837588752289
63,Ukraine,2,Female,2002,15.91478926597955
63,Ukraine,3,Both,2002,11.59949286190056
172,Equatorial Guinea,1,Male,1997,8.172414748305851
172,Equatorial Guinea,2,Female,1997,13.87252426143899
172,Equatorial Guinea,3,Both,1997,11.40268578640148
181,Madagascar,1,Male,2000,3.18200016235198
181,Madagascar,2,Female,2000,7.78342975499102
181,Madagascar,3,Both,2000,5.52134293883631
214,Nigeria,1,Male,2002,9.324753351304013
214,Nigeria,2,Female,2002,16.66098070254358
214,Nigeria,3,Both,2002,12.86145580399696
115,Jamaica,1,Male,2006,9.74959197909946
115,Jamaica,2,Female,2006,39.55170584336592
115,Jamaica,3,Both,2006,25.10226563015908
349,Greenland,1,Male,2008,6.59244455341247
349,Greenland,2,Female,2008,14.58600459565233
349,Greenland,3,Both,2008,10.23488851718791
102,United States,1,Male,2009,15.041377600937633
102,United States,2,Female,2009,28.12347024136972
102,United States,3,Both,2009,21.81328447871098
60,Lithuania,1,Male,1993,9.86062217186998
60,Lithuania,2,Female,1993,19.40128193743938
60,Lithuania,3,Both,1993,15.11410936641226
116,Saint Lucia,1,Male,2001,9.52745965837318
116,Saint Lucia,2,Female,2001,24.55338471713331
116,Saint Lucia,3,Both,2001,17.29675132149174
61,Moldova,1,Male,1996,7.203656772735929
61,Moldova,2,Female,1996,16.211810764495908
61,Moldova,3,Both,1996,12.099009519138558
99,Uruguay,1,Male,2004,13.64793972546321
99,Uruguay,2,Female,2004,22.56402090717522
99,Uruguay,3,Both,2004,18.39327139774553
37,Kyrgyzstan,1,Male,2010,5.20971795803587
37,Kyrgyzstan,2,Female,2010,12.603798038073949
37,Kyrgyzstan,3,Both,2010,9.06575065250283
112,Grenada,1,Male,1998,9.34854551736303
112,Grenada,2,Female,1998,25.760996594143
112,Grenada,3,Both,1998,17.76130186670984
97,Argentina,1,Male,2003,10.21195710829951
97,Argentina,2,Female,2003,19.197414360087407
97,Argentina,3,Both,2003,14.95091886614261
190,Uganda,1,Male,1991,3.35004675035901
190,Uganda,2,Female,1991,7.949377160369011
190,Uganda,3,Both,1991,5.71396896149687
10,Cambodia,1,Male,1991,2.17090120105956
10,Cambodia,2,Female,1991,4.74628742187124
10,Cambodia,3,Both,1991,3.6196163243411896
67,Japan,1,Male,1993,30.22587694220082
67,Japan,2,Female,1993,41.92220520715358
67,Japan,3,Both,1993,36.29081508893829
176,Comoros,1,Male,1997,2.3874408091164803
176,Comoros,2,Female,1997,6.18003556876179
176,Comoros,3,Both,1997,4.34826701753944
95,United Kingdom,1,Male,2010,27.05026776548885
95,United Kingdom,2,Female,2010,42.53584412181866
95,United Kingdom,3,Both,2010,35.060828455453155
177,Djibouti,1,Male,2003,3.10999076464319
177,Djibouti,2,Female,2003,7.64637826674089
177,Djibouti,3,Both,2003,5.21229152477118
77,Cyprus,1,Male,1998,13.64391076725342
77,Cyprus,2,Female,1998,22.608061598297848
77,Cyprus,3,Both,1998,18.195614237558868
61,Moldova,1,Male,1993,7.09287487978276
61,Moldova,2,Female,1993,16.02442587590864
61,Moldova,3,Both,1993,11.95031805173374
68,South Korea,1,Male,1993,15.38420854543549
68,South Korea,2,Female,1993,25.90798784058113
68,South Korea,3,Both,1993,20.75545418753585
79,Finland,1,Male,1996,16.25685174116024
79,Finland,2,Female,1996,29.835764525203828
79,Finland,3,Both,1996,23.37366557941468
66,Brunei,1,Male,2001,15.43363997612175
66,Brunei,2,Female,2001,23.88002034140226
66,Brunei,3,Both,2001,19.5474149523348
184,Mozambique,1,Male,2005,3.15286375883579
184,Mozambique,2,Female,2005,7.495465043030269
184,Mozambique,3,Both,2005,5.47941324475155
189,Tanzania,1,Male,1994,1.8490087443425296
189,Tanzania,2,Female,1994,3.99747063202573
189,Tanzania,3,Both,1994,2.97608064613596
131,Nicaragua,1,Male,2003,6.479945162138399
131,Nicaragua,2,Female,2003,14.1446214672939
131,Nicaragua,3,Both,2003,10.50776296133382
191,Zambia,1,Male,1997,5.38238520512618
191,Zambia,2,Female,1997,9.95341302086205
191,Zambia,3,Both,1997,7.69623438674001
376,Northern Mariana Islands,1,Male,1999,20.17996872074163
376,Northern Mariana Islands,2,Female,1999,40.37841496292391
376,Northern Mariana Islands,3,Both,1999,29.92480601038201
165,Pakistan,1,Male,2009,14.911369989868358
165,Pakistan,2,Female,2009,16.27878519056727
165,Pakistan,3,Both,2009,15.57447261829967
60,Lithuania,1,Male,2009,13.08742229189608
60,Lithuania,2,Female,2009,24.31111106605265
60,Lithuania,3,Both,2009,19.3622098107474
185,Rwanda,1,Male,2000,2.48355790848452
185,Rwanda,2,Female,2000,6.9391523042919
185,Rwanda,3,Both,2000,4.91180599571715
195,Namibia,1,Male,1994,14.02084906055204
195,Namibia,2,Female,1994,16.767921650588672
195,Namibia,3,Both,1994,15.47231566218337
57,Belarus,1,Male,2004,7.70550336876046
57,Belarus,2,Female,2004,17.66129196085755
57,Belarus,3,Both,2004,13.21198245764399
111,Dominican Republic,1,Male,1995,13.08906539256401
111,Dominican Republic,2,Female,1995,17.9836513635565
111,Dominican Republic,3,Both,1995,15.62479919883835
367,Monaco,1,Male,2008,25.46584739523966
367,Monaco,2,Female,2008,37.79546994635805
367,Monaco,3,Both,2008,31.87735762443413
116,Saint Lucia,1,Male,1998,9.30847265467189
116,Saint Lucia,2,Female,1998,23.994424060551207
116,Saint Lucia,3,Both,1998,16.941845102456522
349,Greenland,1,Male,2005,6.24633129526395
349,Greenland,2,Female,2005,13.99372466630123
349,Greenland,3,Both,2005,9.75002655296469
165,Pakistan,1,Male,2006,14.75074745217708
165,Pakistan,2,Female,2006,15.9371101657065
165,Pakistan,3,Both,2006,15.322101094183878
135,Brazil,1,Male,2000,16.48695468428167
135,Brazil,2,Female,2000,26.05643659682517
135,Brazil,3,Both,2000,21.45653446133555
89,Netherlands,1,Male,1995,10.69642096278142
89,Netherlands,2,Female,1995,19.152470931099568
89,Netherlands,3,Both,1995,15.035596986051768
82,Greece,1,Male,1998,14.02541834685821
82,Greece,2,Female,1998,24.33243618274738
82,Greece,3,Both,1998,19.32084079072228
176,Comoros,1,Male,2008,2.15401371480878
176,Comoros,2,Female,2008,7.35638685720341
176,Comoros,3,Both,2008,4.815087850189189
215,Sao Tome and Principe,1,Male,1991,3.18399926037686
215,Sao Tome and Principe,2,Female,1991,11.23785870053672
215,Sao Tome and Principe,3,Both,1991,7.42136749906932
522,Sudan,1,Male,2004,50.42130842841062
522,Sudan,2,Female,2004,65.28654063399627
522,Sudan,3,Both,2004,57.81156020521131
136,Paraguay,1,Male,1992,10.12283579736167
136,Paraguay,2,Female,1992,14.24372242195871
136,Paraguay,3,Both,1992,12.186304696132751
8,Taiwan (Province of China),1,Male,1997,24.38047263974915
8,Taiwan (Province of China),2,Female,1997,32.90505038172295
8,Taiwan (Province of China),3,Both,1997,28.548478350022588
54,Slovakia,1,Male,2002,9.77077906136073
54,Slovakia,2,Female,2002,21.75318629167368
54,Slovakia,3,Both,2002,16.10046475015795
71,Australia,1,Male,1993,25.970169261450373
71,Australia,2,Female,1993,35.49060043149025
71,Australia,3,Both,1993,30.847931645210014
51,Poland,1,Male,1990,13.09812678828556
51,Poland,2,Female,1990,27.39957104924256
51,Poland,3,Both,1990,20.65543750810552
8,Taiwan (Province of China),1,Male,1992,23.67796023226336
8,Taiwan (Province of China),2,Female,1992,32.07205156094808
8,Taiwan (Province of China),3,Both,1992,27.73618056115833
81,Germany,1,Male,1990,11.44248415497612
81,Germany,2,Female,1990,23.11911337972245
81,Germany,3,Both,1990,17.62967624139495
171,Democratic Republic of the Congo,1,Male,1994,12.56432353342158
171,Democratic Republic of the Congo,2,Female,1994,19.75503440806591
171,Democratic Republic of the Congo,3,Both,1994,16.314045383232532
367,Monaco,1,Male,2005,25.04653216303948
367,Monaco,2,Female,2005,37.53582512874446
367,Monaco,3,Both,2005,31.54093972579573
81,Germany,1,Male,1998,11.68770774751096
81,Germany,2,Female,1998,23.16111703577281
81,Germany,3,Both,1998,17.671450576392942
74,Andorra,1,Male,2007,17.921859799585523
74,Andorra,2,Female,2007,26.74925286350534
74,Andorra,3,Both,2007,22.129829905346927
61,Moldova,1,Male,1990,6.988299717819229
61,Moldova,2,Female,1990,15.79928163952689
61,Moldova,3,Both,1990,11.78035915374753
195,Namibia,1,Male,1997,13.87411260313343
195,Namibia,2,Female,1997,16.69830826273707
195,Namibia,3,Both,1997,15.36947750205811
83,Iceland,1,Male,1996,16.942705906454698
83,Iceland,2,Female,1996,27.606179400875703
83,Iceland,3,Both,1996,22.33470704871052
132,Panama,1,Male,1995,9.25481889364124
132,Panama,2,Female,1995,16.65655613593527
132,Panama,3,Both,1995,12.928203239901102
99,Uruguay,1,Male,2010,14.17246992789962
99,Uruguay,2,Female,2010,23.65205312811566
99,Uruguay,3,Both,2010,19.24097390483302
380,Palau,1,Male,2005,19.067132191721814
380,Palau,2,Female,2005,39.915010315189306
380,Palau,3,Both,2005,28.34928068958203
60,Lithuania,1,Male,2006,12.21716188655199
60,Lithuania,2,Female,2006,23.08769556673787
60,Lithuania,3,Both,2006,18.27243611952972
75,Austria,1,Male,1993,11.9307483424419
75,Austria,2,Female,1993,26.17418083495013
75,Austria,3,Both,1993,19.4915443944036
36,Kazakhstan,1,Male,1996,6.27846492593322
36,Kazakhstan,2,Female,1996,14.35037740795762
36,Kazakhstan,3,Both,1996,10.62839688741676
187,Somalia,1,Male,2002,2.9338060215465
187,Somalia,2,Female,2002,7.70166120250626
187,Somalia,3,Both,2002,5.408869620551529
147,Libya,1,Male,2005,16.11666665170242
147,Libya,2,Female,2005,34.00324087248588
147,Libya,3,Both,2005,24.68078229939801
376,Northern Mariana Islands,1,Male,2010,22.52603125464063
376,Northern Mariana Islands,2,Female,2010,41.010272932719
376,Northern Mariana Islands,3,Both,2010,31.47870430535657
182,Malawi,1,Male,1997,4.01757422588381
182,Malawi,2,Female,1997,5.04519489888405
182,Malawi,3,Both,1997,4.54269787300631
33,Armenia,1,Male,2002,6.27689771472542
33,Armenia,2,Female,2002,12.39390775169747
33,Armenia,3,Both,2002,9.57929230779204
6,China,1,Male,2009,12.07771901161417
6,China,2,Female,2009,20.98200084110969
6,China,3,Both,2009,16.48492720849076
125,Colombia,1,Male,1995,14.2246104836468
125,Colombia,2,Female,1995,26.01328305932399
125,Colombia,3,Both,1995,20.323317577076
6,China,1,Male,1995,10.41699059962905
6,China,2,Female,1995,18.15578481524582
6,China,3,Both,1995,14.180425956778562
40,Turkmenistan,1,Male,1996,4.64709323471856
40,Turkmenistan,2,Female,1996,10.97512988469184
40,Turkmenistan,3,Both,1996,7.94517774225167
181,Madagascar,1,Male,2003,3.11462164480234
181,Madagascar,2,Female,2003,7.73921349548108
181,Madagascar,3,Both,2003,5.46865029246487
169,Central African Republic,1,Male,2006,6.336722051596199
169,Central African Republic,2,Female,2006,17.47508764270029
169,Central African Republic,3,Both,2006,11.96991988760142
128,Guatemala,1,Male,2001,3.61910211719373
128,Guatemala,2,Female,2001,7.295764463243221
128,Guatemala,3,Both,2001,5.54545686884677
380,Palau,1,Male,2002,18.60062813318436
380,Palau,2,Female,2002,39.582971072362696
380,Palau,3,Both,2002,27.63186711277274
380,Palau,1,Male,2008,19.298252744279356
380,Palau,2,Female,2008,39.74637919035772
380,Palau,3,Both,2008,28.665874332863712
136,Paraguay,1,Male,1995,10.04736737616043
136,Paraguay,2,Female,1995,14.06999671619783
136,Paraguay,3,Both,1995,12.0614997304358
203,Cape Verde,1,Male,1994,5.32409447151736
203,Cape Verde,2,Female,1994,16.25508646112728
203,Cape Verde,3,Both,1994,11.43712819520745
413,Tokelau,1,Male,2005,21.525374299454487
413,Tokelau,2,Female,2005,40.48859807318209
413,Tokelau,3,Both,2005,31.225784220601188
8,Taiwan (Province of China),1,Male,1995,24.11178157293034
8,Taiwan (Province of China),2,Female,1995,32.51495532058608
8,Taiwan (Province of China),3,Both,1995,28.201135620053268
132,Panama,1,Male,2001,9.44878708580947
132,Panama,2,Female,2001,17.051049683206703
132,Panama,3,Both,2001,13.238502562637713
175,Burundi,1,Male,1994,3.52917132501231
175,Burundi,2,Female,1994,8.194964796323701
175,Burundi,3,Both,1994,5.98939539369374
203,Cape Verde,1,Male,1997,4.9719042875106405
203,Cape Verde,2,Female,1997,16.27311293543116
203,Cape Verde,3,Both,1997,11.22427125206237
54,Slovakia,1,Male,2008,10.01358151900092
54,Slovakia,2,Female,2008,22.72393051355457
54,Slovakia,3,Both,2008,16.69545422093346
413,Tokelau,1,Male,2002,20.9554898824456
413,Tokelau,2,Female,2002,39.8583292232637
413,Tokelau,3,Both,2002,30.89044237058616
140,Bahrain,1,Male,1995,16.47650318792118
140,Bahrain,2,Female,1995,34.17772393967092
140,Bahrain,3,Both,1995,23.164956598935373
169,Central African Republic,1,Male,2009,6.25254035186156
169,Central African Republic,2,Female,2009,17.510986719338582
169,Central African Republic,3,Both,2009,11.95705259884674
207,Ghana,1,Male,1994,8.072002282695689
207,Ghana,2,Female,1994,14.00838053815138
207,Ghana,3,Both,1994,11.13578980980062
87,Luxembourg,1,Male,1996,15.3474742779239
87,Luxembourg,2,Female,1996,26.6375434177081
87,Luxembourg,3,Both,1996,21.17857304486886
185,Rwanda,1,Male,2003,2.46476551288211
185,Rwanda,2,Female,2003,6.922414947928581
185,Rwanda,3,Both,2003,4.90945300220584
136,Paraguay,1,Male,2001,10.12637136633411
136,Paraguay,2,Female,2001,14.2431230131459
136,Paraguay,3,Both,2001,12.1877193777123
46,Croatia,1,Male,2005,11.883329052473693
46,Croatia,2,Female,2005,24.469827878769628
46,Croatia,3,Both,2005,18.56222146023455
91,Portugal,1,Male,2007,22.2553239096254
91,Portugal,2,Female,2007,33.275304280537
91,Portugal,3,Both,2007,28.09189491535873
108,Belize,1,Male,2004,8.47996864626368
108,Belize,2,Female,2004,24.06276105120268
108,Belize,3,Both,2004,16.23584822396471
173,Gabon,1,Male,2006,2.892240704252
173,Gabon,2,Female,2006,13.61188104153944
173,Gabon,3,Both,2006,8.28379485586878
140,Bahrain,1,Male,2001,17.28833352418003
140,Bahrain,2,Female,2001,34.9788840873688
140,Bahrain,3,Both,2001,24.02530102032241
211,Mali,1,Male,1994,13.26761163362844
211,Mali,2,Female,1994,15.01761447928589
211,Mali,3,Both,1994,14.17904842678144
213,Niger,1,Male,2004,8.56676714632162
213,Niger,2,Female,2004,17.32218375232368
213,Niger,3,Both,2004,12.974379265547102
79,Finland,1,Male,1993,15.99629963307407
79,Finland,2,Female,1993,29.73759313658868
79,Finland,3,Both,1993,23.21804051743596
175,Burundi,1,Male,2010,3.20665421810334
175,Burundi,2,Female,2010,7.849985114583361
175,Burundi,3,Both,2010,5.47791741565987
413,Tokelau,1,Male,2008,21.55358645525222
413,Tokelau,2,Female,2008,40.7418481925282
413,Tokelau,3,Both,2008,31.37775310631976
50,Montenegro,1,Male,2005,11.7263794644168
50,Montenegro,2,Female,2005,23.331564114882088
50,Montenegro,3,Both,2005,17.75020464465576
113,Guyana,1,Male,1998,9.15681921567958
113,Guyana,2,Female,1998,24.84773792498337
113,Guyana,3,Both,1998,17.09234542830189
88,Malta,1,Male,2007,23.47172770465954
88,Malta,2,Female,2007,37.41596459863029
88,Malta,3,Both,2007,30.595808160562488
207,Ghana,1,Male,1997,7.277418067283239
207,Ghana,2,Female,1997,13.09951373072335
207,Ghana,3,Both,1997,10.27561387939111
44,Bosnia and Herzegovina,1,Male,1996,9.06376972664976
44,Bosnia and Herzegovina,2,Female,1996,15.93015893554241
44,Bosnia and Herzegovina,3,Both,1996,12.64459856099862
144,Jordan,1,Male,2001,16.38187253169746
144,Jordan,2,Female,2001,27.77612536536636
144,Jordan,3,Both,2001,21.8398228805896
93,Sweden,1,Male,1995,15.19889240202722
93,Sweden,2,Female,1995,25.24524591551603
93,Sweden,3,Both,1995,20.36673230878689
6,China,1,Male,2006,11.27346023584938
6,China,2,Female,2006,19.86149612415943
6,China,3,Both,2006,15.509487799034
112,Grenada,1,Male,2004,9.13302145157851
112,Grenada,2,Female,2004,26.552048301198088
112,Grenada,3,Both,2004,17.95980650657252
114,Haiti,1,Male,2000,8.03344227206922
114,Haiti,2,Female,2000,20.36696626723017
114,Haiti,3,Both,2000,14.48364683485232
41,Uzbekistan,1,Male,2010,2.13405363244019
41,Uzbekistan,2,Female,2010,8.84875977414967
41,Uzbekistan,3,Both,2010,5.5985301446724405
60,Lithuania,1,Male,2001,10.90979014024913
60,Lithuania,2,Female,2001,20.92045849661059
60,Lithuania,3,Both,2001,16.461614450137798
6,China,1,Male,2003,10.65678066315411
6,China,2,Female,2003,18.89193143700793
6,China,3,Both,2003,14.70418265964459
59,Latvia,1,Male,2005,9.67455419820407
59,Latvia,2,Female,2005,22.96858587163333
59,Latvia,3,Both,2005,17.164638460307348
435,South Sudan,1,Male,2002,3.4300925680448904
435,South Sudan,2,Female,2002,7.778145298184801
435,South Sudan,3,Both,2002,5.49391060480863
101,Canada,1,Male,2003,7.87383745639914
101,Canada,2,Female,2003,13.60749937095097
101,Canada,3,Both,2003,10.84887268514786
114,Haiti,1,Male,1992,8.35038317006532
114,Haiti,2,Female,1992,20.47114072228806
114,Haiti,3,Both,1992,14.66118648870375
55,Slovenia,1,Male,1990,10.96479626350337
55,Slovenia,2,Female,1990,21.55537805947949
55,Slovenia,3,Both,1990,16.55834800956307
151,Qatar,1,Male,2005,18.73919803667112
151,Qatar,2,Female,2005,42.20552913255226
151,Qatar,3,Both,2005,24.69592902017943
170,Congo,1,Male,2003,6.76540704134609
170,Congo,2,Female,2003,10.26128177888568
170,Congo,3,Both,2003,8.53697733441623
179,Ethiopia,1,Male,1991,4.38432393233312
179,Ethiopia,2,Female,1991,9.89105917764429
179,Ethiopia,3,Both,1991,7.194404235775401
204,Chad,1,Male,1994,7.89859027164489
204,Chad,2,Female,1994,12.17398472225224
204,Chad,3,Both,1994,10.17073876214457
179,Ethiopia,1,Male,2010,4.22212107755801
179,Ethiopia,2,Female,2010,11.03635485862263
179,Ethiopia,3,Both,2010,7.64337254733634
178,Eritrea,1,Male,2006,1.26350027873816
178,Eritrea,2,Female,2006,3.49906634670881
178,Eritrea,3,Both,2006,2.43014370125012
69,Singapore,1,Male,2009,19.90039865694912
69,Singapore,2,Female,2009,27.4242673765708
69,Singapore,3,Both,2009,23.4549570063038
129,Honduras,1,Male,1992,7.182845090847829
129,Honduras,2,Female,1992,14.43272736007612
129,Honduras,3,Both,1992,10.9206107074241
146,Lebanon,1,Male,1997,31.7903444250497
146,Lebanon,2,Female,1997,29.44058686803196
146,Lebanon,3,Both,1997,30.55734813457068
48,Hungary,1,Male,1996,9.90626532011158
48,Hungary,2,Female,1996,19.74237135831727
48,Hungary,3,Both,1996,15.21754603396582
416,Tuvalu,1,Male,2008,14.26063562496063
416,Tuvalu,2,Female,2008,32.55208244710998
416,Tuvalu,3,Both,2008,23.71586600580784
123,Peru,1,Male,1992,9.74618155169806
123,Peru,2,Female,1992,12.52406390638462
123,Peru,3,Both,1992,11.16223051577271
144,Jordan,1,Male,1995,16.22769684194424
144,Jordan,2,Female,1995,27.000617033214255
144,Jordan,3,Both,1995,21.307334580012068
177,Djibouti,1,Male,2006,3.1962664214312904
177,Djibouti,2,Female,2006,7.8233467145395
177,Djibouti,3,Both,2006,5.348509146121231
173,Gabon,1,Male,2009,2.83137512754345
173,Gabon,2,Female,2009,13.789795734760627
173,Gabon,3,Both,2009,8.35817916692584
59,Latvia,1,Male,1996,8.663257069449761
59,Latvia,2,Female,1996,20.9531088866994
59,Latvia,3,Both,1996,15.585087862278
186,Seychelles,1,Male,1997,11.78766531436538
186,Seychelles,2,Female,1997,20.07372404145091
186,Seychelles,3,Both,1997,16.02198976524378
140,Bahrain,1,Male,1992,15.934606067170751
140,Bahrain,2,Female,1992,34.03907910844608
140,Bahrain,3,Both,1992,22.59921760465949
215,Sao Tome and Principe,1,Male,1994,3.1499518953207697
215,Sao Tome and Principe,2,Female,1994,11.13310449488629
215,Sao Tome and Principe,3,Both,1994,7.354301408477331
83,Iceland,1,Male,1993,16.582598388074622
83,Iceland,2,Female,1993,27.41016199264773
83,Iceland,3,Both,1993,22.04722085583397
58,Estonia,1,Male,2002,6.411812109891731
58,Estonia,2,Female,2002,16.44426796968274
58,Estonia,3,Both,2002,12.00067243938169
59,Latvia,1,Male,1990,8.25456661551678
59,Latvia,2,Female,1990,19.88652893740113
59,Latvia,3,Both,1990,14.77297114287975
212,Mauritania,1,Male,1991,17.95504647901878
212,Mauritania,2,Female,1991,25.49574278177546
212,Mauritania,3,Both,1991,21.85598759891522
95,United Kingdom,1,Male,2007,26.75125265978729
95,United Kingdom,2,Female,2007,42.34656774826941
95,United Kingdom,3,Both,2007,34.84093160924745
126,Costa Rica,1,Male,2008,10.32295276275275
126,Costa Rica,2,Female,2008,19.04825409423075
126,Costa Rica,3,Both,2008,14.83150717672414
108,Belize,1,Male,2010,8.737990154422839
108,Belize,2,Female,2010,24.5608992207662
108,Belize,3,Both,2010,16.67194495279484
87,Luxembourg,1,Male,1993,15.23670899865715
87,Luxembourg,2,Female,1993,26.77029574302423
87,Luxembourg,3,Both,1993,21.20425371479792
320,Cook Islands,1,Male,1991,20.62447018760876
320,Cook Islands,2,Female,1991,38.39265745544832
320,Cook Islands,3,Both,1991,29.1290672854422
66,Brunei,1,Male,1990,14.77787979201057
66,Brunei,2,Female,1990,23.43095669541907
66,Brunei,3,Both,1990,18.71511669521982
69,Singapore,1,Male,1993,19.9363909449414
69,Singapore,2,Female,1993,26.35319471002941
69,Singapore,3,Both,1993,23.17946519673822
183,Mauritius,1,Male,1991,8.9425412211388
183,Mauritius,2,Female,1991,15.902174977035822
183,Mauritius,3,Both,1991,12.46886717786487
201,Burkina Faso,1,Male,2007,4.08732870634595
201,Burkina Faso,2,Female,2007,8.299830435012261
201,Burkina Faso,3,Both,2007,6.361678945211981
200,Benin,1,Male,2000,2.24103625930089
200,Benin,2,Female,2000,4.40101742398785
200,Benin,3,Both,2000,3.40371057745375
193,Botswana,1,Male,2002,9.11120458637884
193,Botswana,2,Female,2002,23.6416861187729
193,Botswana,3,Both,2002,16.86542381891117
117,Saint Vincent and the Grenadines,1,Male,1998,8.88718305344746
117,Saint Vincent and the Grenadines,2,Female,1998,23.44348192055499
117,Saint Vincent and the Grenadines,3,Both,1998,16.14103756648659
129,Honduras,1,Male,1995,7.144742912808461
129,Honduras,2,Female,1995,14.52748222326467
129,Honduras,3,Both,1995,10.95992591972232
183,Mauritius,1,Male,2010,10.73168929383962
183,Mauritius,2,Female,2010,19.77820002446449
183,Mauritius,3,Both,2010,15.35748084913749
130,Mexico,1,Male,2008,9.75391106111981
130,Mexico,2,Female,2008,18.12060559737166
130,Mexico,3,Both,2008,14.134475966186018
47,Czech Republic,1,Male,2008,13.64000564400944
47,Czech Republic,2,Female,2008,27.33632312310666
47,Czech Republic,3,Both,2008,20.752620943044107
155,Turkey,1,Male,2005,14.11231677428097
155,Turkey,2,Female,2005,27.96045046993147
155,Turkey,3,Both,2005,21.0857240283221
298,American Samoa,1,Male,1996,44.45279484232324
298,American Samoa,2,Female,1996,59.94247208212943
298,American Samoa,3,Both,1996,52.09641405034486
201,Burkina Faso,1,Male,1999,4.63224009556937
201,Burkina Faso,2,Female,1999,8.4288843119575
201,Burkina Faso,3,Both,1999,6.70789847210094
187,Somalia,1,Male,1991,2.85277405823957
187,Somalia,2,Female,1991,7.47737642567638
187,Somalia,3,Both,1991,5.20797128312103
85,Israel,1,Male,1998,14.02961734757431
85,Israel,2,Female,1998,25.64406961622676
85,Israel,3,Both,1998,20.09428333417031
205,Cote d'Ivoire,1,Male,2007,6.635481928754509
205,Cote d'Ivoire,2,Female,2007,11.17426310803554
205,Cote d'Ivoire,3,Both,2007,8.79540700923506
7,North Korea,1,Male,1991,12.05978105612926
7,North Korea,2,Female,1991,21.56425719103313
7,North Korea,3,Both,1991,17.199804432151968
178,Eritrea,1,Male,2009,1.30489475858324
178,Eritrea,2,Female,2009,3.61805623949228
178,Eritrea,3,Both,2009,2.5033928959210203
69,Singapore,1,Male,2006,20.25600103449927
69,Singapore,2,Female,2006,26.9131333183331
69,Singapore,3,Both,2006,23.52525215449233
118,Suriname,1,Male,1992,23.40999379822497
118,Suriname,2,Female,1992,31.643663511540588
118,Suriname,3,Both,1992,27.55135359350006
89,Netherlands,1,Male,1998,10.66774918300591
89,Netherlands,2,Female,1998,18.84459872926682
89,Netherlands,3,Both,1998,14.85862721156534
179,Ethiopia,1,Male,1994,4.22852459327341
179,Ethiopia,2,Female,1994,9.58341319167666
179,Ethiopia,3,Both,1994,6.93149530364783
67,Japan,1,Male,1990,29.18730101129859
67,Japan,2,Female,1990,40.78383980872507
67,Japan,3,Both,1990,35.20203387544355
182,Malawi,1,Male,2006,3.80480427339562
182,Malawi,2,Female,2006,4.67931990044366
182,Malawi,3,Both,2006,4.25296962110275
62,Russian Federation,1,Male,2002,7.15096097929895
62,Russian Federation,2,Female,2002,17.66153556444434
62,Russian Federation,3,Both,2002,12.978948845821453
71,Australia,1,Male,1999,27.39557093458711
71,Australia,2,Female,1999,37.36312664479208
71,Australia,3,Both,1999,32.522467861917946
149,Palestine,1,Male,2001,12.68157319691243
149,Palestine,2,Female,2001,44.41477474341304
149,Palestine,3,Both,2001,28.49475629982747
99,Uruguay,1,Male,2007,13.88725971131005
99,Uruguay,2,Female,2007,23.22320371904345
99,Uruguay,3,Both,2007,18.86799081406504
58,Estonia,1,Male,2008,7.27128306984339
58,Estonia,2,Female,2008,18.44146129718944
58,Estonia,3,Both,2008,13.47811796057757
112,Grenada,1,Male,2010,9.63353267347271
112,Grenada,2,Female,2010,28.30418379980937
112,Grenada,3,Both,2010,19.00553530275447
144,Jordan,1,Male,1992,16.66345410978106
144,Jordan,2,Female,1992,26.98449447069045
144,Jordan,3,Both,1992,21.53203074651948
181,Madagascar,1,Male,2006,3.07013800073908
181,Madagascar,2,Female,2006,7.740094619099749
181,Madagascar,3,Both,2006,5.45081247251756
91,Portugal,1,Male,1996,21.90722339188028
91,Portugal,2,Female,1996,31.690379673923808
91,Portugal,3,Both,1996,27.09351248266071
54,Slovakia,1,Male,2005,9.65716553042616
54,Slovakia,2,Female,2005,21.9924378138809
54,Slovakia,3,Both,2005,16.15923264811209
435,South Sudan,1,Male,2008,3.28780461596909
435,South Sudan,2,Female,2008,7.74715862674305
435,South Sudan,3,Both,2008,5.46626011847738
116,Saint Lucia,1,Male,2004,9.75797324631814
116,Saint Lucia,2,Female,2004,25.324614723176055
116,Saint Lucia,3,Both,2004,17.76619903264098
62,Russian Federation,1,Male,2008,7.42992026360658
62,Russian Federation,2,Female,2008,18.6751980709748
62,Russian Federation,3,Both,2008,13.68833393368834
91,Portugal,1,Male,1993,21.40359518340209
91,Portugal,2,Female,1993,30.86655769826266
91,Portugal,3,Both,1993,26.43528654235237
116,Saint Lucia,1,Male,2010,10.51311692393833
116,Saint Lucia,2,Female,2010,27.15708487081313
116,Saint Lucia,3,Both,2010,19.01578507396423
177,Djibouti,1,Male,2009,3.29019281750202
177,Djibouti,2,Female,2009,7.9243237352793
177,Djibouti,3,Both,2009,5.45799850627756
68,South Korea,1,Male,2002,17.09232245583793
68,South Korea,2,Female,2002,27.077854895120367
68,South Korea,3,Both,2002,22.20790437396408
180,Kenya,1,Male,1997,5.15092466094801
180,Kenya,2,Female,1997,18.98134685982438
180,Kenya,3,Both,1997,12.22091227003894
218,Togo,1,Male,2002,3.29128704697491
218,Togo,2,Female,2002,6.3354650800958
218,Togo,3,Both,2002,4.911608762725829
211,Mali,1,Male,1997,13.073383276125488
211,Mali,2,Female,1997,14.94320928035562
211,Mali,3,Both,1997,14.038537384295392
66,Brunei,1,Male,1993,14.772759280701411
66,Brunei,2,Female,1993,23.47640721389563
66,Brunei,3,Both,1993,18.79965643602012
153,Syria,1,Male,2001,17.26971075112635
153,Syria,2,Female,2001,33.224336935557254
153,Syria,3,Both,2001,25.045971860122
149,Palestine,1,Male,1995,12.73779212726838
149,Palestine,2,Female,1995,43.951273539300765
149,Palestine,3,Both,1995,28.56306358980652
185,Rwanda,1,Male,2006,2.42323644609946
185,Rwanda,2,Female,2006,6.9432819860849495
185,Rwanda,3,Both,2006,4.878317544831949
95,United Kingdom,1,Male,1996,25.53033850705496
95,United Kingdom,2,Female,1996,41.353116530619225
95,United Kingdom,3,Both,1996,33.827868340998215
92,Spain,1,Male,2004,16.66343364863301
92,Spain,2,Female,2004,26.35971654081049
92,Spain,3,Both,2004,21.65261037201868
95,United Kingdom,1,Male,1993,25.50293205099308
95,United Kingdom,2,Female,1993,41.28656194466267
95,United Kingdom,3,Both,1993,33.7972120212646
349,Greenland,1,Male,1991,5.0474851243959
349,Greenland,2,Female,1991,12.43150874706339
349,Greenland,3,Both,1991,8.32847357433792
128,Guatemala,1,Male,1998,3.79914894801826
128,Guatemala,2,Female,1998,7.481047279751531
128,Guatemala,3,Both,1998,5.72029318928684
67,Japan,1,Male,2002,32.95513982002566
67,Japan,2,Female,2002,44.2037884909063
67,Japan,3,Both,2002,38.79147235570405
99,Uruguay,1,Male,1996,13.51464545947328
99,Uruguay,2,Female,1996,21.42598334298499
99,Uruguay,3,Both,1996,17.70819781521179
74,Andorra,1,Male,1990,16.153349877680558
74,Andorra,2,Female,1990,25.477697146008047
74,Andorra,3,Both,1990,20.48428472801672
181,Madagascar,1,Male,2009,3.07028056199275
181,Madagascar,2,Female,2009,7.76738861633232
181,Madagascar,3,Both,2009,5.46902625271337
153,Syria,1,Male,1995,16.983086775654847
153,Syria,2,Female,1995,32.55835524872278
153,Syria,3,Both,1995,24.57904140055424
191,Zambia,1,Male,2003,4.88573998021659
191,Zambia,2,Female,2003,9.72965047386034
191,Zambia,3,Both,2003,7.32395136665735
367,Monaco,1,Male,1991,23.12121167867565
367,Monaco,2,Female,1991,36.13399571771535
367,Monaco,3,Both,1991,30.06905841411063
58,Estonia,1,Male,2005,6.76505591052093
58,Estonia,2,Female,2005,17.39290603477264
58,Estonia,3,Both,2005,12.678519528242273
191,Zambia,1,Male,2000,5.12067913965506
191,Zambia,2,Female,2000,9.81049378883184
191,Zambia,3,Both,2000,7.4876537603897395
13,Malaysia,1,Male,1994,15.3038824238063
13,Malaysia,2,Female,1994,21.83328859797413
13,Malaysia,3,Both,1994,18.54826798825874
147,Libya,1,Male,1997,15.81521676388439
147,Libya,2,Female,1997,32.7083122103718
147,Libya,3,Both,1997,23.791066280058352
118,Suriname,1,Male,2000,23.298495898479228
118,Suriname,2,Female,2000,31.62080107646044
118,Suriname,3,Both,2000,27.466930167383868
67,Japan,1,Male,2008,34.227705267614375
67,Japan,2,Female,2008,45.17871909751671
67,Japan,3,Both,2008,39.91874210940812
128,Guatemala,1,Male,2004,3.50334179090482
128,Guatemala,2,Female,2004,7.35134801371783
128,Guatemala,3,Both,2004,5.526796033448321
122,Ecuador,1,Male,1992,14.13995052323626
122,Ecuador,2,Female,1992,12.7966311152986
122,Ecuador,3,Both,1992,13.45581907824652
215,Sao Tome and Principe,1,Male,1997,3.06784695919068
215,Sao Tome and Principe,2,Female,1997,11.006882447903669
215,Sao Tome and Principe,3,Both,1997,7.24657777350141
320,Cook Islands,1,Male,1994,20.79233845298
320,Cook Islands,2,Female,1994,39.21309459205232
320,Cook Islands,3,Both,1994,29.685966463586063
75,Austria,1,Male,1999,12.76234236402206
75,Austria,2,Female,1999,26.85507417406719
75,Austria,3,Both,1999,20.19411485912117
97,Argentina,1,Male,1995,10.37387274559581
97,Argentina,2,Female,1995,18.275697980482796
97,Argentina,3,Both,1995,14.52313903395164
61,Moldova,1,Male,2004,7.65695618452639
61,Moldova,2,Female,2004,17.08969495996256
61,Moldova,3,Both,2004,12.74851283382893
149,Palestine,1,Male,1992,12.79116058852591
149,Palestine,2,Female,1992,43.1634379297539
149,Palestine,3,Both,1992,28.4318449275746
63,Ukraine,1,Male,1990,5.79474615368853
63,Ukraine,2,Female,1990,15.86462490086538
63,Ukraine,3,Both,1990,11.448014461257747
63,Ukraine,1,Male,1999,6.0538507436408
63,Ukraine,2,Female,1999,15.83362884669392
63,Ukraine,3,Both,1999,11.51273072856106
113,Guyana,1,Male,2001,9.47432379412116
113,Guyana,2,Female,2001,25.93595586390549
113,Guyana,3,Both,2001,17.77185458890301
208,Guinea,1,Male,1994,3.7237621589036296
208,Guinea,2,Female,1994,10.39456475706325
208,Guinea,3,Both,1994,7.25788953337491
122,Ecuador,1,Male,2000,14.5910415882637
122,Ecuador,2,Female,2000,13.00746891539676
122,Ecuador,3,Both,2000,13.78201259361645
72,New Zealand,1,Male,1993,16.63222618139374
72,New Zealand,2,Female,1993,25.640702287990106
72,New Zealand,3,Both,1993,21.29356117804824
119,Trinidad and Tobago,1,Male,2006,16.691658988422788
119,Trinidad and Tobago,2,Female,2006,40.8402367899758
119,Trinidad and Tobago,3,Both,2006,28.77613122128474
374,Niue,1,Male,1996,20.71603679763021
374,Niue,2,Female,1996,39.85407719093137
374,Niue,3,Both,1996,30.49518016532833
126,Costa Rica,1,Male,1992,9.20649511239869
126,Costa Rica,2,Female,1992,16.900664831301302
126,Costa Rica,3,Both,1992,13.1182886344427
92,Spain,1,Male,2007,16.48999090020606
92,Spain,2,Female,2007,26.69744645031068
92,Spain,3,Both,2007,21.71796744718055
163,India,1,Male,2005,12.10660788392349
163,India,2,Female,2005,16.631270030483662
163,India,3,Both,2005,14.3324627927011
105,Antigua and Barbuda,1,Male,2003,9.93488321415623
105,Antigua and Barbuda,2,Female,2003,24.05874634915482
105,Antigua and Barbuda,3,Both,2003,17.63213397593631
151,Qatar,1,Male,1997,16.88456228467124
151,Qatar,2,Female,1997,40.06190877404759
151,Qatar,3,Both,1997,23.11918955237212
108,Belize,1,Male,2007,8.63312441247945
108,Belize,2,Female,2007,24.5280538169424
108,Belize,3,Both,2007,16.57448181560686
71,Australia,1,Male,2008,31.21521436442475
71,Australia,2,Female,2008,43.97022520731898
71,Australia,3,Both,2008,37.77361990070708
195,Namibia,1,Male,2000,13.75586759344024
195,Namibia,2,Female,2000,16.719653355328003
195,Namibia,3,Both,2000,15.32416921775932
71,Australia,1,Male,1990,25.42464056659716
71,Australia,2,Female,1990,35.06480635779216
71,Australia,3,Both,1990,30.35339083650744
205,Cote d'Ivoire,1,Male,1999,6.67143879901218
205,Cote d'Ivoire,2,Female,1999,10.82233239787935
205,Cote d'Ivoire,3,Both,1999,8.67519732563255
6,China,1,Male,1998,10.3080635919138
6,China,2,Female,1998,18.17641840977052
6,China,3,Both,1998,14.14626298534655
209,Guinea-Bissau,1,Male,2007,6.84881042853301
209,Guinea-Bissau,2,Female,2007,13.54164624088784
209,Guinea-Bissau,3,Both,2007,10.40823547313194
195,Namibia,1,Male,2003,13.67497075486652
195,Namibia,2,Female,2003,16.81668912081529
195,Namibia,3,Both,2003,15.33364000959982
182,Malawi,1,Male,2009,3.87485240714826
182,Malawi,2,Female,2009,4.64128001193302
182,Malawi,3,Both,2009,4.27002705768502
194,Lesotho,1,Male,1991,2.73981452702294
194,Lesotho,2,Female,1991,6.54656691579328
194,Lesotho,3,Both,1991,5.0214084397217
216,Senegal,1,Male,1991,11.43627165093485
216,Senegal,2,Female,1991,16.494574371266122
216,Senegal,3,Both,1991,14.06174543570008
86,Italy,1,Male,1998,19.98488916278031
86,Italy,2,Female,1998,36.05655316080566
86,Italy,3,Both,1998,28.4391292270426
77,Cyprus,1,Male,2009,14.570392826904447
77,Cyprus,2,Female,2009,23.41977344497973
77,Cyprus,3,Both,2009,19.11431058007704
130,Mexico,1,Male,1992,9.91606063836655
130,Mexico,2,Female,1992,18.13646555420602
130,Mexico,3,Both,1992,14.16994263594832
187,Somalia,1,Male,2010,2.7241055912994803
187,Somalia,2,Female,2010,7.640492685571259
187,Somalia,3,Both,2010,5.23112336749263
52,Romania,1,Male,1996,13.11493477505605
52,Romania,2,Female,1996,27.583400763980293
52,Romania,3,Both,1996,20.65803496889256
157,Yemen,1,Male,2001,15.82834500819681
157,Yemen,2,Female,2001,29.470241877281428
157,Yemen,3,Both,2001,22.63784974880201
157,Yemen,1,Male,1995,15.709041129981571
157,Yemen,2,Female,1995,29.47443178027268
157,Yemen,3,Both,1995,22.6490653588307
107,Barbados,1,Male,2009,27.379193917601192
107,Barbados,2,Female,2009,55.57220966357907
107,Barbados,3,Both,2009,42.40112912940442
132,Panama,1,Male,1998,9.35847380787676
132,Panama,2,Female,1998,16.84552488311965
132,Panama,3,Both,1998,13.082092994088129
189,Tanzania,1,Male,2005,1.62772882471281
189,Tanzania,2,Female,2005,3.77473732248207
189,Tanzania,3,Both,2005,2.74451024814405
153,Syria,1,Male,1992,17.04979963536481
153,Syria,2,Female,1992,32.19102292861753
153,Syria,3,Both,1992,24.44122418551396
63,Ukraine,1,Male,2005,6.24616736018689
63,Ukraine,2,Female,2005,16.2624717636924
63,Ukraine,3,Both,2005,11.83973413096004
69,Singapore,1,Male,2001,19.75194385677996
69,Singapore,2,Female,2001,26.3603856177825
69,Singapore,3,Both,2001,23.00149379773989
197,Swaziland,1,Male,2002,8.572381861212081
197,Swaziland,2,Female,2002,17.46477829242968
197,Swaziland,3,Both,2002,13.464998872106907
16,Philippines,1,Male,2008,4.50937999700317
16,Philippines,2,Female,2008,9.5291751971491
16,Philippines,3,Both,2008,7.02516844238736
71,Australia,1,Male,2002,28.31634684582205
71,Australia,2,Female,2002,39.26226320654108
71,Australia,3,Both,2002,33.952131344497126
132,Panama,1,Male,2004,9.5309714251728
132,Panama,2,Female,2004,17.303606685314392
132,Panama,3,Both,2004,13.414635405473978
62,Russian Federation,1,Male,2005,7.15851149023338
62,Russian Federation,2,Female,2005,18.12637063131316
62,Russian Federation,3,Both,2005,13.256306895890068
78,Denmark,1,Male,1990,13.45004409288768
78,Denmark,2,Female,1990,24.55589343508267
78,Denmark,3,Both,1990,19.18506895104283
41,Uzbekistan,1,Male,1999,2.0146280838208503
41,Uzbekistan,2,Female,1999,8.12268785332044
41,Uzbekistan,3,Both,1999,5.17683936961033
155,Turkey,1,Male,1997,13.261578349768872
155,Turkey,2,Female,1997,25.76299076221383
155,Turkey,3,Both,1997,19.53595791544154
217,Sierra Leone,1,Male,2004,7.6043119387558
217,Sierra Leone,2,Female,2004,13.912892367748167
217,Sierra Leone,3,Both,2004,10.91281918931937
77,Cyprus,1,Male,2006,14.3277987684786
77,Cyprus,2,Female,2006,23.20172207969434
77,Cyprus,3,Both,2006,18.87204342878531
190,Uganda,1,Male,2005,3.08932528004081
190,Uganda,2,Female,2005,7.869510542741439
190,Uganda,3,Both,2005,5.60461995037516
111,Dominican Republic,1,Male,2009,15.36833540360997
111,Dominican Republic,2,Female,2009,20.68369239895343
111,Dominican Republic,3,Both,2009,18.03211149320987
117,Saint Vincent and the Grenadines,1,Male,2001,9.11741930822081
117,Saint Vincent and the Grenadines,2,Female,2001,23.89108772548538
117,Saint Vincent and the Grenadines,3,Both,2001,16.45252908578092
10,Cambodia,1,Male,1994,2.08091746554793
10,Cambodia,2,Female,1994,4.66483452469632
10,Cambodia,3,Both,1994,3.5229254750654
109,Cuba,1,Male,2010,14.22169967815493
109,Cuba,2,Female,2010,32.705317977542606
109,Cuba,3,Both,2010,23.60748606699885
178,Eritrea,1,Male,2003,1.26197196901201
178,Eritrea,2,Female,2003,3.4363048884506897
178,Eritrea,3,Both,2003,2.4063064591329
72,New Zealand,1,Male,2002,19.505260087237
72,New Zealand,2,Female,2002,27.68457067450713
72,New Zealand,3,Both,2002,23.767831104166586
13,Malaysia,1,Male,1991,15.68782360610959
13,Malaysia,2,Female,1991,22.25406351584822
13,Malaysia,3,Both,1991,18.96837157392883
115,Jamaica,1,Male,1995,9.3639016862063
115,Jamaica,2,Female,1995,37.84810279702064
115,Jamaica,3,Both,1995,24.13724128643228
16,Philippines,1,Male,2005,4.35165201005723
16,Philippines,2,Female,2005,9.15178941943635
16,Philippines,3,Both,2005,6.75293422183791
37,Kyrgyzstan,1,Male,2002,5.16477771894589
37,Kyrgyzstan,2,Female,2002,12.569290615221048
37,Kyrgyzstan,3,Both,2002,9.02741721607598
396,San Marino,1,Male,1999,21.102798577797948
396,San Marino,2,Female,1999,31.26027851731178
396,San Marino,3,Both,1999,26.3932168875037
135,Brazil,1,Male,2003,17.04291147940374
135,Brazil,2,Female,2003,27.02781521416221
135,Brazil,3,Both,2003,22.23115086569436
139,Algeria,1,Male,2000,19.01333482647672
139,Algeria,2,Female,2000,35.96099681120694
139,Algeria,3,Both,2000,27.46438248049541
7,North Korea,1,Male,2007,12.971107149863432
7,North Korea,2,Female,2007,22.91902254317429
7,North Korea,3,Both,2007,18.23328455985677
185,Rwanda,1,Male,2009,2.40739433297656
185,Rwanda,2,Female,2009,6.95507128815696
185,Rwanda,3,Both,2009,4.8529675952590905
380,Palau,1,Male,1991,18.230664360197547
380,Palau,2,Female,1991,38.51018700426658
380,Palau,3,Both,1991,28.19768217867037
112,Grenada,1,Male,2007,9.32701866519161
112,Grenada,2,Female,2007,27.37374959293567
112,Grenada,3,Both,2007,18.42771859241118
99,Uruguay,1,Male,1993,13.45384142496072
99,Uruguay,2,Female,1993,21.22442973635915
99,Uruguay,3,Both,1993,17.56652756190697
183,Mauritius,1,Male,1994,8.89848819616383
183,Mauritius,2,Female,1994,16.03372243463272
183,Mauritius,3,Both,1994,12.51417254679621
171,Democratic Republic of the Congo,1,Male,2005,10.42274640214393
171,Democratic Republic of the Congo,2,Female,2005,18.4742539343179
171,Democratic Republic of the Congo,3,Both,2005,14.532795598053749
76,Belgium,1,Male,1993,18.339563651869888
76,Belgium,2,Female,1993,31.39538576385283
76,Belgium,3,Both,1993,25.125700111811177
14,Maldives,1,Male,1991,23.771814673465
14,Maldives,2,Female,1991,51.2556904155311
14,Maldives,3,Both,1991,36.82468534836398
213,Niger,1,Male,2007,8.59856463327053
213,Niger,2,Female,2007,17.63445356077546
213,Niger,3,Both,2007,13.18838517729444
77,Cyprus,1,Male,1993,13.303975522778511
77,Cyprus,2,Female,1993,22.23368560061861
77,Cyprus,3,Both,1993,17.82622805884777
121,Bolivia,1,Male,1998,10.41199970914098
121,Bolivia,2,Female,1998,12.7612305717951
121,Bolivia,3,Both,1998,11.62107319056936
101,Canada,1,Male,1995,7.155780351953029
101,Canada,2,Female,1995,12.641465567027
101,Canada,3,Both,1995,9.99364801173945
204,Chad,1,Male,2000,7.35732608164711
204,Chad,2,Female,2000,11.5313606567168
204,Chad,3,Both,2000,9.54298448428349
133,Venezuela,1,Male,1992,8.37944362818026
133,Venezuela,2,Female,1992,15.95556959416678
133,Venezuela,3,Both,1992,12.26598996818225
126,Costa Rica,1,Male,2000,9.64067074174666
126,Costa Rica,2,Female,2000,17.96074700091291
126,Costa Rica,3,Both,2000,13.88404892597862
68,South Korea,1,Male,1999,16.41424939366222
68,South Korea,2,Female,1999,26.64563184533056
68,South Korea,3,Both,1999,21.64964902202506
51,Poland,1,Male,2008,15.70269037881723
51,Poland,2,Female,2008,31.18559730294006
51,Poland,3,Both,2008,23.884238519158774
180,Kenya,1,Male,2008,5.12178917226696
180,Kenya,2,Female,2008,19.484615515301225
180,Kenya,3,Both,2008,12.45367827235753
78,Denmark,1,Male,2007,15.38434922437916
78,Denmark,2,Female,2007,25.82128813339372
78,Denmark,3,Both,2007,20.73108591337483
190,Uganda,1,Male,1994,3.2899024978471303
190,Uganda,2,Female,1994,7.901422991474891
190,Uganda,3,Both,1994,5.68077849560674
191,Zambia,1,Male,2006,4.76247284183837
191,Zambia,2,Female,2006,9.76898573418411
191,Zambia,3,Both,2006,7.28057419969825
128,Guatemala,1,Male,2010,3.71738154621608
128,Guatemala,2,Female,2010,8.08092275253837
128,Guatemala,3,Both,2010,6.02819093815215
349,Greenland,1,Male,1994,5.12893199404883
349,Greenland,2,Female,1994,12.49316637028368
349,Greenland,3,Both,1994,8.44742301426802
161,Bangladesh,1,Male,1995,6.439099340965369
161,Bangladesh,2,Female,1995,14.37005215728941
161,Bangladesh,3,Both,1995,10.1498545774163
13,Malaysia,1,Male,2006,17.238260514663338
13,Malaysia,2,Female,2006,24.16346622100791
13,Malaysia,3,Both,2006,20.61879054804257
108,Belize,1,Male,1996,8.44542989372503
108,Belize,2,Female,1996,23.04714803190229
108,Belize,3,Both,1996,15.6144540058925
393,Saint Kitts and Nevis,1,Male,1996,10.45817265821224
393,Saint Kitts and Nevis,2,Female,1996,25.97508135039426
393,Saint Kitts and Nevis,3,Both,1996,18.42202743523903
193,Botswana,1,Male,1991,9.90130277252357
193,Botswana,2,Female,1991,23.001832221807263
193,Botswana,3,Both,1991,16.97305058581631
81,Germany,1,Male,2009,12.07593795484386
81,Germany,2,Female,2009,23.439182280895228
81,Germany,3,Both,2009,17.95311046897933
136,Paraguay,1,Male,2004,10.289066030120871
136,Paraguay,2,Female,2004,14.41382888993729
136,Paraguay,3,Both,2004,12.35333710248451
203,Cape Verde,1,Male,2000,4.66480077314863
203,Cape Verde,2,Female,2000,16.3239749250192
203,Cape Verde,3,Both,2000,11.04719184239488
209,Guinea-Bissau,1,Male,1999,7.054470612121171
209,Guinea-Bissau,2,Female,1999,13.58329053690148
209,Guinea-Bissau,3,Both,1999,10.52726772507154
10,Cambodia,1,Male,1995,2.04855346298471
10,Cambodia,2,Female,1995,4.62927995640482
10,Cambodia,3,Both,1995,3.48531254959479
85,Israel,1,Male,1990,14.380318890570427
85,Israel,2,Female,1990,25.05195962245541
85,Israel,3,Both,1990,19.94990986682263
20,Vietnam,1,Male,2008,5.8208563262593005
20,Vietnam,2,Female,2008,11.72378801640316
20,Vietnam,3,Both,2008,8.891255546477241
184,Mozambique,1,Male,1997,3.3129189517706297
184,Mozambique,2,Female,1997,7.436191466932771
184,Mozambique,3,Both,1997,5.5348840731156095
74,Andorra,1,Male,2001,17.94905655316775
74,Andorra,2,Female,2001,26.58513477691031
74,Andorra,3,Both,2001,22.09517095882871
133,Venezuela,1,Male,1995,8.47075308831034
133,Venezuela,2,Female,1995,16.15649803831763
133,Venezuela,3,Both,1995,12.43220833844669
63,Ukraine,1,Male,1996,5.93362787978005
63,Ukraine,2,Female,1996,15.89389280127364
63,Ukraine,3,Both,1996,11.49842446011319
79,Finland,1,Male,1999,16.34263733708082
79,Finland,2,Female,1999,29.87529306131682
79,Finland,3,Both,1999,23.41806390136805
413,Tokelau,1,Male,1991,20.5435789928356
413,Tokelau,2,Female,1991,39.42563743878922
413,Tokelau,3,Both,1991,30.33788979170597
67,Japan,1,Male,2005,33.6029766056193
67,Japan,2,Female,2005,44.7627995314694
67,Japan,3,Both,2005,39.39807813987956
75,Austria,1,Male,2002,13.16186935117063
75,Austria,2,Female,2002,27.1204753407578
75,Austria,3,Both,2002,20.49959414514649
203,Cape Verde,1,Male,2003,4.463274348425051
203,Cape Verde,2,Female,2003,16.53278474017037
203,Cape Verde,3,Both,2003,10.97679785801164
198,Zimbabwe,1,Male,1991,7.064116059521471
198,Zimbabwe,2,Female,1991,11.09906692659991
198,Zimbabwe,3,Both,1991,9.16543353837484
207,Ghana,1,Male,2000,6.48337339605246
207,Ghana,2,Female,2000,12.35215698136822
207,Ghana,3,Both,2000,9.50756051641113
161,Bangladesh,1,Male,2001,6.06903505561957
161,Bangladesh,2,Female,2001,14.45180317719991
161,Bangladesh,3,Both,2001,10.05560535961937
136,Paraguay,1,Male,1998,10.07774759451934
136,Paraguay,2,Female,1998,14.144363035430828
136,Paraguay,3,Both,1998,12.114073413151653
45,Bulgaria,1,Male,1999,13.14205728068893
45,Bulgaria,2,Female,1999,24.02854325226855
45,Bulgaria,3,Both,1999,18.83894016565016
140,Bahrain,1,Male,2004,17.69501211822486
140,Bahrain,2,Female,2004,35.99623988022133
140,Bahrain,3,Both,2004,24.52188728521713
191,Zambia,1,Male,2009,4.78750342526994
191,Zambia,2,Female,2009,9.94465349830831
191,Zambia,3,Both,2009,7.38253117176062
6,China,1,Male,2004,10.85558212832625
6,China,2,Female,2004,19.20897072298624
6,China,3,Both,2004,14.966375562903911
106,The Bahamas,1,Male,2003,10.4789912764236
106,The Bahamas,2,Female,2003,26.28775769872151
106,The Bahamas,3,Both,2003,18.79751535775118
93,Sweden,1,Male,1998,15.45624646273641
93,Sweden,2,Female,1998,25.685603803198436
93,Sweden,3,Both,1998,20.71393751810159
165,Pakistan,1,Male,1995,15.00094803551586
165,Pakistan,2,Female,1995,15.782850621183862
165,Pakistan,3,Both,1995,15.36900447033693
142,Iran,1,Male,2008,13.86507660297852
142,Iran,2,Female,2008,34.08162141106469
142,Iran,3,Both,2008,23.833678860757
396,San Marino,1,Male,2010,24.50747922767183
396,San Marino,2,Female,2010,33.835418414977205
396,San Marino,3,Both,2010,29.41596867027062
66,Brunei,1,Male,2004,15.790139610895778
66,Brunei,2,Female,2004,24.2763474702655
66,Brunei,3,Both,2004,19.94862970453351
68,South Korea,1,Male,1990,14.85613865506589
68,South Korea,2,Female,1990,25.47247137802613
68,South Korea,3,Both,1990,20.28341366508237
115,Jamaica,1,Male,2009,9.953650571859647
115,Jamaica,2,Female,2009,39.76600901936641
115,Jamaica,3,Both,2009,25.29156067363348
195,Namibia,1,Male,2006,13.58684879502099
195,Namibia,2,Female,2006,17.01113192270538
195,Namibia,3,Both,2006,15.39272934747317
189,Tanzania,1,Male,1997,1.82460234654219
189,Tanzania,2,Female,1997,3.99465660275237
189,Tanzania,3,Both,1997,2.95806229261106
127,El Salvador,1,Male,1992,9.50249000327009
127,El Salvador,2,Female,1992,15.85861376410869
127,El Salvador,3,Both,1992,12.89227065357233
45,Bulgaria,1,Male,2010,12.59293696247529
45,Bulgaria,2,Female,2010,24.02917540728136
45,Bulgaria,3,Both,2010,18.58637788593649
305,Bermuda,1,Male,2002,14.32790017268667
305,Bermuda,2,Female,2002,32.02350743135846
305,Bermuda,3,Both,2002,23.62542096716573
60,Lithuania,1,Male,1996,10.02985557410727
60,Lithuania,2,Female,1996,19.63674974790442
60,Lithuania,3,Both,1996,15.33916728742401
212,Mauritania,1,Male,1994,18.02582568544959
212,Mauritania,2,Female,1994,25.65054171554552
212,Mauritania,3,Both,1994,21.95867335210297
186,Seychelles,1,Male,2009,11.83766963052253
186,Seychelles,2,Female,2009,19.48027146441649
186,Seychelles,3,Both,2009,15.56026332777645
197,Swaziland,1,Male,1991,8.8969937650842
197,Swaziland,2,Female,1991,16.86467509541926
197,Swaziland,3,Both,1991,13.31916648582807
217,Sierra Leone,1,Male,2007,7.43181684559721
217,Sierra Leone,2,Female,2007,13.79660632106593
217,Sierra Leone,3,Both,2007,10.75462932268127
193,Botswana,1,Male,2010,8.6837744708319
193,Botswana,2,Female,2010,24.18831130000562
193,Botswana,3,Both,2010,16.83054726605685
142,Iran,1,Male,1992,13.86468560435104
142,Iran,2,Female,1992,32.4140717622856
142,Iran,3,Both,1992,22.907162512090228
85,Israel,1,Male,2009,13.19768975196137
85,Israel,2,Female,2009,25.54708762029237
85,Israel,3,Both,2009,19.58232796001182
105,Antigua and Barbuda,1,Male,1995,9.99617266105931
105,Antigua and Barbuda,2,Female,1995,24.05154235782335
105,Antigua and Barbuda,3,Both,1995,17.596560505289798
201,Burkina Faso,1,Male,2002,4.4186566293515295
201,Burkina Faso,2,Female,2002,8.30259709098258
201,Burkina Faso,3,Both,2002,6.535607701155639
422,"Virgin Islands, U.S.",1,Male,1996,8.875739424752691
422,"Virgin Islands, U.S.",2,Female,1996,22.76533393671254
422,"Virgin Islands, U.S.",3,Both,1996,16.23898311857677
130,Mexico,1,Male,2000,9.493022443543769
130,Mexico,2,Female,2000,17.19816571202386
130,Mexico,3,Both,2000,13.513280083365888
81,Germany,1,Male,1993,11.52238520346701
81,Germany,2,Female,1993,23.13377796252037
81,Germany,3,Both,1993,17.62067932578622
81,Germany,1,Male,2006,11.7442065602181
81,Germany,2,Female,2006,23.11011596633403
81,Germany,3,Both,2006,17.63127879800928
194,Lesotho,1,Male,1994,2.68736456031632
194,Lesotho,2,Female,1994,6.67905880145346
194,Lesotho,3,Both,1994,5.04409269989944
6,China,1,Male,1992,10.50913140484186
6,China,2,Female,1992,18.22618534107367
6,China,3,Both,1992,14.26152336559579
12,Laos,1,Male,1991,4.70663492412338
12,Laos,2,Female,1991,8.21364363047251
12,Laos,3,Both,1991,6.5281275885492
186,Seychelles,1,Male,2006,11.89034112801994
186,Seychelles,2,Female,2006,19.456249421901788
186,Seychelles,3,Both,2006,15.63799684159827
367,Monaco,1,Male,1994,23.42884807897172
367,Monaco,2,Female,1994,36.39221811089214
367,Monaco,3,Both,1994,30.28831925264312
110,Dominica,1,Male,2003,4.88138908606136
110,Dominica,2,Female,2003,23.97070144223068
110,Dominica,3,Both,2003,14.66471897755714
187,Somalia,1,Male,1994,3.02723918157009
187,Somalia,2,Female,1994,7.673023907965399
187,Somalia,3,Both,1994,5.43925834316615
77,Cyprus,1,Male,2001,13.8781615447715
77,Cyprus,2,Female,2001,22.845399063511906
77,Cyprus,3,Both,2001,18.44411227416229
72,New Zealand,1,Male,1990,16.560700485227407
72,New Zealand,2,Female,1990,25.63362213170879
72,New Zealand,3,Both,1990,21.24508503837641
201,Burkina Faso,1,Male,1991,5.04682103876153
201,Burkina Faso,2,Female,1991,8.83081534890203
201,Burkina Faso,3,Both,1991,7.12099360826218
97,Argentina,1,Male,1998,10.378333914190527
97,Argentina,2,Female,1998,18.65138443499027
97,Argentina,3,Both,1998,14.735840704272778
143,Iraq,1,Male,2000,33.6085758730636
143,Iraq,2,Female,2000,45.651928292116125
143,Iraq,3,Both,2000,39.35867659164296
163,India,1,Male,1997,12.054645426115
163,India,2,Female,1997,15.665647848319669
163,India,3,Both,1997,13.801717307280333
66,Brunei,1,Male,1996,14.905014732415
66,Brunei,2,Female,1996,23.47713602171384
66,Brunei,3,Both,1996,18.96109655690605
213,Niger,1,Male,1999,8.49477627744023
213,Niger,2,Female,1999,16.87466199478098
213,Niger,3,Both,1999,12.66271237801167
184,Mozambique,1,Male,2008,3.14150856497196
184,Mozambique,2,Female,2008,7.55680117723627
184,Mozambique,3,Both,2008,5.50266571846449
175,Burundi,1,Male,2005,3.35428137922294
175,Burundi,2,Female,2005,8.08014306836379
175,Burundi,3,Both,2005,5.72902063264789
205,Cote d'Ivoire,1,Male,2002,6.59821955355203
205,Cote d'Ivoire,2,Female,2002,10.87859499096757
205,Cote d'Ivoire,3,Both,2002,8.6530188438396
89,Netherlands,1,Male,2009,11.98491587270922
89,Netherlands,2,Female,2009,19.08097728855441
89,Netherlands,3,Both,2009,15.618901027740431
106,The Bahamas,1,Male,1995,9.63258258935945
106,The Bahamas,2,Female,1995,24.81714982343912
106,The Bahamas,3,Both,1995,17.59090840344455
197,Swaziland,1,Male,2010,8.30637598880106
197,Swaziland,2,Female,2010,18.912660944199
197,Swaziland,3,Both,2010,14.0684771860615
76,Belgium,1,Male,1990,17.96948934155957
76,Belgium,2,Female,1990,30.96365600228524
76,Belgium,3,Both,1990,24.73188785940793
298,American Samoa,1,Male,2004,46.19808609451349
298,American Samoa,2,Female,2004,61.25241328772567
298,American Samoa,3,Both,2004,53.698021187941066
217,Sierra Leone,1,Male,1999,8.03420396858233
217,Sierra Leone,2,Female,1999,14.15019731529413
217,Sierra Leone,3,Both,1999,11.26335896195698
146,Lebanon,1,Male,2008,33.1997888634017
146,Lebanon,2,Female,2008,30.21589836530858
146,Lebanon,3,Both,2008,31.62873111223316
114,Haiti,1,Male,2003,8.05580705829823
114,Haiti,2,Female,2003,20.500291814552448
114,Haiti,3,Both,2003,14.57917113157769
81,Germany,1,Male,2001,11.793478323317473
81,Germany,2,Female,2001,23.23331257085979
81,Germany,3,Both,2001,17.7436751737625
146,Lebanon,1,Male,1992,31.354070470749367
146,Lebanon,2,Female,1992,29.2735942094258
146,Lebanon,3,Both,1992,30.25869981183514
85,Israel,1,Male,1993,14.48897608971711
85,Israel,2,Female,1993,25.43781990059536
85,Israel,3,Both,1993,20.21437790306764
20,Vietnam,1,Male,2005,5.4789040282112
20,Vietnam,2,Female,2005,11.01996132401806
20,Vietnam,3,Both,2005,8.37067025119909
85,Israel,1,Male,2006,13.2851363723646
85,Israel,2,Female,2006,25.64183932485783
85,Israel,3,Both,2006,19.69252111309156
179,Ethiopia,1,Male,2005,3.99819890906666
179,Ethiopia,2,Female,2005,10.10593551218651
179,Ethiopia,3,Both,2005,7.042133086643421
113,Guyana,1,Male,2010,10.91536973583612
113,Guyana,2,Female,2010,28.809302113684847
113,Guyana,3,Both,2010,20.00497262286615
10,Cambodia,1,Male,1997,1.98678220269854
10,Cambodia,2,Female,1997,4.56250170590422
10,Cambodia,3,Both,1997,3.41372190566052
205,Cote d'Ivoire,1,Male,1991,6.90552149782933
205,Cote d'Ivoire,2,Female,1991,10.88667750956558
205,Cote d'Ivoire,3,Both,1991,8.80061552139973
75,Austria,1,Male,1990,11.68859169203359
75,Austria,2,Female,1990,25.951315479624636
75,Austria,3,Both,1990,19.31787003629761
110,Dominica,1,Male,1995,5.2458359856651
110,Dominica,2,Female,1995,22.96575002671383
110,Dominica,3,Both,1995,14.505732289090831
209,Guinea-Bissau,1,Male,2002,7.01259284077472
209,Guinea-Bissau,2,Female,2002,13.61318050705459
209,Guinea-Bissau,3,Both,2002,10.51697845222608
80,France,1,Male,1990,19.28083087739592
80,France,2,Female,1990,29.56833963498181
80,France,3,Both,1990,24.68422154482779
101,Canada,1,Male,1998,7.37712693506262
101,Canada,2,Female,1998,12.90905243176301
101,Canada,3,Both,1998,10.243465191659787
69,Singapore,1,Male,1996,19.76957229875048
69,Singapore,2,Female,1996,26.62238840821882
69,Singapore,3,Both,1996,23.14574290803533
93,Sweden,1,Male,2009,18.132352278078383
93,Sweden,2,Female,2009,27.70508472006732
93,Sweden,3,Both,2009,23.007438030568363
147,Libya,1,Male,2008,16.90186886159029
147,Libya,2,Female,2008,35.23432555124469
147,Libya,3,Both,2008,25.65540230700188
13,Malaysia,1,Male,1992,15.53673213189177
13,Malaysia,2,Female,1992,22.085393735537227
13,Malaysia,3,Both,1992,18.80301237179077
142,Iran,1,Male,2000,13.79600195535722
142,Iran,2,Female,2000,33.08544006083371
142,Iran,3,Both,2000,23.2233997913789
201,Burkina Faso,1,Male,2010,3.94137667776623
201,Burkina Faso,2,Female,2010,8.34364517801218
201,Burkina Faso,3,Both,2010,6.30326396813706
116,Saint Lucia,1,Male,2007,10.05941347448068
116,Saint Lucia,2,Female,2007,26.145559984643977
116,Saint Lucia,3,Both,2007,18.299237828221628
171,Democratic Republic of the Congo,1,Male,1997,11.94821710207415
171,Democratic Republic of the Congo,2,Female,1997,19.56920160715326
171,Democratic Republic of the Congo,3,Both,1997,15.90039104242242
89,Netherlands,1,Male,1993,10.76510496211273
89,Netherlands,2,Female,1993,19.30150410730427
89,Netherlands,3,Both,1993,15.15013029165392
147,Libya,1,Male,1992,15.67681187061048
147,Libya,2,Female,1992,32.44331379195504
147,Libya,3,Both,1992,23.25734666753305
89,Netherlands,1,Male,2006,11.3330464829622
89,Netherlands,2,Female,2006,18.51149712564118
89,Netherlands,3,Both,2006,15.01068548977987
209,Guinea-Bissau,1,Male,1991,7.398799885642859
209,Guinea-Bissau,2,Female,1991,13.52309603437255
209,Guinea-Bissau,3,Both,1991,10.68560740714873
114,Haiti,1,Male,1995,8.23708166061574
114,Haiti,2,Female,1995,20.41770386787917
114,Haiti,3,Both,1995,14.58723749659128
90,Norway,1,Male,1998,21.23052939024363
90,Norway,2,Female,1998,29.99898816221615
90,Norway,3,Both,1998,25.73845039194225
213,Niger,1,Male,2002,8.50733198941599
213,Niger,2,Female,2002,17.13478899332767
213,Niger,3,Both,2002,12.824942714232929
84,Ireland,1,Male,1990,17.10695843469454
84,Ireland,2,Female,1990,30.81790533871968
84,Ireland,3,Both,1990,24.14231324468635
183,Mauritius,1,Male,2005,9.604181233924509
183,Mauritius,2,Female,2005,17.91831994153107
183,Mauritius,3,Both,2005,13.85748948117739
298,American Samoa,1,Male,2007,46.76273472331336
298,American Samoa,2,Female,2007,61.21655338790082
298,American Samoa,3,Both,2007,53.992837712105135
105,Antigua and Barbuda,1,Male,1998,9.74064701795192
105,Antigua and Barbuda,2,Female,1998,23.73581867455756
105,Antigua and Barbuda,3,Both,1998,17.357788559256328
6,China,1,Male,2001,10.369665084374171
6,China,2,Female,2001,18.42485544797968
6,China,3,Both,2001,14.31813828565601
55,Slovenia,1,Male,2008,13.3785089958776
55,Slovenia,2,Female,2008,26.53910736032688
55,Slovenia,3,Both,2008,20.17150094435732
97,Argentina,1,Male,2009,10.05282976657599
97,Argentina,2,Female,2009,19.85265756803828
97,Argentina,3,Both,2009,15.210952928617822
118,Suriname,1,Male,2003,23.54330504536715
118,Suriname,2,Female,2003,32.153310451247805
118,Suriname,3,Both,2003,27.855205404252697
196,South Africa,1,Male,1997,17.91626563315042
196,South Africa,2,Female,1997,29.79858056201622
196,South Africa,3,Both,1997,24.28509092966818
85,Israel,1,Male,2001,13.61614141230603
85,Israel,2,Female,2001,25.626799605505727
85,Israel,3,Both,2001,19.87098772924528
175,Burundi,1,Male,1997,3.4957344225502403
175,Burundi,2,Female,1997,8.186453742287881
175,Burundi,3,Both,1997,5.94448242509368
146,Lebanon,1,Male,2000,31.81694967988289
146,Lebanon,2,Female,2000,29.2131727343406
146,Lebanon,3,Both,2000,30.45316537159406
193,Botswana,1,Male,1994,9.72718161289532
193,Botswana,2,Female,1994,23.249616972393667
193,Botswana,3,Both,1994,16.96773922281578
205,Cote d'Ivoire,1,Male,2010,6.84887087178407
205,Cote d'Ivoire,2,Female,2010,11.50117378354714
205,Cote d'Ivoire,3,Both,2010,9.0614074387216
93,Sweden,1,Male,1993,15.135831930369651
93,Sweden,2,Female,1993,24.96544137601418
93,Sweden,3,Both,1993,20.19394696657315
93,Sweden,1,Male,2006,17.27808642842731
93,Sweden,2,Female,2006,27.305730378589026
93,Sweden,3,Both,2006,22.40176600100132
213,Niger,1,Male,1991,8.688730432530779
213,Niger,2,Female,1991,16.35687647303599
213,Niger,3,Both,1991,12.530271932904
179,Ethiopia,1,Male,1997,4.12574887679648
179,Ethiopia,2,Female,1997,9.46295789581168
179,Ethiopia,3,Both,1997,6.79637321231124
187,Somalia,1,Male,2005,2.7982355795321703
187,Somalia,2,Female,2005,7.6381948486883395
187,Somalia,3,Both,2005,5.28485160992774
89,Netherlands,1,Male,2001,10.77576294651014
89,Netherlands,2,Female,2001,18.5476109637562
89,Netherlands,3,Both,2001,14.75771581231199
217,Sierra Leone,1,Male,2002,7.84210705559876
217,Sierra Leone,2,Female,2002,14.03777280333671
217,Sierra Leone,3,Both,2002,11.10814353423048
88,Malta,1,Male,1990,19.17116964507109
88,Malta,2,Female,1990,31.271827210765192
88,Malta,3,Both,1990,25.44693262000679
147,Libya,1,Male,2000,15.77872444179718
147,Libya,2,Female,2000,32.78660260899286
147,Libya,3,Both,2000,23.90396641667518
106,The Bahamas,1,Male,1998,9.69002523155466
106,The Bahamas,2,Female,1998,24.98007120520181
106,The Bahamas,3,Both,1998,17.71779986149226
374,Niue,1,Male,2004,22.50725242043681
374,Niue,2,Female,2004,41.32900053936227
374,Niue,3,Both,2004,31.978340013927347
77,Cyprus,1,Male,1996,13.558487508515729
77,Cyprus,2,Female,1996,22.49474522046842
77,Cyprus,3,Both,1996,18.08685675128159
122,Ecuador,1,Male,2003,15.076817635494749
122,Ecuador,2,Female,2003,13.44471090530972
122,Ecuador,3,Both,2003,14.24219171916667
101,Canada,1,Male,2009,8.62954540746856
101,Canada,2,Female,2009,14.56396989570837
101,Canada,3,Both,2009,11.70570476009536
151,Qatar,1,Male,2008,17.49691513452754
151,Qatar,2,Female,2008,42.58936158741027
151,Qatar,3,Both,2008,22.9118239412159
197,Swaziland,1,Male,1994,8.85155539319236
197,Swaziland,2,Female,1994,16.926592270808268
197,Swaziland,3,Both,1994,13.34088757450431
151,Qatar,1,Male,1992,15.69734206332708
151,Qatar,2,Female,1992,39.224858266022686
151,Qatar,3,Both,1992,21.72301651220194
209,Guinea-Bissau,1,Male,2010,6.7695945300974
209,Guinea-Bissau,2,Female,2010,13.45586171147263
209,Guinea-Bissau,3,Both,2010,10.33548894690501
97,Argentina,1,Male,1993,10.3880559459955
97,Argentina,2,Female,1993,18.08705537805086
97,Argentina,3,Both,1993,14.42158261598457
183,Mauritius,1,Male,1997,8.97817867803302
183,Mauritius,2,Female,1997,16.46010689385978
183,Mauritius,3,Both,1997,12.78118976202926
93,Sweden,1,Male,2001,16.02933509284471
93,Sweden,2,Female,2001,26.302640677922167
93,Sweden,3,Both,2001,21.2999836101729
298,American Samoa,1,Male,1999,44.91592228662646
298,American Samoa,2,Female,1999,60.41077033086111
298,American Samoa,3,Both,1999,52.59159528823321
374,Niue,1,Male,2007,22.65392447170517
374,Niue,2,Female,2007,41.504977205602
374,Niue,3,Both,2007,32.130257046443504
97,Argentina,1,Male,2006,10.09121173295179
97,Argentina,2,Female,2006,19.602319353483495
97,Argentina,3,Both,2006,15.101562898049387
118,Suriname,1,Male,1995,23.22478365765176
118,Suriname,2,Female,1995,31.51728001303022
118,Suriname,3,Both,1995,27.393680245737578
217,Sierra Leone,1,Male,1991,7.86246840346312
217,Sierra Leone,2,Female,1991,13.74441792830988
217,Sierra Leone,3,Both,1991,10.89448128237158
393,Saint Kitts and Nevis,1,Male,2007,10.80153445788335
393,Saint Kitts and Nevis,2,Female,2007,26.98543644877663
393,Saint Kitts and Nevis,3,Both,2007,18.90038560711684
151,Qatar,1,Male,2000,18.27013564954109
151,Qatar,2,Female,2000,40.74262437449377
151,Qatar,3,Both,2000,24.49697940943332
81,Germany,1,Male,1996,11.70665508429125
81,Germany,2,Female,1996,23.224136241566427
81,Germany,3,Both,1996,17.7246513083369
110,Dominica,1,Male,1998,5.00559040043811
110,Dominica,2,Female,1998,23.03110263451808
110,Dominica,3,Both,1998,14.350089711035
393,Saint Kitts and Nevis,1,Male,2004,10.49415279417237
393,Saint Kitts and Nevis,2,Female,2004,26.39796736525264
393,Saint Kitts and Nevis,3,Both,2004,18.48417403987827
105,Antigua and Barbuda,1,Male,2009,10.76143702201841
105,Antigua and Barbuda,2,Female,2009,25.452890322889733
105,Antigua and Barbuda,3,Both,2009,18.66366534332365
155,Turkey,1,Male,2008,14.77194256923409
155,Turkey,2,Female,2008,29.223927294030933
155,Turkey,3,Both,2008,22.05972134232816
201,Burkina Faso,1,Male,1994,4.93935845557372
201,Burkina Faso,2,Female,1994,8.72505904921804
201,Burkina Faso,3,Both,1994,7.01254058343202
126,Costa Rica,1,Male,2003,9.84020509530153
126,Costa Rica,2,Female,2003,18.44443800314463
126,Costa Rica,3,Both,2003,14.244126325796891
101,Canada,1,Male,2006,8.26090658366986
101,Canada,2,Female,2006,14.11105715204292
101,Canada,3,Both,2006,11.29603435179099
155,Turkey,1,Male,1992,13.01670544886344
155,Turkey,2,Female,1992,25.08750873409673
155,Turkey,3,Both,1992,19.05410110399011
213,Niger,1,Male,2010,8.56275664031646
213,Niger,2,Female,2010,17.54079195351604
213,Niger,3,Both,2010,13.15027337270072
193,Botswana,1,Male,2005,8.80252419522684
193,Botswana,2,Female,2005,23.74172504749946
193,Botswana,3,Both,2005,16.74312705905491
101,Canada,1,Male,1993,7.073644517684111
101,Canada,2,Female,1993,12.49834114578683
101,Canada,3,Both,1993,9.87657937838015
97,Argentina,1,Male,2001,10.32483797009057
97,Argentina,2,Female,2001,19.03420514510864
97,Argentina,3,Both,2001,14.91806762012205
187,Somalia,1,Male,1997,3.0718700371189698
187,Somalia,2,Female,1997,7.75642145105563
187,Somalia,3,Both,1997,5.51518011770977
122,Ecuador,1,Male,1995,14.36283446948466
122,Ecuador,2,Female,1995,12.93774461862599
122,Ecuador,3,Both,1995,13.63611572243346
380,Palau,1,Male,1994,18.29291619657818
380,Palau,2,Female,1994,38.54142463552951
380,Palau,3,Both,1994,28.321110524383
155,Turkey,1,Male,2000,13.53891112688403
155,Turkey,2,Female,2000,26.22842119291592
155,Turkey,3,Both,2000,19.91823407381001
11,Indonesia,1,Male,2004,13.77594143040343
11,Indonesia,2,Female,2004,21.729077595713008
11,Indonesia,3,Both,2004,17.79361545685643
11,Indonesia,1,Male,2002,13.86652454767971
11,Indonesia,2,Female,2002,21.69753173073009
11,Indonesia,3,Both,2002,17.8302158493374
7,North Korea,1,Male,1994,12.183632705508607
7,North Korea,2,Female,1994,21.76948406331253
7,North Korea,3,Both,1994,17.36929777428358
7,North Korea,1,Male,2010,13.11257299478763
7,North Korea,2,Female,2010,23.17238978572823
7,North Korea,3,Both,2010,18.38875020894978
92,Spain,1,Male,1990,17.18516413275837
92,Spain,2,Female,1990,26.40489184266665
92,Spain,3,Both,1990,22.00895217135057
422,"Virgin Islands, U.S.",1,Male,2007,11.08926421234018
422,"Virgin Islands, U.S.",2,Female,2007,26.861390582257933
422,"Virgin Islands, U.S.",3,Both,2007,19.50957384709115
114,Haiti,1,Male,1998,8.132680161995511
114,Haiti,2,Female,1998,20.41110543906009
114,Haiti,3,Both,1998,14.54489468887982
78,Denmark,1,Male,2001,14.39846645319602
78,Denmark,2,Female,2001,25.13470700946317
78,Denmark,3,Both,2001,19.90804835377799
422,"Virgin Islands, U.S.",1,Male,2004,10.07418960070074
422,"Virgin Islands, U.S.",2,Female,2004,25.336111427507863
422,"Virgin Islands, U.S.",3,Both,2004,18.222867377828468
41,Uzbekistan,1,Male,2002,2.00985262243188
41,Uzbekistan,2,Female,2002,8.118762595605949
41,Uzbekistan,3,Both,2002,5.16935443641466
139,Algeria,1,Male,2003,19.12677612961188
139,Algeria,2,Female,2003,36.30356420896424
139,Algeria,3,Both,2003,27.680220067283063
76,Belgium,1,Male,2002,19.16669007753898
76,Belgium,2,Female,2002,32.08601030307951
76,Belgium,3,Both,2002,25.87853860300182
7,North Korea,1,Male,2008,13.01649030284715
7,North Korea,2,Female,2008,23.000391299129188
7,North Korea,3,Both,2008,18.28292458400908
83,Iceland,1,Male,1999,17.30828615615215
83,Iceland,2,Female,1999,27.835165025503105
83,Iceland,3,Both,1999,22.6315776602884
208,Guinea,1,Male,2000,3.52958660765885
208,Guinea,2,Female,2000,10.45760497160981
208,Guinea,3,Both,2000,7.172785564106659
522,Sudan,1,Male,1996,48.35656319209838
522,Sudan,2,Female,1996,63.29778100046126
522,Sudan,3,Both,1996,55.81776306240378
74,Andorra,1,Male,1993,16.008980913295552
74,Andorra,2,Female,1993,25.19918174866463
74,Andorra,3,Both,1993,20.235832263919
202,Cameroon,1,Male,1991,8.11989030561197
202,Cameroon,2,Female,1991,14.34027829584281
202,Cameroon,3,Both,1991,11.35664971658596
157,Yemen,1,Male,1992,15.54553735225711
157,Yemen,2,Female,1992,29.384274714694257
157,Yemen,3,Both,1992,22.56234036998032
71,Australia,1,Male,2005,29.91009366310228
71,Australia,2,Female,2005,41.78000600934785
71,Australia,3,Both,2005,36.02139834987102
121,Bolivia,1,Male,2001,10.54122178476979
121,Bolivia,2,Female,2001,13.09601737529906
121,Bolivia,3,Both,2001,11.8522404356387
8,Taiwan (Province of China),1,Male,2006,25.475444365374152
8,Taiwan (Province of China),2,Female,2006,33.79929526766564
8,Taiwan (Province of China),3,Both,2006,29.63213953196247
49,Macedonia,1,Male,1999,8.85905783929514
49,Macedonia,2,Female,1999,18.6823490248922
49,Macedonia,3,Both,1999,13.829682208527212
8,Taiwan (Province of China),1,Male,2000,24.81010372493156
8,Taiwan (Province of China),2,Female,2000,33.40970146636414
8,Taiwan (Province of China),3,Both,2000,29.043144788837782
12,Laos,1,Male,1992,4.6513964321640495
12,Laos,2,Female,1992,8.15689852106009
12,Laos,3,Both,1992,6.46933933138892
75,Austria,1,Male,2008,13.8530983850583
75,Austria,2,Female,2008,27.44487441928087
75,Austria,3,Both,2008,20.952317515608375
82,Greece,1,Male,1990,13.91465124336754
82,Greece,2,Female,1990,24.29623077932393
82,Greece,3,Both,1990,19.28011075505961
68,South Korea,1,Male,2005,17.75988598561641
68,South Korea,2,Female,2005,27.4789100585846
68,South Korea,3,Both,2005,22.74589691593907
141,Egypt,1,Male,1992,12.49704547093985
141,Egypt,2,Female,1992,34.461724855194284
141,Egypt,3,Both,1992,23.292049569399488
10,Cambodia,1,Male,1998,1.96232395413739
10,Cambodia,2,Female,1998,4.53276614090164
10,Cambodia,3,Both,1998,3.38268948184742
200,Benin,1,Male,1997,2.34641578764346
200,Benin,2,Female,1997,4.49483828484235
200,Benin,3,Both,1997,3.50668085357835
10,Cambodia,1,Male,2000,1.9085371143381
10,Cambodia,2,Female,2000,4.46909799258873
10,Cambodia,3,Both,2000,3.3159617095035503
89,Netherlands,1,Male,1990,10.83692284872054
89,Netherlands,2,Female,1990,19.33687630462064
89,Netherlands,3,Both,1990,15.209754844646987
119,Trinidad and Tobago,1,Male,1995,14.17824492899283
119,Trinidad and Tobago,2,Female,1995,37.89208398394713
119,Trinidad and Tobago,3,Both,1995,26.12440711724629
205,Cote d'Ivoire,1,Male,1994,6.84092344176679
205,Cote d'Ivoire,2,Female,1994,10.84024458946653
205,Cote d'Ivoire,3,Both,1994,8.76320066504066
189,Tanzania,1,Male,2008,1.56648541634424
189,Tanzania,2,Female,2008,3.6747025097375903
189,Tanzania,3,Both,2008,2.66373447049504
125,Colombia,1,Male,1998,14.078442275543198
125,Colombia,2,Female,1998,25.31223750157212
125,Colombia,3,Both,1998,19.91576497701558
117,Saint Vincent and the Grenadines,1,Male,2010,10.79723790640644
117,Saint Vincent and the Grenadines,2,Female,2010,26.12618143000329
117,Saint Vincent and the Grenadines,3,Both,2010,18.32977692126718
72,New Zealand,1,Male,1999,17.84754896554959
72,New Zealand,2,Female,1999,26.27747003661754
72,New Zealand,3,Both,1999,22.22289078343742
80,France,1,Male,1993,19.686360993312128
80,France,2,Female,1993,29.93576728884345
80,France,3,Both,1993,25.066977223874225
13,Malaysia,1,Male,1997,15.1700235805741
13,Malaysia,2,Female,1997,21.65801489405629
13,Malaysia,3,Both,1997,18.3763370240806
12,Laos,1,Male,1994,4.4989621059976805
12,Laos,2,Female,1994,7.98377585057559
12,Laos,3,Both,1994,6.30013586906057
194,Lesotho,1,Male,2005,2.29879584160591
194,Lesotho,2,Female,2005,6.518570812842631
194,Lesotho,3,Both,2005,4.69158312247506
123,Peru,1,Male,2006,10.70360096411567
123,Peru,2,Female,2006,13.83836164096709
123,Peru,3,Both,2006,12.29548600932059
82,Greece,1,Male,2007,14.35889158739914
82,Greece,2,Female,2007,24.8285282133745
82,Greece,3,Both,2007,19.73333439036642
25,Federated States of Micronesia,1,Male,2008,42.61191012487345
25,Federated States of Micronesia,2,Female,2008,63.03840750386864
25,Federated States of Micronesia,3,Both,2008,52.89276355502439
198,Zimbabwe,1,Male,1994,6.984814305290909
198,Zimbabwe,2,Female,1994,11.08270678862668
198,Zimbabwe,3,Both,1994,9.12732661916469
198,Zimbabwe,1,Male,2005,6.105933466916779
198,Zimbabwe,2,Female,2005,10.59773398199751
198,Zimbabwe,3,Both,2005,8.48890560897237
169,Central African Republic,1,Male,1995,7.18307604342146
169,Central African Republic,2,Female,1995,17.84584825309494
169,Central African Republic,3,Both,1995,12.70106103901868
132,Panama,1,Male,2010,9.97653737112091
132,Panama,2,Female,2010,18.419216554685462
132,Panama,3,Both,2010,14.21149600553007
216,Senegal,1,Male,1994,11.1610540801021
216,Senegal,2,Female,1994,16.40132104466402
216,Senegal,3,Both,1994,13.8824387151064
182,Malawi,1,Male,2003,3.81868696708194
182,Malawi,2,Female,2003,4.78924784591532
182,Malawi,3,Both,2003,4.31437520476583
127,El Salvador,1,Male,2006,10.82190956095458
127,El Salvador,2,Female,2006,18.29751919845545
127,El Salvador,3,Both,2006,14.97370755347974
522,Sudan,1,Male,2007,50.63814455068631
522,Sudan,2,Female,2007,65.7506470110553
522,Sudan,3,Both,2007,58.19366880903517
78,Denmark,1,Male,1993,13.68231274880104
78,Denmark,2,Female,1993,24.73404553581646
78,Denmark,3,Both,1993,19.37852997379729
190,Uganda,1,Male,1997,3.21997195487514
190,Uganda,2,Female,1997,7.85739901702344
190,Uganda,3,Both,1997,5.636917104536661
131,Nicaragua,1,Male,1992,6.21865870437661
131,Nicaragua,2,Female,1992,13.2961964298081
131,Nicaragua,3,Both,1992,9.93231124369682
94,Switzerland,1,Male,1998,14.72748696729412
94,Switzerland,2,Female,1998,26.23496321792048
94,Switzerland,3,Both,1998,20.6977296551023
119,Trinidad and Tobago,1,Male,2009,17.58493219452538
119,Trinidad and Tobago,2,Female,2009,41.99975730034697
119,Trinidad and Tobago,3,Both,2009,29.80223328379931
8,Taiwan (Province of China),1,Male,2003,25.11764469882507
8,Taiwan (Province of China),2,Female,2003,33.64312300536139
8,Taiwan (Province of China),3,Both,2003,29.34251270314342
13,Malaysia,1,Male,2003,16.09180196146009
13,Malaysia,2,Female,2003,22.69452135593503
13,Malaysia,3,Both,2003,19.32869457297707
13,Malaysia,1,Male,2000,15.45075575486749
13,Malaysia,2,Female,2000,21.95032384721518
13,Malaysia,3,Both,2000,18.64886782148422
141,Egypt,1,Male,1995,12.61115655094898
141,Egypt,2,Female,1995,35.065191383437735
141,Egypt,3,Both,1995,23.63808717515935
109,Cuba,1,Male,2004,12.7866190634462
109,Cuba,2,Female,2004,29.53645777860869
109,Cuba,3,Both,2004,21.265152995803728
76,Belgium,1,Male,1999,18.924644909009388
76,Belgium,2,Female,1999,31.93983539674556
76,Belgium,3,Both,1999,25.68800488911876
206,The Gambia,1,Male,1991,4.71410760786144
206,The Gambia,2,Female,1991,11.615592714154111
206,The Gambia,3,Both,1991,8.1143166053999
45,Bulgaria,1,Male,2002,12.82362302365961
45,Bulgaria,2,Female,2002,23.80200470178622
45,Bulgaria,3,Both,2002,18.57794441655301
79,Finland,1,Male,2002,16.82066619686263
79,Finland,2,Female,2002,30.39704405428375
79,Finland,3,Both,2002,23.89801033348903
112,Grenada,1,Male,1996,9.52653138288847
112,Grenada,2,Female,1996,25.79731676975871
112,Grenada,3,Both,1996,17.92059842881055
144,Jordan,1,Male,2004,16.84575827906088
144,Jordan,2,Female,2004,28.39818135942356
144,Jordan,3,Both,2004,22.417333242661112
10,Cambodia,1,Male,2009,1.7011475480242102
10,Cambodia,2,Female,2009,4.201449347592949
10,Cambodia,3,Both,2009,3.05228208350109
140,Bahrain,1,Male,1998,16.975932303885948
140,Bahrain,2,Female,1998,34.434984007578265
140,Bahrain,3,Both,1998,23.74475926263722
351,Guam,1,Male,1991,8.21375733981985
351,Guam,2,Female,1991,22.60960360087145
351,Guam,3,Both,1991,14.88053431140792
18,Thailand,1,Male,1991,7.21839699148196
18,Thailand,2,Female,1991,13.133311387166572
18,Thailand,3,Both,1991,10.27446791237764
320,Cook Islands,1,Male,1997,21.101592666270214
320,Cook Islands,2,Female,1997,39.942405568979375
320,Cook Islands,3,Both,1997,30.205499432920256
211,Mali,1,Male,2000,12.9877892085918
211,Mali,2,Female,2000,15.023753268660588
211,Mali,3,Both,2000,14.02892755008413
13,Malaysia,1,Male,2009,18.17197204385598
13,Malaysia,2,Female,2009,25.61859736322199
13,Malaysia,3,Both,2009,21.7896651632424
203,Cape Verde,1,Male,2006,4.29077073271807
203,Cape Verde,2,Female,2006,16.73341888726117
203,Cape Verde,3,Both,2006,10.8906260803784
13,Malaysia,1,Male,1995,15.189580247155227
13,Malaysia,2,Female,1995,21.7205479088573
13,Malaysia,3,Both,1995,18.42860813543613
80,France,1,Male,2002,20.48579412347479
80,France,2,Female,2002,30.81393163113151
80,France,3,Both,2002,25.911829913165253
7,North Korea,1,Male,2005,12.86774487351186
7,North Korea,2,Female,2005,22.75579140210347
7,North Korea,3,Both,2005,18.12608794504384
148,Morocco,1,Male,2000,22.291344402437
148,Morocco,2,Female,2000,37.96498933527355
148,Morocco,3,Both,2000,30.32387796899787
129,Honduras,1,Male,1998,7.10049115482471
129,Honduras,2,Female,1998,14.64236927343966
129,Honduras,3,Both,1998,10.99787787555411
68,South Korea,1,Male,1996,15.919489905221152
68,South Korea,2,Female,1996,26.29495739751081
68,South Korea,3,Both,1996,21.22063015104388
53,Serbia,1,Male,1999,9.65476008636821
53,Serbia,2,Female,1999,19.40810072628277
53,Serbia,3,Both,1999,14.66078056475312
74,Andorra,1,Male,2004,17.67196264974913
74,Andorra,2,Female,2004,26.450666742369
74,Andorra,3,Both,2004,21.856783746392185
59,Latvia,1,Male,2008,10.0509138405715
59,Latvia,2,Female,2008,23.76154094618869
59,Latvia,3,Both,2008,17.78058602428515
165,Pakistan,1,Male,2001,14.59967891284072
165,Pakistan,2,Female,2001,15.601948884614512
165,Pakistan,3,Both,2001,15.07714018567293
108,Belize,1,Male,1993,8.38574593392171
108,Belize,2,Female,1993,22.663524892062934
108,Belize,3,Both,1993,15.38226899054771
7,North Korea,1,Male,1992,12.11193614742876
7,North Korea,2,Female,1992,21.6369984985384
7,North Korea,3,Both,1992,17.26336165967727
125,Colombia,1,Male,2001,14.19512971962861
125,Colombia,2,Female,2001,25.18232854659809
125,Colombia,3,Both,2001,19.9269326569992
196,South Africa,1,Male,2009,17.74580229883678
196,South Africa,2,Female,2009,30.6843086650041
196,South Africa,3,Both,2009,24.63240841873201
145,Kuwait,1,Male,1992,34.58202333361634
145,Kuwait,2,Female,1992,55.633357276875
145,Kuwait,3,Both,1992,42.25440999609291
79,Finland,1,Male,1990,15.926266178576531
79,Finland,2,Female,1990,29.8036215505741
79,Finland,3,Both,1990,23.24300779441674
84,Ireland,1,Male,1993,17.37289629144678
84,Ireland,2,Female,1993,31.10706763665571
84,Ireland,3,Both,1993,24.43730244266779
15,Myanmar,1,Male,1999,2.59969756465259
15,Myanmar,2,Female,1999,5.09437207483583
15,Myanmar,3,Both,1999,3.9102674182753496
87,Luxembourg,1,Male,1999,15.372466623434333
87,Luxembourg,2,Female,1999,26.447196348998297
87,Luxembourg,3,Both,1999,21.08248998346422
6,China,1,Male,2007,11.52502719275938
6,China,2,Female,2007,20.23411944908136
6,China,3,Both,2007,15.825286254169349
207,Ghana,1,Male,2003,5.95054621600023
207,Ghana,2,Female,2003,12.12381985004362
207,Ghana,3,Both,2003,9.14806294923449
13,Malaysia,1,Male,2004,16.46093418820293
13,Malaysia,2,Female,2004,23.1801731201457
13,Malaysia,3,Both,2004,19.75066620580591
12,Laos,1,Male,1995,4.40801995028653
12,Laos,2,Female,1995,7.89801236767778
12,Laos,3,Both,1995,6.20944971084067
197,Swaziland,1,Male,2005,8.30887522387826
197,Swaziland,2,Female,2005,17.92548195051612
197,Swaziland,3,Both,2005,13.56525519553477
105,Antigua and Barbuda,1,Male,2006,10.34364854974873
105,Antigua and Barbuda,2,Female,2006,24.76381285297965
105,Antigua and Barbuda,3,Both,2006,18.15136486481882
135,Brazil,1,Male,1992,16.10672022998478
135,Brazil,2,Female,1992,24.95115140661425
135,Brazil,3,Both,1992,20.67684834432157
190,Uganda,1,Male,2008,3.0853261317771
190,Uganda,2,Female,2008,7.92211653802538
190,Uganda,3,Both,2008,5.638806172070749
376,Northern Mariana Islands,1,Male,2002,20.95937680055303
376,Northern Mariana Islands,2,Female,2002,40.2199689221004
376,Northern Mariana Islands,3,Both,2002,31.19918072520422
123,Peru,1,Male,1995,9.88956389266621
123,Peru,2,Female,1995,12.68969049585352
123,Peru,3,Both,1995,11.31676837628272
145,Kuwait,1,Male,1995,35.03258857775485
145,Kuwait,2,Female,1995,55.93821340898189
145,Kuwait,3,Both,1995,42.56642658347151
109,Cuba,1,Male,2007,13.57501159515285
109,Cuba,2,Female,2007,31.39445760678314
109,Cuba,3,Both,2007,22.61119006411732
369,Nauru,1,Male,1991,14.07423018527928
369,Nauru,2,Female,1991,33.77129015728197
369,Nauru,3,Both,1991,23.43277556901224
212,Mauritania,1,Male,2000,18.29938335813816
212,Mauritania,2,Female,2000,26.22775129282322
212,Mauritania,3,Both,2000,22.39133502329956
204,Chad,1,Male,1997,7.597526486548389
204,Chad,2,Female,1997,11.85110675739656
204,Chad,3,Both,1997,9.84189957452598
113,Guyana,1,Male,2004,9.85970752311282
113,Guyana,2,Female,2004,26.95803546272918
113,Guyana,3,Both,2004,18.47254925310882
13,Malaysia,1,Male,1998,15.22533050789899
13,Malaysia,2,Female,1998,21.69287845501006
13,Malaysia,3,Both,1998,18.41631098962641
143,Iraq,1,Male,2003,33.88839807999994
143,Iraq,2,Female,2003,46.166909386189545
143,Iraq,3,Both,2003,39.708272869073966
10,Cambodia,1,Male,2004,1.81394479637762
10,Cambodia,2,Female,2004,4.34046161081912
10,Cambodia,3,Both,2004,3.19216389260771
83,Iceland,1,Male,1990,16.472933496072052
83,Iceland,2,Female,1990,27.36104448011107
83,Iceland,3,Both,1990,21.96074048727438
163,India,1,Male,2008,11.91455312701891
163,India,2,Female,2008,16.78654978257919
163,India,3,Both,2008,14.31808878972824
106,The Bahamas,1,Male,2009,11.81315089115527
106,The Bahamas,2,Female,2009,28.49277911009998
106,The Bahamas,3,Both,2009,20.59123866253873
98,Chile,1,Male,1998,7.87796753355864
98,Chile,2,Female,1998,20.47567603057683
98,Chile,3,Both,1998,14.40887499840596
82,Greece,1,Male,2001,14.056731229204033
82,Greece,2,Female,2001,24.37051141172201
82,Greece,3,Both,2001,19.34987979452594
74,Andorra,1,Male,1996,16.69167204001558
74,Andorra,2,Female,1996,25.61800568950345
74,Andorra,3,Both,1996,20.89615743471852
12,Laos,1,Male,1997,4.23148183665233
12,Laos,2,Female,1997,7.689838703162099
12,Laos,3,Both,1997,6.01271734617226
8,Taiwan (Province of China),1,Male,1998,24.517483609222403
8,Taiwan (Province of China),2,Female,1998,33.11338822720437
8,Taiwan (Province of China),3,Both,1998,28.72986423123721
126,Costa Rica,1,Male,1995,9.28845900522822
126,Costa Rica,2,Female,1995,17.07038910467147
126,Costa Rica,3,Both,1995,13.248190885604972
7,North Korea,1,Male,1995,12.21614137563283
7,North Korea,2,Female,1995,21.82940493519489
7,North Korea,3,Both,1995,17.4156870552354
16,Philippines,1,Male,1992,4.42913169500909
16,Philippines,2,Female,1992,9.14941983148047
16,Philippines,3,Both,1992,6.79697366799706
102,United States,1,Male,1998,15.05084923725313
102,United States,2,Female,1998,25.65727154039462
102,United States,3,Both,1998,20.58028023079254
75,Austria,1,Male,2005,13.33521188580595
75,Austria,2,Female,2005,27.15792936207228
75,Austria,3,Both,2005,20.57240607942312
84,Ireland,1,Male,2002,17.4813045704214
84,Ireland,2,Female,2002,31.88854927214118
84,Ireland,3,Both,2002,24.830237958401792
10,Cambodia,1,Male,1992,2.14328135565172
10,Cambodia,2,Female,1992,4.72406521012039
10,Cambodia,3,Both,1992,3.59078111039496
49,Macedonia,1,Male,2010,9.57053935592508
49,Macedonia,2,Female,2010,19.89416084530345
49,Macedonia,3,Both,2010,14.73606064006667
6,China,1,Male,2010,12.36398727777801
6,China,2,Female,2010,21.35065483262345
6,China,3,Both,2010,16.818202085399918
130,Mexico,1,Male,2003,9.21346125928864
130,Mexico,2,Female,2003,16.998361407328872
130,Mexico,3,Both,2003,13.28664381066526
7,North Korea,1,Male,2000,12.51989376501357
7,North Korea,2,Female,2000,22.212265769087495
7,North Korea,3,Both,2000,17.72970332688221
163,India,1,Male,2000,12.08151269975567
163,India,2,Female,2000,15.91145723996677
163,India,3,Both,2000,13.947983723703633
85,Israel,1,Male,1996,14.3720676937073
85,Israel,2,Female,1996,25.667432434124187
85,Israel,3,Both,1996,20.277405305962706
82,Greece,1,Male,1993,14.046649646659851
82,Greece,2,Female,1993,24.376106304232533
82,Greece,3,Both,1993,19.36809390174108
194,Lesotho,1,Male,1997,2.61024386370178
194,Lesotho,2,Female,1997,6.7951277332096
194,Lesotho,3,Both,1997,5.05081365404073
217,Sierra Leone,1,Male,2010,7.3891722649728
217,Sierra Leone,2,Female,2010,13.8207700493067
217,Sierra Leone,3,Both,2010,10.71676057927846
29,Tonga,1,Male,2008,18.68747211828507
29,Tonga,2,Female,2008,46.13499456664088
29,Tonga,3,Both,2008,32.68946968970339
25,Federated States of Micronesia,1,Male,2005,42.72768706252431
25,Federated States of Micronesia,2,Female,2005,64.0101745739739
25,Federated States of Micronesia,3,Both,2005,53.48960541439063
194,Lesotho,1,Male,2008,2.16331589458157
194,Lesotho,2,Female,2008,6.30537242740497
194,Lesotho,3,Both,2008,4.47540718499146
78,Denmark,1,Male,2004,14.77785982500172
78,Denmark,2,Female,2004,25.334089479233253
78,Denmark,3,Both,2004,20.18944509086524
385,Puerto Rico,1,Male,1991,16.20200717084674
385,Puerto Rico,2,Female,1991,30.81308414190086
385,Puerto Rico,3,Both,1991,23.98098045785546
133,Venezuela,1,Male,1998,8.54205211569191
133,Venezuela,2,Female,1998,16.35063742123807
133,Venezuela,3,Both,1998,12.57554037676682
196,South Africa,1,Male,2006,17.70974962991972
196,South Africa,2,Female,2006,29.985536665875262
196,South Africa,3,Both,2006,24.28910360997248
10,Cambodia,1,Male,2003,1.83980043319217
10,Cambodia,2,Female,2003,4.37406284054408
10,Cambodia,3,Both,2003,3.22468809623427
13,Malaysia,1,Male,2001,15.5554670872072
13,Malaysia,2,Female,2001,22.047781036297906
13,Malaysia,3,Both,2001,18.7461715424434
72,New Zealand,1,Male,2005,21.63971122521571
72,New Zealand,2,Female,2005,29.69487078107531
72,New Zealand,3,Both,2005,25.83699625895184
14,Maldives,1,Male,1997,23.75854245721245
14,Maldives,2,Female,1997,50.609769681391406
14,Maldives,3,Both,1997,36.80467378938776
16,Philippines,1,Male,1991,4.46071600649859
16,Philippines,2,Female,1991,9.20303506195364
16,Philippines,3,Both,1991,6.8419317401288495
131,Nicaragua,1,Male,2006,6.51394467997536
131,Nicaragua,2,Female,2006,14.277476890970938
131,Nicaragua,3,Both,2006,10.59342654912276
202,Cameroon,1,Male,2005,7.84979149507532
202,Cameroon,2,Female,2005,14.90366279428386
202,Cameroon,3,Both,2005,11.46913458101595
127,El Salvador,1,Male,1995,9.672908676921251
127,El Salvador,2,Female,1995,16.23816197502281
127,El Salvador,3,Both,1995,13.20834868858016
396,San Marino,1,Male,2002,21.99325142726796
396,San Marino,2,Female,2002,31.82627854926558
396,San Marino,3,Both,2002,27.13886657598254
210,Liberia,1,Male,1991,11.50142039969874
210,Liberia,2,Female,1991,32.06808043004328
210,Liberia,3,Both,1991,21.87950917983121
202,Cameroon,1,Male,1994,8.104204457385169
202,Cameroon,2,Female,1994,14.45793222651915
202,Cameroon,3,Both,1994,11.40846796395979
123,Peru,1,Male,2009,11.0682927825648
123,Peru,2,Female,2009,14.404524087128689
123,Peru,3,Both,2009,12.76328648285575
86,Italy,1,Male,2007,20.90690654558971
86,Italy,2,Female,2007,36.59732883545354
86,Italy,3,Both,2007,29.1171129326045
93,Sweden,1,Male,1990,15.273575597371767
93,Sweden,2,Female,1990,24.99955777797227
93,Sweden,3,Both,1990,20.2837928437414
57,Belarus,1,Male,1999,7.34773342302089
57,Belarus,2,Female,1999,17.04461983850025
57,Belarus,3,Both,1999,12.69509282902224
49,Macedonia,1,Male,2002,8.97498475249595
49,Macedonia,2,Female,2002,18.76576937007419
49,Macedonia,3,Both,2002,13.91698656359574
413,Tokelau,1,Male,1994,20.4695915833869
413,Tokelau,2,Female,1994,39.16890449241032
413,Tokelau,3,Both,1994,30.1835391594369
150,Oman,1,Male,1992,15.06276671053542
150,Oman,2,Female,1992,31.81074509450617
150,Oman,3,Both,1992,20.54526757165615
152,Saudi Arabia,1,Male,2000,17.37964016568603
152,Saudi Arabia,2,Female,2000,34.066711910657546
152,Saudi Arabia,3,Both,2000,23.963168297499248
53,Serbia,1,Male,2010,10.35553677874901
53,Serbia,2,Female,2010,20.98283987535679
53,Serbia,3,Both,2010,15.88837719982648
207,Ghana,1,Male,2006,5.75925982130238
207,Ghana,2,Female,2006,12.60844157125153
207,Ghana,3,Both,2006,9.33416621751823
80,France,1,Male,1999,20.16276746871388
80,France,2,Female,1999,30.4025981434687
80,France,3,Both,1999,25.5375183051632
186,Seychelles,1,Male,2003,11.82715048176706
186,Seychelles,2,Female,2003,19.41648411967351
186,Seychelles,3,Both,2003,15.6394916681348
139,Algeria,1,Male,1992,18.83019146657044
139,Algeria,2,Female,1992,35.37554304003866
139,Algeria,3,Both,1992,27.081994878948628
198,Zimbabwe,1,Male,1997,6.83040414806647
198,Zimbabwe,2,Female,1997,11.07007785071586
198,Zimbabwe,3,Both,1997,9.06030983465446
214,Nigeria,1,Male,1991,9.165737503259033
214,Nigeria,2,Female,1991,17.15076314688114
214,Nigeria,3,Both,1991,12.860808804847402
148,Morocco,1,Male,2003,22.50152085245504
148,Morocco,2,Female,2003,38.91085975545197
148,Morocco,3,Both,2003,30.935533285875884
20,Vietnam,1,Male,1991,5.72435167396366
20,Vietnam,2,Female,1991,10.68779047207566
20,Vietnam,3,Both,1991,8.403450832233279
97,Argentina,1,Male,1990,10.33207473655012
97,Argentina,2,Female,1990,17.78445019746043
97,Argentina,3,Both,1990,14.22305294458768
78,Denmark,1,Male,1996,13.97130960304451
78,Denmark,2,Female,1996,24.91004050583365
78,Denmark,3,Both,1996,19.59934118185033
86,Italy,1,Male,1993,19.21187783031669
86,Italy,2,Female,1993,35.12056804335441
86,Italy,3,Both,1993,27.58662486918973
33,Armenia,1,Male,2008,7.10583089658452
33,Armenia,2,Female,2008,13.67167728114946
33,Armenia,3,Both,2008,10.657781404635433
29,Tonga,1,Male,2005,18.78274762641187
29,Tonga,2,Female,2005,46.61781137304988
29,Tonga,3,Both,2005,32.949325453262
86,Italy,1,Male,2001,20.39081431005074
86,Italy,2,Female,2001,36.49664696602115
86,Italy,3,Both,2001,28.85545335857677
82,Greece,1,Male,2004,14.06016024799665
82,Greece,2,Female,2004,24.38913994465004
82,Greece,3,Both,2004,19.35907468999692
101,Canada,1,Male,2001,7.6497782208814495
101,Canada,2,Female,2001,13.282749749754592
101,Canada,3,Both,2001,10.57164471550867
135,Brazil,1,Male,2006,17.76629621409213
135,Brazil,2,Female,2006,28.25850565463491
135,Brazil,3,Both,2006,23.22258472624865
105,Antigua and Barbuda,1,Male,1993,10.25372155741442
105,Antigua and Barbuda,2,Female,1993,24.37618872244467
105,Antigua and Barbuda,3,Both,1993,17.84857355417263
198,Zimbabwe,1,Male,2008,5.93940594692008
198,Zimbabwe,2,Female,2008,10.39750881248718
198,Zimbabwe,3,Both,2008,8.30955618551906
90,Norway,1,Male,2007,22.28050095505831
90,Norway,2,Female,2007,30.594880023894472
90,Norway,3,Both,2007,26.52357127159599
218,Togo,1,Male,1991,3.7474113096184896
218,Togo,2,Female,1991,6.41438004852493
218,Togo,3,Both,1991,5.18526785531623
127,El Salvador,1,Male,2009,10.81561975964536
127,El Salvador,2,Female,2009,18.6128613062445
127,El Salvador,3,Both,2009,15.174896792692468
131,Nicaragua,1,Male,1995,6.284207690447929
131,Nicaragua,2,Female,1995,13.4701862003288
131,Nicaragua,3,Both,1995,10.0570023158269
143,Iraq,1,Male,1992,34.73294006912316
143,Iraq,2,Female,1992,47.0484639826324
143,Iraq,3,Both,1992,40.75483551441747
82,Greece,1,Male,1996,14.04709152138893
82,Greece,2,Female,1996,24.35452334098673
82,Greece,3,Both,1996,19.34835713440997
129,Honduras,1,Male,2001,7.05640831620484
129,Honduras,2,Female,2001,14.774029241373771
129,Honduras,3,Both,2001,11.04861535827565
195,Namibia,1,Male,2009,13.620597346986573
195,Namibia,2,Female,2009,17.34157553663901
195,Namibia,3,Both,2009,15.585757296913991
88,Malta,1,Male,1993,20.05097227936552
88,Malta,2,Female,1993,32.29428321221755
88,Malta,3,Both,1993,26.39596287379667
156,United Arab Emirates,1,Male,2000,22.25241461056984
156,United Arab Emirates,2,Female,2000,28.03349622410466
156,United Arab Emirates,3,Both,2000,23.66215853461906
57,Belarus,1,Male,2010,8.15391933359034
57,Belarus,2,Female,2010,18.36010684599505
57,Belarus,3,Both,2010,13.81207739862152
37,Kyrgyzstan,1,Male,2008,5.22104367769218
37,Kyrgyzstan,2,Female,2008,12.577032834927907
37,Kyrgyzstan,3,Both,2008,9.054895399776749
107,Barbados,1,Male,1998,24.98136833506792
107,Barbados,2,Female,1998,52.52197479547716
107,Barbados,3,Both,1998,39.71832393743012
202,Cameroon,1,Male,1997,8.01209697159862
202,Cameroon,2,Female,1997,14.506600582098288
202,Cameroon,3,Both,1997,11.38289194090961
139,Algeria,1,Male,2006,19.58722567159851
139,Algeria,2,Female,2006,37.061314043146346
139,Algeria,3,Both,2006,28.274641825175927
94,Switzerland,1,Male,2011,15.36856198166809
94,Switzerland,2,Female,2011,27.565372144359863
94,Switzerland,3,Both,2011,21.62133438617144
94,Switzerland,1,Male,2007,15.0167893970999
94,Switzerland,2,Female,2007,27.00191837276847
94,Switzerland,3,Both,2007,21.20509709213616
202,Cameroon,1,Male,2008,7.79376017673612
202,Cameroon,2,Female,2008,14.98982845749408
202,Cameroon,3,Both,2008,11.4769145705671
53,Serbia,1,Male,2002,9.84472817677139
53,Serbia,2,Female,2002,19.77051588511788
53,Serbia,3,Both,2002,14.97906499324308
522,Sudan,1,Male,1999,49.088248090949484
522,Sudan,2,Female,1999,63.92136544106789
522,Sudan,3,Both,1999,56.45421612271737
522,Sudan,1,Male,1993,47.847921663299445
522,Sudan,2,Female,1993,62.87212080828887
522,Sudan,3,Both,1993,55.39871370085573
206,The Gambia,1,Male,1994,4.71107702011167
206,The Gambia,2,Female,1994,11.7651456407095
206,The Gambia,3,Both,1994,8.187675775655629
298,American Samoa,1,Male,1991,44.24429692796784
298,American Samoa,2,Female,1991,58.81553086557976
298,American Samoa,3,Both,1991,51.37022678525954
160,Afghanistan,1,Male,2000,15.79388210328663
160,Afghanistan,2,Female,2000,30.20045571685419
160,Afghanistan,3,Both,2000,23.356433347327
135,Brazil,1,Male,1995,16.12580596372841
135,Brazil,2,Female,1995,25.179041205786117
135,Brazil,3,Both,1995,20.81653151568296
206,The Gambia,1,Male,2005,4.78591635498167
206,The Gambia,2,Female,2005,12.42320055266355
206,The Gambia,3,Both,2005,8.70296477515241
61,Moldova,1,Male,2010,8.25453368608013
61,Moldova,2,Female,2010,18.30536918439703
61,Moldova,3,Both,2010,13.6560039442832
86,Italy,1,Male,1996,19.70219412696502
86,Italy,2,Female,1996,35.753419527698185
86,Italy,3,Both,1996,28.14868804780728
61,Moldova,1,Male,1999,7.39157027163122
61,Moldova,2,Female,1999,16.3795584186646
61,Moldova,3,Both,1999,12.26516205777884
206,The Gambia,1,Male,1997,4.74956804540439
206,The Gambia,2,Female,1997,11.97176077771503
206,The Gambia,3,Both,1997,8.34244995341033
86,Italy,1,Male,2004,20.531079761488723
86,Italy,2,Female,2004,36.6554266688801
86,Italy,3,Both,2004,28.98410895730386
90,Norway,1,Male,1993,21.3247158252673
90,Norway,2,Female,1993,30.30541618078494
90,Norway,3,Both,1993,25.94860362719284
98,Chile,1,Male,2007,8.1301216195076
98,Chile,2,Female,2007,22.620185085994255
98,Chile,3,Both,2007,15.65111841938626
41,Uzbekistan,1,Male,2008,2.08864476502907
41,Uzbekistan,2,Female,2008,8.59860935554025
41,Uzbekistan,3,Both,2008,5.44965751890602
164,Nepal,1,Male,2000,7.31085215046436
164,Nepal,2,Female,2000,10.68629503032584
164,Nepal,3,Both,2000,9.006866108227191
152,Saudi Arabia,1,Male,2003,17.11301944858646
152,Saudi Arabia,2,Female,2003,34.11591622768998
152,Saudi Arabia,3,Both,2003,23.89727414338397
8,Taiwan (Province of China),1,Male,2009,25.772510408831018
8,Taiwan (Province of China),2,Female,2009,34.11591822632199
8,Taiwan (Province of China),3,Both,2009,29.97463146328782
206,The Gambia,1,Male,2008,4.71419589420977
206,The Gambia,2,Female,2008,12.44361136388602
206,The Gambia,3,Both,2008,8.68918216003308
131,Nicaragua,1,Male,2009,6.60880129248939
131,Nicaragua,2,Female,2009,14.522554452298811
131,Nicaragua,3,Both,2009,10.764444941220122
522,Sudan,1,Male,2010,50.52641299367971
522,Sudan,2,Female,2010,66.01273052532854
522,Sudan,3,Both,2010,58.30905681136805
101,Canada,1,Male,1990,6.98864982512961
101,Canada,2,Female,1990,12.34027102132312
101,Canada,3,Both,1990,9.7506488446107
148,Morocco,1,Male,1992,21.53770143101367
148,Morocco,2,Female,1992,37.15583349662993
148,Morocco,3,Both,1992,29.44919268389745
33,Armenia,1,Male,2005,6.6219059438386
33,Armenia,2,Female,2005,12.96420123635359
33,Armenia,3,Both,2005,10.05154859069894
210,Liberia,1,Male,2005,10.36535034669713
210,Liberia,2,Female,2005,32.4285733467436
210,Liberia,3,Both,2005,21.44259598495204
210,Liberia,1,Male,1994,11.39222750077052
210,Liberia,2,Female,1994,31.847657972172023
210,Liberia,3,Both,1994,21.72197461538643
139,Algeria,1,Male,1995,18.85212177365015
139,Algeria,2,Female,1995,35.57761075264758
139,Algeria,3,Both,1995,27.19963460353027
209,Guinea-Bissau,1,Male,1994,7.225188512191851
209,Guinea-Bissau,2,Female,1994,13.53554828577879
209,Guinea-Bissau,3,Both,1994,10.599852371683149
111,Dominican Republic,1,Male,1998,13.25333298718078
111,Dominican Republic,2,Female,1998,18.179219245126248
111,Dominican Republic,3,Both,1998,15.78639012614996
10,Cambodia,1,Male,2001,1.88573429876902
10,Cambodia,2,Female,2001,4.44064669703205
10,Cambodia,3,Both,2001,3.28697783977096
10,Cambodia,1,Male,2006,1.76240138586693
10,Cambodia,2,Female,2006,4.26962525946387
10,Cambodia,3,Both,2006,3.1250605257552704
216,Senegal,1,Male,2000,10.58090433758338
216,Senegal,2,Female,2000,16.18085401734172
216,Senegal,3,Both,2000,13.482079968330678
72,New Zealand,1,Male,1996,16.77539731925412
72,New Zealand,2,Female,1996,25.61965416384504
72,New Zealand,3,Both,1996,21.352414094197268
121,Bolivia,1,Male,2010,11.13589356615407
121,Bolivia,2,Female,2010,14.527505376004498
121,Bolivia,3,Both,2010,12.8635694522688
90,Norway,1,Male,2001,21.44330346992132
90,Norway,2,Female,2001,30.02376094660194
90,Norway,3,Both,2001,25.84732321379075
143,Iraq,1,Male,2006,34.19232056906422
143,Iraq,2,Female,2006,47.14331770092931
143,Iraq,3,Both,2006,40.32358560994922
14,Maldives,1,Male,1995,23.8359684781404
14,Maldives,2,Female,1995,51.01374796335571
14,Maldives,3,Both,1995,36.99976082042968
161,Bangladesh,1,Male,1992,6.65600990803033
161,Bangladesh,2,Female,1992,14.85248336264306
161,Bangladesh,3,Both,1992,10.49168262771168
144,Jordan,1,Male,1998,16.16086272018805
144,Jordan,2,Female,1998,27.25229212883507
144,Jordan,3,Both,1998,21.42528676081572
79,Finland,1,Male,2008,17.88078801391344
79,Finland,2,Female,2008,31.42540856267006
79,Finland,3,Both,2008,24.9039368817486
105,Antigua and Barbuda,1,Male,1990,10.58508924435783
105,Antigua and Barbuda,2,Female,1990,24.79338229945032
105,Antigua and Barbuda,3,Both,1990,18.18013532779667
113,Guyana,1,Male,2007,10.30754317205624
113,Guyana,2,Female,2007,27.919379816172352
113,Guyana,3,Both,2007,19.20390610150143
90,Norway,1,Male,1996,21.24638118019088
90,Norway,2,Female,1996,30.16395762351584
90,Norway,3,Both,1996,25.834355533710863
156,United Arab Emirates,1,Male,2003,23.09180013466883
156,United Arab Emirates,2,Female,2003,29.38646497343252
156,United Arab Emirates,3,Both,2003,24.62187639805121
94,Switzerland,1,Male,2001,14.84632011275064
94,Switzerland,2,Female,2001,26.38108946801678
94,Switzerland,3,Both,2001,20.841127471472053
57,Belarus,1,Male,2002,7.56232388190607
57,Belarus,2,Female,2002,17.37777516156638
57,Belarus,3,Both,2002,12.98292657876394
214,Nigeria,1,Male,2005,9.26780050720084
214,Nigeria,2,Female,2005,16.71520077920072
214,Nigeria,3,Both,2005,12.91379665684631
94,Switzerland,1,Male,1993,14.81609655841856
94,Switzerland,2,Female,1993,26.30611276725725
94,Switzerland,3,Both,1993,20.75024480496314
13,Malaysia,1,Male,2007,17.56113848808612
13,Malaysia,2,Female,2007,24.665069046160028
13,Malaysia,3,Both,2007,21.023324554907592
211,Mali,1,Male,2006,13.258693430921282
211,Mali,2,Female,2006,15.78739417292118
211,Mali,3,Both,2006,14.54132929845974
45,Bulgaria,1,Male,2008,12.42936001963959
45,Bulgaria,2,Female,2008,23.70871661490891
45,Bulgaria,3,Both,2008,18.356594734163615
210,Liberia,1,Male,1997,11.17823048279895
210,Liberia,2,Female,1997,31.38160220112441
210,Liberia,3,Both,1997,21.45656611077637
214,Nigeria,1,Male,1994,9.15429218771539
214,Nigeria,2,Female,1994,16.901730294355747
214,Nigeria,3,Both,1994,12.772743559068662
168,Angola,1,Male,2000,5.97042728033926
168,Angola,2,Female,2000,11.88411802850551
168,Angola,3,Both,2000,8.97481286785361
115,Jamaica,1,Male,1998,9.35048822760999
115,Jamaica,2,Female,1998,38.2239174648905
115,Jamaica,3,Both,1998,24.30750430037811
210,Liberia,1,Male,2008,10.28767137850614
210,Liberia,2,Female,2008,33.27991393295503
210,Liberia,3,Both,2008,21.7122476297388
37,Kyrgyzstan,1,Male,2005,5.19867970468862
37,Kyrgyzstan,2,Female,2005,12.56417721143965
37,Kyrgyzstan,3,Both,2005,9.03528302280975
102,United States,1,Male,2007,14.57122540071712
102,United States,2,Female,2007,27.134839767788183
102,United States,3,Both,2007,21.07900755992833
148,Morocco,1,Male,2006,22.98475014962451
148,Morocco,2,Female,2006,39.88062181200464
148,Morocco,3,Both,2006,31.66190529009823
61,Moldova,1,Male,2002,7.52112924376324
61,Moldova,2,Female,2002,16.66752047705339
61,Moldova,3,Both,2002,12.46753609290879
66,Brunei,1,Male,1999,15.18639232115838
66,Brunei,2,Female,1999,23.67505400831138
66,Brunei,3,Both,1999,19.282581543356866
14,Maldives,1,Male,1994,23.88763624916384
14,Maldives,2,Female,1994,51.17273691661982
14,Maldives,3,Both,1994,37.05524460177571
66,Brunei,1,Male,2010,16.40697973203088
66,Brunei,2,Female,2010,25.08406328615881
66,Brunei,3,Both,2010,20.61287016289696
305,Bermuda,1,Male,1991,12.81601313153108
305,Bermuda,2,Female,1991,29.828421866475868
305,Bermuda,3,Both,1991,21.73583822004362
25,Federated States of Micronesia,1,Male,1991,41.61997629366495
25,Federated States of Micronesia,2,Female,1991,62.85556382675094
25,Federated States of Micronesia,3,Both,1991,52.05706486775169
106,The Bahamas,1,Male,1990,9.86283920717626
106,The Bahamas,2,Female,1990,25.065259639673247
106,The Bahamas,3,Both,1990,17.83166108887542
172,Equatorial Guinea,1,Male,2000,8.12838695883385
172,Equatorial Guinea,2,Female,2000,14.34464136968304
172,Equatorial Guinea,3,Both,2000,11.65004312489194
49,Macedonia,1,Male,2008,9.36434536618494
49,Macedonia,2,Female,2008,19.69249782474854
49,Macedonia,3,Both,2008,14.54336376077056
98,Chile,1,Male,1993,7.67222587068853
98,Chile,2,Female,1993,19.02994350394666
98,Chile,3,Both,1993,13.589158411667048
214,Nigeria,1,Male,1997,9.19615203892213
214,Nigeria,2,Female,1997,16.740350185225918
214,Nigeria,3,Both,1997,12.75716480170979
214,Nigeria,1,Male,2008,9.1546870278947
214,Nigeria,2,Female,2008,16.70826663852143
214,Nigeria,3,Both,2008,12.92133097809488
94,Switzerland,1,Male,1996,14.72419541287854
94,Switzerland,2,Female,1996,26.25070430532001
94,Switzerland,3,Both,1996,20.69225329431484
41,Uzbekistan,1,Male,2005,2.0350646097515903
41,Uzbekistan,2,Female,2005,8.28212681916369
41,Uzbekistan,3,Both,2005,5.26279110272526
53,Serbia,1,Male,2008,10.247864246560953
53,Serbia,2,Female,2008,20.77613953133854
53,Serbia,3,Both,2008,15.74064919976737
90,Norway,1,Male,2004,21.77705546293787
90,Norway,2,Female,2004,30.21846094738234
90,Norway,3,Both,2004,26.1021378248932
98,Chile,1,Male,2001,7.98118078891802
98,Chile,2,Female,2001,21.421687474342
98,Chile,3,Both,2001,14.943184534802882
160,Afghanistan,1,Male,2003,14.86578096347488
160,Afghanistan,2,Female,2003,30.03948504165136
160,Afghanistan,3,Both,2003,22.74948797544846
218,Togo,1,Male,1994,3.62853975355474
218,Togo,2,Female,1994,6.3914658432873095
218,Togo,3,Both,1994,5.11035631244721
143,Iraq,1,Male,1995,33.93492850271197
143,Iraq,2,Female,1995,46.19937446946296
143,Iraq,3,Both,1995,39.86900401734624
201,Burkina Faso,1,Male,2005,4.21931021845671
201,Burkina Faso,2,Female,2005,8.29112996203115
201,Burkina Faso,3,Both,2005,6.42665214143782
193,Botswana,1,Male,1997,9.55146454206365
193,Botswana,2,Female,1997,23.419143113843248
193,Botswana,3,Both,1997,16.95202352321929
152,Saudi Arabia,1,Male,2006,17.28157698902639
152,Saudi Arabia,2,Female,2006,34.81140692213236
152,Saudi Arabia,3,Both,2006,24.28531964330315
23,Kiribati,1,Male,1991,26.22988545299631
23,Kiribati,2,Female,1991,50.03729439180462
23,Kiribati,3,Both,1991,38.67967722348732
45,Bulgaria,1,Male,2005,12.44573495089812
45,Bulgaria,2,Female,2005,23.67216090979474
45,Bulgaria,3,Both,2005,18.34394798398455
218,Togo,1,Male,2005,3.18592852911626
218,Togo,2,Female,2005,6.279165163491821
218,Togo,3,Both,2005,4.832910879758
176,Comoros,1,Male,2000,2.28751575346044
176,Comoros,2,Female,2000,6.12850414684727
176,Comoros,3,Both,2000,4.2673937756241
135,Brazil,1,Male,2009,18.65461874454209
135,Brazil,2,Female,2009,29.64901786617708
135,Brazil,3,Both,2009,24.38033057081061
29,Tonga,1,Male,1991,17.84936270471082
29,Tonga,2,Female,1991,44.26855853416372
29,Tonga,3,Both,1991,31.55494163152995
74,Andorra,1,Male,1999,17.26635286407976
74,Andorra,2,Female,1999,26.054169793834586
74,Andorra,3,Both,1999,21.4527561638365
110,Dominica,1,Male,1990,5.71920542782485
110,Dominica,2,Female,1990,22.733207565349232
110,Dominica,3,Both,1990,14.702342345091878
152,Saudi Arabia,1,Male,1992,16.28165460743886
152,Saudi Arabia,2,Female,1992,31.52422510040801
152,Saudi Arabia,3,Both,1992,22.12678653073512
66,Brunei,1,Male,2002,15.55061952003893
66,Brunei,2,Female,2002,24.00364722428268
66,Brunei,3,Both,2002,19.67924426125091
94,Switzerland,1,Male,2004,14.868103762902072
94,Switzerland,2,Female,2004,26.58818025248212
94,Switzerland,3,Both,2004,20.94680777442499
102,United States,1,Male,1993,15.35815191283064
102,United States,2,Female,1993,25.710959528308702
102,United States,3,Both,1993,20.78260629701648
119,Trinidad and Tobago,1,Male,1998,14.58986029372686
119,Trinidad and Tobago,2,Female,1998,38.12894591595638
119,Trinidad and Tobago,3,Both,1998,26.41616707439014
98,Chile,1,Male,1996,7.79190833095199
98,Chile,2,Female,1996,19.81745339588896
98,Chile,3,Both,1996,14.03732994224079
164,Nepal,1,Male,2003,7.42381670358839
164,Nepal,2,Female,2003,10.93562260582749
164,Nepal,3,Both,2003,9.19834442816218
49,Macedonia,1,Male,2005,9.18419431773628
49,Macedonia,2,Female,2005,19.25131958726201
49,Macedonia,3,Both,2005,14.24893402325674
33,Armenia,1,Male,1991,5.39606366510234
33,Armenia,2,Female,1991,11.45607015523146
33,Armenia,3,Both,1991,8.60545302778861
156,United Arab Emirates,1,Male,2006,24.04691773077595
156,United Arab Emirates,2,Female,2006,30.79243450767028
156,United Arab Emirates,3,Both,2006,25.67539905822406
78,Denmark,1,Male,1999,14.19883279173954
78,Denmark,2,Female,1999,25.03797755053855
78,Denmark,3,Both,1999,19.76582990654897
114,Haiti,1,Male,1990,8.37720985210248
114,Haiti,2,Female,1990,20.44604140967736
114,Haiti,3,Both,1990,14.657487195024247
376,Northern Mariana Islands,1,Male,1991,20.94378167510256
376,Northern Mariana Islands,2,Female,1991,39.84068257120059
376,Northern Mariana Islands,3,Both,1991,29.610787520578057
218,Togo,1,Male,2008,3.10234677318533
218,Togo,2,Female,2008,6.264700731390651
218,Togo,3,Both,2008,4.79417613227565
156,United Arab Emirates,1,Male,1992,21.3143042322878
156,United Arab Emirates,2,Female,1992,27.480079772293543
156,United Arab Emirates,3,Both,1992,22.883015951162
102,United States,1,Male,2001,14.59072276457531
102,United States,2,Female,2001,25.8294033489502
102,United States,3,Both,2001,20.4337621672936
218,Togo,1,Male,1997,3.51172569315521
218,Togo,2,Female,1997,6.373653512258571
218,Togo,3,Both,1997,5.04115535556967
14,Maldives,1,Male,2009,21.933142475962185
14,Maldives,2,Female,2009,50.638311089677615
14,Maldives,3,Both,2009,35.615050824027776
180,Kenya,1,Male,2000,5.04684773442632
180,Kenya,2,Female,2000,19.13789528119034
180,Kenya,3,Both,2000,12.26543014904368
102,United States,1,Male,1996,15.25208497671928
102,United States,2,Female,1996,25.68429821322502
102,United States,3,Both,1996,20.70156333284884
139,Algeria,1,Male,2009,19.99986295666157
139,Algeria,2,Female,2009,37.63996787555668
139,Algeria,3,Both,2009,28.760286053565583
63,Ukraine,1,Male,2008,6.46837048300465
63,Ukraine,2,Female,2008,16.83388991896064
63,Ukraine,3,Both,2008,12.25801055738416
37,Kyrgyzstan,1,Male,1991,5.2800592078632
37,Kyrgyzstan,2,Female,1991,13.1342937437079
37,Kyrgyzstan,3,Both,1991,9.44903417492641
168,Angola,1,Male,2003,5.97256094456158
168,Angola,2,Female,2003,11.94476941499575
168,Angola,3,Both,2003,9.03673980031057
82,Greece,1,Male,1999,14.04257870543812
82,Greece,2,Female,1999,24.35186736178403
82,Greece,3,Both,1999,19.33735563390411
123,Peru,1,Male,1998,10.0805056066342
123,Peru,2,Female,1998,12.898403848189648
123,Peru,3,Both,1998,11.514871275975471
107,Barbados,1,Male,1993,25.12835022780619
107,Barbados,2,Female,1993,51.28004636889008
107,Barbados,3,Both,1993,39.139949432426754
160,Afghanistan,1,Male,1992,21.067933994817988
160,Afghanistan,2,Female,1992,33.02555751867795
160,Afghanistan,3,Both,1992,27.507454468595785
396,San Marino,1,Male,1991,19.22436904259497
396,San Marino,2,Female,1991,30.162922448365432
396,San Marino,3,Both,1991,24.84708878574798
305,Bermuda,1,Male,2005,15.453015785116133
305,Bermuda,2,Female,2005,34.00437647467405
305,Bermuda,3,Both,2005,25.20253089853728
184,Mozambique,1,Male,2000,3.24017421730991
184,Mozambique,2,Female,2000,7.43483770500612
184,Mozambique,3,Both,2000,5.5004947367068
74,Andorra,1,Male,2010,18.57621226032024
74,Andorra,2,Female,2010,27.48307185938969
74,Andorra,3,Both,2010,22.85854328030337
143,Iraq,1,Male,2009,34.73468032636366
143,Iraq,2,Female,2009,47.74966296495356
143,Iraq,3,Both,2009,40.949104620535245
41,Uzbekistan,1,Male,1991,2.2216279523327502
41,Uzbekistan,2,Female,1991,8.66990574663329
41,Uzbekistan,3,Both,1991,5.5728103677734
160,Afghanistan,1,Male,2006,14.27311827785904
160,Afghanistan,2,Female,2006,30.32150430990625
160,Afghanistan,3,Both,2006,22.52915705622784
148,Morocco,1,Male,1995,21.72537977627972
148,Morocco,2,Female,1995,37.32636027570193
148,Morocco,3,Both,1995,29.65903218702186
57,Belarus,1,Male,2008,8.00763989790306
57,Belarus,2,Female,2008,18.12671602703752
57,Belarus,3,Both,2008,13.61572229696775
305,Bermuda,1,Male,1994,12.911838156906748
305,Bermuda,2,Female,1994,30.08718988661188
305,Bermuda,3,Both,1994,21.91882207090253
150,Oman,1,Male,1995,15.59402350771859
150,Oman,2,Female,1995,32.27311955631994
150,Oman,3,Both,1995,21.17718590321431
14,Maldives,1,Male,1998,23.78763635586785
14,Maldives,2,Female,1998,50.44786028529242
14,Maldives,3,Both,1998,36.75436546409984
86,Italy,1,Male,1999,20.11372944659186
86,Italy,2,Female,1999,36.18589963728937
86,Italy,3,Both,1999,28.56643335125564
111,Dominican Republic,1,Male,1993,13.055702920854731
111,Dominican Republic,2,Female,1993,17.93111191019836
111,Dominican Republic,3,Both,1993,15.584588686579773
107,Barbados,1,Male,2001,25.42667238545432
107,Barbados,2,Female,2001,53.28102146361948
107,Barbados,3,Both,2001,40.30005569011068
78,Denmark,1,Male,2010,16.06267601994854
78,Denmark,2,Female,2010,26.49045664628512
78,Denmark,3,Both,2010,21.39948338316835
53,Serbia,1,Male,2005,10.10204234737993
53,Serbia,2,Female,2005,20.361214714073288
53,Serbia,3,Both,2005,15.44429097145188
164,Nepal,1,Male,1992,6.8951264260280505
164,Nepal,2,Female,1992,10.590098991426473
164,Nepal,3,Both,1992,8.75602145013298
172,Equatorial Guinea,1,Male,2003,8.353330494479149
172,Equatorial Guinea,2,Female,2003,15.50130591245575
172,Equatorial Guinea,3,Both,2003,12.37576229354346
107,Barbados,1,Male,2007,27.05917282854859
107,Barbados,2,Female,2007,55.448834516898216
107,Barbados,3,Both,2007,42.19497254336104
45,Bulgaria,1,Male,1991,13.61365937621066
45,Bulgaria,2,Female,1991,24.32771903416467
45,Bulgaria,3,Both,1991,19.15932727404514
164,Nepal,1,Male,2006,7.60533904626762
164,Nepal,2,Female,2006,11.33728139773064
164,Nepal,3,Both,2006,9.5146065110142
127,El Salvador,1,Male,1998,9.98398523735492
127,El Salvador,2,Female,1998,16.74522186492375
127,El Salvador,3,Both,1998,13.659177323718293
74,Andorra,1,Male,2002,18.17193363082181
74,Andorra,2,Female,2002,26.76916987382066
74,Andorra,3,Both,2002,22.305633712047
16,Philippines,1,Male,1995,4.3203340813192606
16,Philippines,2,Female,1995,8.984767619457509
16,Philippines,3,Both,1995,6.653610130789719
115,Jamaica,1,Male,1993,9.39896359590014
115,Jamaica,2,Female,1993,37.68709813864045
115,Jamaica,3,Both,1993,24.08419999948809
111,Dominican Republic,1,Male,2001,13.65232906113193
111,Dominican Republic,2,Female,2001,18.59725080178772
111,Dominican Republic,3,Both,2001,16.17169551339482
49,Macedonia,1,Male,1991,9.028866787470111
49,Macedonia,2,Female,1991,18.48614227778477
49,Macedonia,3,Both,1991,13.810998620227693
305,Bermuda,1,Male,1997,13.14965460421408
305,Bermuda,2,Female,1997,30.37181040445623
305,Bermuda,3,Both,1997,22.19019469600561
61,Moldova,1,Male,2008,8.02003275766357
61,Moldova,2,Female,2008,17.859942411671028
61,Moldova,3,Both,2008,13.315630217564712
189,Tanzania,1,Male,2000,1.77204854187579
189,Tanzania,2,Female,2000,3.9449162926827097
189,Tanzania,3,Both,2000,2.90337361110971
16,Philippines,1,Male,1994,4.35392013067495
16,Philippines,2,Female,1994,9.037580989344129
16,Philippines,3,Both,1994,6.698814141839709
98,Chile,1,Male,2004,8.13829287757256
98,Chile,2,Female,2004,22.21852137907878
98,Chile,3,Both,2004,15.438316601743471
152,Saudi Arabia,1,Male,1995,16.97249317075519
152,Saudi Arabia,2,Female,1995,32.85086629341219
152,Saudi Arabia,3,Both,1995,23.08801825433379
118,Suriname,1,Male,1990,23.45784337567096
118,Suriname,2,Female,1990,31.5594030439632
118,Suriname,3,Both,1990,27.54168657917933
57,Belarus,1,Male,2005,7.781112027682929
57,Belarus,2,Female,2005,17.7867527787958
57,Belarus,3,Both,2005,13.31869448301286
169,Central African Republic,1,Male,2001,6.68019513816736
169,Central African Republic,2,Female,2001,17.63331486663238
169,Central African Republic,3,Both,2001,12.25285384056737
349,Greenland,1,Male,1997,5.33315449565701
349,Greenland,2,Female,1997,12.77680642670814
349,Greenland,3,Both,1997,8.69729843811478
115,Jamaica,1,Male,2001,9.38704603396777
115,Jamaica,2,Female,2001,38.62355889227623
115,Jamaica,3,Both,2001,24.51242153923883
83,Iceland,1,Male,2002,17.82412563449626
83,Iceland,2,Female,2002,28.42973750267228
83,Iceland,3,Both,2002,23.18223612662306
305,Bermuda,1,Male,2008,16.7053266850408
305,Bermuda,2,Female,2008,35.92062999069079
305,Bermuda,3,Both,2008,26.80703411051796
168,Angola,1,Male,2006,5.98583734365427
168,Angola,2,Female,2006,11.99824040054468
168,Angola,3,Both,2006,9.0972655851934
522,Sudan,1,Male,2002,49.85466164471268
522,Sudan,2,Female,2002,64.65928633929444
522,Sudan,3,Both,2002,57.19468834017821
168,Angola,1,Male,1992,6.06081579037361
168,Angola,2,Female,1992,11.80696896654224
168,Angola,3,Both,1992,8.91247719789094
20,Vietnam,1,Male,1994,5.4524640592567
20,Vietnam,2,Female,1994,10.31793162198398
20,Vietnam,3,Both,1994,8.06045641217715
102,United States,1,Male,2004,14.228503173847578
102,United States,2,Female,2004,26.263740012862375
102,United States,3,Both,2004,20.47197281087544
200,Benin,1,Male,2009,2.0428838672121903
200,Benin,2,Female,2009,4.1935835559843895
200,Benin,3,Both,2009,3.1901190510049795
61,Moldova,1,Male,2005,7.73883103607039
61,Moldova,2,Female,2005,17.30886680643921
61,Moldova,3,Both,2005,12.90120321425167
84,Ireland,1,Male,1999,17.45062511013224
84,Ireland,2,Female,1999,31.44153745201336
84,Ireland,3,Both,1999,24.62324437393007
119,Trinidad and Tobago,1,Male,1993,14.01756168850764
119,Trinidad and Tobago,2,Female,1993,37.89467621919578
119,Trinidad and Tobago,3,Both,1993,26.060445830943763
53,Serbia,1,Male,1991,9.81215129535194
53,Serbia,2,Female,1991,19.39304559242861
53,Serbia,3,Both,1991,14.70573741771346
376,Northern Mariana Islands,1,Male,2005,21.43402179505885
376,Northern Mariana Islands,2,Female,2005,40.96564118549423
376,Northern Mariana Islands,3,Both,2005,31.03788108941708
172,Equatorial Guinea,1,Male,2006,8.49732011968389
172,Equatorial Guinea,2,Female,2006,16.863379251295747
172,Equatorial Guinea,3,Both,2006,13.14590993314384
82,Greece,1,Male,2010,14.89646947825658
82,Greece,2,Female,2010,25.593234414122616
82,Greece,3,Both,2010,20.40040579099159
376,Northern Mariana Islands,1,Male,1994,20.66667237192638
376,Northern Mariana Islands,2,Female,1994,40.18279713939015
376,Northern Mariana Islands,3,Both,1994,30.09541835384378
172,Equatorial Guinea,1,Male,1992,8.5739697782475
172,Equatorial Guinea,2,Female,1992,13.863550813410038
172,Equatorial Guinea,3,Both,1992,11.53789592663784
122,Ecuador,1,Male,1990,14.028249887177047
122,Ecuador,2,Female,1990,12.707297758619651
122,Ecuador,3,Both,1990,13.35631560282736
116,Saint Lucia,1,Male,1996,9.17319870954214
116,Saint Lucia,2,Female,1996,23.69380786256886
116,Saint Lucia,3,Both,1996,16.74384330955038
86,Italy,1,Male,1990,18.700988321819988
86,Italy,2,Female,1990,34.532565508799166
86,Italy,3,Both,1990,27.041075151825776
91,Portugal,1,Male,1999,21.89062600287316
91,Portugal,2,Female,1999,32.00189094130456
91,Portugal,3,Both,1999,27.235348647390268
131,Nicaragua,1,Male,1998,6.34368902455327
131,Nicaragua,2,Female,1998,13.6714180691027
131,Nicaragua,3,Both,1998,10.19275273266278
156,United Arab Emirates,1,Male,1995,21.5754040041856
156,United Arab Emirates,2,Female,1995,27.512938307997448
156,United Arab Emirates,3,Both,1995,23.03112731458623
376,Northern Mariana Islands,1,Male,1997,20.23333903625642
376,Northern Mariana Islands,2,Female,1997,40.82069766254203
376,Northern Mariana Islands,3,Both,1997,29.68826030731969
107,Barbados,1,Male,1996,25.00349490967095
107,Barbados,2,Female,1996,52.03971783278788
107,Barbados,3,Both,1996,39.47377239323716
190,Uganda,1,Male,2000,3.1562249385014
190,Uganda,2,Female,2000,7.84087523063263
190,Uganda,3,Both,2000,5.6077612346822
396,San Marino,1,Male,2005,22.84223142627393
396,San Marino,2,Female,2005,32.48899973707688
396,San Marino,3,Both,2005,27.90441281480094
176,Comoros,1,Male,2006,2.16128067430136
176,Comoros,2,Female,2006,6.904122498484711
176,Comoros,3,Both,2006,4.59073566730458
396,San Marino,1,Male,1994,19.768781565222728
396,San Marino,2,Female,1994,30.47360886284845
396,San Marino,3,Both,1994,25.29397510876116
176,Comoros,1,Male,1992,2.53048551078129
176,Comoros,2,Female,1992,6.52108622363306
176,Comoros,3,Both,1992,4.59856824585853
119,Trinidad and Tobago,1,Male,2001,15.23556952883974
119,Trinidad and Tobago,2,Female,2001,38.78527528780309
119,Trinidad and Tobago,3,Both,2001,27.03993764608293
396,San Marino,1,Male,1997,20.497893734636342
396,San Marino,2,Female,1997,30.88509248264546
396,San Marino,3,Both,1997,25.887376559095337
176,Comoros,1,Male,2003,2.20808856113768
176,Comoros,2,Female,2003,6.349387779238199
176,Comoros,3,Both,2003,4.33543988237368
135,Brazil,1,Male,1998,16.290955811342382
135,Brazil,2,Female,1998,25.62061943639446
135,Brazil,3,Both,1998,21.13304887228211
111,Dominican Republic,1,Male,2007,14.96900644806822
111,Dominican Republic,2,Female,2007,20.15199114482233
111,Dominican Republic,3,Both,2007,17.5733981470118
148,Morocco,1,Male,2009,23.59335359816728
148,Morocco,2,Female,2009,40.62987784967113
148,Morocco,3,Both,2009,32.30524421226278
194,Lesotho,1,Male,2000,2.50849047111969
194,Lesotho,2,Female,2000,6.80567370763726
194,Lesotho,3,Both,2000,4.98948648499763
78,Denmark,1,Male,2002,14.52698315302298
78,Denmark,2,Female,2002,25.18846063129962
78,Denmark,3,Both,2002,19.9954104714511
66,Brunei,1,Male,2008,16.21592433019655
66,Brunei,2,Female,2008,24.83744132354989
66,Brunei,3,Both,2008,20.41625384275254
90,Norway,1,Male,1999,21.24908788343181
90,Norway,2,Female,1999,29.96278792626394
90,Norway,3,Both,1999,25.72605571379736
374,Niue,1,Male,1999,21.232873598803533
374,Niue,2,Female,1999,40.31653812777498
374,Niue,3,Both,1999,30.907575048986143
25,Federated States of Micronesia,1,Male,1994,42.09749821368437
25,Federated States of Micronesia,2,Female,1994,63.54945537069786
25,Federated States of Micronesia,3,Both,1994,52.76510461115736
136,Paraguay,1,Male,2010,10.60464338488506
136,Paraguay,2,Female,2010,14.84377742682966
136,Paraguay,3,Both,2010,12.72311620095691
173,Gabon,1,Male,1995,3.2996261212466704
173,Gabon,2,Female,1995,12.52481534760122
173,Gabon,3,Both,1995,7.93596073778058
107,Barbados,1,Male,2004,26.317057699947338
107,Barbados,2,Female,2004,54.574216820402
107,Barbados,3,Both,2004,41.38572929800402
215,Sao Tome and Principe,1,Male,2000,2.91415650116725
215,Sao Tome and Principe,2,Female,2000,10.86297750545557
215,Sao Tome and Principe,3,Both,2000,7.09325274059707
17,Sri Lanka,1,Male,1992,3.66401334567971
17,Sri Lanka,2,Female,1992,8.97127183501407
17,Sri Lanka,3,Both,1992,6.33057821177647
20,Vietnam,1,Male,1992,5.63324073256412
20,Vietnam,2,Female,1992,10.55611474573766
20,Vietnam,3,Both,1992,8.28490314265826
15,Myanmar,1,Male,2002,2.46706811248593
15,Myanmar,2,Female,2002,4.94922584375425
15,Myanmar,3,Both,2002,3.77730298344186
15,Myanmar,1,Male,2004,2.43218777605466
15,Myanmar,2,Female,2004,4.9473348736957306
15,Myanmar,3,Both,2004,3.7631109077344895
19,Timor-Leste,1,Male,1999,2.8205392580676203
19,Timor-Leste,2,Female,1999,8.18983177568632
19,Timor-Leste,3,Both,1999,5.47758438524788
94,Switzerland,1,Male,1999,14.74789903845558
94,Switzerland,2,Female,1999,26.25484494950066
94,Switzerland,3,Both,1999,20.72323569257207
118,Suriname,1,Male,1998,23.22371463161014
118,Suriname,2,Female,1998,31.51363207620538
118,Suriname,3,Both,1998,27.3796612255453
110,Dominica,1,Male,2009,5.14023699591928
110,Dominica,2,Female,2009,25.48946710449077
110,Dominica,3,Both,2009,15.424675815531211
198,Zimbabwe,1,Male,2000,6.562778987329029
198,Zimbabwe,2,Female,2000,10.93323343211707
198,Zimbabwe,3,Both,2000,8.873616426652529
79,Finland,1,Male,2005,17.362495855401182
79,Finland,2,Female,2005,30.94946375840033
79,Finland,3,Both,2005,24.4262618372098
211,Mali,1,Male,2003,13.0845412872078
211,Mali,2,Female,2003,15.3186754633734
211,Mali,3,Both,2003,14.220179982685169
149,Palestine,1,Male,1998,12.71391391435698
149,Palestine,2,Female,1998,44.32936163901426
149,Palestine,3,Both,1998,28.565266606024792
117,Saint Vincent and the Grenadines,1,Male,2004,9.60911669876848
117,Saint Vincent and the Grenadines,2,Female,2004,24.67618450788783
117,Saint Vincent and the Grenadines,3,Both,2004,17.06327712779218
87,Luxembourg,1,Male,2002,15.46461709186066
87,Luxembourg,2,Female,2002,26.39777464318052
87,Luxembourg,3,Both,2002,21.0965191110756
117,Saint Vincent and the Grenadines,1,Male,2007,10.1917297937892
117,Saint Vincent and the Grenadines,2,Female,2007,25.47353679618025
117,Saint Vincent and the Grenadines,3,Both,2007,17.73056215074679
128,Guatemala,1,Male,2007,3.5560402248651
128,Guatemala,2,Female,2007,7.6216834551409
128,Guatemala,3,Both,2007,5.702444262161141
376,Northern Mariana Islands,1,Male,2012,22.99199553154109
376,Northern Mariana Islands,2,Female,2012,41.40858482971453
376,Northern Mariana Islands,3,Both,2012,31.928137048142503
20,Vietnam,1,Male,2012,6.33161261471923
20,Vietnam,2,Female,2012,12.56770413927226
20,Vietnam,3,Both,2012,9.56285326076499
215,Sao Tome and Principe,1,Male,2006,2.51178644447171
215,Sao Tome and Principe,2,Female,2006,10.61391970935826
215,Sao Tome and Principe,3,Both,2006,6.71857064729211
12,Laos,1,Male,1998,4.13330325041398
12,Laos,2,Female,1998,7.5901721047240605
12,Laos,3,Both,1998,5.91142729758967
121,Bolivia,1,Male,2004,10.74841258376032
121,Bolivia,2,Female,2004,13.5767410098617
121,Bolivia,3,Both,2004,12.195951151616953
111,Dominican Republic,1,Male,2004,14.23236075568921
111,Dominican Republic,2,Female,2004,19.27088332162312
111,Dominican Republic,3,Both,2004,16.778500588255778
76,Belgium,1,Male,1996,18.68608574890839
76,Belgium,2,Female,1996,31.76334437721295
76,Belgium,3,Both,1996,25.482144582449777
133,Venezuela,1,Male,2001,8.62463834394551
133,Venezuela,2,Female,2001,16.643276484263332
133,Venezuela,3,Both,2001,12.76574243324528
86,Italy,1,Male,2010,21.53231588119765
86,Italy,2,Female,2010,36.55459688767031
86,Italy,3,Both,2010,29.39782275418581
180,Kenya,1,Male,1992,5.389003138546
180,Kenya,2,Female,1992,18.7496416948857
180,Kenya,3,Both,1992,12.1773298813215
126,Costa Rica,1,Male,1990,9.12410131263709
126,Costa Rica,2,Female,1990,16.776104152307518
126,Costa Rica,3,Both,1990,13.01190699315642
88,Malta,1,Male,2002,22.7598796519383
88,Malta,2,Female,2002,36.06977883817806
88,Malta,3,Both,2002,29.59323863531996
76,Belgium,1,Male,2005,19.12348435733488
76,Belgium,2,Female,2005,31.8710039157159
76,Belgium,3,Both,2005,25.738538047429632
208,Guinea,1,Male,1997,3.6127324170146897
208,Guinea,2,Female,1997,10.44928139275088
208,Guinea,3,Both,1997,7.21472025315996
112,Grenada,1,Male,1993,9.9338775376794
112,Grenada,2,Female,1993,25.950716393091
112,Grenada,3,Both,1993,18.29947893383202
149,Palestine,1,Male,2004,12.55129911954975
149,Palestine,2,Female,2004,44.41205532153756
149,Palestine,3,Both,2004,28.41152600597518
88,Malta,1,Male,1999,22.00050299946015
88,Malta,2,Female,1999,34.806704954568765
88,Malta,3,Both,1999,28.60324833320173
152,Saudi Arabia,1,Male,2009,17.80397429757241
152,Saudi Arabia,2,Female,2009,35.96121151842951
152,Saudi Arabia,3,Both,2009,25.01827445172356
111,Dominican Republic,1,Male,1996,13.134081817946718
111,Dominican Republic,2,Female,1996,18.03208157111584
111,Dominican Republic,3,Both,1996,15.66656609716595
92,Spain,1,Male,1993,16.979260887554982
92,Spain,2,Female,1993,26.74501937595904
92,Spain,3,Both,1993,22.0870627030461
68,South Korea,1,Male,2008,18.57687207707148
68,South Korea,2,Female,2008,28.11242241287432
68,South Korea,3,Both,2008,23.47436532340038
18,Thailand,1,Male,1997,7.600410091239131
18,Thailand,2,Female,1997,13.63968886326678
18,Thailand,3,Both,1997,10.731811789070091
141,Egypt,1,Male,1998,12.56921922766921
141,Egypt,2,Female,1998,35.1949137868392
141,Egypt,3,Both,1998,23.66734635563481
18,Thailand,1,Male,1994,7.36002476307535
18,Thailand,2,Female,1994,13.31765499210946
18,Thailand,3,Both,1994,10.44091178590665
180,Kenya,1,Male,2003,4.97732800401281
180,Kenya,2,Female,2003,19.22523320196028
180,Kenya,3,Both,2003,12.27132089842244
82,Greece,1,Male,2002,14.06427332397007
82,Greece,2,Female,2002,24.38539067466184
82,Greece,3,Both,2002,19.35964234871512
180,Kenya,1,Male,2006,5.02745400907097
180,Kenya,2,Female,2006,19.3701524823872
180,Kenya,3,Both,2006,12.35729839138105
115,Jamaica,1,Male,2007,9.83762465089319
115,Jamaica,2,Female,2007,39.68521915503493
115,Jamaica,3,Both,2007,25.20371888984169
154,Tunisia,1,Male,1992,9.194862058051829
154,Tunisia,2,Female,1992,13.91586677949968
154,Tunisia,3,Both,1992,11.5481050127836
125,Colombia,1,Male,2010,18.31804533429578
125,Colombia,2,Female,2010,31.65371964116713
125,Colombia,3,Both,2010,25.32081444582331
171,Democratic Republic of the Congo,1,Male,2008,9.886278492515729
171,Democratic Republic of the Congo,2,Female,2008,17.94817844319394
171,Democratic Republic of the Congo,3,Both,2008,13.976928712236388
27,Samoa,1,Male,1991,20.1271938863587
27,Samoa,2,Female,1991,59.60928141124516
27,Samoa,3,Both,1991,39.35200818190141
80,France,1,Male,1996,19.916577741744128
80,France,2,Female,1996,30.118198583908253
80,France,3,Both,1996,25.27035394234755
130,Mexico,1,Male,1995,9.60647524960857
130,Mexico,2,Female,1995,17.76948354945377
130,Mexico,3,Both,1995,13.837118403024409
106,The Bahamas,1,Male,2006,11.22346787320685
106,The Bahamas,2,Female,2006,27.55534062615568
106,The Bahamas,3,Both,2006,19.81891541777161
109,Cuba,1,Male,1990,12.51662425517186
109,Cuba,2,Female,1990,27.48996020251863
109,Cuba,3,Both,1990,20.06081145370016
205,Cote d'Ivoire,1,Male,2005,6.58855262746825
205,Cote d'Ivoire,2,Female,2005,11.03862320724389
205,Cote d'Ivoire,3,Both,2005,8.71139386656468
139,Algeria,1,Male,1998,18.892440439268228
139,Algeria,2,Female,1998,35.77081111346247
139,Algeria,3,Both,1998,27.315546225661368
213,Niger,1,Male,1994,8.578161518692449
213,Niger,2,Female,1994,16.503112591510728
213,Niger,3,Both,1994,12.5308755241498
123,Peru,1,Male,1993,9.77446075563423
123,Peru,2,Female,1993,12.567096272297851
123,Peru,3,Both,1993,11.19838946760315
298,American Samoa,1,Male,2002,45.78689773474284
298,American Samoa,2,Female,2002,60.94794466961798
298,American Samoa,3,Both,2002,53.32131915332332
160,Afghanistan,1,Male,1995,18.69931922555087
160,Afghanistan,2,Female,1995,31.69031190742167
160,Afghanistan,3,Both,1995,25.646479521118447
66,Brunei,1,Male,2005,15.88830356577259
66,Brunei,2,Female,2005,24.42638482726029
66,Brunei,3,Both,2005,20.071000468762527
376,Northern Mariana Islands,1,Male,2008,21.98705780564336
376,Northern Mariana Islands,2,Female,2008,40.9261423414293
376,Northern Mariana Islands,3,Both,2008,31.24932709428712
184,Mozambique,1,Male,2006,3.14668847517713
184,Mozambique,2,Female,2006,7.51760116311546
184,Mozambique,3,Both,2006,5.48666233423695
105,Antigua and Barbuda,1,Male,2001,9.76158439480164
105,Antigua and Barbuda,2,Female,2001,23.789730428762983
105,Antigua and Barbuda,3,Both,2001,17.41930651864514
171,Democratic Republic of the Congo,1,Male,2000,11.33166153392913
171,Democratic Republic of the Congo,2,Female,2000,19.20702384048323
171,Democratic Republic of the Congo,3,Both,2000,15.392578908813432
19,Timor-Leste,1,Male,2002,2.88751241297598
19,Timor-Leste,2,Female,2002,8.35716688641395
19,Timor-Leste,3,Both,2002,5.59626808013386
110,Dominica,1,Male,2006,4.93592560109647
110,Dominica,2,Female,2006,24.95310630797118
110,Dominica,3,Both,2006,15.12251934482187
114,Haiti,1,Male,2009,8.03451469538426
114,Haiti,2,Female,2009,20.73354241607172
114,Haiti,3,Both,2009,14.71917806468959
209,Guinea-Bissau,1,Male,2005,6.917951428322749
209,Guinea-Bissau,2,Female,2005,13.5919617751401
209,Guinea-Bissau,3,Both,2005,10.46227817119877
19,Timor-Leste,1,Male,2004,2.9123184901345
19,Timor-Leste,2,Female,2004,8.46504490225409
19,Timor-Leste,3,Both,2004,5.65960483787112
130,Mexico,1,Male,1990,10.28743404521703
130,Mexico,2,Female,1990,18.52687755354829
130,Mexico,3,Both,1990,14.547806622579278
202,Cameroon,1,Male,2000,7.9046971589071395
202,Cameroon,2,Female,2000,14.64565940435292
202,Cameroon,3,Both,2000,11.38900529500272
115,Jamaica,1,Male,2004,9.595697835594938
115,Jamaica,2,Female,2004,39.17093050331217
115,Jamaica,3,Both,2004,24.85699568375054
98,Chile,1,Male,1999,7.90935573953548
98,Chile,2,Female,1999,20.81913925136364
98,Chile,3,Both,1999,14.598255790966569
184,Mozambique,1,Male,1992,3.5304171370041098
184,Mozambique,2,Female,1992,7.56227739864814
184,Mozambique,3,Both,1992,5.708253228879729
29,Tonga,1,Male,1994,18.14244334250726
29,Tonga,2,Female,1994,45.55602792052098
29,Tonga,3,Both,1994,32.26644400237562
143,Iraq,1,Male,1998,33.517378590383466
143,Iraq,2,Female,1998,45.57050413639721
143,Iraq,3,Both,1998,39.30634537331776
164,Nepal,1,Male,1995,7.053484789281531
164,Nepal,2,Female,1995,10.5945713617857
164,Nepal,3,Both,1995,8.83564480715037
217,Sierra Leone,1,Male,1994,8.07989355127344
217,Sierra Leone,2,Female,1994,14.00878753585412
217,Sierra Leone,3,Both,1994,11.18316467277745
163,India,1,Male,1992,11.854239055367213
163,India,2,Female,1992,15.25521535678397
163,India,3,Both,1992,13.486420461688589
57,Belarus,1,Male,1991,6.79663997117303
57,Belarus,2,Female,1991,16.32494832105674
57,Belarus,3,Both,1991,12.05432845306303
374,Niue,1,Male,1991,20.61012458014995
374,Niue,2,Female,1991,39.54892731928831
374,Niue,3,Both,1991,30.48593326143123
184,Mozambique,1,Male,2003,3.18135923828068
184,Mozambique,2,Female,2003,7.46861740624795
184,Mozambique,3,Both,2003,5.48317291301153
119,Trinidad and Tobago,1,Male,2007,17.00477017846741
119,Trinidad and Tobago,2,Female,2007,41.26556861283796
119,Trinidad and Tobago,3,Both,2007,29.142837988353133
189,Tanzania,1,Male,2006,1.60253190641554
189,Tanzania,2,Female,2006,3.7387479392616494
189,Tanzania,3,Both,2006,2.71390748191545
114,Haiti,1,Male,2006,8.050851253421671
114,Haiti,2,Female,2006,20.6722752071691
114,Haiti,3,Both,2006,14.68060590401054
74,Andorra,1,Male,2008,18.08977399373688
74,Andorra,2,Female,2008,26.92924032203684
74,Andorra,3,Both,2008,22.3080520544576
90,Norway,1,Male,2010,22.78324392269602
90,Norway,2,Female,2010,30.99822166115404
90,Norway,3,Both,2010,26.946507156673523
86,Italy,1,Male,2002,20.47085764793721
86,Italy,2,Female,2002,36.60936533242442
86,Italy,3,Both,2002,28.947223591733977
102,United States,1,Male,1999,14.88666069832984
102,United States,2,Female,1999,25.661878380647813
102,United States,3,Both,1999,20.49888267475302
80,France,1,Male,2005,20.753500411814592
80,France,2,Female,2005,31.19598592579836
80,France,3,Both,2005,26.243571076948253
200,Benin,1,Male,2006,2.06146246796805
200,Benin,2,Female,2006,4.19745830919161
200,Benin,3,Both,2006,3.2058952789586503
87,Luxembourg,1,Male,1990,15.08895604073001
87,Luxembourg,2,Female,1990,26.91631085439916
87,Luxembourg,3,Both,1990,21.22733399217783
145,Kuwait,1,Male,1998,36.25433173379676
145,Kuwait,2,Female,1998,57.22774307726512
145,Kuwait,3,Both,1998,43.67951194379328
367,Monaco,1,Male,1997,23.998620543335186
367,Monaco,2,Female,1997,36.74590941270875
367,Monaco,3,Both,1997,30.698100901499508
416,Tuvalu,1,Male,1991,14.45198897606446
416,Tuvalu,2,Female,1991,32.03183405577775
416,Tuvalu,3,Both,1991,24.21607735989678
122,Ecuador,1,Male,1998,14.53726381611875
122,Ecuador,2,Female,1998,13.025285200835407
122,Ecuador,3,Both,1998,13.76538972746251
33,Armenia,1,Male,1994,5.5443776102283
33,Armenia,2,Female,1994,11.47072885933713
33,Armenia,3,Both,1994,8.703441218265159
156,United Arab Emirates,1,Male,2009,24.41004785562793
156,United Arab Emirates,2,Female,2009,31.07761436415882
156,United Arab Emirates,3,Both,2009,25.95202855480711
61,Moldova,1,Male,1991,7.027192500113539
61,Moldova,2,Female,1991,15.890173300041347
61,Moldova,3,Both,1991,11.84788123500493
127,El Salvador,1,Male,1993,9.55071299949989
127,El Salvador,2,Female,1993,15.98312291160828
127,El Salvador,3,Both,1993,12.99201439603086
10,Cambodia,1,Male,2007,1.7380435858994898
10,Cambodia,2,Female,2007,4.237751617313689
10,Cambodia,3,Both,2007,3.09408158707268
7,North Korea,1,Male,1997,12.32628650563535
7,North Korea,2,Female,1997,21.94903972266506
7,North Korea,3,Both,1997,17.522920290953838
351,Guam,1,Male,1994,8.195682205437391
351,Guam,2,Female,1994,22.859930083757146
351,Guam,3,Both,1994,15.04429632346753
123,Peru,1,Male,2001,10.27528408761758
123,Peru,2,Female,2001,13.180903278871687
123,Peru,3,Both,2001,11.75266505393617
168,Angola,1,Male,1995,6.01621724039243
168,Angola,2,Female,1995,11.79316144663482
168,Angola,3,Both,1995,8.90802379146154
206,The Gambia,1,Male,2000,4.80069533014341
206,The Gambia,2,Female,2000,12.20718388679746
206,The Gambia,3,Both,2000,8.53634750623211
189,Tanzania,1,Male,2003,1.68431070930951
189,Tanzania,2,Female,2003,3.8425983654571296
189,Tanzania,3,Both,2003,2.80680605109398
175,Burundi,1,Male,2000,3.47937664647031
175,Burundi,2,Female,2000,8.20071628606817
175,Burundi,3,Both,2000,5.91515269381686
115,Jamaica,1,Male,1996,9.35675832703188
115,Jamaica,2,Female,1996,37.98175208701655
115,Jamaica,3,Both,1996,24.19706947189079
78,Denmark,1,Male,2008,15.62135567369973
78,Denmark,2,Female,2008,26.043022691599948
78,Denmark,3,Both,2008,20.957972950166027
189,Tanzania,1,Male,1992,1.84314232553109
189,Tanzania,2,Female,1992,3.97695376781402
189,Tanzania,3,Both,1992,2.96440328506841
148,Morocco,1,Male,1998,22.077871848857068
148,Morocco,2,Female,1998,37.71445287713104
148,Morocco,3,Both,1998,30.06777196106859
119,Trinidad and Tobago,1,Male,2004,16.06223599042073
119,Trinidad and Tobago,2,Female,2004,39.92323175995802
119,Trinidad and Tobago,3,Both,2004,28.00787597802321
113,Guyana,1,Male,1990,9.529361835913887
113,Guyana,2,Female,1990,23.92949807463944
113,Guyana,3,Both,1990,16.850090917866538
89,Netherlands,1,Male,1996,10.667897922769122
89,Netherlands,2,Female,1996,19.05449171058973
89,Netherlands,3,Both,1996,14.969249771330832
298,American Samoa,1,Male,2010,47.07115268414842
298,American Samoa,2,Female,2010,60.816023517763504
298,American Samoa,3,Both,2010,53.957528953751854
83,Iceland,1,Male,2008,18.70763734992017
83,Iceland,2,Female,2008,29.787333102098017
83,Iceland,3,Both,2008,24.17915404471892
106,The Bahamas,1,Male,2001,10.10607532018901
106,The Bahamas,2,Female,2001,25.70481138036439
106,The Bahamas,3,Both,2001,18.30781661719136
24,Marshall Islands,1,Male,1999,47.81137091978781
24,Marshall Islands,2,Female,1999,63.34424354703568
24,Marshall Islands,3,Both,1999,55.362086553255686
131,Nicaragua,1,Male,1993,6.24478848782838
131,Nicaragua,2,Female,1993,13.34089179330547
131,Nicaragua,3,Both,1993,9.96881566200106
393,Saint Kitts and Nevis,1,Male,1991,11.192554769691233
393,Saint Kitts and Nevis,2,Female,1991,26.44599762475588
393,Saint Kitts and Nevis,3,Both,1991,19.17292021308315
94,Switzerland,1,Male,2010,15.269984148115128
94,Switzerland,2,Female,2010,27.48721716303526
94,Switzerland,3,Both,2010,21.54340012786048
210,Liberia,1,Male,2000,10.57430156065559
210,Liberia,2,Female,2000,31.295526456812787
210,Liberia,3,Both,2000,21.05372973771209
175,Burundi,1,Male,2008,3.2802776232089603
175,Burundi,2,Female,2008,7.96248852838711
175,Burundi,3,Both,2008,5.59541245715672
171,Democratic Republic of the Congo,1,Male,1992,12.97019912024294
171,Democratic Republic of the Congo,2,Female,1992,19.79411458837498
171,Democratic Republic of the Congo,3,Both,1992,16.54017480056619
190,Uganda,1,Male,2006,3.0877611550627098
190,Uganda,2,Female,2006,7.88967995324146
190,Uganda,3,Both,2006,5.61739960670305
123,Peru,1,Male,2007,10.8129156223079
123,Peru,2,Female,2007,14.01187523271698
123,Peru,3,Both,2007,12.43778203981249
119,Trinidad and Tobago,1,Male,1996,14.27889752654351
119,Trinidad and Tobago,2,Female,1996,37.93643886989463
119,Trinidad and Tobago,3,Both,1996,26.18650139550202
107,Barbados,1,Male,1999,25.05807372943946
107,Barbados,2,Female,1999,52.776332415574046
107,Barbados,3,Both,1999,39.88285507970633
24,Marshall Islands,1,Male,2002,47.62127353269643
24,Marshall Islands,2,Female,2002,63.37780278112111
24,Marshall Islands,3,Both,2002,55.28266463220838
522,Sudan,1,Male,1991,47.67324940190625
522,Sudan,2,Female,1991,62.68849636137914
522,Sudan,3,Both,1991,55.25452905337139
172,Equatorial Guinea,1,Male,1995,8.27252015167863
172,Equatorial Guinea,2,Female,1995,13.772661911546722
172,Equatorial Guinea,3,Both,1995,11.38009367786459
153,Syria,1,Male,1998,17.09481396631158
153,Syria,2,Female,1998,32.94061147215956
153,Syria,3,Both,1998,24.82042378955865
179,Ethiopia,1,Male,2000,4.0191677470186
179,Ethiopia,2,Female,2000,9.46976509457249
179,Ethiopia,3,Both,2000,6.7337069664736005
140,Bahrain,1,Male,2010,18.02583915785055
140,Bahrain,2,Female,2010,37.63454253861366
140,Bahrain,3,Both,2010,24.45743600762845
190,Uganda,1,Male,2003,3.11725347746284
190,Uganda,2,Female,2003,7.863279890725041
190,Uganda,3,Both,2003,5.60890847717027
203,Cape Verde,1,Male,2009,4.288114826444319
203,Cape Verde,2,Female,2009,17.003637655770838
203,Cape Verde,3,Both,2009,10.90644608746686
98,Chile,1,Male,2010,8.22880413061709
98,Chile,2,Female,2010,22.91927651833976
98,Chile,3,Both,2010,15.86394113396137
422,"Virgin Islands, U.S.",1,Male,1991,8.191650625395939
422,"Virgin Islands, U.S.",2,Female,1991,20.9989726416282
422,"Virgin Islands, U.S.",3,Both,1991,14.97858694789061
106,The Bahamas,1,Male,1993,9.63716449141677
106,The Bahamas,2,Female,1993,24.77532512890241
106,The Bahamas,3,Both,1993,17.56100579263373
175,Burundi,1,Male,1992,3.4527990247473097
175,Burundi,2,Female,1992,8.124586188792101
175,Burundi,3,Both,1992,5.90955318930173
28,Solomon Islands,1,Male,1999,17.22043804261552
28,Solomon Islands,2,Female,1999,32.4801124556807
28,Solomon Islands,3,Both,1999,24.59316267508944
197,Swaziland,1,Male,1997,8.76269246097182
197,Swaziland,2,Female,1997,17.01442752739802
197,Swaziland,3,Both,1997,13.34173371252069
28,Solomon Islands,1,Male,2002,16.85087618544192
28,Solomon Islands,2,Female,2002,32.37414569018637
28,Solomon Islands,3,Both,2002,24.38199671404826
215,Sao Tome and Principe,1,Male,2003,2.72022875908013
215,Sao Tome and Principe,2,Female,2003,10.72776096593672
215,Sao Tome and Principe,3,Both,2003,6.91135890665019
83,Iceland,1,Male,2005,18.38813736168639
83,Iceland,2,Female,2005,29.11296530308724
83,Iceland,3,Both,2005,23.77558132569727
142,Iran,1,Male,2003,13.852643929292622
142,Iran,2,Female,2003,33.56352029060376
142,Iran,3,Both,2003,23.502077574106988
196,South Africa,1,Male,2003,17.77690104075485
196,South Africa,2,Female,2003,29.71993489745051
196,South Africa,3,Both,2003,24.21389765095531
121,Bolivia,1,Male,2007,10.95965673045695
121,Bolivia,2,Female,2007,14.07981449700662
121,Bolivia,3,Both,2007,12.552529898084469
117,Saint Vincent and the Grenadines,1,Male,1990,8.9556790966116
117,Saint Vincent and the Grenadines,2,Female,1990,23.2664085798686
117,Saint Vincent and the Grenadines,3,Both,1990,16.29063580386246
183,Mauritius,1,Male,2000,9.03470069108709
183,Mauritius,2,Female,2000,16.78153438743264
183,Mauritius,3,Both,2000,12.987340248897238
66,Brunei,1,Male,1991,14.76035321607368
66,Brunei,2,Female,1991,23.4311050413319
66,Brunei,3,Both,1991,18.72376959965724
374,Niue,1,Male,2002,21.972390414157008
374,Niue,2,Female,2002,40.93938817805496
374,Niue,3,Both,2002,31.53530943830763
110,Dominica,1,Male,1993,5.40746691094316
110,Dominica,2,Female,1993,22.774016669158183
110,Dominica,3,Both,1993,14.52954014981778
74,Andorra,1,Male,2005,17.66614735407252
74,Andorra,2,Female,2005,26.49569699144372
74,Andorra,3,Both,2005,21.87750577068587
194,Lesotho,1,Male,2006,2.25171137095231
194,Lesotho,2,Female,2006,6.44390571475832
194,Lesotho,3,Both,2006,4.617097505292421
111,Dominican Republic,1,Male,1999,13.35367925231624
111,Dominican Republic,2,Female,1999,18.28640324714984
111,Dominican Republic,3,Both,1999,15.882554692264009
127,El Salvador,1,Male,2007,10.83631832628809
127,El Salvador,2,Female,2007,18.45448407204742
127,El Salvador,3,Both,2007,15.07779096887034
393,Saint Kitts and Nevis,1,Male,1999,10.24444583946248
393,Saint Kitts and Nevis,2,Female,1999,25.829903455591268
393,Saint Kitts and Nevis,3,Both,1999,18.16695761557605
152,Saudi Arabia,1,Male,1998,17.430780680020668
152,Saudi Arabia,2,Female,1998,33.99418760302712
152,Saudi Arabia,3,Both,1998,23.89665540299731
126,Costa Rica,1,Male,1998,9.461340213507311
126,Costa Rica,2,Female,1998,17.54341312275696
126,Costa Rica,3,Both,1998,13.5780064175835
37,Kyrgyzstan,1,Male,1994,5.2509760478434
37,Kyrgyzstan,2,Female,1994,13.07926834743872
37,Kyrgyzstan,3,Both,1994,9.386872827985153
123,Peru,1,Male,2004,10.52999994236382
123,Peru,2,Female,2004,13.551459371629427
123,Peru,3,Both,2004,12.064324623247009
194,Lesotho,1,Male,2003,2.39534191840024
194,Lesotho,2,Female,2003,6.673458639065711
194,Lesotho,3,Both,2003,4.84113173183129
160,Afghanistan,1,Male,2009,14.28623392595999
160,Afghanistan,2,Female,2009,31.14326153905178
160,Afghanistan,3,Both,2009,22.94346998091575
176,Comoros,1,Male,1995,2.45133447862334
176,Comoros,2,Female,1995,6.3011627975988
176,Comoros,3,Both,1995,4.44380439153838
102,United States,1,Male,2010,15.35504942659924
102,United States,2,Female,2010,28.6289105851004
102,United States,3,Both,2010,22.22428187762928
115,Jamaica,1,Male,1999,9.333785647556269
115,Jamaica,2,Female,1999,38.32359535803271
115,Jamaica,3,Both,1999,24.34802915476702
201,Burkina Faso,1,Male,1997,4.75269808326381
201,Burkina Faso,2,Female,1997,8.54073209827626
201,Burkina Faso,3,Both,1997,6.82579056178096
146,Lebanon,1,Male,2003,32.06039754546098
146,Lebanon,2,Female,2003,29.43350306025314
146,Lebanon,3,Both,2003,30.682728418465533
198,Zimbabwe,1,Male,2006,6.03909678499014
198,Zimbabwe,2,Female,2006,10.522035850943311
198,Zimbabwe,3,Both,2006,8.4187635109503
214,Nigeria,1,Male,2000,9.28679036869545
214,Nigeria,2,Female,2000,16.668033725172542
214,Nigeria,3,Both,2000,12.81279599566493
127,El Salvador,1,Male,2001,10.34198929284921
127,El Salvador,2,Female,2001,17.38460756001089
127,El Salvador,3,Both,2001,14.20411775253292
131,Nicaragua,1,Male,2007,6.54017727206263
131,Nicaragua,2,Female,2007,14.34673151073147
131,Nicaragua,3,Both,2007,10.641500395318747
11,Indonesia,1,Male,2008,13.88092349670492
11,Indonesia,2,Female,2008,22.31566719591793
11,Indonesia,3,Both,2008,18.12502940322317
90,Norway,1,Male,2002,21.5664140825293
90,Norway,2,Female,2002,30.08087921174948
90,Norway,3,Both,2002,25.9340499414573
118,Suriname,1,Male,2009,24.7427450635656
118,Suriname,2,Female,2009,33.56834203481785
118,Suriname,3,Both,2009,29.20233930247503
118,Suriname,1,Male,2006,23.97683939636754
118,Suriname,2,Female,2006,32.83678071274091
118,Suriname,3,Both,2006,28.42774171491637
204,Chad,1,Male,2009,7.19356178284583
204,Chad,2,Female,2009,11.18926421139018
204,Chad,3,Both,2009,9.2443545344046
127,El Salvador,1,Male,2004,10.75102632254088
127,El Salvador,2,Female,2004,18.07667918314106
127,El Salvador,3,Both,2004,14.79839768748251
125,Colombia,1,Male,2004,14.8768925341686
125,Colombia,2,Female,2004,26.157585526098508
125,Colombia,3,Both,2004,20.779715687656
129,Honduras,1,Male,2010,7.29414483000507
129,Honduras,2,Female,2010,15.29353258500806
129,Honduras,3,Both,2010,11.48654754034712
393,Saint Kitts and Nevis,1,Male,2002,10.34650029459862
393,Saint Kitts and Nevis,2,Female,2002,26.07864952608456
393,Saint Kitts and Nevis,3,Both,2002,18.2810871229181
114,Haiti,1,Male,1993,8.3153613466041
114,Haiti,2,Female,1993,20.46432027158071
114,Haiti,3,Both,1993,14.64399667686081
369,Nauru,1,Male,1994,13.47927061658841
369,Nauru,2,Female,1994,33.28953500283479
369,Nauru,3,Both,1994,23.0784371150715
24,Marshall Islands,1,Male,2004,47.338319829907874
24,Marshall Islands,2,Female,2004,63.71369920494187
24,Marshall Islands,3,Both,2004,55.302752950723935
164,Nepal,1,Male,2009,7.69353063246346
164,Nepal,2,Female,2009,11.69181634851724
164,Nepal,3,Both,2009,9.77407428022099
130,Mexico,1,Male,1998,9.52102900988399
130,Mexico,2,Female,1998,17.39943408735223
130,Mexico,3,Both,1998,13.61977503272982
202,Cameroon,1,Male,2006,7.85153475294508
202,Cameroon,2,Female,2006,14.9635170664618
202,Cameroon,3,Both,2006,11.49696540682258
190,Uganda,1,Male,1992,3.33171849301782
190,Uganda,2,Female,1992,7.9343081382277
190,Uganda,3,Both,1992,5.70526794472329
396,San Marino,1,Male,2008,23.94172171426246
396,San Marino,2,Female,2008,33.32011282653613
396,San Marino,3,Both,2008,28.87145164296821
422,"Virgin Islands, U.S.",1,Male,1999,9.20099812995613
422,"Virgin Islands, U.S.",2,Female,1999,23.62439626305516
422,"Virgin Islands, U.S.",3,Both,1999,16.87389593147855
119,Trinidad and Tobago,1,Male,1999,14.77077777637886
119,Trinidad and Tobago,2,Female,1999,38.29933021412711
119,Trinidad and Tobago,3,Both,1999,26.58124842415474
82,Greece,1,Male,2008,14.483211623315508
82,Greece,2,Female,2008,24.99805296673108
82,Greece,3,Both,2008,19.88380241488304
218,Togo,1,Male,2000,3.3861347687825
218,Togo,2,Female,2000,6.35005911526636
218,Togo,3,Both,2000,4.965978650262691
74,Andorra,1,Male,1991,15.906013854932947
74,Andorra,2,Female,1991,25.233153207976688
74,Andorra,3,Both,1991,20.21017392428463
94,Switzerland,1,Male,2002,14.86264913084073
94,Switzerland,2,Female,2002,26.42318831497192
94,Switzerland,3,Both,2002,20.86895194424999
36,Kazakhstan,1,Male,2002,6.48796879979983
36,Kazakhstan,2,Female,2002,14.38655720614678
36,Kazakhstan,3,Both,2002,10.75508818699576
123,Peru,1,Male,1996,9.947289418144049
123,Peru,2,Female,1996,12.75023132252765
123,Peru,3,Both,1996,11.37533186178807
135,Brazil,1,Male,1993,16.10191356956104
135,Brazil,2,Female,1993,25.02772245540978
135,Brazil,3,Both,1993,20.718979180946988
205,Cote d'Ivoire,1,Male,1997,6.7318434229187405
205,Cote d'Ivoire,2,Female,1997,10.8005787810881
205,Cote d'Ivoire,3,Both,1997,8.69743319541833
147,Libya,1,Male,2003,15.81584432739542
147,Libya,2,Female,2003,33.27907742428131
147,Libya,3,Both,2003,24.18844353719992
116,Saint Lucia,1,Male,1993,9.05637404505748
116,Saint Lucia,2,Female,1993,23.318761892115116
116,Saint Lucia,3,Both,1993,16.53613272207527
165,Pakistan,1,Male,1992,15.29163240594324
165,Pakistan,2,Female,1992,15.90372102891407
165,Pakistan,3,Both,1992,15.57928518699482
13,Malaysia,1,Male,2010,18.523173670939467
13,Malaysia,2,Female,2010,26.172036927034032
13,Malaysia,3,Both,2010,22.23329661960576
95,United Kingdom,1,Male,1999,25.858600004751032
95,United Kingdom,2,Female,1999,41.64028521556592
95,United Kingdom,3,Both,1999,34.113011436224625
131,Nicaragua,1,Male,2004,6.49231978766104
131,Nicaragua,2,Female,2004,14.17615663352663
131,Nicaragua,3,Both,2004,10.53035822096254
198,Zimbabwe,1,Male,2003,6.290319606905979
198,Zimbabwe,2,Female,2003,10.76906109428664
198,Zimbabwe,3,Both,2003,8.66453786667311
135,Brazil,1,Male,2007,18.032813441552552
135,Brazil,2,Female,2007,28.69413520210724
135,Brazil,3,Both,2007,23.57925145501219
142,Iran,1,Male,1990,13.98050885277311
142,Iran,2,Female,1990,32.33831475014262
142,Iran,3,Both,1990,22.94332167503743
180,Kenya,1,Male,1995,5.24380060026437
180,Kenya,2,Female,1995,18.889462440169
180,Kenya,3,Both,1995,12.20260390392992
194,Lesotho,1,Male,1992,2.72234492170923
194,Lesotho,2,Female,1992,6.58743287130112
194,Lesotho,3,Both,1992,5.02716088546528
131,Nicaragua,1,Male,2001,6.41885540365824
131,Nicaragua,2,Female,2001,13.91236727408497
131,Nicaragua,3,Both,2001,10.35622135813195
156,United Arab Emirates,1,Male,1998,21.9185115214824
156,United Arab Emirates,2,Female,1998,27.62939517033342
156,United Arab Emirates,3,Both,1998,23.31070570581917
78,Denmark,1,Male,1991,13.54255081543832
78,Denmark,2,Female,1991,24.64047442544283
78,Denmark,3,Both,1991,19.27022525640904
168,Angola,1,Male,2009,6.00578910348464
168,Angola,2,Female,2009,12.05028164967581
168,Angola,3,Both,2009,9.15903416142335
135,Brazil,1,Male,2004,17.278785450646
135,Brazil,2,Female,2004,27.442203344330068
135,Brazil,3,Both,2004,22.56101694852844
132,Panama,1,Male,2007,9.6841595071839
132,Panama,2,Female,2007,17.69397782075362
132,Panama,3,Both,2007,13.69415274883062
206,The Gambia,1,Male,2006,4.75641193611687
206,The Gambia,2,Female,2006,12.42180643417998
206,The Gambia,3,Both,2006,8.693079056011351
107,Barbados,1,Male,2010,27.4812006110543
107,Barbados,2,Female,2010,55.62123834823646
107,Barbados,3,Both,2010,42.46470605738578
184,Mozambique,1,Male,1995,3.40137248975646
184,Mozambique,2,Female,1995,7.48492534291957
184,Mozambique,3,Both,1995,5.60280228341022
198,Zimbabwe,1,Male,1992,7.05013006414172
198,Zimbabwe,2,Female,1992,11.10141088922845
198,Zimbabwe,3,Both,1992,9.16237125197378
78,Denmark,1,Male,2005,14.92946124042793
78,Denmark,2,Female,2005,25.43978148061261
78,Denmark,3,Both,2005,20.31641933581932
202,Cameroon,1,Male,2003,7.87547042101181
202,Cameroon,2,Female,2003,14.81999614039502
202,Cameroon,3,Both,2003,11.44816236610587
135,Brazil,1,Male,2001,16.62658296241921
135,Brazil,2,Female,2001,26.34077683708463
135,Brazil,3,Both,2001,21.67231391464116
11,Indonesia,1,Male,1995,14.33725787172129
11,Indonesia,2,Female,1995,22.1786293518157
11,Indonesia,3,Both,1995,18.32443920656582
110,Dominica,1,Male,2001,4.90052049365772
110,Dominica,2,Female,2001,23.44891005332014
110,Dominica,3,Both,2001,14.449415025553868
139,Algeria,1,Male,1993,18.830186628313008
139,Algeria,2,Female,1993,35.43422893805607
139,Algeria,3,Both,1993,27.11278757587928
213,Niger,1,Male,2005,8.58762039236852
213,Niger,2,Female,2005,17.46040557332319
213,Niger,3,Both,2005,13.06826130895441
172,Equatorial Guinea,1,Male,2009,8.701848687816751
172,Equatorial Guinea,2,Female,2009,18.51719517335928
172,Equatorial Guinea,3,Both,2009,14.05985468917886
82,Greece,1,Male,1991,14.09371139082165
82,Greece,2,Female,1991,24.43333920342953
82,Greece,3,Both,1991,19.4315738619178
139,Algeria,1,Male,2004,19.25122698733519
139,Algeria,2,Female,2004,36.5507663653081
139,Algeria,3,Both,2004,27.861117391626127
122,Ecuador,1,Male,2009,15.67350192663296
122,Ecuador,2,Female,2009,14.26255149073813
122,Ecuador,3,Both,2009,14.95018558378494
142,Iran,1,Male,1995,14.02512505859036
142,Iran,2,Female,1995,32.721235522994306
142,Iran,3,Both,1995,23.1755405702404
93,Sweden,1,Male,1996,15.26120862924458
93,Sweden,2,Female,1996,25.384753846180217
93,Sweden,3,Both,1996,20.46749515412098
217,Sierra Leone,1,Male,2005,7.53515986271773
217,Sierra Leone,2,Female,2005,13.86107910431656
217,Sierra Leone,3,Both,2005,10.84706401654997
121,Bolivia,1,Male,1990,10.02974517957259
121,Bolivia,2,Female,1990,12.26967093922298
121,Bolivia,3,Both,1990,11.18988981018608
40,Turkmenistan,1,Male,2002,4.85259339523319
40,Turkmenistan,2,Female,2002,11.4030210306002
40,Turkmenistan,3,Both,2002,8.22779853714526
114,Haiti,1,Male,2001,8.04094218904333
114,Haiti,2,Female,2001,20.40265568388999
114,Haiti,3,Both,2001,14.51088056357861
87,Luxembourg,1,Male,2005,15.37321705414946
87,Luxembourg,2,Female,2005,26.20849702848938
87,Luxembourg,3,Both,2005,20.93825186618945
87,Luxembourg,1,Male,2008,15.11508862575846
87,Luxembourg,2,Female,2008,26.104560645892487
87,Luxembourg,3,Both,2008,20.74308587352395
154,Tunisia,1,Male,1995,8.99715493187327
154,Tunisia,2,Female,1995,13.73044948990933
154,Tunisia,3,Both,1995,11.36621348006927
204,Chad,1,Male,2006,7.17300633646611
204,Chad,2,Female,2006,11.21299910114856
204,Chad,3,Both,2006,9.25674253045957
179,Ethiopia,1,Male,1992,4.324147836153211
179,Ethiopia,2,Female,1992,9.77634872638182
179,Ethiopia,3,Both,1992,7.09452761168699
126,Costa Rica,1,Male,2009,10.49853823881026
126,Costa Rica,2,Female,2009,19.18027445894157
126,Costa Rica,3,Both,2009,14.9943085302931
146,Lebanon,1,Male,1995,31.61947139833793
146,Lebanon,2,Female,1995,29.477681240640752
146,Lebanon,3,Both,1995,30.493113699536163
28,Solomon Islands,1,Male,2004,16.645492807070518
28,Solomon Islands,2,Female,2004,32.31607044243426
28,Solomon Islands,3,Both,2004,24.27084342034714
151,Qatar,1,Male,2003,19.011119578306392
151,Qatar,2,Female,2003,41.57840696924082
151,Qatar,3,Both,2003,25.12504073045906
298,American Samoa,1,Male,1994,44.330169762499125
298,American Samoa,2,Female,1994,59.397021396571226
298,American Samoa,3,Both,1994,51.73936172957747
422,"Virgin Islands, U.S.",1,Male,2002,9.62514693764146
422,"Virgin Islands, U.S.",2,Female,2002,24.49554889815867
422,"Virgin Islands, U.S.",3,Both,2002,17.55665432003864
210,Liberia,1,Male,2006,10.31620108563355
210,Liberia,2,Female,2006,32.70162545227407
210,Liberia,3,Both,2006,21.51051196300346
209,Guinea-Bissau,1,Male,1997,7.10657879986133
209,Guinea-Bissau,2,Female,1997,13.56653505029898
209,Guinea-Bissau,3,Both,1997,10.54858278037613
111,Dominican Republic,1,Male,2010,15.53719049444454
111,Dominican Republic,2,Female,2010,20.94288167706869
111,Dominican Republic,3,Both,2010,18.24319694555076
189,Tanzania,1,Male,1995,1.84444206679879
189,Tanzania,2,Female,1995,3.9983619878181296
189,Tanzania,3,Both,1995,2.97281452909232
202,Cameroon,1,Male,1992,8.100116279746949
202,Cameroon,2,Female,1992,14.37834385239607
202,Cameroon,3,Both,1992,11.366544317859413
41,Uzbekistan,1,Male,1994,2.11930669010167
41,Uzbekistan,2,Female,1994,8.413547779584169
41,Uzbekistan,3,Both,1994,5.38417205678258
123,Peru,1,Male,1999,10.141834868978233
123,Peru,2,Female,1999,12.98717250383994
123,Peru,3,Both,1999,11.58959505469244
160,Afghanistan,1,Male,1998,16.73401309673944
160,Afghanistan,2,Female,1998,30.644463553510693
160,Afghanistan,3,Both,1998,24.09881084896579
176,Comoros,1,Male,2009,2.1515567499234
176,Comoros,2,Female,2009,7.58855616232271
176,Comoros,3,Both,2009,4.9310915236373
118,Suriname,1,Male,1993,23.38329112894709
118,Suriname,2,Female,1993,31.64513224870906
118,Suriname,3,Both,1993,27.53927038241837
207,Ghana,1,Male,2009,6.1580248794480905
207,Ghana,2,Female,2009,13.96717787736313
207,Ghana,3,Both,2009,10.26715714058681
169,Central African Republic,1,Male,1992,7.43352327607163
169,Central African Republic,2,Female,1992,18.004806311480458
169,Central African Republic,3,Both,1992,12.941385810447938
157,Yemen,1,Male,1998,15.81016194393686
157,Yemen,2,Female,1998,29.50289194445817
157,Yemen,3,Both,1998,22.6741926823028
153,Syria,1,Male,2004,17.324193980466738
153,Syria,2,Female,2004,33.49582389658434
153,Syria,3,Both,2004,25.19487186763556
380,Palau,1,Male,1997,18.22590659333376
380,Palau,2,Female,1997,38.76335842904467
380,Palau,3,Both,1997,27.835264853670477
144,Jordan,1,Male,2010,17.59785443783434
144,Jordan,2,Female,2010,29.42133898822617
144,Jordan,3,Both,2010,23.18624284490127
173,Gabon,1,Male,2001,3.09949031907444
173,Gabon,2,Female,2001,13.27081146245954
173,Gabon,3,Both,2001,8.21338435183864
147,Libya,1,Male,1995,15.89788578252932
147,Libya,2,Female,1995,32.70440135303979
147,Libya,3,Both,1995,23.73455904880101
320,Cook Islands,1,Male,2000,21.84688405843278
320,Cook Islands,2,Female,2000,40.74223026299608
320,Cook Islands,3,Both,2000,30.95091666175574
177,Djibouti,1,Male,1995,3.03188348761332
177,Djibouti,2,Female,1995,7.49349622426438
177,Djibouti,3,Both,1995,5.11642083950703
90,Norway,1,Male,1990,21.39359480899392
90,Norway,2,Female,1990,30.32462351041501
90,Norway,3,Both,1990,25.99350620813508
36,Kazakhstan,1,Male,1999,6.42086101975594
36,Kazakhstan,2,Female,1999,14.400122523006932
36,Kazakhstan,3,Both,1999,10.73153227377972
211,Mali,1,Male,2009,13.2382006068925
211,Mali,2,Female,2009,16.08238889132945
211,Mali,3,Both,2009,14.68355980378275
125,Colombia,1,Male,1990,15.37985429847848
125,Colombia,2,Female,1990,28.156562748039686
125,Colombia,3,Both,1990,21.93231350225999
91,Portugal,1,Male,2005,22.05549725892174
91,Portugal,2,Female,2005,33.13689623245136
91,Portugal,3,Both,2005,27.912285892287507
143,Iraq,1,Male,2004,33.92708095036469
143,Iraq,2,Female,2004,46.44143956389789
143,Iraq,3,Both,2004,39.85177002938433
206,The Gambia,1,Male,2003,4.810668623618939
206,The Gambia,2,Female,2003,12.368235145847049
206,The Gambia,3,Both,2003,8.669477928327609
214,Nigeria,1,Male,2006,9.20780795066361
214,Nigeria,2,Female,2006,16.68505572104489
214,Nigeria,3,Both,2006,12.88950691727771
213,Niger,1,Male,1997,8.4913328543762
213,Niger,2,Female,1997,16.71844626662626
213,Niger,3,Both,1997,12.580413653862148
115,Jamaica,1,Male,2010,9.97167017227818
115,Jamaica,2,Female,2010,39.760590328921566
115,Jamaica,3,Both,2010,25.3067292323092
118,Suriname,1,Male,2001,23.34854000239763
118,Suriname,2,Female,2001,31.701139888665143
118,Suriname,3,Both,2001,27.53081252946555
82,Greece,1,Male,2005,14.09740357406812
82,Greece,2,Female,2005,24.46954568712065
82,Greece,3,Both,2005,19.41826690968892
139,Algeria,1,Male,2001,19.06095809750552
139,Algeria,2,Female,2001,36.11299894856706
139,Algeria,3,Both,2001,27.56008201781388
12,Laos,1,Male,2006,3.34546162627926
12,Laos,2,Female,2006,6.99339941902738
12,Laos,3,Both,2006,5.19784129821431
146,Lebanon,1,Male,1990,30.97775923868576
146,Lebanon,2,Female,1990,28.977915412205306
146,Lebanon,3,Both,1990,29.92672593199036
522,Sudan,1,Male,1994,47.968943122758326
522,Sudan,2,Female,1994,62.98792549040443
522,Sudan,3,Both,1994,55.50097069727191
86,Italy,1,Male,2008,21.08291475967341
86,Italy,2,Female,2008,36.54588131673439
86,Italy,3,Both,2008,29.17446534953602
143,Iraq,1,Male,1993,34.4932110405056
143,Iraq,2,Female,1993,46.77059043237868
143,Iraq,3,Both,1993,40.4806686798257
16,Philippines,1,Male,1997,4.26822989187062
16,Philippines,2,Female,1997,8.90463680366676
16,Philippines,3,Both,1997,6.584674521877421
164,Nepal,1,Male,1998,7.197461146687351
164,Nepal,2,Female,1998,10.6194848429023
164,Nepal,3,Both,1998,8.91647545765753
212,Mauritania,1,Male,1997,18.10642458765286
212,Mauritania,2,Female,1997,25.8462382075761
212,Mauritania,3,Both,1997,22.09611949134388
92,Spain,1,Male,2002,16.932010255042123
92,Spain,2,Female,2002,26.306265932541677
92,Spain,3,Both,2002,21.779438104339945
206,The Gambia,1,Male,1992,4.70683767956083
206,The Gambia,2,Female,1992,11.65727965964391
206,The Gambia,3,Both,1992,8.12812388933009
305,Bermuda,1,Male,2000,13.65620314354856
305,Bermuda,2,Female,2000,31.09069002351103
305,Bermuda,3,Both,2000,22.81601795976104
522,Sudan,1,Male,1997,48.6100014921225
522,Sudan,2,Female,1997,63.51028261484952
522,Sudan,3,Both,1997,56.03800626941939
218,Togo,1,Male,2006,3.15882519749148
218,Togo,2,Female,2006,6.2691128904295
218,Togo,3,Both,2006,4.81678980102102
127,El Salvador,1,Male,1996,9.7704171437048
127,El Salvador,2,Female,1996,16.39191690989724
127,El Salvador,3,Both,1996,13.34742566411532
45,Bulgaria,1,Male,1994,13.899275399299473
45,Bulgaria,2,Female,1994,24.86157638741526
45,Bulgaria,3,Both,1994,19.604408776290818
147,Libya,1,Male,1990,15.369540375378907
147,Libya,2,Female,1990,32.06298775195119
147,Libya,3,Both,1990,22.75254024458949
148,Morocco,1,Male,2004,22.65197884964331
148,Morocco,2,Female,2004,39.18738012079283
148,Morocco,3,Both,2004,31.15294552869346
210,Liberia,1,Male,2003,10.40946663116706
210,Liberia,2,Female,2003,31.917713003063906
210,Liberia,3,Both,2003,21.22510215944754
98,Chile,1,Male,2002,8.03415087396363
98,Chile,2,Female,2002,21.70010439535548
98,Chile,3,Both,2002,15.114530520943232
129,Honduras,1,Male,1990,7.19817012432303
129,Honduras,2,Female,1990,14.36942561382972
129,Honduras,3,Both,1990,10.886919544008
217,Sierra Leone,1,Male,1997,8.08908327937779
217,Sierra Leone,2,Female,1997,14.11509236077498
217,Sierra Leone,3,Both,1997,11.26034236268719
187,Somalia,1,Male,2000,3.0198430286318
187,Somalia,2,Female,2000,7.75110209024126
187,Somalia,3,Both,2000,5.48830492470739
173,Gabon,1,Male,1992,3.43376708839707
173,Gabon,2,Female,1992,12.22298925275346
173,Gabon,3,Both,1992,7.85109969605556
161,Bangladesh,1,Male,1998,6.209243093322
161,Bangladesh,2,Female,1998,14.15020810720213
161,Bangladesh,3,Both,1998,9.94445567309882
122,Ecuador,1,Male,2001,14.768451147477853
122,Ecuador,2,Female,2001,13.17071233922483
122,Ecuador,3,Both,2001,13.95193371461049
413,Tokelau,1,Male,1997,20.329955397969528
413,Tokelau,2,Female,1997,39.16044236184977
413,Tokelau,3,Both,1997,30.10095667242907
91,Portugal,1,Male,2002,21.95678545443713
91,Portugal,2,Female,2002,32.53387163742952
91,Portugal,3,Both,2002,27.539216363859
136,Paraguay,1,Male,2007,10.429340951022969
136,Paraguay,2,Female,2007,14.55732790397643
136,Paraguay,3,Both,2007,12.4935191268194
130,Mexico,1,Male,2009,9.99910913792652
130,Mexico,2,Female,2009,18.51637861991893
130,Mexico,3,Both,2009,14.45778860907095
177,Djibouti,1,Male,2001,3.08002584179782
177,Djibouti,2,Female,2001,7.575756103750381
177,Djibouti,3,Both,2001,5.16352209796014
215,Sao Tome and Principe,1,Male,2009,2.38701674056966
215,Sao Tome and Principe,2,Female,2009,10.58532420337516
215,Sao Tome and Principe,3,Both,2009,6.6004994572074
95,United Kingdom,1,Male,2005,26.478510799439608
95,United Kingdom,2,Female,2005,42.15032580541413
95,United Kingdom,3,Both,2005,34.62475816655215
298,American Samoa,1,Male,2005,46.358391660602685
298,American Samoa,2,Female,2005,61.27086795891172
298,American Samoa,3,Both,2005,53.79799173879377
320,Cook Islands,1,Male,2006,22.75803385361952
320,Cook Islands,2,Female,2006,41.96355940158001
320,Cook Islands,3,Both,2006,32.37216556846944
151,Qatar,1,Male,1995,16.21475341331253
151,Qatar,2,Female,1995,39.66629244155116
151,Qatar,3,Both,1995,22.39127279147755
177,Djibouti,1,Male,1992,2.86750552619102
177,Djibouti,2,Female,1992,7.35304114745168
177,Djibouti,3,Both,1992,4.94406981130056
99,Uruguay,1,Male,1999,13.60598993793152
99,Uruguay,2,Female,1999,21.83799603895302
99,Uruguay,3,Both,1999,17.97493194263505
122,Ecuador,1,Male,1993,14.197980161028608
122,Ecuador,2,Female,1993,12.823999137189473
122,Ecuador,3,Both,1993,13.49790873005541
181,Madagascar,1,Male,1995,3.3642616441536
181,Madagascar,2,Female,1995,7.919431249743269
181,Madagascar,3,Both,1995,5.67127326591514
157,Yemen,1,Male,2004,15.7626321023549
157,Yemen,2,Female,2004,29.66670638807057
157,Yemen,3,Both,2004,22.69000935890206
133,Venezuela,1,Male,1990,8.289589324302241
133,Venezuela,2,Female,1990,15.7445446441163
133,Venezuela,3,Both,1990,12.10027923516681
91,Portugal,1,Male,2008,22.29554010600488
91,Portugal,2,Female,2008,33.22398612227336
91,Portugal,3,Both,2008,28.09040224214634
210,Liberia,1,Male,1992,11.62009592256638
210,Liberia,2,Female,1992,32.16256141914231
210,Liberia,3,Both,1992,22.02357337604165
119,Trinidad and Tobago,1,Male,2010,17.87599964394743
119,Trinidad and Tobago,2,Female,2010,42.32741254656883
119,Trinidad and Tobago,3,Both,2010,30.11236042247451
190,Uganda,1,Male,1995,3.26226130911723
190,Uganda,2,Female,1995,7.8783113136099105
190,Uganda,3,Both,1995,5.660335780750049
86,Italy,1,Male,1991,18.88999600332354
86,Italy,2,Female,1991,34.72559828544254
86,Italy,3,Both,1991,27.22968054236638
168,Angola,1,Male,1998,5.99033088564912
168,Angola,2,Female,1998,11.84258326367381
168,Angola,3,Both,1998,8.94467803549457
90,Norway,1,Male,2008,22.42935602792299
90,Norway,2,Female,2008,30.68312414123368
90,Norway,3,Both,2008,26.63186076674706
127,El Salvador,1,Male,1999,10.09416353172732
127,El Salvador,2,Female,1999,16.93224987760142
127,El Salvador,3,Both,1999,13.822788710902987
143,Iraq,1,Male,2001,33.710826164779725
143,Iraq,2,Female,2001,45.8554223416469
143,Iraq,3,Both,2001,39.492644602117686
180,Kenya,1,Male,2009,5.18480200507025
180,Kenya,2,Female,2009,19.55563646561316
180,Kenya,3,Both,2009,12.516888094344669
131,Nicaragua,1,Male,1996,6.3043747718478
131,Nicaragua,2,Female,1996,13.536619970006791
131,Nicaragua,3,Both,1996,10.10242317763721
214,Nigeria,1,Male,2003,9.33656679183528
214,Nigeria,2,Female,2003,16.70999481022028
214,Nigeria,3,Both,2003,12.90857127744492
102,United States,1,Male,2002,14.397347186789618
102,United States,2,Female,2002,25.943561402943587
102,United States,3,Both,2002,20.39554735505804
214,Nigeria,1,Male,1992,9.1604831587844
214,Nigeria,2,Female,1992,17.065457410856748
214,Nigeria,3,Both,1992,12.828769982056052
148,Morocco,1,Male,1993,21.5977658604942
148,Morocco,2,Female,1993,37.25439162787259
148,Morocco,3,Both,1993,29.53779163931951
14,Maldives,1,Male,2000,23.78600871556889
14,Maldives,2,Female,2000,50.19190672265218
14,Maldives,3,Both,2000,36.67814099898905
194,Lesotho,1,Male,1995,2.66263645513798
194,Lesotho,2,Female,1995,6.7215449614913005
194,Lesotho,3,Both,1995,5.0480908521728
139,Algeria,1,Male,2007,19.73717532351046
139,Algeria,2,Female,2007,37.25218858897027
139,Algeria,3,Both,2007,28.44099260886437
151,Qatar,1,Male,1990,15.49559784798583
151,Qatar,2,Female,1990,39.01840455816509
151,Qatar,3,Both,1990,21.379426064082168
184,Mozambique,1,Male,2009,3.14099286957341
184,Mozambique,2,Female,2009,7.57802325965499
184,Mozambique,3,Both,2009,5.512815525510511
131,Nicaragua,1,Male,1999,6.3641624889113
131,Nicaragua,2,Female,1999,13.74291673190938
131,Nicaragua,3,Both,1999,10.24018701690548
135,Brazil,1,Male,1996,16.15374170307074
135,Brazil,2,Female,1996,25.27827891112467
135,Brazil,3,Both,1996,20.88446596092898
86,Italy,1,Male,2005,20.594531204704168
86,Italy,2,Female,2005,36.62786861509927
86,Italy,3,Both,2005,28.992082304573792
94,Switzerland,1,Male,2008,15.085931861915968
94,Switzerland,2,Female,2008,27.156249605858378
94,Switzerland,3,Both,2008,21.30679980638664
218,Togo,1,Male,1992,3.70763568269944
218,Togo,2,Female,1992,6.40903925944606
218,Togo,3,Both,1992,5.161275920029141
218,Togo,1,Male,2003,3.23347883057142
218,Togo,2,Female,2003,6.3208261556184
218,Togo,3,Both,2003,4.87623288260263
522,Sudan,1,Male,2005,50.72963740725742
522,Sudan,2,Female,2005,65.66639997571328
522,Sudan,3,Both,2005,58.17051447850709
152,Saudi Arabia,1,Male,2013,19.62348030263886
152,Saudi Arabia,2,Female,2013,38.83109691256581
152,Saudi Arabia,3,Both,2013,27.20392161586233
72,New Zealand,1,Male,2008,24.15626071506657
72,New Zealand,2,Female,2008,32.23924712722058
72,New Zealand,3,Both,2008,28.368117632676697
84,Ireland,1,Male,2005,17.37548882506608
84,Ireland,2,Female,2005,32.402927616214185
84,Ireland,3,Both,2005,24.98070658982903
90,Norway,1,Male,1991,21.37231384515092
90,Norway,2,Female,1991,30.323946366585293
90,Norway,3,Both,1991,25.98228386625696
143,Iraq,1,Male,2007,34.40559259944551
143,Iraq,2,Female,2007,47.40353661903136
143,Iraq,3,Both,2007,40.587974621621456
14,Maldives,1,Male,2004,23.70851131705156
14,Maldives,2,Female,2004,50.23686443307742
14,Maldives,3,Both,2004,36.85189524523247
91,Portugal,1,Male,1990,20.71395171055004
91,Portugal,2,Female,1990,29.9273744419978
91,Portugal,3,Both,1990,25.6187821375524
200,Benin,1,Male,2003,2.14544738704626
200,Benin,2,Female,2003,4.28677651842959
200,Benin,3,Both,2003,3.29584568086108
133,Venezuela,1,Male,2010,9.26111166079437
133,Venezuela,2,Female,2010,18.10986878269183
133,Venezuela,3,Both,2010,13.7994009864917
435,South Sudan,1,Male,1991,3.8166582655945
435,South Sudan,2,Female,1991,8.05823454981595
435,South Sudan,3,Both,1991,5.76484828124934
155,Turkey,1,Male,1990,12.97199633442404
155,Turkey,2,Female,1990,24.81636218131352
155,Turkey,3,Both,1990,18.89279406432685
150,Oman,1,Male,1998,16.24501275877364
150,Oman,2,Female,1998,32.8108756922895
150,Oman,3,Both,1998,22.01901906740823
189,Tanzania,1,Male,2009,1.54651751347117
189,Tanzania,2,Female,2009,3.64564881939229
189,Tanzania,3,Both,2009,2.63919478139064
385,Puerto Rico,1,Male,1994,16.09066371972853
385,Puerto Rico,2,Female,1994,31.36142619256158
385,Puerto Rico,3,Both,1994,24.241362294959888
139,Algeria,1,Male,1996,18.8749124411384
139,Algeria,2,Female,1996,35.68769528297549
139,Algeria,3,Both,1996,27.26715671054988
35,Georgia,1,Male,1991,7.126746974356379
35,Georgia,2,Female,1991,13.95823386069123
35,Georgia,3,Both,1991,10.87517323020664
23,Kiribati,1,Male,1997,25.808528648313427
23,Kiribati,2,Female,1997,50.81258290823428
23,Kiribati,3,Both,1997,38.94449708619271
351,Guam,1,Male,2000,8.62835243088416
351,Guam,2,Female,2000,24.28836697425835
351,Guam,3,Both,2000,16.28438773973008
216,Senegal,1,Male,1997,10.87605347788356
216,Senegal,2,Female,1997,16.31139076027247
216,Senegal,3,Both,1997,13.69716454932541
152,Saudi Arabia,1,Male,1993,16.44876805995129
152,Saudi Arabia,2,Female,1993,31.90153983198396
152,Saudi Arabia,3,Both,1993,22.37463960200066
107,Barbados,1,Male,2002,25.70051255666477
107,Barbados,2,Female,2002,53.66673236934921
107,Barbados,3,Both,2002,40.62313266644427
94,Switzerland,1,Male,1990,15.04936228298052
94,Switzerland,2,Female,1990,26.45535065751472
94,Switzerland,3,Both,1990,20.9424101248233
125,Colombia,1,Male,2007,16.29850726865709
125,Colombia,2,Female,2007,28.44174707056504
125,Colombia,3,Both,2007,22.66451978809852
305,Bermuda,1,Male,2006,15.94996980546074
305,Bermuda,2,Female,2006,34.75632153020555
305,Bermuda,3,Both,2006,25.834900885312734
198,Zimbabwe,1,Male,1995,6.937497616392211
198,Zimbabwe,2,Female,1995,11.07583662396326
198,Zimbabwe,3,Both,1995,9.10506957221431
94,Switzerland,1,Male,1991,14.971185790941268
94,Switzerland,2,Female,1991,26.38950802910327
94,Switzerland,3,Both,1991,20.867078342101088
185,Rwanda,1,Male,1995,2.62833739484357
185,Rwanda,2,Female,1995,7.10979325876586
185,Rwanda,3,Both,1995,5.04209142586628
141,Egypt,1,Male,2001,12.47506690874105
141,Egypt,2,Female,2001,35.533545457410106
141,Egypt,3,Both,2001,23.76932466284004
149,Palestine,1,Male,2010,12.920437649356712
149,Palestine,2,Female,2010,45.76608185400605
149,Palestine,3,Both,2010,29.30738243406506
161,Bangladesh,1,Male,2004,5.9881855285084
161,Bangladesh,2,Female,2004,15.59260895185049
161,Bangladesh,3,Both,2004,10.619941700280409
181,Madagascar,1,Male,1992,3.4682863931990298
181,Madagascar,2,Female,1992,8.01118311850381
181,Madagascar,3,Both,1992,5.7634646499858
23,Kiribati,1,Male,1994,25.900986482222248
23,Kiribati,2,Female,1994,50.34840721589745
23,Kiribati,3,Both,1994,38.68751253880338
172,Equatorial Guinea,1,Male,1998,8.14326223685207
172,Equatorial Guinea,2,Female,1998,13.97806982279114
172,Equatorial Guinea,3,Both,1998,11.451723121575627
88,Malta,1,Male,2005,23.22638902479054
88,Malta,2,Female,2005,37.03668500810645
88,Malta,3,Both,2005,30.28964409462162
129,Honduras,1,Male,2004,7.113189962320001
129,Honduras,2,Female,2004,14.98198436148647
129,Honduras,3,Both,2004,11.1956566090608
49,Macedonia,1,Male,1994,8.86896488913464
49,Macedonia,2,Female,1994,18.42247893937601
49,Macedonia,3,Both,1994,13.71055875618672
78,Denmark,1,Male,2014,16.906762456832762
78,Denmark,2,Female,2014,27.43516604533813
78,Denmark,3,Both,2014,22.28184116271648
140,Bahrain,1,Male,2007,17.77393490303173
140,Bahrain,2,Female,2007,36.81799444231705
140,Bahrain,3,Both,2007,24.42941178740779
143,Iraq,1,Male,1996,33.78356676022725
143,Iraq,2,Female,1996,45.98898522223535
143,Iraq,3,Both,1996,39.67432554701158
18,Thailand,1,Male,2000,7.8366484212535905
18,Thailand,2,Female,2000,14.01509348438346
18,Thailand,3,Both,2000,11.04626630828613
181,Madagascar,1,Male,2001,3.16055068667006
181,Madagascar,2,Female,2001,7.766373197161119
181,Madagascar,3,Both,2001,5.50319137813196
90,Norway,1,Male,2005,21.9291239675794
90,Norway,2,Female,2005,30.328941584329527
90,Norway,3,Both,2005,26.229243119792027
95,United Kingdom,1,Male,1990,25.49508533540205
95,United Kingdom,2,Female,1990,41.25294221167926
95,United Kingdom,3,Both,1990,33.78922935342338
349,Greenland,1,Male,2000,5.67128950982867
349,Greenland,2,Female,2000,13.22530684653913
349,Greenland,3,Both,2000,9.06533236525915
76,Belgium,1,Male,2008,19.36465989821152
76,Belgium,2,Female,2008,31.89500614125194
76,Belgium,3,Both,2008,25.858087384303214
111,Dominican Republic,1,Male,2002,13.85236593781003
111,Dominican Republic,2,Female,2002,18.81405812126473
111,Dominican Republic,3,Both,2002,16.37266572693201
84,Ireland,1,Male,1996,17.44365092325891
84,Ireland,2,Female,1996,31.253398775786117
84,Ireland,3,Both,1996,24.54067526774506
135,Brazil,1,Male,1999,16.3852273508091
135,Brazil,2,Female,1999,25.83206888709736
135,Brazil,3,Both,1999,21.28987219234962
376,Northern Mariana Islands,1,Male,2000,20.45780231971735
376,Northern Mariana Islands,2,Female,2000,39.98459845340062
376,Northern Mariana Islands,3,Both,2000,30.63182528531424
92,Spain,1,Male,1999,17.09852050792881
92,Spain,2,Female,1999,26.40518066845241
92,Spain,3,Both,1999,21.94387533905261
349,Greenland,1,Male,2006,6.37398975623192
349,Greenland,2,Female,2006,14.17301981542163
349,Greenland,3,Both,2006,9.91741882676792
208,Guinea,1,Male,2009,3.0647026117994103
208,Guinea,2,Female,2009,9.8437305888328
208,Guinea,3,Both,2009,6.650001181884891
128,Guatemala,1,Male,1996,3.85958548785524
128,Guatemala,2,Female,1996,7.62727316310225
128,Guatemala,3,Both,1996,5.818280655119399
202,Cameroon,1,Male,1995,8.09134296072346
202,Cameroon,2,Female,1995,14.46321404633597
202,Cameroon,3,Both,1995,11.40351798872908
416,Tuvalu,1,Male,1994,14.44363877233114
416,Tuvalu,2,Female,1994,32.22846620433165
416,Tuvalu,3,Both,1994,24.23689349935198
148,Morocco,1,Male,2007,23.17723991145982
148,Morocco,2,Female,2007,40.16304336886062
148,Morocco,3,Both,2007,31.89057864271094
95,United Kingdom,1,Male,2002,26.20684866053508
95,United Kingdom,2,Female,2002,41.94389081915705
95,United Kingdom,3,Both,2002,34.41346810222919
162,Bhutan,1,Male,1992,25.87660746922883
162,Bhutan,2,Female,1992,52.3445037181024
162,Bhutan,3,Both,1992,38.24824763903633
185,Rwanda,1,Male,1992,2.54724787510699
185,Rwanda,2,Female,1992,7.00836372179144
185,Rwanda,3,Both,1992,4.88312646022623
155,Turkey,1,Male,2003,13.79951950466605
155,Turkey,2,Female,2003,27.131694534890737
155,Turkey,3,Both,2003,20.5075582938035
128,Guatemala,1,Male,1993,3.9596902770958
128,Guatemala,2,Female,1993,7.91013315910813
128,Guatemala,3,Both,1993,6.000700894968229
154,Tunisia,1,Male,1998,8.95282460717313
154,Tunisia,2,Female,1998,13.69007160878217
154,Tunisia,3,Both,1998,11.33382403173793
148,Morocco,1,Male,2001,22.343313107211348
148,Morocco,2,Female,2001,38.22175377252838
148,Morocco,3,Both,2001,30.491167374354312
98,Chile,1,Male,1990,7.618706904392599
98,Chile,2,Female,1990,18.49709144052673
98,Chile,3,Both,1990,13.30005304704465
165,Pakistan,1,Male,1998,14.78129441705566
165,Pakistan,2,Female,1998,15.679490454591267
165,Pakistan,3,Both,1998,15.20635068195573
153,Syria,1,Male,2010,17.76574426152235
153,Syria,2,Female,2010,35.07422698306194
153,Syria,3,Both,2010,26.09989955215204
320,Cook Islands,1,Male,2003,22.48124578048845
320,Cook Islands,2,Female,2003,41.60609917965328
320,Cook Islands,3,Both,2003,31.83441541158799
53,Serbia,1,Male,1994,9.64751950884193
53,Serbia,2,Female,1994,19.25091547333056
53,Serbia,3,Both,1994,14.54036361392641
95,United Kingdom,1,Male,2008,26.88885265470433
95,United Kingdom,2,Female,2008,42.43942591203434
95,United Kingdom,3,Both,2008,34.94725316797023
108,Belize,1,Male,1999,8.359198411325231
108,Belize,2,Female,1999,23.15377444968193
108,Belize,3,Both,1999,15.65724872189806
163,India,1,Male,1990,11.6992823965688
163,India,2,Female,1990,15.105241669343588
163,India,3,Both,1990,13.332303302613091
141,Egypt,1,Male,2010,10.853703113742627
141,Egypt,2,Female,2010,33.45923255765216
141,Egypt,3,Both,2010,21.82670593115504
27,Samoa,1,Male,1994,19.58442079370272
27,Samoa,2,Female,1994,59.19971401161112
27,Samoa,3,Both,1994,38.80571459039852
156,United Arab Emirates,1,Male,1993,21.40589801421313
156,United Arab Emirates,2,Female,1993,27.504564447492157
156,United Arab Emirates,3,Both,1993,22.93493469986877
27,Samoa,1,Male,1997,19.45389514277954
27,Samoa,2,Female,1997,59.31228553719993
27,Samoa,3,Both,1997,38.77033671571513
99,Uruguay,1,Male,2005,13.70049523081641
99,Uruguay,2,Female,2005,22.75586240930319
99,Uruguay,3,Both,2005,18.52429793596967
129,Honduras,1,Male,2007,7.17016967322147
129,Honduras,2,Female,2007,15.082356169752408
129,Honduras,3,Both,2007,11.2939996074027
165,Pakistan,1,Male,2004,14.642263634815562
165,Pakistan,2,Female,2004,15.735764760943493
165,Pakistan,3,Both,2004,15.166598459641
190,Uganda,1,Male,2009,3.08510495844458
190,Uganda,2,Female,2009,7.94080841357616
190,Uganda,3,Both,2009,5.65130124644112
185,Rwanda,1,Male,2001,2.47220782732872
185,Rwanda,2,Female,2001,6.92783095095381
185,Rwanda,3,Both,2001,4.9045128072928
98,Chile,1,Male,1991,7.62688608982737
98,Chile,2,Female,1991,18.66257416739943
98,Chile,3,Both,1991,13.386966990239529
139,Algeria,1,Male,1999,18.94832876132218
139,Algeria,2,Female,1999,35.85418351141603
139,Algeria,3,Both,1999,27.38222394167632
367,Monaco,1,Male,2000,24.77283853362387
367,Monaco,2,Female,2000,37.23234534726108
367,Monaco,3,Both,2000,31.2819341084587
212,Mauritania,1,Male,2009,19.44603500178247
212,Mauritania,2,Female,2009,28.741553036076628
212,Mauritania,3,Both,2009,24.25907072474436
88,Malta,1,Male,1996,21.07797879256161
88,Malta,2,Female,1996,33.5252110988961
88,Malta,3,Both,1996,27.51305596688376
80,France,1,Male,2008,21.33372126450828
80,France,2,Female,2008,31.962900707068147
80,France,3,Both,2008,26.9230915810733
109,Cuba,1,Male,1993,12.26826618156019
109,Cuba,2,Female,1993,27.578525019890783
109,Cuba,3,Both,1993,19.99235521811852
132,Panama,1,Male,1996,9.2856808754855
132,Panama,2,Female,1996,16.73917849788717
132,Panama,3,Both,1996,12.987745701497971
99,Uruguay,1,Male,1990,13.385932577605338
99,Uruguay,2,Female,1990,21.01501751582506
99,Uruguay,3,Both,1990,17.4164955740346
132,Panama,1,Male,1993,9.20353624753692
132,Panama,2,Female,1993,16.53385437264247
132,Panama,3,Both,1993,12.8360007596856
349,Greenland,1,Male,2003,6.03304873093358
349,Greenland,2,Female,2003,13.7003847692042
349,Greenland,3,Both,2003,9.48411787575426
152,Saudi Arabia,1,Male,2004,17.11014681819283
152,Saudi Arabia,2,Female,2004,34.28938484974247
152,Saudi Arabia,3,Both,2004,23.97634606954512
144,Jordan,1,Male,2007,16.91727451043969
144,Jordan,2,Female,2007,28.63502985509576
144,Jordan,3,Both,2007,22.511060673035928
39,Tajikistan,1,Male,1991,5.53977756794394
39,Tajikistan,2,Female,1991,11.98076376660481
39,Tajikistan,3,Both,1991,8.838852540725451
169,Central African Republic,1,Male,1998,6.94399180213784
169,Central African Republic,2,Female,1998,17.72506831023951
169,Central African Republic,3,Both,1998,12.47914461256439
99,Uruguay,1,Male,2008,13.95060831042955
99,Uruguay,2,Female,2008,23.35348746281776
99,Uruguay,3,Both,2008,18.9705736262408
145,Kuwait,1,Male,2010,36.75163718376821
145,Kuwait,2,Female,2010,61.37391492329651
145,Kuwait,3,Both,2010,46.325770809420106
145,Kuwait,1,Male,2001,36.75350464767096
145,Kuwait,2,Female,2001,58.3605763234204
145,Kuwait,3,Both,2001,44.36313909060468
380,Palau,1,Male,2000,18.26851387616238
380,Palau,2,Female,2000,39.19043153632777
380,Palau,3,Both,2000,27.35275003389407
435,South Sudan,1,Male,1994,3.71463657686305
435,South Sudan,2,Female,1994,7.98282739313901
435,South Sudan,3,Both,1994,5.685054557498019
367,Monaco,1,Male,2006,25.07193124315101
367,Monaco,2,Female,2006,37.59617330884713
367,Monaco,3,Both,2006,31.58500952188289
102,United States,1,Male,1990,15.28260030531356
102,United States,2,Female,1990,25.55881661266388
102,United States,3,Both,1990,20.68077930650013
133,Venezuela,1,Male,2007,8.89041940099035
133,Venezuela,2,Female,2007,17.381920398635188
133,Venezuela,3,Both,2007,13.25167133595461
136,Paraguay,1,Male,1996,10.03666688740215
136,Paraguay,2,Female,1996,14.05209676586662
136,Paraguay,3,Both,1996,12.04727056493624
169,Central African Republic,1,Male,2004,6.45966895961718
169,Central African Republic,2,Female,2004,17.54340078715935
169,Central African Republic,3,Both,2004,12.07195343100556
43,Albania,1,Male,1991,6.18927435777605
43,Albania,2,Female,1991,14.30145898469002
43,Albania,3,Both,1991,10.14163015845036
204,Chad,1,Male,2003,7.2129579050766095
204,Chad,2,Female,2003,11.32156948121222
204,Chad,3,Both,2003,9.34741385890711
208,Guinea,1,Male,2006,3.2289411214934
208,Guinea,2,Female,2006,10.1273307382977
208,Guinea,3,Both,2006,6.865803649423639
396,San Marino,1,Male,2000,21.39067837376272
396,San Marino,2,Female,2000,31.45398192143329
396,San Marino,3,Both,2000,26.641307102905586
216,Senegal,1,Male,2009,10.68509558769067
216,Senegal,2,Female,2009,16.51407039367433
216,Senegal,3,Both,2009,13.69380708353584
157,Yemen,1,Male,2010,15.6281926683492
157,Yemen,2,Female,2010,30.4574350380543
157,Yemen,3,Both,2010,23.03141368136999
92,Spain,1,Male,2005,16.53487336190228
92,Spain,2,Female,2005,26.45511221301274
92,Spain,3,Both,2005,21.62897210403331
170,Congo,1,Male,1992,8.14694344147388
170,Congo,2,Female,1992,11.22429094766939
170,Congo,3,Both,1992,9.755145413274173
23,Kiribati,1,Male,2000,25.87507003797473
23,Kiribati,2,Female,2000,51.29899033993655
23,Kiribati,3,Both,2000,39.29805239217261
35,Georgia,1,Male,1994,7.280115672972751
35,Georgia,2,Female,1994,14.116597700108798
35,Georgia,3,Both,1994,11.03939532319243
133,Venezuela,1,Male,2004,8.51711200346093
133,Venezuela,2,Female,2004,16.686781055833368
133,Venezuela,3,Both,2004,12.725709897085649
84,Ireland,1,Male,2008,17.408842633608838
84,Ireland,2,Female,2008,32.715797398060346
84,Ireland,3,Both,2008,25.15283994518034
112,Grenada,1,Male,1999,9.2589908064367
112,Grenada,2,Female,1999,25.77084834673605
112,Grenada,3,Both,1999,17.70170303084997
369,Nauru,1,Male,2000,12.53097553570618
369,Nauru,2,Female,2000,32.6499958482322
369,Nauru,3,Both,2000,22.53426041800744
173,Gabon,1,Male,2004,3.01635343668724
173,Gabon,2,Female,2004,13.5797911408021
173,Gabon,3,Both,2004,8.32521734692382
108,Belize,1,Male,2005,8.554973303952771
108,Belize,2,Female,2005,24.41325389006533
108,Belize,3,Both,2005,16.458538204929223
136,Paraguay,1,Male,1993,10.09586117248582
136,Paraguay,2,Female,1993,14.178383214139007
136,Paraguay,3,Both,1993,12.14002775570004
162,Bhutan,1,Male,1995,26.96801306983262
162,Bhutan,2,Female,1995,53.088861972681045
162,Bhutan,3,Both,1995,39.27284441435428
413,Tokelau,1,Male,2000,20.48051606801864
413,Tokelau,2,Female,2000,39.387847406471785
413,Tokelau,3,Both,2000,30.447570618949083
380,Palau,1,Male,2006,19.157150933945346
380,Palau,2,Female,2006,39.87525747412564
380,Palau,3,Both,2006,28.48316941931854
39,Tajikistan,1,Male,1994,5.47638753515835
39,Tajikistan,2,Female,1994,11.67814117880753
39,Tajikistan,3,Both,1994,8.644724962970091
150,Oman,1,Male,2010,17.782356072807833
150,Oman,2,Female,2010,35.80560575227177
150,Oman,3,Both,2010,24.43388204759675
208,Guinea,1,Male,2003,3.4217631633248704
208,Guinea,2,Female,2003,10.38375016863886
208,Guinea,3,Both,2003,7.088524746326839
113,Guyana,1,Male,1993,9.22208296430717
113,Guyana,2,Female,1993,24.00826949923647
113,Guyana,3,Both,1993,16.738600178314762
140,Bahrain,1,Male,1996,16.63744114188114
140,Bahrain,2,Female,1996,34.27001673808013
140,Bahrain,3,Both,1996,23.35770497192244
116,Saint Lucia,1,Male,1999,9.38495314961525
116,Saint Lucia,2,Female,1999,24.148687471677626
116,Saint Lucia,3,Both,1999,17.0459637371469
35,Georgia,1,Male,1997,7.39932843077583
35,Georgia,2,Female,1997,14.15162286819713
35,Georgia,3,Both,1997,11.120449150335707
385,Puerto Rico,1,Male,2000,16.84634139407623
385,Puerto Rico,2,Female,2000,33.416205644677014
385,Puerto Rico,3,Both,2000,25.715043563304217
112,Grenada,1,Male,2005,9.17259189661471
112,Grenada,2,Female,2005,26.842314329456617
112,Grenada,3,Both,2005,18.11308987175245
212,Mauritania,1,Male,2006,19.09393505094984
212,Mauritania,2,Female,2006,28.047013841378497
212,Mauritania,3,Both,2006,23.729634172024163
367,Monaco,1,Male,2003,25.10755790809925
367,Monaco,2,Female,2003,37.54217659906454
367,Monaco,3,Both,2003,31.57758350955212
162,Bhutan,1,Male,1998,27.560257246706872
162,Bhutan,2,Female,1998,53.987228373054286
162,Bhutan,3,Both,1998,39.89010717085119
44,Bosnia and Herzegovina,1,Male,2002,9.54758477908553
44,Bosnia and Herzegovina,2,Female,2002,17.4976221586669
44,Bosnia and Herzegovina,3,Both,2002,13.69074489709602
99,Uruguay,1,Male,2002,13.618753263041269
99,Uruguay,2,Female,2002,22.27086731577714
99,Uruguay,3,Both,2002,18.21715008416939
183,Mauritius,1,Male,1992,8.91630700209442
183,Mauritius,2,Female,1992,15.96420836790047
183,Mauritius,3,Both,1992,12.48609258909954
173,Gabon,1,Male,1998,3.2027967789771803
173,Gabon,2,Female,1998,12.8868462971812
173,Gabon,3,Both,1998,8.07300130281012
92,Spain,1,Male,1996,17.050886708298922
92,Spain,2,Female,1996,26.80330898796236
92,Spain,3,Both,1996,22.14594326079446
179,Ethiopia,1,Male,2008,4.13687888924577
179,Ethiopia,2,Female,2008,10.71252086191993
179,Ethiopia,3,Both,2008,7.42846174524593
97,Argentina,1,Male,1996,10.365451144426313
97,Argentina,2,Female,1996,18.363419638608068
97,Argentina,3,Both,1996,14.56985504152522
206,The Gambia,1,Male,1995,4.717029185339
206,The Gambia,2,Female,1995,11.8229801065592
206,The Gambia,3,Both,1995,8.22724441150264
122,Ecuador,1,Male,2006,15.28526704676085
122,Ecuador,2,Female,2006,13.73551061162847
122,Ecuador,3,Both,2006,14.491758442916211
27,Samoa,1,Male,2000,19.66454403827489
27,Samoa,2,Female,2000,59.79363291907155
27,Samoa,3,Both,2000,39.13957353256168
161,Bangladesh,1,Male,2010,6.501877808526969
161,Bangladesh,2,Female,2010,19.93042900523649
161,Bangladesh,3,Both,2010,13.14827567345916
150,Oman,1,Male,2001,16.89778636433826
150,Oman,2,Female,2001,33.505565535238965
150,Oman,3,Both,2001,22.97267938889748
47,Czech Republic,1,Male,1991,11.85206017409472
47,Czech Republic,2,Female,1991,23.25508735651037
47,Czech Republic,3,Both,1991,17.89375140241719
374,Niue,1,Male,2010,22.754195206760592
374,Niue,2,Female,2010,41.41979327740577
374,Niue,3,Both,2010,32.15731117327794
14,Maldives,1,Male,2001,23.74982338921847
14,Maldives,2,Female,2001,50.09231158010854
14,Maldives,3,Both,2001,36.65832735321124
36,Kazakhstan,1,Male,2004,6.4942812090905
36,Kazakhstan,2,Female,2004,14.31405523503674
36,Kazakhstan,3,Both,2004,10.7153576011918
144,Jordan,1,Male,1996,16.12500369884702
144,Jordan,2,Female,1996,26.985639732191093
144,Jordan,3,Both,1996,21.25350833151325
177,Djibouti,1,Male,2004,3.1365999642338003
177,Djibouti,2,Female,2004,7.69773068463324
177,Djibouti,3,Both,2004,5.25036874685035
177,Djibouti,1,Male,1998,3.07050315329439
177,Djibouti,2,Female,1998,7.55900561069575
177,Djibouti,3,Both,1998,5.1559821951475895
107,Barbados,1,Male,1990,25.000155298835708
107,Barbados,2,Female,1990,50.26173986340765
107,Barbados,3,Both,1990,38.59395375061106
191,Zambia,1,Male,2001,5.03021604627443
191,Zambia,2,Female,2001,9.76703724070063
191,Zambia,3,Both,2001,7.418556112824031
140,Bahrain,1,Male,1993,16.135753847393918
140,Bahrain,2,Female,1993,34.09964481771127
140,Bahrain,3,Both,1993,22.8143635039591
413,Tokelau,1,Male,2006,21.62038370768777
413,Tokelau,2,Female,2006,40.64194057094974
413,Tokelau,3,Both,2006,31.322082222940463
380,Palau,1,Male,2003,18.74547224423744
380,Palau,2,Female,2003,39.73268759398339
380,Palau,3,Both,2003,27.850767987290848
141,Egypt,1,Male,1990,12.41612334866076
141,Egypt,2,Female,1990,34.09378375548995
141,Egypt,3,Both,1990,23.07965494919568
187,Somalia,1,Male,1992,2.93268347513786
187,Somalia,2,Female,1992,7.55872071676784
187,Somalia,3,Both,1992,5.31203302618674
165,Pakistan,1,Male,2010,14.96075934929541
165,Pakistan,2,Female,2010,16.41043201063284
165,Pakistan,3,Both,2010,15.66540596175416
108,Belize,1,Male,1990,8.34630361710192
108,Belize,2,Female,1990,22.39858020573432
108,Belize,3,Both,1990,15.23227295970154
48,Hungary,1,Male,2002,9.58411636052531
48,Hungary,2,Female,2002,19.97830869368879
48,Hungary,3,Both,2002,15.199661963683338
193,Botswana,1,Male,2000,9.30473778508834
193,Botswana,2,Female,2000,23.55941847968584
193,Botswana,3,Both,2000,16.9187606437503
116,Saint Lucia,1,Male,2005,9.85300850635552
116,Saint Lucia,2,Female,2005,25.60248306685319
116,Saint Lucia,3,Both,2005,17.942505652662298
142,Iran,1,Male,1998,13.88660519946819
142,Iran,2,Female,1998,32.91332839825747
142,Iran,3,Both,1998,23.18902257763111
101,Canada,1,Male,1996,7.22160407040083
101,Canada,2,Female,1996,12.72269580179005
101,Canada,3,Both,1996,10.06918786055412
183,Mauritius,1,Male,2008,10.23227292031513
183,Mauritius,2,Female,2008,18.99895187885769
183,Mauritius,3,Both,2008,14.714682241642771
126,Costa Rica,1,Male,2006,10.091908243259487
126,Costa Rica,2,Female,2006,18.867895483990345
126,Costa Rica,3,Both,2006,14.60732861275473
298,American Samoa,1,Male,1997,44.55990802148735
298,American Samoa,2,Female,1997,60.1197186416881
298,American Samoa,3,Both,1997,52.24897569447084
374,Niue,1,Male,1994,20.51778304423727
374,Niue,2,Female,1994,39.68191069173948
374,Niue,3,Both,1994,30.36349006042795
176,Comoros,1,Male,1998,2.35213578912034
176,Comoros,2,Female,1998,6.14180530108267
176,Comoros,3,Both,1998,4.30980472851236
57,Belarus,1,Male,1994,7.01264248611107
57,Belarus,2,Female,1994,16.62081446283913
57,Belarus,3,Both,1994,12.30646404043388
126,Costa Rica,1,Male,2001,9.70811997777499
126,Costa Rica,2,Female,2001,18.11031384020744
126,Costa Rica,3,Both,2001,13.99750591277589
142,Iran,1,Male,2009,13.95516496683781
142,Iran,2,Female,2009,34.237715257313624
142,Iran,3,Both,2009,23.9786996619908
8,Taiwan (Province of China),1,Male,2015,27.11529514179179
8,Taiwan (Province of China),2,Female,2015,35.96520329247841
8,Taiwan (Province of China),3,Both,2015,31.623798817090048
148,Morocco,1,Male,1996,21.87638419555779
148,Morocco,2,Female,1996,37.5008519633054
148,Morocco,3,Both,1996,29.83466479294506
194,Lesotho,1,Male,2009,2.1198984571966903
194,Lesotho,2,Female,2009,6.23174450917657
194,Lesotho,3,Both,2009,4.40364545692894
115,Jamaica,1,Male,2002,9.45233955114695
115,Jamaica,2,Female,2002,38.77660209574755
115,Jamaica,3,Both,2002,24.61171941872312
305,Bermuda,1,Male,2003,14.68896456939573
305,Bermuda,2,Female,2003,32.63194533269967
305,Bermuda,3,Both,2003,24.1166001543308
218,Togo,1,Male,2015,3.3310113604327203
218,Togo,2,Female,2015,6.614926421458501
218,Togo,3,Both,2015,5.11314698147093
197,Swaziland,1,Male,2000,8.657319363405799
197,Swaziland,2,Female,2000,17.22350224366582
197,Swaziland,3,Both,2000,13.389199583913362
171,Democratic Republic of the Congo,1,Male,1990,13.201551482929
171,Democratic Republic of the Congo,2,Female,1990,19.63305942026607
171,Democratic Republic of the Congo,3,Both,1990,16.57450130373144
123,Peru,1,Male,2010,11.19911092378813
123,Peru,2,Female,2010,14.643285817140288
123,Peru,3,Both,2010,12.94939938605629
152,Saudi Arabia,1,Male,2001,17.28408544345448
152,Saudi Arabia,2,Female,2001,34.08637074339154
152,Saudi Arabia,3,Both,2001,23.94391505236966
163,India,1,Male,2003,12.096174692974367
163,India,2,Female,2003,16.33622524193347
163,India,3,Both,2003,14.17551128430527
305,Bermuda,1,Male,1992,12.83803986240466
305,Bermuda,2,Female,1992,29.93147612488235
305,Bermuda,3,Both,1992,21.801240717815627
416,Tuvalu,1,Male,2000,14.50726870348188
416,Tuvalu,2,Female,2000,32.6688721319031
416,Tuvalu,3,Both,2000,24.28792517081321
187,Somalia,1,Male,2008,2.74160763632039
187,Somalia,2,Female,2008,7.63102724657114
187,Somalia,3,Both,2008,5.2382125465638
130,Mexico,1,Male,2001,9.40586670326538
130,Mexico,2,Female,2001,17.08863144333617
130,Mexico,3,Both,2001,13.419055124330333
201,Burkina Faso,1,Male,2000,4.57209687866219
201,Burkina Faso,2,Female,2000,8.39321852762414
201,Burkina Faso,3,Both,2000,6.65956904043528
52,Romania,1,Male,2002,13.75675690370985
52,Romania,2,Female,2002,28.92187910191702
52,Romania,3,Both,2002,21.69453378537496
40,Turkmenistan,1,Male,1999,4.71876302947387
40,Turkmenistan,2,Female,1999,11.167395353213989
40,Turkmenistan,3,Both,1999,8.06080978254664
130,Mexico,1,Male,2006,9.35198505352868
130,Mexico,2,Female,2006,17.44317411606984
130,Mexico,3,Both,2006,13.589200356768847
205,Cote d'Ivoire,1,Male,2000,6.6440968284121205
205,Cote d'Ivoire,2,Female,2000,10.83594332671974
205,Cote d'Ivoire,3,Both,2000,8.664662482304749
146,Lebanon,1,Male,1998,31.84550413044421
146,Lebanon,2,Female,1998,29.453095142259688
146,Lebanon,3,Both,1998,30.59113398133782
102,United States,1,Male,1991,15.29390823270636
102,United States,2,Female,1991,25.605937166680743
102,United States,3,Both,1991,20.70646319970853
156,United Arab Emirates,1,Male,2004,23.46226309178365
156,United Arab Emirates,2,Female,2004,29.93370787530915
156,United Arab Emirates,3,Both,2004,25.03397004891107
94,Switzerland,1,Male,2005,14.87058079324785
94,Switzerland,2,Female,2005,26.71828346104207
94,Switzerland,3,Both,2005,21.00718041173772
143,Iraq,1,Male,1999,33.55861317403415
143,Iraq,2,Female,1999,45.59057797862842
143,Iraq,3,Both,1999,39.32094863993864
180,Kenya,1,Male,1998,5.11155852804224
180,Kenya,2,Female,1998,19.032706853021512
180,Kenya,3,Both,1998,12.23513605893959
141,Egypt,1,Male,2007,11.40018545251545
141,Egypt,2,Female,2007,34.18832751976585
141,Egypt,3,Both,2007,22.5117695932504
376,Northern Mariana Islands,1,Male,2006,21.66620088041296
376,Northern Mariana Islands,2,Female,2006,41.06119392962101
376,Northern Mariana Islands,3,Both,2006,31.17884626465272
126,Costa Rica,1,Male,1993,9.23437360746059
126,Costa Rica,2,Female,1993,16.93081277336723
126,Costa Rica,3,Both,1993,13.14855149264298
40,Turkmenistan,1,Male,2004,4.9620320920349705
40,Turkmenistan,2,Female,2004,11.614343316014647
40,Turkmenistan,3,Both,2004,8.37699400136121
393,Saint Kitts and Nevis,1,Male,2010,11.12217544170298
393,Saint Kitts and Nevis,2,Female,2010,27.48355310917457
393,Saint Kitts and Nevis,3,Both,2010,19.28917139667846
171,Democratic Republic of the Congo,1,Male,2003,10.82316398446564
171,Democratic Republic of the Congo,2,Female,2003,18.82461618346741
171,Democratic Republic of the Congo,3,Both,2003,14.92427104321565
44,Bosnia and Herzegovina,1,Male,1999,9.45666259025993
44,Bosnia and Herzegovina,2,Female,1999,16.85489714738257
44,Bosnia and Herzegovina,3,Both,1999,13.318163028991888
193,Botswana,1,Male,1992,9.83539481984387
193,Botswana,2,Female,1992,23.098302994086488
193,Botswana,3,Both,1992,16.9727254504012
209,Guinea-Bissau,1,Male,2000,7.03386043524573
209,Guinea-Bissau,2,Female,2000,13.58920014698038
209,Guinea-Bissau,3,Both,2000,10.51807644395594
210,Liberia,1,Male,1995,11.4085504421611
210,Liberia,2,Female,1995,31.7383180340224
210,Liberia,3,Both,1995,21.70262095262832
152,Saudi Arabia,1,Male,2007,17.42671776247039
152,Saudi Arabia,2,Female,2007,35.138554788343626
152,Saudi Arabia,3,Both,2007,24.49322607433074
98,Chile,1,Male,2008,8.12003930438857
98,Chile,2,Female,2008,22.67321457153448
98,Chile,3,Both,2008,15.67669447551254
198,Zimbabwe,1,Male,2009,5.90378074830927
198,Zimbabwe,2,Female,2009,10.37180693913112
198,Zimbabwe,3,Both,2009,8.28155918538002
130,Mexico,1,Male,1993,9.78154717259164
130,Mexico,2,Female,1993,17.97237958128657
130,Mexico,3,Both,1993,14.02166612579619
44,Bosnia and Herzegovina,1,Male,2004,9.55506227670683
44,Bosnia and Herzegovina,2,Female,2004,17.74403299584449
44,Bosnia and Herzegovina,3,Both,2004,13.81567822802101
145,Kuwait,1,Male,1990,34.87819694873366
145,Kuwait,2,Female,1990,55.92971210234132
145,Kuwait,3,Both,1990,42.62986016627658
48,Hungary,1,Male,1999,9.62345251808012
48,Hungary,2,Female,1999,19.690088210082248
48,Hungary,3,Both,1999,15.067162057089082
142,Iran,1,Male,2001,13.86300664439982
142,Iran,2,Female,2001,33.37913291952941
142,Iran,3,Both,2001,23.401923421908048
155,Turkey,1,Male,1995,13.10224013617668
155,Turkey,2,Female,1995,25.44498416206898
155,Turkey,3,Both,1995,19.28758275434347
181,Madagascar,1,Male,1998,3.2495543951213604
181,Madagascar,2,Female,1998,7.8349200911358
181,Madagascar,3,Both,1998,5.57784927789276
374,Niue,1,Male,2005,22.647840810999607
374,Niue,2,Female,2005,41.49919308000703
374,Niue,3,Both,2005,32.12788230246798
191,Zambia,1,Male,1995,5.55085186599215
191,Zambia,2,Female,1995,10.06146667582605
191,Zambia,3,Both,1995,7.838148183916941
111,Dominican Republic,1,Male,1990,13.07425226386483
111,Dominican Republic,2,Female,1990,17.90747731432841
111,Dominican Republic,3,Both,1990,15.56256817428337
422,"Virgin Islands, U.S.",1,Male,2010,12.34995990431455
422,"Virgin Islands, U.S.",2,Female,2010,28.699812126410727
422,"Virgin Islands, U.S.",3,Both,2010,21.04722346823954
144,Jordan,1,Male,1993,16.53562811480317
144,Jordan,2,Female,1993,26.997205467975466
144,Jordan,3,Both,1993,21.4659015051228
181,Madagascar,1,Male,2004,3.09384269597252
181,Madagascar,2,Female,2004,7.72829250579588
181,Madagascar,3,Both,2004,5.45394091692083
169,Central African Republic,1,Male,2010,6.2555115889585
169,Central African Republic,2,Female,2010,17.55500595912787
169,Central African Republic,3,Both,2010,11.98482784634173
109,Cuba,1,Male,2002,12.34379134386726
109,Cuba,2,Female,2002,28.43500876983774
109,Cuba,3,Both,2002,20.48110609192966
154,Tunisia,1,Male,2010,10.01153114875445
154,Tunisia,2,Female,2010,15.563366838045251
154,Tunisia,3,Both,2010,12.84089797687799
216,Senegal,1,Male,2006,10.55056710738146
216,Senegal,2,Female,2006,16.349446828922503
216,Senegal,3,Both,2006,13.542368232305272
191,Zambia,1,Male,1992,5.77253512076667
191,Zambia,2,Female,1992,10.22229485519329
191,Zambia,3,Both,1992,8.03415982471082
39,Tajikistan,1,Male,1997,5.413184314462019
39,Tajikistan,2,Female,1997,11.26953704606529
39,Tajikistan,3,Both,1997,8.39909598109162
43,Albania,1,Male,1994,6.44062119779231
43,Albania,2,Female,1994,14.54209266199891
43,Albania,3,Both,1994,10.42304181795538
141,Egypt,1,Male,2004,12.045679525354547
141,Egypt,2,Female,2004,35.15435437186552
141,Egypt,3,Both,2004,23.34638631202873
212,Mauritania,1,Male,2003,18.63235331851368
212,Mauritania,2,Female,2003,26.892559829757374
212,Mauritania,3,Both,2003,22.90327642712618
185,Rwanda,1,Male,1998,2.51686034786396
185,Rwanda,2,Female,1998,6.972299790118661
185,Rwanda,3,Both,1998,4.93789744489845
170,Congo,1,Male,2011,7.151248100507369
170,Congo,2,Female,2011,10.71737152345282
170,Congo,3,Both,2011,8.94962652682964
115,Jamaica,1,Male,1990,9.42313064068461
115,Jamaica,2,Female,1990,37.39468935281481
115,Jamaica,3,Both,1990,23.97183875557184
127,El Salvador,1,Male,2010,10.83594214314356
127,El Salvador,2,Female,2010,18.66513762035324
127,El Salvador,3,Both,2010,15.22045650932315
160,Afghanistan,1,Male,2004,14.53327266731953
160,Afghanistan,2,Female,2004,30.07578902617436
160,Afghanistan,3,Both,2004,22.56126826521027
119,Trinidad and Tobago,1,Male,2002,15.49534123335927
119,Trinidad and Tobago,2,Female,2002,39.0953273187502
119,Trinidad and Tobago,3,Both,2002,27.31939887994322
149,Palestine,1,Male,1996,12.75308940660705
149,Palestine,2,Female,1996,44.30670252535864
149,Palestine,3,Both,1996,28.68270801105961
108,Belize,1,Male,2002,8.36932293801959
108,Belize,2,Female,2002,23.552220749746414
108,Belize,3,Both,2002,15.90427401197978
156,United Arab Emirates,1,Male,2001,22.55394521534939
156,United Arab Emirates,2,Female,2001,28.495541416351877
156,United Arab Emirates,3,Both,2001,24.0023123585008
185,Rwanda,1,Male,2004,2.46255671778371
185,Rwanda,2,Female,2004,6.9245038040099
185,Rwanda,3,Both,2004,4.91196773709007
160,Afghanistan,1,Male,1993,20.36940299110617
160,Afghanistan,2,Female,1993,32.6259635241202
160,Afghanistan,3,Both,1993,26.96714847585912
214,Nigeria,1,Male,1995,9.14832853831112
214,Nigeria,2,Female,1995,16.80287725212741
214,Nigeria,3,Both,1995,12.73566195582665
173,Gabon,1,Male,2010,2.85469568623052
173,Gabon,2,Female,2010,13.89332061530041
173,Gabon,3,Both,2010,8.42981656070285
98,Chile,1,Male,2005,8.16429864829198
98,Chile,2,Female,2005,22.4267659540216
98,Chile,3,Both,2005,15.56160510074444
156,United Arab Emirates,1,Male,2007,24.17159243216675
156,United Arab Emirates,2,Female,2007,30.89818772565086
156,United Arab Emirates,3,Both,2007,25.77500587918441
175,Burundi,1,Male,1990,3.49346394617795
175,Burundi,2,Female,1990,8.1553433732884
175,Burundi,3,Both,1990,5.95676699163515
396,San Marino,1,Male,2006,23.17617874731096
396,San Marino,2,Female,2006,32.77207453135558
396,San Marino,3,Both,2006,28.21480857410874
88,Malta,1,Male,2008,23.61763883204991
88,Malta,2,Female,2008,37.48689752778464
88,Malta,3,Both,2008,30.69684622907712
202,Cameroon,1,Male,2009,7.79197710786572
202,Cameroon,2,Female,2009,15.04426749646464
202,Cameroon,3,Both,2009,11.50198316367515
413,Tokelau,1,Male,2003,21.17955539598715
413,Tokelau,2,Female,2003,40.03917704548498
413,Tokelau,3,Both,2003,31.003837336083752
195,Namibia,1,Male,1992,14.10090323274478
195,Namibia,2,Female,1992,16.850105489526708
195,Namibia,3,Both,1992,15.54925499791752
61,Moldova,1,Male,1994,7.12862822413957
61,Moldova,2,Female,1994,16.10417997588444
61,Moldova,3,Both,1994,12.0085742268087
164,Nepal,1,Male,2004,7.490177466747911
164,Nepal,2,Female,2004,11.059203693216087
164,Nepal,3,Both,2004,9.29984302887912
128,Guatemala,1,Male,1999,3.7455167354408
128,Guatemala,2,Female,1999,7.4118799732488
128,Guatemala,3,Both,1999,5.66151202173445
131,Nicaragua,1,Male,2010,6.65845288506607
131,Nicaragua,2,Female,2010,14.61488654810822
131,Nicaragua,3,Both,2010,10.83513583987636
11,Indonesia,1,Male,2005,13.75113609296483
11,Indonesia,2,Female,2005,21.791818043744374
11,Indonesia,3,Both,2005,17.80876263721011
320,Cook Islands,1,Male,2009,23.53177869656449
320,Cook Islands,2,Female,2009,42.06872787650157
320,Cook Islands,3,Both,2009,32.9552609132162
102,United States,1,Male,2008,14.80168534177497
102,United States,2,Female,2008,27.61887487825855
102,United States,3,Both,2008,21.43842004056902
149,Palestine,1,Male,1993,12.75117960559346
149,Palestine,2,Female,1993,43.38572383770013
149,Palestine,3,Both,1993,28.44130813819592
152,Saudi Arabia,1,Male,1996,17.20495247508972
152,Saudi Arabia,2,Female,1996,33.35096533725089
152,Saudi Arabia,3,Both,1996,23.4471891494666
112,Grenada,1,Male,2002,9.13760532887416
112,Grenada,2,Female,2002,26.09633812306268
112,Grenada,3,Both,2002,17.75728173706051
184,Mozambique,1,Male,1998,3.28676339147838
184,Mozambique,2,Female,1998,7.431151187545081
184,Mozambique,3,Both,1998,5.52098523774282
153,Syria,1,Male,1996,17.03093142643747
153,Syria,2,Female,1996,32.730727637371935
153,Syria,3,Both,1996,24.6863974698197
160,Afghanistan,1,Male,2001,15.599572126594929
160,Afghanistan,2,Female,2001,30.1285062197899
160,Afghanistan,3,Both,2001,23.23387392143006
177,Djibouti,1,Male,2010,3.30585551538502
177,Djibouti,2,Female,2010,7.97357083147118
177,Djibouti,3,Both,2010,5.49259193236452
195,Namibia,1,Male,2001,13.71514134215445
195,Namibia,2,Female,2001,16.7359013794663
195,Namibia,3,Both,2001,15.31249163651268
170,Congo,1,Male,1995,7.729768198196949
170,Congo,2,Female,1995,11.01194041794926
170,Congo,3,Both,1995,9.43038972675654
164,Nepal,1,Male,1993,6.95752157417356
164,Nepal,2,Female,1993,10.59505081770331
164,Nepal,3,Both,1993,8.78976680193816
132,Panama,1,Male,1999,9.41701787247167
132,Panama,2,Female,1999,16.940899837894168
132,Panama,3,Both,1999,13.161813555530392
119,Trinidad and Tobago,1,Male,1990,13.96165765707064
119,Trinidad and Tobago,2,Female,1990,37.96604444928696
119,Trinidad and Tobago,3,Both,1990,26.078949709655618
116,Saint Lucia,1,Male,2002,9.60524739693484
116,Saint Lucia,2,Female,2002,24.78380439923657
116,Saint Lucia,3,Both,2002,17.43975410905965
117,Saint Vincent and the Grenadines,1,Male,1993,8.87500454083991
117,Saint Vincent and the Grenadines,2,Female,1993,23.22405012133617
117,Saint Vincent and the Grenadines,3,Both,1993,16.12089089063654
218,Togo,1,Male,1995,3.5975296091693303
218,Togo,2,Female,1995,6.385346857111609
218,Togo,3,Both,1995,5.09063607587667
170,Congo,1,Male,1998,7.309922205801719
170,Congo,2,Female,1998,10.732761414864129
170,Congo,3,Both,1998,9.06729056511584
206,The Gambia,1,Male,2009,4.71543789077983
206,The Gambia,2,Female,2009,12.48585101297347
206,The Gambia,3,Both,2009,8.712314165945061
376,Northern Mariana Islands,1,Male,2003,21.11827167348339
376,Northern Mariana Islands,2,Female,2003,40.630825463978745
376,Northern Mariana Islands,3,Both,2003,31.06978939804489
179,Ethiopia,1,Male,1990,4.43707389427066
179,Ethiopia,2,Female,1990,10.0049984532055
179,Ethiopia,3,Both,1990,7.29027115141396
160,Afghanistan,1,Male,2007,14.23178297742582
160,Afghanistan,2,Female,2007,30.52797173781507
160,Afghanistan,3,Both,2007,22.60928569915847
128,Guatemala,1,Male,2005,3.5174342019273803
128,Guatemala,2,Female,2005,7.432064277533181
128,Guatemala,3,Both,2005,5.57866302115363
102,United States,1,Male,2005,14.282364516446233
102,United States,2,Female,2005,26.479435296487186
102,United States,3,Both,2005,20.60571167468248
148,Morocco,1,Male,1999,22.19765247335578
148,Morocco,2,Female,1999,37.81734244928675
148,Morocco,3,Both,1999,30.191128851644088
156,United Arab Emirates,1,Male,1996,21.67784313584046
156,United Arab Emirates,2,Female,1996,27.51168576801665
156,United Arab Emirates,3,Both,1996,23.10175034664191
164,Nepal,1,Male,2001,7.350726562620751
164,Nepal,2,Female,2001,10.76411160854915
164,Nepal,3,Both,2001,9.06763737304713
135,Brazil,1,Male,2010,19.007983875713062
135,Brazil,2,Female,2010,30.14447747868877
135,Brazil,3,Both,2010,24.811078469340316
189,Tanzania,1,Male,1998,1.80875690038708
189,Tanzania,2,Female,1998,3.98883206449844
189,Tanzania,3,Both,1998,2.94603892431275
168,Angola,1,Male,2004,5.96660611537743
168,Angola,2,Female,2004,11.954539765470573
168,Angola,3,Both,2004,9.04805291006522
191,Zambia,1,Male,1998,5.29020131281849
191,Zambia,2,Female,1998,9.90053191304364
191,Zambia,3,Both,1998,7.62169898829979
168,Angola,1,Male,1993,6.04786426871858
168,Angola,2,Female,1993,11.79911091260557
168,Angola,3,Both,1993,8.91026263535938
203,Cape Verde,1,Male,1992,5.60735063666991
203,Cape Verde,2,Female,1992,16.36788071466028
203,Cape Verde,3,Both,1992,11.68153456620627
123,Peru,1,Male,2002,10.35552319094041
123,Peru,2,Female,2002,13.28395814875701
123,Peru,3,Both,2002,11.84379768640957
136,Paraguay,1,Male,1999,10.09840669843637
136,Paraguay,2,Female,1999,14.1801150639092
136,Paraguay,3,Both,1999,12.14236312804658
107,Barbados,1,Male,1991,25.033191469673422
107,Barbados,2,Female,1991,50.56099987090303
107,Barbados,3,Both,1991,38.745119897544924
522,Sudan,1,Male,2008,50.55342564228376
522,Sudan,2,Female,2008,65.79993852013298
522,Sudan,3,Both,2008,58.1889797134665
376,Northern Mariana Islands,1,Male,1992,20.98217302639432
376,Northern Mariana Islands,2,Female,1992,39.76570062384812
376,Northern Mariana Islands,3,Both,1992,29.970679926601463
157,Yemen,1,Male,1996,15.759807373779338
157,Yemen,2,Female,1996,29.50956754346123
157,Yemen,3,Both,1996,22.67835860355008
349,Greenland,1,Male,2009,6.6948876391916405
349,Greenland,2,Female,2009,14.80650040383994
349,Greenland,3,Both,2009,10.38854383116372
149,Palestine,1,Male,2007,12.57136510714058
149,Palestine,2,Female,2007,44.75642418369736
149,Palestine,3,Both,2007,28.61482240692379
181,Madagascar,1,Male,2010,3.06438466872429
181,Madagascar,2,Female,2010,7.777922879923469
181,Madagascar,3,Both,2010,5.4730226561364
435,South Sudan,1,Male,2000,3.49121062051852
435,South Sudan,2,Female,2000,7.83277830491805
435,South Sudan,3,Both,2000,5.53429479363481
191,Zambia,1,Male,2004,4.83011143688661
191,Zambia,2,Female,2004,9.72784153887881
191,Zambia,3,Both,2004,7.294285304603069
153,Syria,1,Male,1993,16.99881659539896
153,Syria,2,Female,1993,32.27472058006487
153,Syria,3,Both,1993,24.4536105934532
195,Namibia,1,Male,1998,13.827866911273128
195,Namibia,2,Female,1998,16.68847009791429
195,Namibia,3,Both,1998,15.34265633502762
112,Grenada,1,Male,1990,10.32741766800857
112,Grenada,2,Female,1990,25.940487200027263
112,Grenada,3,Both,1990,18.57777661546029
351,Guam,1,Male,2009,11.060346745393671
351,Guam,2,Female,2009,26.3726737998427
351,Guam,3,Both,2009,18.635138783146974
140,Bahrain,1,Male,1999,17.172062649215942
140,Bahrain,2,Female,1999,34.5920586962334
140,Bahrain,3,Both,1999,23.94481263329024
123,Peru,1,Male,1990,9.71028765651349
123,Peru,2,Female,1990,12.475271809195773
123,Peru,3,Both,1990,11.117712305100271
161,Bangladesh,1,Male,1996,6.36147175298715
161,Bangladesh,2,Female,1996,14.2563026027233
161,Bangladesh,3,Both,1996,10.05883195555262
210,Liberia,1,Male,2009,10.3347325692146
210,Liberia,2,Female,2009,33.60956567628543
210,Liberia,3,Both,2009,21.88804444707801
153,Syria,1,Male,2007,17.39190960519867
153,Syria,2,Female,2007,34.11357497573492
153,Syria,3,Both,2007,25.46875479655657
195,Namibia,1,Male,2004,13.63525437172815
195,Namibia,2,Female,2004,16.86716559196908
195,Namibia,3,Both,2004,15.34037916870902
160,Afghanistan,1,Male,1996,18.0007742081462
160,Afghanistan,2,Female,1996,31.30306319437443
160,Afghanistan,3,Both,1996,25.09656754190263
108,Belize,1,Male,2008,8.65809970047753
108,Belize,2,Female,2008,24.52531010055557
108,Belize,3,Both,2008,16.59529687886148
154,Tunisia,1,Male,2001,8.98861414920067
154,Tunisia,2,Female,2001,13.709893852494028
154,Tunisia,3,Both,2001,11.37285510851763
132,Panama,1,Male,2005,9.58157878152235
132,Panama,2,Female,2005,17.42186263679123
132,Panama,3,Both,2005,13.50155536362376
107,Barbados,1,Male,2008,27.207573016300213
107,Barbados,2,Female,2008,55.545595967386
107,Barbados,3,Both,2008,42.31349841761169
195,Namibia,1,Male,1995,13.963291419077231
195,Namibia,2,Female,1995,16.73358282440464
195,Namibia,3,Both,1995,15.428461565431812
393,Saint Kitts and Nevis,1,Male,1994,10.70985209598298
393,Saint Kitts and Nevis,2,Female,1994,26.191173377652323
393,Saint Kitts and Nevis,3,Both,1994,18.711807012791706
203,Cape Verde,1,Male,2001,4.59359141049341
203,Cape Verde,2,Female,2001,16.390441576292698
203,Cape Verde,3,Both,2001,11.02338781184264
52,Romania,1,Male,1999,13.31396335910081
52,Romania,2,Female,1999,28.13031268113943
52,Romania,3,Both,1999,21.06327891398842
185,Rwanda,1,Male,2010,2.41314323766481
185,Rwanda,2,Female,2010,6.9711178106909
185,Rwanda,3,Both,2010,4.86205413116075
367,Monaco,1,Male,2009,25.631260274185653
367,Monaco,2,Female,2009,37.94820762192182
367,Monaco,3,Both,2009,32.037598685545085
48,Hungary,1,Male,2004,9.71275603118985
48,Hungary,2,Female,2004,20.45709951413065
48,Hungary,3,Both,2004,15.51336586780137
207,Ghana,1,Male,1992,8.54118345148897
207,Ghana,2,Female,1992,14.58221530721022
207,Ghana,3,Both,1992,11.66488133789598
144,Jordan,1,Male,1999,16.26940867287296
144,Jordan,2,Female,1999,27.50843779235213
144,Jordan,3,Both,1999,21.62112639668248
213,Niger,1,Male,2000,8.48793695150321
213,Niger,2,Female,2000,16.962833500689
213,Niger,3,Both,2000,12.709311345253168
164,Nepal,1,Male,2007,7.647421076190549
164,Nepal,2,Female,2007,11.47366947323613
164,Nepal,3,Both,2007,9.61540100401754
183,Mauritius,1,Male,1990,8.98314542080931
183,Mauritius,2,Female,1990,15.90868715496918
183,Mauritius,3,Both,1990,12.49384294949742
396,San Marino,1,Male,2003,22.28378180288945
396,San Marino,2,Female,2003,32.05647043184488
396,San Marino,3,Both,2003,27.40356294267688
139,Algeria,1,Male,2010,20.16195914190238
139,Algeria,2,Female,2010,37.88764774519687
139,Algeria,3,Both,2010,28.96301195677226
66,Brunei,1,Male,1994,14.76550629481006
66,Brunei,2,Female,1994,23.44067022561078
66,Brunei,3,Both,1994,18.809218036912508
127,El Salvador,1,Male,1990,9.39489383870005
127,El Salvador,2,Female,1990,15.58667864531952
127,El Salvador,3,Both,1990,12.67657400986465
136,Paraguay,1,Male,2005,10.33295596720219
136,Paraguay,2,Female,2005,14.442177869652667
136,Paraguay,3,Both,2005,12.38896724826338
172,Equatorial Guinea,1,Male,2004,8.45938239069052
172,Equatorial Guinea,2,Female,2004,15.9910250939305
172,Equatorial Guinea,3,Both,2004,12.6822586085106
396,San Marino,1,Male,1992,19.36796747176091
396,San Marino,2,Female,1992,30.24437791128362
396,San Marino,3,Both,1992,24.96610708665889
207,Ghana,1,Male,2001,6.26959980006697
207,Ghana,2,Female,2001,12.209462598907
207,Ghana,3,Both,2001,9.33436022174636
172,Equatorial Guinea,1,Male,1993,8.47028598846129
172,Equatorial Guinea,2,Female,1993,13.82572495109851
172,Equatorial Guinea,3,Both,1993,11.48081164786382
380,Palau,1,Male,2009,19.3801523353983
380,Palau,2,Female,2009,39.68789326685712
380,Palau,3,Both,2009,28.74675709061148
145,Kuwait,1,Male,2004,36.780505992526656
145,Kuwait,2,Female,2004,59.25897841626592
145,Kuwait,3,Both,2004,44.77957686051536
351,Guam,1,Male,1997,8.26678731016031
351,Guam,2,Female,1997,23.32756189144944
351,Guam,3,Both,1997,15.464432580596322
157,Yemen,1,Male,1993,15.59501351768389
157,Yemen,2,Female,1993,29.41931248095993
157,Yemen,3,Both,1993,22.591789100274053
145,Kuwait,1,Male,2007,37.25523953012704
145,Kuwait,2,Female,2007,60.59155343855196
145,Kuwait,3,Both,2007,45.81184851515808
35,Georgia,1,Male,2000,7.39576525569689
35,Georgia,2,Female,2000,14.166976933348549
35,Georgia,3,Both,2000,11.133436356726287
112,Grenada,1,Male,2008,9.42169991370574
112,Grenada,2,Female,2008,27.698322870025137
112,Grenada,3,Both,2008,18.62335736026347
203,Cape Verde,1,Male,2004,4.3982859253104
203,Cape Verde,2,Female,2004,16.60888139399371
203,Cape Verde,3,Both,2004,10.95198260339407
109,Cuba,1,Male,1999,11.95012173416542
109,Cuba,2,Female,1999,27.423449544354973
109,Cuba,3,Both,1999,19.76618368182806
214,Nigeria,1,Male,2009,9.16326564967884
214,Nigeria,2,Female,2009,16.74855524061151
214,Nigeria,3,Both,2009,12.97134366453152
128,Guatemala,1,Male,2002,3.55533993066494
128,Guatemala,2,Female,2002,7.29311240701559
128,Guatemala,3,Both,2002,5.51610340613303
140,Bahrain,1,Male,2005,17.81042899647015
140,Bahrain,2,Female,2005,36.32078738622696
140,Bahrain,3,Both,2005,24.61852259567168
178,Eritrea,1,Male,1992,1.40243217234324
178,Eritrea,2,Female,1992,3.5657915181893403
178,Eritrea,3,Both,1992,2.55717301287493
113,Guyana,1,Male,2002,9.622849913200987
113,Guyana,2,Female,2002,26.37858327949532
113,Guyana,3,Both,2002,18.06332667543664
211,Mali,1,Male,2001,13.012214634099688
211,Mali,2,Female,2001,15.11155721341619
211,Mali,3,Both,2001,14.08319640100432
121,Bolivia,1,Male,1993,10.17647183025451
121,Bolivia,2,Female,1993,12.43706986442528
121,Bolivia,3,Both,1993,11.3458160714861
47,Czech Republic,1,Male,1994,11.98767849237368
47,Czech Republic,2,Female,1994,23.8460947990049
47,Czech Republic,3,Both,1994,18.25948627120825
157,Yemen,1,Male,2007,15.69774899191172
157,Yemen,2,Female,2007,30.07336242137605
157,Yemen,3,Both,2007,22.86148077309321
165,Pakistan,1,Male,1996,14.94058663576941
165,Pakistan,2,Female,1996,15.76489904755426
165,Pakistan,3,Both,1996,15.329149678369062
203,Cape Verde,1,Male,1995,5.18838300299829
203,Cape Verde,2,Female,1995,16.22405036542375
203,Cape Verde,3,Both,1995,11.33587349965066
413,Tokelau,1,Male,2009,21.473607533105
413,Tokelau,2,Female,2009,40.75036199912999
413,Tokelau,3,Both,2009,31.35216711120697
149,Palestine,1,Male,1999,12.73043847396698
149,Palestine,2,Female,1999,44.32277852012445
149,Palestine,3,Both,1999,28.528500677695156
116,Saint Lucia,1,Male,2008,10.20428064645034
116,Saint Lucia,2,Female,2008,26.427772666133432
116,Saint Lucia,3,Both,2008,18.506509695337662
164,Nepal,1,Male,1996,7.098225404188501
164,Nepal,2,Female,1996,10.60028633651099
164,Nepal,3,Both,1996,8.859498946672339
144,Jordan,1,Male,2005,17.020516231948278
144,Jordan,2,Female,2005,28.62186313394281
144,Jordan,3,Both,2005,22.61872269914212
109,Cuba,1,Male,2005,13.05851472078991
109,Cuba,2,Female,2005,30.191539008680067
109,Cuba,3,Both,2005,21.73625331996619
207,Ghana,1,Male,2004,5.84799131532973
207,Ghana,2,Female,2004,12.21572349868848
207,Ghana,3,Both,2004,9.15412534503391
107,Barbados,1,Male,2005,26.61079397607749
107,Barbados,2,Female,2005,54.94359092879911
107,Barbados,3,Both,2005,41.71766207180698
216,Senegal,1,Male,2003,10.47925027134961
216,Senegal,2,Female,2003,16.23391808469756
216,Senegal,3,Both,2003,13.45337563360581
203,Cape Verde,1,Male,1998,4.866427595123031
203,Cape Verde,2,Female,1998,16.287730111486752
203,Cape Verde,3,Both,1998,11.1647768696467
132,Panama,1,Male,2002,9.477261541039807
132,Panama,2,Female,2002,17.14736099281922
132,Panama,3,Both,2002,13.30382674170472
191,Zambia,1,Male,2010,4.81892616310478
191,Zambia,2,Female,2010,10.02093892946334
191,Zambia,3,Both,2010,7.437204795313181
215,Sao Tome and Principe,1,Male,2001,2.85493905763371
215,Sao Tome and Principe,2,Female,2001,10.81073575261066
215,Sao Tome and Principe,3,Both,2001,7.03350855590134
161,Bangladesh,1,Male,2007,6.15045304188806
161,Bangladesh,2,Female,2007,17.66975859406838
161,Bangladesh,3,Both,2007,11.78246911765684
131,Nicaragua,1,Male,1990,6.18705955410117
131,Nicaragua,2,Female,1990,13.20739811101657
131,Nicaragua,3,Both,1990,9.870353788870071
169,Central African Republic,1,Male,1996,7.10905137954319
169,Central African Republic,2,Female,1996,17.80841228437385
169,Central African Republic,3,Both,1996,12.63381049364923
207,Ghana,1,Male,1995,7.805064635641661
207,Ghana,2,Female,1995,13.67800318439528
207,Ghana,3,Both,1995,10.83363889837376
168,Angola,1,Male,2007,5.99320596699313
168,Angola,2,Female,2007,12.01329551388705
168,Angola,3,Both,2007,9.11727573668598
187,Somalia,1,Male,1990,2.79168868227956
187,Somalia,2,Female,1990,7.4134934030682995
187,Somalia,3,Both,1990,5.12424497225345
153,Syria,1,Male,1999,17.16336671166374
153,Syria,2,Female,1999,33.05950882620956
153,Syria,3,Both,1999,24.91309840879454
152,Saudi Arabia,1,Male,1999,17.40836618677824
152,Saudi Arabia,2,Female,1999,34.05869006894706
152,Saudi Arabia,3,Both,1999,23.9429150264453
43,Albania,1,Male,1997,6.89694057704004
43,Albania,2,Female,1997,15.08976185131846
43,Albania,3,Both,1997,10.97282552679313
178,Eritrea,1,Male,1995,1.36544641845767
178,Eritrea,2,Female,1995,3.50565299634489
178,Eritrea,3,Both,1995,2.50784330303592
116,Saint Lucia,1,Male,1990,9.03506941546682
116,Saint Lucia,2,Female,1990,23.10535561015156
116,Saint Lucia,3,Both,1990,16.46980952929518
136,Paraguay,1,Male,2002,10.17630905487233
136,Paraguay,2,Female,2002,14.29693539380324
136,Paraguay,3,Both,2002,12.23930601017312
195,Namibia,1,Male,2010,13.697763658328698
195,Namibia,2,Female,2010,17.473151932383242
195,Namibia,3,Both,2010,15.69301652775857
165,Pakistan,1,Male,2007,14.812938458565212
165,Pakistan,2,Female,2007,16.04556040551107
165,Pakistan,3,Both,2007,15.40790888721159
51,Poland,1,Male,1991,13.193916282560613
51,Poland,2,Female,1991,27.619969440987667
51,Poland,3,Both,1991,20.82236499260477
369,Nauru,1,Male,2009,11.9924056482713
369,Nauru,2,Female,2009,31.684080395977297
369,Nauru,3,Both,2009,21.95490485660293
135,Brazil,1,Male,1990,16.09751987377642
135,Brazil,2,Female,1990,24.79219562512338
135,Brazil,3,Both,1990,20.57875259588543
113,Guyana,1,Male,1999,9.23968332684189
113,Guyana,2,Female,1999,25.18214594643612
113,Guyana,3,Both,1999,17.292872838483518
211,Mali,1,Male,1995,13.199016137946252
211,Mali,2,Female,1995,14.97747236998521
211,Mali,3,Both,1995,14.1232253369641
182,Malawi,1,Male,1992,4.01406782290252
182,Malawi,2,Female,1992,5.12745110503524
182,Malawi,3,Both,1992,4.58243336143285
147,Libya,1,Male,1998,15.75280922594783
147,Libya,2,Female,1998,32.653376096281086
147,Libya,3,Both,1998,23.76895103972743
161,Bangladesh,1,Male,1993,6.585545380969069
161,Bangladesh,2,Female,1993,14.67066821270732
161,Bangladesh,3,Both,1993,10.36748871512797
113,Guyana,1,Male,2005,10.00222080832194
113,Guyana,2,Female,2005,27.27125719794389
113,Guyana,3,Both,2005,18.7057619227178
149,Palestine,1,Male,2005,12.57389699519988
149,Palestine,2,Female,2005,44.57145027437468
149,Palestine,3,Both,2005,28.50708708562779
92,Spain,1,Male,2008,16.522378668900252
92,Spain,2,Female,2008,26.83312264475229
92,Spain,3,Both,2008,21.80089264938449
39,Tajikistan,1,Male,2000,5.44124145031302
39,Tajikistan,2,Female,2000,10.98865179732552
39,Tajikistan,3,Both,2000,8.26055274154032
51,Poland,1,Male,1994,13.62526806819388
51,Poland,2,Female,1994,28.40808297038458
51,Poland,3,Both,1994,21.454943189900742
197,Swaziland,1,Male,1992,8.891847332169469
197,Swaziland,2,Female,1992,16.889320723591318
197,Swaziland,3,Both,1992,13.33527538465929
393,Saint Kitts and Nevis,1,Male,2005,10.5933509615158
393,Saint Kitts and Nevis,2,Female,2005,26.61282140764542
393,Saint Kitts and Nevis,3,Both,2005,18.62991016521205
146,Lebanon,1,Male,2009,33.55854290249361
146,Lebanon,2,Female,2009,30.57897986302562
146,Lebanon,3,Both,2009,31.98791183129229
173,Gabon,1,Male,1996,3.26960497380862
173,Gabon,2,Female,1996,12.6465619837457
173,Gabon,3,Both,1996,7.98350252887251
163,India,1,Male,1995,12.01274124001889
163,India,2,Female,1995,15.50852737134961
163,India,3,Both,1995,13.69711751238848
374,Niue,1,Male,1997,20.828772049700188
374,Niue,2,Female,1997,39.9883868197014
374,Niue,3,Both,1997,30.594291646807
150,Oman,1,Male,1990,14.70864490665002
150,Oman,2,Female,1990,31.48244880857436
150,Oman,3,Both,1990,20.18280167790384
193,Botswana,1,Male,2008,8.66660499221411
193,Botswana,2,Female,2008,24.03828377328658
193,Botswana,3,Both,2008,16.79123835495025
142,Iran,1,Male,2006,13.8512323158029
142,Iran,2,Female,2006,33.964037884823526
142,Iran,3,Both,2006,23.72931832010325
169,Central African Republic,1,Male,2007,6.29458611165256
169,Central African Republic,2,Female,2007,17.47306607422018
169,Central African Republic,3,Both,2007,11.95001578430962
139,Algeria,1,Male,1990,18.80038611277456
139,Algeria,2,Female,1990,35.14045193937066
139,Algeria,3,Both,1990,26.95446125563506
215,Sao Tome and Principe,1,Male,1995,3.12963337521963
215,Sao Tome and Principe,2,Female,1995,11.0877024542004
215,Sao Tome and Principe,3,Both,1995,7.320124423392881
157,Yemen,1,Male,1999,15.81156173832435
157,Yemen,2,Female,1999,29.47560302389144
157,Yemen,3,Both,1999,22.65009889829694
175,Burundi,1,Male,2003,3.40679351084758
175,Burundi,2,Female,2003,8.13710494951006
175,Burundi,3,Both,2003,5.81012305330976
165,Pakistan,1,Male,1993,15.17850762521972
165,Pakistan,2,Female,1993,15.84631514357793
165,Pakistan,3,Both,1993,15.492392634404458
153,Syria,1,Male,2005,17.42858539477368
153,Syria,2,Female,2005,33.81068590067311
153,Syria,3,Both,2005,25.39002522874576
142,Iran,1,Male,1993,13.93903520154364
142,Iran,2,Female,1993,32.58159178583192
142,Iran,3,Both,1993,23.03658388670193
177,Djibouti,1,Male,1996,3.05921709063782
177,Djibouti,2,Female,1996,7.52325873442889
177,Djibouti,3,Both,1996,5.1445696990275
422,"Virgin Islands, U.S.",1,Male,2005,10.32232246046275
422,"Virgin Islands, U.S.",2,Female,2005,25.821349603046063
422,"Virgin Islands, U.S.",3,Both,2005,18.59986930738161
146,Lebanon,1,Male,2001,31.85560773076669
146,Lebanon,2,Female,2001,29.25576470560382
146,Lebanon,3,Both,2001,30.49389488789257
203,Cape Verde,1,Male,2010,4.32138933596715
203,Cape Verde,2,Female,2010,17.09950868944755
203,Cape Verde,3,Both,2010,10.93322050851747
52,Romania,1,Male,2004,14.08670604492788
52,Romania,2,Female,2004,29.5642871228117
52,Romania,3,Both,2004,22.19158711865564
217,Sierra Leone,1,Male,2000,8.05837086303924
217,Sierra Leone,2,Female,2000,14.176563616962582
217,Sierra Leone,3,Both,2000,11.295590452211773
143,Iraq,1,Male,2010,34.90860872263167
143,Iraq,2,Female,2010,47.93252116161496
143,Iraq,3,Both,2010,41.12509550687663
173,Gabon,1,Male,2007,2.85506803994977
173,Gabon,2,Female,2007,13.61318351334086
173,Gabon,3,Both,2007,8.2699340654665
151,Qatar,1,Male,1998,17.3437216502872
151,Qatar,2,Female,1998,40.27148481737407
151,Qatar,3,Both,1998,23.58754614237076
168,Angola,1,Male,2001,5.972770060953
168,Angola,2,Female,2001,11.91159547267241
168,Angola,3,Both,2001,9.00015062375687
176,Comoros,1,Male,2004,2.18967100566112
176,Comoros,2,Female,2004,6.50626482647121
176,Comoros,3,Both,2004,4.40472014713148
168,Angola,1,Male,1996,6.0099007796293495
168,Angola,2,Female,1996,11.80172387686542
168,Angola,3,Both,1996,8.91717909710187
74,Andorra,1,Male,1994,16.27965999316028
74,Andorra,2,Female,1994,25.34825038629471
74,Andorra,3,Both,1994,20.49626887845638
172,Equatorial Guinea,1,Male,2007,8.53220204754008
172,Equatorial Guinea,2,Female,2007,17.32641822526507
172,Equatorial Guinea,3,Both,2007,13.39261207174845
176,Comoros,1,Male,1993,2.50650684165112
176,Comoros,2,Female,1993,6.4495691422536
176,Comoros,3,Both,1993,4.54933871669259
47,Czech Republic,1,Male,1997,12.14232632581593
47,Czech Republic,2,Female,1997,24.380691685747298
47,Czech Republic,3,Both,1997,18.59481418377708
127,El Salvador,1,Male,2002,10.479082304013131
127,El Salvador,2,Female,2002,17.61184072741799
127,El Salvador,3,Both,2002,14.4003220343266
143,Iraq,1,Male,1990,34.92402003581674
143,Iraq,2,Female,1990,47.201855043072285
143,Iraq,3,Both,1990,40.91401027325665
109,Cuba,1,Male,1996,11.98477827186369
109,Cuba,2,Female,1996,27.335739250291656
109,Cuba,3,Both,1996,19.734381831085276
161,Bangladesh,1,Male,1999,6.14289314583728
161,Bangladesh,2,Female,1999,14.1675626395031
161,Bangladesh,3,Both,1999,9.92936393432092
150,Oman,1,Male,2004,17.26069342062937
150,Oman,2,Female,2004,34.21348488360252
150,Oman,3,Both,2004,23.68806296817949
369,Nauru,1,Male,1997,12.93861408367136
369,Nauru,2,Female,1997,32.95378251634419
369,Nauru,3,Both,1997,22.78496633156581
117,Saint Vincent and the Grenadines,1,Male,2002,9.26751897022856
117,Saint Vincent and the Grenadines,2,Female,2002,24.136737922955
117,Saint Vincent and the Grenadines,3,Both,2002,16.64069340517402
111,Dominican Republic,1,Male,1991,13.078261474705691
111,Dominican Republic,2,Female,1991,17.93020315230475
111,Dominican Republic,3,Both,1991,15.58518277274053
186,Seychelles,1,Male,1992,11.85092904035064
186,Seychelles,2,Female,1992,20.763365956354548
186,Seychelles,3,Both,1992,16.36346400022656
190,Uganda,1,Male,1998,3.1980058487554897
190,Uganda,2,Female,1998,7.85280142332888
190,Uganda,3,Both,1998,5.62747733170061
179,Ethiopia,1,Male,2003,3.97711370874866
179,Ethiopia,2,Female,2003,9.75381372655534
179,Ethiopia,3,Both,2003,6.85163642594754
182,Malawi,1,Male,1995,4.04905436471825
182,Malawi,2,Female,1995,5.10691604251985
182,Malawi,3,Both,1995,4.59015556777081
111,Dominican Republic,1,Male,2005,14.46707262305129
111,Dominican Republic,2,Female,2005,19.55003392779103
111,Dominican Republic,3,Both,2005,17.03013680154821
55,Slovenia,1,Male,1991,11.05024061500688
55,Slovenia,2,Female,1991,21.63335003175034
55,Slovenia,3,Both,1991,16.63788701910872
385,Puerto Rico,1,Male,2009,19.98191684555278
385,Puerto Rico,2,Female,2009,36.66541630882135
385,Puerto Rico,3,Both,2009,28.92440303854477
305,Bermuda,1,Male,1995,12.95326282733788
305,Bermuda,2,Female,1995,30.14333438376448
305,Bermuda,3,Both,1995,21.96995145986486
218,Togo,1,Male,2009,3.10444870261357
218,Togo,2,Female,2009,6.2726876992946
218,Togo,3,Both,2009,4.80334701632577
43,Albania,1,Male,2000,7.56266777325385
43,Albania,2,Female,2000,15.91717742611958
43,Albania,3,Both,2000,11.76538550372484
125,Colombia,1,Male,1993,14.5225218506443
125,Colombia,2,Female,1993,26.72662847029995
125,Colombia,3,Both,1993,20.81500955837019
117,Saint Vincent and the Grenadines,1,Male,1999,8.93050102371479
117,Saint Vincent and the Grenadines,2,Female,1999,23.5500000626967
117,Saint Vincent and the Grenadines,3,Both,1999,16.20592447651726
113,Guyana,1,Male,1996,9.10920388017722
113,Guyana,2,Female,1996,24.39630670825149
113,Guyana,3,Both,1996,16.86016512161207
105,Antigua and Barbuda,1,Male,1996,9.87636653547226
105,Antigua and Barbuda,2,Female,1996,23.91046717164209
105,Antigua and Barbuda,3,Both,1996,17.48442194468048
162,Bhutan,1,Male,2010,28.1601832830658
162,Bhutan,2,Female,2010,56.54341618095451
162,Bhutan,3,Both,2010,41.28834685742757
385,Puerto Rico,1,Male,1997,16.242804573109098
385,Puerto Rico,2,Female,1997,32.22700340766093
385,Puerto Rico,3,Both,1997,24.79071964302993
55,Slovenia,1,Male,1994,11.14216635006718
55,Slovenia,2,Female,1994,21.73463708755387
55,Slovenia,3,Both,1994,16.72525816282888
146,Lebanon,1,Male,1993,31.44239122024219
146,Lebanon,2,Female,1993,29.3672397433862
146,Lebanon,3,Both,1993,30.34985615456102
186,Seychelles,1,Male,1995,11.76116847762089
186,Seychelles,2,Female,1995,20.41063716000538
186,Seychelles,3,Both,1995,16.16042287477029
128,Guatemala,1,Male,2008,3.59747428596082
128,Guatemala,2,Female,2008,7.7599215959350305
128,Guatemala,3,Both,2008,5.79740287523176
169,Central African Republic,1,Male,1993,7.33859465031887
169,Central African Republic,2,Female,1993,17.927743968814642
169,Central African Republic,3,Both,1993,12.84503892095451
154,Tunisia,1,Male,2004,9.19035267198241
154,Tunisia,2,Female,2004,14.003423828968058
154,Tunisia,3,Both,2004,11.63239444946259
51,Poland,1,Male,1997,14.14228861204333
51,Poland,2,Female,1997,29.0843725896064
51,Poland,3,Both,1997,22.062073868965808
211,Mali,1,Male,1992,13.31984258153566
211,Mali,2,Female,1992,15.07210233716978
211,Mali,3,Both,1992,14.23520072342866
117,Saint Vincent and the Grenadines,1,Male,2005,9.78084692123421
117,Saint Vincent and the Grenadines,2,Female,2005,24.93922179347628
117,Saint Vincent and the Grenadines,3,Both,2005,17.27237508277073
59,Latvia,1,Male,1991,8.335421251072649
59,Latvia,2,Female,1991,20.12800888957558
59,Latvia,3,Both,1991,14.941818896431313
181,Madagascar,1,Male,1996,3.32531530882861
181,Madagascar,2,Female,1996,7.88723808485895
181,Madagascar,3,Both,1996,5.63797260873195
132,Panama,1,Male,2008,9.76449936898426
132,Panama,2,Female,2008,17.90545427932094
132,Panama,3,Both,2008,13.842719824517449
155,Turkey,1,Male,1998,13.33509628841938
155,Turkey,2,Female,1998,25.90970783716012
155,Turkey,3,Both,1998,19.65074530906231
60,Lithuania,1,Male,1999,10.49325548041629
60,Lithuania,2,Female,1999,20.21891299343615
60,Lithuania,3,Both,1999,15.87910189389754
60,Lithuania,1,Male,2002,11.11324708429374
60,Lithuania,2,Female,2002,21.28314445586701
60,Lithuania,3,Both,2002,16.75770769230121
197,Swaziland,1,Male,2008,8.18551054764
197,Swaziland,2,Female,2008,18.47077346954145
197,Swaziland,3,Both,2008,13.7774496160231
201,Burkina Faso,1,Male,1992,5.02072946341591
201,Burkina Faso,2,Female,1992,8.798300171980781
201,Burkina Faso,3,Both,1992,7.09062324412739
11,Indonesia,1,Male,1991,14.205344538853833
11,Indonesia,2,Female,1991,22.25942449973347
11,Indonesia,3,Both,1991,18.30181197416782
171,Democratic Republic of the Congo,1,Male,1995,12.34968949467176
171,Democratic Republic of the Congo,2,Female,1995,19.70992123162483
171,Democratic Republic of the Congo,3,Both,1995,16.180717952318428
147,Libya,1,Male,2001,15.753436953371413
147,Libya,2,Female,2001,32.84969984152275
147,Libya,3,Both,2001,23.939583415153027
146,Lebanon,1,Male,2006,32.61922886050108
146,Lebanon,2,Female,2006,29.851836100820712
146,Lebanon,3,Both,2006,31.16405319058082
422,"Virgin Islands, U.S.",1,Male,1994,8.62385439843286
422,"Virgin Islands, U.S.",2,Female,1994,22.07254581956784
422,"Virgin Islands, U.S.",3,Both,1994,15.742854232933508
393,Saint Kitts and Nevis,1,Male,1997,10.3698231769376
393,Saint Kitts and Nevis,2,Female,1997,25.90901070051269
393,Saint Kitts and Nevis,3,Both,1997,18.31844580666859
416,Tuvalu,1,Male,2009,14.16994136520361
416,Tuvalu,2,Female,2009,32.38615773581261
416,Tuvalu,3,Both,2009,23.53220889819225
416,Tuvalu,1,Male,1997,14.43775220038191
416,Tuvalu,2,Female,1997,32.40264807014703
416,Tuvalu,3,Both,1997,24.22848649671841
129,Honduras,1,Male,1993,7.17832439523942
129,Honduras,2,Female,1993,14.45976284766293
129,Honduras,3,Both,1993,10.935648928499427
121,Bolivia,1,Male,1999,10.42812805690383
121,Bolivia,2,Female,1999,12.82139548384637
121,Bolivia,3,Both,1999,11.6586467927648
47,Czech Republic,1,Male,2000,12.17749873441694
47,Czech Republic,2,Female,2000,24.55894780917308
47,Czech Republic,3,Both,2000,18.677786417152458
23,Kiribati,1,Male,2013,25.812485795129543
23,Kiribati,2,Female,2013,49.89992316146501
23,Kiribati,3,Both,2013,38.53702561349779
178,Eritrea,1,Male,1998,1.32599446208326
178,Eritrea,2,Female,1998,3.4512283150824503
178,Eritrea,3,Both,1998,2.45772759295152
162,Bhutan,1,Male,2001,27.974448728530238
162,Bhutan,2,Female,2001,55.051229773855056
162,Bhutan,3,Both,2001,40.50698305863383
18,Thailand,1,Male,1998,7.67280498763029
18,Thailand,2,Female,1998,13.757938520045702
18,Thailand,3,Both,1998,10.83011619710575
121,Bolivia,1,Male,2002,10.6030593760578
121,Bolivia,2,Female,2002,13.224559917423278
121,Bolivia,3,Both,2002,11.94706213715708
175,Burundi,1,Male,1995,3.5006002215039898
175,Burundi,2,Female,1995,8.1752144938312
175,Burundi,3,Both,1995,5.953779050483219
14,Maldives,1,Male,1992,23.87176296690777
14,Maldives,2,Female,1992,51.224093092800224
14,Maldives,3,Both,1992,36.9372350969804
147,Libya,1,Male,1993,15.79390026334827
147,Libya,2,Female,1993,32.59238217850251
147,Libya,3,Both,1993,23.47355844984305
163,India,1,Male,1998,12.0533426510194
163,India,2,Female,1998,15.738319999523458
163,India,3,Both,1998,13.84054164780269
205,Cote d'Ivoire,1,Male,1992,6.89254919669042
205,Cote d'Ivoire,2,Female,1992,10.87661052302818
205,Cote d'Ivoire,3,Both,1992,8.79565304867463
201,Burkina Faso,1,Male,2008,4.03547531343552
201,Burkina Faso,2,Female,2008,8.30992744268034
201,Burkina Faso,3,Both,2008,6.33852806413477
165,Pakistan,1,Male,1999,14.68980602082942
165,Pakistan,2,Female,1999,15.63173866031889
165,Pakistan,3,Both,1999,15.136532425602562
173,Gabon,1,Male,1993,3.38773835725962
173,Gabon,2,Female,1993,12.31895306386263
173,Gabon,3,Both,1993,7.8754703149479
211,Mali,1,Male,2004,13.14780168184744
211,Mali,2,Female,2004,15.465347775621211
211,Mali,3,Both,2004,14.3244590892747
215,Sao Tome and Principe,1,Male,1992,3.1672438768904403
215,Sao Tome and Principe,2,Female,1992,11.20239152291236
215,Sao Tome and Principe,3,Both,1992,7.398053037844329
320,Cook Islands,1,Male,2001,22.13239227105691
320,Cook Islands,2,Female,2001,41.10633911248196
320,Cook Islands,3,Both,2001,31.294955397742218
422,"Virgin Islands, U.S.",1,Male,1997,9.00868450621805
422,"Virgin Islands, U.S.",2,Female,1997,23.08194081216032
422,"Virgin Islands, U.S.",3,Both,1997,16.47742981255026
183,Mauritius,1,Male,2003,9.30878875189501
183,Mauritius,2,Female,2003,17.33670052351661
183,Mauritius,3,Both,2003,13.41426417712658
207,Ghana,1,Male,1998,7.004841257779749
207,Ghana,2,Female,1998,12.84332504545965
207,Ghana,3,Both,1998,10.01072962493384
185,Rwanda,1,Male,1996,2.61960011452028
185,Rwanda,2,Female,1996,7.09777747617996
185,Rwanda,3,Both,1996,5.04149625926786
148,Morocco,1,Male,1990,21.352221086145352
148,Morocco,2,Female,1990,36.92072470159659
148,Morocco,3,Both,1990,29.22409776279377
169,Central African Republic,1,Male,1999,6.85574292132575
169,Central African Republic,2,Female,1999,17.6897555204967
169,Central African Republic,3,Both,1999,12.4001994459611
215,Sao Tome and Principe,1,Male,2004,2.64955361249001
215,Sao Tome and Principe,2,Female,2004,10.68677110522814
215,Sao Tome and Principe,3,Both,2004,6.84647109966598
177,Djibouti,1,Male,1993,2.94681846543579
177,Djibouti,2,Female,1993,7.41684606460066
177,Djibouti,3,Both,1993,5.02853482504147
177,Djibouti,1,Male,2007,3.2231195778304
177,Djibouti,2,Female,2007,7.84943584123382
177,Djibouti,3,Both,2007,5.37949759661213
106,The Bahamas,1,Male,1996,9.617249956871971
106,The Bahamas,2,Female,1996,24.83392913889413
106,The Bahamas,3,Both,1996,17.59822378090415
349,Greenland,1,Male,2001,5.82739427751893
349,Greenland,2,Female,2001,13.37147438621851
349,Greenland,3,Both,2001,9.22411459293553
147,Libya,1,Male,2006,16.33754574335973
147,Libya,2,Female,2006,34.41106643184962
147,Libya,3,Both,2006,24.98149689791922
156,United Arab Emirates,1,Male,1999,22.07546271193431
156,United Arab Emirates,2,Female,1999,27.794284831623067
156,United Arab Emirates,3,Both,1999,23.47006807653717
173,Gabon,1,Male,1999,3.1702469498340298
173,Gabon,2,Female,1999,13.0188994194462
173,Gabon,3,Both,1999,8.12325942364423
180,Kenya,1,Male,1993,5.34133872500426
180,Kenya,2,Female,1993,18.79331698868446
180,Kenya,3,Both,1993,12.18428312234544
115,Jamaica,1,Male,2005,9.66081981072073
115,Jamaica,2,Female,2005,39.35555487300176
115,Jamaica,3,Both,2005,24.969937430679582
131,Nicaragua,1,Male,2002,6.44060034291348
131,Nicaragua,2,Female,2002,13.9986405616014
131,Nicaragua,3,Both,2002,10.41204054127084
115,Jamaica,1,Male,1991,9.4223463774275
115,Jamaica,2,Female,1991,37.49941779320003
115,Jamaica,3,Both,1991,24.01712114752655
176,Comoros,1,Male,2007,2.15805510191183
176,Comoros,2,Female,2007,7.126698210830041
176,Comoros,3,Both,2007,4.70134221445056
78,Denmark,1,Male,1994,13.76572127345307
78,Denmark,2,Female,1994,24.78324834347944
78,Denmark,3,Both,1994,19.44050113486398
367,Monaco,1,Male,2001,24.96359790110477
367,Monaco,2,Female,2001,37.37197662388684
367,Monaco,3,Both,2001,31.436271423716487
172,Equatorial Guinea,1,Male,2001,8.1987644026154
172,Equatorial Guinea,2,Female,2001,14.67237261337624
172,Equatorial Guinea,3,Both,2001,11.86070785637223
148,Morocco,1,Male,2010,23.83320620779151
148,Morocco,2,Female,2010,40.881554814004
148,Morocco,3,Both,2010,32.53462512062858
181,Madagascar,1,Male,2007,3.06718509558307
181,Madagascar,2,Female,2007,7.7438653482563
181,Madagascar,3,Both,2007,5.45265814680206
136,Paraguay,1,Male,2008,10.48719784114099
136,Paraguay,2,Female,2008,14.65431020530723
136,Paraguay,3,Both,2008,12.57040478958221
180,Kenya,1,Male,2004,4.98258989116416
180,Kenya,2,Female,2004,19.271106447332865
180,Kenya,3,Both,2004,12.293260120906591
154,Tunisia,1,Male,1990,9.34824470046688
154,Tunisia,2,Female,1990,14.02656253992662
154,Tunisia,3,Both,1990,11.67427781546637
179,Ethiopia,1,Male,1995,4.19194178208438
179,Ethiopia,2,Female,1995,9.51836791705102
179,Ethiopia,3,Both,1995,6.87208911316759
320,Cook Islands,1,Male,1995,20.84872583032996
320,Cook Islands,2,Female,1995,39.47946744063719
320,Cook Islands,3,Both,1995,29.85789704240771
435,South Sudan,1,Male,2009,3.27356867914823
435,South Sudan,2,Female,2009,7.755987388961651
435,South Sudan,3,Both,2009,5.4726949913214
152,Saudi Arabia,1,Male,1990,16.05760024465529
152,Saudi Arabia,2,Female,1990,30.8794364599923
152,Saudi Arabia,3,Both,1990,21.767022007654575
193,Botswana,1,Male,1990,9.95946444672645
193,Botswana,2,Female,1990,22.91137659373499
193,Botswana,3,Both,1990,16.97435523004544
187,Somalia,1,Male,2003,2.88207142889274
187,Somalia,2,Female,2003,7.6752472904732
187,Somalia,3,Both,2003,5.36102812755859
194,Lesotho,1,Male,1998,2.57680737181774
194,Lesotho,2,Female,1998,6.8146443524967
194,Lesotho,3,Both,1998,5.0402241574467
172,Equatorial Guinea,1,Male,1996,8.20117218396469
172,Equatorial Guinea,2,Female,1996,13.783873761403658
172,Equatorial Guinea,3,Both,1996,11.36113632193886
119,Trinidad and Tobago,1,Male,2005,16.37415718759746
119,Trinidad and Tobago,2,Female,2005,40.38896184540464
119,Trinidad and Tobago,3,Both,2005,28.393982911405107
177,Djibouti,1,Male,1999,3.0728687264286
177,Djibouti,2,Female,1999,7.56331001088401
177,Djibouti,3,Both,1999,5.15466559498096
135,Brazil,1,Male,2002,16.79758550960277
135,Brazil,2,Female,2002,26.6270177718427
135,Brazil,3,Both,2002,21.90408330754095
184,Mozambique,1,Male,1993,3.52696781836881
184,Mozambique,2,Female,1993,7.569991606630901
184,Mozambique,3,Both,1993,5.713801027568271
176,Comoros,1,Male,2001,2.25447598157261
176,Comoros,2,Female,2001,6.16078149234706
176,Comoros,3,Both,2001,4.26563200353108
180,Kenya,1,Male,2007,5.06921369651028
180,Kenya,2,Female,2007,19.42558011322717
180,Kenya,3,Both,2007,12.40188099525535
151,Qatar,1,Male,1993,15.85537489601639
151,Qatar,2,Female,1993,39.33316564381777
151,Qatar,3,Both,1993,21.92827644696392
82,Greece,1,Male,1994,14.02823310974895
82,Greece,2,Female,1994,24.34199783394919
82,Greece,3,Both,1994,19.33832719070409
380,Palau,1,Male,2001,18.39906521594273
380,Palau,2,Female,2001,39.359023910073
380,Palau,3,Both,2001,27.41729294320648
117,Saint Vincent and the Grenadines,1,Male,1996,8.83580191370125
117,Saint Vincent and the Grenadines,2,Female,1996,23.29050678380832
117,Saint Vincent and the Grenadines,3,Both,1996,16.0654500767583
320,Cook Islands,1,Male,2004,22.52581156470432
320,Cook Islands,2,Female,2004,41.73767376709307
320,Cook Islands,3,Both,2004,31.99851466705383
140,Bahrain,1,Male,2002,17.4447047661489
140,Bahrain,2,Female,2002,35.335340945091545
140,Bahrain,3,Both,2002,24.21416290940136
185,Rwanda,1,Male,2007,2.41055575652225
185,Rwanda,2,Female,2007,6.942100977718201
185,Rwanda,3,Both,2007,4.86078619425846
170,Congo,1,Male,2010,7.023534807023619
170,Congo,2,Female,2010,10.57154347656746
170,Congo,3,Both,2010,8.812368485815659
349,Greenland,1,Male,1995,5.17416448352758
349,Greenland,2,Female,1995,12.535842424793431
349,Greenland,3,Both,1995,8.50591826381045
435,South Sudan,1,Male,1997,3.6010200307272795
435,South Sudan,2,Female,1997,7.89867976841028
435,South Sudan,3,Both,1997,5.60100807190158
51,Poland,1,Male,2000,14.66750253832415
51,Poland,2,Female,2000,29.667663957017854
51,Poland,3,Both,2000,22.61794975025707
298,American Samoa,1,Male,2000,45.15779671805695
298,American Samoa,2,Female,2000,60.58109638633725
298,American Samoa,3,Both,2000,52.80624205833665
171,Democratic Republic of the Congo,1,Male,1998,11.74646125997658
171,Democratic Republic of the Congo,2,Female,1998,19.46689695170933
171,Democratic Republic of the Congo,3,Both,1998,15.74269769304143
156,United Arab Emirates,1,Male,1990,21.02264903842154
156,United Arab Emirates,2,Female,1990,27.299497157354967
156,United Arab Emirates,3,Both,1990,22.661914490723
181,Madagascar,1,Male,1999,3.21307766122099
181,Madagascar,2,Female,1999,7.811235127950609
181,Madagascar,3,Both,1999,5.54943948252187
207,Ghana,1,Male,2010,6.405122927610591
207,Ghana,2,Female,2010,14.59825030683738
207,Ghana,3,Both,2010,10.72719048608804
69,Singapore,1,Male,2002,19.963066691553948
69,Singapore,2,Female,2002,26.424549410169853
69,Singapore,3,Both,2002,23.16253129491858
155,Turkey,1,Male,1993,13.04139830123609
155,Turkey,2,Female,1993,25.21499367971448
155,Turkey,3,Both,1993,19.1335632050131
209,Guinea-Bissau,1,Male,1992,7.33670678311396
209,Guinea-Bissau,2,Female,1992,13.53739346022255
209,Guinea-Bissau,3,Both,1992,10.66076694156172
133,Venezuela,1,Male,1993,8.3977273775195
133,Venezuela,2,Female,1993,16.004285052080338
133,Venezuela,3,Both,1993,12.306653820682351
121,Bolivia,1,Male,1996,10.30284297807395
121,Bolivia,2,Female,1996,12.60178075290111
121,Bolivia,3,Both,1996,11.48853602754944
110,Dominica,1,Male,1996,5.1629650659435296
110,Dominica,2,Female,1996,22.987359613870208
110,Dominica,3,Both,1996,14.45241704955618
205,Cote d'Ivoire,1,Male,2008,6.67618429418185
205,Cote d'Ivoire,2,Female,2008,11.24224333088565
205,Cote d'Ivoire,3,Both,2008,8.84788473072955
197,Swaziland,1,Male,1990,8.89193399906598
197,Swaziland,2,Female,1990,16.8406252909364
197,Swaziland,3,Both,1990,13.297026488833447
119,Trinidad and Tobago,1,Male,1991,13.92890079526168
119,Trinidad and Tobago,2,Female,1991,37.91660533994146
119,Trinidad and Tobago,3,Both,1991,26.03501530471089
376,Northern Mariana Islands,1,Male,1995,20.48133368940993
376,Northern Mariana Islands,2,Female,1995,40.48057232555588
376,Northern Mariana Islands,3,Both,1995,29.96985291450131
198,Zimbabwe,1,Male,1998,6.74709187269458
198,Zimbabwe,2,Female,1998,11.03589215480843
198,Zimbabwe,3,Both,1998,9.00750813929274
201,Burkina Faso,1,Male,1990,5.09199205975057
201,Burkina Faso,2,Female,1990,8.89139026475478
201,Burkina Faso,3,Both,1990,7.17546514254063
139,Algeria,1,Male,2002,19.08082795865789
139,Algeria,2,Female,2002,36.161441936765385
139,Algeria,3,Both,2002,27.590270520891146
189,Tanzania,1,Male,1993,1.84875132101362
189,Tanzania,2,Female,1993,3.99136928762616
189,Tanzania,3,Both,1993,2.97395501536276
184,Mozambique,1,Male,2007,3.1409063215795703
184,Mozambique,2,Female,2007,7.53493887363393
184,Mozambique,3,Both,2007,5.49183252809408
152,Saudi Arabia,1,Male,2010,18.16763275832749
152,Saudi Arabia,2,Female,2010,36.64847626061934
152,Saudi Arabia,3,Both,2010,25.49511504408821
180,Kenya,1,Male,2001,5.00793263291363
180,Kenya,2,Female,2001,19.15768822244034
180,Kenya,3,Both,2001,12.25681762451369
147,Libya,1,Male,2009,17.20245409050824
147,Libya,2,Female,2009,35.7209881324238
147,Libya,3,Both,2009,26.03796342118583
86,Italy,1,Male,1994,19.36523118326568
86,Italy,2,Female,1994,35.33438224733682
86,Italy,3,Both,1994,27.77046681756569
205,Cote d'Ivoire,1,Male,1990,6.90598874170099
205,Cote d'Ivoire,2,Female,1990,10.89756930053069
205,Cote d'Ivoire,3,Both,1990,8.799300619506239
213,Niger,1,Male,1992,8.65414083003351
213,Niger,2,Female,1992,16.40850807847062
213,Niger,3,Both,1992,12.53409231129956
396,San Marino,1,Male,1995,20.009686317877375
396,San Marino,2,Female,1995,30.62693174443161
396,San Marino,3,Both,1995,25.49836622286416
305,Bermuda,1,Male,2009,17.14624774293154
305,Bermuda,2,Female,2009,36.6219967837573
305,Bermuda,3,Both,2009,27.38413042353333
202,Cameroon,1,Male,1998,7.98119609565864
202,Cameroon,2,Female,1998,14.57275614420812
202,Cameroon,3,Both,1998,11.39835959367056
114,Haiti,1,Male,1996,8.18949468403212
114,Haiti,2,Female,1996,20.41217926570224
114,Haiti,3,Both,1996,14.56454829574274
123,Peru,1,Male,2005,10.60755749892959
123,Peru,2,Female,2005,13.6886636683591
123,Peru,3,Both,2005,12.17202266191245
143,Iraq,1,Male,2002,33.857027191857
143,Iraq,2,Female,2002,46.0712825959174
143,Iraq,3,Both,2002,39.65748908339052
189,Tanzania,1,Male,2007,1.58596451152888
189,Tanzania,2,Female,2007,3.70799790387581
189,Tanzania,3,Both,2007,2.69020728859613
156,United Arab Emirates,1,Male,2010,24.7281813183346
156,United Arab Emirates,2,Female,2010,31.482818638611025
156,United Arab Emirates,3,Both,2010,26.266110914334
184,Mozambique,1,Male,2001,3.2206711994166297
184,Mozambique,2,Female,2001,7.4451268050079
184,Mozambique,3,Both,2001,5.494903952033741
184,Mozambique,1,Male,2004,3.1661780304603697
184,Mozambique,2,Female,2004,7.480503612797169
184,Mozambique,3,Both,2004,5.479716202708531
209,Guinea-Bissau,1,Male,1990,7.45300270695928
209,Guinea-Bissau,2,Female,1990,13.49663750428686
209,Guinea-Bissau,3,Both,1990,10.69993458240144
176,Comoros,1,Male,1996,2.42115963968143
176,Comoros,2,Female,1996,6.2370194129161
176,Comoros,3,Both,1996,4.39517388870667
163,India,1,Male,1993,11.92312758605657
163,India,2,Female,1993,15.34707396302382
163,India,3,Both,1993,13.567974495096498
193,Botswana,1,Male,2003,9.01231010457304
193,Botswana,2,Female,2003,23.68977204052135
193,Botswana,3,Both,2003,16.83570557852702
123,Peru,1,Male,1991,9.72235538230326
123,Peru,2,Female,1991,12.50299519237694
123,Peru,3,Both,1991,11.13905583561152
12,Laos,1,Male,2000,3.92171530215326
12,Laos,2,Female,2000,7.411558205809871
12,Laos,3,Both,2000,5.711111331165649
413,Tokelau,1,Male,2001,20.65018527039718
413,Tokelau,2,Female,2001,39.598025331595856
413,Tokelau,3,Both,2001,30.653310231084756
162,Bhutan,1,Male,1990,25.547129664818808
162,Bhutan,2,Female,1990,51.98831698150437
162,Bhutan,3,Both,1990,37.99657897090215
140,Bahrain,1,Male,2008,17.74077455882034
140,Bahrain,2,Female,2008,37.04177538388793
140,Bahrain,3,Both,2008,24.31199097536188
349,Greenland,1,Male,2004,6.14523675662252
349,Greenland,2,Female,2004,13.86239389606562
349,Greenland,3,Both,2004,9.61858084276778
189,Tanzania,1,Male,2004,1.65545418398544
189,Tanzania,2,Female,2004,3.81091964577607
189,Tanzania,3,Both,2004,2.77649918955809
206,The Gambia,1,Male,1998,4.7670808457878096
206,The Gambia,2,Female,1998,12.05136400368269
206,The Gambia,3,Both,1998,8.40680135147371
90,Norway,1,Male,1994,21.28913380712094
90,Norway,2,Female,1994,30.25372705426847
90,Norway,3,Both,1994,25.903419800108768
144,Jordan,1,Male,2002,16.5045114696356
144,Jordan,2,Female,2002,27.97087426464438
144,Jordan,3,Both,2002,22.01212073458957
190,Uganda,1,Male,1993,3.3116952407481803
190,Uganda,2,Female,1993,7.919468649786809
190,Uganda,3,Both,1993,5.69482617557573
217,Sierra Leone,1,Male,1992,7.952394495390321
217,Sierra Leone,2,Female,1992,13.82857531616764
217,Sierra Leone,3,Both,1992,10.99964639199738
213,Niger,1,Male,1990,8.72712101472596
213,Niger,2,Female,1990,16.33460787577987
213,Niger,3,Both,1990,12.54285332495469
367,Monaco,1,Male,1995,23.56975022094073
367,Monaco,2,Female,1995,36.49570742530273
367,Monaco,3,Both,1995,30.39300966208005
160,Afghanistan,1,Male,2010,14.349257701437873
160,Afghanistan,2,Female,2010,31.4983537758624
160,Afghanistan,3,Both,2010,23.13495180480671
162,Bhutan,1,Male,2004,28.42945255485803
162,Bhutan,2,Female,2004,56.24531618139871
162,Bhutan,3,Both,2004,41.23892044722556
175,Burundi,1,Male,1998,3.5030547223731903
175,Burundi,2,Female,1998,8.20706501752269
175,Burundi,3,Both,1998,5.95262572930068
160,Afghanistan,1,Male,1990,21.26965333064215
160,Afghanistan,2,Female,1990,33.28588460715624
160,Afghanistan,3,Both,1990,27.67585685745102
150,Oman,1,Male,2007,17.41194157827879
150,Oman,2,Female,2007,34.83875376541365
150,Oman,3,Both,2007,24.04114201321433
374,Niue,1,Male,2000,21.47640100377113
374,Niue,2,Female,2000,40.58319953451054
374,Niue,3,Both,2000,31.13738525299078
320,Cook Islands,1,Male,1992,20.713437305380214
320,Cook Islands,2,Female,1992,38.69120599409524
320,Cook Islands,3,Both,1992,29.344961707256523
128,Guatemala,1,Male,1990,4.06457140449205
128,Guatemala,2,Female,1990,8.133316784281119
128,Guatemala,3,Both,1990,6.15419593606675
121,Bolivia,1,Male,2005,10.801865324358651
121,Bolivia,2,Female,2005,13.726639464010509
121,Bolivia,3,Both,2005,12.2974653017921
351,Guam,1,Male,2006,10.05707233128416
351,Guam,2,Female,2006,25.80711212126088
351,Guam,3,Both,2006,17.86180067198582
211,Mali,1,Male,2010,13.227969045134111
211,Mali,2,Female,2010,16.17593104961149
211,Mali,3,Both,2010,14.727801931118153
189,Tanzania,1,Male,2001,1.73740451463765
189,Tanzania,2,Female,2001,3.90411675826364
189,Tanzania,3,Both,2001,2.86484000447301
182,Malawi,1,Male,1998,3.97136829315399
182,Malawi,2,Female,1998,5.00449833680416
182,Malawi,3,Both,1998,4.49842898123513
170,Congo,1,Male,2001,6.935222805354679
170,Congo,2,Female,2001,10.43988829287947
170,Congo,3,Both,2001,8.71924777584478
59,Latvia,1,Male,1994,8.577806547765771
59,Latvia,2,Female,1994,20.80417892587467
59,Latvia,3,Both,1994,15.446147270487028
55,Slovenia,1,Male,1997,11.432436318995
55,Slovenia,2,Female,1997,22.41350277584887
55,Slovenia,3,Both,1997,17.2044588414221
178,Eritrea,1,Male,2010,1.32352699131679
178,Eritrea,2,Female,2010,3.66604378437268
178,Eritrea,3,Both,2010,2.53416998101244
144,Jordan,1,Male,2008,16.98737700796419
144,Jordan,2,Female,2008,28.76953714906263
144,Jordan,3,Both,2008,22.58392337924435
367,Monaco,1,Male,2004,25.101433423114628
367,Monaco,2,Female,2004,37.55996901379893
367,Monaco,3,Both,2004,31.58071523823392
127,El Salvador,1,Male,1991,9.44673598130725
127,El Salvador,2,Female,1991,15.71616663823961
127,El Salvador,3,Both,1991,12.77986884118955
94,Switzerland,1,Male,1994,14.77486880281324
94,Switzerland,2,Female,1994,26.27727786375229
94,Switzerland,3,Both,1994,20.71919524098912
197,Swaziland,1,Male,2003,8.49662788644015
197,Swaziland,2,Female,2003,17.62686090580886
197,Swaziland,3,Both,2003,13.509392805159887
522,Sudan,1,Male,2000,49.35471881690578
522,Sudan,2,Female,2000,64.13576151272262
522,Sudan,3,Both,2000,56.686567315376
210,Liberia,1,Male,1998,10.91419070757129
210,Liberia,2,Female,1998,31.211055535982663
210,Liberia,3,Both,1998,21.22953802514974
164,Nepal,1,Male,2010,7.7874459825986895
164,Nepal,2,Female,2010,11.85839693698056
164,Nepal,3,Both,2010,9.91850084350282
179,Ethiopia,1,Male,1998,4.09137051041106
179,Ethiopia,2,Female,1998,9.45590776568757
179,Ethiopia,3,Both,1998,6.77022420631382
98,Chile,1,Male,1994,7.699506407127379
98,Chile,2,Female,1994,19.25753022352907
98,Chile,3,Both,1994,13.7145537218789
131,Nicaragua,1,Male,1991,6.1998918972242
131,Nicaragua,2,Female,1991,13.24266717379147
131,Nicaragua,3,Both,1991,9.89471677141626
190,Uganda,1,Male,2004,3.10490760312278
190,Uganda,2,Female,2004,7.8625607107284194
190,Uganda,3,Both,2004,5.60545190235475
380,Palau,1,Male,1995,18.35840975950557
380,Palau,2,Female,1995,38.65200189424103
380,Palau,3,Both,1995,28.31361681445724
61,Moldova,1,Male,2017,9.06153689586785
61,Moldova,2,Female,2017,20.25447237990987
61,Moldova,3,Both,2017,15.05805577237644
185,Rwanda,1,Male,1999,2.49749166581112
185,Rwanda,2,Female,1999,6.95476844623769
185,Rwanda,3,Both,1999,4.92275350918285
60,Lithuania,1,Male,2004,11.64827790906431
60,Lithuania,2,Female,2004,22.22737678523917
60,Lithuania,3,Both,2004,17.52855745342315
164,Nepal,1,Male,1990,6.73457008793653
164,Nepal,2,Female,1990,10.54799444134726
164,Nepal,3,Both,1990,8.65100657592574
151,Qatar,1,Male,2001,18.64316294950518
151,Qatar,2,Female,2001,41.01364824594795
151,Qatar,3,Both,2001,24.84627665239329
349,Greenland,1,Male,1992,5.07812713364028
349,Greenland,2,Female,1992,12.45968705983756
349,Greenland,3,Both,1992,8.38035500593915
209,Guinea-Bissau,1,Male,2008,6.805774057885659
209,Guinea-Bissau,2,Female,2008,13.48397865364709
209,Guinea-Bissau,3,Both,2008,10.36069136502219
196,South Africa,1,Male,1995,17.96900877286102
196,South Africa,2,Female,1995,29.91743760258802
196,South Africa,3,Both,1995,24.34011340240522
55,Slovenia,1,Male,2000,11.7778938506688
55,Slovenia,2,Female,2000,23.35809427293423
55,Slovenia,3,Both,2000,17.84070786228267
393,Saint Kitts and Nevis,1,Male,2000,10.21985417434682
393,Saint Kitts and Nevis,2,Female,2000,25.81241617685533
393,Saint Kitts and Nevis,3,Both,2000,18.12337426425199
215,Sao Tome and Principe,1,Male,2010,2.39044439039605
215,Sao Tome and Principe,2,Female,2010,10.65224464812878
215,Sao Tome and Principe,3,Both,2010,6.62151914005179
125,Colombia,1,Male,2002,14.313195524382513
125,Colombia,2,Female,2002,25.32040721665392
125,Colombia,3,Both,2002,20.06246856281912
102,United States,1,Male,1994,15.345148976147572
102,United States,2,Female,1994,25.7257750713331
102,United States,3,Both,1994,20.77896540750056
380,Palau,1,Male,2004,18.93249349301764
380,Palau,2,Female,2004,39.8702573649613
380,Palau,3,Both,2004,28.12994777228627
376,Northern Mariana Islands,1,Male,2009,22.1462783162821
376,Northern Mariana Islands,2,Female,2009,40.89967188605198
376,Northern Mariana Islands,3,Both,2009,31.27528828805608
149,Palestine,1,Male,2002,12.6179517864295
149,Palestine,2,Female,2002,44.35267233645701
149,Palestine,3,Both,2002,28.41943885855481
201,Burkina Faso,1,Male,2003,4.34994449096327
201,Burkina Faso,2,Female,2003,8.29118458677592
201,Burkina Faso,3,Both,2003,6.494636915567201
171,Democratic Republic of the Congo,1,Male,1993,12.75958250759641
171,Democratic Republic of the Congo,2,Female,1993,19.78226046506471
171,Democratic Republic of the Congo,3,Both,1993,16.4279381937368
125,Colombia,1,Male,1999,14.08743560838735
125,Colombia,2,Female,1999,25.196811847641097
125,Colombia,3,Both,1999,19.86779842554763
413,Tokelau,1,Male,1995,20.38891346460582
413,Tokelau,2,Female,1995,39.16013741831738
413,Tokelau,3,Both,1995,30.125735908470503
191,Zambia,1,Male,2007,4.75724444233286
191,Zambia,2,Female,2007,9.815826378365571
191,Zambia,3,Both,2007,7.3016233571138205
118,Suriname,1,Male,1996,23.17227621606134
118,Suriname,2,Female,1996,31.44890545207773
118,Suriname,3,Both,1996,27.3282348437532
168,Angola,1,Male,1990,6.08689803931027
168,Angola,2,Female,1990,11.80161315738383
168,Angola,3,Both,1990,8.90686734050426
183,Mauritius,1,Male,1995,8.919118464537961
183,Mauritius,2,Female,1995,16.158331483596868
183,Mauritius,3,Both,1995,12.58991806677765
367,Monaco,1,Male,1992,23.194844686285705
367,Monaco,2,Female,1992,36.21170988262696
367,Monaco,3,Both,1992,30.12100394231707
211,Mali,1,Male,1998,13.027471478059368
211,Mali,2,Female,1998,14.94338502205408
211,Mali,3,Both,1998,14.01304745054081
183,Mauritius,1,Male,1998,9.02915054507179
183,Mauritius,2,Female,1998,16.604933132247908
183,Mauritius,3,Both,1998,12.88534923631669
191,Zambia,1,Male,1996,5.46713888775985
191,Zambia,2,Female,1996,10.002819777267373
191,Zambia,3,Both,1996,7.76519041662883
149,Palestine,1,Male,2008,12.6225171729678
149,Palestine,2,Female,2008,44.938911371518905
149,Palestine,3,Both,2008,28.737368189340103
153,Syria,1,Male,2002,17.26909460423393
153,Syria,2,Female,2002,33.23401195653163
153,Syria,3,Both,2002,25.04822168746448
157,Yemen,1,Male,2005,15.76325297263202
157,Yemen,2,Female,2005,29.81147162462256
157,Yemen,3,Both,2005,22.76132252606491
172,Equatorial Guinea,1,Male,1990,8.74541870094809
172,Equatorial Guinea,2,Female,1990,13.9495254436547
172,Equatorial Guinea,3,Both,1990,11.6388382892317
380,Palau,1,Male,1992,18.21241149515576
380,Palau,2,Female,1992,38.45416564344545
380,Palau,3,Both,1992,28.21912701311417
215,Sao Tome and Principe,1,Male,1998,3.02412263352139
215,Sao Tome and Principe,2,Female,1998,10.96130157939346
215,Sao Tome and Principe,3,Both,1998,7.200949237721691
194,Lesotho,1,Male,2004,2.34669264729651
194,Lesotho,2,Female,2004,6.5939197650872
194,Lesotho,3,Both,2004,4.765558054133741
214,Nigeria,1,Male,1998,9.23507656918259
214,Nigeria,2,Female,1998,16.720818226359597
214,Nigeria,3,Both,1998,12.78180199061126
413,Tokelau,1,Male,2004,21.40469084012627
413,Tokelau,2,Female,2004,40.27952400492144
413,Tokelau,3,Both,2004,31.136424343611814
195,Namibia,1,Male,1996,13.91982116596424
195,Namibia,2,Female,1996,16.71753171928417
195,Namibia,3,Both,1996,15.40053842322594
153,Syria,1,Male,2008,17.36137118097445
153,Syria,2,Female,2008,34.25417760562871
153,Syria,3,Both,2008,25.49086595449548
176,Comoros,1,Male,1990,2.57309561679771
176,Comoros,2,Female,1990,6.67055055286504
176,Comoros,3,Both,1990,4.69625122637943
195,Namibia,1,Male,2007,13.58452215790037
195,Namibia,2,Female,2007,17.115366547026937
195,Namibia,3,Both,2007,15.44709797255717
181,Madagascar,1,Male,1993,3.434242936326521
181,Madagascar,2,Female,1993,7.97707908843563
181,Madagascar,3,Both,1993,5.7311379768650905
413,Tokelau,1,Male,1992,20.510602496343548
413,Tokelau,2,Female,1992,39.31417617661936
413,Tokelau,3,Both,1992,30.270673751322857
157,Yemen,1,Male,2002,15.82369529299495
157,Yemen,2,Female,2002,29.45359591093149
157,Yemen,3,Both,2002,22.62098602744288
77,Cyprus,1,Male,2002,13.975019295916567
77,Cyprus,2,Female,2002,22.9169484670066
77,Cyprus,3,Both,2002,18.533276143038268
175,Burundi,1,Male,1993,3.48264610975887
175,Burundi,2,Female,1993,8.15159208600806
175,Burundi,3,Both,1993,5.93987804294444
180,Kenya,1,Male,1990,5.4793256649194095
180,Kenya,2,Female,1990,18.66742800009173
180,Kenya,3,Both,1990,12.16644219312325
63,Ukraine,1,Male,1991,5.83978033896344
63,Ukraine,2,Female,1991,15.94920414642246
63,Ukraine,3,Both,1991,11.507053432571771
109,Cuba,1,Male,2008,13.7860213456587
109,Cuba,2,Female,2008,31.75349052839281
109,Cuba,3,Both,2008,22.90145109473644
196,South Africa,1,Male,1992,18.02347574147029
196,South Africa,2,Female,1992,30.089216185567192
196,South Africa,3,Both,1992,24.4126701418466
422,"Virgin Islands, U.S.",1,Male,2000,9.28576033967498
422,"Virgin Islands, U.S.",2,Female,2000,23.843144984020658
422,"Virgin Islands, U.S.",3,Both,2000,17.03810811368683
182,Malawi,1,Male,2010,3.92277343003987
182,Malawi,2,Female,2010,4.67486966761974
182,Malawi,3,Both,2010,4.31138405636801
205,Cote d'Ivoire,1,Male,2003,6.58125086269426
205,Cote d'Ivoire,2,Female,2003,10.92664034494384
205,Cote d'Ivoire,3,Both,2003,8.66253109023711
187,Somalia,1,Male,1995,3.04603623993794
187,Somalia,2,Female,1995,7.705452123078469
187,Somalia,3,Both,1995,5.467717608720981
129,Honduras,1,Male,2002,7.0636415385034
129,Honduras,2,Female,2002,14.84371410372276
129,Honduras,3,Both,2002,11.09123290982628
170,Congo,1,Male,1990,8.34196672173354
170,Congo,2,Female,1990,11.24953977979762
170,Congo,3,Both,1990,9.868663309107667
369,Nauru,1,Male,2006,12.17096417979118
369,Nauru,2,Female,2006,32.29013275298422
369,Nauru,3,Both,2006,22.30256658638116
125,Colombia,1,Male,2005,15.29288457515016
125,Colombia,2,Female,2005,26.79788282978302
125,Colombia,3,Both,2005,21.317230017145068
154,Tunisia,1,Male,2007,9.56972963671774
154,Tunisia,2,Female,2007,14.70926519336146
154,Tunisia,3,Both,2007,12.18506740860329
187,Somalia,1,Male,1998,3.06689303131852
187,Somalia,2,Female,1998,7.763695009518851
187,Somalia,3,Both,1998,5.51946471222264
69,Singapore,1,Male,1999,19.55907874033419
69,Singapore,2,Female,1999,26.48144185324447
69,Singapore,3,Both,1999,22.92962322116449
168,Angola,1,Male,2010,6.0311377619016
168,Angola,2,Female,2010,12.09292411639732
168,Angola,3,Both,2010,9.20134802810665
20,Vietnam,1,Male,1995,5.36508478619865
20,Vietnam,2,Female,1995,10.21643085632835
20,Vietnam,3,Both,1995,7.95848959984579
129,Honduras,1,Male,1999,7.08177343117591
129,Honduras,2,Female,1999,14.69037081596992
129,Honduras,3,Both,1999,11.013925429746491
351,Guam,1,Male,2003,9.19572111380619
351,Guam,2,Female,2003,25.10869714878049
351,Guam,3,Both,2003,17.06327508000809
59,Latvia,1,Male,1997,8.74591661586728
59,Latvia,2,Female,1997,21.02890750807353
59,Latvia,3,Both,1997,15.66532484241098
396,San Marino,1,Male,2009,24.25302139261416
396,San Marino,2,Female,2009,33.58909383933492
396,San Marino,3,Both,2009,29.16317517342596
170,Congo,1,Male,2004,6.70583165371465
170,Congo,2,Female,2004,10.18686469547015
170,Congo,3,Both,2004,8.46687677427939
198,Zimbabwe,1,Male,2004,6.19934372792898
198,Zimbabwe,2,Female,2004,10.6830027517122
198,Zimbabwe,3,Both,2004,8.57700231916492
141,Egypt,1,Male,1993,12.560944563319678
141,Egypt,2,Female,1993,34.7154582795565
141,Egypt,3,Both,1993,23.44516535062464
133,Venezuela,1,Male,2002,8.631092518456281
133,Venezuela,2,Female,2002,16.73799758958945
133,Venezuela,3,Both,2002,12.81512037626999
218,Togo,1,Male,1998,3.4620599462491297
218,Togo,2,Female,1998,6.36929842391574
218,Togo,3,Both,1998,5.01429597128261
186,Seychelles,1,Male,1998,11.76985809309506
186,Seychelles,2,Female,1998,19.89179208269542
186,Seychelles,3,Both,1998,15.92001503749658
190,Uganda,1,Male,2001,3.1423870945989503
190,Uganda,2,Female,2001,7.84491263334833
190,Uganda,3,Both,2001,5.60606615371049
385,Puerto Rico,1,Male,2006,18.83550754581635
385,Puerto Rico,2,Female,2006,36.06036191225468
385,Puerto Rico,3,Both,2006,28.06372019688319
125,Colombia,1,Male,1996,14.14007579552706
125,Colombia,2,Female,1996,25.714839875147288
125,Colombia,3,Both,1996,20.13742570716372
68,South Korea,1,Male,1991,15.01292962867048
68,South Korea,2,Female,1991,25.609007670767408
68,South Korea,3,Both,1991,20.4245303763984
59,Latvia,1,Male,2000,9.076154720083547
59,Latvia,2,Female,2000,21.61037317629419
59,Latvia,3,Both,2000,16.1364588779261
178,Eritrea,1,Male,2001,1.28695719067865
178,Eritrea,2,Female,2001,3.4290392564669503
178,Eritrea,3,Both,2001,2.4213062040797
133,Venezuela,1,Male,1999,8.52263311056662
133,Venezuela,2,Female,1999,16.36336705877214
133,Venezuela,3,Both,1999,12.57308796449522
132,Panama,1,Male,1990,9.12076547045674
132,Panama,2,Female,1990,16.31945813319149
132,Panama,3,Both,1990,12.68525058645914
107,Barbados,1,Male,1994,25.1073251772463
107,Barbados,2,Female,1994,51.56522921143376
107,Barbados,3,Both,1994,39.27457816334756
63,Ukraine,1,Male,1994,5.90125712649817
63,Ukraine,2,Female,1994,15.973086610146
63,Ukraine,3,Both,1994,11.53139547015224
113,Guyana,1,Male,2008,10.50014540806464
113,Guyana,2,Female,2008,28.16736648556792
113,Guyana,3,Both,2008,19.43912842548009
202,Cameroon,1,Male,2004,7.867292347257469
202,Cameroon,2,Female,2004,14.86111836108136
202,Cameroon,3,Both,2004,11.46025829622434
111,Dominican Republic,1,Male,1994,13.0633803979174
111,Dominican Republic,2,Female,1994,17.9491499768203
111,Dominican Republic,3,Both,1994,15.59746747038519
198,Zimbabwe,1,Male,2018,6.12659076236891
198,Zimbabwe,2,Female,2018,11.16076307470048
198,Zimbabwe,3,Both,2018,8.84697132539351
194,Lesotho,1,Male,2001,2.47679981824364
194,Lesotho,2,Female,2001,6.77696417536406
194,Lesotho,3,Both,2001,4.95090640463797
186,Seychelles,1,Male,2010,11.84943590521473
186,Seychelles,2,Female,2010,19.52881876207914
186,Seychelles,3,Both,2010,15.56950199802149
200,Benin,1,Male,1992,2.5337939704657
200,Benin,2,Female,1992,4.63538113905014
200,Benin,3,Both,1992,3.6757858474188296
115,Jamaica,1,Male,1994,9.37556435033229
115,Jamaica,2,Female,1994,37.76521026289672
115,Jamaica,3,Both,1994,24.1060893823094
179,Ethiopia,1,Male,1993,4.27426666373483
179,Ethiopia,2,Female,1993,9.67757902875668
179,Ethiopia,3,Both,1993,7.01010161938823
198,Zimbabwe,1,Male,2001,6.46764670534328
198,Zimbabwe,2,Female,2001,10.8837863543014
198,Zimbabwe,3,Both,2001,8.805338514492341
305,Bermuda,1,Male,1998,13.314398638564482
305,Bermuda,2,Female,1998,30.58050528929864
305,Bermuda,3,Both,1998,22.38102311148829
161,Bangladesh,1,Male,2002,6.04203435883943
161,Bangladesh,2,Female,2002,14.71209507137482
161,Bangladesh,3,Both,2002,10.18393422626832
81,Germany,1,Male,2002,11.81562420624818
81,Germany,2,Female,2002,23.24857001593861
81,Germany,3,Both,2002,17.7568261261918
155,Turkey,1,Male,2001,13.63081238121319
155,Turkey,2,Female,2001,26.477313598709017
155,Turkey,3,Both,2001,20.09074949245207
161,Bangladesh,1,Male,2005,6.04011676649146
161,Bangladesh,2,Female,2005,16.224439815972282
161,Bangladesh,3,Both,2005,10.97462592304474
202,Cameroon,1,Male,2001,7.89458598712085
202,Cameroon,2,Female,2001,14.685473241210389
202,Cameroon,3,Both,2001,11.39914753369289
298,American Samoa,1,Male,1992,44.15597084334028
298,American Samoa,2,Female,1992,58.85481798075526
298,American Samoa,3,Both,1992,51.35622966367175
151,Qatar,1,Male,2006,18.38491161382136
151,Qatar,2,Female,2006,42.45850993119845
151,Qatar,3,Both,2006,24.20756635241432
320,Cook Islands,1,Male,2010,23.94340403774568
320,Cook Islands,2,Female,2010,42.20583513205783
320,Cook Islands,3,Both,2010,33.25940390239734
416,Tuvalu,1,Male,2006,14.4473285934613
416,Tuvalu,2,Female,2006,32.89530461799564
416,Tuvalu,3,Both,2006,24.09149366192935
157,Yemen,1,Male,2008,15.67002472085593
157,Yemen,2,Female,2008,30.19886733002794
157,Yemen,3,Both,2008,22.913672113413337
185,Rwanda,1,Male,1993,2.52924284167746
185,Rwanda,2,Female,1993,7.000371610799131
185,Rwanda,3,Both,1993,4.86637009390299
63,Ukraine,1,Male,2000,6.09163979438854
63,Ukraine,2,Female,2000,15.84085002002297
63,Ukraine,3,Both,2000,11.53266127066695
184,Mozambique,1,Male,1990,3.51181710272633
184,Mozambique,2,Female,1990,7.52510779124957
184,Mozambique,3,Both,1990,5.67172110006747
129,Honduras,1,Male,1996,7.14016310170484
129,Honduras,2,Female,1996,14.550070376173691
129,Honduras,3,Both,1996,10.96969752669154
178,Eritrea,1,Male,2004,1.25407755340866
178,Eritrea,2,Female,2004,3.44264256162905
178,Eritrea,3,Both,2004,2.40235291698681
204,Chad,1,Male,1992,8.0520171222558
204,Chad,2,Female,1992,12.359043993328733
204,Chad,3,Both,1992,10.35106552906834
139,Algeria,1,Male,2016,21.10095770576853
139,Algeria,2,Female,2016,39.145490878904
139,Algeria,3,Both,2016,30.05029822000823
369,Nauru,1,Male,2003,12.29635768153832
369,Nauru,2,Female,2003,32.58090976296683
369,Nauru,3,Both,2003,22.456571214821288
129,Honduras,1,Male,2005,7.10770996956265
129,Honduras,2,Female,2005,14.98685780004124
129,Honduras,3,Both,2005,11.20124565925721
145,Kuwait,1,Male,1993,34.7248092613858
145,Kuwait,2,Female,1993,55.67115039419435
145,Kuwait,3,Both,1993,42.32240241013196
117,Saint Vincent and the Grenadines,1,Male,2008,10.3962515336236
117,Saint Vincent and the Grenadines,2,Female,2008,25.68960227982146
117,Saint Vincent and the Grenadines,3,Both,2008,17.93255744856722
203,Cape Verde,1,Male,2007,4.28385083618106
203,Cape Verde,2,Female,2007,16.84629349729663
203,Cape Verde,3,Both,2007,10.90491652625207
213,Niger,1,Male,2008,8.5621647780849
213,Niger,2,Female,2008,17.53480057845731
213,Niger,3,Both,2008,13.13080752716683
182,Malawi,1,Male,2001,3.86460501406007
182,Malawi,2,Female,2001,4.87683136374347
182,Malawi,3,Both,2001,4.38057688838506
178,Eritrea,1,Male,1990,1.40596979096325
178,Eritrea,2,Female,1990,3.55933581854108
178,Eritrea,3,Both,1990,2.55185322557932
11,Indonesia,1,Male,1992,14.28017864339686
11,Indonesia,2,Female,1992,22.2600171391257
11,Indonesia,3,Both,1992,18.33921061605279
122,Ecuador,1,Male,1996,14.38206888613212
122,Ecuador,2,Female,1996,12.932413848373638
122,Ecuador,3,Both,1996,13.6425359402878
183,Mauritius,1,Male,1993,8.89623463324364
183,Mauritius,2,Female,1993,15.996605266202373
183,Mauritius,3,Both,1993,12.49267975719306
206,The Gambia,1,Male,2001,4.81303069127972
206,The Gambia,2,Female,2001,12.27409471484784
206,The Gambia,3,Both,2001,8.59338523714455
151,Qatar,1,Male,2009,17.04175873530845
151,Qatar,2,Female,2009,42.5628024638442
151,Qatar,3,Both,2009,22.24536981290685
209,Guinea-Bissau,1,Male,2003,6.99570445424836
209,Guinea-Bissau,2,Female,2003,13.62754506863824
209,Guinea-Bissau,3,Both,2003,10.51593113045463
72,New Zealand,1,Male,1991,16.59654759736419
72,New Zealand,2,Female,1991,25.65584661354217
72,New Zealand,3,Both,1991,21.2776760379269
63,Ukraine,1,Male,1997,5.969069093898209
63,Ukraine,2,Female,1997,15.83398671530655
63,Ukraine,3,Both,1997,11.47962799055103
435,South Sudan,1,Male,2006,3.3237009817765
435,South Sudan,2,Female,2006,7.75224245134223
435,South Sudan,3,Both,2006,5.466756814960401
17,Sri Lanka,1,Male,1994,3.69153700401386
17,Sri Lanka,2,Female,1994,9.0273079339089
17,Sri Lanka,3,Both,1994,6.3863517442156095
165,Pakistan,1,Male,2005,14.70539059120004
165,Pakistan,2,Female,2005,15.85918921339925
165,Pakistan,3,Both,2005,15.25984003019469
155,Turkey,1,Male,2006,14.33122125028582
155,Turkey,2,Female,2006,28.385393228359305
155,Turkey,3,Both,2006,21.41160346176784
161,Bangladesh,1,Male,2008,6.23190277035946
161,Bangladesh,2,Female,2008,18.456494356440334
161,Bangladesh,3,Both,2008,12.23433269579781
349,Greenland,1,Male,2010,6.78107622411368
349,Greenland,2,Female,2010,15.01884858888739
349,Greenland,3,Both,2010,10.53464624859832
165,Pakistan,1,Male,2002,14.56975248025377
165,Pakistan,2,Female,2002,15.59212386223569
165,Pakistan,3,Both,2002,15.05786110501135
157,Yemen,1,Male,2014,15.626376499891128
157,Yemen,2,Female,2014,30.79509929634897
157,Yemen,3,Both,2014,23.22285068471967
189,Tanzania,1,Male,1990,1.82385399200745
189,Tanzania,2,Female,1990,3.94369827123994
189,Tanzania,3,Both,1990,2.93748862376694
126,Costa Rica,1,Male,1996,9.32803925060017
126,Costa Rica,2,Female,1996,17.194732257529573
126,Costa Rica,3,Both,1996,13.3320344767448
187,Somalia,1,Male,1993,2.99981514299633
187,Somalia,2,Female,1993,7.63271053901988
187,Somalia,3,Both,1993,5.39971444278554
141,Egypt,1,Male,1999,12.568080185210787
141,Egypt,2,Female,1999,35.3539285272221
141,Egypt,3,Both,1999,23.73921561494581
208,Guinea,1,Male,1992,3.805661252092421
208,Guinea,2,Female,1992,10.33937090811901
208,Guinea,3,Both,1992,7.278116319994581
385,Puerto Rico,1,Male,2003,17.811945155564977
385,Puerto Rico,2,Female,2003,34.982719288335886
385,Puerto Rico,3,Both,2003,27.00737862006724
18,Thailand,1,Male,2009,8.67113815531019
18,Thailand,2,Female,2009,15.4081196676305
18,Thailand,3,Both,2009,12.16197474281477
369,Nauru,1,Male,2013,12.22427847472521
369,Nauru,2,Female,2013,32.02820697241099
369,Nauru,3,Both,2013,22.30254302341366
133,Venezuela,1,Male,1996,8.49814684387694
133,Venezuela,2,Female,1996,16.216552658389872
133,Venezuela,3,Both,1996,12.48053577627753
163,India,1,Male,2001,12.10427438197929
163,India,2,Female,2001,16.068559847412768
163,India,3,Both,2001,14.040699762068302
200,Benin,1,Male,1995,2.42016276258523
200,Benin,2,Female,1995,4.56130713118633
200,Benin,3,Both,1995,3.57948464168338
14,Maldives,1,Male,2006,23.20575719276355
14,Maldives,2,Female,2006,50.28079183783581
14,Maldives,3,Both,2006,36.60044217976648
186,Seychelles,1,Male,2001,11.79534248173182
186,Seychelles,2,Female,2001,19.49033382439438
186,Seychelles,3,Both,2001,15.69385026161595
141,Egypt,1,Male,2002,12.328494790335853
141,Egypt,2,Female,2002,35.38595069687592
141,Egypt,3,Both,2002,23.61665970254756
217,Sierra Leone,1,Male,2008,7.39073059764192
217,Sierra Leone,2,Female,2008,13.778113691661009
217,Sierra Leone,3,Both,2008,10.7179573256688
213,Niger,1,Male,2003,8.548954446715431
213,Niger,2,Female,2003,17.22621260716808
213,Niger,3,Both,2003,12.903852623848842
210,Liberia,1,Male,2001,10.49805221857857
210,Liberia,2,Female,2001,31.47953336605059
210,Liberia,3,Both,2001,21.0749517096415
130,Mexico,1,Male,1996,9.53911236549356
130,Mexico,2,Female,1996,17.6309415268705
130,Mexico,3,Both,1996,13.7371457088828
12,Laos,1,Male,2003,3.6189364848428
12,Laos,2,Female,2003,7.156204200445
12,Laos,3,Both,2003,5.42310750528254
214,Nigeria,1,Male,2001,9.30002315569278
214,Nigeria,2,Female,2001,16.639903251128903
214,Nigeria,3,Both,2001,12.822006697598228
193,Botswana,1,Male,1995,9.65779064099122
193,Botswana,2,Female,1995,23.3042530057569
193,Botswana,3,Both,1995,16.95204786055256
163,India,1,Male,2006,12.06680612040818
163,India,2,Female,2006,16.6936166784444
163,India,3,Both,2006,14.34544437797014
218,Togo,1,Male,2001,3.3433256543517
218,Togo,2,Female,2001,6.33334791773091
218,Togo,3,Both,2001,4.93582603659663
182,Malawi,1,Male,1990,4.13672327754197
182,Malawi,2,Female,1990,5.19860466367397
182,Malawi,3,Both,1990,4.684205154035769
207,Ghana,1,Male,2007,5.8160239724514
207,Ghana,2,Female,2007,12.970606404556
207,Ghana,3,Both,2007,9.56057164849596
169,Central African Republic,1,Male,2005,6.39115372027393
169,Central African Republic,2,Female,2005,17.496845119064012
169,Central African Republic,3,Both,2005,12.00988001378755
69,Singapore,1,Male,2004,20.39409298727271
69,Singapore,2,Female,2004,26.66544072970788
69,Singapore,3,Both,2004,23.52991458701201
217,Sierra Leone,1,Male,2003,7.70988369676004
217,Sierra Leone,2,Female,2003,13.971705899903112
217,Sierra Leone,3,Both,2003,11.00097276530879
320,Cook Islands,1,Male,1998,21.3455854832932
320,Cook Islands,2,Female,1998,40.21087393019706
320,Cook Islands,3,Both,1998,30.446332961775056
169,Central African Republic,1,Male,2002,6.60952301053068
169,Central African Republic,2,Female,2002,17.60647458561431
169,Central African Republic,3,Both,2002,12.19406999669321
165,Pakistan,1,Male,2008,14.874724881683653
165,Pakistan,2,Female,2008,16.15784222216189
165,Pakistan,3,Both,2008,15.495491087188409
121,Bolivia,1,Male,2008,11.01856721331003
121,Bolivia,2,Female,2008,14.217823580177033
121,Bolivia,3,Both,2008,12.65054682056288
76,Belgium,1,Male,1991,18.09676894866288
76,Belgium,2,Female,1991,31.12119943727415
76,Belgium,3,Both,1991,24.870928853533663
68,South Korea,1,Male,1994,15.56473642622859
68,South Korea,2,Female,1994,26.03430701309283
68,South Korea,3,Both,1994,20.90912691115372
212,Mauritania,1,Male,1992,17.98411394769099
212,Mauritania,2,Female,1992,25.53594261799212
212,Mauritania,3,Both,1992,21.88617107971701
150,Oman,1,Male,1993,15.22373334599331
150,Oman,2,Female,1993,31.9551124748488
150,Oman,3,Both,1993,20.72793401169607
77,Cyprus,1,Male,1999,13.69934760470716
77,Cyprus,2,Female,1999,22.67784207077418
77,Cyprus,3,Both,1999,18.26236049577892
204,Chad,1,Male,1995,7.78436976358884
204,Chad,2,Female,1995,12.06113511001672
204,Chad,3,Both,1995,10.05179826156268
367,Monaco,1,Male,2010,25.73206533524292
367,Monaco,2,Female,2010,38.072658654609846
367,Monaco,3,Both,2010,32.147739458333454
193,Botswana,1,Male,1998,9.47470449025818
193,Botswana,2,Female,1998,23.47685875124132
193,Botswana,3,Both,1998,16.94840084273038
190,Uganda,1,Male,1990,3.3621305943325104
190,Uganda,2,Female,1990,7.96263667428228
190,Uganda,3,Both,1990,5.71794097044742
186,Seychelles,1,Male,1990,12.0466834044572
186,Seychelles,2,Female,1990,21.05387829305226
186,Seychelles,3,Both,1990,16.60175743144563
155,Turkey,1,Male,2009,15.01007404069142
155,Turkey,2,Female,2009,29.645556991562227
155,Turkey,3,Both,2009,22.39433884583015
191,Zambia,1,Male,1993,5.70508573744372
191,Zambia,2,Female,1993,10.17236333811864
191,Zambia,3,Both,1993,7.97389104574527
173,Gabon,1,Male,2002,3.07080270783796
173,Gabon,2,Female,2002,13.365111591093658
173,Gabon,3,Both,2002,8.24566961531645
349,Greenland,1,Male,1998,5.44212465616212
349,Greenland,2,Female,1998,12.903240227149452
349,Greenland,3,Both,1998,8.810622082722059
211,Mali,1,Male,2007,13.38332082076829
211,Mali,2,Female,2007,16.00848556418188
211,Mali,3,Both,2007,14.71521790343632
173,Gabon,1,Male,2005,2.94712779423661
173,Gabon,2,Female,2005,13.61414820115466
173,Gabon,3,Both,2005,8.30923471356256
171,Democratic Republic of the Congo,1,Male,2001,11.14713678764309
171,Democratic Republic of the Congo,2,Female,2001,19.0666167119722
171,Democratic Republic of the Congo,3,Both,2001,15.22266118453014
169,Central African Republic,1,Male,2008,6.262722775795
169,Central African Republic,2,Female,2008,17.478019068658128
169,Central African Republic,3,Both,2008,11.940946960870033
197,Swaziland,1,Male,1995,8.82909133692734
197,Swaziland,2,Female,1995,16.94637647287043
197,Swaziland,3,Both,1995,13.34037818980274
81,Germany,1,Male,1999,11.73352348639481
81,Germany,2,Female,1999,23.18544813126521
81,Germany,3,Both,1999,17.70087998428615
68,South Korea,1,Male,2000,16.61352686041055
68,South Korea,2,Female,2000,26.76759226819322
68,South Korea,3,Both,2000,21.81133430457155
145,Kuwait,1,Male,1999,36.51078256454744
145,Kuwait,2,Female,1999,57.65635921156903
145,Kuwait,3,Both,1999,43.9601547189783
171,Democratic Republic of the Congo,1,Male,2006,10.16029455680663
171,Democratic Republic of the Congo,2,Female,2006,18.1982089253191
171,Democratic Republic of the Congo,3,Both,2006,14.25513890864695
182,Malawi,1,Male,2004,3.8023151727806703
182,Malawi,2,Female,2004,4.74745434536576
182,Malawi,3,Both,2004,4.28548672514002
136,Paraguay,1,Male,1990,10.11320731670284
136,Paraguay,2,Female,1990,14.29648194342187
136,Paraguay,3,Both,1990,12.2082181807423
374,Niue,1,Male,1992,20.58771623173704
374,Niue,2,Female,1992,39.64279973181476
374,Niue,3,Both,1992,30.47556449998473
197,Swaziland,1,Male,1998,8.72440812520097
197,Swaziland,2,Female,1998,17.0625615220223
197,Swaziland,3,Both,1998,13.34570678670161
194,Lesotho,1,Male,1990,2.76101928652003
194,Lesotho,2,Female,1990,6.512700325683101
194,Lesotho,3,Both,1990,5.02083486523219
195,Namibia,1,Male,1993,14.063705964613622
195,Namibia,2,Female,1993,16.81145556935233
195,Namibia,3,Both,1993,15.51365387847811
367,Monaco,1,Male,1998,24.24958745382672
367,Monaco,2,Female,1998,36.88967611219875
367,Monaco,3,Both,1998,30.878054981001917
177,Djibouti,1,Male,2002,3.09685677585923
177,Djibouti,2,Female,2002,7.60218496930171
177,Djibouti,3,Both,2002,5.18530549193481
215,Sao Tome and Principe,1,Male,2007,2.45103427876614
215,Sao Tome and Principe,2,Female,2007,10.574991566800849
215,Sao Tome and Principe,3,Both,2007,6.6549171779958005
177,Djibouti,1,Male,2005,3.1625509270420205
177,Djibouti,2,Female,2005,7.7697062030562
177,Djibouti,3,Both,2005,5.30072290463804
522,Sudan,1,Male,2014,50.7243072389126
522,Sudan,2,Female,2014,66.59693406980108
522,Sudan,3,Both,2014,58.74380524971252
175,Burundi,1,Male,2001,3.46063694209898
175,Burundi,2,Female,2001,8.18547039730724
175,Burundi,3,Both,2001,5.88651886591419
393,Saint Kitts and Nevis,1,Male,1992,11.02934091395185
393,Saint Kitts and Nevis,2,Female,1992,26.37918542761441
393,Saint Kitts and Nevis,3,Both,1992,19.02622951568999
85,Israel,1,Male,2002,13.51861119678287
85,Israel,2,Female,2002,25.616707509800968
85,Israel,3,Both,2002,19.81320876749147
175,Burundi,1,Male,2006,3.3317199194148897
175,Burundi,2,Female,2006,8.05665741924737
175,Burundi,3,Both,2006,5.6932324255507
298,American Samoa,1,Male,2008,46.87031440062231
298,American Samoa,2,Female,2008,61.10095308376857
298,American Samoa,3,Both,2008,53.99590425649323
198,Zimbabwe,1,Male,1990,7.06008709037733
198,Zimbabwe,2,Female,1990,11.08266859150627
198,Zimbabwe,3,Both,1990,9.15269453893812
142,Iran,1,Male,1996,14.04800097907111
142,Iran,2,Female,1996,32.90164569867154
142,Iran,3,Both,1996,23.27404136553298
163,India,1,Male,2009,11.82814149258655
163,India,2,Female,2009,16.821694957053428
163,India,3,Both,2009,14.293387866913148
380,Palau,1,Male,1998,18.17361784014231
380,Palau,2,Female,1998,38.8786255656813
380,Palau,3,Both,1998,27.59050193568336
77,Cyprus,1,Male,2004,14.143211806771468
77,Cyprus,2,Female,2004,23.02802848771027
77,Cyprus,3,Both,2004,18.68339251558017
181,Madagascar,1,Male,2002,3.1393819487775496
181,Madagascar,2,Female,2002,7.75364961518892
181,Madagascar,3,Both,2002,5.48722142668824
85,Israel,1,Male,1999,13.8395511424118
85,Israel,2,Female,1999,25.60453368653308
85,Israel,3,Both,1999,19.97689870284261
179,Ethiopia,1,Male,2001,3.99798196514919
179,Ethiopia,2,Female,2001,9.52470532503612
179,Ethiopia,3,Both,2001,6.74847475368616
422,"Virgin Islands, U.S.",1,Male,1992,8.35537206144444
422,"Virgin Islands, U.S.",2,Female,1992,21.33779085918253
422,"Virgin Islands, U.S.",3,Both,1992,15.22808524213732
202,Cameroon,1,Male,1990,8.112001553592139
202,Cameroon,2,Female,1990,14.29754381763241
202,Cameroon,3,Both,1990,11.33135213626451
298,American Samoa,1,Male,2003,45.95605101434063
298,American Samoa,2,Female,2003,61.09548286354149
298,American Samoa,3,Both,2003,53.4885887884907
179,Ethiopia,1,Male,2006,4.0365030486000295
179,Ethiopia,2,Female,2006,10.3327484441056
179,Ethiopia,3,Both,2006,7.17849105275771
146,Lebanon,1,Male,1996,31.72270425976575
146,Lebanon,2,Female,1996,29.48370812004794
146,Lebanon,3,Both,1996,30.54656941205323
413,Tokelau,1,Male,1998,20.30119925061255
413,Tokelau,2,Female,1998,39.20662747963256
413,Tokelau,3,Both,1998,30.157191443419705
203,Cape Verde,1,Male,1993,5.45932302259291
203,Cape Verde,2,Female,1993,16.30136938669597
203,Cape Verde,3,Both,1993,11.54899651279702
81,Germany,1,Male,2004,11.79928466447383
81,Germany,2,Female,2004,23.19866982352255
81,Germany,3,Both,2004,17.7131420220601
185,Rwanda,1,Male,2002,2.4661492891535497
185,Rwanda,2,Female,2002,6.92124927719871
185,Rwanda,3,Both,2002,4.90273485440653
89,Netherlands,1,Male,1999,10.6749204270361
89,Netherlands,2,Female,1999,18.7220549713526
89,Netherlands,3,Both,1999,14.79872967807992
183,Mauritius,1,Male,2001,9.10000601597763
183,Mauritius,2,Female,2001,16.92405202623775
183,Mauritius,3,Both,2001,13.09528995385282
206,The Gambia,1,Male,1990,4.71933490561055
206,The Gambia,2,Female,1990,11.57372015819396
206,The Gambia,3,Both,1990,8.1014357157456
196,South Africa,1,Male,1990,18.05078676673679
196,South Africa,2,Female,1990,30.13471612109176
196,South Africa,3,Both,1990,24.41959861868395
201,Burkina Faso,1,Male,1995,4.8927846237125
201,Burkina Faso,2,Female,1995,8.68114047621529
201,Burkina Faso,3,Both,1995,6.96689981963326
171,Democratic Republic of the Congo,1,Male,2009,9.86876873444258
171,Democratic Republic of the Congo,2,Female,2009,17.97100472911592
171,Democratic Republic of the Congo,3,Both,2009,13.97220695295437
93,Sweden,1,Male,1999,15.60727312857727
93,Sweden,2,Female,1999,25.86629383514899
93,Sweden,3,Both,1999,20.87770631927949
187,Somalia,1,Male,2001,2.9794107465369297
187,Somalia,2,Female,2001,7.72697863493096
187,Somalia,3,Both,2001,5.45164126422082
210,Liberia,1,Male,1990,10.84245012049539
210,Liberia,2,Female,1990,31.65692275041198
210,Liberia,3,Both,1990,21.10654097145548
147,Libya,1,Male,1996,15.86438499287118
147,Libya,2,Female,1996,32.71525082021643
147,Libya,3,Both,1996,23.77721940883366
183,Mauritius,1,Male,2006,9.764700293832131
183,Mauritius,2,Female,2006,18.216566408098338
183,Mauritius,3,Both,2006,14.08770379986323
200,Benin,1,Male,1990,2.61248032244388
200,Benin,2,Female,1990,4.68502769647181
200,Benin,3,Both,1990,3.741236332944821
175,Burundi,1,Male,2009,3.24266253386268
175,Burundi,2,Female,2009,7.89946969551611
175,Burundi,3,Both,2009,5.532673394339279
68,South Korea,1,Male,1997,16.0920667088991
68,South Korea,2,Female,1997,26.420512095088423
68,South Korea,3,Both,1997,21.37225583234052
205,Cote d'Ivoire,1,Male,1995,6.80389981595381
205,Cote d'Ivoire,2,Female,1995,10.81661485036699
205,Cote d'Ivoire,3,Both,1995,8.7372540668788
85,Israel,1,Male,2004,13.3551098263332
85,Israel,2,Female,2004,25.6083207478876
85,Israel,3,Both,2004,19.71976860397525
374,Niue,1,Male,2008,22.67945330241395
374,Niue,2,Female,2008,41.44657318147284
374,Niue,3,Both,2008,32.11700754758805
97,Argentina,1,Male,1999,10.378615056563593
97,Argentina,2,Female,1999,18.79045237257482
97,Argentina,3,Both,1999,14.812156752176058
162,Bhutan,1,Male,2007,28.79587022605549
162,Bhutan,2,Female,2007,57.15297077214545
162,Bhutan,3,Both,2007,41.87894027554423
201,Burkina Faso,1,Male,1998,4.69584117464417
201,Burkina Faso,2,Female,1998,8.48468017580467
201,Burkina Faso,3,Both,1998,6.76848567589351
416,Tuvalu,1,Male,2003,14.57933205953805
416,Tuvalu,2,Female,2003,32.94138543349008
416,Tuvalu,3,Both,2003,24.32970105703804
18,Thailand,1,Male,2006,8.40209866537619
18,Thailand,2,Female,2006,14.969961687046728
18,Thailand,3,Both,2006,11.81743254026047
80,France,1,Male,1991,19.42389661667125
80,France,2,Female,1991,29.697117840564403
80,France,3,Both,1991,24.81878342969361
140,Bahrain,1,Male,1990,15.71585727990218
140,Bahrain,2,Female,1990,34.03989003997373
140,Bahrain,3,Both,1990,22.3337825414795
14,Maldives,1,Male,2007,22.81852388200004
14,Maldives,2,Female,2007,50.381362135259245
14,Maldives,3,Both,2007,36.35064439944396
145,Kuwait,1,Male,2002,36.705990678774455
145,Kuwait,2,Female,2002,58.61495124900172
145,Kuwait,3,Both,2002,44.433827891780034
18,Thailand,1,Male,1995,7.428172871068971
18,Thailand,2,Female,1995,13.39752549729184
18,Thailand,3,Both,1995,10.51745675881484
154,Tunisia,1,Male,1993,9.11226739695778
154,Tunisia,2,Female,1993,13.85964865352998
154,Tunisia,3,Both,1993,11.48194010308858
216,Senegal,1,Male,1992,11.35049898744114
216,Senegal,2,Female,1992,16.455780411085772
216,Senegal,3,Both,1992,14.0011526586223
17,Sri Lanka,1,Male,1991,3.6558842451216695
17,Sri Lanka,2,Female,1991,8.9692760920555
17,Sri Lanka,3,Both,1991,6.31788342633607
72,New Zealand,1,Male,1994,16.649870275277078
72,New Zealand,2,Female,1994,25.60520066819067
72,New Zealand,3,Both,1994,21.28439825994192
186,Seychelles,1,Male,2004,11.9319267732465
186,Seychelles,2,Female,2004,19.50393037636577
186,Seychelles,3,Both,2004,15.718899887225549
72,New Zealand,1,Male,2000,18.38924779179834
72,New Zealand,2,Female,2000,26.71438871180865
72,New Zealand,3,Both,2000,22.718175708184347
208,Guinea,1,Male,1995,3.68062644269495
208,Guinea,2,Female,1995,10.4106056612836
208,Guinea,3,Both,1995,7.23896455635024
374,Niue,1,Male,2003,22.27220947005775
374,Niue,2,Female,2003,41.08620359204128
374,Niue,3,Both,2003,31.74839141915908
84,Ireland,1,Male,1991,17.21985453884384
84,Ireland,2,Female,1991,30.931386403488236
84,Ireland,3,Both,1991,24.26483369883622
10,Cambodia,1,Male,2010,1.68877995777364
10,Cambodia,2,Female,2010,4.19522193177483
10,Cambodia,3,Both,2010,3.040573615308
14,Maldives,1,Male,2003,23.68440746498065
14,Maldives,2,Female,2003,50.0896120215207
14,Maldives,3,Both,2003,36.73000927517523
150,Oman,1,Male,1999,16.46846804428222
150,Oman,2,Female,1999,33.01308695228663
150,Oman,3,Both,1999,22.32862059324314
196,South Africa,1,Male,1998,17.86574928774819
196,South Africa,2,Female,1998,29.69763987002727
196,South Africa,3,Both,1998,24.22327221380171
214,Nigeria,1,Male,1990,9.17008306410386
214,Nigeria,2,Female,1990,17.25037969469657
214,Nigeria,3,Both,1990,12.90018914014636
141,Egypt,1,Male,1996,12.61780420880991
141,Egypt,2,Female,1996,35.15902757660459
141,Egypt,3,Both,1996,23.68474085218188
320,Cook Islands,1,Male,2007,22.96377803551314
320,Cook Islands,2,Female,2007,41.99715787977737
320,Cook Islands,3,Both,2007,32.54996548621616
179,Ethiopia,1,Male,2009,4.20141128635772
179,Ethiopia,2,Female,2009,10.90199429996807
179,Ethiopia,3,Both,2009,7.56078834138271
76,Belgium,1,Male,2000,19.01911859562859
76,Belgium,2,Female,2000,32.01515720450716
76,Belgium,3,Both,2000,25.77247445678352
187,Somalia,1,Male,2006,2.77181118989818
187,Somalia,2,Female,2006,7.63533273195233
187,Somalia,3,Both,2006,5.26434508256145
209,Guinea-Bissau,1,Male,1995,7.17359658685341
209,Guinea-Bissau,2,Female,1995,13.530412443495653
209,Guinea-Bissau,3,Both,1995,10.56887529903134
133,Venezuela,1,Male,2005,8.58116290785682
133,Venezuela,2,Female,2005,16.81428635036237
133,Venezuela,3,Both,2005,12.81759069181889
144,Jordan,1,Male,1990,16.98682023784679
144,Jordan,2,Female,1990,27.11098954158533
144,Jordan,3,Both,1990,21.78075915317465
88,Malta,1,Male,1991,19.46892149238571
88,Malta,2,Female,1991,31.60009114436343
88,Malta,3,Both,1991,25.75806857986956
89,Netherlands,1,Male,2004,11.08566248077607
89,Netherlands,2,Female,2004,18.42957747225176
89,Netherlands,3,Both,2004,14.848062973919198
393,Saint Kitts and Nevis,1,Male,2008,10.91004829373249
393,Saint Kitts and Nevis,2,Female,2008,27.14982408345686
393,Saint Kitts and Nevis,3,Both,2008,19.028759702836854
200,Benin,1,Male,1998,2.31377246672744
200,Benin,2,Female,1998,4.46885554311778
200,Benin,3,Both,1998,3.47617289491696
18,Thailand,1,Male,2003,8.083830209987319
18,Thailand,2,Female,2003,14.443113354320053
18,Thailand,3,Both,2003,11.3889687091113
212,Mauritania,1,Male,1995,18.04526027845853
212,Mauritania,2,Female,1995,25.69524543903155
212,Mauritania,3,Both,1995,21.98921866537019
205,Cote d'Ivoire,1,Male,1998,6.701156206255229
205,Cote d'Ivoire,2,Female,1998,10.80882230467104
205,Cote d'Ivoire,3,Both,1998,8.685693948225499
204,Chad,1,Male,1990,8.21819871384907
204,Chad,2,Female,1990,12.55094683972418
204,Chad,3,Both,1990,10.53893908962895
76,Belgium,1,Male,1994,18.47252233708586
76,Belgium,2,Female,1994,31.54645543833643
76,Belgium,3,Both,1994,25.26733724585606
80,France,1,Male,2000,20.25206498968026
80,France,2,Female,2000,30.4962729086825
80,France,3,Both,2000,25.630499522189396
145,Kuwait,1,Male,1996,35.39999733656712
145,Kuwait,2,Female,1996,56.29184091468405
145,Kuwait,3,Both,1996,42.9058914624228
23,Kiribati,1,Male,2009,26.18709065489896
23,Kiribati,2,Female,2009,50.40140955963406
23,Kiribati,3,Both,2009,38.97532630413878
435,South Sudan,1,Male,2003,3.39508154094892
435,South Sudan,2,Female,2003,7.75978856815272
435,South Sudan,3,Both,2003,5.47645346131315
72,New Zealand,1,Male,1997,16.9994519060403
72,New Zealand,2,Female,1997,25.73322779729295
72,New Zealand,3,Both,1997,21.52089235094261
150,Oman,1,Male,2002,17.03360629216096
150,Oman,2,Female,2002,33.68939932501298
150,Oman,3,Both,2002,23.214941256663472
101,Canada,1,Male,1999,7.45639132620739
101,Canada,2,Female,1999,13.018152657357527
101,Canada,3,Both,1999,10.33956851198759
196,South Africa,1,Male,2010,17.76419591927147
196,South Africa,2,Female,2010,30.89011537699197
196,South Africa,3,Both,2010,24.73416952823708
89,Netherlands,1,Male,2002,10.90456984754701
89,Netherlands,2,Female,2002,18.52352946280048
89,Netherlands,3,Both,2002,14.80764586147404
213,Niger,1,Male,1995,8.53537017231309
213,Niger,2,Female,1995,16.55873522677739
213,Niger,3,Both,1995,12.53095967719799
170,Congo,1,Male,2007,6.76918806062677
170,Congo,2,Female,2007,10.281522864640287
170,Congo,3,Both,2007,8.54084025998132
84,Ireland,1,Male,2000,17.45842808553434
84,Ireland,2,Female,2000,31.56623372914285
84,Ireland,3,Both,2000,24.68130878776566
23,Kiribati,1,Male,2006,26.118868804062267
23,Kiribati,2,Female,2006,51.23802229513287
23,Kiribati,3,Both,2006,39.38429626953357
393,Saint Kitts and Nevis,1,Male,2003,10.4151587822021
393,Saint Kitts and Nevis,2,Female,2003,26.23145998560133
393,Saint Kitts and Nevis,3,Both,2003,18.37517061735325
216,Senegal,1,Male,1995,11.0782962002735
216,Senegal,2,Female,1995,16.388487097510527
216,Senegal,3,Both,1995,13.83580700219606
151,Qatar,1,Male,1996,16.51723583939257
151,Qatar,2,Female,1996,39.88167600004648
151,Qatar,3,Both,1996,22.73253327154941
154,Tunisia,1,Male,1999,8.96594187890784
154,Tunisia,2,Female,1999,13.6837553304131
154,Tunisia,3,Both,1999,11.3408284436522
183,Mauritius,1,Male,2009,10.49647042002104
183,Mauritius,2,Female,2009,19.42201082781527
183,Mauritius,3,Both,2009,15.06034197118043
349,Greenland,1,Male,2007,6.48428990143498
349,Greenland,2,Female,2007,14.370974976237038
349,Greenland,3,Both,2007,10.076561214277753
204,Chad,1,Male,1998,7.50140856650936
204,Chad,2,Female,1998,11.7408807899359
204,Chad,3,Both,1998,9.73280758898342
93,Sweden,1,Male,2004,16.805149131571227
93,Sweden,2,Female,2004,27.02180557049404
93,Sweden,3,Both,2004,22.03435333269907
27,Samoa,1,Male,2006,20.75510190036073
27,Samoa,2,Female,2006,60.50204751365105
27,Samoa,3,Both,2006,40.08913809192304
162,Bhutan,1,Male,2014,27.25609093139716
162,Bhutan,2,Female,2014,55.44622170695656
162,Bhutan,3,Both,2014,40.35368396993115
209,Guinea-Bissau,1,Male,1998,7.07854161103094
209,Guinea-Bissau,2,Female,1998,13.58105589532254
209,Guinea-Bissau,3,Both,1998,10.539914335163331
27,Samoa,1,Male,2009,21.63357797159278
27,Samoa,2,Female,2009,60.17914449927557
27,Samoa,3,Both,2009,40.3922093777176
76,Belgium,1,Male,1997,18.76894173959494
76,Belgium,2,Female,1997,31.83097616000397
76,Belgium,3,Both,1997,25.55728071085024
200,Benin,1,Male,2010,2.0552004696471298
200,Benin,2,Female,2010,4.23018604447718
200,Benin,3,Both,2010,3.2132588559380304
88,Malta,1,Male,2000,22.29543601658051
88,Malta,2,Female,2000,35.28921198272676
88,Malta,3,Both,2000,28.98447258762504
125,Colombia,1,Male,2008,16.948020029466353
125,Colombia,2,Female,2008,29.47719994456554
125,Colombia,3,Both,2008,23.5194902198066
217,Sierra Leone,1,Male,1995,8.09052270853464
217,Sierra Leone,2,Female,1995,14.03619651474554
217,Sierra Leone,3,Both,1995,11.20915902212084
23,Kiribati,1,Male,2003,25.93487126604445
23,Kiribati,2,Female,2003,51.53867038262527
23,Kiribati,3,Both,2003,39.46546915888084
208,Guinea,1,Male,1990,3.8868517943901497
208,Guinea,2,Female,1990,10.28998481316545
208,Guinea,3,Both,1990,7.298794843573219
154,Tunisia,1,Male,2002,9.01763511669353
154,Tunisia,2,Female,2002,13.74247924734026
154,Tunisia,3,Both,2002,11.40760421617439
178,Eritrea,1,Male,2007,1.2751088314093
178,Eritrea,2,Female,2007,3.5338877400188498
178,Eritrea,3,Both,2007,2.45097261996679
92,Spain,1,Male,1991,17.127150865783538
92,Spain,2,Female,1991,26.533580518263975
92,Spain,3,Both,1991,22.048197773607036
141,Egypt,1,Male,2005,11.88039222443684
141,Egypt,2,Female,2005,34.91738313083048
141,Egypt,3,Both,2005,23.13741591410217
149,Palestine,1,Male,1990,13.00261707532924
149,Palestine,2,Female,1990,42.97576861832635
149,Palestine,3,Both,1990,28.59681705278768
150,Oman,1,Male,1996,15.82451883425224
150,Oman,2,Female,1996,32.47367628972786
150,Oman,3,Both,1996,21.46398052725923
105,Antigua and Barbuda,1,Male,1999,9.71176942438095
105,Antigua and Barbuda,2,Female,1999,23.70559187719148
105,Antigua and Barbuda,3,Both,1999,17.33990971338139
93,Sweden,1,Male,2002,16.275804013342952
93,Sweden,2,Female,2002,26.54258555791076
93,Sweden,3,Both,2002,21.538749161532618
422,"Virgin Islands, U.S.",1,Male,2003,9.86568721640671
422,"Virgin Islands, U.S.",2,Female,2003,24.90580534968723
422,"Virgin Islands, U.S.",3,Both,2003,17.892402903028202
187,Somalia,1,Male,2009,2.73362168909404
187,Somalia,2,Female,2009,7.6347679089852
187,Somalia,3,Both,2009,5.23353196510156
204,Chad,1,Male,2010,7.1996762190541
204,Chad,2,Female,2010,11.195846671374
204,Chad,3,Both,2010,9.24875251589516
129,Honduras,1,Male,2008,7.212584403186479
129,Honduras,2,Female,2008,15.15312014024989
129,Honduras,3,Both,2008,11.35841868970068
367,Monaco,1,Male,2007,25.2669374721184
367,Monaco,2,Female,2007,37.682314458409714
367,Monaco,3,Both,2007,31.72509748510088
155,Turkey,1,Male,1996,13.18671993887095
155,Turkey,2,Female,1996,25.61724413221924
155,Turkey,3,Both,1996,19.42070906718412
422,"Virgin Islands, U.S.",1,Male,2008,11.5479071678227
422,"Virgin Islands, U.S.",2,Female,2008,27.5320284593759
422,"Virgin Islands, U.S.",3,Both,2008,20.073485265099087
97,Argentina,1,Male,2004,10.14248137568512
97,Argentina,2,Female,2004,19.27632108300787
97,Argentina,3,Both,2004,14.95824827399948
212,Mauritania,1,Male,1990,17.92670388732463
212,Mauritania,2,Female,1990,25.45676241954597
212,Mauritania,3,Both,1990,21.82739716258837
196,South Africa,1,Male,2004,17.74944029702138
196,South Africa,2,Female,2004,29.769355462270504
196,South Africa,3,Both,2004,24.21823652635197
162,Bhutan,1,Male,1993,26.31533342332592
162,Bhutan,2,Female,1993,52.57942370959724
162,Bhutan,3,Both,1993,38.66509746588879
145,Kuwait,1,Male,2005,36.94668676991838
145,Kuwait,2,Female,2005,59.70097211127497
145,Kuwait,3,Both,2005,45.10357718324338
35,Georgia,1,Male,2006,7.6656070814501405
35,Georgia,2,Female,2006,14.70347281247939
35,Georgia,3,Both,2006,11.5382298969486
213,Niger,1,Male,1998,8.50828574557662
213,Niger,2,Female,1998,16.8040599303219
213,Niger,3,Both,1998,12.6313718239489
80,France,1,Male,1994,19.78931629627236
80,France,2,Female,1994,30.00259514212316
80,France,3,Both,1994,25.150209362358
106,The Bahamas,1,Male,1999,9.78966297124882
106,The Bahamas,2,Female,1999,25.17575372768894
106,The Bahamas,3,Both,1999,17.87144777108735
196,South Africa,1,Male,2001,17.772732499863007
196,South Africa,2,Female,2001,29.63032853592396
196,South Africa,3,Both,2001,24.17033609436684
97,Argentina,1,Male,2002,10.268240214706893
97,Argentina,2,Female,2002,19.10697108928075
97,Argentina,3,Both,2002,14.93014079640473
80,France,1,Male,1997,19.98919105636022
80,France,2,Female,1997,30.21322660868084
80,France,3,Both,1997,25.35458040787245
208,Guinea,1,Male,2010,3.05230657304948
208,Guinea,2,Female,2010,9.80029125994043
208,Guinea,3,Both,2010,6.626030834384331
25,Federated States of Micronesia,1,Male,1992,41.77772575061036
25,Federated States of Micronesia,2,Female,1992,63.10154587923839
25,Federated States of Micronesia,3,Both,1992,52.297733300150384
193,Botswana,1,Male,2006,8.73616313867375
193,Botswana,2,Female,2006,23.83414226859018
193,Botswana,3,Both,2006,16.75015855768762
208,Guinea,1,Male,1998,3.60406102274526
208,Guinea,2,Female,1998,10.48472313706042
208,Guinea,3,Both,1998,7.22965436077921
133,Venezuela,1,Male,2008,9.04191028721128
133,Venezuela,2,Female,2008,17.657278326568328
133,Venezuela,3,Both,2008,13.464223490487807
92,Spain,1,Male,2000,17.1110132798756
92,Spain,2,Female,2000,26.36606056923998
92,Spain,3,Both,2000,21.920476308723774
101,Canada,1,Male,2004,7.98101911022063
101,Canada,2,Female,2004,13.781777248712048
101,Canada,3,Both,2004,10.99108660180384
216,Senegal,1,Male,1990,11.48936310254417
216,Senegal,2,Female,1990,16.49411365824079
216,Senegal,3,Both,1990,14.08589565285721
154,Tunisia,1,Male,1996,8.96757323512046
154,Tunisia,2,Female,1996,13.71434649754232
154,Tunisia,3,Both,1996,11.34649311551238
298,American Samoa,1,Male,1995,44.36712666798905
298,American Samoa,2,Female,1995,59.708604493365605
298,American Samoa,3,Both,1995,51.92553259361728
380,Palau,1,Male,2007,19.1982777289186
380,Palau,2,Female,2007,39.83365359407056
380,Palau,3,Both,2007,28.57372660165383
39,Tajikistan,1,Male,2006,5.46857465815586
39,Tajikistan,2,Female,2006,10.66923868827228
39,Tajikistan,3,Both,2006,8.08844276472405
153,Syria,1,Male,1990,17.17421396245862
153,Syria,2,Female,1990,32.08027644858545
153,Syria,3,Both,1990,24.45671871470496
29,Tonga,1,Male,1992,17.948857580629358
29,Tonga,2,Female,1992,44.74131347930789
29,Tonga,3,Both,1992,31.81841435121553
27,Samoa,1,Male,2003,20.00211111091203
27,Samoa,2,Female,2003,60.27108999071141
27,Samoa,3,Both,2003,39.5723320093331
110,Dominica,1,Male,1999,4.95126000445025
110,Dominica,2,Female,1999,23.107025873244343
110,Dominica,3,Both,1999,14.340707409952367
18,Thailand,1,Male,2004,8.19250230394526
18,Thailand,2,Female,2004,14.64885411614005
18,Thailand,3,Both,2004,11.54838138403416
351,Guam,1,Male,1992,8.1906648413885
351,Guam,2,Female,1992,22.60915231396147
351,Guam,3,Both,1992,14.874080593268271
101,Canada,1,Male,2002,7.759096403856359
101,Canada,2,Female,2002,13.43415852203286
101,Canada,3,Both,2002,10.703378667262289
35,Georgia,1,Male,2009,7.859983769790781
35,Georgia,2,Female,2009,15.0776003422196
35,Georgia,3,Both,2009,11.82782121124672
84,Ireland,1,Male,1994,17.41495256901143
84,Ireland,2,Female,1994,31.171015896012683
84,Ireland,3,Both,1994,24.49002312068549
197,Swaziland,1,Male,2006,8.22183949862572
197,Swaziland,2,Female,2006,18.08812052359415
197,Swaziland,3,Both,2006,13.60220805811128
413,Tokelau,1,Male,2007,21.62390366231454
413,Tokelau,2,Female,2007,40.69254287277533
413,Tokelau,3,Both,2007,31.36432963329699
105,Antigua and Barbuda,1,Male,2004,10.04477276511172
105,Antigua and Barbuda,2,Female,2004,24.25352831838254
105,Antigua and Barbuda,3,Both,2004,17.77455901140399
16,Philippines,1,Male,1998,4.25093336085705
16,Philippines,2,Female,1998,8.88267781439875
16,Philippines,3,Both,1998,6.56442570513741
33,Armenia,1,Male,1992,5.44518814490542
33,Armenia,2,Female,1992,11.44188751852339
33,Armenia,3,Both,1992,8.62737625423259
217,Sierra Leone,1,Male,1998,8.04384454898166
217,Sierra Leone,2,Female,1998,14.12281734995371
217,Sierra Leone,3,Both,1998,11.245736468344887
114,Haiti,1,Male,1999,8.087175412991101
114,Haiti,2,Female,1999,20.37958484374515
114,Haiti,3,Both,1999,14.511148882660322
163,India,1,Male,1996,12.04398198859851
163,India,2,Female,1996,15.58480529791526
163,India,3,Both,1996,13.75329146362457
105,Antigua and Barbuda,1,Male,2002,9.84676497108406
105,Antigua and Barbuda,2,Female,2002,23.90556174797803
105,Antigua and Barbuda,3,Both,2002,17.51765403744755
200,Benin,1,Male,2004,2.11579954691727
200,Benin,2,Female,2004,4.26023202484509
200,Benin,3,Both,2004,3.26705903564586
150,Oman,1,Male,2005,17.31411976965802
150,Oman,2,Female,2005,34.452485585972106
150,Oman,3,Both,2005,23.846532522032906
182,Malawi,1,Male,2007,3.8242270451232314
182,Malawi,2,Female,2007,4.656498067673271
182,Malawi,3,Both,2007,4.25151276035223
374,Niue,1,Male,1995,20.60102141085964
374,Niue,2,Female,1995,39.75893893139113
374,Niue,3,Both,1995,30.41387188455293
88,Malta,1,Male,1994,20.40627057807016
88,Malta,2,Female,1994,32.739971966616835
88,Malta,3,Both,1994,26.793679567957067
84,Ireland,1,Male,1997,17.44771383785293
84,Ireland,2,Female,1997,31.29080737138149
84,Ireland,3,Both,1997,24.55757945737861
37,Kyrgyzstan,1,Male,1992,5.27979935073388
37,Kyrgyzstan,2,Female,1992,13.14378849627243
37,Kyrgyzstan,3,Both,1992,9.44818980118791
162,Bhutan,1,Male,2002,28.10581987866822
162,Bhutan,2,Female,2002,55.40993995719806
162,Bhutan,3,Both,2002,40.71757704607246
39,Tajikistan,1,Male,2009,5.36797895570615
39,Tajikistan,2,Female,2009,10.55186796025011
39,Tajikistan,3,Both,2009,7.9732691259999795
369,Nauru,1,Male,1992,13.87923655267524
369,Nauru,2,Female,1992,33.562953548529315
369,Nauru,3,Both,1992,23.297146712601847
200,Benin,1,Male,2001,2.2085464978462
200,Benin,2,Female,2001,4.36417009805381
200,Benin,3,Both,2001,3.36799818554837
212,Mauritania,1,Male,2010,19.54641422991576
212,Mauritania,2,Female,2010,28.92221938809397
212,Mauritania,3,Both,2010,24.40058373855005
201,Burkina Faso,1,Male,2006,4.141732902888609
201,Burkina Faso,2,Female,2006,8.27712440979621
201,Burkina Faso,3,Both,2006,6.379000556163331
170,Congo,1,Male,1993,8.00378702533191
170,Congo,2,Female,1993,11.14928402435542
170,Congo,3,Both,1993,9.64338914185705
106,The Bahamas,1,Male,2004,10.69164330274074
106,The Bahamas,2,Female,2004,26.62828378408073
106,The Bahamas,3,Both,2004,19.07844299971859
118,Suriname,1,Male,1999,23.27107619473692
118,Suriname,2,Female,1999,31.59142381411358
118,Suriname,3,Both,1999,27.440417263455828
393,Saint Kitts and Nevis,1,Male,1995,10.57282748086142
393,Saint Kitts and Nevis,2,Female,1995,26.07217056587533
393,Saint Kitts and Nevis,3,Both,1995,18.55517002447052
154,Tunisia,1,Male,2005,9.3085317731268
154,Tunisia,2,Female,2005,14.2167558182113
154,Tunisia,3,Both,2005,11.80182774401576
212,Mauritania,1,Male,1998,18.182106601324698
212,Mauritania,2,Female,1998,25.95530382922569
212,Mauritania,3,Both,1998,22.19025279571267
186,Seychelles,1,Male,2007,11.87671884648189
186,Seychelles,2,Female,2007,19.45727141371607
186,Seychelles,3,Both,2007,15.611337272889369
41,Uzbekistan,1,Male,1992,2.1874431308243203
41,Uzbekistan,2,Female,1992,8.57661439487335
41,Uzbekistan,3,Both,1992,5.50588792218276
35,Georgia,1,Male,2003,7.49310054706309
35,Georgia,2,Female,2003,14.32257940443204
35,Georgia,3,Both,2003,11.25831856813359
43,Albania,1,Male,2006,9.15889175860395
43,Albania,2,Female,2006,18.10192179263764
43,Albania,3,Both,2006,13.71704732696744
106,The Bahamas,1,Male,2002,10.29044109299126
106,The Bahamas,2,Female,2002,25.96501864583722
106,The Bahamas,3,Both,2002,18.536031353608735
157,Yemen,1,Male,1990,15.42642166496798
157,Yemen,2,Female,1990,29.30142203508898
157,Yemen,3,Both,1990,22.48266491883884
204,Chad,1,Male,2004,7.20745857298222
204,Chad,2,Female,2004,11.286659117810869
204,Chad,3,Both,2004,9.32121315807575
88,Malta,1,Male,1997,21.39133444097372
88,Malta,2,Female,1997,33.92852398233471
88,Malta,3,Both,1997,27.866889055878303
122,Ecuador,1,Male,1999,14.51698159609962
122,Ecuador,2,Female,1999,12.970975289841672
122,Ecuador,3,Both,1999,13.72743136099508
204,Chad,1,Male,2001,7.30249815384192
204,Chad,2,Female,2001,11.44892271830703
204,Chad,3,Both,2001,9.46802150489066
385,Puerto Rico,1,Male,1992,16.11169971155923
385,Puerto Rico,2,Female,1992,30.94498663971462
385,Puerto Rico,3,Both,1992,24.01565241341598
422,"Virgin Islands, U.S.",1,Male,1995,8.750291066422209
422,"Virgin Islands, U.S.",2,Female,1995,22.42736466459204
422,"Virgin Islands, U.S.",3,Both,1995,15.99467358881444
205,Cote d'Ivoire,1,Male,2006,6.5967263471629405
205,Cote d'Ivoire,2,Female,2006,11.09027545705995
205,Cote d'Ivoire,3,Both,2006,8.737242509925899
162,Bhutan,1,Male,1999,27.70718457866196
162,Bhutan,2,Female,1999,54.32133380034927
162,Bhutan,3,Both,1999,40.08468694827765
110,Dominica,1,Male,2004,4.88734748374175
110,Dominica,2,Female,2004,24.27817799644645
110,Dominica,3,Both,2004,14.802206914362127
45,Bulgaria,1,Male,1992,13.74716453779657
45,Bulgaria,2,Female,1992,24.52988106247033
45,Bulgaria,3,Both,1992,19.33897792873922
126,Costa Rica,1,Male,1999,9.56599238748508
126,Costa Rica,2,Female,1999,17.77452183454569
126,Costa Rica,3,Both,1999,13.749275849877272
92,Spain,1,Male,1994,16.96248057383291
92,Spain,2,Female,1994,26.81522778747487
92,Spain,3,Both,1994,22.11450084482173
110,Dominica,1,Male,2002,4.88872611082226
110,Dominica,2,Female,2002,23.69363853002482
110,Dominica,3,Both,2002,14.54812761321284
49,Macedonia,1,Male,1992,8.98284817875771
49,Macedonia,2,Female,1992,18.47594447278799
49,Macedonia,3,Both,1992,13.787238868531931
47,Czech Republic,1,Male,2006,13.186656581555887
47,Czech Republic,2,Female,2006,26.50456530531228
47,Czech Republic,3,Both,2006,20.12054500448452
130,Mexico,1,Male,1999,9.541898725796
130,Mexico,2,Female,1999,17.31921990056101
130,Mexico,3,Both,1999,13.59418653553961
209,Guinea-Bissau,1,Male,2006,6.88979819564662
209,Guinea-Bissau,2,Female,2006,13.57741768306579
209,Guinea-Bissau,3,Both,2006,10.4435985379125
114,Haiti,1,Male,2004,8.05520672095435
114,Haiti,2,Female,2004,20.55128336779854
114,Haiti,3,Both,2004,14.61021528370175
53,Serbia,1,Male,1992,9.82490233679268
53,Serbia,2,Female,1992,19.43957736412827
53,Serbia,3,Both,1992,14.73507424313526
213,Niger,1,Male,2006,8.60337714925243
213,Niger,2,Female,2006,17.55897652961394
213,Niger,3,Both,2006,13.139557589875938
216,Senegal,1,Male,1998,10.71872548486903
216,Senegal,2,Female,1998,16.2275953184515
216,Senegal,3,Both,1998,13.576725221066413
43,Albania,1,Male,2009,9.98277208669416
43,Albania,2,Female,2009,19.25760302727695
43,Albania,3,Both,2009,14.71326372041408
217,Sierra Leone,1,Male,2006,7.4791153916642
217,Sierra Leone,2,Female,2006,13.82256506107863
217,Sierra Leone,3,Both,2006,10.79561553195558
39,Tajikistan,1,Male,2003,5.49304333077287
39,Tajikistan,2,Female,2003,10.80414100244429
39,Tajikistan,3,Both,2003,8.1814309560226
118,Suriname,1,Male,2004,23.65921559109736
118,Suriname,2,Female,2004,32.41408632425672
118,Suriname,3,Both,2004,28.046901298132287
208,Guinea,1,Male,2001,3.50312518526412
208,Guinea,2,Female,2001,10.44491473190955
208,Guinea,3,Both,2001,7.15442826074984
178,Eritrea,1,Male,1993,1.39522017249248
178,Eritrea,2,Female,1993,3.5551392838707
178,Eritrea,3,Both,1993,2.5485738204202897
161,Bangladesh,1,Male,1990,6.81478694519856
161,Bangladesh,2,Female,1990,15.27683086985004
161,Bangladesh,3,Both,1990,10.78139988939577
208,Guinea,1,Male,2004,3.34801328320088
208,Guinea,2,Female,2004,10.28676668367784
208,Guinea,3,Both,2004,7.001728007051559
216,Senegal,1,Male,2010,10.73357601921456
216,Senegal,2,Female,2010,16.55345734144786
216,Senegal,3,Both,2010,13.73959205654299
109,Cuba,1,Male,1991,12.45148339395542
109,Cuba,2,Female,1991,27.59498357796396
109,Cuba,3,Both,1991,20.085725987381288
47,Czech Republic,1,Male,2009,13.86702698278044
47,Czech Republic,2,Female,2009,27.639675799626467
47,Czech Republic,3,Both,2009,21.010097430823908
416,Tuvalu,1,Male,1992,14.449538992095128
416,Tuvalu,2,Female,1992,32.09386278863078
416,Tuvalu,3,Both,1992,24.223614481370127
141,Egypt,1,Male,2008,11.177424806217813
141,Egypt,2,Female,2008,33.846136335999724
141,Egypt,3,Both,2008,22.21615962275251
51,Poland,1,Male,2006,15.25848662994496
51,Poland,2,Female,2006,30.923055013370032
51,Poland,3,Both,2006,23.54306597922938
122,Ecuador,1,Male,2004,15.07834302514713
122,Ecuador,2,Female,2004,13.47709333523312
122,Ecuador,3,Both,2004,14.259186495263071
162,Bhutan,1,Male,1996,27.19373411744127
162,Bhutan,2,Female,1996,53.36915436773746
162,Bhutan,3,Both,1996,39.4907721431578
170,Congo,1,Male,2002,6.849889219309451
170,Congo,2,Female,2002,10.35664876873992
170,Congo,3,Both,2002,8.63064636612059
182,Malawi,1,Male,1993,3.97172448112502
182,Malawi,2,Female,1993,5.09654821942578
182,Malawi,3,Both,1993,4.543972028882011
212,Mauritania,1,Male,2004,18.76598796895148
212,Mauritania,2,Female,2004,27.232471103848084
212,Mauritania,3,Both,2004,23.146248938170768
165,Pakistan,1,Male,1990,15.4588379777062
165,Pakistan,2,Female,1990,15.964692195115198
165,Pakistan,3,Both,1990,15.696502956398762
51,Poland,1,Male,2009,15.982912352594662
51,Poland,2,Female,2009,31.3182474512066
51,Poland,3,Both,2009,24.08184104103493
351,Guam,1,Male,1995,8.21834781701364
351,Guam,2,Female,1995,23.047892525225368
351,Guam,3,Both,1995,15.188809207878071
435,South Sudan,1,Male,1992,3.78464905809424
435,South Sudan,2,Female,1992,8.03259827805301
435,South Sudan,3,Both,1992,5.73837605462441
113,Guyana,1,Male,1991,9.39939460356155
113,Guyana,2,Female,1991,23.89804082076803
113,Guyana,3,Both,1991,16.77293400322182
126,Costa Rica,1,Male,2004,9.93389670582979
126,Costa Rica,2,Female,2004,18.64001338750027
126,Costa Rica,3,Both,2004,14.397135892185918
109,Cuba,1,Male,2000,12.00565295489225
109,Cuba,2,Female,2000,27.63912304990979
109,Cuba,3,Both,2000,19.9054776374899
130,Mexico,1,Male,2004,9.177808776213013
130,Mexico,2,Female,2004,17.054318324040878
130,Mexico,3,Both,2004,13.30096638709399
145,Kuwait,1,Male,2008,37.27840508916889
145,Kuwait,2,Female,2008,60.94840247453867
145,Kuwait,3,Both,2008,46.09785770145151
55,Slovenia,1,Male,2006,12.92234217861854
55,Slovenia,2,Female,2006,25.709987014531038
55,Slovenia,3,Both,2006,19.54769744190121
162,Bhutan,1,Male,2005,28.568911313291014
162,Bhutan,2,Female,2005,56.574603550379365
162,Bhutan,3,Both,2005,41.46211601928579
55,Slovenia,1,Male,2009,13.53736313659506
55,Slovenia,2,Female,2009,26.75825097404384
55,Slovenia,3,Both,2009,20.34993365384186
92,Spain,1,Male,1997,17.08313975382306
92,Spain,2,Female,1997,26.70449987692108
92,Spain,3,Both,1997,22.10580412089741
212,Mauritania,1,Male,2001,18.37752692348548
212,Mauritania,2,Female,2001,26.39320533268955
212,Mauritania,3,Both,2001,22.51689632363986
196,South Africa,1,Male,2007,17.71948552681042
196,South Africa,2,Female,2007,30.189255587304093
196,South Africa,3,Both,2007,24.3875291256934
216,Senegal,1,Male,2004,10.48014813025723
216,Senegal,2,Female,2004,16.246350292624907
216,Senegal,3,Both,2004,13.458052846478
43,Albania,1,Male,2003,8.35076043049223
43,Albania,2,Female,2003,16.92677203979289
43,Albania,3,Both,2003,12.70303947252894
178,Eritrea,1,Male,2002,1.27366602726187
178,Eritrea,2,Female,2002,3.42951930460459
178,Eritrea,3,Both,2002,2.41186791758834
113,Guyana,1,Male,2000,9.33362841141488
113,Guyana,2,Female,2000,25.53633652969136
113,Guyana,3,Both,2000,17.50890202399106
170,Congo,1,Male,1996,7.588617017316481
170,Congo,2,Female,1996,10.92605907804902
170,Congo,3,Both,1996,9.31198411154199
117,Saint Vincent and the Grenadines,1,Male,1991,8.93044285224386
117,Saint Vincent and the Grenadines,2,Female,1991,23.23778983210448
117,Saint Vincent and the Grenadines,3,Both,1991,16.22279817412451
369,Nauru,1,Male,1995,13.28704447102466
369,Nauru,2,Female,1995,33.19236287514059
369,Nauru,3,Both,1995,22.98583082855532
186,Seychelles,1,Male,1993,11.80555243536397
186,Seychelles,2,Female,1993,20.63888187740108
186,Seychelles,3,Both,1993,16.28047219975971
200,Benin,1,Male,2007,2.0463501595234903
200,Benin,2,Female,2007,4.17951438311129
200,Benin,3,Both,2007,3.18778341810561
59,Latvia,1,Male,2006,9.7832062305868
59,Latvia,2,Female,2006,23.2041056151224
59,Latvia,3,Both,2006,17.34705020526022
59,Latvia,1,Male,2009,10.17544257262428
59,Latvia,2,Female,2009,24.00641807082012
59,Latvia,3,Both,2009,17.970558424624137
182,Malawi,1,Male,2002,3.83779722858962
182,Malawi,2,Female,2002,4.83544043251972
182,Malawi,3,Both,2002,4.34679664560169
117,Saint Vincent and the Grenadines,1,Male,2000,8.98628413844657
117,Saint Vincent and the Grenadines,2,Female,2000,23.65886716827544
117,Saint Vincent and the Grenadines,3,Both,2000,16.27967021528807
169,Central African Republic,1,Male,1990,7.53197802791597
169,Central African Republic,2,Female,1990,18.073725799173708
169,Central African Republic,3,Both,1990,13.04073739931376
109,Cuba,1,Male,1994,12.17292875864856
109,Cuba,2,Female,1994,27.49854181383089
109,Cuba,3,Both,1994,19.90749505220511
121,Bolivia,1,Male,1991,10.0837280876881
121,Bolivia,2,Female,1991,12.33411591432058
121,Bolivia,3,Both,1991,11.24902054694652
170,Congo,1,Male,1999,7.1738187315809405
170,Congo,2,Female,1999,10.6305952451853
170,Congo,3,Both,1999,8.94345567802464
385,Puerto Rico,1,Male,1995,16.14417502578025
385,Puerto Rico,2,Female,1995,31.70961373883399
385,Puerto Rico,3,Both,1995,24.4588718264194
204,Chad,1,Male,2007,7.1775789426772
204,Chad,2,Female,2007,11.200715844497608
204,Chad,3,Both,2007,9.248605379509767
47,Czech Republic,1,Male,2003,12.52871458824475
47,Czech Republic,2,Female,2003,25.15137205034263
47,Czech Republic,3,Both,2003,19.12703180952983
150,Oman,1,Male,2008,17.50698462101208
150,Oman,2,Female,2008,35.04278627188844
150,Oman,3,Both,2008,24.13047428158551
142,Iran,1,Male,2004,13.86904757449913
142,Iran,2,Female,2004,33.70511760935984
142,Iran,3,Both,2004,23.58994919514644
146,Lebanon,1,Male,2004,32.1791349119178
146,Lebanon,2,Female,2004,29.525001490089508
146,Lebanon,3,Both,2004,30.78588131699041
416,Tuvalu,1,Male,1995,14.43148394566722
416,Tuvalu,2,Female,1995,32.26222218183837
416,Tuvalu,3,Both,1995,24.21804453227358
147,Libya,1,Male,2004,15.94836967743358
147,Libya,2,Female,2004,33.60587758609372
147,Libya,3,Both,2004,24.41022903045225
216,Senegal,1,Male,2001,10.53554188048444
216,Senegal,2,Female,2001,16.18958746703535
216,Senegal,3,Both,2001,13.46220831769177
351,Guam,1,Male,1998,8.361004066012411
351,Guam,2,Female,1998,23.60275629726956
351,Guam,3,Both,1998,15.71008359696053
113,Guyana,1,Male,1994,9.14195479885673
113,Guyana,2,Female,1994,24.04766626852934
113,Guyana,3,Both,1994,16.71382629188361
173,Gabon,1,Male,1990,3.53275539390374
173,Gabon,2,Female,1990,12.06500144799901
173,Gabon,3,Both,1990,7.82723199848914
121,Bolivia,1,Male,2000,10.48789389395514
121,Bolivia,2,Female,2000,12.96000330873475
121,Bolivia,3,Both,2000,11.75770318072613
51,Poland,1,Male,2003,14.9698764900431
51,Poland,2,Female,2003,30.27483408942826
51,Poland,3,Both,2003,23.07331648765102
208,Guinea,1,Male,2007,3.16987378745495
208,Guinea,2,Female,2007,10.0241166641158
208,Guinea,3,Both,2007,6.7870140613818
170,Congo,1,Male,2005,6.69740571778632
170,Congo,2,Female,2005,10.19253014858555
170,Congo,3,Both,2005,8.46318541920011
63,Ukraine,1,Male,2006,6.32463718365013
63,Ukraine,2,Female,2006,16.46572235948646
63,Ukraine,3,Both,2006,11.98913871364116
186,Seychelles,1,Male,2002,11.80947965758573
186,Seychelles,2,Female,2002,19.4166402243599
186,Seychelles,3,Both,2002,15.64700718387258
178,Eritrea,1,Male,1999,1.31286138728482
178,Eritrea,2,Female,1999,3.4409383334325097
178,Eritrea,3,Both,1999,2.444592146618
125,Colombia,1,Male,1991,15.06636015653225
125,Colombia,2,Female,1991,27.66223696367116
125,Colombia,3,Both,1991,21.53688265279189
154,Tunisia,1,Male,2008,9.68876528189189
154,Tunisia,2,Female,2008,14.959902429370182
154,Tunisia,3,Both,2008,12.37267546078414
178,Eritrea,1,Male,1996,1.35172808123014
178,Eritrea,2,Female,1996,3.4847581376683703
178,Eritrea,3,Both,1996,2.4898857261975
369,Nauru,1,Male,1998,12.78600189079076
369,Nauru,2,Female,1998,32.86015637803046
369,Nauru,3,Both,1998,22.70063668000762
17,Sri Lanka,1,Male,1998,3.71860900838717
17,Sri Lanka,2,Female,1998,9.2257943286724
17,Sri Lanka,3,Both,1998,6.53106107378371
351,Guam,1,Male,2016,12.535351927001953
351,Guam,2,Female,2016,27.312911061783453
351,Guam,3,Both,2016,19.86468669955559
18,Thailand,1,Male,2016,10.267788349308493
18,Thailand,2,Female,2016,17.33782020316824
18,Thailand,3,Both,2016,13.96678266963196
10,Cambodia,1,Male,2019,1.97590695335665
10,Cambodia,2,Female,2019,4.82948484614123
10,Cambodia,3,Both,2019,3.4865136376039505
182,Malawi,1,Male,1996,4.05408080804069
182,Malawi,2,Female,1996,5.0859298554440695
182,Malawi,3,Both,1996,4.582244037834831
18,Thailand,1,Male,2001,7.923979562519549
18,Thailand,2,Female,2001,14.15423742169243
18,Thailand,3,Both,2001,11.16141445902618
63,Ukraine,1,Male,2009,6.54606026049149
63,Ukraine,2,Female,2009,17.00969868930092
63,Ukraine,3,Both,2009,12.38741481633355
151,Qatar,1,Male,2004,19.00586292117446
151,Qatar,2,Female,2004,41.9248218306481
151,Qatar,3,Both,2004,25.05290798852447
36,Kazakhstan,1,Male,2011,6.9086330425108295
36,Kazakhstan,2,Female,2011,14.975373385446892
36,Kazakhstan,3,Both,2011,11.23909444504627
385,Puerto Rico,1,Male,1998,16.391701340848062
385,Puerto Rico,2,Female,1998,32.58335303174514
385,Puerto Rico,3,Both,1998,25.0539374442272
182,Malawi,1,Male,1999,3.9339966472952894
182,Malawi,2,Female,1999,4.9638630055452095
182,Malawi,3,Both,1999,4.45882810974752
55,Slovenia,1,Male,2003,12.27246577915392
55,Slovenia,2,Female,2003,24.46880250247639
55,Slovenia,3,Both,2003,18.6301810218362
212,Mauritania,1,Male,2007,19.219041189423468
212,Mauritania,2,Female,2007,28.31579004320068
212,Mauritania,3,Both,2007,23.929623541938
20,Vietnam,1,Male,1997,5.2237053900648
20,Vietnam,2,Female,1997,10.08866245785603
20,Vietnam,3,Both,1997,7.809034171875349
155,Turkey,1,Male,2004,13.95824524609469
155,Turkey,2,Female,2004,27.573019904049524
155,Turkey,3,Both,2004,20.81124818929545
351,Guam,1,Male,2010,11.34981856202438
351,Guam,2,Female,2010,26.58080501144012
351,Guam,3,Both,2010,18.88063980662094
435,South Sudan,1,Male,1995,3.67727932266311
435,South Sudan,2,Female,1995,7.959116833144229
435,South Sudan,3,Both,1995,5.65862326602211
186,Seychelles,1,Male,1996,11.77683549708156
186,Seychelles,2,Female,1996,20.22432185399401
186,Seychelles,3,Both,1996,16.08558326551104
178,Eritrea,1,Male,2005,1.25485516988574
178,Eritrea,2,Female,2005,3.46509127588693
178,Eritrea,3,Both,2005,2.41124957158739
184,Mozambique,1,Male,2021,3.20118015638335
184,Mozambique,2,Female,2021,7.85904115017084
184,Mozambique,3,Both,2021,5.70218390934117
117,Saint Vincent and the Grenadines,1,Male,1994,8.85042772479521
117,Saint Vincent and the Grenadines,2,Female,1994,23.21544157279748
117,Saint Vincent and the Grenadines,3,Both,1994,16.076048137718722
177,Djibouti,1,Male,1990,2.98843489237492
177,Djibouti,2,Female,1990,7.464925115931869
177,Djibouti,3,Both,1990,5.10265741592995
109,Cuba,1,Male,1997,11.923645857017313
109,Cuba,2,Female,1997,27.2956625481353
109,Cuba,3,Both,1997,19.68455231408247
162,Bhutan,1,Male,2008,28.56979595526405
162,Bhutan,2,Female,2008,56.94347501913689
162,Bhutan,3,Both,2008,41.67485089125749
416,Tuvalu,1,Male,1998,14.492686876197313
416,Tuvalu,2,Female,1998,32.49178835201743
416,Tuvalu,3,Both,1998,24.26436606201539
163,India,1,Male,2004,12.0893828533373
163,India,2,Female,2004,16.47619328519425
163,India,3,Both,2004,14.244327130560867
196,South Africa,1,Male,1993,18.01519885746063
196,South Africa,2,Female,1993,30.056630307224967
196,South Africa,3,Both,1993,24.40606653866827
11,Indonesia,1,Male,2000,13.95808343702365
11,Indonesia,2,Female,2000,21.76650904701145
11,Indonesia,3,Both,2000,17.9169854384182
18,Thailand,1,Male,1992,7.25950588641957
18,Thailand,2,Female,1992,13.2024368761401
18,Thailand,3,Both,1992,10.33068215648114
59,Latvia,1,Male,2003,9.41701591513111
59,Latvia,2,Female,2003,22.46453984502812
59,Latvia,3,Both,2003,16.767946981504387
25,Federated States of Micronesia,1,Male,1997,42.42142357444612
25,Federated States of Micronesia,2,Female,1997,64.14039176333966
25,Federated States of Micronesia,3,Both,1997,53.347268540839934
186,Seychelles,1,Male,1999,11.77789745567729
186,Seychelles,2,Female,1999,19.7303941121069
186,Seychelles,3,Both,1999,15.83477147944179
29,Tonga,1,Male,1997,18.20956699704846
29,Tonga,2,Female,1997,46.27470081465742
29,Tonga,3,Both,1997,32.56757858507953
216,Senegal,1,Male,2007,10.58154251765806
216,Senegal,2,Female,2007,16.40078619381929
216,Senegal,3,Both,2007,13.58344010498118
129,Honduras,1,Male,1991,7.195287583855061
129,Honduras,2,Female,1991,14.400771109461829
129,Honduras,3,Both,1991,10.906207505137193
200,Benin,1,Male,1993,2.50051372276472
200,Benin,2,Female,1993,4.61638702922476
200,Benin,3,Both,1993,3.6489441929123902
121,Bolivia,1,Male,1994,10.21689785142628
121,Bolivia,2,Female,1994,12.4934943482473
121,Bolivia,3,Both,1994,11.39350387255147
113,Guyana,1,Male,1997,9.111709149345131
113,Guyana,2,Female,1997,24.61582984707983
113,Guyana,3,Both,1997,16.96267018033095
68,South Korea,1,Male,2006,17.96848428162092
68,South Korea,2,Female,2006,27.60679222161732
68,South Korea,3,Both,2006,22.91578855416849
33,Armenia,1,Male,1997,5.800035510866651
33,Armenia,2,Female,1997,11.66088575285159
33,Armenia,3,Both,1997,8.94314330187436
182,Malawi,1,Male,2005,3.79926462298012
182,Malawi,2,Female,2005,4.71063604992548
182,Malawi,3,Both,2005,4.26566880722049
68,South Korea,1,Male,2009,18.93738288359962
68,South Korea,2,Female,2009,28.41890198546822
68,South Korea,3,Both,2009,23.80521866829358
133,Venezuela,1,Male,1991,8.311773356819579
133,Venezuela,2,Female,1991,15.8174971057434
133,Venezuela,3,Both,1991,12.15542270535403
170,Congo,1,Male,2008,6.840028891452129
170,Congo,2,Female,2008,10.3602206120232
170,Congo,3,Both,2008,8.61494522082874
37,Kyrgyzstan,1,Male,1997,5.18442633310621
37,Kyrgyzstan,2,Female,1997,12.84872736082355
37,Kyrgyzstan,3,Both,1997,9.21009845707894
181,Madagascar,1,Male,1990,3.541057984878769
181,Madagascar,2,Female,1990,8.05786363585243
181,Madagascar,3,Both,1990,5.81943723682242
351,Guam,1,Male,2004,9.46335758354644
351,Guam,2,Female,2004,25.37522580695959
351,Guam,3,Both,2004,17.343184175968958
204,Chad,1,Male,1993,7.955654877191449
204,Chad,2,Female,1993,12.24979796150862
204,Chad,3,Both,1993,10.24307910564449
72,New Zealand,1,Male,2006,22.47094291668849
72,New Zealand,2,Female,2006,30.5173810966478
72,New Zealand,3,Both,2006,26.66456529133155
369,Nauru,1,Male,2010,12.01142744077191
369,Nauru,2,Female,2010,31.66508500160018
369,Nauru,3,Both,2010,21.969505466125188
41,Uzbekistan,1,Male,1997,2.04057097452967
41,Uzbekistan,2,Female,1997,8.20757677528907
41,Uzbekistan,3,Both,1997,5.23572747290195
45,Bulgaria,1,Male,1997,13.65198096024493
45,Bulgaria,2,Female,1997,24.71877668810542
45,Bulgaria,3,Both,1997,19.43270971453182
123,Peru,1,Male,2019,11.92658254286162
123,Peru,2,Female,2019,16.01050048014081
123,Peru,3,Both,2019,14.0110740747324
49,Macedonia,1,Male,1997,8.85419515737544
49,Macedonia,2,Female,1997,18.5515538357732
49,Macedonia,3,Both,1997,13.774119151047278
117,Saint Vincent and the Grenadines,1,Male,1997,8.84608515357108
117,Saint Vincent and the Grenadines,2,Female,1997,23.35840225117634
117,Saint Vincent and the Grenadines,3,Both,1997,16.08991825176614
53,Serbia,1,Male,1997,9.60144079712245
53,Serbia,2,Female,1997,19.2356072403956
53,Serbia,3,Both,1997,14.5254873601507
63,Ukraine,1,Male,2003,6.15583719409299
63,Ukraine,2,Female,2003,15.98095830347302
63,Ukraine,3,Both,2003,11.64021426288838
23,Kiribati,1,Male,1992,26.10891407345208
23,Kiribati,2,Female,1992,50.14537272052129
23,Kiribati,3,Both,1992,38.67557477878097
435,South Sudan,1,Male,1998,3.56253263527887
435,South Sudan,2,Female,1998,7.871714395101829
435,South Sudan,3,Both,1998,5.57485862028335
351,Guam,1,Male,2001,8.80764228420048
351,Guam,2,Female,2001,24.589216392378628
351,Guam,3,Both,2001,16.56078412527989
208,Guinea,1,Male,1993,3.76436026783201
208,Guinea,2,Female,1993,10.36569662274312
208,Guinea,3,Both,1993,7.26726798445444
185,Rwanda,1,Male,1990,2.5661009749648303
185,Rwanda,2,Female,1990,7.014974110640459
185,Rwanda,3,Both,1990,4.90279094599239
15,Myanmar,1,Male,1995,2.87625628377549
15,Myanmar,2,Female,1995,5.47955078563616
15,Myanmar,3,Both,1995,4.23308906637826
57,Belarus,1,Male,1997,7.19984133895947
57,Belarus,2,Female,1997,16.8338092556777
57,Belarus,3,Both,1997,12.509357088189413
61,Moldova,1,Male,1997,7.26279303717897
61,Moldova,2,Female,1997,16.24101659841725
61,Moldova,3,Both,1997,12.13910036620639
76,Belgium,1,Male,2006,19.16477395616144
76,Belgium,2,Female,2006,31.879772846720822
76,Belgium,3,Both,2006,25.76040575806368
84,Ireland,1,Male,2018,19.78901554728234
84,Ireland,2,Female,2018,35.51505917756235
84,Ireland,3,Both,2018,27.85485137061066
109,Cuba,1,Male,2012,14.62500769876454
109,Cuba,2,Female,2012,33.86025281776413
109,Cuba,3,Both,2012,24.39924467234528
125,Colombia,1,Male,1994,14.35551747061368
125,Colombia,2,Female,1994,26.3647577287938
125,Colombia,3,Both,1994,20.558283904780662
141,Egypt,1,Male,1991,12.44334903657093
141,Egypt,2,Female,1991,34.21870364933566
141,Egypt,3,Both,1991,23.14989726432643
17,Sri Lanka,1,Male,2006,3.99284360705578
17,Sri Lanka,2,Female,2006,10.63989274757852
17,Sri Lanka,3,Both,2006,7.451016316433471
66,Brunei,1,Male,1997,15.00397510904583
66,Brunei,2,Female,1997,23.54018263401894
66,Brunei,3,Both,1997,19.07033828374869
369,Nauru,1,Male,2004,12.25363655586243
369,Nauru,2,Female,2004,32.59320147070149
369,Nauru,3,Both,2004,22.460974357473727
121,Bolivia,1,Male,1997,10.364894044965087
121,Bolivia,2,Female,1997,12.69267722444808
121,Bolivia,3,Both,1997,11.56416481454866
72,New Zealand,1,Male,2009,25.007068579216803
72,New Zealand,2,Female,2009,33.185667197594945
72,New Zealand,3,Both,2009,29.26710352474446
385,Puerto Rico,1,Male,2010,20.42299966545302
385,Puerto Rico,2,Female,2010,36.88937106257134
385,Puerto Rico,3,Both,2010,29.24975081805437
27,Samoa,1,Male,1992,20.00026650892961
27,Samoa,2,Female,1992,59.576809120016286
27,Samoa,3,Both,1992,39.24560389583505
68,South Korea,1,Male,2003,17.35511278543866
68,South Korea,2,Female,2003,27.25746893231822
68,South Korea,3,Both,2003,22.43080345686481
369,Nauru,1,Male,2001,12.43164689789038
369,Nauru,2,Female,2001,32.601251772114246
369,Nauru,3,Both,2001,22.48783461298321
80,France,1,Male,2006,20.93669268753575
80,France,2,Female,2006,31.44642196145026
80,France,3,Both,2006,26.462944595552816
129,Honduras,1,Male,1994,7.1668135762015694
129,Honduras,2,Female,1994,14.50264986964575
129,Honduras,3,Both,1994,10.95556904329018
196,South Africa,1,Male,1996,17.94081100938839
196,South Africa,2,Female,1996,29.88133425093251
196,South Africa,3,Both,1996,24.32446413243297
74,Andorra,1,Male,1997,16.82340690536828
74,Andorra,2,Female,1997,25.737543925677148
74,Andorra,3,Both,1997,21.03688279149143
76,Belgium,1,Male,2009,19.50124532011823
76,Belgium,2,Female,2009,31.96020542725366
76,Belgium,3,Both,2009,25.954486672483867
385,Puerto Rico,1,Male,2004,18.13988876516613
385,Puerto Rico,2,Female,2004,35.37518715531534
385,Puerto Rico,3,Both,2004,27.37006538407853
78,Denmark,1,Male,1997,14.038347347699451
78,Denmark,2,Female,1997,24.95950383290408
78,Denmark,3,Both,1997,19.65327896635346
385,Puerto Rico,1,Male,2001,17.20360072350195
385,Puerto Rico,2,Female,2001,34.046102271700654
385,Puerto Rico,3,Both,2001,26.22046071363167
72,New Zealand,1,Male,2003,20.08597134890224
72,New Zealand,2,Female,2003,28.239270707393388
72,New Zealand,3,Both,2003,24.33321399525934
191,Zambia,1,Male,1990,5.89673089851483
191,Zambia,2,Female,1990,10.34269611239389
191,Zambia,3,Both,1990,8.1602571195168
35,Georgia,1,Male,1992,7.188514111431241
35,Georgia,2,Female,1992,14.03993194153474
35,Georgia,3,Both,1992,10.95009710867513
84,Ireland,1,Male,2006,17.36150555978769
84,Ireland,2,Female,2006,32.5490619085573
84,Ireland,3,Both,2006,25.03425344879055
82,Greece,1,Male,1997,14.039056227608098
82,Greece,2,Female,1997,24.35263556215369
82,Greece,3,Both,1997,19.340909675231828
200,Benin,1,Male,1996,2.38554377075819
200,Benin,2,Female,1996,4.52829679157378
200,Benin,3,Both,1996,3.54424322429232
133,Venezuela,1,Male,1994,8.40826146840481
133,Venezuela,2,Female,1994,16.04313261350527
133,Venezuela,3,Both,1994,12.33814311617901
80,France,1,Male,2009,21.5265840491172
80,France,2,Female,2009,32.16077132836142
80,France,3,Both,2009,27.11830515504698
15,Myanmar,1,Male,2008,2.53073785330292
15,Myanmar,2,Female,2008,5.3212546529663
15,Myanmar,3,Both,2008,4.0124762608457
45,Bulgaria,1,Male,2020,13.8188037278068
45,Bulgaria,2,Female,2020,26.37814978495594
45,Bulgaria,3,Both,2020,20.40347034856605
351,Guam,1,Male,2007,10.40952320817076
351,Guam,2,Female,2007,25.94510748819312
351,Guam,3,Both,2007,18.10442387852535
416,Tuvalu,1,Male,2004,14.57177896875321
416,Tuvalu,2,Female,2004,33.06569389490587
416,Tuvalu,3,Both,2004,24.34241500833689
86,Italy,1,Male,1997,19.8509558984972
86,Italy,2,Female,1997,35.92035504918192
86,Italy,3,Both,1997,28.30572907351106
416,Tuvalu,1,Male,2001,14.53477768750196
416,Tuvalu,2,Female,2001,32.750842337323945
416,Tuvalu,3,Both,2001,24.3031370043324
76,Belgium,1,Male,2003,19.16916100606817
76,Belgium,2,Female,2003,32.03888939010104
76,Belgium,3,Both,2003,25.853264213656157
195,Namibia,1,Male,1990,14.13477109526867
195,Namibia,2,Female,1990,16.94370504091417
195,Namibia,3,Both,1990,15.60831437067272
39,Tajikistan,1,Male,1992,5.507084984147579
39,Tajikistan,2,Female,1992,11.88425865494472
39,Tajikistan,3,Both,1992,8.7703313769315
88,Malta,1,Male,2006,23.33800082278178
88,Malta,2,Female,2006,37.2434013209562
88,Malta,3,Both,2006,30.44548853267669
84,Ireland,1,Male,2009,17.48858385175053
84,Ireland,2,Female,2009,32.88174356577951
84,Ireland,3,Both,2009,25.294755967932257
435,South Sudan,1,Male,2001,3.4611841101012097
435,South Sudan,2,Female,2001,7.80440937595024
435,South Sudan,3,Both,2001,5.51362941049452
369,Nauru,1,Male,2007,12.05057429231559
369,Nauru,2,Female,2007,31.973979789654788
369,Nauru,3,Both,2007,22.09968671211796
90,Norway,1,Male,1997,21.24295975462172
90,Norway,2,Female,1997,30.09051031667097
90,Norway,3,Both,1997,25.79362999528925
435,South Sudan,1,Male,2004,3.36756583602694
435,South Sudan,2,Female,2004,7.74664302848338
435,South Sudan,3,Both,2004,5.46588741201742
385,Puerto Rico,1,Male,2007,19.14039998111896
385,Puerto Rico,2,Female,2007,36.25623211215781
385,Puerto Rico,3,Both,2007,28.31213618813095
43,Albania,1,Male,1992,6.254379792424899
43,Albania,2,Female,1992,14.36071250623705
43,Albania,3,Both,1992,10.214008864668491
94,Switzerland,1,Male,1997,14.72628935001477
94,Switzerland,2,Female,1997,26.237676990275126
94,Switzerland,3,Both,1997,20.69241225331267
80,France,1,Male,2003,20.56996097049597
80,France,2,Female,2003,30.94508147736298
80,France,3,Both,2003,26.02221978422043
88,Malta,1,Male,2009,23.83790090252462
88,Malta,2,Female,2009,37.58619227435092
88,Malta,3,Both,2009,30.84785566710116
125,Colombia,1,Male,1997,14.10306495143838
125,Colombia,2,Female,1997,25.49051276838127
125,Colombia,3,Both,1997,20.01211668384634
98,Chile,1,Male,1997,7.84028645809213
98,Chile,2,Female,1997,20.12987510039483
98,Chile,3,Both,1997,14.21654699384615
416,Tuvalu,1,Male,2007,14.3419010055411
416,Tuvalu,2,Female,2007,32.68051709527427
416,Tuvalu,3,Both,2007,23.87555673552724
92,Spain,1,Male,2006,16.51622373362274
92,Spain,2,Female,2006,26.6097953565618
92,Spain,3,Both,2006,21.6911809300518
47,Czech Republic,1,Male,1992,11.77288732225189
47,Czech Republic,2,Female,1992,23.282539912083617
47,Czech Republic,3,Both,1992,17.86875330805378
165,Pakistan,1,Male,2011,14.919242464105231
165,Pakistan,2,Female,2011,16.36211416251544
165,Pakistan,3,Both,2011,15.62220170219849
171,Democratic Republic of the Congo,1,Male,2012,9.96094315081985
171,Democratic Republic of the Congo,2,Female,2012,18.14008974888479
171,Democratic Republic of the Congo,3,Both,2012,14.083600411692402
8,Taiwan (Province of China),1,Male,2018,27.82449549745695
8,Taiwan (Province of China),2,Female,2018,36.91679440201307
8,Taiwan (Province of China),3,Both,2018,32.47288062622008
51,Poland,1,Male,1992,13.33291081626318
51,Poland,2,Female,1992,27.89821181880785
51,Poland,3,Both,1992,21.04056657887932
203,Cape Verde,1,Male,1990,5.89867902510396
203,Cape Verde,2,Female,1990,16.4336784531565
203,Cape Verde,3,Both,1990,11.91963163578865
84,Ireland,1,Male,2003,17.470447859494918
84,Ireland,2,Female,2003,32.082749035274624
84,Ireland,3,Both,2003,24.90466866325417
92,Spain,1,Male,2009,16.63266740581871
92,Spain,2,Female,2009,27.064806870827766
92,Spain,3,Both,2009,21.97449085206372
435,South Sudan,1,Male,2007,3.3057412843232297
435,South Sudan,2,Female,2007,7.74772442020017
435,South Sudan,3,Both,2007,5.46576042659761
55,Slovenia,1,Male,1992,11.070806701512687
55,Slovenia,2,Female,1992,21.66207728296958
55,Slovenia,3,Both,1992,16.659013755469072
88,Malta,1,Male,2003,22.960575791004988
88,Malta,2,Female,2003,36.46757660362201
88,Malta,3,Both,2003,29.88603247669081
59,Latvia,1,Male,1992,8.42096698411456
59,Latvia,2,Female,1992,20.37946077721962
59,Latvia,3,Both,1992,15.121781406367822
207,Ghana,1,Male,1990,8.9254456547862
207,Ghana,2,Female,1990,15.080644191420689
207,Ghana,3,Both,1990,12.11425162786488
92,Spain,1,Male,2003,16.80518154195216
92,Spain,2,Female,2003,26.30834980288292
92,Spain,3,Both,2003,21.70653511368638
211,Mali,1,Male,1990,13.3893327710032
211,Mali,2,Female,1990,15.171243968299692
211,Mali,3,Both,1990,14.32236510088352
63,Ukraine,1,Male,1992,5.877117632613841
63,Ukraine,2,Female,1992,15.99440898802288
63,Ukraine,3,Both,1992,11.54247390463876
23,Kiribati,1,Male,1998,25.852058661093007
23,Kiribati,2,Female,1998,51.00037039230878
23,Kiribati,3,Both,1998,39.08979706921732
162,Bhutan,1,Male,2017,27.068107455389168
162,Bhutan,2,Female,2017,54.96335078932619
162,Bhutan,3,Both,2017,40.13506115093716
14,Maldives,1,Male,2010,21.51276331620558
14,Maldives,2,Female,2010,50.785003942824616
14,Maldives,3,Both,2010,35.1777456550097
18,Thailand,1,Male,2007,8.52520884893104
18,Thailand,2,Female,2007,15.14811610016995
18,Thailand,3,Both,2007,11.97049642777585
92,Spain,1,Male,2015,17.81338440360562
92,Spain,2,Female,2015,27.89797609828435
92,Spain,3,Both,2015,23.01855206934749
215,Sao Tome and Principe,1,Male,1990,3.19877932019958
215,Sao Tome and Principe,2,Female,1990,11.27312500632851
215,Sao Tome and Principe,3,Both,1990,7.44284892117229
27,Samoa,1,Male,1998,19.48538887439788
27,Samoa,2,Female,1998,59.45484910377181
27,Samoa,3,Both,1998,38.8623279879682
12,Laos,1,Male,2009,3.1887808120751697
12,Laos,2,Female,2009,6.954125286019231
12,Laos,3,Both,2009,5.093023042987141
150,Oman,1,Male,2020,20.20676338757205
150,Oman,2,Female,2020,38.89498244762643
150,Oman,3,Both,2020,26.34743657469773
35,Georgia,1,Male,1998,7.4234472627921
35,Georgia,2,Female,1998,14.18913684077759
35,Georgia,3,Both,1998,11.15465656096802
109,Cuba,1,Male,2003,12.5525053883733
109,Cuba,2,Female,2003,28.97209541560321
109,Cuba,3,Both,2003,20.85966092052324
113,Guyana,1,Male,2003,9.730177911223551
113,Guyana,2,Female,2003,26.68175609889759
113,Guyana,3,Both,2003,18.26757493622667
39,Tajikistan,1,Male,1998,5.426968544098569
39,Tajikistan,2,Female,1998,11.17654030525806
39,Tajikistan,3,Both,1998,8.35583356409987
43,Albania,1,Male,1998,7.09030811571551
43,Albania,2,Female,1998,15.33050723799589
43,Albania,3,Both,1998,11.20604639374125
47,Czech Republic,1,Male,1998,12.14469942406786
47,Czech Republic,2,Female,1998,24.44275399044014
47,Czech Republic,3,Both,1998,18.61958236818697
8,Taiwan (Province of China),1,Male,2016,27.36792859037101
8,Taiwan (Province of China),2,Female,2016,36.30841240016085
8,Taiwan (Province of China),3,Both,2016,31.92806452985898
51,Poland,1,Male,1998,14.319118548366138
51,Poland,2,Female,1998,29.28232668169099
51,Poland,3,Both,1998,22.25063340928721
55,Slovenia,1,Male,1998,11.51583913320336
55,Slovenia,2,Female,1998,22.67695180159753
55,Slovenia,3,Both,1998,17.37636905057585
11,Indonesia,1,Male,2007,13.814620782186
11,Indonesia,2,Female,2007,22.09061460884206
11,Indonesia,3,Both,2007,17.98276876371104
87,Luxembourg,1,Male,2015,14.24456499783261
87,Luxembourg,2,Female,2015,25.70948035154781
87,Luxembourg,3,Both,2015,20.02585615875595
23,Kiribati,1,Male,1995,25.83771704227587
23,Kiribati,2,Female,1995,50.555078789821614
23,Kiribati,3,Both,1995,38.77809696762357
27,Samoa,1,Male,1995,19.52045302710071
27,Samoa,2,Female,1995,59.24104810093765
27,Samoa,3,Both,1995,38.77771483173981
35,Georgia,1,Male,1995,7.32456004527597
35,Georgia,2,Female,1995,14.12198005466071
35,Georgia,3,Both,1995,11.06534873680512
39,Tajikistan,1,Male,1995,5.43272877414767
39,Tajikistan,2,Female,1995,11.52454792236342
39,Tajikistan,3,Both,1995,8.541773049012539
43,Albania,1,Male,1995,6.572707152820651
43,Albania,2,Female,1995,14.69347915340983
43,Albania,3,Both,1995,10.579249824669647
79,Finland,1,Male,2018,18.31773228755074
79,Finland,2,Female,2018,32.6173779990336
79,Finland,3,Both,2018,25.66529849699754
47,Czech Republic,1,Male,1995,12.09082989075289
47,Czech Republic,2,Female,1995,24.10422186307763
47,Czech Republic,3,Both,1995,18.43846887236696
76,Belgium,1,Male,2021,21.159700591848072
76,Belgium,2,Female,2021,33.473543712268935
76,Belgium,3,Both,2021,27.49624897734978
51,Poland,1,Male,1995,13.79819204141381
51,Poland,2,Female,1995,28.66627494153744
51,Poland,3,Both,1995,21.67577471353273
55,Slovenia,1,Male,1995,11.217081921768129
55,Slovenia,2,Female,1995,21.88569331771931
55,Slovenia,3,Both,1995,16.83553785518566
11,Indonesia,1,Male,1994,14.341219373972
11,Indonesia,2,Female,1994,22.2053687273716
11,Indonesia,3,Both,1994,18.34092181097442
17,Sri Lanka,1,Male,1995,3.7009222890455695
17,Sri Lanka,2,Female,1995,9.058216413910673
17,Sri Lanka,3,Both,1995,6.41382705137371
23,Kiribati,1,Male,2004,25.97347147952741
23,Kiribati,2,Female,2004,51.58457074630418
23,Kiribati,3,Both,2004,39.50439251905616
59,Latvia,1,Male,1995,8.61066533033897
59,Latvia,2,Female,1995,20.89178670621165
59,Latvia,3,Both,1995,15.52134415909042
27,Samoa,1,Male,2004,20.23435714716029
27,Samoa,2,Female,2004,60.50235444859783
27,Samoa,3,Both,2004,39.8108341701542
98,Chile,1,Male,2011,8.34351612476609
98,Chile,2,Female,2011,23.03247635090423
98,Chile,3,Both,2011,15.981104401199332
17,Sri Lanka,1,Male,1997,3.7139769785089
17,Sri Lanka,2,Female,1997,9.1638607296962
17,Sri Lanka,3,Both,1997,6.48924619136041
6,China,1,Male,2011,12.5806306594171
6,China,2,Female,2011,21.64633013487165
6,China,3,Both,2011,17.08039442273237
35,Georgia,1,Male,2004,7.54986043141833
35,Georgia,2,Female,2004,14.44819897385653
35,Georgia,3,Both,2004,11.34961928314902
39,Tajikistan,1,Male,2004,5.50142434784506
39,Tajikistan,2,Female,2004,10.790342880019011
39,Tajikistan,3,Both,2004,8.17440507743691
6,China,1,Male,2020,15.53089773851834
6,China,2,Female,2020,25.21606417613858
6,China,3,Both,2020,20.34736589631758
8,Taiwan (Province of China),1,Male,2014,26.86850814835481
8,Taiwan (Province of China),2,Female,2014,35.59558988646288
8,Taiwan (Province of China),3,Both,2014,31.30909176623214
17,Sri Lanka,1,Male,2003,3.8199527834649096
17,Sri Lanka,2,Female,2003,9.85424375576968
17,Sri Lanka,3,Both,2003,6.940892727106821
6,China,1,Male,2014,13.31726615644089
6,China,2,Female,2014,22.61022529183845
6,China,3,Both,2014,17.94408141261251
17,Sri Lanka,1,Male,2004,3.86570777313925
17,Sri Lanka,2,Female,2004,10.09039975604385
17,Sri Lanka,3,Both,2004,7.0913222393976
23,Kiribati,1,Male,2001,25.8583563579024
23,Kiribati,2,Female,2001,51.391715750907984
23,Kiribati,3,Both,2001,39.34884635494233
27,Samoa,1,Male,2013,22.69651759635524
27,Samoa,2,Female,2013,60.83793116810394
27,Samoa,3,Both,2013,41.27692149130085
27,Samoa,1,Male,2001,19.75885435944777
27,Samoa,2,Female,2001,59.99852075387682
27,Samoa,3,Both,2001,39.29819756264384
16,Philippines,1,Male,2000,4.24134184160607
16,Philippines,2,Female,2000,8.87973971936894
16,Philippines,3,Both,2000,6.557978765623711
35,Georgia,1,Male,2001,7.41486379050455
35,Georgia,2,Female,2001,14.203459742572742
35,Georgia,3,Both,2001,11.1623297995939
39,Tajikistan,1,Male,2001,5.459811698981111
39,Tajikistan,2,Female,2001,10.92458392042206
39,Tajikistan,3,Both,2001,8.23361734352996
16,Philippines,1,Male,2003,4.26668166229564
16,Philippines,2,Female,2003,8.96707178465434
16,Philippines,3,Both,2003,6.61598718986752
43,Albania,1,Male,2001,7.822897574908031
43,Albania,2,Female,2001,16.22222426458555
43,Albania,3,Both,2001,12.06275491051161
16,Philippines,1,Male,2006,4.3946880735356
16,Philippines,2,Female,2006,9.24958684148298
16,Philippines,3,Both,2006,6.82493391670637
7,North Korea,1,Male,2003,12.72244560446841
7,North Korea,2,Female,2003,22.48908340653139
7,North Korea,3,Both,2003,17.94058982203777
156,United Arab Emirates,1,Male,2013,25.95131802204198
156,United Arab Emirates,2,Female,2013,32.86629335173108
156,United Arab Emirates,3,Both,2013,27.44883988145791
17,Sri Lanka,1,Male,2007,4.07566521408149
17,Sri Lanka,2,Female,2007,10.92410894451334
17,Sri Lanka,3,Both,2007,7.645409363697279
178,Eritrea,1,Male,2011,1.34629359579035
178,Eritrea,2,Female,2011,3.7239492419611
178,Eritrea,3,Both,2011,2.57196259053816
6,China,1,Male,2017,14.31753661663098
6,China,2,Female,2017,23.77438266417515
6,China,3,Both,2017,19.02720801865242
17,Sri Lanka,1,Male,2010,4.36537977456024
17,Sri Lanka,2,Female,2010,11.71719158546197
17,Sri Lanka,3,Both,2010,8.21909176602637
47,Czech Republic,1,Male,2001,12.270922710001267
47,Czech Republic,2,Female,2001,24.66459865700125
47,Czech Republic,3,Both,2001,18.767998343556368
12,Laos,1,Male,2015,3.29578896979887
12,Laos,2,Female,2015,7.32364279410494
12,Laos,3,Both,2015,5.320845174535361
11,Indonesia,1,Male,2010,14.088785553425051
11,Indonesia,2,Female,2010,22.86571271058472
11,Indonesia,3,Both,2010,18.49741719967938
349,Greenland,1,Male,2013,7.0323383764040095
349,Greenland,2,Female,2013,15.473673601105132
349,Greenland,3,Both,2013,10.91001392712472
7,North Korea,1,Male,2012,13.207977025382188
7,North Korea,2,Female,2012,23.301595647792716
7,North Korea,3,Both,2012,18.47140409271239
18,Thailand,1,Male,2010,8.826143958443659
18,Thailand,2,Female,2010,15.59902418720669
18,Thailand,3,Both,2010,12.33635621044494
85,Israel,1,Male,2013,13.36944036833195
85,Israel,2,Female,2013,25.85436387687199
85,Israel,3,Both,2013,19.80268758419211
8,Taiwan (Province of China),1,Male,2019,28.06656716773686
8,Taiwan (Province of China),2,Female,2019,37.20224571753706
8,Taiwan (Province of China),3,Both,2019,32.74211436734168
385,Puerto Rico,1,Male,2013,21.86977641392064
385,Puerto Rico,2,Female,2013,37.52189962769436
385,Puerto Rico,3,Both,2013,30.257033454187088
60,Lithuania,1,Male,2016,14.48824851781402
60,Lithuania,2,Female,2016,25.95757994849624
60,Lithuania,3,Both,2016,20.89852808725563
522,Sudan,1,Male,2017,50.9020201705431
522,Sudan,2,Female,2017,67.02207732265904
522,Sudan,3,Both,2017,59.03972419713617
22,Fiji,1,Male,1992,15.75389395517627
22,Fiji,2,Female,1992,36.12722842718808
22,Fiji,3,Both,1992,25.89869234912911
8,Taiwan (Province of China),1,Male,2021,28.39930734105225
8,Taiwan (Province of China),2,Female,2021,37.73539000567246
8,Taiwan (Province of China),3,Both,2021,33.18682792480786
114,Haiti,1,Male,2018,7.83539060609873
114,Haiti,2,Female,2018,21.14088606337725
114,Haiti,3,Both,2018,14.80953159795089
23,Kiribati,1,Male,2007,26.19122952580491
23,Kiribati,2,Female,2007,50.94833529945932
23,Kiribati,3,Both,2007,39.26492100120287
27,Samoa,1,Male,2007,21.03008456411098
27,Samoa,2,Female,2007,60.321904909598565
27,Samoa,3,Both,2007,40.14674831244558
171,Democratic Republic of the Congo,1,Male,2020,10.79313493876719
171,Democratic Republic of the Congo,2,Female,2020,19.11460783500842
171,Democratic Republic of the Congo,3,Both,2020,14.960464091731248
25,Federated States of Micronesia,1,Male,1995,42.17729924406857
25,Federated States of Micronesia,2,Female,1995,63.72996378883607
25,Federated States of Micronesia,3,Both,1995,52.939462994513256
25,Federated States of Micronesia,1,Male,2012,41.87098700571927
25,Federated States of Micronesia,2,Female,2012,61.94039493195497
25,Federated States of Micronesia,3,Both,2012,51.90037968583455
22,Fiji,1,Male,2013,19.73698743113008
22,Fiji,2,Female,2013,39.02893278734111
22,Fiji,3,Both,2013,29.288892781731068
396,San Marino,1,Male,2012,24.80441053118549
396,San Marino,2,Female,2012,34.15685951652296
396,San Marino,3,Both,2012,29.729805994135116
29,Tonga,1,Male,1995,18.19153862087825
29,Tonga,2,Female,1995,45.83365497630877
29,Tonga,3,Both,1995,32.39818083810512
33,Armenia,1,Male,1995,5.62108625056364
33,Armenia,2,Female,1995,11.50586396391086
33,Armenia,3,Both,1995,8.764742990539801
8,Taiwan (Province of China),1,Male,2013,26.621034572102232
8,Taiwan (Province of China),2,Female,2013,35.24337169906474
8,Taiwan (Province of China),3,Both,2013,31.00202209940014
37,Kyrgyzstan,1,Male,1995,5.22081551753936
37,Kyrgyzstan,2,Female,1995,12.99077252531642
37,Kyrgyzstan,3,Both,1995,9.3182172711007
170,Congo,1,Male,2014,7.566696712972281
170,Congo,2,Female,2014,11.190330291153131
170,Congo,3,Both,2014,9.39621955772753
15,Myanmar,1,Male,2005,2.43877598977461
15,Myanmar,2,Female,2005,4.99959221682952
15,Myanmar,3,Both,2005,3.79533585765471
82,Greece,1,Male,2014,15.852043510340872
82,Greece,2,Female,2014,26.92589605242089
82,Greece,3,Both,2014,21.58756339927263
305,Bermuda,1,Male,2015,19.22654046553534
305,Bermuda,2,Female,2015,40.84329835801301
305,Bermuda,3,Both,2015,30.55739821672167
13,Malaysia,1,Male,2016,20.49958335720497
13,Malaysia,2,Female,2016,29.02410853474004
13,Malaysia,3,Both,2016,24.60517662569567
351,Guam,1,Male,2019,12.900870910929822
351,Guam,2,Female,2019,27.37611885602753
351,Guam,3,Both,2019,20.12109454448676
20,Vietnam,1,Male,1998,5.17356014607158
20,Vietnam,2,Female,1998,10.06066428724105
20,Vietnam,3,Both,1998,7.762718700558451
320,Cook Islands,1,Male,2016,25.766536516208287
320,Cook Islands,2,Female,2016,44.151063024451744
320,Cook Islands,3,Both,2016,35.2791685292559
369,Nauru,1,Male,2016,12.74205635666212
369,Nauru,2,Female,2016,33.140292181692175
369,Nauru,3,Both,2016,23.16308972535762
8,Taiwan (Province of China),1,Male,2011,26.17953663642148
8,Taiwan (Province of China),2,Female,2011,34.60925825196623
8,Taiwan (Province of China),3,Both,2011,30.446621274884773
14,Maldives,1,Male,2019,19.51237797644688
14,Maldives,2,Female,2019,51.089030681727465
14,Maldives,3,Both,2019,30.93721977769305
143,Iraq,1,Male,2016,35.9517776978847
143,Iraq,2,Female,2016,49.39436422473205
143,Iraq,3,Both,2016,42.37015995425873
6,China,1,Male,2013,13.029360150655087
6,China,2,Female,2013,22.263291597697545
6,China,3,Both,2013,17.62350473986212
15,Myanmar,1,Male,1991,3.1465368809764795
15,Myanmar,2,Female,1991,5.92495672087402
15,Myanmar,3,Both,1991,4.58270675519643
15,Myanmar,1,Male,1992,3.07830002882798
15,Myanmar,2,Female,1992,5.82014806955877
15,Myanmar,3,Both,1992,4.49841319248897
19,Timor-Leste,1,Male,1991,2.59047308035754
19,Timor-Leste,2,Female,1991,7.91377750783203
19,Timor-Leste,3,Both,1991,5.20306539644618
8,Taiwan (Province of China),1,Male,2017,27.58394243403468
8,Taiwan (Province of China),2,Female,2017,36.61439609713568
8,Taiwan (Province of China),3,Both,2017,32.19555703239107
202,Cameroon,1,Male,2018,8.35483424000744
202,Cameroon,2,Female,2018,16.30146439810484
202,Cameroon,3,Both,2018,12.40728296230108
24,Marshall Islands,1,Male,1991,47.72048128429438
24,Marshall Islands,2,Female,1991,63.10719041059012
24,Marshall Islands,3,Both,1991,55.2079380381068
28,Solomon Islands,1,Male,1991,17.754903146084388
28,Solomon Islands,2,Female,1991,32.1568470974179
28,Solomon Islands,3,Both,1991,24.6358721018256
23,Kiribati,1,Male,2016,25.68348461543706
23,Kiribati,2,Female,2016,50.093237641894525
23,Kiribati,3,Both,2016,38.58633151110818
36,Kazakhstan,1,Male,1991,6.0655269458066
36,Kazakhstan,2,Female,1991,14.20903713704056
36,Kazakhstan,3,Both,1991,10.44353910627641
40,Turkmenistan,1,Male,1991,4.68747888447513
40,Turkmenistan,2,Female,1991,11.03944875566623
40,Turkmenistan,3,Both,1991,8.020168598530859
44,Bosnia and Herzegovina,1,Male,1991,8.21679781324715
44,Bosnia and Herzegovina,2,Female,1991,15.12095313227989
44,Bosnia and Herzegovina,3,Both,1991,11.74528396618199
17,Sri Lanka,1,Male,2000,3.73620203502422
17,Sri Lanka,2,Female,2000,9.38969621171395
17,Sri Lanka,3,Both,2000,6.639330818138579
48,Hungary,1,Male,1991,10.44544811140476
48,Hungary,2,Female,1991,19.86125713663046
48,Hungary,3,Both,1991,15.498479108100522
52,Romania,1,Male,1991,12.82277984936423
52,Romania,2,Female,1991,26.71663377097935
52,Romania,3,Both,1991,20.03505058634111
170,Congo,1,Male,2017,8.00220609567525
170,Congo,2,Female,2017,11.68574739900692
170,Congo,3,Both,2017,9.86332272160341
60,Lithuania,1,Male,1991,9.74540593531173
60,Lithuania,2,Female,1991,19.125330484241
60,Lithuania,3,Both,1991,14.9021135683477
522,Sudan,1,Male,2020,51.00761642343152
522,Sudan,2,Female,2020,67.51242825861769
522,Sudan,3,Both,2020,59.3155424163411
17,Sri Lanka,1,Male,2009,4.2580201312391
17,Sri Lanka,2,Female,2009,11.46251366174769
17,Sri Lanka,3,Both,2009,8.027881319796421
6,China,1,Male,2019,15.15376299883886
6,China,2,Female,2019,24.763129279452208
6,China,3,Both,2019,19.93500880779274
142,Iran,1,Male,2015,14.75808602443359
142,Iran,2,Female,2015,35.082554884347985
142,Iran,3,Both,2015,24.83934502621908
69,Singapore,1,Male,1991,20.119128187452752
69,Singapore,2,Female,1991,26.34044239868172
69,Singapore,3,Both,1991,23.258444957987752
77,Cyprus,1,Male,1991,13.1709606841067
77,Cyprus,2,Female,1991,22.07449715243536
77,Cyprus,3,Both,1991,17.68718777732822
81,Germany,1,Male,1991,11.47712244593694
81,Germany,2,Female,1991,23.16944111492808
81,Germany,3,Both,1991,17.65257749900354
85,Israel,1,Male,1991,14.437394347763847
85,Israel,2,Female,1991,25.17421196341036
85,Israel,3,Both,1991,20.04615307489028
89,Netherlands,1,Male,1991,10.81883794857249
89,Netherlands,2,Female,1991,19.346159131239528
89,Netherlands,3,Both,1991,15.20360384893886
93,Sweden,1,Male,1991,15.20291950324342
93,Sweden,2,Female,1991,24.97278856238412
93,Sweden,3,Both,1991,20.23355532103315
66,Brunei,1,Male,2017,17.395603002867908
66,Brunei,2,Female,2017,26.093781227016937
66,Brunei,3,Both,2017,21.54200627872547
97,Argentina,1,Male,1991,10.34455706926069
97,Argentina,2,Female,1991,17.865354163618612
97,Argentina,3,Both,1991,14.27528437480159
101,Canada,1,Male,1991,7.013573891053861
101,Canada,2,Female,1991,12.39224153209658
101,Canada,3,Both,1991,9.7900114154973
105,Antigua and Barbuda,1,Male,1991,10.49690824712978
105,Antigua and Barbuda,2,Female,1991,24.68437464484077
105,Antigua and Barbuda,3,Both,1991,18.09295220317684
12,Laos,1,Male,2018,3.47096542640533
12,Laos,2,Female,2018,7.60841610760424
12,Laos,3,Both,2018,5.54609486226378
106,The Bahamas,1,Male,1991,9.77087384307278
106,The Bahamas,2,Female,1991,24.94315071521693
106,The Bahamas,3,Both,1991,17.71589496817399
17,Sri Lanka,1,Male,2001,3.75805773670145
17,Sri Lanka,2,Female,2001,9.51367681499921
17,Sri Lanka,3,Both,2001,6.72140686914717
110,Dominica,1,Male,1991,5.60277759474781
110,Dominica,2,Female,1991,22.677724131462888
110,Dominica,3,Both,1991,14.608511754850731
114,Haiti,1,Male,1991,8.36323635091379
114,Haiti,2,Female,1991,20.45619071017282
114,Haiti,3,Both,1991,14.65758781099192
118,Suriname,1,Male,1991,23.43398572020193
118,Suriname,2,Female,1991,31.58584054393165
118,Suriname,3,Both,1991,27.53742549347612
91,Portugal,1,Male,2012,22.76582500445869
91,Portugal,2,Female,2012,33.86567953523743
91,Portugal,3,Both,2012,28.67822924396982
122,Ecuador,1,Male,1991,14.06784231141237
122,Ecuador,2,Female,1991,12.73572604458731
122,Ecuador,3,Both,1991,13.3898102130727
6,China,1,Male,2016,13.91096577119959
6,China,2,Female,2016,23.29220214976812
6,China,3,Both,2016,18.58382701230728
189,Tanzania,1,Male,2021,1.74557898495169
189,Tanzania,2,Female,2021,4.07784089563137
189,Tanzania,3,Both,2021,2.97484044226934
126,Costa Rica,1,Male,1991,9.16408895055489
126,Costa Rica,2,Female,1991,16.82852247660472
126,Costa Rica,3,Both,1991,13.0595298737957
130,Mexico,1,Male,1991,10.1076051086182
130,Mexico,2,Female,1991,18.35849350637347
130,Mexico,3,Both,1991,14.37577179505716
88,Malta,1,Male,2018,24.10928279972294
88,Malta,2,Female,2018,37.5769549834599
88,Malta,3,Both,2018,30.92110007561558
154,Tunisia,1,Male,2020,12.209853352162
154,Tunisia,2,Female,2020,18.838464362746222
154,Tunisia,3,Both,2020,15.605050217006818
7,North Korea,1,Male,2014,13.297976730864011
7,North Korea,2,Female,2014,23.39525470715396
7,North Korea,3,Both,2014,18.53344841120271
23,Kiribati,1,Male,2010,26.12017900099769
23,Kiribati,2,Female,2010,50.22164779027904
23,Kiribati,3,Both,2010,38.84979323239488
298,American Samoa,1,Male,2014,47.65402139043581
298,American Samoa,2,Female,2014,61.49094832765341
298,American Samoa,3,Both,2014,54.548068072322586
20,Vietnam,1,Male,2003,5.23761151896522
20,Vietnam,2,Female,2003,10.52255763550249
20,Vietnam,3,Both,2003,8.00412961143986
193,Botswana,1,Male,2017,9.47657166720956
193,Botswana,2,Female,2017,25.09306497776564
193,Botswana,3,Both,2017,17.56027645055355
20,Vietnam,1,Male,2006,5.58852704919606
20,Vietnam,2,Female,2006,11.25858306315576
20,Vietnam,3,Both,2006,8.54389059626903
16,Philippines,1,Male,2009,4.5618977635562805
16,Philippines,2,Female,2009,9.65526977452619
16,Philippines,3,Both,2009,7.11565694435347
113,Guyana,1,Male,2012,11.3477003988043
113,Guyana,2,Female,2012,29.387596023043187
113,Guyana,3,Both,2012,20.554359892939893
10,Cambodia,1,Male,2020,2.02384281758858
10,Cambodia,2,Female,2020,4.9239069219021
10,Cambodia,3,Both,2020,3.55610184417009
7,North Korea,1,Male,2018,13.5366110645656
7,North Korea,2,Female,2018,23.58035983827041
7,North Korea,3,Both,2018,18.689716395180614
8,Taiwan (Province of China),1,Male,2012,26.38692051762268
8,Taiwan (Province of China),2,Female,2012,34.91781404315268
8,Taiwan (Province of China),3,Both,2012,30.71427279240303
149,Palestine,1,Male,2020,14.440549911016
149,Palestine,2,Female,2020,47.38328138013738
149,Palestine,3,Both,2020,30.7307790631654
10,Cambodia,1,Male,2014,1.77465191789252
10,Cambodia,2,Female,2014,4.41509707067305
10,Cambodia,3,Both,2014,3.1870484064526297
12,Laos,1,Male,2016,3.35349458444454
12,Laos,2,Female,2016,7.4183353610882
12,Laos,3,Both,2016,5.3953459702694895
127,El Salvador,1,Male,2019,10.87297321337562
127,El Salvador,2,Female,2019,19.0936916727007
127,El Salvador,3,Both,2019,15.51347066326353
12,Laos,1,Male,2014,3.25347716763574
12,Laos,2,Female,2014,7.23742082232417
12,Laos,3,Both,2014,5.25826476356515
20,Vietnam,1,Male,2000,5.11415793273787
20,Vietnam,2,Female,2000,10.100761205733573
20,Vietnam,3,Both,2000,7.74110705465767
153,Syria,1,Male,2017,22.21357444209931
153,Syria,2,Female,2017,38.35225794696123
153,Syria,3,Both,2017,30.54122586603424
8,Taiwan (Province of China),1,Male,2020,28.15454764684589
8,Taiwan (Province of China),2,Female,2020,37.3875049577101
8,Taiwan (Province of China),3,Both,2020,32.88481076141112
85,Israel,1,Male,2021,14.13433931619266
85,Israel,2,Female,2021,26.62486622234796
85,Israel,3,Both,2021,20.53514106751836
6,China,1,Male,2012,12.7951447347516
6,China,2,Female,2012,21.93204370752299
6,China,3,Both,2012,17.33615446503426
80,France,1,Male,2021,24.10067195347236
80,France,2,Female,2021,34.56869252356873
80,France,3,Both,2021,29.60884755626592
25,Federated States of Micronesia,1,Male,2000,42.6350408393871
25,Federated States of Micronesia,2,Female,2000,64.45082723918394
25,Federated States of Micronesia,3,Both,2000,53.68201781342359
35,Georgia,1,Male,2013,8.17659284936037
35,Georgia,2,Female,2013,15.368159367017938
35,Georgia,3,Both,2013,12.107813995163031
22,Fiji,1,Male,1991,15.589443298328408
22,Fiji,2,Female,1991,35.86749374887801
22,Fiji,3,Both,1991,25.68248870232648
6,China,1,Male,2021,16.15405430579694
6,China,2,Female,2021,25.90255295725804
6,China,3,Both,2021,20.99994882638534
26,Papua New Guinea,1,Male,1991,11.643436095983729
26,Papua New Guinea,2,Female,1991,30.52344358675932
26,Papua New Guinea,3,Both,1991,20.76117988712384
19,Timor-Leste,1,Male,1995,2.69673436610659
19,Timor-Leste,2,Female,1995,8.02533630788705
19,Timor-Leste,3,Both,1995,5.32665973832898
30,Vanuatu,1,Male,1991,5.35601846335124
30,Vanuatu,2,Female,1991,9.43989263867384
30,Vanuatu,3,Both,1991,7.34866329500515
29,Tonga,1,Male,2000,18.320515906962108
29,Tonga,2,Female,2000,46.66337399006287
29,Tonga,3,Both,2000,32.76126922610747
33,Armenia,1,Male,2000,6.0693537319101205
33,Armenia,2,Female,2000,12.11038261830921
33,Armenia,3,Both,2000,9.32362753657152
37,Kyrgyzstan,1,Male,2000,5.157057831795
37,Kyrgyzstan,2,Female,2000,12.64354132777577
37,Kyrgyzstan,3,Both,2000,9.06984076482774
11,Indonesia,1,Male,1997,14.27094560540958
11,Indonesia,2,Female,1997,22.04344143005893
11,Indonesia,3,Both,1997,18.21964119114237
22,Fiji,1,Male,1994,16.08429193178743
22,Fiji,2,Female,1994,36.60419710684495
22,Fiji,3,Both,1994,26.30549197515713
34,Azerbaijan,1,Male,1991,5.31059622233723
34,Azerbaijan,2,Female,1991,12.10585356018825
34,Azerbaijan,3,Both,1991,8.95468612734739
26,Papua New Guinea,1,Male,1994,11.39292894436941
26,Papua New Guinea,2,Female,1994,30.50432346542024
26,Papua New Guinea,3,Both,1994,20.67025097851723
38,Mongolia,1,Male,1991,4.274189660328799
38,Mongolia,2,Female,1991,7.82416276972496
38,Mongolia,3,Both,1991,6.08316243002335
10,Cambodia,1,Male,2013,1.7451527464823
10,Cambodia,2,Female,2013,4.34972132218802
10,Cambodia,3,Both,2013,3.14127211415327
10,Cambodia,1,Male,2011,1.70118337274327
10,Cambodia,2,Female,2011,4.2369405181409
10,Cambodia,3,Both,2011,3.06604986264033
6,China,1,Male,2015,13.59448344411702
6,China,2,Female,2015,22.934973558745288
6,China,3,Both,2015,18.2466285271056
10,Cambodia,1,Male,2017,1.88502916145217
10,Cambodia,2,Female,2017,4.6511572272324
10,Cambodia,3,Both,2017,3.35557065267809
41,Uzbekistan,1,Male,2000,2.00596066265833
41,Uzbekistan,2,Female,2000,8.08349714984267
41,Uzbekistan,3,Both,2000,5.15133514322123
15,Myanmar,1,Male,2000,2.54444197347194
15,Myanmar,2,Female,2000,5.02407535447032
15,Myanmar,3,Both,2000,3.84935439544099
30,Vanuatu,1,Male,1994,5.27392754795848
30,Vanuatu,2,Female,1994,9.49199027044126
30,Vanuatu,3,Both,1994,7.34081962836533
45,Bulgaria,1,Male,2000,13.01488422868842
45,Bulgaria,2,Female,2000,23.88081536244715
45,Bulgaria,3,Both,2000,18.70372152223401
19,Timor-Leste,1,Male,2008,2.96711721294535
19,Timor-Leste,2,Female,2008,8.73829344620999
19,Timor-Leste,3,Both,2008,5.80806056757182
49,Macedonia,1,Male,2000,8.87931423898035
49,Macedonia,2,Female,2000,18.66686241229345
49,Macedonia,3,Both,2000,13.823469973690768
53,Serbia,1,Male,2000,9.719896116674349
53,Serbia,2,Female,2000,19.5190436438803
53,Serbia,3,Both,2000,14.76165072359001
46,Croatia,1,Male,1991,10.13801115903292
46,Croatia,2,Female,1991,20.34584765023083
46,Croatia,3,Both,1991,15.517483782752109
34,Azerbaijan,1,Male,1994,5.28298902353621
34,Azerbaijan,2,Female,1994,11.97267020934095
34,Azerbaijan,3,Both,1994,8.8680007492415
50,Montenegro,1,Male,1991,11.03608661788055
50,Montenegro,2,Female,1991,22.45517129280194
50,Montenegro,3,Both,1991,16.9119098191154
57,Belarus,1,Male,2000,7.41569849894298
57,Belarus,2,Female,2000,17.143487054584337
57,Belarus,3,Both,2000,12.78193964057997
54,Slovakia,1,Male,1991,9.236298678656633
54,Slovakia,2,Female,1991,19.8100663039494
54,Slovakia,3,Both,1991,14.80617433260483
38,Mongolia,1,Male,1994,4.10942604106467
38,Mongolia,2,Female,1994,7.60961683319495
38,Mongolia,3,Both,1994,5.8996966898727
61,Moldova,1,Male,2000,7.432303930801639
61,Moldova,2,Female,2000,16.43753931464383
61,Moldova,3,Both,2000,12.31171250617276
58,Estonia,1,Male,1991,5.61651588445457
58,Estonia,2,Female,1991,14.62758389739858
58,Estonia,3,Both,1991,10.63907842451688
66,Brunei,1,Male,2000,15.305952285592712
66,Brunei,2,Female,2000,23.77721012303256
66,Brunei,3,Both,2000,19.41593310984183
46,Croatia,1,Male,1994,10.17184118893233
46,Croatia,2,Female,1994,20.53637710069021
46,Croatia,3,Both,1994,15.64299300097165
62,Russian Federation,1,Male,1991,6.511811404066541
62,Russian Federation,2,Female,1991,16.91173265357995
62,Russian Federation,3,Both,1991,12.27512912750555
50,Montenegro,1,Male,1994,10.80526802618505
50,Montenegro,2,Female,1994,22.27619716898182
50,Montenegro,3,Both,1994,16.71342583987834
54,Slovakia,1,Male,1994,9.4126116744151
54,Slovakia,2,Female,1994,20.54428896010704
54,Slovakia,3,Both,1994,15.2924670394007
67,Japan,1,Male,1991,29.51383369518808
67,Japan,2,Female,1991,41.1855799976786
67,Japan,3,Both,1991,35.56777988172172
58,Estonia,1,Male,1994,5.86971202823469
58,Estonia,2,Female,1994,15.01386391796215
58,Estonia,3,Both,1994,10.98770228670093
71,Australia,1,Male,1991,25.604986479421697
71,Australia,2,Female,1991,35.19838096070059
71,Australia,3,Both,1991,30.51352510736047
62,Russian Federation,1,Male,1994,6.73157652334375
62,Russian Federation,2,Female,1994,17.181091526830468
62,Russian Federation,3,Both,1994,12.519076567731648
75,Austria,1,Male,1991,11.75774145949776
75,Austria,2,Female,1991,26.0234934878888
75,Austria,3,Both,1991,19.3668049947381
74,Andorra,1,Male,2000,17.66070574595846
74,Andorra,2,Female,2000,26.33125597147288
74,Andorra,3,Both,2000,21.810548691784
67,Japan,1,Male,1994,30.57290928254666
67,Japan,2,Female,1994,42.242576727715466
67,Japan,3,Both,1994,36.62342962899479
78,Denmark,1,Male,2000,14.29545218538775
78,Denmark,2,Female,2000,25.08187364509662
78,Denmark,3,Both,2000,19.83281036946698
79,Finland,1,Male,1991,15.96813022309119
79,Finland,2,Female,1991,29.838789144139938
79,Finland,3,Both,1991,23.2739735191766
12,Laos,1,Male,2021,3.65826985944028
12,Laos,2,Female,2021,7.905302976651519
12,Laos,3,Both,2021,5.78539246163576
71,Australia,1,Male,1994,26.159491908859312
71,Australia,2,Female,1994,35.66993282710732
71,Australia,3,Both,1994,31.03573767477662
82,Greece,1,Male,2000,14.051245616860742
82,Greece,2,Female,2000,24.35877614407825
82,Greece,3,Both,2000,19.34348318097129
75,Austria,1,Male,1994,12.0501432560887
75,Austria,2,Female,1994,26.28248325618707
75,Austria,3,Both,1994,19.59126708618905
83,Iceland,1,Male,1991,16.528097348453493
83,Iceland,2,Female,1991,27.41986778138652
83,Iceland,3,Both,1991,22.017043317704
79,Finland,1,Male,1994,16.07312621255023
79,Finland,2,Female,1994,29.78370824959749
79,Finland,3,Both,1994,23.27082741549404
87,Luxembourg,1,Male,1991,15.18525705877848
87,Luxembourg,2,Female,1991,26.95003177251973
87,Luxembourg,3,Both,1991,21.28470486976978
83,Iceland,1,Male,1994,16.68913770559951
83,Iceland,2,Female,1994,27.47747275702441
83,Iceland,3,Both,1994,22.13482346901198
87,Luxembourg,1,Male,1994,15.29067433089964
87,Luxembourg,2,Female,1994,26.74892521413497
87,Luxembourg,3,Both,1994,21.21437033342088
91,Portugal,1,Male,1994,21.61920972232603
91,Portugal,2,Female,1994,31.18741167041156
91,Portugal,3,Both,1994,26.70256259613968
91,Portugal,1,Male,1991,20.973988475508403
91,Portugal,2,Female,1991,30.24893472257377
91,Portugal,3,Both,1991,25.910636553023032
95,United Kingdom,1,Male,1994,25.504206462293933
95,United Kingdom,2,Female,1994,41.30451945299127
95,United Kingdom,3,Both,1994,33.80186874646544
95,United Kingdom,1,Male,1991,25.49718664406178
95,United Kingdom,2,Female,1991,41.25907193801814
95,United Kingdom,3,Both,1991,33.789592936948
99,Uruguay,1,Male,1994,13.4646757053489
99,Uruguay,2,Female,1994,21.25947528093923
99,Uruguay,3,Both,1994,17.592094375139418
99,Uruguay,1,Male,1991,13.42005433329883
99,Uruguay,2,Female,1991,21.12601078579478
99,Uruguay,3,Both,1991,17.49370153914539
7,North Korea,1,Male,2017,13.46391494851899
7,North Korea,2,Female,2017,23.52928172054036
7,North Korea,3,Both,2017,18.64088281599996
109,Cuba,1,Male,2015,15.05409988489468
109,Cuba,2,Female,2015,35.2390778250004
109,Cuba,3,Both,2015,25.32033840901384
6,China,1,Male,2018,14.742593160791282
6,China,2,Female,2018,24.27843175267217
6,China,3,Both,2018,19.4897063134225
108,Belize,1,Male,1994,8.410631456807451
108,Belize,2,Female,1994,22.78793375757007
108,Belize,3,Both,1994,15.45883775441785
108,Belize,1,Male,1991,8.347220005185351
108,Belize,2,Female,1991,22.44453110276701
108,Belize,3,Both,1991,15.253654305595049
112,Grenada,1,Male,1994,9.77287227901306
112,Grenada,2,Female,1994,25.88879398674387
112,Grenada,3,Both,1994,18.15451963152009
112,Grenada,1,Male,1991,10.22833309030621
112,Grenada,2,Female,1991,25.97178277907375
112,Grenada,3,Both,1991,18.51449769516332
116,Saint Lucia,1,Male,1994,9.07843690165358
116,Saint Lucia,2,Female,1994,23.40882955491782
116,Saint Lucia,3,Both,1994,16.5774027074982
116,Saint Lucia,1,Male,1991,9.03295482676108
116,Saint Lucia,2,Female,1991,23.16783721682603
116,Saint Lucia,3,Both,1991,16.48289272008876
71,Australia,1,Male,2021,34.6253891146656
71,Australia,2,Female,2021,48.13230744437179
71,Australia,3,Both,2021,41.57329536770701
128,Guatemala,1,Male,1994,3.9282708101357
128,Guatemala,2,Female,1994,7.84286230958353
128,Guatemala,3,Both,1994,5.955083607619001
182,Malawi,1,Male,2011,3.96856247272881
182,Malawi,2,Female,2011,4.71908718185522
182,Malawi,3,Both,2011,4.35718065995077
128,Guatemala,1,Male,1991,4.03444499199143
128,Guatemala,2,Female,1991,8.06240811769293
128,Guatemala,3,Both,1991,6.10725908308345
132,Panama,1,Male,1991,9.14971516572073
132,Panama,2,Female,1991,16.407664471439002
132,Panama,3,Both,1991,12.74397959601043
22,Fiji,1,Male,2006,18.72196738319681
22,Fiji,2,Female,2006,39.36550921146368
22,Fiji,3,Both,2006,28.93348288197127
22,Fiji,1,Male,1998,16.82719826170311
22,Fiji,2,Female,1998,37.7735706712597
22,Fiji,3,Both,1998,27.23835175169103
136,Paraguay,1,Male,1991,10.12249984741157
136,Paraguay,2,Female,1991,14.2800651104434
136,Paraguay,3,Both,1991,12.204440546673991
416,Tuvalu,1,Male,2013,13.81573925336039
416,Tuvalu,2,Female,2013,32.18151355288128
416,Tuvalu,3,Both,2013,23.04417022095088
178,Eritrea,1,Male,2014,1.42062830216895
178,Eritrea,2,Female,2014,3.89628629826768
178,Eritrea,3,Both,2014,2.68785861349624
18,Thailand,1,Male,2019,10.81378085538874
18,Thailand,2,Female,2019,18.070479414443668
18,Thailand,3,Both,2019,14.62472527017616
13,Malaysia,1,Male,2014,19.91282850119523
13,Malaysia,2,Female,2014,28.1866072323209
13,Malaysia,3,Both,2014,23.90461738710253
161,Bangladesh,1,Male,2014,7.056423673807171
161,Bangladesh,2,Female,2014,21.94503348163586
161,Bangladesh,3,Both,2014,14.51922702892201
15,Myanmar,1,Male,2007,2.492157010424
15,Myanmar,2,Female,2007,5.19514160675297
15,Myanmar,3,Both,2007,3.9266294077177903
19,Timor-Leste,1,Male,2007,2.98587699280478
19,Timor-Leste,2,Female,2007,8.72423748475763
19,Timor-Leste,3,Both,2007,5.81383247789967
160,Afghanistan,1,Male,2013,14.61712482647813
160,Afghanistan,2,Female,2013,32.63001518982174
160,Afghanistan,3,Both,2013,23.759367944525987
12,Laos,1,Male,2019,3.53553321027135
12,Laos,2,Female,2019,7.69985331813494
12,Laos,3,Both,2019,5.62283145649074
14,Maldives,1,Male,2014,19.98895787976797
14,Maldives,2,Female,2014,51.05297287650649
14,Maldives,3,Both,2014,32.93395834863499
24,Marshall Islands,1,Male,2007,47.00505969145915
24,Marshall Islands,2,Female,2007,63.868189310090806
24,Marshall Islands,3,Both,2007,55.20452335474951
28,Solomon Islands,1,Male,2007,16.156661197282553
28,Solomon Islands,2,Female,2007,31.79306781383127
28,Solomon Islands,3,Both,2007,23.807423656935768
36,Kazakhstan,1,Male,2007,6.60298692774306
36,Kazakhstan,2,Female,2007,14.397234362216778
36,Kazakhstan,3,Both,2007,10.80384954761966
39,Tajikistan,1,Male,2013,5.24093005107509
39,Tajikistan,2,Female,2013,10.69582311782676
39,Tajikistan,3,Both,2013,7.9828050432603295
40,Turkmenistan,1,Male,2007,5.12841915876141
40,Turkmenistan,2,Female,2007,12.00093433463489
40,Turkmenistan,3,Both,2007,8.63496721459453
376,Northern Mariana Islands,1,Male,2015,22.90344257575041
376,Northern Mariana Islands,2,Female,2015,41.41679652396398
376,Northern Mariana Islands,3,Both,2015,31.99821589261108
49,Macedonia,1,Male,2020,10.83302585090394
49,Macedonia,2,Female,2020,21.36365737690937
49,Macedonia,3,Both,2020,16.056054422402518
44,Bosnia and Herzegovina,1,Male,2007,9.80753137857853
44,Bosnia and Herzegovina,2,Female,2007,18.333756793627888
44,Bosnia and Herzegovina,3,Both,2007,14.23138935245755
369,Nauru,1,Male,2019,13.233871821315027
369,Nauru,2,Female,2019,34.201905647497746
369,Nauru,3,Both,2019,23.97784999756429
48,Hungary,1,Male,2007,9.91592766713012
48,Hungary,2,Female,2007,21.18543975216688
48,Hungary,3,Both,2007,15.99930445240785
13,Malaysia,1,Male,2018,20.930715152717188
13,Malaysia,2,Female,2018,29.75344694655857
13,Malaysia,3,Both,2018,25.17504543665327
52,Romania,1,Male,2007,14.81095989960898
52,Romania,2,Female,2007,31.16596760608464
52,Romania,3,Both,2007,23.37016472781916
14,Maldives,1,Male,2011,21.11319616527592
14,Maldives,2,Female,2011,50.92680272361646
14,Maldives,3,Both,2011,34.69844105601871
13,Malaysia,1,Male,2019,21.16861923309699
13,Malaysia,2,Female,2019,30.066106276811723
13,Malaysia,3,Both,2019,25.447784784284423
60,Lithuania,1,Male,2007,12.50712343696974
60,Lithuania,2,Female,2007,23.49479828792895
60,Lithuania,3,Both,2007,18.63649102525241
16,Philippines,1,Male,2015,4.95891531029974
16,Philippines,2,Female,2015,10.51196787903972
16,Philippines,3,Both,2015,7.73954904394869
69,Singapore,1,Male,2007,20.05311210158941
69,Singapore,2,Female,2007,27.108424579481227
69,Singapore,3,Both,2007,23.45843141874082
77,Cyprus,1,Male,2007,14.41294032806352
77,Cyprus,2,Female,2007,23.28222438545893
77,Cyprus,3,Both,2007,18.95924530844482
81,Germany,1,Male,2007,11.8420595790788
81,Germany,2,Female,2007,23.19484508788158
81,Germany,3,Both,2007,17.71826007704536
85,Israel,1,Male,2007,13.2569575177049
85,Israel,2,Female,2007,25.61483724520092
85,Israel,3,Both,2007,19.65922314495347
22,Fiji,1,Male,1995,16.26775597760253
22,Fiji,2,Female,1995,36.89438809982568
22,Fiji,3,Both,1995,26.540592340543668
89,Netherlands,1,Male,2007,11.53717631108538
89,Netherlands,2,Female,2007,18.66239583080009
89,Netherlands,3,Both,2007,15.18743678174673
102,United States,1,Male,2011,15.66140572838147
102,United States,2,Female,2011,29.00211267573669
102,United States,3,Both,2011,22.56333605583461
15,Myanmar,1,Male,1994,2.9492336969849298
15,Myanmar,2,Female,1994,5.59617056392604
15,Myanmar,3,Both,1994,4.32590412931423
93,Sweden,1,Male,2007,17.52595718143639
93,Sweden,2,Female,2007,27.40302225099508
93,Sweden,3,Both,2007,22.56722558143764
97,Argentina,1,Male,2007,10.05218264673411
97,Argentina,2,Female,2007,19.647887948255672
97,Argentina,3,Both,2007,15.10533306079515
14,Maldives,1,Male,2013,20.31300466272972
14,Maldives,2,Female,2013,51.02875640877021
14,Maldives,3,Both,2013,33.517970285430025
19,Timor-Leste,1,Male,1994,2.67003381934841
19,Timor-Leste,2,Female,1994,7.950830624733269
19,Timor-Leste,3,Both,1994,5.27356523197857
12,Laos,1,Male,2011,3.18242947177607
12,Laos,2,Female,2011,7.043912480376981
12,Laos,3,Both,2011,5.13116560918399
101,Canada,1,Male,2007,8.40206640508787
101,Canada,2,Female,2007,14.258885264743473
101,Canada,3,Both,2007,11.44006231895997
105,Antigua and Barbuda,1,Male,2007,10.47139583697777
105,Antigua and Barbuda,2,Female,2007,24.9952821304916
105,Antigua and Barbuda,3,Both,2007,18.317453221845888
29,Tonga,1,Male,2012,18.94212784285221
29,Tonga,2,Female,2012,45.96101261800529
29,Tonga,3,Both,2012,32.85408114926737
106,The Bahamas,1,Male,2007,11.4214593056206
106,The Bahamas,2,Female,2007,27.88577875241826
106,The Bahamas,3,Both,2007,20.08660904161907
22,Fiji,1,Male,1997,16.65397380936663
22,Fiji,2,Female,1997,37.44508323349696
22,Fiji,3,Both,1997,26.99801232171339
110,Dominica,1,Male,2007,4.95751353528116
110,Dominica,2,Female,2007,25.03503143353607
110,Dominica,3,Both,2007,15.15083995098084
20,Vietnam,1,Male,2009,5.94063945923925
20,Vietnam,2,Female,2009,11.94991157411997
20,Vietnam,3,Both,2009,9.06353470331795
114,Haiti,1,Male,2007,8.04090863995346
114,Haiti,2,Female,2007,20.709624287044807
114,Haiti,3,Both,2007,14.700459195625251
24,Marshall Islands,1,Male,1994,47.88069236719709
24,Marshall Islands,2,Female,1994,63.16454543784966
24,Marshall Islands,3,Both,1994,55.315729098679526
118,Suriname,1,Male,2007,24.16253013526121
118,Suriname,2,Female,2007,33.06461279576462
118,Suriname,3,Both,2007,28.64219900782084
26,Papua New Guinea,1,Male,1997,11.19836083441747
26,Papua New Guinea,2,Female,1997,30.3847269674884
26,Papua New Guinea,3,Both,1997,20.54986508246364
148,Morocco,1,Male,2016,25.12307086523889
148,Morocco,2,Female,2016,41.89023013833392
148,Morocco,3,Both,2016,33.58368463131277
22,Fiji,1,Male,2003,18.09861581088163
22,Fiji,2,Female,2003,39.10474327876083
22,Fiji,3,Both,2003,28.4971997818041
28,Solomon Islands,1,Male,1994,17.61687673287393
28,Solomon Islands,2,Female,1994,32.29793216082436
28,Solomon Islands,3,Both,1994,24.65725366742913
122,Ecuador,1,Male,2007,15.46313235070184
122,Ecuador,2,Female,2007,13.96978536050427
122,Ecuador,3,Both,2007,14.69819114036092
30,Vanuatu,1,Male,1997,5.09901248127311
30,Vanuatu,2,Female,1997,9.47818529903442
30,Vanuatu,3,Both,1997,7.24834097625965
126,Costa Rica,1,Male,2007,10.18072001400548
126,Costa Rica,2,Female,2007,18.95304711273702
126,Costa Rica,3,Both,2007,14.70373200887829
22,Fiji,1,Male,2004,18.39273240327835
22,Fiji,2,Female,2004,39.21933392743135
22,Fiji,3,Both,2004,28.696731306630102
34,Azerbaijan,1,Male,1997,5.26766885564862
34,Azerbaijan,2,Female,1997,11.81974592341358
34,Azerbaijan,3,Both,1997,8.76503831432569
130,Mexico,1,Male,2007,9.52008980546102
130,Mexico,2,Female,2007,17.74327522912025
130,Mexico,3,Both,2007,13.82611310297164
36,Kazakhstan,1,Male,1994,6.22050618353366
36,Kazakhstan,2,Female,1994,14.33716982234233
36,Kazakhstan,3,Both,1994,10.589602316078391
38,Mongolia,1,Male,1997,3.95909439123186
38,Mongolia,2,Female,1997,7.40136493318618
38,Mongolia,3,Both,1997,5.72382594000159
40,Turkmenistan,1,Male,1994,4.63937333649022
40,Turkmenistan,2,Female,1994,10.936068637014849
40,Turkmenistan,3,Both,1994,7.93328676426379
25,Federated States of Micronesia,1,Male,2003,42.61576793465834
25,Federated States of Micronesia,2,Female,2003,64.36424761774379
25,Federated States of Micronesia,3,Both,2003,53.632791800721776
46,Croatia,1,Male,1997,10.42865327319103
46,Croatia,2,Female,1997,21.19771704133109
46,Croatia,3,Both,1997,16.13128601301922
50,Montenegro,1,Male,1997,10.74771456849845
50,Montenegro,2,Female,1997,22.23225989029595
50,Montenegro,3,Both,1997,16.677403182634627
15,Myanmar,1,Male,2010,2.64662446459745
15,Myanmar,2,Female,2010,5.6238144017166
15,Myanmar,3,Both,2010,4.22944351157356
44,Bosnia and Herzegovina,1,Male,1994,8.55447269836746
44,Bosnia and Herzegovina,2,Female,1994,15.37563388890871
44,Bosnia and Herzegovina,3,Both,1994,12.06889745105758
54,Slovakia,1,Male,1997,9.60249963854664
54,Slovakia,2,Female,1997,21.121081307894908
54,Slovakia,3,Both,1997,15.69275673028169
25,Federated States of Micronesia,1,Male,2006,42.70202312630129
25,Federated States of Micronesia,2,Female,2006,63.80608078510285
25,Federated States of Micronesia,3,Both,2006,53.35935026072002
48,Hungary,1,Male,1994,10.051382466612289
48,Hungary,2,Female,1994,19.738506397434
48,Hungary,3,Both,1994,15.27094956292483
29,Tonga,1,Male,2003,18.58098580259994
29,Tonga,2,Female,2003,46.66338722967065
29,Tonga,3,Both,2003,32.87016744486839
19,Timor-Leste,1,Male,2010,2.92685880020879
19,Timor-Leste,2,Female,2010,8.76176588124369
19,Timor-Leste,3,Both,2010,5.79677169806525
52,Romania,1,Male,1994,12.94618839244403
52,Romania,2,Female,1994,27.156645580712578
52,Romania,3,Both,1994,20.33818723619819
29,Tonga,1,Male,2006,18.73997498758963
29,Tonga,2,Female,2006,46.474908364472
29,Tonga,3,Both,2006,32.85908170311946
58,Estonia,1,Male,1997,6.090107303949821
58,Estonia,2,Female,1997,15.26349287778407
58,Estonia,3,Both,1997,11.24687019065753
33,Armenia,1,Male,2003,6.36303692329174
33,Armenia,2,Female,2003,12.546456924946108
33,Armenia,3,Both,2003,9.70404221930893
33,Armenia,1,Male,2006,6.78092271841296
33,Armenia,2,Female,2006,13.209831307115822
33,Armenia,3,Both,2006,10.257991668388067
16,Philippines,1,Male,2018,5.14620257024737
16,Philippines,2,Female,2018,10.8837474763103
16,Philippines,3,Both,2018,8.0172060689322
37,Kyrgyzstan,1,Male,2006,5.1981773905897
37,Kyrgyzstan,2,Female,2006,12.54284444008962
37,Kyrgyzstan,3,Both,2006,9.024324625257089
37,Kyrgyzstan,1,Male,2003,5.18599766643439
37,Kyrgyzstan,2,Female,2003,12.5691252508872
37,Kyrgyzstan,3,Both,2003,9.0346658328269
60,Lithuania,1,Male,1994,9.89762866274485
60,Lithuania,2,Female,1994,19.47943329212319
60,Lithuania,3,Both,1994,15.18150578631342
24,Marshall Islands,1,Male,2010,46.76881982707108
24,Marshall Islands,2,Female,2010,64.01931539786638
24,Marshall Islands,3,Both,2010,55.15147185771795
41,Uzbekistan,1,Male,2006,2.04897747458282
41,Uzbekistan,2,Female,2006,8.374471905626582
41,Uzbekistan,3,Both,2006,5.31637041296632
27,Samoa,1,Male,2016,23.05104176606547
27,Samoa,2,Female,2016,61.39452202085693
27,Samoa,3,Both,2016,41.7544736670733
45,Bulgaria,1,Male,2006,12.36310471190831
45,Bulgaria,2,Female,2006,23.61726486009016
45,Bulgaria,3,Both,2006,18.27928719506679
41,Uzbekistan,1,Male,2003,2.01724294959751
41,Uzbekistan,2,Female,2003,8.16747198567063
41,Uzbekistan,3,Both,2003,5.196983851598469
22,Fiji,1,Male,2007,18.89701585802353
22,Fiji,2,Female,2007,39.27935418799884
22,Fiji,3,Both,2007,28.98074519077496
62,Russian Federation,1,Male,1997,6.924619541912739
62,Russian Federation,2,Female,1997,17.37183597994692
62,Russian Federation,3,Both,1997,12.71332097037164
28,Solomon Islands,1,Male,2010,15.77874000980875
28,Solomon Islands,2,Female,2010,31.29170485758253
28,Solomon Islands,3,Both,2010,23.42064497203518
49,Macedonia,1,Male,2006,9.23419071029744
49,Macedonia,2,Female,2006,19.407367416898342
49,Macedonia,3,Both,2006,14.34704022826055
45,Bulgaria,1,Male,2003,12.69859971692732
45,Bulgaria,2,Female,2003,23.77120419931011
45,Bulgaria,3,Both,2003,18.50659199459455
69,Singapore,1,Male,1994,19.91172080324619
69,Singapore,2,Female,1994,26.41986196028791
69,Singapore,3,Both,1994,23.188691697141586
385,Puerto Rico,1,Male,2016,22.80521890027367
385,Puerto Rico,2,Female,2016,38.22363819766485
385,Puerto Rico,3,Both,2016,31.05885435877795
67,Japan,1,Male,1997,31.653928659829013
67,Japan,2,Female,1997,43.16824120439621
67,Japan,3,Both,1997,37.623158172572666
49,Macedonia,1,Male,2003,9.04026681986443
49,Macedonia,2,Female,2003,18.90305288424635
49,Macedonia,3,Both,2003,14.01541673928596
36,Kazakhstan,1,Male,2010,6.84144829700771
36,Kazakhstan,2,Female,2010,14.825114353893682
36,Kazakhstan,3,Both,2010,11.130663834126567
71,Australia,1,Male,1997,26.81369703423895
71,Australia,2,Female,1997,36.4773134222464
71,Australia,3,Both,1997,31.77865492970235
53,Serbia,1,Male,2003,9.96097498961607
53,Serbia,2,Female,2003,20.01757304992291
53,Serbia,3,Both,2003,15.18030224548913
77,Cyprus,1,Male,1994,13.41677831557489
77,Cyprus,2,Female,1994,22.36653808829051
77,Cyprus,3,Both,1994,17.94739629126276
175,Burundi,1,Male,2012,3.19236129524053
175,Burundi,2,Female,2012,7.80022929667937
175,Burundi,3,Both,2012,5.436984442264079
40,Turkmenistan,1,Male,2010,5.334143373800139
40,Turkmenistan,2,Female,2010,12.46694952790555
40,Turkmenistan,3,Both,2010,8.946953848317001
81,Germany,1,Male,1994,11.601757292230207
81,Germany,2,Female,1994,23.18178863411161
81,Germany,3,Both,1994,17.67059249973745
44,Bosnia and Herzegovina,1,Male,2010,10.300158077291211
44,Bosnia and Herzegovina,2,Female,2010,18.889157311078996
44,Bosnia and Herzegovina,3,Both,2010,14.75048067034323
57,Belarus,1,Male,2003,7.63257661319635
57,Belarus,2,Female,2003,17.52799219181301
57,Belarus,3,Both,2003,13.101954995623167
178,Eritrea,1,Male,2017,1.50961901014136
178,Eritrea,2,Female,2017,4.05568230925683
178,Eritrea,3,Both,2017,2.8052910608143
48,Hungary,1,Male,2010,10.24758061366329
48,Hungary,2,Female,2010,21.72668380440505
48,Hungary,3,Both,2010,16.44176395233785
85,Israel,1,Male,1994,14.47604627263856
85,Israel,2,Female,1994,25.531784978230448
85,Israel,3,Both,1994,20.258535443780872
61,Moldova,1,Male,2003,7.58627101840873
61,Moldova,2,Female,2003,16.858436079023758
61,Moldova,3,Both,2003,12.5955526474101
52,Romania,1,Male,2010,15.66522276522434
52,Romania,2,Female,2010,32.65364755685166
52,Romania,3,Both,2010,24.55420416056401
75,Austria,1,Male,1997,12.48700781844382
75,Austria,2,Female,1997,26.65689922857656
75,Austria,3,Both,1997,19.9702123076388
89,Netherlands,1,Male,1994,10.73416548438958
89,Netherlands,2,Female,1994,19.23656106198585
89,Netherlands,3,Both,1994,15.099701151034813
93,Sweden,1,Male,1994,15.13503495306216
93,Sweden,2,Female,1994,25.09145694232096
93,Sweden,3,Both,1994,20.257158867070547
79,Finland,1,Male,1997,16.291202175378338
79,Finland,2,Female,1997,29.85785944458191
79,Finland,3,Both,1997,23.39511326886618
89,Netherlands,1,Male,2013,13.08022653813819
89,Netherlands,2,Female,2013,20.28165936563932
89,Netherlands,3,Both,2013,16.76302780239129
97,Argentina,1,Male,1994,10.387020944449809
97,Argentina,2,Female,1994,18.19659635220926
97,Argentina,3,Both,1994,14.483264832829908
83,Iceland,1,Male,1997,17.08433253124973
83,Iceland,2,Female,1997,27.68878169763304
83,Iceland,3,Both,1997,22.44804253825109
60,Lithuania,1,Male,2010,13.29577677686992
60,Lithuania,2,Female,2010,24.57867011902788
60,Lithuania,3,Both,2010,19.60765925979502
101,Canada,1,Male,1994,7.10980374413184
101,Canada,2,Female,1994,12.56517669075167
101,Canada,3,Both,1994,9.93030052122409
87,Luxembourg,1,Male,1997,15.34916963399447
87,Luxembourg,2,Female,1997,26.55978011083865
87,Luxembourg,3,Both,1997,21.13416352264488
105,Antigua and Barbuda,1,Male,1994,10.13374242119637
105,Antigua and Barbuda,2,Female,1994,24.20836824700385
105,Antigua and Barbuda,3,Both,1994,17.72301645416074
106,The Bahamas,1,Male,1994,9.63135806880005
106,The Bahamas,2,Female,1994,24.79320196806846
106,The Bahamas,3,Both,1994,17.571595554402013
91,Portugal,1,Male,1997,21.93844039557285
91,Portugal,2,Female,1997,31.81548846238319
91,Portugal,3,Both,1997,27.169037161403047
69,Singapore,1,Male,2010,20.12268112799656
69,Singapore,2,Female,2010,27.58853013530601
69,Singapore,3,Both,2010,23.66126117019812
110,Dominica,1,Male,1994,5.32246748813073
110,Dominica,2,Female,1994,22.88254534143808
110,Dominica,3,Both,1994,14.52303183359823
95,United Kingdom,1,Male,1997,25.603223775463945
95,United Kingdom,2,Female,1997,41.41970324624809
95,United Kingdom,3,Both,1997,33.89060831278416
99,Uruguay,1,Male,1997,13.57070831288505
99,Uruguay,2,Female,1997,21.566947074506228
99,Uruguay,3,Both,1997,17.811209962163648
77,Cyprus,1,Male,2010,14.62724824311589
77,Cyprus,2,Female,2010,23.47254421395608
77,Cyprus,3,Both,2010,19.17201519591955
86,Italy,1,Male,2014,22.40285120002417
86,Italy,2,Female,2014,37.19995615194307
86,Italy,3,Both,2014,30.15626550820643
81,Germany,1,Male,2010,12.16710760935423
81,Germany,2,Female,2010,23.54415090762361
81,Germany,3,Both,2010,18.05210317103823
12,Laos,1,Male,2017,3.4096595315634604
12,Laos,2,Female,2017,7.51146821538578
12,Laos,3,Both,2017,5.46840277635393
13,Malaysia,1,Male,2013,19.60101319123151
13,Malaysia,2,Female,2013,27.73031591893555
13,Malaysia,3,Both,2013,23.52772370251729
108,Belize,1,Male,1997,8.43215775675174
108,Belize,2,Female,1997,23.123685314806316
108,Belize,3,Both,1997,15.65333125938922
112,Grenada,1,Male,1997,9.43501642369941
112,Grenada,2,Female,1997,25.78162613750208
112,Grenada,3,Both,1997,17.83912467234262
206,The Gambia,1,Male,2018,4.919146121606801
206,The Gambia,2,Female,2018,12.92405466048498
206,The Gambia,3,Both,2018,9.04721101992363
116,Saint Lucia,1,Male,1997,9.23107303346237
116,Saint Lucia,2,Female,1997,23.83836506702365
116,Saint Lucia,3,Both,1997,16.83523986282578
85,Israel,1,Male,2010,13.23070518991972
85,Israel,2,Female,2010,25.62020928016759
85,Israel,3,Both,2010,19.63018288203332
89,Netherlands,1,Male,2010,12.21942699779944
89,Netherlands,2,Female,2010,19.3535295590355
89,Netherlands,3,Both,2010,15.87185725984502
12,Laos,1,Male,2013,3.22050082642727
12,Laos,2,Female,2013,7.16073530239181
12,Laos,3,Both,2013,5.20512181987466
93,Sweden,1,Male,2010,18.48911134564841
93,Sweden,2,Female,2010,27.933193196666934
93,Sweden,3,Both,2010,23.29327692299097
97,Argentina,1,Male,2010,10.04430799692666
97,Argentina,2,Female,2010,19.888406988224443
97,Argentina,3,Both,2010,15.2242416711031
36,Kazakhstan,1,Male,2019,7.192197795255339
36,Kazakhstan,2,Female,2019,15.41499133773144
36,Kazakhstan,3,Both,2019,11.580881701224149
101,Canada,1,Male,2010,8.73813682600182
101,Canada,2,Female,2010,14.73053509261625
101,Canada,3,Both,2010,11.84284151938424
105,Antigua and Barbuda,1,Male,2010,10.90073217511987
105,Antigua and Barbuda,2,Female,2010,25.69175612770392
105,Antigua and Barbuda,3,Both,2010,18.83631455073474
106,The Bahamas,1,Male,2010,12.02155342278902
106,The Bahamas,2,Female,2010,28.89161932412909
106,The Bahamas,3,Both,2010,20.89998558791412
7,North Korea,1,Male,2020,13.700502029751291
7,North Korea,2,Female,2020,23.73209287344687
7,North Korea,3,Both,2020,18.825046467768185
110,Dominica,1,Male,2010,5.27130090187862
110,Dominica,2,Female,2010,25.79590322419909
110,Dominica,3,Both,2010,15.62137186489577
7,North Korea,1,Male,2021,13.82917743169026
7,North Korea,2,Female,2021,23.82727680408647
7,North Korea,3,Both,2021,18.927202641481948
7,North Korea,1,Male,2015,13.33903678725941
7,North Korea,2,Female,2015,23.42848807872043
7,North Korea,3,Both,2015,18.55597833542193
13,Malaysia,1,Male,2020,21.3440749687447
13,Malaysia,2,Female,2020,30.33859122510843
13,Malaysia,3,Both,2020,25.66901054217151
19,Timor-Leste,1,Male,1992,2.61852450045483
19,Timor-Leste,2,Female,1992,7.92381482673023
19,Timor-Leste,3,Both,1992,5.22656244961074
16,Philippines,1,Male,2014,4.905410099315271
16,Philippines,2,Female,2014,10.391249539476298
16,Philippines,3,Both,2014,7.65355969608409
83,Iceland,1,Male,2018,21.08358070018794
83,Iceland,2,Female,2018,32.36801830925079
83,Iceland,3,Both,2018,26.6969538202674
162,Bhutan,1,Male,2020,27.02135233788268
162,Bhutan,2,Female,2020,54.58250956772538
162,Bhutan,3,Both,2020,40.04962831608044
182,Malawi,1,Male,2014,4.1213337669448205
182,Malawi,2,Female,2014,4.90519998369206
182,Malawi,3,Both,2014,4.52976845660495
320,Cook Islands,1,Male,2019,26.91360444215545
320,Cook Islands,2,Female,2019,45.181669499887015
320,Cook Islands,3,Both,2019,36.39509970560077
117,Saint Vincent and the Grenadines,1,Male,2012,11.18514297004815
117,Saint Vincent and the Grenadines,2,Female,2012,26.54845978933169
117,Saint Vincent and the Grenadines,3,Both,2012,18.713228517012432
43,Albania,1,Male,2013,10.79829194754818
43,Albania,2,Female,2013,20.674291881068747
43,Albania,3,Both,2013,15.819243967540968
26,Papua New Guinea,1,Male,1992,11.54772663222605
26,Papua New Guinea,2,Female,1992,30.52266154101682
26,Papua New Guinea,3,Both,1992,20.72754574590823
14,Maldives,1,Male,2017,19.53949720483327
14,Maldives,2,Female,2017,51.10760860109722
14,Maldives,3,Both,2017,31.58126617302757
19,Timor-Leste,1,Male,2005,2.95427773523143
19,Timor-Leste,2,Female,2005,8.57422120871966
19,Timor-Leste,3,Both,2005,5.7315249598604
186,Seychelles,1,Male,2011,11.90952875994989
186,Seychelles,2,Female,2011,19.64825929304745
186,Seychelles,3,Both,2011,15.63812037008553
7,North Korea,1,Male,2011,13.15748362505396
7,North Korea,2,Female,2011,23.245232207141388
7,North Korea,3,Both,2011,18.43304902645403
435,South Sudan,1,Male,2013,3.2210183646413504
435,South Sudan,2,Female,2013,7.85236467843859
435,South Sudan,3,Both,2013,5.52535055579138
18,Thailand,1,Male,2014,9.84580257365282
18,Thailand,2,Female,2014,16.80189706125919
18,Thailand,3,Both,2014,13.478457852915248
24,Marshall Islands,1,Male,2005,47.18812562790314
24,Marshall Islands,2,Female,2005,63.7460865895791
24,Marshall Islands,3,Both,2005,55.24131455180403
28,Solomon Islands,1,Male,2005,16.56634133600134
28,Solomon Islands,2,Female,2005,32.31030480801318
28,Solomon Islands,3,Both,2005,24.240340275768748
16,Philippines,1,Male,2016,5.01674457011738
16,Philippines,2,Female,2016,10.63526162160288
16,Philippines,3,Both,2016,7.82916715841081
36,Kazakhstan,1,Male,2005,6.5043146075430505
36,Kazakhstan,2,Female,2005,14.28914893863899
36,Kazakhstan,3,Both,2005,10.70467325534738
22,Fiji,1,Male,2000,17.29025112079612
22,Fiji,2,Female,2000,38.3954021811534
22,Fiji,3,Both,2000,27.76112012981471
40,Turkmenistan,1,Male,2005,5.02498581857897
40,Turkmenistan,2,Female,2005,11.75301690282201
40,Turkmenistan,3,Both,2005,8.47230912441375
44,Bosnia and Herzegovina,1,Male,2005,9.56059513781833
44,Bosnia and Herzegovina,2,Female,2005,17.8457171636404
44,Bosnia and Herzegovina,3,Both,2005,13.86277600408192
522,Sudan,1,Male,2012,50.56211537146908
522,Sudan,2,Female,2012,66.24210662100622
522,Sudan,3,Both,2012,58.46932663143083
92,Spain,1,Male,2018,19.03297879989228
92,Spain,2,Female,2018,29.170509623304568
92,Spain,3,Both,2018,24.28251992404005
23,Kiribati,1,Male,2019,25.886141381410237
23,Kiribati,2,Female,2019,50.46349467337629
23,Kiribati,3,Both,2019,38.90669535832648
48,Hungary,1,Male,2005,9.7905180647862
48,Hungary,2,Female,2005,20.73085871116702
48,Hungary,3,Both,2005,15.69609586747327
7,North Korea,1,Male,2016,13.395382743472082
7,North Korea,2,Female,2016,23.47608101544125
7,North Korea,3,Both,2016,18.59373479459518
52,Romania,1,Male,2005,14.27428921539797
52,Romania,2,Female,2005,29.91953361811566
52,Romania,3,Both,2005,22.46585093649941
22,Fiji,1,Male,2009,19.14340685696589
22,Fiji,2,Female,2009,39.08467266465312
22,Fiji,3,Both,2009,29.00825303978588
26,Papua New Guinea,1,Male,2000,11.05249914673712
26,Papua New Guinea,2,Female,2000,30.22237872975388
26,Papua New Guinea,3,Both,2000,20.414495255700448
131,Nicaragua,1,Male,2019,7.0358952775172
131,Nicaragua,2,Female,2019,15.34764552895686
131,Nicaragua,3,Both,2019,11.3808758108261
18,Thailand,1,Male,2011,9.126613530979787
18,Thailand,2,Female,2011,15.91677596444886
18,Thailand,3,Both,2011,12.65861247224068
30,Vanuatu,1,Male,2000,4.9032530300448105
30,Vanuatu,2,Female,2000,9.27151186412053
30,Vanuatu,3,Both,2000,7.055011572136061
10,Cambodia,1,Male,2016,1.84439270978938
10,Cambodia,2,Female,2016,4.56875391372903
10,Cambodia,3,Both,2016,3.2956465050685897
60,Lithuania,1,Male,2005,11.937035190315031
60,Lithuania,2,Female,2005,22.69005624200848
60,Lithuania,3,Both,2005,17.919953421957622
118,Suriname,1,Male,2018,26.652441818836746
118,Suriname,2,Female,2018,35.89750795720356
118,Suriname,3,Both,2018,31.42825771619708
34,Azerbaijan,1,Male,2000,5.36015909865318
34,Azerbaijan,2,Female,2000,11.73027107193053
34,Azerbaijan,3,Both,2000,8.74260133239709
84,Ireland,1,Male,2021,20.71222206027403
84,Ireland,2,Female,2021,36.69004501629158
84,Ireland,3,Both,2021,28.912832543060706
38,Mongolia,1,Male,2000,3.79086794391423
38,Mongolia,2,Female,2000,7.186148899863321
38,Mongolia,3,Both,2000,5.53195968798293
69,Singapore,1,Male,2005,20.36735211941938
69,Singapore,2,Female,2005,26.75151826451772
69,Singapore,3,Both,2005,23.54156314632148
18,Thailand,1,Male,2013,9.629814998375627
18,Thailand,2,Female,2013,16.51762646776221
18,Thailand,3,Both,2013,13.22401535735414
164,Nepal,1,Male,2013,8.09016458005212
164,Nepal,2,Female,2013,12.33730800335322
164,Nepal,3,Both,2013,10.35161990511118
46,Croatia,1,Male,2000,10.88306080750494
46,Croatia,2,Female,2000,22.30928497175627
46,Croatia,3,Both,2000,16.94952072739288
50,Montenegro,1,Male,2000,11.03809234883594
50,Montenegro,2,Female,2000,22.457981726477648
50,Montenegro,3,Both,2000,16.95255309872304
40,Turkmenistan,1,Male,2011,5.44146398447999
40,Turkmenistan,2,Female,2011,12.719143542398331
40,Turkmenistan,3,Both,2011,9.11770883485116
54,Slovakia,1,Male,2000,9.77013213644226
54,Slovakia,2,Female,2000,21.636279779761487
54,Slovakia,3,Both,2000,16.0442017501394
77,Cyprus,1,Male,2005,14.24267273483675
77,Cyprus,2,Female,2005,23.10834176000199
77,Cyprus,3,Both,2005,18.77805001630504
58,Estonia,1,Male,2000,6.28263566056741
58,Estonia,2,Female,2000,15.95275518589403
58,Estonia,3,Both,2000,11.6866405497196
81,Germany,1,Male,2005,11.79023264186538
81,Germany,2,Female,2005,23.16230071886731
81,Germany,3,Both,2005,17.68495157998419
74,Andorra,1,Male,2017,19.57647207289253
74,Andorra,2,Female,2017,29.26085394594678
74,Andorra,3,Both,2017,24.33072817402796
62,Russian Federation,1,Male,2000,7.11077790138684
62,Russian Federation,2,Female,2000,17.51216577696947
62,Russian Federation,3,Both,2000,12.87058038055869
67,Japan,1,Male,2000,32.48145122222196
67,Japan,2,Female,2000,43.805386693687744
67,Japan,3,Both,2000,38.35398311776841
71,Australia,1,Male,2000,27.66606326972002
71,Australia,2,Female,2000,37.93883631007059
71,Australia,3,Both,2000,32.95235899914695
190,Uganda,1,Male,2021,3.11846881119595
190,Uganda,2,Female,2021,8.29178408940454
190,Uganda,3,Both,2021,5.88330910067018
75,Austria,1,Male,2000,12.93214418964386
75,Austria,2,Female,2000,26.991239081141188
75,Austria,3,Both,2000,20.340126608999302
79,Finland,1,Male,2000,16.3949594771778
79,Finland,2,Female,2000,29.911383042998267
79,Finland,3,Both,2000,23.45494887156201
83,Iceland,1,Male,2000,17.44885708855517
83,Iceland,2,Female,2000,27.96961753318986
83,Iceland,3,Both,2000,22.76613330131373
87,Luxembourg,1,Male,2000,15.431071062913878
87,Luxembourg,2,Female,2000,26.445763034147664
87,Luxembourg,3,Both,2000,21.11128837214391
14,Maldives,1,Male,2020,19.56864406735864
14,Maldives,2,Female,2020,51.07911895932597
14,Maldives,3,Both,2020,30.70500318311135
91,Portugal,1,Male,2000,21.8961362336438
91,Portugal,2,Female,2000,32.14571457559573
91,Portugal,3,Both,2000,27.310107661878657
13,Malaysia,1,Male,2012,19.27236721090982
13,Malaysia,2,Female,2012,27.23023244714206
13,Malaysia,3,Both,2012,23.12135473540431
10,Cambodia,1,Male,2012,1.7187143542007202
10,Cambodia,2,Female,2012,4.289125697770739
10,Cambodia,3,Both,2012,3.09939560939748
95,United Kingdom,1,Male,2000,26.0047264798207
95,United Kingdom,2,Female,2000,41.76229519529039
95,United Kingdom,3,Both,2000,34.23851809511922
99,Uruguay,1,Male,2000,13.60697662155673
99,Uruguay,2,Female,2000,21.97598242968817
99,Uruguay,3,Both,2000,18.0506251025689
24,Marshall Islands,1,Male,1995,47.90361712731795
24,Marshall Islands,2,Female,1995,63.194997155425256
24,Marshall Islands,3,Both,1995,55.33944448280989
20,Vietnam,1,Male,2015,6.63882046463347
20,Vietnam,2,Female,2015,12.9926259819336
20,Vietnam,3,Both,2015,9.92021358405163
108,Belize,1,Male,2000,8.33351309592172
108,Belize,2,Female,2000,23.23884167053891
108,Belize,3,Both,2000,15.702588609323229
112,Grenada,1,Male,2000,9.182183138133787
112,Grenada,2,Female,2000,25.79051703725264
112,Grenada,3,Both,2000,17.65613250231642
116,Saint Lucia,1,Male,2000,9.44919571160611
116,Saint Lucia,2,Female,2000,24.32068106568939
116,Saint Lucia,3,Both,2000,17.15258240324133
396,San Marino,1,Male,2015,25.20548741556489
396,San Marino,2,Female,2015,34.65000690926904
396,San Marino,3,Both,2015,30.18508619951019
35,Georgia,1,Male,2016,8.40976019099511
35,Georgia,2,Female,2016,15.67035141009876
35,Georgia,3,Both,2016,12.362389928384191
15,Myanmar,1,Male,1997,2.7323641204998297
15,Myanmar,2,Female,1997,5.27086104381227
15,Myanmar,3,Both,1997,4.06088830821323
10,Cambodia,1,Male,2021,2.07602749343501
10,Cambodia,2,Female,2021,5.02127371199394
10,Cambodia,3,Both,2021,3.62978137476732
19,Timor-Leste,1,Male,2000,2.86079817055473
19,Timor-Leste,2,Female,2000,8.26672916458909
19,Timor-Leste,3,Both,2000,5.53755817923111
416,Tuvalu,1,Male,2016,13.74829266026535
416,Tuvalu,2,Female,2016,32.35698966624858
416,Tuvalu,3,Both,2016,22.96325244016203
152,Saudi Arabia,1,Male,2016,21.24725739415139
152,Saudi Arabia,2,Female,2016,40.87329688933928
152,Saudi Arabia,3,Both,2016,28.968539223913297
182,Malawi,1,Male,2017,4.29223106258469
182,Malawi,2,Female,2017,5.14358838385408
182,Malawi,3,Both,2017,4.73785195976587
107,Barbados,1,Male,2011,27.57454801803364
107,Barbados,2,Female,2011,55.61186619309548
107,Barbados,3,Both,2011,42.49181152267741
13,Malaysia,1,Male,2015,20.23629501188401
13,Malaysia,2,Female,2015,28.62522114905166
13,Malaysia,3,Both,2015,24.27973007599624
33,Armenia,1,Male,2012,7.5816433071848
33,Armenia,2,Female,2012,14.51452251878504
33,Armenia,3,Both,2012,11.33183389548993
20,Vietnam,1,Male,2018,7.05659862594501
20,Vietnam,2,Female,2018,13.44794343572144
20,Vietnam,3,Both,2018,10.34631726611846
24,Marshall Islands,1,Male,2008,46.89399847214753
24,Marshall Islands,2,Female,2008,63.87691873125024
24,Marshall Islands,3,Both,2008,55.15012707054707
11,Indonesia,1,Male,2012,14.36249066794517
11,Indonesia,2,Female,2012,23.41124345620453
11,Indonesia,3,Both,2012,18.9007124973645
28,Solomon Islands,1,Male,2008,16.00516242224438
28,Solomon Islands,2,Female,2008,31.599707362582546
28,Solomon Islands,3,Both,2008,23.65176805534495
16,Philippines,1,Male,2011,4.6997077387934
16,Philippines,2,Female,2011,9.9414019906351
16,Philippines,3,Both,2011,7.32832347730618
36,Kazakhstan,1,Male,2008,6.683836619332551
36,Kazakhstan,2,Female,2008,14.5230994843346
36,Kazakhstan,3,Both,2008,10.90513095450824
40,Turkmenistan,1,Male,2008,5.18270231218405
40,Turkmenistan,2,Female,2008,12.14012490616682
40,Turkmenistan,3,Both,2008,8.72460356389191
44,Bosnia and Herzegovina,1,Male,2008,9.93657868477037
44,Bosnia and Herzegovina,2,Female,2008,18.45235695802804
44,Bosnia and Herzegovina,3,Both,2008,14.35133654021338
48,Hungary,1,Male,2008,9.98229439942596
48,Hungary,2,Female,2008,21.38690887873855
48,Hungary,3,Both,2008,16.13834401333201
52,Romania,1,Male,2008,15.07900833559053
52,Romania,2,Female,2008,31.62553432526251
52,Romania,3,Both,2008,23.73814315451462
25,Federated States of Micronesia,1,Male,2009,42.45207317781376
25,Federated States of Micronesia,2,Female,2009,62.66291508464942
25,Federated States of Micronesia,3,Both,2009,52.60569736219443
113,Guyana,1,Male,2015,12.01127979218392
113,Guyana,2,Female,2015,30.39817896842098
113,Guyana,3,Both,2015,21.46313272500868
13,Malaysia,1,Male,2017,20.70945519610668
13,Malaysia,2,Female,2017,29.38133302094194
13,Malaysia,3,Both,2017,24.88325078968831
7,North Korea,1,Male,2019,13.61270463665138
7,North Korea,2,Female,2019,23.64341733866369
7,North Korea,3,Both,2019,18.74730583362004
12,Laos,1,Male,2012,3.1991018017627297
12,Laos,2,Female,2012,7.09874903281319
12,Laos,3,Both,2012,5.165149759498871
90,Norway,1,Male,2014,23.61335724532015
90,Norway,2,Female,2014,31.69742015266661
90,Norway,3,Both,2014,27.67641718490459
16,Philippines,1,Male,2017,5.080884694429551
16,Philippines,2,Female,2017,10.76117264095116
16,Philippines,3,Both,2017,7.9235410279685405
210,Liberia,1,Male,2018,10.97901333192598
210,Liberia,2,Female,2018,35.38915707574498
210,Liberia,3,Both,2018,22.95791780326616
16,Philippines,1,Male,2019,5.20997678351768
16,Philippines,2,Female,2019,10.99905820490641
16,Philippines,3,Both,2019,8.106705505367561
170,Congo,1,Male,2020,8.34894157791213
170,Congo,2,Female,2020,12.09207422615631
170,Congo,3,Both,2020,10.241262637282947
12,Laos,1,Male,2020,3.59948208100394
12,Laos,2,Female,2020,7.80338371495173
12,Laos,3,Both,2020,5.70551503221575
7,North Korea,1,Male,2013,13.252045378976728
7,North Korea,2,Female,2013,23.343529827057992
7,North Korea,3,Both,2013,18.49930677159265
121,Bolivia,1,Male,2012,11.30827809715675
121,Bolivia,2,Female,2012,14.980877082818738
121,Bolivia,3,Both,2012,13.17660932097145
186,Seychelles,1,Male,2014,12.26021182031692
186,Seychelles,2,Female,2014,20.174648534535105
186,Seychelles,3,Both,2014,16.01705740546574
16,Philippines,1,Male,2021,5.3039611375593
16,Philippines,2,Female,2021,11.21095296256361
16,Philippines,3,Both,2021,8.26091243683549
10,Cambodia,1,Male,2015,1.8074907761734
10,Cambodia,2,Female,2015,4.4884951788050405
10,Cambodia,3,Both,2015,3.238597111363449
18,Thailand,1,Male,2017,10.46068917618839
18,Thailand,2,Female,2017,17.58514550608256
18,Thailand,3,Both,2017,14.19233546616819
20,Vietnam,1,Male,2014,6.54054223789889
20,Vietnam,2,Female,2014,12.86787413557262
20,Vietnam,3,Both,2014,9.81192203072469
196,South Africa,1,Male,2011,17.81751304266473
196,South Africa,2,Female,2011,31.163419391058117
196,South Africa,3,Both,2011,24.88762605978128
47,Czech Republic,1,Male,2013,15.0813654751291
47,Czech Republic,2,Female,2013,28.82627388030612
47,Czech Republic,3,Both,2013,22.18080089054216
51,Poland,1,Male,2013,16.99664228890735
51,Poland,2,Female,2013,32.03708921442026
51,Poland,3,Both,2013,24.92252628556432
10,Cambodia,1,Male,2018,1.93135682128716
10,Cambodia,2,Female,2018,4.74060670393989
10,Cambodia,3,Both,2018,3.42171135922702
55,Slovenia,1,Male,2013,14.43859781054521
55,Slovenia,2,Female,2013,27.73724282378589
55,Slovenia,3,Both,2013,21.2491948690874
59,Latvia,1,Male,2013,10.62215771382167
59,Latvia,2,Female,2013,24.66624573494376
59,Latvia,3,Both,2013,18.51563922548546
27,Samoa,1,Male,2019,23.54918461985888
27,Samoa,2,Female,2019,62.1779727128346
27,Samoa,3,Both,2019,42.41317974367417
63,Ukraine,1,Male,2013,6.887973568155919
63,Ukraine,2,Female,2013,17.768624424852568
63,Ukraine,3,Both,2013,12.934889757681912
23,Kiribati,1,Male,2014,25.67312670967152
23,Kiribati,2,Female,2014,49.86151344591292
23,Kiribati,3,Both,2014,38.45250980451412
109,Cuba,1,Male,2018,15.52168568736876
109,Cuba,2,Female,2018,36.3709174953666
109,Cuba,3,Both,2018,26.14354245166678
68,South Korea,1,Male,2013,20.75637588227901
68,South Korea,2,Female,2013,29.75677466411372
68,South Korea,3,Both,2013,25.33730445303084
72,New Zealand,1,Male,2013,27.88184471997083
72,New Zealand,2,Female,2013,36.48162338028632
72,New Zealand,3,Both,2013,32.352525779150746
76,Belgium,1,Male,2013,20.077892957613468
76,Belgium,2,Female,2013,32.40101821142315
76,Belgium,3,Both,2013,26.44845538071159
88,Malta,1,Male,2021,23.74393842253123
88,Malta,2,Female,2021,37.67751478343302
88,Malta,3,Both,2021,30.77594870460744
80,France,1,Male,2013,22.413188836224908
80,France,2,Female,2013,32.96278873583215
80,France,3,Both,2013,27.9607519835896
84,Ireland,1,Male,2013,18.23354136205341
84,Ireland,2,Female,2013,33.72345143389836
84,Ireland,3,Both,2013,26.16115382538215
88,Malta,1,Male,2013,24.27483059225936
88,Malta,2,Female,2013,37.671025881824
88,Malta,3,Both,2013,31.07420014971626
92,Spain,1,Male,2013,17.3036051205792
92,Spain,2,Female,2013,27.551100805744213
92,Spain,3,Both,2013,22.57744736238809
14,Maldives,1,Male,2016,19.63043138425151
14,Maldives,2,Female,2016,51.1116967783609
14,Maldives,3,Both,2016,31.98829273527361
13,Malaysia,1,Male,2011,18.90122507933806
13,Malaysia,2,Female,2011,26.71680716019573
13,Malaysia,3,Both,2011,22.68661727954136
23,Kiribati,1,Male,2011,26.05878579979744
23,Kiribati,2,Female,2011,50.01657803168265
23,Kiribati,3,Both,2011,38.713229383930695
109,Cuba,1,Male,2013,14.79142949028388
109,Cuba,2,Female,2013,34.41204157624413
109,Cuba,3,Both,2013,24.7645735309113
113,Guyana,1,Male,2013,11.5666948088115
113,Guyana,2,Female,2013,29.72557683982207
113,Guyana,3,Both,2013,20.85661672455923
95,United Kingdom,1,Male,2012,27.21184292174415
95,United Kingdom,2,Female,2012,42.69100288792962
95,United Kingdom,3,Both,2012,35.20773228295555
117,Saint Vincent and the Grenadines,1,Male,2013,11.3939418833443
117,Saint Vincent and the Grenadines,2,Female,2013,26.81985005928153
117,Saint Vincent and the Grenadines,3,Both,2013,18.94571934652831
69,Singapore,1,Male,2016,22.18097133084856
69,Singapore,2,Female,2016,29.8838559304105
69,Singapore,3,Both,2016,25.82638352595328
121,Bolivia,1,Male,2013,11.30653879038479
121,Bolivia,2,Female,2013,15.033584196031727
121,Bolivia,3,Both,2013,13.20125135635145
135,Brazil,1,Male,2019,21.59983334059725
135,Brazil,2,Female,2019,33.55630648568373
135,Brazil,3,Both,2019,27.85773226997388
18,Thailand,1,Male,2020,10.89090100020775
18,Thailand,2,Female,2020,18.296299703992013
18,Thailand,3,Both,2020,14.78501515579303
125,Colombia,1,Male,2013,19.80984441440416
125,Colombia,2,Female,2013,33.98939128632464
125,Colombia,3,Both,2013,27.265875294121138
129,Honduras,1,Male,2013,7.34473500721655
129,Honduras,2,Female,2013,15.422191947800352
129,Honduras,3,Both,2013,11.607293917646093
133,Venezuela,1,Male,2013,9.53313458892312
133,Venezuela,2,Female,2013,18.71651588842984
133,Venezuela,3,Both,2013,14.237325714122989
26,Papua New Guinea,1,Male,2013,10.707566288287987
26,Papua New Guinea,2,Female,2013,29.08612802258633
26,Papua New Guinea,3,Both,2013,19.66653851396942
141,Egypt,1,Male,2013,10.422749063429787
141,Egypt,2,Female,2013,32.44001549977073
141,Egypt,3,Both,2013,21.0624725558648
145,Kuwait,1,Male,2013,36.62582735757406
145,Kuwait,2,Female,2013,61.91703389572187
145,Kuwait,3,Both,2013,47.12996010716227
367,Monaco,1,Male,2013,26.137069452026378
367,Monaco,2,Female,2013,38.45820178259749
367,Monaco,3,Both,2013,32.54377655259328
150,Oman,1,Male,2013,18.553757416181348
150,Oman,2,Female,2013,37.01582679815084
150,Oman,3,Both,2013,25.115996841607668
39,Tajikistan,1,Male,2016,5.24683669683406
39,Tajikistan,2,Female,2016,10.96774783723092
39,Tajikistan,3,Both,2016,8.12258844157008
154,Tunisia,1,Male,2013,10.577342143483689
154,Tunisia,2,Female,2013,16.47335590712743
154,Tunisia,3,Both,2013,13.585355472297431
162,Bhutan,1,Male,2013,27.46272928232042
162,Bhutan,2,Female,2013,55.737253606479065
162,Bhutan,3,Both,2013,40.57374163951263
168,Angola,1,Male,2013,6.09612277151306
168,Angola,2,Female,2013,12.23552589342812
168,Angola,3,Both,2013,9.33066171494262
385,Puerto Rico,1,Male,2019,23.6898608034392
385,Puerto Rico,2,Female,2019,38.85987117751348
385,Puerto Rico,3,Both,2019,31.83686579521962
170,Congo,1,Male,2013,7.424481883918189
170,Congo,2,Female,2013,11.02566800007289
170,Congo,3,Both,2013,9.24212723564746
435,South Sudan,1,Male,2016,3.37969015929804
435,South Sudan,2,Female,2016,8.10833024833336
435,South Sudan,3,Both,2016,5.77605848707156
178,Eritrea,1,Male,2013,1.39440674418242
178,Eritrea,2,Female,2013,3.83783770312116
178,Eritrea,3,Both,2013,2.64794217321725
78,Denmark,1,Male,2017,17.43710637816773
78,Denmark,2,Female,2017,28.04735665767356
78,Denmark,3,Both,2017,22.83878946443569
182,Malawi,1,Male,2013,4.0690955432060605
182,Malawi,2,Female,2013,4.83187067738992
182,Malawi,3,Both,2013,4.46576091035009
186,Seychelles,1,Male,2013,12.14603136346102
186,Seychelles,2,Female,2013,20.00183165695393
186,Seychelles,3,Both,2013,15.89267075423065
91,Portugal,1,Male,2015,23.17634409092946
91,Portugal,2,Female,2015,34.17259311968781
91,Portugal,3,Both,2015,29.049399721132563
93,Sweden,1,Male,2013,19.1418936003669
93,Sweden,2,Female,2013,28.56349255482289
93,Sweden,3,Both,2013,23.91889230972752
196,South Africa,1,Male,2013,17.98661334038015
196,South Africa,2,Female,2013,31.641073284975405
196,South Africa,3,Both,2013,25.18920253799543
194,Lesotho,1,Male,2021,2.2066253640773503
194,Lesotho,2,Female,2021,6.37435585353421
194,Lesotho,3,Both,2021,4.43563667636387
17,Sri Lanka,1,Male,2016,4.897807484337529
17,Sri Lanka,2,Female,2016,12.662042232650789
17,Sri Lanka,3,Both,2016,9.00372607250425
186,Seychelles,1,Male,2017,12.76019761608332
186,Seychelles,2,Female,2017,20.66806536187629
186,Seychelles,3,Both,2017,16.471955882189178
200,Benin,1,Male,2013,2.1283077858398203
200,Benin,2,Female,2013,4.3988562764954695
200,Benin,3,Both,2013,3.3294389684671395
204,Chad,1,Male,2013,7.27962875033033
204,Chad,2,Female,2013,11.29803920085189
204,Chad,3,Both,2013,9.33646266221669
208,Guinea,1,Male,2013,3.08416642798543
208,Guinea,2,Female,2013,9.731685941336153
208,Guinea,3,Both,2013,6.619186759496761
212,Mauritania,1,Male,2013,19.897059371853175
212,Mauritania,2,Female,2013,29.42750318017346
212,Mauritania,3,Both,2013,24.83122628328687
216,Senegal,1,Male,2013,10.85242287191272
216,Senegal,2,Female,2013,16.76079223968521
216,Senegal,3,Both,2013,13.91247248388863
351,Guam,1,Male,2013,12.12709461699323
351,Guam,2,Female,2013,27.115421829388247
351,Guam,3,Both,2013,19.53610946939935
25,Federated States of Micronesia,1,Male,2015,41.47435253661841
25,Federated States of Micronesia,2,Female,2015,61.31826326578198
25,Federated States of Micronesia,3,Both,2015,51.35146136732544
117,Saint Vincent and the Grenadines,1,Male,2015,11.70760505229176
117,Saint Vincent and the Grenadines,2,Female,2015,27.28358135381084
117,Saint Vincent and the Grenadines,3,Both,2015,19.32922501295436
156,United Arab Emirates,1,Male,2016,28.03339430847831
156,United Arab Emirates,2,Female,2016,34.38523707630623
156,United Arab Emirates,3,Both,2016,29.40360129881619
13,Malaysia,1,Male,2021,21.65564271007712
13,Malaysia,2,Female,2021,30.74847620601442
13,Malaysia,3,Both,2021,26.02869753587283
11,Indonesia,1,Male,2003,13.81576542091326
11,Indonesia,2,Female,2003,21.68529650984917
11,Indonesia,3,Both,2003,17.79529534683351
522,Sudan,1,Male,2015,50.85544132134484
522,Sudan,2,Female,2015,66.80510520492867
522,Sudan,3,Both,2015,58.91490585345619
25,Federated States of Micronesia,1,Male,2018,41.42029674784958
25,Federated States of Micronesia,2,Female,2018,61.02159975244936
25,Federated States of Micronesia,3,Both,2018,51.15346830041684
178,Eritrea,1,Male,2020,1.58024497780464
178,Eritrea,2,Female,2020,4.19446737371487
178,Eritrea,3,Both,2020,2.9034906633366298
11,Indonesia,1,Male,2014,14.68696966870087
11,Indonesia,2,Female,2014,24.04257098885854
11,Indonesia,3,Both,2014,19.37262298769921
125,Colombia,1,Male,2012,19.292478388009908
125,Colombia,2,Female,2012,33.21766676013547
125,Colombia,3,Both,2012,26.61182019453465
111,Dominican Republic,1,Male,2011,15.72229239075619
111,Dominican Republic,2,Female,2011,21.21561468165486
111,Dominican Republic,3,Both,2011,18.46948024373971
26,Papua New Guinea,1,Male,1995,11.329346456433589
26,Papua New Guinea,2,Female,1995,30.460510995350997
26,Papua New Guinea,3,Both,1995,20.630197943114588
37,Kyrgyzstan,1,Male,2012,5.21221603042789
37,Kyrgyzstan,2,Female,2012,12.67473569470223
37,Kyrgyzstan,3,Both,2012,9.10619612072572
196,South Africa,1,Male,2014,18.0914523150578
196,South Africa,2,Female,2014,31.85711830073431
196,South Africa,3,Both,2014,25.338912419056808
197,Swaziland,1,Male,2017,9.052550126704247
197,Swaziland,2,Female,2017,20.1030651774736
197,Swaziland,3,Both,2017,15.014324338963991
26,Papua New Guinea,1,Male,1998,11.142542017531811
26,Papua New Guinea,2,Female,1998,30.31811579303684
26,Papua New Guinea,3,Both,1998,20.49780220025666
11,Indonesia,1,Male,2018,15.54301758777121
11,Indonesia,2,Female,2018,25.681438581170728
11,Indonesia,3,Both,2018,20.60761113824368
23,Kiribati,1,Male,2017,25.72634864193522
23,Kiribati,2,Female,2017,50.20264247743017
23,Kiribati,3,Both,2017,38.66985432064123
20,Vietnam,1,Male,2011,6.21405281187644
20,Vietnam,2,Female,2011,12.38577029605754
20,Vietnam,3,Both,2011,9.415220981947767
26,Papua New Guinea,1,Male,2003,10.98961813916703
26,Papua New Guinea,2,Female,2003,30.14628022168796
26,Papua New Guinea,3,Both,2003,20.338331334992
26,Papua New Guinea,1,Male,2004,10.96752938299846
26,Papua New Guinea,2,Female,2004,30.095769160362764
26,Papua New Guinea,3,Both,2004,20.29717162201258
30,Vanuatu,1,Male,2003,4.74635020923614
30,Vanuatu,2,Female,2003,9.03685209729412
30,Vanuatu,3,Both,2003,6.869818945130881
20,Vietnam,1,Male,2016,6.77404205425468
20,Vietnam,2,Female,2016,13.14220947960312
20,Vietnam,3,Both,2016,10.05915422500055
175,Burundi,1,Male,2020,3.30612989928401
175,Burundi,2,Female,2020,7.867312926652071
175,Burundi,3,Both,2020,5.52087618075435
53,Serbia,1,Male,2020,11.26692179454005
53,Serbia,2,Female,2020,22.35431266786278
53,Serbia,3,Both,2020,16.93604175759882
26,Papua New Guinea,1,Male,2006,10.8709866933155
26,Papua New Guinea,2,Female,2006,29.7910156867112
26,Papua New Guinea,3,Both,2006,20.08891186998749
26,Papua New Guinea,1,Male,2007,10.80575921577837
26,Papua New Guinea,2,Female,2007,29.61760044832361
26,Papua New Guinea,3,Both,2007,19.966810037235668
34,Azerbaijan,1,Male,2003,5.48177652294858
34,Azerbaijan,2,Female,2003,11.68863212813322
34,Azerbaijan,3,Both,2003,8.75936543323046
200,Benin,1,Male,2011,2.0771657734040003
200,Benin,2,Female,2011,4.28091586542027
200,Benin,3,Both,2011,3.2481676813889
27,Samoa,1,Male,2014,22.77474007523815
27,Samoa,2,Female,2014,60.79304893785743
27,Samoa,3,Both,2014,41.30314613891568
38,Mongolia,1,Male,2003,3.64945978654003
38,Mongolia,2,Female,2003,7.000236484694
38,Mongolia,3,Both,2003,5.36663284636398
30,Vanuatu,1,Male,2006,4.56623580986839
30,Vanuatu,2,Female,2006,8.74785626888925
30,Vanuatu,3,Both,2006,6.6429417095009695
113,Guyana,1,Male,2018,12.41508383854662
113,Guyana,2,Female,2018,30.9484813019923
113,Guyana,3,Both,2018,21.98988901191813
34,Azerbaijan,1,Male,2006,5.5671167172591804
34,Azerbaijan,2,Female,2006,11.83883564728514
34,Azerbaijan,3,Both,2006,8.86059373641722
94,Switzerland,1,Male,2014,15.66103699176635
94,Switzerland,2,Female,2014,27.499803579558368
94,Switzerland,3,Both,2014,21.70597770405659
204,Chad,1,Male,2011,7.22837455621291
204,Chad,2,Female,2011,11.23014699878247
204,Chad,3,Both,2011,9.27885979720427
46,Croatia,1,Male,2003,11.46014944951969
46,Croatia,2,Female,2003,23.640569265966647
46,Croatia,3,Both,2003,17.92960782285848
38,Mongolia,1,Male,2006,3.55077062946192
38,Mongolia,2,Female,2006,6.86412684593543
38,Mongolia,3,Both,2006,5.24798552825372
50,Montenegro,1,Male,2003,11.48500739760306
50,Montenegro,2,Female,2003,22.92855845806015
50,Montenegro,3,Both,2003,17.42044278904319
46,Croatia,1,Male,2006,12.13156326085793
46,Croatia,2,Female,2006,24.94130719104187
46,Croatia,3,Both,2006,18.924769661681733
54,Slovakia,1,Male,2003,9.74269553515775
54,Slovakia,2,Female,2003,21.85455588985317
54,Slovakia,3,Both,2003,16.137130342319942
35,Georgia,1,Male,2019,8.67737510741838
35,Georgia,2,Female,2019,16.0989226586502
35,Georgia,3,Both,2019,12.70550333827439
92,Spain,1,Male,2021,20.2308589810656
92,Spain,2,Female,2021,30.68829104496526
92,Spain,3,Both,2021,25.659700191365147
50,Montenegro,1,Male,2006,11.85667118441135
50,Montenegro,2,Female,2006,23.64161812899316
50,Montenegro,3,Both,2006,17.97583064538209
208,Guinea,1,Male,2011,3.05469280919031
208,Guinea,2,Female,2011,9.76623302339958
208,Guinea,3,Both,2011,6.61386424160884
89,Netherlands,1,Male,2021,15.01367427307057
89,Netherlands,2,Female,2021,22.55387681951032
89,Netherlands,3,Both,2021,18.85392238886559
54,Slovakia,1,Male,2006,9.76261399494699
54,Slovakia,2,Female,2006,22.27363675510529
54,Slovakia,3,Both,2006,16.3520261981209
212,Mauritania,1,Male,2011,19.65066661122863
212,Mauritania,2,Female,2011,29.10348050119212
212,Mauritania,3,Both,2011,24.54445026980461
39,Tajikistan,1,Male,2019,5.3751143608728205
39,Tajikistan,2,Female,2019,11.3241238303749
39,Tajikistan,3,Both,2019,8.36311178893827
22,Fiji,1,Male,2001,17.51353174165082
22,Fiji,2,Female,2001,38.65927718163858
22,Fiji,3,Both,2001,27.99693354199025
58,Estonia,1,Male,2003,6.52419344641314
58,Estonia,2,Female,2003,16.77086733643105
58,Estonia,3,Both,2003,12.22894316607946
216,Senegal,1,Male,2011,10.77183769748763
216,Senegal,2,Female,2011,16.613089558260448
216,Senegal,3,Both,2011,13.79140446040312
20,Vietnam,1,Male,2017,6.90835108871017
20,Vietnam,2,Female,2017,13.2942259295062
20,Vietnam,3,Both,2017,10.19888182066889
214,Nigeria,1,Male,2018,9.33763846248641
214,Nigeria,2,Female,2018,17.54220391331847
214,Nigeria,3,Both,2018,13.69209949751374
58,Estonia,1,Male,2006,6.902309399239891
58,Estonia,2,Female,2006,17.71356101964158
58,Estonia,3,Both,2006,12.915472387479207
62,Russian Federation,1,Male,2003,7.1440325405169895
62,Russian Federation,2,Female,2003,17.789730439922728
62,Russian Federation,3,Both,2003,13.05201412473385
43,Albania,1,Male,2019,11.98240847231082
43,Albania,2,Female,2019,22.97766768655107
43,Albania,3,Both,2019,17.55292352009895
62,Russian Federation,1,Male,2006,7.21132489991783
62,Russian Federation,2,Female,2006,18.302134880188632
62,Russian Federation,3,Both,2006,13.38224510050601
16,Philippines,1,Male,2020,5.2663175387835
16,Philippines,2,Female,2020,11.12014597196448
16,Philippines,3,Both,2020,8.195464878371329
169,Central African Republic,1,Male,2011,6.283980412674301
169,Central African Republic,2,Female,2011,17.65424754873382
169,Central African Republic,3,Both,2011,12.05259628091019
67,Japan,1,Male,2003,33.18587968882696
67,Japan,2,Female,2003,44.41432585553139
67,Japan,3,Both,2003,39.01344663051375
67,Japan,1,Male,2006,33.77498100921999
67,Japan,2,Female,2006,44.87760282696731
67,Japan,3,Both,2006,39.54202240943596
71,Australia,1,Male,2003,28.8720993428553
71,Australia,2,Female,2003,40.098150224977694
71,Australia,3,Both,2003,34.65286640359811
71,Australia,1,Male,2006,30.33789099391625
71,Australia,2,Female,2006,42.52664697949925
71,Australia,3,Both,2006,36.61125070608155
75,Austria,1,Male,2003,13.20740774450204
75,Austria,2,Female,2003,27.10947372360663
75,Austria,3,Both,2003,20.50553777267127
75,Austria,1,Male,2006,13.45168916690356
75,Austria,2,Female,2006,27.2220229551062
75,Austria,3,Both,2006,20.65382666611619
79,Finland,1,Male,2003,17.01579299785323
79,Finland,2,Female,2003,30.60012712549589
79,Finland,3,Both,2003,24.0902056128409
27,Samoa,1,Male,2011,22.22388203853462
27,Samoa,2,Female,2011,60.32947900858947
27,Samoa,3,Both,2011,40.77469544252718
47,Czech Republic,1,Male,2019,17.011760721809242
47,Czech Republic,2,Female,2019,29.16180298420012
47,Czech Republic,3,Both,2019,23.26442947196175
79,Finland,1,Male,2006,17.59820956964911
79,Finland,2,Female,2006,31.18630556292421
79,Finland,3,Both,2006,24.65722568755311
83,Iceland,1,Male,2003,18.05901209551547
83,Iceland,2,Female,2003,28.680580037896657
83,Iceland,3,Both,2003,23.425815837802087
51,Poland,1,Male,2019,18.66569759203929
51,Poland,2,Female,2019,33.415877289501964
51,Poland,3,Both,2019,26.41835929113739
29,Tonga,1,Male,2009,18.65521329012184
29,Tonga,2,Female,2009,46.01211315576918
29,Tonga,3,Both,2009,32.63988209076313
83,Iceland,1,Male,2006,18.49754590781802
83,Iceland,2,Female,2006,29.375311694633847
83,Iceland,3,Both,2006,23.92360179137207
87,Luxembourg,1,Male,2003,15.46548512113218
87,Luxembourg,2,Female,2003,26.34915581007708
87,Luxembourg,3,Both,2003,21.06751920832072
55,Slovenia,1,Male,2019,16.41280753175704
55,Slovenia,2,Female,2019,29.90274991889294
55,Slovenia,3,Both,2019,23.28676088735518
87,Luxembourg,1,Male,2006,15.35110801142358
87,Luxembourg,2,Female,2006,26.18107154066053
87,Luxembourg,3,Both,2006,20.9091721595663
351,Guam,1,Male,2011,11.63951193490056
351,Guam,2,Female,2011,26.769916030490897
351,Guam,3,Both,2011,19.11831931604149
59,Latvia,1,Male,2019,11.29046256021014
59,Latvia,2,Female,2019,25.51227326929746
59,Latvia,3,Both,2019,19.23125867714588
91,Portugal,1,Male,2003,21.97736314772081
91,Portugal,2,Female,2003,32.76629702521172
91,Portugal,3,Both,2003,27.672571460974385
369,Nauru,1,Male,2011,12.03311360684363
369,Nauru,2,Female,2011,31.672532682361187
369,Nauru,3,Both,2011,21.998663695321294
91,Portugal,1,Male,2006,22.19030968316994
91,Portugal,2,Female,2006,33.33808030778646
91,Portugal,3,Both,2006,28.08791855303082
95,United Kingdom,1,Male,2003,26.28395002815937
95,United Kingdom,2,Female,2003,42.01478410630301
95,United Kingdom,3,Both,2003,34.47870478514733
16,Philippines,1,Male,2013,4.84645230316588
16,Philippines,2,Female,2013,10.25654690981075
16,Philippines,3,Both,2013,7.557862760691631
146,Lebanon,1,Male,2015,34.87252828748079
146,Lebanon,2,Female,2015,32.28611510228046
146,Lebanon,3,Both,2015,33.54059977581697
23,Kiribati,1,Male,2020,25.9633611979721
23,Kiribati,2,Female,2020,50.60796280379052
23,Kiribati,3,Both,2020,39.02852753124097
385,Puerto Rico,1,Male,2011,20.90006901662868
385,Puerto Rico,2,Female,2011,37.0686831063253
385,Puerto Rico,3,Both,2011,29.566472775958253
63,Ukraine,1,Male,2019,7.329028135636061
63,Ukraine,2,Female,2019,18.5772287443793
63,Ukraine,3,Both,2019,13.554785558985367
416,Tuvalu,1,Male,2011,13.93192860842991
416,Tuvalu,2,Female,2011,32.17954505184284
416,Tuvalu,3,Both,2011,23.20269118617657
68,South Korea,1,Male,2019,24.23974866878996
68,South Korea,2,Female,2019,33.98286228279535
68,South Korea,3,Both,2019,29.13428866050445
435,South Sudan,1,Male,2011,3.23458535118212
435,South Sudan,2,Female,2011,7.79592342903285
435,South Sudan,3,Both,2011,5.48952694086881
20,Vietnam,1,Male,2021,7.51495929979345
20,Vietnam,2,Female,2021,13.88864218170074
20,Vietnam,3,Both,2021,10.78723990238384
72,New Zealand,1,Male,2019,28.95394221297319
72,New Zealand,2,Female,2019,38.47517279684803
72,New Zealand,3,Both,2019,33.82698642361718
76,Belgium,1,Male,2019,20.91079165246294
76,Belgium,2,Female,2019,33.23176308599099
76,Belgium,3,Both,2019,27.258031289258827
95,United Kingdom,1,Male,2006,26.60466439782496
95,United Kingdom,2,Female,2006,42.246976256733824
95,United Kingdom,3,Both,2006,34.72703767421266
99,Uruguay,1,Male,2003,13.614317475481393
99,Uruguay,2,Female,2003,22.40031568469773
99,Uruguay,3,Both,2003,18.28677533519138
80,France,1,Male,2019,23.71304052324874
80,France,2,Female,2019,34.20079984195237
80,France,3,Both,2019,29.23099395611759
99,Uruguay,1,Male,2006,13.78556989254256
99,Uruguay,2,Female,2006,23.00854449403352
99,Uruguay,3,Both,2006,18.70220318908111
84,Ireland,1,Male,2019,20.14860371121392
84,Ireland,2,Female,2019,35.96896706160633
84,Ireland,3,Both,2019,28.26444155737432
25,Federated States of Micronesia,1,Male,2014,41.71198954291746
25,Federated States of Micronesia,2,Female,2014,61.5290934753313
25,Federated States of Micronesia,3,Both,2014,51.58712862494996
88,Malta,1,Male,2019,23.99200954917631
88,Malta,2,Female,2019,37.65298790999349
88,Malta,3,Both,2019,30.89890199097859
43,Albania,1,Male,2016,11.43184877934279
43,Albania,2,Female,2016,21.826996663705287
43,Albania,3,Both,2016,16.70605358428482
416,Tuvalu,1,Male,2019,13.815732360107727
416,Tuvalu,2,Female,2019,32.59656964402916
416,Tuvalu,3,Both,2019,23.00914542288967
349,Greenland,1,Male,2016,7.2413820844087
349,Greenland,2,Female,2016,15.75268289217897
349,Greenland,3,Both,2016,11.17895372122666
92,Spain,1,Male,2019,19.45936085393446
92,Spain,2,Female,2019,29.59025738626256
92,Spain,3,Both,2019,24.70997437867975
47,Czech Republic,1,Male,2016,15.877235176704213
47,Czech Republic,2,Female,2016,28.90329514130688
47,Czech Republic,3,Both,2016,22.59053606261831
51,Poland,1,Male,2016,17.69981094758466
51,Poland,2,Female,2016,32.63410434241301
51,Poland,3,Both,2016,25.557314187356088
108,Belize,1,Male,2003,8.424676756943871
108,Belize,2,Female,2003,23.7793587102256
108,Belize,3,Both,2003,16.05641879935025
14,Maldives,1,Male,2021,19.63462775504985
14,Maldives,2,Female,2021,51.03963065046329
14,Maldives,3,Both,2021,30.49620273203544
55,Slovenia,1,Male,2016,15.28906607171174
55,Slovenia,2,Female,2016,28.677479306402397
55,Slovenia,3,Both,2016,22.12599575415597
24,Marshall Islands,1,Male,1992,47.81664305592347
24,Marshall Islands,2,Female,1992,63.119164850436384
24,Marshall Islands,3,Both,1992,55.26312975081245
59,Latvia,1,Male,2016,10.823139775447087
59,Latvia,2,Female,2016,24.84172555404476
59,Latvia,3,Both,2016,18.67448050848541
109,Cuba,1,Male,2019,15.66636040132484
109,Cuba,2,Female,2019,36.62095952338826
109,Cuba,3,Both,2019,26.348714941609952
113,Guyana,1,Male,2019,12.4415934554411
113,Guyana,2,Female,2019,31.03568466375043
113,Guyana,3,Both,2019,22.04195699155346
63,Ukraine,1,Male,2016,7.0719686927092695
63,Ukraine,2,Female,2016,18.03081092800201
63,Ukraine,3,Both,2016,13.14731386366307
179,Ethiopia,1,Male,2012,4.26627997610163
179,Ethiopia,2,Female,2012,11.32806677084391
179,Ethiopia,3,Both,2012,7.81984189142266
196,South Africa,1,Male,2017,18.45461760297313
196,South Africa,2,Female,2017,32.37637180540108
196,South Africa,3,Both,2017,25.75010430945031
117,Saint Vincent and the Grenadines,1,Male,2019,12.26771306332561
117,Saint Vincent and the Grenadines,2,Female,2019,28.08387117170742
117,Saint Vincent and the Grenadines,3,Both,2019,20.015077931478032
68,South Korea,1,Male,2016,22.60773105488437
68,South Korea,2,Female,2016,31.545410902193534
68,South Korea,3,Both,2016,27.11770660419074
121,Bolivia,1,Male,2019,11.67879698992725
121,Bolivia,2,Female,2019,15.87577145615028
121,Bolivia,3,Both,2019,13.80330687425633
72,New Zealand,1,Male,2016,28.79931915064322
72,New Zealand,2,Female,2016,37.8423722797625
72,New Zealand,3,Both,2016,33.47133426163118
76,Belgium,1,Male,2016,20.4745338053334
76,Belgium,2,Female,2016,32.76801464732388
76,Belgium,3,Both,2016,26.81964821053769
125,Colombia,1,Male,2019,22.23755824578814
125,Colombia,2,Female,2019,37.2697768205619
125,Colombia,3,Both,2019,30.12158520449465
153,Syria,1,Male,2020,23.45401595794492
153,Syria,2,Female,2020,39.51107377064806
153,Syria,3,Both,2020,31.86634831865133
80,France,1,Male,2016,23.07159085482545
80,France,2,Female,2016,33.578936638279885
80,France,3,Both,2016,28.599220703139327
129,Honduras,1,Male,2019,7.47413084145924
129,Honduras,2,Female,2019,15.661846239554688
129,Honduras,3,Both,2019,11.83870392811107
24,Marshall Islands,1,Male,2000,47.73245112706135
24,Marshall Islands,2,Female,2000,63.34780634896927
24,Marshall Islands,3,Both,2000,55.32382137408196
84,Ireland,1,Male,2016,19.08247913393001
84,Ireland,2,Female,2016,34.66236447383541
84,Ireland,3,Both,2016,27.06951099546277
133,Venezuela,1,Male,2019,9.99273103196666
133,Venezuela,2,Female,2019,19.43653121447607
133,Venezuela,3,Both,2019,14.90858365946124
88,Malta,1,Male,2016,24.288780152705268
88,Malta,2,Female,2016,37.62145768760222
88,Malta,3,Both,2016,31.040315003481
17,Sri Lanka,1,Male,2018,5.11967111808966
17,Sri Lanka,2,Female,2018,13.042856349276018
17,Sri Lanka,3,Both,2018,9.31723446497497
17,Sri Lanka,1,Male,2019,5.21813618904554
17,Sri Lanka,2,Female,2019,13.2295618376237
17,Sri Lanka,3,Both,2019,9.4652012971593
19,Timor-Leste,1,Male,1997,2.7651549299258003
19,Timor-Leste,2,Female,1997,8.11941860014093
19,Timor-Leste,3,Both,1997,5.4113023702333205
15,Myanmar,1,Male,2012,2.80740249191686
15,Myanmar,2,Female,2012,5.9792391658659305
15,Myanmar,3,Both,2012,4.4962201040842
141,Egypt,1,Male,2019,11.25423632239969
141,Egypt,2,Female,2019,33.583215553696164
141,Egypt,3,Both,2019,21.99593391890707
92,Spain,1,Male,2016,18.13137216256979
92,Spain,2,Female,2016,28.21211701154038
92,Spain,3,Both,2016,23.34090291616294
145,Kuwait,1,Male,2019,36.9903823964106
145,Kuwait,2,Female,2019,61.93631041965298
145,Kuwait,3,Both,2019,48.34285302068623
150,Oman,1,Male,2019,20.125947233189283
150,Oman,2,Female,2019,38.74477321309784
150,Oman,3,Both,2019,26.29992652170153
121,Bolivia,1,Male,2015,11.2987723777405
121,Bolivia,2,Female,2015,15.09480020093929
121,Bolivia,3,Both,2015,13.22582402824053
154,Tunisia,1,Male,2019,11.97328899779213
154,Tunisia,2,Female,2019,18.49787875015875
154,Tunisia,3,Both,2019,15.31311447842027
28,Solomon Islands,1,Male,1992,17.71686111326131
28,Solomon Islands,2,Female,1992,32.20692229980397
28,Solomon Islands,3,Both,1992,24.64813122940145
28,Solomon Islands,1,Male,2000,17.09329879702095
28,Solomon Islands,2,Female,2000,32.45420386050642
28,Solomon Islands,3,Both,2000,24.525455034546106
109,Cuba,1,Male,2016,15.23846626825153
109,Cuba,2,Female,2016,35.78615897469777
109,Cuba,3,Both,2016,25.69392530408426
113,Guyana,1,Male,2016,12.17774625018026
113,Guyana,2,Female,2016,30.68492335073696
113,Guyana,3,Both,2016,21.71281172833673
75,Austria,1,Male,2021,16.64297529109644
75,Austria,2,Female,2021,29.94709565537912
75,Austria,3,Both,2021,23.49637969020432
162,Bhutan,1,Male,2019,27.01033718308956
162,Bhutan,2,Female,2019,54.66432876655284
162,Bhutan,3,Both,2019,40.04052533653787
117,Saint Vincent and the Grenadines,1,Male,2016,11.84780758327063
117,Saint Vincent and the Grenadines,2,Female,2016,27.52300385345964
117,Saint Vincent and the Grenadines,3,Both,2016,19.52054515355373
121,Bolivia,1,Male,2016,11.46699572700721
121,Bolivia,2,Female,2016,15.47263857622864
121,Bolivia,3,Both,2016,13.49900249942822
14,Maldives,1,Male,2012,20.69700172147731
14,Maldives,2,Female,2012,50.972180796727
14,Maldives,3,Both,2012,34.11304989403088
170,Congo,1,Male,2019,8.2454430105927
170,Congo,2,Female,2019,11.94973768073009
170,Congo,3,Both,2019,10.11740018951391
30,Vanuatu,1,Male,1992,5.3322232986226
30,Vanuatu,2,Female,1992,9.46493290572972
30,Vanuatu,3,Both,1992,7.352219463900179
125,Colombia,1,Male,2016,21.22084207682511
125,Colombia,2,Female,2016,35.99968547735647
125,Colombia,3,Both,2016,28.995549687026628
178,Eritrea,1,Male,2019,1.55850890315423
178,Eritrea,2,Female,2019,4.15055719080404
178,Eritrea,3,Both,2019,2.87279597007384
129,Honduras,1,Male,2016,7.40108905136732
129,Honduras,2,Female,2016,15.54782180680957
129,Honduras,3,Both,2016,11.727795085453453
182,Malawi,1,Male,2019,4.36988955645762
182,Malawi,2,Female,2019,5.26311998503511
182,Malawi,3,Both,2019,4.83841795465948
133,Venezuela,1,Male,2016,9.61595719658216
133,Venezuela,2,Female,2016,19.0357418419459
133,Venezuela,3,Both,2016,14.44047830581832
186,Seychelles,1,Male,2019,13.19487190238416
186,Seychelles,2,Female,2019,21.1168163699088
186,Seychelles,3,Both,2019,16.89358407332012
141,Egypt,1,Male,2016,10.7521752960104
141,Egypt,2,Female,2016,32.93589641088546
141,Egypt,3,Both,2016,21.442169125824208
145,Kuwait,1,Male,2016,36.74863108777575
145,Kuwait,2,Female,2016,62.08868870700126
145,Kuwait,3,Both,2016,47.8309877582335
196,South Africa,1,Male,2019,18.73464752302906
196,South Africa,2,Female,2019,32.67820696740647
196,South Africa,3,Both,2019,26.024484026439783
150,Oman,1,Male,2016,19.31714745754201
150,Oman,2,Female,2016,37.93804138188131
150,Oman,3,Both,2016,25.69610814321492
139,Algeria,1,Male,2019,21.85214692653769
139,Algeria,2,Female,2019,40.23382164787438
139,Algeria,3,Both,2019,30.96372545164991
200,Benin,1,Male,2019,2.31726272564887
200,Benin,2,Female,2019,4.8323038782084
200,Benin,3,Both,2019,3.6314994535166094
154,Tunisia,1,Male,2016,11.24071414549734
154,Tunisia,2,Female,2016,17.431358295039733
154,Tunisia,3,Both,2016,14.40400410366815
204,Chad,1,Male,2019,7.342650624811391
204,Chad,2,Female,2019,11.57945297989622
204,Chad,3,Both,2019,9.50597914621782
28,Solomon Islands,1,Male,1995,17.53937630011393
28,Solomon Islands,2,Female,1995,32.346196480153324
28,Solomon Islands,3,Both,1995,24.64991130613351
374,Niue,1,Male,2014,23.36289923410326
374,Niue,2,Female,2014,42.03955396158351
374,Niue,3,Both,2014,32.81714712076829
208,Guinea,1,Male,2019,3.15629629815892
208,Guinea,2,Female,2019,9.93160940650849
208,Guinea,3,Both,2019,6.78673868079662
34,Azerbaijan,1,Male,1992,5.30562625749839
34,Azerbaijan,2,Female,1992,12.05705100852608
34,Azerbaijan,3,Both,1992,8.92581818467383
212,Mauritania,1,Male,2019,20.38740244199705
212,Mauritania,2,Female,2019,30.326444126054508
212,Mauritania,3,Both,2019,25.54041267566876
162,Bhutan,1,Male,2016,27.12108219305864
162,Bhutan,2,Female,2016,55.12529853425598
162,Bhutan,3,Both,2016,40.20331166215816
216,Senegal,1,Male,2019,11.0461046741429
216,Senegal,2,Female,2019,17.42256770801233
216,Senegal,3,Both,2019,14.35797214590947
129,Honduras,1,Male,2012,7.32555513171012
129,Honduras,2,Female,2012,15.3743502151435
129,Honduras,3,Both,2012,11.56213568101404
36,Kazakhstan,1,Male,1992,6.12741468555355
36,Kazakhstan,2,Female,1992,14.2624913673149
36,Kazakhstan,3,Both,1992,10.5019983574228
40,Turkmenistan,1,Male,1992,4.65568501053624
40,Turkmenistan,2,Female,1992,10.95322264407304
40,Turkmenistan,3,Both,1992,7.95750360916684
36,Kazakhstan,1,Male,2000,6.44729176278272
36,Kazakhstan,2,Female,2000,14.40248899332562
36,Kazakhstan,3,Both,2000,10.7454893266114
182,Malawi,1,Male,2020,4.40496537028268
182,Malawi,2,Female,2020,5.34156313552349
182,Malawi,3,Both,2020,4.896707402926189
24,Marshall Islands,1,Male,1997,47.88536630773889
24,Marshall Islands,2,Female,1997,63.29065807464029
24,Marshall Islands,3,Both,1997,55.3734434719366
44,Bosnia and Herzegovina,1,Male,1992,8.26393832100057
44,Bosnia and Herzegovina,2,Female,1992,15.15163680324269
44,Bosnia and Herzegovina,3,Both,1992,11.78329596530812
40,Turkmenistan,1,Male,2000,4.76949336333279
40,Turkmenistan,2,Female,2000,11.26619504728608
40,Turkmenistan,3,Both,2000,8.13009819720517
28,Solomon Islands,1,Male,1997,17.40165281246247
28,Solomon Islands,2,Female,1997,32.43168482679099
28,Solomon Islands,3,Both,1997,24.641009600131667
48,Hungary,1,Male,1992,10.32433304943542
48,Hungary,2,Female,1992,19.84945469369519
48,Hungary,3,Both,1992,15.44266804478104
44,Bosnia and Herzegovina,1,Male,2000,9.49572876562492
44,Bosnia and Herzegovina,2,Female,2000,17.08036983336396
44,Bosnia and Herzegovina,3,Both,2000,13.44852268742524
170,Congo,1,Male,2016,7.859779699840439
170,Congo,2,Female,2016,11.52852311321876
170,Congo,3,Both,2016,9.71298195377608
82,Greece,1,Male,2017,16.51650095473746
82,Greece,2,Female,2017,27.7195826777232
82,Greece,3,Both,2017,22.34097711519773
27,Samoa,1,Male,2017,23.18449889471916
27,Samoa,2,Female,2017,61.666134177982016
27,Samoa,3,Both,2017,41.96273594350141
52,Romania,1,Male,1992,12.946466765709827
52,Romania,2,Female,1992,26.97788197190266
52,Romania,3,Both,1992,20.23634606737686
48,Hungary,1,Male,2000,9.618161491068811
48,Hungary,2,Female,2000,19.77929109056476
48,Hungary,3,Both,2000,15.11238518258573
186,Seychelles,1,Male,2020,13.38455560170114
186,Seychelles,2,Female,2020,21.33371789890753
186,Seychelles,3,Both,2020,17.08845511587224
178,Eritrea,1,Male,2016,1.47985164077762
178,Eritrea,2,Female,2016,4.00415035828455
178,Eritrea,3,Both,2016,2.76677776238225
36,Kazakhstan,1,Male,1997,6.3299957590522
36,Kazakhstan,2,Female,1997,14.380922689560627
36,Kazakhstan,3,Both,1997,10.67329730058084
182,Malawi,1,Male,2016,4.23548674678756
182,Malawi,2,Female,2016,5.06161485171381
182,Malawi,3,Both,2016,4.66733113107799
52,Romania,1,Male,2000,13.44047436132444
52,Romania,2,Female,2000,28.37796692135468
52,Romania,3,Both,2000,21.254566420150788
40,Turkmenistan,1,Male,1997,4.640695172576001
40,Turkmenistan,2,Female,1997,10.95842300561789
40,Turkmenistan,3,Both,1997,7.92702899335085
186,Seychelles,1,Male,2016,12.57923111268903
186,Seychelles,2,Female,2016,20.457773894279523
186,Seychelles,3,Both,2016,16.28921341622641
44,Bosnia and Herzegovina,1,Male,1997,9.34977892221034
44,Bosnia and Herzegovina,2,Female,1997,16.35370805033726
44,Bosnia and Herzegovina,3,Both,1997,13.01831595653004
87,Luxembourg,1,Male,2018,14.26135382559739
87,Luxembourg,2,Female,2018,25.402572625282698
87,Luxembourg,3,Both,2018,19.85433754948488
38,Mongolia,1,Male,1992,4.21980332224848
38,Mongolia,2,Female,1992,7.75707390442818
38,Mongolia,3,Both,1992,6.02440777296702
48,Hungary,1,Male,1997,9.79569230609888
48,Hungary,2,Female,1997,19.69749047768434
48,Hungary,3,Both,1997,15.14595849417763
200,Benin,1,Male,2014,2.16031773577934
200,Benin,2,Female,2014,4.47697831468332
200,Benin,3,Both,2014,3.3831061298292
172,Equatorial Guinea,1,Male,2013,9.33882781665852
172,Equatorial Guinea,2,Female,2013,20.792421627136356
172,Equatorial Guinea,3,Both,2013,15.392708340986442
20,Vietnam,1,Male,2019,7.206041555064981
20,Vietnam,2,Female,2019,13.60174818570867
20,Vietnam,3,Both,2019,10.49466556820544
196,South Africa,1,Male,2020,18.84800086561896
196,South Africa,2,Female,2020,32.83515820321033
196,South Africa,3,Both,2020,26.15556962799504
176,Comoros,1,Male,2013,2.21129299637384
176,Comoros,2,Female,2013,8.466012020218649
176,Comoros,3,Both,2013,5.40271103486562
204,Chad,1,Male,2014,7.298259998994
204,Chad,2,Female,2014,11.3493738913586
204,Chad,3,Both,2014,9.370860125768113
200,Benin,1,Male,2020,2.34883683021971
200,Benin,2,Female,2020,4.91106074127931
200,Benin,3,Both,2020,3.68569119862972
196,South Africa,1,Male,2016,18.33155049357989
196,South Africa,2,Female,2016,32.21693279833635
196,South Africa,3,Both,2016,25.61780993803931
117,Saint Vincent and the Grenadines,1,Male,2018,12.12093014306371
117,Saint Vincent and the Grenadines,2,Female,2018,27.92820919960903
117,Saint Vincent and the Grenadines,3,Both,2018,19.86489134986547
180,Kenya,1,Male,2013,5.50651018696497
180,Kenya,2,Female,2013,19.97132325525209
180,Kenya,3,Both,2013,12.87960473724381
204,Chad,1,Male,2020,7.33183842926755
204,Chad,2,Female,2020,11.61510214055432
204,Chad,3,Both,2020,9.51972788150528
200,Benin,1,Male,2016,2.22166076660829
200,Benin,2,Female,2016,4.61363715757479
200,Benin,3,Both,2016,3.4788234253532204
208,Guinea,1,Male,2014,3.11082829902752
208,Guinea,2,Female,2014,9.74315803946346
208,Guinea,3,Both,2014,6.64293330024595
208,Guinea,1,Male,2020,3.1557082878902203
208,Guinea,2,Female,2020,9.99939250925072
208,Guinea,3,Both,2020,6.82815059692415
184,Mozambique,1,Male,2013,3.14309920376146
184,Mozambique,2,Female,2013,7.68080053939187
184,Mozambique,3,Both,2013,5.5666636187734
204,Chad,1,Male,2016,7.32279423179909
204,Chad,2,Female,2016,11.44135136769065
204,Chad,3,Both,2016,9.4279828082525
26,Papua New Guinea,1,Male,2009,10.72973708862014
26,Papua New Guinea,2,Female,2009,29.332808176794877
26,Papua New Guinea,3,Both,2009,19.785192702588688
212,Mauritania,1,Male,2020,20.46394314548002
212,Mauritania,2,Female,2020,30.510771669706173
212,Mauritania,3,Both,2020,25.67703717131088
35,Georgia,1,Male,2014,8.24413606517143
35,Georgia,2,Female,2014,15.44844712792125
35,Georgia,3,Both,2014,12.1768408635131
212,Mauritania,1,Male,2014,20.008166391626208
212,Mauritania,2,Female,2014,29.630440589238287
212,Mauritania,3,Both,2014,24.99042999821955
208,Guinea,1,Male,2016,3.13717559779073
208,Guinea,2,Female,2016,9.79270126700529
208,Guinea,3,Both,2016,6.69133584325792
216,Senegal,1,Male,2020,11.07631292599867
216,Senegal,2,Female,2020,17.58727467957175
216,Senegal,3,Both,2020,14.4573577804253
189,Tanzania,1,Male,2013,1.52916168492823
189,Tanzania,2,Female,2013,3.63687154170625
189,Tanzania,3,Both,2013,2.62894292309201
212,Mauritania,1,Male,2016,20.20096595165587
212,Mauritania,2,Female,2016,29.95841519048688
212,Mauritania,3,Both,2016,25.2550202022524
216,Senegal,1,Male,2014,10.890456787891493
216,Senegal,2,Female,2014,16.847712666132463
216,Senegal,3,Both,2014,13.97860831463717
216,Senegal,1,Male,2016,10.94903374908122
216,Senegal,2,Female,2016,17.057330094906618
216,Senegal,3,Both,2016,14.12010799646384
198,Zimbabwe,1,Male,2021,6.1618774016071205
198,Zimbabwe,2,Female,2021,11.38616201523616
198,Zimbabwe,3,Both,2021,8.99521148663397
11,Indonesia,1,Male,2017,15.331902731610253
11,Indonesia,2,Female,2017,25.247055399593695
11,Indonesia,3,Both,2017,20.288113435138868
52,Romania,1,Male,1997,13.162875240817428
52,Romania,2,Female,1997,27.74626899175447
52,Romania,3,Both,1997,20.7780296296952
190,Uganda,1,Male,2013,3.06628036432471
190,Uganda,2,Female,2013,8.005476154612989
190,Uganda,3,Both,2013,5.68887410862461
194,Lesotho,1,Male,2013,2.05279070970902
194,Lesotho,2,Female,2013,6.10020827037626
194,Lesotho,3,Both,2013,4.26576285128289
198,Zimbabwe,1,Male,2013,5.94764682101591
198,Zimbabwe,2,Female,2013,10.60594843329884
198,Zimbabwe,3,Both,2013,8.44667988632129
60,Lithuania,1,Male,1997,10.14518703012949
60,Lithuania,2,Female,1997,19.740204989740683
60,Lithuania,3,Both,1997,15.4517235704013
46,Croatia,1,Male,1992,10.16809153663786
46,Croatia,2,Female,1992,20.42182233483533
46,Croatia,3,Both,1992,15.5732513928028
351,Guam,1,Male,2020,12.98607379184168
351,Guam,2,Female,2020,27.48337138471922
351,Guam,3,Both,2020,20.23269494774422
202,Cameroon,1,Male,2013,8.06870482714243
202,Cameroon,2,Female,2013,15.665605843273989
202,Cameroon,3,Both,2013,11.94931373218709
369,Nauru,1,Male,2020,13.38089750437434
369,Nauru,2,Female,2020,34.46949374243925
369,Nauru,3,Both,2020,24.19543827349874
109,Cuba,1,Male,2021,15.89322396104249
109,Cuba,2,Female,2021,37.27039892429555
109,Cuba,3,Both,2021,26.81427611881081
30,Vanuatu,1,Male,2009,4.35866714573343
30,Vanuatu,2,Female,2009,8.37237742145021
30,Vanuatu,3,Both,2009,6.356061702467571
50,Montenegro,1,Male,1992,11.00404657205295
50,Montenegro,2,Female,1992,22.46284181308377
50,Montenegro,3,Both,1992,16.90129462796001
206,The Gambia,1,Male,2013,4.75501992614158
206,The Gambia,2,Female,2013,12.628227580268108
206,The Gambia,3,Both,2013,8.80639958325712
385,Puerto Rico,1,Male,2020,23.99374400955483
385,Puerto Rico,2,Female,2020,39.082567487895794
385,Puerto Rico,3,Both,2020,32.09794146995827
210,Liberia,1,Male,2013,10.54260589790706
210,Liberia,2,Female,2013,34.63970794171753
210,Liberia,3,Both,2013,22.424508587019503
35,Georgia,1,Male,2011,8.02861794734669
35,Georgia,2,Female,2011,15.241185428644467
35,Georgia,3,Both,2011,11.98287906629009
351,Guam,1,Male,2014,12.31667216501506
351,Guam,2,Female,2014,27.237798678381647
351,Guam,3,Both,2014,19.69791622436465
34,Azerbaijan,1,Male,2009,5.7237383849451
34,Azerbaijan,2,Female,2009,12.26893902347496
34,Azerbaijan,3,Both,2009,9.14192840404518
54,Slovakia,1,Male,1992,9.26420440026456
54,Slovakia,2,Female,1992,19.99004670003676
54,Slovakia,3,Both,1992,14.920416714533449
214,Nigeria,1,Male,2013,9.13258893008958
214,Nigeria,2,Female,2013,16.90663285018365
214,Nigeria,3,Both,2013,13.142789523979667
369,Nauru,1,Male,2014,12.38038197735885
369,Nauru,2,Female,2014,32.39615302674048
369,Nauru,3,Both,2014,22.58056298613335
416,Tuvalu,1,Male,2020,13.85824932604565
416,Tuvalu,2,Female,2020,32.672604928229035
416,Tuvalu,3,Both,2020,23.0386559852574
38,Mongolia,1,Male,2009,3.57342014718404
38,Mongolia,2,Female,2009,6.84069412751902
38,Mongolia,3,Both,2009,5.24892959739027
17,Sri Lanka,1,Male,2013,4.6050997591356
17,Sri Lanka,2,Female,2013,12.1409766213002
17,Sri Lanka,3,Both,2013,8.57478819107542
58,Estonia,1,Male,1992,5.68915477748737
58,Estonia,2,Female,1992,14.75527131198471
58,Estonia,3,Both,1992,10.74330322324256
27,Samoa,1,Male,2020,23.66079531260798
27,Samoa,2,Female,2020,62.35901613051329
27,Samoa,3,Both,2020,42.56561751689834
29,Tonga,1,Male,2015,19.0555288940235
29,Tonga,2,Female,2015,45.92288136142191
29,Tonga,3,Both,2015,32.999302870848304
435,South Sudan,1,Male,2020,3.7782833144705297
435,South Sudan,2,Female,2020,8.63170534118269
435,South Sudan,3,Both,2020,6.31007454101447
385,Puerto Rico,1,Male,2014,22.24188850747872
385,Puerto Rico,2,Female,2014,37.68725740963383
385,Puerto Rico,3,Both,2014,30.51585453121522
62,Russian Federation,1,Male,1992,6.62769700859176
62,Russian Federation,2,Female,1992,17.10415945251318
62,Russian Federation,3,Both,1992,12.42755418733938
46,Croatia,1,Male,2009,12.86710188306136
46,Croatia,2,Female,2009,26.0293721350913
46,Croatia,3,Both,2009,19.83200088094936
17,Sri Lanka,1,Male,2014,4.68496542812561
17,Sri Lanka,2,Female,2014,12.2927393950406
17,Sri Lanka,3,Both,2014,8.698227795692711
416,Tuvalu,1,Male,2014,13.80344456940258
416,Tuvalu,2,Female,2014,32.18633116425882
416,Tuvalu,3,Both,2014,22.99303254710988
218,Togo,1,Male,2013,3.2060456719958803
218,Togo,2,Female,2013,6.4282631338359
218,Togo,3,Both,2013,4.95003425544413
435,South Sudan,1,Male,2014,3.23829834322847
435,South Sudan,2,Female,2014,7.90727696187438
435,South Sudan,3,Both,2014,5.57137723896189
33,Armenia,1,Male,2015,7.660767099666479
33,Armenia,2,Female,2015,14.77503883073573
33,Armenia,3,Both,2015,11.5040473466233
14,Maldives,1,Male,2018,19.50484607334024
14,Maldives,2,Female,2018,51.103709931431496
14,Maldives,3,Both,2018,31.233323724003498
29,Tonga,1,Male,2018,19.3000743695044
29,Tonga,2,Female,2018,46.15550038703679
29,Tonga,3,Both,2018,33.3360088634506
50,Montenegro,1,Male,2009,12.17191707819922
50,Montenegro,2,Female,2009,24.12445762936303
50,Montenegro,3,Both,2009,18.37659339417948
37,Kyrgyzstan,1,Male,2015,5.21759996974083
37,Kyrgyzstan,2,Female,2015,12.685365975475907
37,Kyrgyzstan,3,Both,2015,9.11762329458379
435,South Sudan,1,Male,2019,3.7754955277161097
435,South Sudan,2,Female,2019,8.580325711498011
435,South Sudan,3,Both,2019,6.27596906527656
54,Slovakia,1,Male,2009,10.125889311159227
54,Slovakia,2,Female,2009,22.86124198188514
54,Slovakia,3,Both,2009,16.81450676936613
69,Singapore,1,Male,1997,19.639884253907137
69,Singapore,2,Female,1997,26.677487649431008
69,Singapore,3,Both,1997,23.06411437481667
160,Afghanistan,1,Male,2016,14.859828378115662
160,Afghanistan,2,Female,2016,33.62651966889429
160,Afghanistan,3,Both,2016,24.323197839416668
305,Bermuda,1,Male,2013,18.64412087893589
305,Bermuda,2,Female,2013,39.53420658238814
305,Bermuda,3,Both,2013,29.60824300157796
41,Uzbekistan,1,Male,2015,2.29289759891343
41,Uzbekistan,2,Female,2015,9.71748073866778
41,Uzbekistan,3,Both,2015,6.11735728273443
45,Bulgaria,1,Male,2015,12.967189587386
45,Bulgaria,2,Female,2015,24.86546104948447
45,Bulgaria,3,Both,2015,19.18377194145667
164,Nepal,1,Male,2016,8.27975412900397
164,Nepal,2,Female,2016,12.77096126284034
164,Nepal,3,Both,2016,10.70572927691461
77,Cyprus,1,Male,1997,13.59505606543158
77,Cyprus,2,Female,1997,22.54497167859809
77,Cyprus,3,Both,1997,18.13522499649925
81,Germany,1,Male,1997,11.69944189257223
81,Germany,2,Female,1997,23.18799685007053
81,Germany,3,Both,1997,17.69623049228171
14,Maldives,1,Male,2015,19.76047189537838
14,Maldives,2,Female,2015,51.080838057678434
14,Maldives,3,Both,2015,32.4216887440847
58,Estonia,1,Male,2009,7.4139516539843004
58,Estonia,2,Female,2009,18.7210504855808
58,Estonia,3,Both,2009,13.68889288334737
49,Macedonia,1,Male,2015,10.21889724915054
49,Macedonia,2,Female,2015,20.50032203185136
49,Macedonia,3,Both,2015,15.33889025678899
168,Angola,1,Male,2016,6.17419111731481
168,Angola,2,Female,2016,12.41297906274799
168,Angola,3,Both,2016,9.484145251117573
62,Russian Federation,1,Male,2009,7.53235908031778
62,Russian Federation,2,Female,2009,18.83893633982008
62,Russian Federation,3,Both,2009,13.823703625136998
376,Northern Mariana Islands,1,Male,2013,22.98942705704576
376,Northern Mariana Islands,2,Female,2013,41.49695635254132
376,Northern Mariana Islands,3,Both,2013,32.02882461737751
172,Equatorial Guinea,1,Male,2016,9.67937888770741
172,Equatorial Guinea,2,Female,2016,21.99992170437132
172,Equatorial Guinea,3,Both,2016,16.03024109685266
53,Serbia,1,Male,2015,10.808984667275071
53,Serbia,2,Female,2015,21.657144338789134
53,Serbia,3,Both,2015,16.40558719581919
396,San Marino,1,Male,2013,24.94121507041304
396,San Marino,2,Female,2013,34.33580768901588
396,San Marino,3,Both,2013,29.8909190794783
176,Comoros,1,Male,2016,2.318027130043
176,Comoros,2,Female,2016,8.9586219639021
176,Comoros,3,Both,2016,5.701578796412409
67,Japan,1,Male,2009,34.42993270482737
67,Japan,2,Female,2009,45.30141649260643
67,Japan,3,Both,2009,40.08077466688196
71,Australia,1,Male,2009,31.70143977125024
71,Australia,2,Female,2009,44.623538786194736
71,Australia,3,Both,2009,38.34308319359922
17,Sri Lanka,1,Male,2020,5.31079931492505
17,Sri Lanka,2,Female,2020,13.386761134716773
17,Sri Lanka,3,Both,2020,9.59394479817432
75,Austria,1,Male,2009,14.10044176308686
75,Austria,2,Female,2009,27.63952130312465
75,Austria,3,Both,2009,21.16895905998432
115,Jamaica,1,Male,2011,10.03618365754186
115,Jamaica,2,Female,2011,39.796703901929234
115,Jamaica,3,Both,2011,25.36091149348718
79,Finland,1,Male,2009,17.95290356774612
79,Finland,2,Female,2009,31.518651801459256
79,Finland,3,Both,2009,24.9806891517434
83,Iceland,1,Male,2009,18.94723135950497
83,Iceland,2,Female,2009,30.07183063776111
83,Iceland,3,Both,2009,24.45990758777144
87,Luxembourg,1,Male,2009,14.89185227443234
87,Luxembourg,2,Female,2009,26.06648350784279
87,Luxembourg,3,Both,2009,20.60541112879218
41,Uzbekistan,1,Male,2012,2.1866107798115
41,Uzbekistan,2,Female,2012,9.17871114989691
41,Uzbekistan,3,Both,2012,5.7915418196288
25,Federated States of Micronesia,1,Male,2011,41.97765741774332
25,Federated States of Micronesia,2,Female,2011,62.14454825216838
25,Federated States of Micronesia,3,Both,2011,52.072531315336114
57,Belarus,1,Male,2015,8.52850968035594
57,Belarus,2,Female,2015,19.04676151433681
57,Belarus,3,Both,2015,14.34748402424586
119,Trinidad and Tobago,1,Male,2011,18.19216192748273
119,Trinidad and Tobago,2,Female,2011,42.61722486330451
119,Trinidad and Tobago,3,Both,2011,30.41588825531292
180,Kenya,1,Male,2016,5.74560444222608
180,Kenya,2,Female,2016,20.3602532622295
180,Kenya,3,Both,2016,13.19812880315899
200,Benin,1,Male,2017,2.25358390116544
200,Benin,2,Female,2017,4.68467347178516
200,Benin,3,Both,2017,3.5287121504378702
122,Ecuador,1,Male,2018,17.345417219485952
122,Ecuador,2,Female,2018,16.85349808429904
122,Ecuador,3,Both,2018,17.09328271961483
25,Federated States of Micronesia,1,Male,2016,41.20797039735836
25,Federated States of Micronesia,2,Female,2016,61.06800226496718
25,Federated States of Micronesia,3,Both,2016,51.08361144266823
61,Moldova,1,Male,2015,8.80319075409623
61,Moldova,2,Female,2015,19.66166450326594
61,Moldova,3,Both,2015,14.62171338720668
45,Bulgaria,1,Male,2012,12.662368912445771
45,Bulgaria,2,Female,2012,24.20365348124811
45,Bulgaria,3,Both,2012,18.693582080385653
125,Colombia,1,Male,2015,20.78368278278556
125,Colombia,2,Female,2015,35.41267093460452
125,Colombia,3,Both,2015,28.478617552467178
184,Mozambique,1,Male,2016,3.1712941789510203
184,Mozambique,2,Female,2016,7.76538722815311
184,Mozambique,3,Both,2016,5.62782408326749
204,Chad,1,Male,2017,7.32949560054167
204,Chad,2,Female,2017,11.48977629946355
204,Chad,3,Both,2017,9.455081228411071
49,Macedonia,1,Male,2012,9.76814951948403
49,Macedonia,2,Female,2012,20.0407917713011
49,Macedonia,3,Both,2012,14.898113616809368
123,Peru,1,Male,2011,11.266924811632869
123,Peru,2,Female,2011,14.81393152993877
123,Peru,3,Both,2011,13.07038579934476
189,Tanzania,1,Male,2016,1.57810029064844
189,Tanzania,2,Female,2016,3.7378459878796697
189,Tanzania,3,Both,2016,2.70877450691146
208,Guinea,1,Male,2017,3.1450321545304605
208,Guinea,2,Female,2017,9.83481844668632
208,Guinea,3,Both,2017,6.72197292096662
66,Brunei,1,Male,2015,17.20200392356178
66,Brunei,2,Female,2015,25.867797134847443
66,Brunei,3,Both,2015,21.35136537084384
127,El Salvador,1,Male,2011,10.8804713112583
127,El Salvador,2,Female,2011,18.706962074489105
127,El Salvador,3,Both,2011,15.26929358040422
53,Serbia,1,Male,2012,10.51524957643666
53,Serbia,2,Female,2012,21.20780992048979
53,Serbia,3,Both,2012,16.06618216059497
131,Nicaragua,1,Male,2011,6.69853877288281
131,Nicaragua,2,Female,2011,14.693445634001373
131,Nicaragua,3,Both,2011,10.89404447923808
40,Turkmenistan,1,Male,2019,6.315764327085311
40,Turkmenistan,2,Female,2019,14.55210172195039
40,Turkmenistan,3,Both,2019,10.40795453614396
74,Andorra,1,Male,2015,19.07149432370445
74,Andorra,2,Female,2015,28.64696097184516
74,Andorra,3,Both,2015,23.79767475455558
190,Uganda,1,Male,2016,3.06845242364102
190,Uganda,2,Female,2016,8.07284228105186
190,Uganda,3,Both,2016,5.73563875408444
135,Brazil,1,Male,2011,19.39518423128497
135,Brazil,2,Female,2011,30.636244139561768
135,Brazil,3,Both,2011,25.25602493409113
212,Mauritania,1,Male,2017,20.2762692059243
212,Mauritania,2,Female,2017,30.11051552358117
212,Mauritania,3,Both,2017,25.37136938176458
57,Belarus,1,Male,2012,8.3062532259995
57,Belarus,2,Female,2012,18.63889003459284
57,Belarus,3,Both,2012,14.03500085004478
57,Belarus,1,Male,2020,9.14040696012903
57,Belarus,2,Female,2020,19.96057639327276
57,Belarus,3,Both,2020,15.112914859401949
78,Denmark,1,Male,2015,17.08165939564069
78,Denmark,2,Female,2015,27.624836787955847
78,Denmark,3,Both,2015,22.45935790684375
139,Algeria,1,Male,2011,20.32929478859202
139,Algeria,2,Female,2011,38.14065655950214
139,Algeria,3,Both,2011,29.171277400387392
61,Moldova,1,Male,2012,8.48947694411526
61,Moldova,2,Female,2012,18.86708463767097
61,Moldova,3,Both,2012,14.0590632719622
194,Lesotho,1,Male,2016,2.10657694539973
194,Lesotho,2,Female,2016,6.18201734504939
194,Lesotho,3,Both,2016,4.3137588400271705
11,Indonesia,1,Male,2021,16.13682754140973
11,Indonesia,2,Female,2021,26.782546232725167
11,Indonesia,3,Both,2021,21.448471615806337
143,Iraq,1,Male,2011,35.13783351834372
143,Iraq,2,Female,2011,48.15286156988928
143,Iraq,3,Both,2011,41.35122531915559
198,Zimbabwe,1,Male,2016,6.06664583597147
198,Zimbabwe,2,Female,2016,10.95669186582538
198,Zimbabwe,3,Both,2016,8.703102690467041
82,Greece,1,Male,2015,16.08140701892932
82,Greece,2,Female,2015,27.20791741307196
82,Greece,3,Both,2015,21.85353657298453
16,Philippines,1,Male,2012,4.77496137967294
16,Philippines,2,Female,2012,10.097695038916893
16,Philippines,3,Both,2012,7.44359928379157
66,Brunei,1,Male,2012,16.71570285424694
66,Brunei,2,Female,2012,25.38154719464924
66,Brunei,3,Both,2012,20.8936838674277
86,Italy,1,Male,2015,22.66211877643091
86,Italy,2,Female,2015,37.41853374508189
86,Italy,3,Both,2015,30.3915937010383
202,Cameroon,1,Male,2016,8.22201704729811
202,Cameroon,2,Female,2016,16.02408838797054
202,Cameroon,3,Both,2016,12.20399724303977
148,Morocco,1,Male,2011,24.08207621936715
148,Morocco,2,Female,2011,41.04451200396992
148,Morocco,3,Both,2011,32.72232578396707
206,The Gambia,1,Male,2016,4.84891272297659
206,The Gambia,2,Female,2016,12.79666470672421
206,The Gambia,3,Both,2016,8.94358752512103
74,Andorra,1,Male,2012,18.41202873118107
74,Andorra,2,Female,2012,27.73063535139993
74,Andorra,3,Both,2012,23.01765382838558
97,Argentina,1,Male,2013,10.06140087168332
97,Argentina,2,Female,2013,20.07785202159528
97,Argentina,3,Both,2013,15.32758576749361
90,Norway,1,Male,2015,23.80724524354792
90,Norway,2,Female,2015,31.88261704841171
90,Norway,3,Both,2015,27.860323122443248
210,Liberia,1,Male,2016,10.80549154530932
210,Liberia,2,Female,2016,35.15433070987044
210,Liberia,3,Both,2016,22.76698313317814
78,Denmark,1,Male,2012,16.49978470771654
78,Denmark,2,Female,2012,26.96377303646119
78,Denmark,3,Both,2012,21.8500737814402
94,Switzerland,1,Male,2015,15.764468012658911
94,Switzerland,2,Female,2015,27.46524783513712
94,Switzerland,3,Both,2015,21.73313253656738
152,Saudi Arabia,1,Male,2011,18.61424176319689
152,Saudi Arabia,2,Female,2011,37.37587078289612
152,Saudi Arabia,3,Both,2011,26.039580396370688
522,Sudan,1,Male,2013,50.62044044211953
522,Sudan,2,Female,2013,66.4123422279195
522,Sudan,3,Both,2013,58.5937999833876
214,Nigeria,1,Male,2016,9.24492667714916
214,Nigeria,2,Female,2016,17.28444527426534
214,Nigeria,3,Both,2016,13.46708406486491
82,Greece,1,Male,2012,15.383849039912988
82,Greece,2,Female,2012,26.31338527064096
82,Greece,3,Both,2012,21.02449854036962
98,Chile,1,Male,2015,8.85728071388689
98,Chile,2,Female,2015,23.66717768575083
98,Chile,3,Both,2015,16.56122506748791
156,United Arab Emirates,1,Male,2011,25.07520743255735
156,United Arab Emirates,2,Female,2011,31.90478690568419
156,United Arab Emirates,3,Both,2011,26.60005901981155
133,Venezuela,1,Male,2012,9.43118531387811
133,Venezuela,2,Female,2012,18.49371175210575
133,Venezuela,3,Both,2012,14.07495634617533
218,Togo,1,Male,2016,3.3941582078299803
218,Togo,2,Female,2016,6.724056483124249
218,Togo,3,Both,2016,5.2016501359239
86,Italy,1,Male,2012,21.94795517824076
86,Italy,2,Female,2012,36.82927896602886
86,Italy,3,Both,2012,29.74502145075685
102,United States,1,Male,2015,17.44743332899673
102,United States,2,Female,2015,30.23351741506145
102,United States,3,Both,2015,24.05693116599619
160,Afghanistan,1,Male,2011,14.43527412882413
160,Afghanistan,2,Female,2011,31.86109362149624
160,Afghanistan,3,Both,2011,23.3380794865001
216,Senegal,1,Male,2017,10.97450434135644
216,Senegal,2,Female,2017,17.17580609787844
216,Senegal,3,Both,2017,14.195341493336288
35,Georgia,1,Male,2017,8.48817998315536
35,Georgia,2,Female,2017,15.80212726681106
35,Georgia,3,Both,2017,12.465357195023689
218,Togo,1,Male,2018,3.52374209712119
218,Togo,2,Female,2018,6.97036282851092
218,Togo,3,Both,2018,5.39221083909873
91,Portugal,1,Male,2009,22.410000794799352
91,Portugal,2,Female,2009,33.37401125981893
91,Portugal,3,Both,2009,28.230251782367272
141,Egypt,1,Male,2012,10.547024154437889
141,Egypt,2,Female,2012,32.89799213062382
141,Egypt,3,Both,2012,21.36215963332317
98,Chile,1,Male,2014,8.72838219081156
98,Chile,2,Female,2014,23.41701258818745
98,Chile,3,Both,2014,16.3695655578861
20,Vietnam,1,Male,2020,7.36646756894934
20,Vietnam,2,Female,2020,13.7543969378807
20,Vietnam,3,Both,2020,10.64825251413333
25,Federated States of Micronesia,1,Male,2017,41.33343222808626
25,Federated States of Micronesia,2,Female,2017,61.009790922070536
25,Federated States of Micronesia,3,Both,2017,51.11007009588179
11,Indonesia,1,Male,2020,16.00297704377579
11,Indonesia,2,Female,2020,26.463043966944376
11,Indonesia,3,Both,2020,21.22256450394924
29,Tonga,1,Male,2014,18.98500999097734
29,Tonga,2,Female,2014,45.85590648215062
29,Tonga,3,Both,2014,32.893798682097255
25,Federated States of Micronesia,1,Male,2021,41.87331508797257
25,Federated States of Micronesia,2,Female,2021,61.21580803560814
25,Federated States of Micronesia,3,Both,2021,51.46638225824096
164,Nepal,1,Male,2011,7.89045660511183
164,Nepal,2,Female,2011,12.01912228842574
164,Nepal,3,Both,2011,10.06450741412598
102,United States,1,Male,2014,16.96608615488265
102,United States,2,Female,2014,29.88585097708551
102,United States,3,Both,2014,23.64587798648334
90,Norway,1,Male,2012,23.18949953696415
90,Norway,2,Female,2012,31.32828417863132
90,Norway,3,Both,2012,27.29498333027368
145,Kuwait,1,Male,2012,36.5633433990901
145,Kuwait,2,Female,2012,61.71285578743754
145,Kuwait,3,Both,2012,46.793718540772176
121,Bolivia,1,Male,2018,11.58594410736881
121,Bolivia,2,Female,2018,15.73895524817421
121,Bolivia,3,Both,2018,13.68967066190811
95,United Kingdom,1,Male,2009,26.97641762532601
95,United Kingdom,2,Female,2009,42.47719185884152
95,United Kingdom,3,Both,2009,35.0015847656771
107,Barbados,1,Male,2015,27.81282795437058
107,Barbados,2,Female,2015,55.64176097592421
107,Barbados,3,Both,2015,42.57098417489914
168,Angola,1,Male,2011,6.05479794312135
168,Angola,2,Female,2011,12.14207320831425
168,Angola,3,Both,2011,9.24618940278368
94,Switzerland,1,Male,2012,15.47082472091893
94,Switzerland,2,Female,2012,27.5733624746578
94,Switzerland,3,Both,2012,21.66601343908196
111,Dominican Republic,1,Male,2015,16.33597099519944
111,Dominican Republic,2,Female,2015,22.19067909726212
111,Dominican Republic,3,Both,2015,19.25994913714436
107,Barbados,1,Male,2014,27.82532042475881
107,Barbados,2,Female,2014,55.67460619241352
107,Barbados,3,Both,2014,42.60597565036115
113,Guyana,1,Male,2021,12.815762941231007
113,Guyana,2,Female,2021,31.48313526518853
113,Guyana,3,Both,2021,22.49404457998728
39,Tajikistan,1,Male,2014,5.212394066787089
39,Tajikistan,2,Female,2014,10.750740294777607
39,Tajikistan,3,Both,2014,7.99697562742475
39,Tajikistan,1,Male,2011,5.30747266391668
39,Tajikistan,2,Female,2011,10.62740470307082
39,Tajikistan,3,Both,2011,7.980481539905431
35,Georgia,1,Male,2020,8.735711212393051
35,Georgia,2,Female,2020,16.21904495987805
35,Georgia,3,Both,2020,12.794044019345542
351,Guam,1,Male,2017,12.68086572843642
351,Guam,2,Female,2017,27.314385528152307
351,Guam,3,Both,2017,19.95086450421705
150,Oman,1,Male,2012,18.23695859290923
150,Oman,2,Female,2012,36.57785941034725
150,Oman,3,Both,2012,24.838130256516894
98,Chile,1,Male,2012,8.46694135721677
98,Chile,2,Female,2012,23.15186663591578
98,Chile,3,Both,2012,16.10465677235363
115,Jamaica,1,Male,2015,10.29958755413024
115,Jamaica,2,Female,2015,39.74768069222153
115,Jamaica,3,Both,2015,25.435796049110333
172,Equatorial Guinea,1,Male,2011,9.00383061280761
172,Equatorial Guinea,2,Female,2011,19.67364610515225
172,Equatorial Guinea,3,Both,2011,14.73754666278148
305,Bermuda,1,Male,2018,19.952322447909427
305,Bermuda,2,Female,2018,42.15891375876906
305,Bermuda,3,Both,2018,31.57215512607252
305,Bermuda,1,Male,2016,19.49950238520163
305,Bermuda,2,Female,2016,41.3393530783156
305,Bermuda,3,Both,2016,30.93983735666302
111,Dominican Republic,1,Male,2014,16.192822393944713
111,Dominican Republic,2,Female,2014,21.93279886344142
111,Dominican Republic,3,Both,2014,19.05947556209559
119,Trinidad and Tobago,1,Male,2015,19.553677938178428
119,Trinidad and Tobago,2,Female,2015,43.35609876235506
119,Trinidad and Tobago,3,Both,2015,31.472281815169417
102,United States,1,Male,2012,16.043100225272898
102,United States,2,Female,2012,29.312969872437375
102,United States,3,Both,2012,22.90672142970129
176,Comoros,1,Male,2011,2.15555585073712
176,Comoros,2,Female,2011,8.048498223723701
176,Comoros,3,Both,2011,5.1650760006167005
115,Jamaica,1,Male,2014,10.26242461419362
115,Jamaica,2,Female,2014,39.78685507862985
115,Jamaica,3,Both,2014,25.448116957065697
376,Northern Mariana Islands,1,Male,2016,22.817996609795628
376,Northern Mariana Islands,2,Female,2016,41.31676849367104
376,Northern Mariana Islands,3,Both,2016,31.86172983594735
43,Albania,1,Male,2011,10.412394832578691
43,Albania,2,Female,2011,19.95761188736488
43,Albania,3,Both,2011,15.27521689090619
125,Colombia,1,Male,2018,21.98492679706987
125,Colombia,2,Female,2018,36.88341339741848
125,Colombia,3,Both,2018,29.81550848426016
43,Albania,1,Male,2014,10.983087918480711
43,Albania,2,Female,2014,21.02845318974544
43,Albania,3,Both,2014,16.08471556684238
117,Saint Vincent and the Grenadines,1,Male,2021,12.53069872297932
117,Saint Vincent and the Grenadines,2,Female,2021,28.52241866847402
117,Saint Vincent and the Grenadines,3,Both,2021,20.36349518695969
369,Nauru,1,Male,2017,12.9029576626578
369,Nauru,2,Female,2017,33.521486595936686
369,Nauru,3,Both,2017,23.44792343070263
154,Tunisia,1,Male,2012,10.37654720977077
154,Tunisia,2,Female,2012,16.144919696443267
154,Tunisia,3,Both,2012,13.31835069943294
47,Czech Republic,1,Male,2011,14.45256743537701
47,Czech Republic,2,Female,2011,28.24462703191548
47,Czech Republic,3,Both,2011,21.5895660814317
129,Honduras,1,Male,2018,7.451149575037159
129,Honduras,2,Female,2018,15.61783900670052
129,Honduras,3,Both,2018,11.79986369036007
47,Czech Republic,1,Male,2014,15.33664131349212
47,Czech Republic,2,Female,2014,28.90420702343063
47,Czech Republic,3,Both,2014,22.339190772343752
17,Sri Lanka,1,Male,2012,4.5277708009196695
17,Sri Lanka,2,Female,2012,12.02048517845296
17,Sri Lanka,3,Both,2012,8.468722586195861
18,Thailand,1,Male,2021,11.00215085738675
18,Thailand,2,Female,2021,18.50414820054874
18,Thailand,3,Both,2021,14.95196077761223
133,Venezuela,1,Male,2018,9.73614336457541
133,Venezuela,2,Female,2018,19.19817629016884
133,Venezuela,3,Both,2018,14.61291621206886
121,Bolivia,1,Male,2021,11.70272513677272
121,Bolivia,2,Female,2021,16.070035016500007
121,Bolivia,3,Both,2021,13.91701297054074
385,Puerto Rico,1,Male,2017,23.12575647665124
385,Puerto Rico,2,Female,2017,38.46413820565602
385,Puerto Rico,3,Both,2017,31.348489231632744
51,Poland,1,Male,2014,17.16612228955275
51,Poland,2,Female,2014,32.21754367037057
51,Poland,3,Both,2014,25.093280601097927
51,Poland,1,Male,2011,16.58979768311619
51,Poland,2,Female,2011,31.679989456061197
51,Poland,3,Both,2011,24.55014028440172
55,Slovenia,1,Male,2014,14.68844100206796
55,Slovenia,2,Female,2014,28.02626178253586
55,Slovenia,3,Both,2014,21.51035176893206
162,Bhutan,1,Male,2012,27.71315264271904
162,Bhutan,2,Female,2012,56.02769765476872
162,Bhutan,3,Both,2012,40.82863072716197
55,Slovenia,1,Male,2011,13.931890064372048
55,Slovenia,2,Female,2011,27.168138064022816
55,Slovenia,3,Both,2011,20.73004517787848
416,Tuvalu,1,Male,2017,13.77425204885383
416,Tuvalu,2,Female,2017,32.44566422584583
416,Tuvalu,3,Both,2017,22.98128776235489
59,Latvia,1,Male,2014,10.683164706715967
59,Latvia,2,Female,2014,24.700405963789
59,Latvia,3,Both,2014,18.55183731110322
59,Latvia,1,Male,2011,10.37122368660231
59,Latvia,2,Female,2011,24.28933834090998
59,Latvia,3,Both,2011,18.20782075965868
435,South Sudan,1,Male,2017,3.54208673587794
435,South Sudan,2,Female,2017,8.290025126562279
435,South Sudan,3,Both,2017,5.9761651600917896
141,Egypt,1,Male,2018,11.07861232365302
141,Egypt,2,Female,2018,33.3747247239117
141,Egypt,3,Both,2018,21.80945626636416
170,Congo,1,Male,2012,7.2855870300707695
170,Congo,2,Female,2012,10.86806573015411
170,Congo,3,Both,2012,9.09300248426671
143,Iraq,1,Male,2019,36.18732842390388
143,Iraq,2,Female,2019,49.85440286281919
143,Iraq,3,Both,2019,42.72344322635661
396,San Marino,1,Male,2016,25.33966057852599
396,San Marino,2,Female,2016,34.79386552828902
396,San Marino,3,Both,2016,30.32412919807686
123,Peru,1,Male,2015,11.65124628102911
123,Peru,2,Female,2015,15.46453159717025
123,Peru,3,Both,2015,13.59737341850388
180,Kenya,1,Male,2011,5.33194776301621
180,Kenya,2,Female,2011,19.73111780922552
180,Kenya,3,Both,2011,12.672207794721349
376,Northern Mariana Islands,1,Male,2018,22.591720519209872
376,Northern Mariana Islands,2,Female,2018,41.04965738972674
376,Northern Mariana Islands,3,Both,2018,31.42997817527483
119,Trinidad and Tobago,1,Male,2014,19.17467765892354
119,Trinidad and Tobago,2,Female,2014,43.21596563699916
119,Trinidad and Tobago,3,Both,2014,31.209426854325116
107,Barbados,1,Male,2012,27.70731321130469
107,Barbados,2,Female,2012,55.69451031702943
107,Barbados,3,Both,2012,42.58575342525997
63,Ukraine,1,Male,2014,6.944140429337391
63,Ukraine,2,Female,2014,17.84474151226687
63,Ukraine,3,Both,2014,12.996781100215449
63,Ukraine,1,Male,2011,6.72495836950041
63,Ukraine,2,Female,2011,17.38502671148501
63,Ukraine,3,Both,2011,12.66248884837239
145,Kuwait,1,Male,2018,36.8871998787348
145,Kuwait,2,Female,2018,61.96902639941611
145,Kuwait,3,Both,2018,48.16256293314446
125,Colombia,1,Male,2021,22.60515371946596
125,Colombia,2,Female,2021,38.17245996746463
125,Colombia,3,Both,2021,30.75928199672921
127,El Salvador,1,Male,2015,11.10140963233334
127,El Salvador,2,Female,2015,18.90285173903887
127,El Salvador,3,Both,2015,15.49620995075542
111,Dominican Republic,1,Male,2012,15.90329607596476
111,Dominican Republic,2,Female,2012,21.47264570245247
111,Dominican Republic,3,Both,2012,18.68642610459673
184,Mozambique,1,Male,2011,3.13470428526419
184,Mozambique,2,Female,2011,7.6279783841152
184,Mozambique,3,Both,2011,5.53511589673304
131,Nicaragua,1,Male,2015,6.840551902473189
131,Nicaragua,2,Female,2015,14.96748603915749
131,Nicaragua,3,Both,2015,11.09911717279302
115,Jamaica,1,Male,2012,10.11124385337602
115,Jamaica,2,Female,2012,39.82663826939652
115,Jamaica,3,Both,2012,25.414329111765987
396,San Marino,1,Male,2018,25.4683957449364
396,San Marino,2,Female,2018,34.943226597376494
396,San Marino,3,Both,2018,30.46140751131279
148,Morocco,1,Male,2019,25.43404267710143
148,Morocco,2,Female,2019,42.36328025976514
148,Morocco,3,Both,2019,33.93806105748375
119,Trinidad and Tobago,1,Male,2012,18.50132164763039
119,Trinidad and Tobago,2,Female,2012,42.85008659194294
119,Trinidad and Tobago,3,Both,2012,30.68693882116016
135,Brazil,1,Male,2015,20.87910738208558
135,Brazil,2,Female,2015,32.48004886505247
135,Brazil,3,Both,2015,26.940855323372443
189,Tanzania,1,Male,2011,1.52260110032261
189,Tanzania,2,Female,2011,3.61752884339099
189,Tanzania,3,Both,2011,2.61399379950783
123,Peru,1,Male,2014,11.54975133098395
123,Peru,2,Female,2014,15.29059810327425
123,Peru,3,Both,2014,13.45731498495887
139,Algeria,1,Male,2015,20.94529192336768
139,Algeria,2,Female,2015,38.93206189493519
139,Algeria,3,Both,2015,29.86783078332469
123,Peru,1,Male,2012,11.34251942915267
123,Peru,2,Female,2012,14.98464606414363
123,Peru,3,Both,2012,13.19580855601573
143,Iraq,1,Male,2015,35.88867712546904
143,Iraq,2,Female,2015,49.22096500387231
143,Iraq,3,Both,2015,42.24642937743407
127,El Salvador,1,Male,2014,11.06790969128425
127,El Salvador,2,Female,2014,18.85743309653212
127,El Salvador,3,Both,2014,15.4502279849609
127,El Salvador,1,Male,2012,10.926759692185591
127,El Salvador,2,Female,2012,18.74573593854967
127,El Salvador,3,Both,2012,15.31669868337337
152,Saudi Arabia,1,Male,2019,22.45542150814236
152,Saudi Arabia,2,Female,2019,42.18452834046924
152,Saudi Arabia,3,Both,2019,30.198694476293248
11,Indonesia,1,Male,2015,14.87320379610812
11,Indonesia,2,Female,2015,24.40118688952888
11,Indonesia,3,Both,2015,19.6420750917298
15,Myanmar,1,Male,2018,3.3844534267916697
15,Myanmar,2,Female,2018,7.076241927149909
15,Myanmar,3,Both,2018,5.35685539984024
156,United Arab Emirates,1,Male,2019,30.55376066212688
156,United Arab Emirates,2,Female,2019,36.4116889717746
156,United Arab Emirates,3,Both,2019,31.84130418330358
131,Nicaragua,1,Male,2012,6.722342032651881
131,Nicaragua,2,Female,2012,14.74131965228867
131,Nicaragua,3,Both,2012,10.92939634605339
190,Uganda,1,Male,2011,3.08001370187258
190,Uganda,2,Female,2011,7.9858772930270705
190,Uganda,3,Both,2011,5.67853100003962
131,Nicaragua,1,Male,2014,6.80154914880965
131,Nicaragua,2,Female,2014,14.886332081615212
131,Nicaragua,3,Both,2014,11.04039608809521
160,Afghanistan,1,Male,2019,15.006310442383992
160,Afghanistan,2,Female,2019,34.296399503647365
160,Afghanistan,3,Both,2019,24.68191179979338
135,Brazil,1,Male,2012,19.79559057025015
135,Brazil,2,Female,2012,31.11040521278665
135,Brazil,3,Both,2012,25.69812881242352
148,Morocco,1,Male,2015,24.9804155430389
148,Morocco,2,Female,2015,41.70498448611341
148,Morocco,3,Both,2015,33.43375716412445
164,Nepal,1,Male,2019,8.26048051501643
164,Nepal,2,Female,2019,13.17449330155332
164,Nepal,3,Both,2019,10.94396178888349
349,Greenland,1,Male,2019,7.3910091836104
349,Greenland,2,Female,2019,16.00898441561973
349,Greenland,3,Both,2019,11.40779111579644
129,Honduras,1,Male,2015,7.38360098467799
129,Honduras,2,Female,2015,15.506596375208758
129,Honduras,3,Both,2015,11.68984567686512
139,Algeria,1,Male,2012,20.47046966379759
139,Algeria,2,Female,2012,38.31789096089387
139,Algeria,3,Both,2012,29.328939530470738
129,Honduras,1,Male,2021,7.45912032245823
129,Honduras,2,Female,2021,15.741670768993322
129,Honduras,3,Both,2021,11.88665807609224
68,South Korea,1,Male,2011,19.76332044773963
68,South Korea,2,Female,2011,28.993912804420862
68,South Korea,3,Both,2011,24.48770327294236
194,Lesotho,1,Male,2011,2.0624120828045203
194,Lesotho,2,Female,2011,6.123006263588819
194,Lesotho,3,Both,2011,4.29892812445802
135,Brazil,1,Male,2014,20.53412105193393
135,Brazil,2,Female,2014,32.04072948108415
135,Brazil,3,Both,2014,26.543393553655147
168,Angola,1,Male,2019,6.22614638668128
168,Angola,2,Female,2019,12.56957512175969
168,Angola,3,Both,2019,9.60594054002935
143,Iraq,1,Male,2012,35.36987310177346
143,Iraq,2,Female,2012,48.39924962703887
143,Iraq,3,Both,2012,41.58723193747261
172,Equatorial Guinea,1,Male,2019,9.66460511706186
172,Equatorial Guinea,2,Female,2019,22.391773050774592
172,Equatorial Guinea,3,Both,2019,16.058550510494708
68,South Korea,1,Male,2014,21.34292138021109
68,South Korea,2,Female,2014,30.233017016506857
68,South Korea,3,Both,2014,25.85286598617202
178,Eritrea,1,Male,2012,1.36972483702582
178,Eritrea,2,Female,2012,3.78073831326468
178,Eritrea,3,Both,2012,2.60954121357273
150,Oman,1,Male,2018,19.86430211269288
150,Oman,2,Female,2018,38.50607232818832
150,Oman,3,Both,2018,26.108664552175608
72,New Zealand,1,Male,2011,26.55343133417118
72,New Zealand,2,Female,2011,34.90578136242338
72,New Zealand,3,Both,2011,30.899978170229343
133,Venezuela,1,Male,2021,10.205560915334711
133,Venezuela,2,Female,2021,19.62555585001355
133,Venezuela,3,Both,2021,15.17217166286601
133,Venezuela,1,Male,2015,9.61437249111451
133,Venezuela,2,Female,2015,18.96742214453192
133,Venezuela,3,Both,2015,14.403792045953882
86,Italy,1,Male,2017,23.19392748193497
86,Italy,2,Female,2017,37.88822545098672
86,Italy,3,Both,2017,30.88109111941234
198,Zimbabwe,1,Male,2011,5.88422178623328
198,Zimbabwe,2,Female,2011,10.41355296737307
198,Zimbabwe,3,Both,2011,8.30273329187065
152,Saudi Arabia,1,Male,2015,20.76539943657277
152,Saudi Arabia,2,Female,2015,40.29210575806606
152,Saudi Arabia,3,Both,2015,28.45534363661381
148,Morocco,1,Male,2012,24.28238221248758
148,Morocco,2,Female,2012,41.18526408448585
148,Morocco,3,Both,2012,32.87484187758058
176,Comoros,1,Male,2019,2.4619540404976
176,Comoros,2,Female,2019,9.32391077008468
176,Comoros,3,Both,2019,5.9535935167822895
139,Algeria,1,Male,2014,20.771052168748948
139,Algeria,2,Female,2014,38.7194356424366
139,Algeria,3,Both,2014,29.67645976157442
72,New Zealand,1,Male,2014,28.373523430563814
72,New Zealand,2,Female,2014,37.07492570339288
72,New Zealand,3,Both,2014,32.89126571774908
154,Tunisia,1,Male,2018,11.72818339652904
154,Tunisia,2,Female,2018,18.13162319364952
154,Tunisia,3,Both,2018,15.004220678947542
76,Belgium,1,Male,2011,19.79182379578112
76,Belgium,2,Female,2011,32.13706786328736
76,Belgium,3,Both,2011,26.18013077351508
182,Malawi,1,Male,2012,4.01973152245434
182,Malawi,2,Female,2012,4.77178690423949
182,Malawi,3,Both,2012,4.4099838208104005
156,United Arab Emirates,1,Male,2015,27.26661700481508
156,United Arab Emirates,2,Female,2015,33.83480920772388
156,United Arab Emirates,3,Both,2015,28.679208377538163
180,Kenya,1,Male,2019,5.99007003911788
180,Kenya,2,Female,2019,20.736449750769815
180,Kenya,3,Both,2019,13.520627975896971
80,France,1,Male,2011,21.9848250937918
80,France,2,Female,2011,32.58218553557329
80,France,3,Both,2011,27.55693847825846
76,Belgium,1,Male,2014,20.21337046037818
76,Belgium,2,Female,2014,32.53397834479437
76,Belgium,3,Both,2014,26.579673267832188
141,Egypt,1,Male,2021,11.66270201944961
141,Egypt,2,Female,2021,34.219893521181675
141,Egypt,3,Both,2021,22.52093776729686
143,Iraq,1,Male,2014,35.78559950260219
143,Iraq,2,Female,2014,48.90320554172142
143,Iraq,3,Both,2014,42.03566522648359
202,Cameroon,1,Male,2011,8.00458247042897
202,Cameroon,2,Female,2011,15.48960468573922
202,Cameroon,3,Both,2011,11.82996551637572
160,Afghanistan,1,Male,2015,14.77803386887778
160,Afghanistan,2,Female,2015,33.32098757770221
160,Afghanistan,3,Both,2015,24.14257283326515
186,Seychelles,1,Male,2012,12.00644919490912
186,Seychelles,2,Female,2012,19.7630833066954
186,Seychelles,3,Both,2012,15.72423257392788
152,Saudi Arabia,1,Male,2012,19.108460050250407
152,Saudi Arabia,2,Female,2012,38.12338126478966
152,Saudi Arabia,3,Both,2012,26.622525666427936
184,Mozambique,1,Male,2019,3.2030528735837303
184,Mozambique,2,Female,2019,7.8347045806435105
184,Mozambique,3,Both,2019,5.68478384610152
84,Ireland,1,Male,2011,17.81245431812561
84,Ireland,2,Female,2011,33.31401344753951
84,Ireland,3,Both,2011,25.71671311731633
25,Federated States of Micronesia,1,Male,2019,41.52367289803534
25,Federated States of Micronesia,2,Female,2019,61.00034978493481
25,Federated States of Micronesia,3,Both,2019,51.19006951013716
80,France,1,Male,2014,22.64602503718047
80,France,2,Female,2014,33.18553297521082
80,France,3,Both,2014,28.189071517663574
141,Egypt,1,Male,2015,10.6070984777069
141,Egypt,2,Female,2015,32.69845227787029
141,Egypt,3,Both,2015,21.26065562904036
145,Kuwait,1,Male,2021,37.45703058073666
145,Kuwait,2,Female,2021,62.10849634711898
145,Kuwait,3,Both,2021,48.93216293361209
164,Nepal,1,Male,2015,8.24727347215846
164,Nepal,2,Female,2015,12.6277635192345
164,Nepal,3,Both,2015,10.6030102689552
90,Norway,1,Male,2017,24.02697811502272
90,Norway,2,Female,2017,32.15870047715877
90,Norway,3,Both,2017,28.099669555058384
156,United Arab Emirates,1,Male,2012,25.44574741796849
156,United Arab Emirates,2,Female,2012,32.34069497712694
156,United Arab Emirates,3,Both,2012,26.95786332202981
189,Tanzania,1,Male,2019,1.6841914785409
189,Tanzania,2,Female,2019,3.94238430676602
189,Tanzania,3,Both,2019,2.87062291739999
206,The Gambia,1,Male,2011,4.732386442450711
206,The Gambia,2,Female,2011,12.562786857291112
206,The Gambia,3,Both,2011,8.76034901779256
88,Malta,1,Male,2011,24.1455584533771
88,Malta,2,Female,2011,37.6895679209402
88,Malta,3,Both,2011,31.03260056252781
162,Bhutan,1,Male,2018,27.03450436035839
162,Bhutan,2,Female,2018,54.81053149846061
162,Bhutan,3,Both,2018,40.08215791085955
84,Ireland,1,Male,2014,18.468137568519
84,Ireland,2,Female,2014,33.976967634679625
84,Ireland,3,Both,2014,26.41300671115001
168,Angola,1,Male,2015,6.14669968259621
168,Angola,2,Female,2015,12.34939466520458
168,Angola,3,Both,2015,9.43047018452862
94,Switzerland,1,Male,2017,15.93200321103499
94,Switzerland,2,Female,2017,27.45260613190282
94,Switzerland,3,Both,2017,21.79775032589778
160,Afghanistan,1,Male,2012,14.50704793391869
160,Afghanistan,2,Female,2012,32.22961065942507
160,Afghanistan,3,Both,2012,23.52923929542804
88,Malta,1,Male,2014,24.30743638795223
88,Malta,2,Female,2014,37.65854702973447
88,Malta,3,Both,2014,31.07919747241747
522,Sudan,1,Male,2016,50.82859353090924
522,Sudan,2,Female,2016,66.86525575465603
522,Sudan,3,Both,2016,58.93010769433036
172,Equatorial Guinea,1,Male,2015,9.59725730543151
172,Equatorial Guinea,2,Female,2015,21.70209967531401
172,Equatorial Guinea,3,Both,2015,15.89060694996112
150,Oman,1,Male,2021,20.60260321903925
150,Oman,2,Female,2021,39.30010641659245
150,Oman,3,Both,2021,26.699304191299824
148,Morocco,1,Male,2014,24.79136047348587
148,Morocco,2,Female,2014,41.54240221609721
148,Morocco,3,Both,2014,33.27333953252503
210,Liberia,1,Male,2011,10.51315049246588
210,Liberia,2,Female,2011,34.44886912019237
210,Liberia,3,Both,2011,22.36779419357956
164,Nepal,1,Male,2012,7.98538114376488
164,Nepal,2,Female,2012,12.18217324731073
164,Nepal,3,Both,2012,10.2079199217727
98,Chile,1,Male,2017,9.05124969908655
98,Chile,2,Female,2017,24.18542897557528
98,Chile,3,Both,2017,16.92057110801497
92,Spain,1,Male,2011,16.95265888874336
92,Spain,2,Female,2011,27.39082251669301
92,Spain,3,Both,2011,22.30836650918403
190,Uganda,1,Male,2019,3.1019392333874096
190,Uganda,2,Female,2019,8.210776060422429
190,Uganda,3,Both,2019,5.83003086367458
170,Congo,1,Male,2018,8.12762497851901
170,Congo,2,Female,2018,11.82609764891718
170,Congo,3,Both,2018,9.996529025497107
145,Kuwait,1,Male,2015,36.72369906696864
145,Kuwait,2,Female,2015,62.1055529940129
145,Kuwait,3,Both,2015,47.65202681066146
176,Comoros,1,Male,2015,2.27759182537399
176,Comoros,2,Female,2015,8.81005119718253
176,Comoros,3,Both,2015,5.6076065130345
154,Tunisia,1,Male,2021,12.411604114119813
154,Tunisia,2,Female,2021,19.13368469859358
154,Tunisia,3,Both,2021,15.85888202132274
168,Angola,1,Male,2012,6.07672570916622
168,Angola,2,Female,2012,12.19257584135892
168,Angola,3,Both,2012,9.29095953312092
102,United States,1,Male,2017,18.28124226432641
102,United States,2,Female,2017,30.80221811374332
102,United States,3,Both,2017,24.75287928489248
92,Spain,1,Male,2014,17.557306470868962
92,Spain,2,Female,2014,27.68959555977309
92,Spain,3,Both,2014,22.77988197274409
194,Lesotho,1,Male,2019,2.19008102935472
194,Lesotho,2,Female,2019,6.32245180038303
194,Lesotho,3,Both,2019,4.4089466227996805
214,Nigeria,1,Male,2011,9.17176917320752
214,Nigeria,2,Female,2011,16.84490634658134
214,Nigeria,3,Both,2011,13.07770233824232
180,Kenya,1,Male,2015,5.660882890150671
180,Kenya,2,Female,2015,20.23473034659698
180,Kenya,3,Both,2015,13.090990516051932
198,Zimbabwe,1,Male,2019,6.16202460671192
198,Zimbabwe,2,Female,2019,11.25684211901954
198,Zimbabwe,3,Both,2019,8.91746223412823
172,Equatorial Guinea,1,Male,2012,9.16744576620658
172,Equatorial Guinea,2,Female,2012,20.24907620336877
172,Equatorial Guinea,3,Both,2012,15.07303314767992
152,Saudi Arabia,1,Male,2014,20.185747716925658
152,Saudi Arabia,2,Female,2014,39.57075053505845
152,Saudi Arabia,3,Both,2014,27.827556684990128
184,Mozambique,1,Male,2015,3.156963200106
184,Mozambique,2,Female,2015,7.73055841119427
184,Mozambique,3,Both,2015,5.60110115571972
218,Togo,1,Male,2011,3.1303090889975898
218,Togo,2,Female,2011,6.30035020340089
218,Togo,3,Both,2011,4.83860837452568
107,Barbados,1,Male,2017,27.79766274259896
107,Barbados,2,Female,2017,55.50035205935713
107,Barbados,3,Both,2017,42.4698893586617
202,Cameroon,1,Male,2019,8.42192657929916
202,Cameroon,2,Female,2019,16.40391391871416
202,Cameroon,3,Both,2019,12.49094229044086
176,Comoros,1,Male,2012,2.1816077737811903
176,Comoros,2,Female,2012,8.265103306550479
176,Comoros,3,Both,2012,5.28709774382163
156,United Arab Emirates,1,Male,2014,26.52369016052424
156,United Arab Emirates,2,Female,2014,33.30068446863743
156,United Arab Emirates,3,Both,2014,27.982227297810542
189,Tanzania,1,Male,2015,1.54854323429307
189,Tanzania,2,Female,2015,3.6839438500430295
189,Tanzania,3,Both,2015,2.66513049416796
111,Dominican Republic,1,Male,2017,16.633394404696013
111,Dominican Republic,2,Female,2017,22.7729620437309
111,Dominican Republic,3,Both,2017,19.70077981526642
206,The Gambia,1,Male,2019,4.95829629643794
206,The Gambia,2,Female,2019,12.99081973614974
206,The Gambia,3,Both,2019,9.10238266600136
180,Kenya,1,Male,2012,5.4155146051788
180,Kenya,2,Female,2012,19.8376701818407
180,Kenya,3,Both,2012,12.76660924511663
160,Afghanistan,1,Male,2014,14.707358154110132
160,Afghanistan,2,Female,2014,32.99475460720375
160,Afghanistan,3,Both,2014,23.96487445681296
210,Liberia,1,Male,2019,11.05535960112424
210,Liberia,2,Female,2019,35.47698706148921
210,Liberia,3,Both,2019,23.03504359906091
115,Jamaica,1,Male,2017,10.43596495747508
115,Jamaica,2,Female,2017,39.72272543629487
115,Jamaica,3,Both,2017,25.46735526422406
184,Mozambique,1,Male,2012,3.13800731463643
184,Mozambique,2,Female,2012,7.650849400988389
184,Mozambique,3,Both,2012,5.5484081876958
190,Uganda,1,Male,2015,3.05867674304661
190,Uganda,2,Female,2015,8.03230867720977
190,Uganda,3,Both,2015,5.70661118501317
164,Nepal,1,Male,2014,8.18490827348181
164,Nepal,2,Female,2014,12.49183483449049
164,Nepal,3,Both,2014,10.490010490091567
214,Nigeria,1,Male,2019,9.368254035318593
214,Nigeria,2,Female,2019,17.64875794164975
214,Nigeria,3,Both,2019,13.78410175796792
119,Trinidad and Tobago,1,Male,2017,20.2096933610313
119,Trinidad and Tobago,2,Female,2017,43.45023350645068
119,Trinidad and Tobago,3,Both,2017,31.86013931481414
189,Tanzania,1,Male,2012,1.52481607812372
189,Tanzania,2,Female,2012,3.621653959360141
189,Tanzania,3,Both,2012,2.61799424231587
194,Lesotho,1,Male,2015,2.08342333616643
194,Lesotho,2,Female,2015,6.14511934714482
194,Lesotho,3,Both,2015,4.29005521824197
168,Angola,1,Male,2014,6.1153975781384
168,Angola,2,Female,2014,12.28722759031991
168,Angola,3,Both,2014,9.37500668004372
39,Tajikistan,1,Male,2017,5.2829340944659
39,Tajikistan,2,Female,2017,11.076329094427011
39,Tajikistan,3,Both,2017,8.19453344464488
202,Cameroon,1,Male,2021,8.5443846723286
202,Cameroon,2,Female,2021,16.80520378775586
202,Cameroon,3,Both,2021,12.75734628393006
18,Thailand,1,Male,2012,9.39246944451649
18,Thailand,2,Female,2012,16.212132326238677
18,Thailand,3,Both,2012,12.947930028913207
18,Thailand,1,Male,2018,10.64959876051887
18,Thailand,2,Female,2018,17.82570507952083
18,Thailand,3,Both,2018,14.41300131302779
43,Albania,1,Male,2017,11.615092670369007
43,Albania,2,Female,2017,22.19889928874603
43,Albania,3,Both,2017,16.98072865166248
196,South Africa,1,Male,2012,17.88443132854356
196,South Africa,2,Female,2012,31.42236494490442
196,South Africa,3,Both,2012,25.040195481625787
178,Eritrea,1,Male,2018,1.5361841076928702
178,Eritrea,2,Female,2018,4.10762449523439
178,Eritrea,3,Both,2018,2.84240101599373
150,Oman,1,Male,2015,19.0575167246821
150,Oman,2,Female,2015,37.64323737944621
150,Oman,3,Both,2015,25.50089843023796
182,Malawi,1,Male,2018,4.33323934372723
182,Malawi,2,Female,2018,5.2042845796079495
182,Malawi,3,Both,2018,4.78968444173611
33,Armenia,1,Male,2018,7.92267929793992
33,Armenia,2,Female,2018,15.238762769203152
33,Armenia,3,Both,2018,11.87023634250726
154,Tunisia,1,Male,2015,11.01769857538367
154,Tunisia,2,Female,2015,17.096089612755037
154,Tunisia,3,Both,2015,14.12178013967945
47,Czech Republic,1,Male,2017,16.23063853052705
47,Czech Republic,2,Female,2017,28.84848619890118
47,Czech Republic,3,Both,2017,22.729391156493868
200,Benin,1,Male,2012,2.09910164162119
200,Benin,2,Female,2012,4.33206405533859
200,Benin,3,Both,2012,3.2830514208306503
218,Togo,1,Male,2019,3.5923039376001498
218,Togo,2,Female,2019,7.09094930075203
218,Togo,3,Both,2019,5.48654263598008
172,Equatorial Guinea,1,Male,2014,9.48259560079807
172,Equatorial Guinea,2,Female,2014,21.30666427228995
172,Equatorial Guinea,3,Both,2014,15.68153364411663
305,Bermuda,1,Male,2011,17.9655003776462
305,Bermuda,2,Female,2011,37.98321745827144
305,Bermuda,3,Both,2011,28.48244628009191
198,Zimbabwe,1,Male,2015,6.03314450975991
198,Zimbabwe,2,Female,2015,10.84479634821405
198,Zimbabwe,3,Both,2015,8.62370895659221
206,The Gambia,1,Male,2021,5.01765279277549
206,The Gambia,2,Female,2021,13.16045140376636
206,The Gambia,3,Both,2021,9.22698563350988
162,Bhutan,1,Male,2021,27.06308419532743
162,Bhutan,2,Female,2021,54.573105980612105
162,Bhutan,3,Both,2021,40.11025093178899
186,Seychelles,1,Male,2018,12.9746974025066
186,Seychelles,2,Female,2018,20.90011758157359
186,Seychelles,3,Both,2018,16.68411637861985
30,Vanuatu,1,Male,1995,5.22383252986437
30,Vanuatu,2,Female,1995,9.49998240579497
30,Vanuatu,3,Both,1995,7.3204589766711905
30,Vanuatu,1,Male,1998,5.02921735715209
30,Vanuatu,2,Female,1998,9.43813135637996
30,Vanuatu,3,Both,1998,7.19537025408268
522,Sudan,1,Male,2018,50.94265119268774
522,Sudan,2,Female,2018,67.16429352516107
522,Sudan,3,Both,2018,59.12123871227743
109,Cuba,1,Male,2011,14.43246653394637
109,Cuba,2,Female,2011,33.27943560095773
109,Cuba,3,Both,2011,24.006388634079308
190,Uganda,1,Male,2012,3.08406137595023
190,Uganda,2,Female,2012,8.01245628231455
190,Uganda,3,Both,2012,5.69753250464264
123,Peru,1,Male,2017,11.83226618674011
123,Peru,2,Female,2017,15.8004403302216
123,Peru,3,Both,2017,13.86016713157017
202,Cameroon,1,Male,2015,8.16342789936695
202,Cameroon,2,Female,2015,15.89071190672555
202,Cameroon,3,Both,2015,12.10883820612135
176,Comoros,1,Male,2014,2.2441042088710903
176,Comoros,2,Female,2014,8.65153233435013
176,Comoros,3,Both,2014,5.51193148951192
37,Kyrgyzstan,1,Male,2018,5.3684149937224905
37,Kyrgyzstan,2,Female,2018,12.940900065113938
37,Kyrgyzstan,3,Both,2018,9.32168604651293
51,Poland,1,Male,2017,18.018462035108527
51,Poland,2,Female,2017,32.84668676478876
51,Poland,3,Both,2017,25.81689758567497
204,Chad,1,Male,2012,7.259924774023579
204,Chad,2,Female,2012,11.26874901250648
204,Chad,3,Both,2012,9.31286332034035
210,Liberia,1,Male,2021,11.25107296115229
210,Liberia,2,Female,2021,35.84373891624602
210,Liberia,3,Both,2021,23.31583740537632
29,Tonga,1,Male,2011,18.90255044111614
29,Tonga,2,Female,2011,46.08364285169392
29,Tonga,3,Both,2011,32.86329225603893
194,Lesotho,1,Male,2012,2.04549268257552
194,Lesotho,2,Female,2012,6.09517899673359
194,Lesotho,3,Both,2012,4.26765408906677
127,El Salvador,1,Male,2017,10.97676452839607
127,El Salvador,2,Female,2017,19.01104046329657
127,El Salvador,3,Both,2017,15.50950566864512
113,Guyana,1,Male,2011,11.12291935071176
113,Guyana,2,Female,2011,29.12262248071186
113,Guyana,3,Both,2011,20.287058129416348
206,The Gambia,1,Male,2015,4.8195958423721095
206,The Gambia,2,Female,2015,12.737617259475533
206,The Gambia,3,Both,2015,8.897110760980869
180,Kenya,1,Male,2014,5.58568404600329
180,Kenya,2,Female,2014,20.10277009493033
180,Kenya,3,Both,2014,12.98593243201282
34,Azerbaijan,1,Male,1995,5.2664474184812
34,Azerbaijan,2,Female,1995,11.90169133689003
34,Azerbaijan,3,Both,1995,8.8190431738215
34,Azerbaijan,1,Male,1998,5.28799693132581
34,Azerbaijan,2,Female,1998,11.78662416404179
34,Azerbaijan,3,Both,1998,8.75085671903379
170,Congo,1,Male,2021,8.4719799973953
170,Congo,2,Female,2021,12.25702618082051
170,Congo,3,Both,2021,10.38723360741647
55,Slovenia,1,Male,2017,15.6312190896338
55,Slovenia,2,Female,2017,29.0559206924435
55,Slovenia,3,Both,2017,22.48213598989944
198,Zimbabwe,1,Male,2012,5.9116687137887
198,Zimbabwe,2,Female,2012,10.495610740650289
198,Zimbabwe,3,Both,2012,8.36503269538605
210,Liberia,1,Male,2015,10.72275139572739
210,Liberia,2,Female,2015,35.01547930222667
210,Liberia,3,Both,2015,22.67063672010327
41,Uzbekistan,1,Male,2018,2.45425262457118
41,Uzbekistan,2,Female,2018,10.19016398061007
41,Uzbekistan,3,Both,2018,6.435540544453399
214,Nigeria,1,Male,2021,9.40459728562511
214,Nigeria,2,Female,2021,17.854778506868378
214,Nigeria,3,Both,2021,13.95313281312895
131,Nicaragua,1,Male,2017,6.93238355141154
131,Nicaragua,2,Female,2017,15.136466535807791
131,Nicaragua,3,Both,2017,11.2262007682796
376,Northern Mariana Islands,1,Male,2011,22.76875903634121
376,Northern Mariana Islands,2,Female,2011,41.24115201923618
376,Northern Mariana Islands,3,Both,2011,31.69936368756789
184,Mozambique,1,Male,2014,3.14870839348766
184,Mozambique,2,Female,2014,7.70865423552108
184,Mozambique,3,Both,2014,5.58455730817483
157,Yemen,1,Male,2017,15.77132471971744
157,Yemen,2,Female,2017,31.02230480453283
157,Yemen,3,Both,2017,23.42875556325284
305,Bermuda,1,Male,2019,20.203825326493792
305,Bermuda,2,Female,2019,42.60487704441354
305,Bermuda,3,Both,2019,31.92050078595901
38,Mongolia,1,Male,1998,3.90448205488071
38,Mongolia,2,Female,1998,7.32614106960163
38,Mongolia,3,Both,1998,5.65918450266829
38,Mongolia,1,Male,1995,4.06079267819477
38,Mongolia,2,Female,1995,7.54340766869563
38,Mongolia,3,Both,1995,5.84405971768873
202,Cameroon,1,Male,2012,8.040363405736931
202,Cameroon,2,Female,2012,15.60222297492661
202,Cameroon,3,Both,2012,11.9036815906813
30,Vanuatu,1,Male,2004,4.69521515897088
30,Vanuatu,2,Female,2004,8.96852490034076
30,Vanuatu,3,Both,2004,6.81327181754612
214,Nigeria,1,Male,2015,9.198612387079
214,Nigeria,2,Female,2015,17.15314837055183
214,Nigeria,3,Both,2015,13.352523468256711
189,Tanzania,1,Male,2014,1.5344267332689798
189,Tanzania,2,Female,2014,3.6564930963396303
189,Tanzania,3,Both,2014,2.64280108100492
218,Togo,1,Male,2021,3.72498005431692
218,Togo,2,Female,2021,7.35485819413622
218,Togo,3,Both,2021,5.68490054189002
135,Brazil,1,Male,2017,21.24473236484015
135,Brazil,2,Female,2017,33.06745353143444
135,Brazil,3,Both,2017,27.42845901365149
396,San Marino,1,Male,2011,24.68995644956035
396,San Marino,2,Female,2011,34.0166669545338
396,San Marino,3,Both,2011,29.599992015966908
45,Bulgaria,1,Male,2018,13.449120683633058
45,Bulgaria,2,Female,2018,25.88352956520232
45,Bulgaria,3,Both,2018,19.95587637091025
206,The Gambia,1,Male,2012,4.74629350339655
206,The Gambia,2,Female,2012,12.60275069873433
206,The Gambia,3,Both,2012,8.78812701342544
139,Algeria,1,Male,2017,21.30042888201101
139,Algeria,2,Female,2017,39.47101882077359
139,Algeria,3,Both,2017,30.310654374581453
376,Northern Mariana Islands,1,Male,2019,22.53122967943861
376,Northern Mariana Islands,2,Female,2019,41.09162118775172
376,Northern Mariana Islands,3,Both,2019,31.33233148198637
190,Uganda,1,Male,2014,3.05256622277497
190,Uganda,2,Female,2014,7.9997116696047
190,Uganda,3,Both,2014,5.68303707185491
143,Iraq,1,Male,2017,36.085779104072
143,Iraq,2,Female,2017,49.57206055662217
143,Iraq,3,Both,2017,42.53099069724592
49,Macedonia,1,Male,2018,10.55281859725292
49,Macedonia,2,Female,2018,20.95843092110724
49,Macedonia,3,Both,2018,15.720099600116033
210,Liberia,1,Male,2012,10.49498108025132
210,Liberia,2,Female,2012,34.51241899145619
210,Liberia,3,Both,2012,22.35815291824189
396,San Marino,1,Male,2019,25.50844739631407
396,San Marino,2,Female,2019,35.0510706441926
396,San Marino,3,Both,2019,30.536625669853567
46,Croatia,1,Male,1998,10.5732533840689
46,Croatia,2,Female,1998,21.54435048866817
46,Croatia,3,Both,1998,16.38877690283092
46,Croatia,1,Male,1995,10.22973201007761
46,Croatia,2,Female,1995,20.68498870392026
46,Croatia,3,Both,1995,15.75421778984806
194,Lesotho,1,Male,2014,2.06604123964427
194,Lesotho,2,Female,2014,6.12091723841281
194,Lesotho,3,Both,2014,4.27584012471259
305,Bermuda,1,Male,2021,20.615282989134908
305,Bermuda,2,Female,2021,43.29653607375774
305,Bermuda,3,Both,2021,32.474573547475586
214,Nigeria,1,Male,2012,9.15664376345985
214,Nigeria,2,Female,2012,16.890162988082082
214,Nigeria,3,Both,2012,13.11994164604381
11,Indonesia,1,Male,2016,15.099877574493409
11,Indonesia,2,Female,2016,24.80818007306463
11,Indonesia,3,Both,2016,19.9558319011345
53,Serbia,1,Male,2018,11.06103578437606
53,Serbia,2,Female,2018,22.01287233709032
53,Serbia,3,Both,2018,16.6767170450048
198,Zimbabwe,1,Male,2014,5.98789623218729
198,Zimbabwe,2,Female,2014,10.72821723748979
198,Zimbabwe,3,Both,2014,8.53601666757173
148,Morocco,1,Male,2017,25.255450690571468
148,Morocco,2,Female,2017,42.05878327985314
148,Morocco,3,Both,2017,33.72095120315935
39,Tajikistan,1,Male,2020,5.39888513041477
39,Tajikistan,2,Female,2020,11.42501897965206
39,Tajikistan,3,Both,2020,8.42571544336032
50,Montenegro,1,Male,1998,10.83142261018243
50,Montenegro,2,Female,1998,22.3199891820255
50,Montenegro,3,Both,1998,16.77106791816847
29,Tonga,1,Male,2016,19.15137353695465
29,Tonga,2,Female,2016,45.97430542461119
29,Tonga,3,Both,2016,33.107506558869495
50,Montenegro,1,Male,1995,10.72809195366175
50,Montenegro,2,Female,1995,22.19510526699015
50,Montenegro,3,Both,1995,16.637659778770068
218,Togo,1,Male,2012,3.16467298262081
218,Togo,2,Female,2012,6.35667167055204
218,Togo,3,Both,2012,4.88877929031575
202,Cameroon,1,Male,2014,8.10899013156705
202,Cameroon,2,Female,2014,15.776297915351387
202,Cameroon,3,Both,2014,12.02494673987978
206,The Gambia,1,Male,2014,4.78568785969461
206,The Gambia,2,Female,2014,12.67771146245989
206,The Gambia,3,Both,2014,8.84814981759208
57,Belarus,1,Male,2018,8.89552238683884
57,Belarus,2,Female,2018,19.607305372306826
57,Belarus,3,Both,2018,14.8101805607972
54,Slovakia,1,Male,1995,9.47833176696561
54,Slovakia,2,Female,1995,20.753307897732203
54,Slovakia,3,Both,1995,15.43659812010096
152,Saudi Arabia,1,Male,2017,21.69971556415048
152,Saudi Arabia,2,Female,2017,41.40324145163492
152,Saudi Arabia,3,Both,2017,29.44396128751281
376,Northern Mariana Islands,1,Male,2021,22.60844161366971
376,Northern Mariana Islands,2,Female,2021,41.00405595995042
376,Northern Mariana Islands,3,Both,2021,31.279209965607528
210,Liberia,1,Male,2014,10.62682493754095
210,Liberia,2,Female,2014,34.8417988901056
210,Liberia,3,Both,2014,22.5528401339592
61,Moldova,1,Male,2018,9.20080882319591
61,Moldova,2,Female,2018,20.55725849478944
61,Moldova,3,Both,2018,15.28454346722209
156,United Arab Emirates,1,Male,2017,28.831420944424192
156,United Arab Emirates,2,Female,2017,34.99850583516379
156,United Arab Emirates,3,Both,2017,30.16873404488828
165,Pakistan,1,Male,2014,14.95737117964439
165,Pakistan,2,Female,2014,16.39786809626802
165,Pakistan,3,Both,2014,15.66362104264199
396,San Marino,1,Male,2021,25.292448493892376
396,San Marino,2,Female,2021,35.15944572516989
396,San Marino,3,Both,2021,30.49134438069479
214,Nigeria,1,Male,2014,9.15916105074237
214,Nigeria,2,Female,2014,17.02399401197492
214,Nigeria,3,Both,2014,13.24179473114692
160,Afghanistan,1,Male,2017,14.927885416774387
160,Afghanistan,2,Female,2017,33.93769359134929
160,Afghanistan,3,Both,2017,24.4998943337606
305,Bermuda,1,Male,2012,18.300948619732573
305,Bermuda,2,Female,2012,38.74405131093715
305,Bermuda,3,Both,2012,29.036365953754935
218,Togo,1,Male,2014,3.26596392282998
218,Togo,2,Female,2014,6.51578585886435
218,Togo,3,Both,2014,5.02779338546779
66,Brunei,1,Male,2018,17.457489732337468
66,Brunei,2,Female,2018,26.21044421794148
66,Brunei,3,Both,2018,21.62128451532732
164,Nepal,1,Male,2017,8.28612526574563
164,Nepal,2,Female,2017,12.912290985776382
164,Nepal,3,Both,2017,10.79507172153596
208,Guinea,1,Male,2012,3.06663604131334
208,Guinea,2,Female,2012,9.74657621049864
208,Guinea,3,Both,2012,6.61379015422192
168,Angola,1,Male,2017,6.19617640225872
168,Angola,2,Female,2017,12.47516506544542
168,Angola,3,Both,2017,9.53335807738732
74,Andorra,1,Male,2018,19.80530721950334
74,Andorra,2,Female,2018,29.539511771561276
74,Andorra,3,Both,2018,24.57004088822439
172,Equatorial Guinea,1,Male,2017,9.73909280093302
172,Equatorial Guinea,2,Female,2017,22.26083582640456
172,Equatorial Guinea,3,Both,2017,16.13863215967977
78,Denmark,1,Male,2018,17.58852154855041
78,Denmark,2,Female,2018,28.27053704383971
78,Denmark,3,Both,2018,23.02200330324002
176,Comoros,1,Male,2017,2.36448054410592
176,Comoros,2,Female,2017,9.09551115131298
176,Comoros,3,Both,2017,5.79255132466925
117,Saint Vincent and the Grenadines,1,Male,2011,10.98755699356939
117,Saint Vincent and the Grenadines,2,Female,2011,26.33692289218667
117,Saint Vincent and the Grenadines,3,Both,2011,18.51894420024669
18,Thailand,1,Male,2015,10.07030107297591
18,Thailand,2,Female,2015,17.08689491781929
18,Thailand,3,Both,2015,13.73761746823012
162,Bhutan,1,Male,2015,27.17773766782612
162,Bhutan,2,Female,2015,55.29395670514191
162,Bhutan,3,Both,2015,40.275793763189874
178,Eritrea,1,Male,2021,1.5940590649687902
178,Eritrea,2,Female,2021,4.22145638923006
178,Eritrea,3,Both,2021,2.92211694023274
59,Latvia,1,Male,2017,10.93990018046616
59,Latvia,2,Female,2017,25.04148653710822
59,Latvia,3,Both,2017,18.82858625982119
305,Bermuda,1,Male,2014,18.94852003144839
305,Bermuda,2,Female,2014,40.27010611465368
305,Bermuda,3,Both,2014,30.13211170413107
82,Greece,1,Male,2018,16.706380983744552
82,Greece,2,Female,2018,27.97011903269386
82,Greece,3,Both,2018,22.567974756573665
180,Kenya,1,Male,2017,5.83161040100826
180,Kenya,2,Female,2017,20.48857067691271
180,Kenya,3,Both,2017,13.30828776440105
61,Moldova,1,Male,2020,9.43904072555106
61,Moldova,2,Female,2020,21.14445713286247
61,Moldova,3,Both,2020,15.71212515654514
86,Italy,1,Male,2018,23.453692484122392
86,Italy,2,Female,2018,38.1251377945032
86,Italy,3,Both,2018,31.12334639678292
522,Sudan,1,Male,2011,50.54632590839887
522,Sudan,2,Female,2011,66.14863058848154
522,Sudan,3,Both,2011,58.40136071601513
184,Mozambique,1,Male,2017,3.185885365980249
184,Mozambique,2,Female,2017,7.79519785433188
184,Mozambique,3,Both,2017,5.6522216420695095
189,Tanzania,1,Male,2017,1.61282093510858
189,Tanzania,2,Female,2017,3.80696029373076
189,Tanzania,3,Both,2017,2.7629037858645003
376,Northern Mariana Islands,1,Male,2014,23.02428793196679
376,Northern Mariana Islands,2,Female,2014,41.46431726278762
376,Northern Mariana Islands,3,Both,2014,32.07693544165397
29,Tonga,1,Male,2017,19.217219399768908
29,Tonga,2,Female,2017,46.059274421384686
29,Tonga,3,Both,2017,33.21595382942224
212,Mauritania,1,Male,2012,19.7850588874358
212,Mauritania,2,Female,2012,29.27446962932158
212,Mauritania,3,Both,2012,24.69775267392525
43,Albania,1,Male,2020,12.12694739569723
43,Albania,2,Female,2020,23.27138060497544
43,Albania,3,Both,2020,17.775332876125198
109,Cuba,1,Male,2014,14.91801240583566
109,Cuba,2,Female,2014,34.79784387137151
109,Cuba,3,Both,2014,25.02568551505277
196,South Africa,1,Male,2018,18.59020875021893
196,South Africa,2,Female,2018,32.53111034992129
196,South Africa,3,Both,2018,25.88679309718044
121,Bolivia,1,Male,2011,11.23233007360089
121,Bolivia,2,Female,2011,14.76423502212422
121,Bolivia,3,Both,2011,13.03028370717158
90,Norway,1,Male,2018,24.12228158018695
90,Norway,2,Female,2018,32.32563493214145
90,Norway,3,Both,2018,28.225839706399057
396,San Marino,1,Male,2014,25.06585897045044
396,San Marino,2,Female,2014,34.49422952895625
396,San Marino,3,Both,2014,30.035621913957723
94,Switzerland,1,Male,2018,16.05370593431185
94,Switzerland,2,Female,2018,27.5173512387337
94,Switzerland,3,Both,2018,21.88441001139434
522,Sudan,1,Male,2019,50.94354250416888
522,Sudan,2,Female,2019,67.23976868357008
522,Sudan,3,Both,2019,59.149954112805794
190,Uganda,1,Male,2017,3.07847326666275
190,Uganda,2,Female,2017,8.11609484100623
190,Uganda,3,Both,2017,5.7656756591730005
33,Armenia,1,Male,2014,7.631853875212791
33,Armenia,2,Female,2014,14.70834614644092
33,Armenia,3,Both,2014,11.45653338512078
98,Chile,1,Male,2018,9.13724900601042
98,Chile,2,Female,2018,24.47328883218302
98,Chile,3,Both,2018,17.1043199628594
194,Lesotho,1,Male,2017,2.13071506581224
194,Lesotho,2,Female,2017,6.2258058584953
194,Lesotho,3,Both,2017,4.34171800069831
102,United States,1,Male,2018,18.69549272249617
102,United States,2,Female,2018,31.02161108992182
102,United States,3,Both,2018,25.06636958430678
198,Zimbabwe,1,Male,2017,6.09044779542427
198,Zimbabwe,2,Female,2017,11.055895367249729
198,Zimbabwe,3,Both,2017,8.77089651491144
202,Cameroon,1,Male,2017,8.287326763311869
202,Cameroon,2,Female,2017,16.16347567866695
202,Cameroon,3,Both,2017,12.305405845645373
107,Barbados,1,Male,2018,27.85153715598792
107,Barbados,2,Female,2018,55.43856135037484
107,Barbados,3,Both,2018,42.4566754870716
206,The Gambia,1,Male,2017,4.88127800618319
206,The Gambia,2,Female,2017,12.8575612298827
206,The Gambia,3,Both,2017,8.99261853554528
522,Sudan,1,Male,2021,51.06034172208862
522,Sudan,2,Female,2021,67.79390403846693
522,Sudan,3,Both,2021,59.4838797146998
111,Dominican Republic,1,Male,2018,16.768133231706763
111,Dominican Republic,2,Female,2018,23.02294659909485
111,Dominican Republic,3,Both,2018,19.8939439489145
210,Liberia,1,Male,2017,10.89636675202776
210,Liberia,2,Female,2017,35.27804460088917
210,Liberia,3,Both,2017,22.865603570705225
29,Tonga,1,Male,2021,19.56423794703428
29,Tonga,2,Female,2021,46.60113089448217
29,Tonga,3,Both,2021,33.77382119229597
25,Federated States of Micronesia,1,Male,2020,41.66895657642498
25,Federated States of Micronesia,2,Female,2020,61.15184994767255
25,Federated States of Micronesia,3,Both,2020,51.33459407406043
115,Jamaica,1,Male,2018,10.500061204979309
115,Jamaica,2,Female,2018,39.72500870881804
115,Jamaica,3,Both,2018,25.48741599475689
214,Nigeria,1,Male,2017,9.29246415669443
214,Nigeria,2,Female,2017,17.41483425848877
214,Nigeria,3,Both,2017,13.58128930662303
99,Uruguay,1,Male,2012,14.44220425136214
99,Uruguay,2,Female,2012,23.924537260651828
99,Uruguay,3,Both,2012,19.5176012756586
119,Trinidad and Tobago,1,Male,2018,20.590666187356
119,Trinidad and Tobago,2,Female,2018,43.47720025294416
119,Trinidad and Tobago,3,Both,2018,32.07276492558006
218,Togo,1,Male,2017,3.4584144315801404
218,Togo,2,Female,2017,6.84576417874346
218,Togo,3,Both,2017,5.29636514382698
183,Mauritius,1,Male,2012,11.23713653009003
183,Mauritius,2,Female,2012,20.42468855703956
183,Mauritius,3,Both,2012,15.93446446641722
216,Senegal,1,Male,2012,10.819701059507569
216,Senegal,2,Female,2012,16.68197229660745
216,Senegal,3,Both,2012,13.85296732197015
123,Peru,1,Male,2018,11.892871015749307
123,Peru,2,Female,2018,15.929403285387467
123,Peru,3,Both,2018,13.955315800528233
113,Guyana,1,Male,2014,11.78562596731114
113,Guyana,2,Female,2014,30.05823065273372
113,Guyana,3,Both,2014,21.15646928207453
182,Malawi,1,Male,2021,4.42514043704098
182,Malawi,2,Female,2021,5.3901544811918
182,Malawi,3,Both,2021,4.93255152261844
47,Czech Republic,1,Male,2020,17.14697205312002
47,Czech Republic,2,Female,2020,29.28453423872714
47,Czech Republic,3,Both,2020,23.39206816030085
127,El Salvador,1,Male,2018,10.893366319832207
127,El Salvador,2,Female,2018,19.05957788513873
127,El Salvador,3,Both,2018,15.502175695320911
170,Congo,1,Male,2015,7.712721130920321
170,Congo,2,Female,2015,11.36419973220796
170,Congo,3,Both,2015,9.55673785451476
200,Benin,1,Male,2018,2.28853948725311
200,Benin,2,Female,2018,4.7592506278922
200,Benin,3,Both,2018,3.58194106569606
305,Bermuda,1,Male,2017,19.71603715485637
305,Bermuda,2,Female,2017,41.73571611774226
305,Bermuda,3,Both,2017,31.24394482743878
131,Nicaragua,1,Male,2018,6.98445137144754
131,Nicaragua,2,Female,2018,15.24823818757229
131,Nicaragua,3,Both,2018,11.30689230977014
125,Colombia,1,Male,2011,18.81039515617591
125,Colombia,2,Female,2011,32.456036233582466
125,Colombia,3,Both,2011,25.979633958050968
51,Poland,1,Male,2020,18.56095898344903
51,Poland,2,Female,2020,33.72389500000169
51,Poland,3,Both,2020,26.53063206842876
186,Seychelles,1,Male,2021,13.55405131756314
186,Seychelles,2,Female,2021,21.47919002220294
186,Seychelles,3,Both,2021,17.240645173872558
204,Chad,1,Male,2018,7.335990256305069
204,Chad,2,Female,2018,11.5392972200718
204,Chad,3,Both,2018,9.48276897427135
63,Ukraine,1,Male,2017,7.158145317021989
63,Ukraine,2,Female,2017,18.20930944090606
63,Ukraine,3,Both,2017,13.28086921849391
135,Brazil,1,Male,2018,21.39164400669721
135,Brazil,2,Female,2018,33.31617202448172
135,Brazil,3,Both,2018,27.6309983939083
117,Saint Vincent and the Grenadines,1,Male,2014,11.55357475406896
117,Saint Vincent and the Grenadines,2,Female,2014,27.053914220387547
117,Saint Vincent and the Grenadines,3,Both,2014,19.13858430709841
129,Honduras,1,Male,2011,7.3118659356001
129,Honduras,2,Female,2011,15.338354359053133
129,Honduras,3,Both,2011,11.526889888848553
139,Algeria,1,Male,2018,21.57574293510733
139,Algeria,2,Female,2018,39.88697582673855
139,Algeria,3,Both,2018,30.654061933449327
20,Vietnam,1,Male,2013,6.43849388096793
20,Vietnam,2,Female,2013,12.72409978962587
20,Vietnam,3,Both,2013,9.69190840106476
178,Eritrea,1,Male,2015,1.44864153425179
178,Eritrea,2,Female,2015,3.951695104856881
178,Eritrea,3,Both,2015,2.7272074703553
55,Slovenia,1,Male,2020,16.693531714366948
55,Slovenia,2,Female,2020,30.06327316900882
55,Slovenia,3,Both,2020,23.50290444383466
208,Guinea,1,Male,2018,3.1519045052509203
208,Guinea,2,Female,2018,9.88326237665401
208,Guinea,3,Both,2018,6.7551214576807
376,Northern Mariana Islands,1,Male,2017,22.66439049739163
376,Northern Mariana Islands,2,Female,2017,41.27407982937643
376,Northern Mariana Islands,3,Both,2017,31.67677968333756
143,Iraq,1,Male,2018,36.12273430179651
143,Iraq,2,Female,2018,49.759314873567526
143,Iraq,3,Both,2018,42.642627323915086
396,San Marino,1,Male,2017,25.41336786852616
396,San Marino,2,Female,2017,34.866026063037346
396,San Marino,3,Both,2017,30.39577486310935
148,Morocco,1,Male,2018,25.33973527488615
148,Morocco,2,Female,2018,42.159794659948105
148,Morocco,3,Both,2018,33.80095497917086
152,Saudi Arabia,1,Male,2018,22.09641873969796
152,Saudi Arabia,2,Female,2018,41.85275922539724
152,Saudi Arabia,3,Both,2018,29.85511074601403
156,United Arab Emirates,1,Male,2018,29.70585549647344
156,United Arab Emirates,2,Female,2018,35.7080579943999
156,United Arab Emirates,3,Both,2018,31.015758586196178
19,Timor-Leste,1,Male,2012,2.90228443430186
19,Timor-Leste,2,Female,2012,8.7565944139049
19,Timor-Leste,3,Both,2012,5.788137691536599
160,Afghanistan,1,Male,2018,14.985056759992322
160,Afghanistan,2,Female,2018,34.25289595035083
160,Afghanistan,3,Both,2018,24.66837882871466
164,Nepal,1,Male,2018,8.2733331578898
164,Nepal,2,Female,2018,13.049589658415153
164,Nepal,3,Both,2018,10.87310796817188
168,Angola,1,Male,2018,6.21516255338969
168,Angola,2,Female,2018,12.52979565163626
168,Angola,3,Both,2018,9.57600406311756
172,Equatorial Guinea,1,Male,2018,9.73371199119176
172,Equatorial Guinea,2,Female,2018,22.38076065078663
172,Equatorial Guinea,3,Both,2018,16.14231614228958
176,Comoros,1,Male,2018,2.4144669063315902
176,Comoros,2,Female,2018,9.21908024309728
176,Comoros,3,Both,2018,5.87845429814171
77,Cyprus,1,Male,2016,14.88981812468319
77,Cyprus,2,Female,2016,23.71237163149131
77,Cyprus,3,Both,2016,19.427348940257392
59,Latvia,1,Male,2020,11.47589608356148
59,Latvia,2,Female,2020,25.76561938526496
59,Latvia,3,Both,2020,19.44718084380165
133,Venezuela,1,Male,2011,9.335756871557969
133,Venezuela,2,Female,2011,18.28882542391612
133,Venezuela,3,Both,2011,13.92534228806586
180,Kenya,1,Male,2018,5.91543826198948
180,Kenya,2,Female,2018,20.62137921205425
180,Kenya,3,Both,2018,13.420710351187209
212,Mauritania,1,Male,2018,20.34406010319913
212,Mauritania,2,Female,2018,30.2300106379252
212,Mauritania,3,Both,2018,25.46757013204577
68,South Korea,1,Male,2017,23.19783401556728
68,South Korea,2,Female,2017,32.47878719118329
68,South Korea,3,Both,2017,27.872367889634603
182,Malawi,1,Male,2015,4.17984134896658
182,Malawi,2,Female,2015,4.98341050406494
182,Malawi,3,Both,2015,4.59926144319056
121,Bolivia,1,Male,2014,11.22126720081367
121,Bolivia,2,Female,2014,14.910196584040111
121,Bolivia,3,Both,2014,13.09527986633264
184,Mozambique,1,Male,2018,3.1975939209213897
184,Mozambique,2,Female,2018,7.821603028422521
184,Mozambique,3,Both,2018,5.673555868842859
351,Guam,1,Male,2012,11.90713661623698
351,Guam,2,Female,2012,26.92802447078751
351,Guam,3,Both,2012,19.33062567407217
72,New Zealand,1,Male,2017,28.88067710098392
72,New Zealand,2,Female,2017,38.06696580147332
72,New Zealand,3,Both,2017,33.61149460551737
216,Senegal,1,Male,2018,11.00102116920712
216,Senegal,2,Female,2018,17.302578513041688
216,Senegal,3,Both,2018,14.27458754686933
196,South Africa,1,Male,2021,18.95553708922991
196,South Africa,2,Female,2021,33.0048010093814
196,South Africa,3,Both,2021,26.29474366599605
141,Egypt,1,Male,2011,10.72745298916414
141,Egypt,2,Female,2011,33.28766059906832
141,Egypt,3,Both,2011,21.660335275899133
189,Tanzania,1,Male,2018,1.6498363802974598
189,Tanzania,2,Female,2018,3.87830534114738
189,Tanzania,3,Both,2018,2.81931033697766
76,Belgium,1,Male,2017,20.59430380336178
76,Belgium,2,Female,2017,32.88767503028872
76,Belgium,3,Both,2017,26.9354717547597
63,Ukraine,1,Male,2020,7.388547705305861
63,Ukraine,2,Female,2020,18.72798751196801
63,Ukraine,3,Both,2020,13.66227541344694
369,Nauru,1,Male,2012,12.10042056880048
369,Nauru,2,Female,2012,31.82217045618476
369,Nauru,3,Both,2012,22.12239243970565
190,Uganda,1,Male,2018,3.0919043248891698
190,Uganda,2,Female,2018,8.16589424872511
190,Uganda,3,Both,2018,5.8002489049222
194,Lesotho,1,Male,2018,2.15905744926218
194,Lesotho,2,Female,2018,6.27348797557931
194,Lesotho,3,Both,2018,4.37417685627398
29,Tonga,1,Male,2019,19.3758479462034
29,Tonga,2,Female,2019,46.29477923288466
29,Tonga,3,Both,2019,33.47308515431825
44,Bosnia and Herzegovina,1,Male,2011,10.52308471885514
44,Bosnia and Herzegovina,2,Female,2011,19.15119110001267
44,Bosnia and Herzegovina,3,Both,2011,14.9957179562446
23,Kiribati,1,Male,2021,26.0346797845802
23,Kiribati,2,Female,2021,50.70013115239925
23,Kiribati,3,Both,2021,39.120881759757445
385,Puerto Rico,1,Male,2012,21.42273745782113
385,Puerto Rico,2,Female,2012,37.29754525806095
385,Puerto Rico,3,Both,2012,29.930740777803127
80,France,1,Male,2017,23.271667708886408
80,France,2,Female,2017,33.76272085821036
80,France,3,Both,2017,28.79115186670989
200,Benin,1,Male,2021,2.3709316219145
200,Benin,2,Female,2021,4.97502762605225
200,Benin,3,Both,2021,3.72828295203588
186,Seychelles,1,Male,2015,12.395830603336009
186,Seychelles,2,Female,2015,20.30985324525395
186,Seychelles,3,Both,2015,16.13640040801565
125,Colombia,1,Male,2014,20.30400521658735
125,Colombia,2,Female,2014,34.715522117599015
125,Colombia,3,Both,2014,27.88382975955124
145,Kuwait,1,Male,2011,36.619322811393566
145,Kuwait,2,Female,2011,61.54578171977032
145,Kuwait,3,Both,2011,46.53763399015136
68,South Korea,1,Male,2020,24.52038152017342
68,South Korea,2,Female,2020,34.36039317159682
68,South Korea,3,Both,2020,29.46031131295238
416,Tuvalu,1,Male,2012,13.87588661175009
416,Tuvalu,2,Female,2012,32.14323628758326
416,Tuvalu,3,Both,2012,23.10457165331735
129,Honduras,1,Male,2014,7.363451650897029
129,Honduras,2,Female,2014,15.46978103695692
129,Honduras,3,Both,2014,11.65135161867486
84,Ireland,1,Male,2017,19.40422528889
84,Ireland,2,Female,2017,35.04624330526775
84,Ireland,3,Both,2017,27.42615080571969
204,Chad,1,Male,2021,7.27455298661223
204,Chad,2,Female,2021,11.64307849694715
204,Chad,3,Both,2021,9.50806639073793
72,New Zealand,1,Male,2020,28.92777109870935
72,New Zealand,2,Female,2020,38.59362318561758
72,New Zealand,3,Both,2020,33.85763844469365
435,South Sudan,1,Male,2012,3.22651776731526
435,South Sudan,2,Female,2012,7.82249795900059
435,South Sudan,3,Both,2012,5.50625970468486
133,Venezuela,1,Male,2014,9.59522526103196
133,Venezuela,2,Female,2014,18.84818976815576
133,Venezuela,3,Both,2014,14.33387440684934
88,Malta,1,Male,2017,24.22883863527666
88,Malta,2,Female,2017,37.58796185108625
88,Malta,3,Both,2017,30.98967445042155
208,Guinea,1,Male,2021,3.13259622757863
208,Guinea,2,Female,2021,10.063126858626047
208,Guinea,3,Both,2021,6.85903052935759
150,Oman,1,Male,2011,17.97923397602817
150,Oman,2,Female,2011,36.14994813680679
150,Oman,3,Both,2011,24.60156202555478
76,Belgium,1,Male,2020,21.08194399163979
76,Belgium,2,Female,2020,33.33586819718968
76,Belgium,3,Both,2020,27.390246592415068
11,Indonesia,1,Male,2019,15.751150144726738
11,Indonesia,2,Female,2019,26.082060044087218
11,Indonesia,3,Both,2019,20.90871003879625
33,Armenia,1,Male,2011,7.489242777860571
33,Armenia,2,Female,2011,14.322567194119229
33,Armenia,3,Both,2011,11.18681065698442
80,France,1,Male,2020,23.9124063291284
80,France,2,Female,2020,34.39820875881044
80,France,3,Both,2020,29.42952033818511
351,Guam,1,Male,2018,12.79852074368035
351,Guam,2,Female,2018,27.29845355387235
351,Guam,3,Both,2018,20.01619019944904
154,Tunisia,1,Male,2011,10.19310853720011
154,Tunisia,2,Female,2011,15.86426631674468
154,Tunisia,3,Both,2011,13.08434141597527
212,Mauritania,1,Male,2021,20.48843428623999
212,Mauritania,2,Female,2021,30.68207749285173
212,Mauritania,3,Both,2021,25.78390310344012
92,Spain,1,Male,2017,18.55297990980319
92,Spain,2,Female,2017,28.652042095693854
92,Spain,3,Both,2017,23.77749661716285
216,Senegal,1,Male,2021,11.15857304080165
216,Senegal,2,Female,2021,17.996483998666378
216,Senegal,3,Both,2021,14.70947814050235
369,Nauru,1,Male,2018,13.06175165524171
369,Nauru,2,Female,2018,33.917456977040025
369,Nauru,3,Both,2018,23.738555485076528
141,Egypt,1,Male,2014,10.45474215674058
141,Egypt,2,Female,2014,32.38940676268548
141,Egypt,3,Both,2014,21.04278518752132
84,Ireland,1,Male,2020,20.46635293878935
84,Ireland,2,Female,2020,36.38034618868189
84,Ireland,3,Both,2020,28.632369263058425
196,South Africa,1,Male,2015,18.209366832465708
196,South Africa,2,Female,2015,32.045896297843726
196,South Africa,3,Both,2015,25.48132328922992
33,Armenia,1,Male,2016,7.73438884694842
33,Armenia,2,Female,2016,14.90268218269675
33,Armenia,3,Both,2016,11.60530454794326
385,Puerto Rico,1,Male,2018,23.447959239132608
385,Puerto Rico,2,Female,2018,38.6684015870671
385,Puerto Rico,3,Both,2018,31.62138732139938
162,Bhutan,1,Male,2011,27.933879640789588
162,Bhutan,2,Female,2011,56.27822471400158
162,Bhutan,3,Both,2011,41.05270208379227
88,Malta,1,Male,2020,23.80467283035043
88,Malta,2,Female,2020,37.74941459412906
88,Malta,3,Both,2020,30.85039853232663
145,Kuwait,1,Male,2014,36.65864697727797
145,Kuwait,2,Female,2014,62.05023682401031
145,Kuwait,3,Both,2014,47.40569086163184
416,Tuvalu,1,Male,2018,13.7894568929298
416,Tuvalu,2,Female,2018,32.51584268649584
416,Tuvalu,3,Both,2018,22.98828496530942
200,Benin,1,Male,2015,2.18939675034592
200,Benin,2,Female,2015,4.54606581878502
200,Benin,3,Both,2015,3.43060828743795
26,Papua New Guinea,1,Male,2001,11.02291160189706
26,Papua New Guinea,2,Female,2001,30.18802680789609
26,Papua New Guinea,3,Both,2001,20.38240003408982
435,South Sudan,1,Male,2018,3.7075806632935
435,South Sudan,2,Female,2018,8.47262030999957
435,South Sudan,3,Both,2018,6.17637209676131
204,Chad,1,Male,2015,7.31437615275581
204,Chad,2,Female,2015,11.39328098936248
204,Chad,3,Both,2015,9.4002343026499
30,Vanuatu,1,Male,2013,4.32394364233792
30,Vanuatu,2,Female,2013,8.32747916576357
30,Vanuatu,3,Both,2013,6.31720589589011
23,Kiribati,1,Male,2018,25.82955648874739
23,Kiribati,2,Female,2018,50.31759626647654
23,Kiribati,3,Both,2018,38.79048760734735
109,Cuba,1,Male,2017,15.37356304845334
109,Cuba,2,Female,2017,36.11063645399364
109,Cuba,3,Both,2017,25.9316348924582
92,Spain,1,Male,2020,19.67278173003998
92,Spain,2,Female,2020,29.698079670042848
92,Spain,3,Both,2020,24.87292103256533
150,Oman,1,Male,2014,18.80663322665575
150,Oman,2,Female,2014,37.33853252392811
150,Oman,3,Both,2014,25.31151552684782
113,Guyana,1,Male,2017,12.32212742730775
113,Guyana,2,Female,2017,30.84120462638218
113,Guyana,3,Both,2017,21.88375184071091
208,Guinea,1,Male,2015,3.13425830969747
208,Guinea,2,Female,2015,9.76650501682998
208,Guinea,3,Both,2015,6.67127705295238
351,Guam,1,Male,2021,12.96757777664069
351,Guam,2,Female,2021,27.426782530795418
351,Guam,3,Both,2021,20.2107262024584
117,Saint Vincent and the Grenadines,1,Male,2017,11.98815869899264
117,Saint Vincent and the Grenadines,2,Female,2017,27.72022055060967
117,Saint Vincent and the Grenadines,3,Both,2017,19.69297462824853
154,Tunisia,1,Male,2014,10.78503592755633
154,Tunisia,2,Female,2014,16.76861061270167
154,Tunisia,3,Both,2014,13.839056414964428
15,Myanmar,1,Male,2003,2.4352302369554697
15,Myanmar,2,Female,2003,4.91559323751216
15,Myanmar,3,Both,2003,3.7462134590685694
369,Nauru,1,Male,2021,13.52017540278117
369,Nauru,2,Female,2021,34.72160325394673
369,Nauru,3,Both,2021,24.40045313487693
121,Bolivia,1,Male,2017,11.5077525146934
121,Bolivia,2,Female,2017,15.5837648826823
121,Bolivia,3,Both,2017,13.573943032736771
212,Mauritania,1,Male,2015,20.10512744632419
212,Mauritania,2,Female,2015,29.80377189515393
212,Mauritania,3,Both,2015,25.127737205275142
385,Puerto Rico,1,Male,2021,24.23020158506326
385,Puerto Rico,2,Female,2021,39.468171622378925
385,Puerto Rico,3,Both,2021,32.41615468643112
416,Tuvalu,1,Male,2021,13.88308452464929
416,Tuvalu,2,Female,2021,32.77092259530074
416,Tuvalu,3,Both,2021,23.07224245407072
109,Cuba,1,Male,2020,15.81712219915585
109,Cuba,2,Female,2020,37.00341371508902
109,Cuba,3,Both,2020,26.62514121479365
125,Colombia,1,Male,2017,21.62689789832747
125,Colombia,2,Female,2017,36.46265877850416
125,Colombia,3,Both,2017,29.431727498580628
216,Senegal,1,Male,2015,10.91779038755255
216,Senegal,2,Female,2015,16.950223344603828
216,Senegal,3,Both,2015,14.047425492305807
33,Armenia,1,Male,2017,7.82938373220972
33,Armenia,2,Female,2017,15.079388248905907
33,Armenia,3,Both,2017,11.742891385309
435,South Sudan,1,Male,2021,3.78053484202434
435,South Sudan,2,Female,2021,8.66777737713718
435,South Sudan,3,Both,2021,6.338710581296141
113,Guyana,1,Male,2020,12.60216945144689
113,Guyana,2,Female,2020,31.190612670154223
113,Guyana,3,Both,2020,22.21209009795213
129,Honduras,1,Male,2017,7.42707508409048
129,Honduras,2,Female,2017,15.574322849829487
129,Honduras,3,Both,2017,11.76011014257078
117,Saint Vincent and the Grenadines,1,Male,2020,12.42101999979408
117,Saint Vincent and the Grenadines,2,Female,2020,28.27373938383645
117,Saint Vincent and the Grenadines,3,Both,2020,20.18431070987146
37,Kyrgyzstan,1,Male,2014,5.21378103445982
37,Kyrgyzstan,2,Female,2014,12.70206575863804
37,Kyrgyzstan,3,Both,2014,9.12392176441826
133,Venezuela,1,Male,2017,9.6243063440532
133,Venezuela,2,Female,2017,19.06985510251345
133,Venezuela,3,Both,2017,14.46690477632152
121,Bolivia,1,Male,2020,11.75246966158896
121,Bolivia,2,Female,2020,15.96300399756514
121,Bolivia,3,Both,2020,13.884316970295622
23,Kiribati,1,Male,2012,25.9258945694061
23,Kiribati,2,Female,2012,49.94414552390485
23,Kiribati,3,Both,2012,38.612940055127645
141,Egypt,1,Male,2017,10.90764309160863
141,Egypt,2,Female,2017,33.13676454731812
141,Egypt,3,Both,2017,21.612371127388847
125,Colombia,1,Male,2020,22.41181893130271
125,Colombia,2,Female,2020,37.69037242266079
125,Colombia,3,Both,2020,30.41357282771856
145,Kuwait,1,Male,2017,36.77217873139039
145,Kuwait,2,Female,2017,62.02276650062917
145,Kuwait,3,Both,2017,47.97409755630554
129,Honduras,1,Male,2020,7.47482409312398
129,Honduras,2,Female,2020,15.71709465289835
129,Honduras,3,Both,2020,11.87391412234452
150,Oman,1,Male,2017,19.57586886402154
150,Oman,2,Female,2017,38.22487473923944
150,Oman,3,Both,2017,25.89131734729487
133,Venezuela,1,Male,2020,10.16082865592558
133,Venezuela,2,Female,2020,19.65883383478205
133,Venezuela,3,Both,2020,15.144820456398412
27,Samoa,1,Male,2021,23.80970191264387
27,Samoa,2,Female,2021,62.55157417202967
27,Samoa,3,Both,2021,42.74309749578732
154,Tunisia,1,Male,2017,11.46672586825048
154,Tunisia,2,Female,2017,17.77582588446883
154,Tunisia,3,Both,2017,14.69254212077271
141,Egypt,1,Male,2020,11.45986044170971
141,Egypt,2,Female,2020,33.88471714101894
141,Egypt,3,Both,2020,22.24771475425415
66,Brunei,1,Male,2020,17.561722370342668
66,Brunei,2,Female,2020,26.39749789476497
66,Brunei,3,Both,2020,21.74908941673247
29,Tonga,1,Male,2020,19.480581275969215
29,Tonga,2,Female,2020,46.51890759947753
29,Tonga,3,Both,2020,33.66655661437633
351,Guam,1,Male,2015,12.418440665568893
351,Guam,2,Female,2015,27.27091035643337
351,Guam,3,Both,2015,19.77432418661224
145,Kuwait,1,Male,2020,37.28069523915309
145,Kuwait,2,Female,2020,62.06688544662266
145,Kuwait,3,Both,2020,48.69258410486843
369,Nauru,1,Male,2015,12.54813376509288
369,Nauru,2,Female,2015,32.75344948754161
369,Nauru,3,Both,2015,22.85828024546176
385,Puerto Rico,1,Male,2015,22.5462792629518
385,Puerto Rico,2,Female,2015,37.98153463052974
385,Puerto Rico,3,Both,2015,30.81190795987571
416,Tuvalu,1,Male,2015,13.75864199616933
416,Tuvalu,2,Female,2015,32.25813171744894
416,Tuvalu,3,Both,2015,22.961530759134
74,Andorra,1,Male,2020,20.15737458211658
74,Andorra,2,Female,2020,30.12026739858678
74,Andorra,3,Both,2020,25.00372065831538
435,South Sudan,1,Male,2015,3.2932727078488697
435,South Sudan,2,Female,2015,7.995743320892091
435,South Sudan,3,Both,2015,5.65801021920005
78,Denmark,1,Male,2020,17.82207364827418
78,Denmark,2,Female,2020,28.65494204461757
78,Denmark,3,Both,2020,23.32477912769027
23,Kiribati,1,Male,2015,25.604231129039068
23,Kiribati,2,Female,2015,49.93220351888079
23,Kiribati,3,Both,2015,38.45988143483243
22,Fiji,1,Male,2016,20.32279987114529
22,Fiji,2,Female,2016,39.54961797906128
22,Fiji,3,Both,2016,29.862474248398307
91,Portugal,1,Male,2018,24.20544378059443
91,Portugal,2,Female,2018,35.08010920788746
91,Portugal,3,Both,2018,30.02534847018396
33,Armenia,1,Male,2021,8.20163268082233
33,Armenia,2,Female,2021,15.745815303683642
33,Armenia,3,Both,2021,12.27152751750109
25,Federated States of Micronesia,1,Male,2013,41.76859188883234
25,Federated States of Micronesia,2,Female,2013,61.73145273962791
25,Federated States of Micronesia,3,Both,2013,51.72966593715431
82,Greece,1,Male,2020,16.99102668515518
82,Greece,2,Female,2020,28.48657407276417
82,Greece,3,Both,2020,22.98451626986929
27,Samoa,1,Male,2018,23.40193950118685
27,Samoa,2,Female,2018,61.95246297733112
27,Samoa,3,Both,2018,42.2208585456547
86,Italy,1,Male,2020,23.84780067665161
86,Italy,2,Female,2020,38.4023683224852
86,Italy,3,Both,2020,31.44535203042788
37,Kyrgyzstan,1,Male,2021,5.50892486466827
37,Kyrgyzstan,2,Female,2021,13.15245285434469
37,Kyrgyzstan,3,Both,2021,9.49931640607854
41,Uzbekistan,1,Male,2021,2.59863842639349
41,Uzbekistan,2,Female,2021,10.49087678180982
41,Uzbekistan,3,Both,2021,6.65693342816992
90,Norway,1,Male,2020,24.39368610311374
90,Norway,2,Female,2020,32.724661280329784
90,Norway,3,Both,2020,28.553048210670017
45,Bulgaria,1,Male,2021,13.85592139822165
45,Bulgaria,2,Female,2021,26.679377993285268
45,Bulgaria,3,Both,2021,20.58854789790518
94,Switzerland,1,Male,2020,16.20868658781875
94,Switzerland,2,Female,2020,28.00722095419802
94,Switzerland,3,Both,2020,22.19677627747668
15,Myanmar,1,Male,2014,2.9898230483971897
15,Myanmar,2,Female,2014,6.36803672687962
15,Myanmar,3,Both,2014,4.79093471764475
49,Macedonia,1,Male,2021,10.91967323705773
49,Macedonia,2,Female,2021,21.50543560144682
49,Macedonia,3,Both,2021,16.172444896036282
98,Chile,1,Male,2020,9.2340127086914
98,Chile,2,Female,2020,24.78844830078466
98,Chile,3,Both,2020,17.29295635288198
53,Serbia,1,Male,2021,11.32696681047668
53,Serbia,2,Female,2021,22.53564189688696
53,Serbia,3,Both,2021,17.0535774548779
102,United States,1,Male,2020,19.53822465895372
102,United States,2,Female,2020,31.4855976964869
102,United States,3,Both,2020,25.71530681748638
27,Samoa,1,Male,2012,22.53254808559074
27,Samoa,2,Female,2012,60.61057479427496
27,Samoa,3,Both,2012,41.07521500145167
57,Belarus,1,Male,2021,9.27304112151562
57,Belarus,2,Female,2021,20.18252971751071
57,Belarus,3,Both,2021,15.29682767501841
107,Barbados,1,Male,2020,27.97810538143568
107,Barbados,2,Female,2020,55.47263436253612
107,Barbados,3,Both,2020,42.53461652477832
61,Moldova,1,Male,2021,9.59440183878204
61,Moldova,2,Female,2021,21.49659111074748
61,Moldova,3,Both,2021,15.9770633065104
111,Dominican Republic,1,Male,2020,17.03651882595419
111,Dominican Republic,2,Female,2020,23.463817779012068
111,Dominican Republic,3,Both,2020,20.25110280641999
380,Palau,1,Male,2013,19.76550003434991
380,Palau,2,Female,2013,39.90277126373567
380,Palau,3,Both,2013,29.0546531585196
11,Indonesia,1,Male,2013,14.5156995433067
11,Indonesia,2,Female,2013,23.72052560673734
11,Indonesia,3,Both,2013,19.12894245203009
33,Armenia,1,Male,2019,8.03130168751928
33,Armenia,2,Female,2019,15.426016775883111
33,Armenia,3,Both,2019,12.01933138327827
115,Jamaica,1,Male,2020,10.62739317831806
115,Jamaica,2,Female,2020,39.720927462652575
115,Jamaica,3,Both,2020,25.51619404686719
66,Brunei,1,Male,2021,17.70506807618241
66,Brunei,2,Female,2021,26.59782415423352
66,Brunei,3,Both,2021,21.91318398271093
35,Georgia,1,Male,2021,8.76790225874266
35,Georgia,2,Female,2021,16.31858090709369
35,Georgia,3,Both,2021,12.85852096518784
119,Trinidad and Tobago,1,Male,2020,21.334500121821836
119,Trinidad and Tobago,2,Female,2020,43.45494323766604
119,Trinidad and Tobago,3,Both,2020,32.45164038490856
74,Andorra,1,Male,2021,20.28239629788764
74,Andorra,2,Female,2021,30.31625436640841
74,Andorra,3,Both,2021,25.1529467319474
22,Fiji,1,Male,2014,19.886116965402607
22,Fiji,2,Female,2014,39.11496352188418
22,Fiji,3,Both,2014,29.41269594675884
78,Denmark,1,Male,2021,18.01967263879872
78,Denmark,2,Female,2021,28.81080047993724
78,Denmark,3,Both,2021,23.49758586135465
123,Peru,1,Male,2020,11.92295630873672
123,Peru,2,Female,2020,16.05845427813759
123,Peru,3,Both,2020,14.03344412612009
82,Greece,1,Male,2021,17.09941063101326
82,Greece,2,Female,2021,28.69034140027052
82,Greece,3,Both,2021,23.14928580363173
127,El Salvador,1,Male,2020,10.93376416304086
127,El Salvador,2,Female,2020,19.07595506695163
127,El Salvador,3,Both,2020,15.53076690702791
131,Nicaragua,1,Male,2020,7.060984383328529
131,Nicaragua,2,Female,2020,15.44066030313232
131,Nicaragua,3,Both,2020,11.44085046534015
86,Italy,1,Male,2021,23.984985132169907
86,Italy,2,Female,2021,38.55821379405399
86,Italy,3,Both,2021,31.58727713308459
27,Samoa,1,Male,2015,22.937123577054848
27,Samoa,2,Female,2015,61.14206204503445
27,Samoa,3,Both,2015,41.56489818110703
135,Brazil,1,Male,2020,22.29259462352632
135,Brazil,2,Female,2020,34.01258059397246
135,Brazil,3,Both,2020,28.42907681933335
37,Kyrgyzstan,1,Male,2011,5.216259708089329
37,Kyrgyzstan,2,Female,2011,12.66011732608423
37,Kyrgyzstan,3,Both,2011,9.09968825167231
139,Algeria,1,Male,2020,22.08170011004332
139,Algeria,2,Female,2020,40.541013745504166
139,Algeria,3,Both,2020,31.23390945453059
90,Norway,1,Male,2021,24.56683314057458
90,Norway,2,Female,2021,32.954243153227395
90,Norway,3,Both,2021,28.75027013162735
143,Iraq,1,Male,2020,36.16690351063292
143,Iraq,2,Female,2020,50.142995692722906
143,Iraq,3,Both,2020,42.85588430310527
94,Switzerland,1,Male,2021,16.31487831804526
94,Switzerland,2,Female,2021,28.126196293428528
94,Switzerland,3,Both,2021,22.30454007474457
98,Chile,1,Male,2021,9.31502331032778
98,Chile,2,Female,2021,24.8926862234194
98,Chile,3,Both,2021,17.383164178296152
148,Morocco,1,Male,2020,25.523405399613104
148,Morocco,2,Female,2020,42.53444904066872
148,Morocco,3,Both,2020,34.06059620562532
102,United States,1,Male,2021,19.870214071362348
102,United States,2,Female,2021,31.74544206003832
102,United States,3,Both,2021,26.01294733319283
22,Fiji,1,Male,2018,20.75590430929427
22,Fiji,2,Female,2018,40.28044195019072
22,Fiji,3,Both,2018,30.460120692616183
152,Saudi Arabia,1,Male,2020,22.72571354139474
152,Saudi Arabia,2,Female,2020,42.45124461707255
152,Saudi Arabia,3,Both,2020,30.46560411556907
35,Georgia,1,Male,2018,8.57606178064961
35,Georgia,2,Female,2018,15.947018384676053
35,Georgia,3,Both,2018,12.58026659018725
37,Kyrgyzstan,1,Male,2016,5.2498524780962095
37,Kyrgyzstan,2,Female,2016,12.7558840366124
37,Kyrgyzstan,3,Both,2016,9.16947925182551
107,Barbados,1,Male,2021,27.98257236739573
107,Barbados,2,Female,2021,55.52158128631889
107,Barbados,3,Both,2021,42.56210051820795
156,United Arab Emirates,1,Male,2020,31.29274816406046
156,United Arab Emirates,2,Female,2020,36.99988040412753
156,United Arab Emirates,3,Both,2020,32.556989460651984
111,Dominican Republic,1,Male,2021,17.0384536627955
111,Dominican Republic,2,Female,2021,23.63118727910803
111,Dominican Republic,3,Both,2021,20.338204924458008
41,Uzbekistan,1,Male,2016,2.34146814636898
41,Uzbekistan,2,Female,2016,9.88536302832758
41,Uzbekistan,3,Both,2016,6.22635175146691
160,Afghanistan,1,Male,2020,15.039362362997547
160,Afghanistan,2,Female,2020,34.4106753701519
160,Afghanistan,3,Both,2020,24.739998288467348
126,Costa Rica,1,Male,2018,11.65850577240502
126,Costa Rica,2,Female,2018,20.89330959022698
126,Costa Rica,3,Both,2018,16.52249268750934
115,Jamaica,1,Male,2021,10.68087074577397
115,Jamaica,2,Female,2021,39.70184272818217
115,Jamaica,3,Both,2021,25.52113851650926
45,Bulgaria,1,Male,2016,13.10100063107155
45,Bulgaria,2,Female,2016,25.15974529091647
45,Bulgaria,3,Both,2016,19.404061121428786
164,Nepal,1,Male,2020,8.23287231737719
164,Nepal,2,Female,2020,13.27106218476124
164,Nepal,3,Both,2020,10.99303195972776
119,Trinidad and Tobago,1,Male,2021,21.63090402988825
119,Trinidad and Tobago,2,Female,2021,43.45313397164046
119,Trinidad and Tobago,3,Both,2021,32.6141662446033
168,Angola,1,Male,2020,6.23121801033263
168,Angola,2,Female,2020,12.611210991709427
168,Angola,3,Both,2020,9.63366873384976
49,Macedonia,1,Male,2016,10.34327401469321
49,Macedonia,2,Female,2016,20.64788023980531
49,Macedonia,3,Both,2016,15.47113706128169
41,Uzbekistan,1,Male,2014,2.25466195483595
41,Uzbekistan,2,Female,2014,9.55608870619534
41,Uzbekistan,3,Both,2014,6.01668490164787
123,Peru,1,Male,2021,11.89329031933486
123,Peru,2,Female,2021,16.10163134752613
123,Peru,3,Both,2021,14.04354778169886
172,Equatorial Guinea,1,Male,2020,9.67287170356721
172,Equatorial Guinea,2,Female,2020,22.517282259981112
172,Equatorial Guinea,3,Both,2020,16.071763447306157
53,Serbia,1,Male,2016,10.881539824419727
53,Serbia,2,Female,2016,21.76674537666408
53,Serbia,3,Both,2016,16.486471048950772
35,Georgia,1,Male,2012,8.10575432371413
35,Georgia,2,Female,2012,15.3035599230123
35,Georgia,3,Both,2012,12.046087170623167
127,El Salvador,1,Male,2021,10.76629435844815
127,El Salvador,2,Female,2021,19.01615110812157
127,El Salvador,3,Both,2021,15.42616947941645
37,Kyrgyzstan,1,Male,2017,5.303319318511869
37,Kyrgyzstan,2,Female,2017,12.848217585146427
37,Kyrgyzstan,3,Both,2017,9.24259907201433
176,Comoros,1,Male,2020,2.51029027015131
176,Comoros,2,Female,2020,9.41702976481049
176,Comoros,3,Both,2020,6.02360292734346
131,Nicaragua,1,Male,2021,7.07387382234659
131,Nicaragua,2,Female,2021,15.51506560447645
131,Nicaragua,3,Both,2021,11.48777852213702
180,Kenya,1,Male,2020,6.05502607422848
180,Kenya,2,Female,2020,20.87189479503172
180,Kenya,3,Both,2020,13.63025669048424
135,Brazil,1,Male,2021,22.49597229015981
135,Brazil,2,Female,2021,34.422255830266366
135,Brazil,3,Both,2021,28.74423841698297
57,Belarus,1,Male,2016,8.62578713709345
57,Belarus,2,Female,2016,19.20952646258339
57,Belarus,3,Both,2016,14.47640085744252
184,Mozambique,1,Male,2020,3.20815608386697
184,Mozambique,2,Female,2020,7.85535382678229
184,Mozambique,3,Both,2020,5.70011706425748
139,Algeria,1,Male,2021,22.318253919474778
139,Algeria,2,Female,2021,40.89567532002558
139,Algeria,3,Both,2021,31.53637660344283
189,Tanzania,1,Male,2020,1.7151160736504498
189,Tanzania,2,Female,2020,4.01539264415063
189,Tanzania,3,Both,2020,2.92529202058755
143,Iraq,1,Male,2021,36.24412301689133
143,Iraq,2,Female,2021,50.341132926858656
143,Iraq,3,Both,2021,42.99910555241853
61,Moldova,1,Male,2016,8.91742532714399
61,Moldova,2,Female,2016,19.944768242054582
61,Moldova,3,Both,2016,14.8258448140992
33,Armenia,1,Male,2020,8.06733365238053
33,Armenia,2,Female,2020,15.543699479129891
33,Armenia,3,Both,2020,12.09969389120216
17,Sri Lanka,1,Male,2015,4.79064021165456
17,Sri Lanka,2,Female,2015,12.47352485009086
17,Sri Lanka,3,Both,2015,8.8488382718953
190,Uganda,1,Male,2020,3.1132301465811403
190,Uganda,2,Female,2020,8.26118731058836
190,Uganda,3,Both,2020,5.863048939194
39,Tajikistan,1,Male,2021,5.39104803159559
39,Tajikistan,2,Female,2021,11.51201327504749
39,Tajikistan,3,Both,2021,8.467185274187921
66,Brunei,1,Male,2016,17.29688861685772
66,Brunei,2,Female,2016,25.97966105599142
66,Brunei,3,Both,2016,21.44581494643466
148,Morocco,1,Male,2021,25.53373911515575
148,Morocco,2,Female,2021,42.76064956846837
148,Morocco,3,Both,2021,34.17484079475925
194,Lesotho,1,Male,2020,2.21204494196375
194,Lesotho,2,Female,2020,6.36559477753673
194,Lesotho,3,Both,2020,4.43693889608135
198,Zimbabwe,1,Male,2020,6.1921028549890105
198,Zimbabwe,2,Female,2020,11.33027363619445
198,Zimbabwe,3,Both,2020,8.97362335661666
74,Andorra,1,Male,2016,19.36271251747502
74,Andorra,2,Female,2016,28.98616419991627
74,Andorra,3,Both,2016,24.10518411536677
152,Saudi Arabia,1,Male,2021,23.20732980479388
152,Saudi Arabia,2,Female,2021,42.98092428965357
152,Saudi Arabia,3,Both,2021,30.966481367503828
93,Sweden,1,Male,2021,20.35431093103938
93,Sweden,2,Female,2021,29.88464899731959
93,Sweden,3,Both,2021,25.14017840766697
202,Cameroon,1,Male,2020,8.49646724359079
202,Cameroon,2,Female,2020,16.61340244396238
202,Cameroon,3,Both,2020,12.63390110794266
78,Denmark,1,Male,2016,17.26582022364602
78,Denmark,2,Female,2016,27.83069258165624
78,Denmark,3,Both,2016,22.64914545571562
156,United Arab Emirates,1,Male,2021,31.93085916625027
156,United Arab Emirates,2,Female,2021,37.65383247640795
156,United Arab Emirates,3,Both,2021,33.2095891735558
29,Tonga,1,Male,2013,18.91803823245202
29,Tonga,2,Female,2013,45.89688592884451
29,Tonga,3,Both,2013,32.84559732112159
82,Greece,1,Male,2016,16.319199836578242
82,Greece,2,Female,2016,27.4713979162744
82,Greece,3,Both,2016,22.11208666412883
206,The Gambia,1,Male,2020,4.99997116844131
206,The Gambia,2,Female,2020,13.083655656337632
206,The Gambia,3,Both,2020,9.17379811965049
160,Afghanistan,1,Male,2021,15.0565095995975
160,Afghanistan,2,Female,2021,34.52699574115392
160,Afghanistan,3,Both,2021,24.79557455964755
86,Italy,1,Male,2016,22.92742730152567
86,Italy,2,Female,2016,37.64892127544459
86,Italy,3,Both,2016,30.63416831461137
210,Liberia,1,Male,2020,11.162261940499931
210,Liberia,2,Female,2020,35.68516840952435
210,Liberia,3,Both,2020,23.18993101530103
164,Nepal,1,Male,2021,8.20791119517259
164,Nepal,2,Female,2021,13.384422756521287
164,Nepal,3,Both,2021,11.05378603391421
35,Georgia,1,Male,2015,8.33220975064304
35,Georgia,2,Female,2015,15.54918716637775
35,Georgia,3,Both,2015,12.26633619073449
168,Angola,1,Male,2021,6.21802666276791
168,Angola,2,Female,2021,12.65210321562154
168,Angola,3,Both,2021,9.65319711814692
214,Nigeria,1,Male,2020,9.39684124902114
214,Nigeria,2,Female,2020,17.76693682261858
214,Nigeria,3,Both,2020,13.88129708699645
90,Norway,1,Male,2016,23.94345682848159
90,Norway,2,Female,2016,32.02747010811791
90,Norway,3,Both,2016,27.996586364343827
218,Togo,1,Male,2020,3.65310435976442
218,Togo,2,Female,2020,7.22367580448737
218,Togo,3,Both,2020,5.58351606169853
172,Equatorial Guinea,1,Male,2021,9.687485601919391
172,Equatorial Guinea,2,Female,2021,22.62268881063466
172,Equatorial Guinea,3,Both,2021,16.07977921742702
94,Switzerland,1,Male,2016,15.8345321595934
94,Switzerland,2,Female,2016,27.465387024892312
94,Switzerland,3,Both,2016,21.76192255697612
176,Comoros,1,Male,2021,2.55280619165498
176,Comoros,2,Female,2021,9.49213085802119
176,Comoros,3,Both,2021,6.08264738736686
101,Canada,1,Male,2013,8.86607572600493
101,Canada,2,Female,2013,15.20998533176636
101,Canada,3,Both,2013,12.14820861658872
98,Chile,1,Male,2016,8.94291364324445
98,Chile,2,Female,2016,23.91513521992518
98,Chile,3,Both,2016,16.730466198547152
180,Kenya,1,Male,2021,6.11444365220051
180,Kenya,2,Female,2021,20.97335850241202
180,Kenya,3,Both,2021,13.72468919335255
102,United States,1,Male,2016,17.85831651119767
102,United States,2,Female,2016,30.55103561943388
102,United States,3,Both,2016,24.41891600921187
305,Bermuda,1,Male,2020,20.388675098501945
305,Bermuda,2,Female,2020,42.9668816909564
305,Bermuda,3,Both,2020,32.19373774333451
39,Tajikistan,1,Male,2018,5.330411984910341
39,Tajikistan,2,Female,2018,11.20328002761342
39,Tajikistan,3,Both,2018,8.2811611698536
107,Barbados,1,Male,2016,27.807246727671707
107,Barbados,2,Female,2016,55.55394269243781
107,Barbados,3,Both,2016,42.51141588243015
111,Dominican Republic,1,Male,2016,16.51845121659779
111,Dominican Republic,2,Female,2016,22.51912798298675
111,Dominican Republic,3,Both,2016,19.51576589137525
376,Northern Mariana Islands,1,Male,2020,22.54947820488013
376,Northern Mariana Islands,2,Female,2020,41.07279070240837
376,Northern Mariana Islands,3,Both,2020,31.2839453303206
37,Kyrgyzstan,1,Male,2019,5.43239684221468
37,Kyrgyzstan,2,Female,2019,13.033734388506549
37,Kyrgyzstan,3,Both,2019,9.40018061005082
115,Jamaica,1,Male,2016,10.37148716789736
115,Jamaica,2,Female,2016,39.74647989570318
115,Jamaica,3,Both,2016,25.459393204638893
396,San Marino,1,Male,2020,25.385837492542617
396,San Marino,2,Female,2020,35.145568719229445
396,San Marino,3,Both,2020,30.52839633676741
119,Trinidad and Tobago,1,Male,2016,19.90541877143177
119,Trinidad and Tobago,2,Female,2016,43.41971291247864
119,Trinidad and Tobago,3,Both,2016,31.685025261083013
123,Peru,1,Male,2016,11.75762563637632
123,Peru,2,Female,2016,15.64562503153317
123,Peru,3,Both,2016,13.74332521447639
127,El Salvador,1,Male,2016,11.05567234883247
127,El Salvador,2,Female,2016,18.958565030409694
127,El Salvador,3,Both,2016,15.51228109297763
39,Tajikistan,1,Male,2012,5.2771976625244905
39,Tajikistan,2,Female,2012,10.66460680118435
39,Tajikistan,3,Both,2012,7.98425023829063
131,Nicaragua,1,Male,2016,6.88439424689867
131,Nicaragua,2,Female,2016,15.05680662387901
131,Nicaragua,3,Both,2016,11.16427549053889
135,Brazil,1,Male,2016,21.11139969816543
135,Brazil,2,Female,2016,32.81985187402381
135,Brazil,3,Both,2016,27.23247664028078
43,Albania,1,Male,2021,12.08034478218142
43,Albania,2,Female,2021,23.46246610921906
43,Albania,3,Both,2021,17.85352873424755
367,Monaco,1,Male,2016,26.6847603418509
367,Monaco,2,Female,2016,39.04882788595623
367,Monaco,3,Both,2016,33.10346188743225
41,Uzbekistan,1,Male,2011,2.1607206675980697
41,Uzbekistan,2,Female,2011,9.01019452905745
41,Uzbekistan,3,Both,2011,5.69338192122302
11,Indonesia,1,Male,2011,14.22667691964634
11,Indonesia,2,Female,2011,23.13851160583241
11,Indonesia,3,Both,2011,18.6995553551396
39,Tajikistan,1,Male,2015,5.21053083904131
39,Tajikistan,2,Female,2015,10.840288457792967
39,Tajikistan,3,Both,2015,8.04103453262111
41,Uzbekistan,1,Male,2017,2.39642195739436
41,Uzbekistan,2,Female,2017,10.04694805202437
41,Uzbekistan,3,Both,2017,6.335075721425699
17,Sri Lanka,1,Male,2011,4.447002938342219
17,Sri Lanka,2,Female,2011,11.88840348851944
17,Sri Lanka,3,Both,2011,8.35455677116434
201,Burkina Faso,1,Male,2017,3.91716641855348
201,Burkina Faso,2,Female,2017,8.57067042117813
201,Burkina Faso,3,Both,2017,6.390126387728159
45,Bulgaria,1,Male,2014,12.861973413580118
45,Bulgaria,2,Female,2014,24.614117557684008
45,Bulgaria,3,Both,2014,19.00085742115989
37,Kyrgyzstan,1,Male,2020,5.46997108143762
37,Kyrgyzstan,2,Female,2020,13.095518150870362
37,Kyrgyzstan,3,Both,2020,9.45024428003198
43,Albania,1,Male,2018,11.7988142157453
43,Albania,2,Female,2018,22.576652870088505
43,Albania,3,Both,2018,17.25931192035285
49,Macedonia,1,Male,2014,10.04345218982507
49,Macedonia,2,Female,2014,20.32060403706021
49,Macedonia,3,Both,2014,15.165570898880553
33,Armenia,1,Male,2013,7.62421989265063
33,Armenia,2,Female,2013,14.63709274608867
33,Armenia,3,Both,2013,11.4162990052283
53,Serbia,1,Male,2014,10.7130024928405
53,Serbia,2,Female,2014,21.50580987221164
53,Serbia,3,Both,2014,16.292125397007958
57,Belarus,1,Male,2014,8.4405041694098
57,Belarus,2,Female,2014,18.89425683845947
57,Belarus,3,Both,2014,14.22824410089212
43,Albania,1,Male,2012,10.59577797610213
43,Albania,2,Female,2012,20.30229005057195
43,Albania,3,Both,2012,15.53622232592348
61,Moldova,1,Male,2014,8.69582944279122
61,Moldova,2,Female,2014,19.39749758532977
61,Moldova,3,Both,2014,14.43202056970652
66,Brunei,1,Male,2014,17.06886373032666
66,Brunei,2,Female,2014,25.732531444367368
66,Brunei,3,Both,2014,21.22398274920616
17,Sri Lanka,1,Male,2021,5.40713138195651
17,Sri Lanka,2,Female,2021,13.532264178525292
17,Sri Lanka,3,Both,2021,9.71858739949355
74,Andorra,1,Male,2014,18.854721303984935
74,Andorra,2,Female,2014,28.33501894774777
74,Andorra,3,Both,2014,23.54066263653623
47,Czech Republic,1,Male,2021,17.43534766760509
47,Czech Republic,2,Female,2021,29.31362677154411
47,Czech Republic,3,Both,2021,23.54854536023951
43,Albania,1,Male,2015,11.20728273268962
43,Albania,2,Female,2015,21.4185556534913
43,Albania,3,Both,2015,16.39017348999923
41,Uzbekistan,1,Male,2019,2.51185273343517
41,Uzbekistan,2,Female,2019,10.32817320539905
41,Uzbekistan,3,Both,2019,6.53292862401536
147,Libya,1,Male,2015,17.65781965894649
147,Libya,2,Female,2015,36.55952631172309
147,Libya,3,Both,2015,26.69848566810252
51,Poland,1,Male,2021,18.65028239079389
51,Poland,2,Female,2021,33.92492040415201
51,Poland,3,Both,2021,26.68024793858857
45,Bulgaria,1,Male,2019,13.66596126431045
45,Bulgaria,2,Female,2019,26.266519341396886
45,Bulgaria,3,Both,2019,20.26461306524095
55,Slovenia,1,Male,2021,16.82476616022138
55,Slovenia,2,Female,2021,30.30738901264988
55,Slovenia,3,Both,2021,23.68955033621682
45,Bulgaria,1,Male,2011,12.644640110735669
45,Bulgaria,2,Female,2011,24.1646317349217
45,Bulgaria,3,Both,2011,18.67135809384222
49,Macedonia,1,Male,2019,10.72376004384153
49,Macedonia,2,Female,2019,21.18311433673895
49,Macedonia,3,Both,2019,15.91318232037014
53,Serbia,1,Male,2019,11.159231095405527
53,Serbia,2,Female,2019,22.19105350768853
53,Serbia,3,Both,2019,16.80647270894781
49,Macedonia,1,Male,2011,9.67295507030564
49,Macedonia,2,Female,2011,19.99452267670091
49,Macedonia,3,Both,2011,14.83259897159616
47,Czech Republic,1,Male,2018,16.62974127095089
47,Czech Republic,2,Female,2018,28.90816409988068
47,Czech Republic,3,Both,2018,22.95081825017256
41,Uzbekistan,1,Male,2020,2.55800371475401
41,Uzbekistan,2,Female,2020,10.40845563881726
41,Uzbekistan,3,Both,2020,6.59544880138121
59,Latvia,1,Male,2021,11.64406453985674
59,Latvia,2,Female,2021,26.08653723777763
59,Latvia,3,Both,2021,19.69723101746575
19,Timor-Leste,1,Male,2018,2.9487524217462
19,Timor-Leste,2,Female,2018,8.79358108411151
19,Timor-Leste,3,Both,2018,5.87395271976803
45,Bulgaria,1,Male,2017,13.25219315974241
45,Bulgaria,2,Female,2017,25.504259898672032
45,Bulgaria,3,Both,2017,19.65977323037937
57,Belarus,1,Male,2019,9.04193816194199
57,Belarus,2,Female,2019,19.82404080472813
57,Belarus,3,Both,2019,14.99368355184642
53,Serbia,1,Male,2011,10.43620491998128
53,Serbia,2,Female,2011,21.08622628391177
53,Serbia,3,Both,2011,15.97306735291906
61,Moldova,1,Male,2019,9.327922283802978
61,Moldova,2,Female,2019,20.84506342686174
61,Moldova,3,Both,2019,15.49822062383151
49,Macedonia,1,Male,2017,10.43667106876406
49,Macedonia,2,Female,2017,20.80049078400168
49,Macedonia,3,Both,2017,15.588896011423133
53,Serbia,1,Male,2017,10.97827451072687
53,Serbia,2,Female,2017,21.86670657252855
53,Serbia,3,Both,2017,16.57274373206829
66,Brunei,1,Male,2019,17.52656437105247
66,Brunei,2,Female,2019,26.31685855234912
66,Brunei,3,Both,2019,21.70085425383447
47,Czech Republic,1,Male,2012,14.73488542940282
47,Czech Republic,2,Female,2012,28.52250444797664
47,Czech Republic,3,Both,2012,21.862489670308
157,Yemen,1,Male,2020,15.87082005716087
157,Yemen,2,Female,2020,31.17362304616255
157,Yemen,3,Both,2020,23.57883179958393
51,Poland,1,Male,2018,18.36089530846135
51,Poland,2,Female,2018,33.09602428950834
51,Poland,3,Both,2018,26.10763448107123
63,Ukraine,1,Male,2021,7.48960968380517
63,Ukraine,2,Female,2021,18.926003953805807
63,Ukraine,3,Both,2021,13.815708346789398
51,Poland,1,Male,2012,16.80875636201839
51,Poland,2,Female,2012,31.86285021384183
51,Poland,3,Both,2012,24.74593106353997
55,Slovenia,1,Male,2018,16.00738294969922
55,Slovenia,2,Female,2018,29.48014898120888
55,Slovenia,3,Both,2018,22.877127013022548
37,Kyrgyzstan,1,Male,2013,5.2170889455731295
37,Kyrgyzstan,2,Female,2013,12.70991653072951
37,Kyrgyzstan,3,Both,2013,9.12825738315409
57,Belarus,1,Male,2011,8.22343586390835
57,Belarus,2,Female,2011,18.48157636358972
57,Belarus,3,Both,2011,13.91158223597632
74,Andorra,1,Male,2019,20.02295032283416
74,Andorra,2,Female,2019,29.837107983345778
74,Andorra,3,Both,2019,24.81045309525256
61,Moldova,1,Male,2011,8.368421216878751
61,Moldova,2,Female,2011,18.57145242928769
61,Moldova,3,Both,2011,13.84825392593534
57,Belarus,1,Male,2017,8.75174496154531
57,Belarus,2,Female,2017,19.40356876072834
57,Belarus,3,Both,2017,14.63594368257676
59,Latvia,1,Male,2018,11.07856357284536
59,Latvia,2,Female,2018,25.2445230496954
59,Latvia,3,Both,2018,18.99526355587852
55,Slovenia,1,Male,2012,14.16549536292861
55,Slovenia,2,Female,2012,27.45061844368845
55,Slovenia,3,Both,2012,20.978332029496848
68,South Korea,1,Male,2021,24.99761457283721
68,South Korea,2,Female,2021,34.77517066151476
68,South Korea,3,Both,2021,29.90377077799201
79,Finland,1,Male,2021,18.30334376930989
79,Finland,2,Female,2021,32.72734531299007
79,Finland,3,Both,2021,25.698265251634627
41,Uzbekistan,1,Male,2013,2.21915148475262
41,Uzbekistan,2,Female,2013,9.36205798671383
41,Uzbekistan,3,Both,2013,5.90060480387862
78,Denmark,1,Male,2019,17.74534475848661
78,Denmark,2,Female,2019,28.49498611023223
78,Denmark,3,Both,2019,23.20918048775244
59,Latvia,1,Male,2012,10.50049494222784
59,Latvia,2,Female,2012,24.48148453613082
59,Latvia,3,Both,2012,18.36639519678922
72,New Zealand,1,Male,2021,28.80638526459919
72,New Zealand,2,Female,2021,38.69033210478552
72,New Zealand,3,Both,2021,33.8330668273805
82,Greece,1,Male,2019,16.90688437162004
82,Greece,2,Female,2019,28.237993394195133
82,Greece,3,Both,2019,22.8089025705537
66,Brunei,1,Male,2011,16.52122687476685
66,Brunei,2,Female,2011,25.21263436726029
66,Brunei,3,Both,2011,20.722088088289254
45,Bulgaria,1,Male,2013,12.76158444598114
45,Bulgaria,2,Female,2013,24.41973414661095
45,Bulgaria,3,Both,2013,18.8511140692406
86,Italy,1,Male,2019,23.710106448559426
86,Italy,2,Female,2019,38.36530957661311
86,Italy,3,Both,2019,31.36560623678473
63,Ukraine,1,Male,2018,7.24064815458417
63,Ukraine,2,Female,2018,18.39048574742322
63,Ukraine,3,Both,2018,13.414862977754
49,Macedonia,1,Male,2013,9.9073948062856
49,Macedonia,2,Female,2013,20.155945506259577
49,Macedonia,3,Both,2013,15.0201326605241
74,Andorra,1,Male,2011,18.46486969056701
74,Andorra,2,Female,2011,27.51996449148394
74,Andorra,3,Both,2011,22.92192661663204
90,Norway,1,Male,2019,24.259306093348123
90,Norway,2,Female,2019,32.52456991348022
90,Norway,3,Both,2019,28.38975266148403
53,Serbia,1,Male,2013,10.61874221474551
53,Serbia,2,Female,2013,21.35596784590994
53,Serbia,3,Both,2013,16.182049329252273
78,Denmark,1,Male,2011,16.28525131189704
78,Denmark,2,Female,2011,26.73598867595738
78,Denmark,3,Both,2011,21.63187686789017
94,Switzerland,1,Male,2019,16.20367361154586
94,Switzerland,2,Female,2019,27.67788408751879
94,Switzerland,3,Both,2019,22.032896633149228
82,Greece,1,Male,2011,15.138082918655693
82,Greece,2,Female,2011,25.96265578794451
82,Greece,3,Both,2011,20.714894944551578
63,Ukraine,1,Male,2012,6.81722564848428
63,Ukraine,2,Female,2012,17.59552235045583
63,Ukraine,3,Both,2012,12.81358125360674
57,Belarus,1,Male,2013,8.37975656524374
57,Belarus,2,Female,2013,18.79681516018552
57,Belarus,3,Both,2013,14.15172730570152
98,Chile,1,Male,2019,9.20791744427069
98,Chile,2,Female,2019,24.69393018404713
98,Chile,3,Both,2019,17.24077519822858
86,Italy,1,Male,2011,21.730683158270107
86,Italy,2,Female,2011,36.67369067864669
86,Italy,3,Both,2011,29.55785537121362
68,South Korea,1,Male,2018,23.76461997977812
68,South Korea,2,Female,2018,33.33063519318555
68,South Korea,3,Both,2018,28.57553227472629
61,Moldova,1,Male,2013,8.611316029244371
61,Moldova,2,Female,2013,19.1947329877757
61,Moldova,3,Both,2013,14.287469454036469
102,United States,1,Male,2019,19.12583540170565
102,United States,2,Female,2019,31.246195560433076
102,United States,3,Both,2019,25.3907409165343
72,New Zealand,1,Male,2018,28.89643231396074
72,New Zealand,2,Female,2018,38.29369435115242
72,New Zealand,3,Both,2018,33.72056582413684
68,South Korea,1,Male,2012,20.2171658565254
68,South Korea,2,Female,2012,29.3400965093424
68,South Korea,3,Both,2012,24.87479686981381
90,Norway,1,Male,2011,22.98642170595284
90,Norway,2,Female,2011,31.17186360797814
90,Norway,3,Both,2011,27.125245081140815
76,Belgium,1,Male,2018,20.73091353405536
76,Belgium,2,Female,2018,33.04632364863754
76,Belgium,3,Both,2018,27.07932672042857
72,New Zealand,1,Male,2012,27.25803409689629
72,New Zealand,2,Female,2012,35.71844187670427
72,New Zealand,3,Both,2012,31.65866659161501
66,Brunei,1,Male,2013,16.89454271496336
66,Brunei,2,Female,2013,25.56339768574364
66,Brunei,3,Both,2013,21.06275315378679
107,Barbados,1,Male,2019,27.919579689522102
107,Barbados,2,Female,2019,55.45578488356232
107,Barbados,3,Both,2019,42.49734674590567
80,France,1,Male,2018,23.48058684401413
80,France,2,Female,2018,33.9811315505784
80,France,3,Both,2018,29.00532561065251
76,Belgium,1,Male,2012,19.92755224607336
76,Belgium,2,Female,2012,32.25086505034924
76,Belgium,3,Both,2012,26.30114885319456
111,Dominican Republic,1,Male,2019,16.904234380448642
111,Dominican Republic,2,Female,2019,23.25852791645495
111,Dominican Republic,3,Both,2019,20.080599323325348
80,France,1,Male,2012,22.1964073662627
80,France,2,Female,2012,32.75994837228747
80,France,3,Both,2012,27.7508692109533
74,Andorra,1,Male,2013,18.66773360614473
74,Andorra,2,Female,2013,28.06181585595377
74,Andorra,3,Both,2013,23.31884756213239
115,Jamaica,1,Male,2019,10.56194022110549
115,Jamaica,2,Female,2019,39.71856456563671
115,Jamaica,3,Both,2019,25.49949624794984
84,Ireland,1,Male,2012,18.00338555420348
84,Ireland,2,Female,2012,33.47913625548733
84,Ireland,3,Both,2012,25.91087327118325
78,Denmark,1,Male,2013,16.71042879871354
78,Denmark,2,Female,2013,27.217859049891945
78,Denmark,3,Both,2013,22.07912922670321
119,Trinidad and Tobago,1,Male,2019,20.99867685112905
119,Trinidad and Tobago,2,Female,2019,43.47719438752865
119,Trinidad and Tobago,3,Both,2019,32.28523091970394
82,Greece,1,Male,2013,15.6271137867027
82,Greece,2,Female,2013,26.65202283154313
82,Greece,3,Both,2013,21.32765331248604
86,Italy,1,Male,2013,22.1704172139556
86,Italy,2,Female,2013,37.00815882684564
86,Italy,3,Both,2013,29.94581456477692
47,Czech Republic,1,Male,2015,15.6017296056535
47,Czech Republic,2,Female,2015,28.9163627266822
47,Czech Republic,3,Both,2015,22.46881506280987
88,Malta,1,Male,2012,24.23641470643652
88,Malta,2,Female,2012,37.69879404648062
88,Malta,3,Both,2012,31.07609412201766
17,Sri Lanka,1,Male,2017,5.00488941946401
17,Sri Lanka,2,Female,2017,12.85468087800842
17,Sri Lanka,3,Both,2017,9.16011686617116
90,Norway,1,Male,2013,23.41362075228806
90,Norway,2,Female,2013,31.52648802794369
90,Norway,3,Both,2013,27.49809530032872
51,Poland,1,Male,2015,17.42547498593396
51,Poland,2,Female,2015,32.39929945174546
51,Poland,3,Both,2015,25.30740593974218
94,Switzerland,1,Male,2013,15.55996831559551
94,Switzerland,2,Female,2013,27.55181795824707
94,Switzerland,3,Both,2013,21.690162615197632
98,Chile,1,Male,2013,8.596871633673931
98,Chile,2,Female,2013,23.25592188050679
98,Chile,3,Both,2013,16.22229189315135
22,Fiji,1,Male,2019,20.97905341750806
22,Fiji,2,Female,2019,40.68187874472928
22,Fiji,3,Both,2019,30.780534524490637
92,Spain,1,Male,2012,17.108462129380868
92,Spain,2,Female,2012,27.44681986897253
92,Spain,3,Both,2012,22.42078671341236
55,Slovenia,1,Male,2015,14.99174199580562
55,Slovenia,2,Female,2015,28.33352605585381
55,Slovenia,3,Both,2015,21.808928492154138
102,United States,1,Male,2013,16.493897249086
102,United States,2,Female,2013,29.60241781093383
102,United States,3,Both,2013,23.27259379142593
15,Myanmar,1,Male,2017,3.28945593848173
15,Myanmar,2,Female,2017,6.90539350087205
15,Myanmar,3,Both,2017,5.220465919584949
59,Latvia,1,Male,2015,10.74167637818818
59,Latvia,2,Female,2015,24.7511923995492
59,Latvia,3,Both,2015,18.59678354307264
107,Barbados,1,Male,2013,27.801177676902423
107,Barbados,2,Female,2013,55.75058682386283
107,Barbados,3,Both,2013,42.6473373010076
111,Dominican Republic,1,Male,2013,16.08033165947828
111,Dominican Republic,2,Female,2013,21.73545466198354
111,Dominican Republic,3,Both,2013,18.90510712905421
95,United Kingdom,1,Male,2015,27.46243945556801
95,United Kingdom,2,Female,2015,42.83060005851264
95,United Kingdom,3,Both,2015,35.3909661167317
115,Jamaica,1,Male,2013,10.20561837238643
115,Jamaica,2,Female,2013,39.81542809111227
115,Jamaica,3,Both,2013,25.44477080963409
119,Trinidad and Tobago,1,Male,2013,18.81609586503953
119,Trinidad and Tobago,2,Female,2013,43.03760187293627
119,Trinidad and Tobago,3,Both,2013,30.9386744779608
63,Ukraine,1,Male,2015,6.9924439001968
63,Ukraine,2,Female,2015,17.91155101700459
63,Ukraine,3,Both,2015,13.05047303350756
123,Peru,1,Male,2013,11.443992741606571
123,Peru,2,Female,2013,15.12162551355244
123,Peru,3,Both,2013,13.31739887731147
127,El Salvador,1,Male,2013,11.01491614822633
127,El Salvador,2,Female,2013,18.80711159372675
127,El Salvador,3,Both,2013,15.39438115398436
68,South Korea,1,Male,2015,21.978971638075432
68,South Korea,2,Female,2015,30.77889861589439
68,South Korea,3,Both,2015,26.429751672462608
131,Nicaragua,1,Male,2013,6.7617663414604
131,Nicaragua,2,Female,2013,14.80760095612144
131,Nicaragua,3,Both,2013,10.98181807939309
72,New Zealand,1,Male,2015,28.66036466910813
72,New Zealand,2,Female,2015,37.50338787320011
72,New Zealand,3,Both,2015,33.241749453346245
135,Brazil,1,Male,2013,20.17290624475228
135,Brazil,2,Female,2013,31.577935286558727
135,Brazil,3,Both,2013,26.12581989268778
76,Belgium,1,Male,2015,20.364835422653872
76,Belgium,2,Female,2015,32.65506867938813
76,Belgium,3,Both,2015,26.71207309346056
139,Algeria,1,Male,2013,20.6315093785378
139,Algeria,2,Female,2013,38.54634570118561
139,Algeria,3,Both,2013,29.52200180739421
80,France,1,Male,2015,22.87375879134482
80,France,2,Female,2015,33.400086609980264
80,France,3,Both,2015,28.41084343020398
143,Iraq,1,Male,2013,35.612084230996075
143,Iraq,2,Female,2013,48.68115409575932
143,Iraq,3,Both,2013,41.84152833974763
84,Ireland,1,Male,2015,18.76555060108641
84,Ireland,2,Female,2015,34.31592358819473
84,Ireland,3,Both,2015,26.73627274348756
15,Myanmar,1,Male,2021,3.631354781419311
15,Myanmar,2,Female,2021,7.52786739157666
15,Myanmar,3,Both,2021,5.71571786526269
88,Malta,1,Male,2015,24.31419515846209
88,Malta,2,Female,2015,37.65029888359363
88,Malta,3,Both,2015,31.07232043961085
148,Morocco,1,Male,2013,24.53392670857765
148,Morocco,2,Female,2013,41.3311228614822
148,Morocco,3,Both,2013,33.05561498848072
393,Saint Kitts and Nevis,1,Male,2014,11.69559161911117
393,Saint Kitts and Nevis,2,Female,2014,28.42385775876746
393,Saint Kitts and Nevis,3,Both,2014,20.039542696403608
169,Central African Republic,1,Male,2014,6.43573474261777
169,Central African Republic,2,Female,2014,17.98645548291419
169,Central African Republic,3,Both,2014,12.332448254186271
179,Ethiopia,1,Male,2020,4.56150139560097
179,Ethiopia,2,Female,2020,12.24213883288798
179,Ethiopia,3,Both,2020,8.44056724003076
187,Somalia,1,Male,2012,2.70534788910866
187,Somalia,2,Female,2012,7.6476888903894205
187,Somalia,3,Both,2012,5.23401792452693
15,Myanmar,1,Male,2015,3.08309784549509
15,Myanmar,2,Female,2015,6.54748158396511
15,Myanmar,3,Both,2015,4.93123432298586
34,Azerbaijan,1,Male,2004,5.4944472406562905
34,Azerbaijan,2,Female,2004,11.67480182672676
34,Azerbaijan,3,Both,2004,8.75184806158073
108,Belize,1,Male,2012,8.834880704690889
108,Belize,2,Female,2012,24.65582438486997
108,Belize,3,Both,2012,16.78541954747434
81,Germany,1,Male,2016,12.54063906519362
81,Germany,2,Female,2016,23.874501621304734
81,Germany,3,Both,2016,18.36343264605485
22,Fiji,1,Male,2020,21.21947263439628
22,Fiji,2,Female,2020,41.068210636685535
22,Fiji,3,Both,2020,31.10233202241785
44,Bosnia and Herzegovina,1,Male,2019,12.18062862897613
44,Bosnia and Herzegovina,2,Female,2019,21.38671402155585
44,Bosnia and Herzegovina,3,Both,2019,16.961912947853282
24,Marshall Islands,1,Male,2012,46.68692355749221
24,Marshall Islands,2,Female,2012,64.22675316660617
24,Marshall Islands,3,Both,2012,55.20777977407293
173,Gabon,1,Male,2011,2.90406289490202
173,Gabon,2,Female,2011,14.06600560302068
173,Gabon,3,Both,2011,8.55057706417635
22,Fiji,1,Male,2012,19.584365669289895
22,Fiji,2,Female,2012,39.008332840706586
22,Fiji,3,Both,2012,29.19683535645854
34,Azerbaijan,1,Male,2013,5.86875314805543
34,Azerbaijan,2,Female,2013,12.79242237435124
34,Azerbaijan,3,Both,2013,9.46341023895353
48,Hungary,1,Male,2011,10.35108431268546
48,Hungary,2,Female,2011,21.83571714700335
48,Hungary,3,Both,2011,16.54551062602667
30,Vanuatu,1,Male,2001,4.852597574984039
30,Vanuatu,2,Female,2001,9.20629788301571
30,Vanuatu,3,Both,2001,7.000224490420299
34,Azerbaijan,1,Male,2001,5.40720476711865
34,Azerbaijan,2,Female,2001,11.72487750335504
34,Azerbaijan,3,Both,2001,8.75591070578259
38,Mongolia,1,Male,2001,3.744670732564
38,Mongolia,2,Female,2001,7.12483348019463
38,Mongolia,3,Both,2001,5.47780348207862
26,Papua New Guinea,1,Male,2016,10.81203482137092
26,Papua New Guinea,2,Female,2016,29.169161492540912
26,Papua New Guinea,3,Both,2016,19.778243339001992
95,United Kingdom,1,Male,2018,27.690683435844537
95,United Kingdom,2,Female,2018,42.85829308915393
95,United Kingdom,3,Both,2018,35.516148621448664
19,Timor-Leste,1,Male,2014,2.86625566851016
19,Timor-Leste,2,Female,2014,8.69837955025173
19,Timor-Leste,3,Both,2014,5.75446263153021
413,Tokelau,1,Male,2013,21.54201586024346
413,Tokelau,2,Female,2013,41.19283783315786
413,Tokelau,3,Both,2013,31.46320638196536
26,Papua New Guinea,1,Male,2014,10.74122808710502
26,Papua New Guinea,2,Female,2014,29.10522083878222
26,Papua New Guinea,3,Both,2014,19.699394907920208
26,Papua New Guinea,1,Male,2018,10.90968408143501
26,Papua New Guinea,2,Female,2018,29.29803239550641
26,Papua New Guinea,3,Both,2018,19.89669317120606
130,Mexico,1,Male,2018,13.24312477063853
130,Mexico,2,Female,2018,21.95036825402826
130,Mexico,3,Both,2018,17.7916700706475
97,Argentina,1,Male,2021,10.1805459890876
97,Argentina,2,Female,2021,21.05092112285314
97,Argentina,3,Both,2021,15.88172023404226
19,Timor-Leste,1,Male,2003,2.8975658216287803
19,Timor-Leste,2,Female,2003,8.404414207201299
19,Timor-Leste,3,Both,2003,5.62399033535613
380,Palau,1,Male,2016,20.32223900589104
380,Palau,2,Female,2016,40.68967051054366
380,Palau,3,Both,2016,29.536008013682768
105,Antigua and Barbuda,1,Male,2013,11.32452468064777
105,Antigua and Barbuda,2,Female,2013,26.337773800563628
105,Antigua and Barbuda,3,Both,2013,19.31357781849105
15,Myanmar,1,Male,2016,3.18722105363009
15,Myanmar,2,Female,2016,6.73652063793706
15,Myanmar,3,Both,2016,5.08167661669074
106,The Bahamas,1,Male,2013,12.51650219630194
106,The Bahamas,2,Female,2013,29.66398692777802
106,The Bahamas,3,Both,2013,21.54363372576017
205,Cote d'Ivoire,1,Male,2017,7.45792716187299
205,Cote d'Ivoire,2,Female,2017,12.41107575348308
205,Cote d'Ivoire,3,Both,2017,9.83321245107241
110,Dominica,1,Male,2013,5.69486758408314
110,Dominica,2,Female,2013,26.72230734018178
110,Dominica,3,Both,2013,16.234332973814052
114,Haiti,1,Male,2013,7.913803933151329
114,Haiti,2,Female,2013,20.85072346007244
114,Haiti,3,Both,2013,14.70785605303985
15,Myanmar,1,Male,2019,3.48029225627016
15,Myanmar,2,Female,2019,7.23831357959912
15,Myanmar,3,Both,2019,5.48878804724015
118,Suriname,1,Male,2013,25.91939490295432
118,Suriname,2,Female,2013,34.86273101726515
118,Suriname,3,Both,2013,30.478359123350117
367,Monaco,1,Male,2019,27.488530012594808
367,Monaco,2,Female,2019,39.8099754691938
367,Monaco,3,Both,2019,33.893079105194865
122,Ecuador,1,Male,2013,16.575173708599912
122,Ecuador,2,Female,2013,15.55117713801928
122,Ecuador,3,Both,2013,16.04974455605957
126,Costa Rica,1,Male,2013,10.9800802009716
126,Costa Rica,2,Female,2013,19.798013009780348
126,Costa Rica,3,Both,2013,15.58387443367841
130,Mexico,1,Male,2013,11.30314648437383
130,Mexico,2,Female,2013,20.04638375798797
130,Mexico,3,Both,2013,15.87532274532484
22,Fiji,1,Male,2011,19.46985570739978
22,Fiji,2,Female,2011,39.01205963019224
22,Fiji,3,Both,2011,29.13785860568099
142,Iran,1,Male,2013,14.34193033210768
142,Iran,2,Female,2013,34.66836483263638
142,Iran,3,Both,2013,24.43716243689586
15,Myanmar,1,Male,2020,3.55327539489019
15,Myanmar,2,Female,2020,7.38402273247199
15,Myanmar,3,Both,2020,5.60135106915912
146,Lebanon,1,Male,2013,34.911980378701394
146,Lebanon,2,Female,2013,32.06293237937993
146,Lebanon,3,Both,2013,33.41101793686363
147,Libya,1,Male,2013,17.70947059631877
147,Libya,2,Female,2013,36.66572904895448
147,Libya,3,Both,2013,26.759677915833493
151,Qatar,1,Male,2013,17.10062546827558
151,Qatar,2,Female,2013,43.24677971998534
151,Qatar,3,Both,2013,22.111937279761
155,Turkey,1,Male,2013,15.45479314270816
155,Turkey,2,Female,2013,30.99219267192152
155,Turkey,3,Both,2013,23.31667848763818
163,India,1,Male,2013,11.59347516593956
163,India,2,Female,2013,16.99138256429143
163,India,3,Both,2013,14.263345757597229
171,Democratic Republic of the Congo,1,Male,2013,10.04728335071097
171,Democratic Republic of the Congo,2,Female,2013,18.264754488481312
171,Democratic Republic of the Congo,3,Both,2013,14.183929052180591
175,Burundi,1,Male,2013,3.19320463581314
175,Burundi,2,Female,2013,7.78275182820565
175,Burundi,3,Both,2013,5.42609475961742
179,Ethiopia,1,Male,2013,4.311502011406191
179,Ethiopia,2,Female,2013,11.4761556989202
179,Ethiopia,3,Both,2013,7.92007445083438
183,Mauritius,1,Male,2013,11.53264870010017
183,Mauritius,2,Female,2013,20.77369607132211
183,Mauritius,3,Both,2013,16.256156606725337
187,Somalia,1,Male,2013,2.71198421766469
187,Somalia,2,Female,2013,7.676617227800831
187,Somalia,3,Both,2013,5.25318147162339
193,Botswana,1,Male,2013,8.94287536658372
193,Botswana,2,Female,2013,24.5372552045632
193,Botswana,3,Both,2013,17.07738413614804
197,Swaziland,1,Male,2013,8.62545624406039
197,Swaziland,2,Female,2013,19.5418507177888
197,Swaziland,3,Both,2013,14.54829417277338
201,Burkina Faso,1,Male,2013,3.83339478840119
201,Burkina Faso,2,Female,2013,8.354728382864241
201,Burkina Faso,3,Both,2013,6.24560932240347
205,Cote d'Ivoire,1,Male,2013,7.06389505940994
205,Cote d'Ivoire,2,Female,2013,11.82454983818874
205,Cote d'Ivoire,3,Both,2013,9.33380866816565
209,Guinea-Bissau,1,Male,2013,6.71946922670936
209,Guinea-Bissau,2,Female,2013,13.42506611745101
209,Guinea-Bissau,3,Both,2013,10.30534978429559
213,Niger,1,Male,2013,8.58599749876627
213,Niger,2,Female,2013,17.60878080392339
213,Niger,3,Both,2013,13.20846213770184
217,Sierra Leone,1,Male,2013,7.40315892086426
217,Sierra Leone,2,Female,2013,13.92564713485366
217,Sierra Leone,3,Both,2013,10.74530121311308
298,American Samoa,1,Male,2013,47.48665095184555
298,American Samoa,2,Female,2013,61.23324504947484
298,American Samoa,3,Both,2013,54.34949139240198
374,Niue,1,Male,2013,23.16141027934492
374,Niue,2,Female,2013,41.82697497702798
374,Niue,3,Both,2013,32.59677980932793
393,Saint Kitts and Nevis,1,Male,2013,11.52720843531344
393,Saint Kitts and Nevis,2,Female,2013,28.165755147831163
393,Saint Kitts and Nevis,3,Both,2013,19.82541915427515
161,Bangladesh,1,Male,2020,8.08796856951319
161,Bangladesh,2,Female,2020,23.72352577569686
161,Bangladesh,3,Both,2020,16.05688831526573
422,"Virgin Islands, U.S.",1,Male,2013,13.178020262969133
422,"Virgin Islands, U.S.",2,Female,2013,30.17231279464588
422,"Virgin Islands, U.S.",3,Both,2013,22.17636177337338
151,Qatar,1,Male,2015,17.91063861112012
151,Qatar,2,Female,2015,44.07223753570566
151,Qatar,3,Both,2015,23.20544536666135
83,Iceland,1,Male,2021,21.39396783460386
83,Iceland,2,Female,2021,33.08724338231925
83,Iceland,3,Both,2021,27.18657237656782
26,Papua New Guinea,1,Male,2019,10.94453941309228
26,Papua New Guinea,2,Female,2019,29.36136839755759
26,Papua New Guinea,3,Both,2019,19.946223856219667
24,Marshall Islands,1,Male,2018,46.79398692118019
24,Marshall Islands,2,Female,2018,64.32512744732678
24,Marshall Islands,3,Both,2018,55.32335666490356
99,Uruguay,1,Male,2015,14.84371939269669
99,Uruguay,2,Female,2015,24.31649774076834
99,Uruguay,3,Both,2015,19.92076461580545
15,Myanmar,1,Male,2011,2.72260844118811
15,Myanmar,2,Female,2011,5.79901582439874
15,Myanmar,3,Both,2011,4.35939057955776
173,Gabon,1,Male,2014,3.08984945165934
173,Gabon,2,Female,2014,14.77676610847288
173,Gabon,3,Both,2014,9.042770456053011
15,Myanmar,1,Male,2013,2.8971800768945
15,Myanmar,2,Female,2013,6.17210592438223
15,Myanmar,3,Both,2013,4.64211353710503
183,Mauritius,1,Male,2020,13.599206123783992
183,Mauritius,2,Female,2020,23.3172271852639
183,Mauritius,3,Both,2020,18.57002337316632
19,Timor-Leste,1,Male,2021,3.04454837422636
19,Timor-Leste,2,Female,2021,8.91201582577099
19,Timor-Leste,3,Both,2021,6.0004167870396
112,Grenada,1,Male,2012,9.88439324058829
112,Grenada,2,Female,2012,28.57903993463174
112,Grenada,3,Both,2012,19.2359049408735
193,Botswana,1,Male,2012,8.833736137876
193,Botswana,2,Female,2012,24.40273028479494
193,Botswana,3,Both,2012,16.97300406507716
422,"Virgin Islands, U.S.",1,Male,2014,13.36173239341146
422,"Virgin Islands, U.S.",2,Female,2014,30.54283678560525
422,"Virgin Islands, U.S.",3,Both,2014,22.44479793014334
197,Swaziland,1,Male,2012,8.49762611885315
197,Swaziland,2,Female,2012,19.31730489673127
197,Swaziland,3,Both,2012,14.3718975828301
26,Papua New Guinea,1,Male,2020,10.965836568875767
26,Papua New Guinea,2,Female,2020,29.4151317203782
26,Papua New Guinea,3,Both,2020,19.98366666921687
201,Burkina Faso,1,Male,2012,3.85885142087954
201,Burkina Faso,2,Female,2012,8.35192064834783
201,Burkina Faso,3,Both,2012,6.259937466572691
205,Cote d'Ivoire,1,Male,2012,6.99625769616161
205,Cote d'Ivoire,2,Female,2012,11.7227079822572
205,Cote d'Ivoire,3,Both,2012,9.24688785600378
209,Guinea-Bissau,1,Male,2012,6.745662447400839
209,Guinea-Bissau,2,Female,2012,13.439379236257452
209,Guinea-Bissau,3,Both,2012,10.32185996184314
19,Timor-Leste,1,Male,2015,2.8944223047031
19,Timor-Leste,2,Female,2015,8.74234366055602
19,Timor-Leste,3,Both,2015,5.79813930705476
213,Niger,1,Male,2012,8.57860604466785
213,Niger,2,Female,2012,17.59740561077905
213,Niger,3,Both,2012,13.19583286599598
217,Sierra Leone,1,Male,2012,7.39528055879407
217,Sierra Leone,2,Female,2012,13.87547834992767
217,Sierra Leone,3,Both,2012,10.72555810701947
85,Israel,1,Male,2016,13.612119272479662
85,Israel,2,Female,2016,26.14684530185093
85,Israel,3,Both,2016,20.057058357511156
298,American Samoa,1,Male,2012,47.35867377674569
298,American Samoa,2,Female,2012,61.0506860934091
298,American Samoa,3,Both,2012,54.2057376240595
374,Niue,1,Male,2012,23.0073517190424
374,Niue,2,Female,2012,41.68142291127402
374,Niue,3,Both,2012,32.43505132333855
393,Saint Kitts and Nevis,1,Male,2012,11.36599692420894
393,Saint Kitts and Nevis,2,Female,2012,27.91073911510315
393,Saint Kitts and Nevis,3,Both,2012,19.61807749210273
422,"Virgin Islands, U.S.",1,Male,2012,12.93881362975879
422,"Virgin Islands, U.S.",2,Female,2012,29.74792643270552
422,"Virgin Islands, U.S.",3,Both,2012,21.85300862565498
177,Djibouti,1,Male,2011,3.32613898029791
177,Djibouti,2,Female,2011,8.02425575498183
177,Djibouti,3,Both,2011,5.5302308125651605
48,Hungary,1,Male,2019,11.78197198386361
48,Hungary,2,Female,2019,23.201947538989888
48,Hungary,3,Both,2019,17.903369013722408
28,Solomon Islands,1,Male,2012,15.66268688722777
28,Solomon Islands,2,Female,2012,31.15044735326999
28,Solomon Islands,3,Both,2012,23.32827815286195
30,Vanuatu,1,Male,2016,4.394335801920031
30,Vanuatu,2,Female,2016,8.49981941418088
30,Vanuatu,3,Both,2016,6.44735074426422
38,Mongolia,1,Male,2013,3.9108060902296704
38,Mongolia,2,Female,2013,7.27576398079208
38,Mongolia,3,Both,2013,5.645295916130269
52,Romania,1,Male,2011,15.900519562715958
52,Romania,2,Female,2011,32.9789373259204
52,Romania,3,Both,2011,24.83530854865697
99,Uruguay,1,Male,2018,15.01409809832909
99,Uruguay,2,Female,2018,24.73831213306044
99,Uruguay,3,Both,2018,20.23019183997016
24,Marshall Islands,1,Male,2014,46.75061155521357
24,Marshall Islands,2,Female,2014,64.37169611394663
24,Marshall Islands,3,Both,2014,55.31150320693108
108,Belize,1,Male,2018,9.05415640748121
108,Belize,2,Female,2018,25.05132283064737
108,Belize,3,Both,2018,17.140366608510497
112,Grenada,1,Male,2018,10.87490738005589
112,Grenada,2,Female,2018,29.8690903586259
112,Grenada,3,Both,2018,20.28610040560207
30,Vanuatu,1,Male,2014,4.33903128135898
30,Vanuatu,2,Female,2014,8.37142135394635
30,Vanuatu,3,Both,2014,6.34861711395998
116,Saint Lucia,1,Male,2018,11.77601095834224
116,Saint Lucia,2,Female,2018,29.59560380806156
116,Saint Lucia,3,Both,2018,20.79790480888955
161,Bangladesh,1,Male,2017,7.584393161389261
161,Bangladesh,2,Female,2017,23.02804701376494
161,Bangladesh,3,Both,2017,15.38945076642566
128,Guatemala,1,Male,2018,4.21645958604518
128,Guatemala,2,Female,2018,9.36739145436727
128,Guatemala,3,Both,2018,6.955879205058619
132,Panama,1,Male,2018,10.83292358804433
132,Panama,2,Female,2018,20.35527457469704
132,Panama,3,Both,2018,15.62247166288736
136,Paraguay,1,Male,2018,11.4845684399031
136,Paraguay,2,Female,2018,16.128756777197708
136,Paraguay,3,Both,2018,13.80568214489944
140,Bahrain,1,Male,2018,21.2700572952333
140,Bahrain,2,Female,2018,41.24055540332652
140,Bahrain,3,Both,2018,27.85985220407754
144,Jordan,1,Male,2018,19.65374111072351
144,Jordan,2,Female,2018,31.4632073317603
144,Jordan,3,Both,2018,25.019250497001323
149,Palestine,1,Male,2018,14.13916060574174
149,Palestine,2,Female,2018,47.0765607482057
149,Palestine,3,Both,2018,30.45717409755124
153,Syria,1,Male,2018,22.66326486652606
153,Syria,2,Female,2018,38.73214729232634
153,Syria,3,Both,2018,31.001513009529752
157,Yemen,1,Male,2018,15.81717617633541
157,Yemen,2,Female,2018,31.117989861652468
157,Yemen,3,Both,2018,23.50704926479209
161,Bangladesh,1,Male,2018,7.778138479732501
161,Bangladesh,2,Female,2018,23.35877789495422
161,Bangladesh,3,Both,2018,15.67394532765421
165,Pakistan,1,Male,2018,15.03853870470216
165,Pakistan,2,Female,2018,16.653069594844492
165,Pakistan,3,Both,2018,15.83501778222128
22,Fiji,1,Male,2021,21.35859228109185
22,Fiji,2,Female,2021,41.31344501091602
22,Fiji,3,Both,2021,31.30708265808503
169,Central African Republic,1,Male,2018,6.77562127091529
169,Central African Republic,2,Female,2018,18.488139458408156
169,Central African Republic,3,Both,2018,12.85388959482115
173,Gabon,1,Male,2018,3.39499675826375
173,Gabon,2,Female,2018,15.69763713446127
173,Gabon,3,Both,2018,9.73430924901411
177,Djibouti,1,Male,2018,3.61788917340188
177,Djibouti,2,Female,2018,8.56507015913455
177,Djibouti,3,Both,2018,5.93887565626618
181,Madagascar,1,Male,2018,3.21864326193064
181,Madagascar,2,Female,2018,8.02729473779539
181,Madagascar,3,Both,2018,5.6876886559613
185,Rwanda,1,Male,2018,2.58966822935895
185,Rwanda,2,Female,2018,7.27064241115401
185,Rwanda,3,Both,2018,5.0872654603033896
142,Iran,1,Male,2018,15.407183202048898
142,Iran,2,Female,2018,35.6699315896156
142,Iran,3,Both,2018,25.4323174613535
146,Lebanon,1,Male,2018,35.1251101573741
146,Lebanon,2,Female,2018,32.75414385777983
146,Lebanon,3,Both,2018,33.904885632175905
191,Zambia,1,Male,2018,5.306547337595631
191,Zambia,2,Female,2018,10.84281218958388
191,Zambia,3,Both,2018,8.09825934826957
147,Libya,1,Male,2018,17.62927225046593
147,Libya,2,Female,2018,36.20873312591948
147,Libya,3,Both,2018,26.558866741196656
195,Namibia,1,Male,2018,14.69907182235258
195,Namibia,2,Female,2018,18.91012187116349
195,Namibia,3,Both,2018,16.93212256983588
203,Cape Verde,1,Male,2018,4.9888249591403
203,Cape Verde,2,Female,2018,18.38500299784279
203,Cape Verde,3,Both,2018,11.68218360835111
151,Qatar,1,Male,2018,18.78593633306186
151,Qatar,2,Female,2018,45.16501699623962
151,Qatar,3,Both,2018,24.62220136982759
101,Canada,1,Male,2021,9.07574069712203
101,Canada,2,Female,2021,16.0065305464455
101,Canada,3,Both,2021,12.64416634868625
207,Ghana,1,Male,2018,8.55351673929898
207,Ghana,2,Female,2018,19.03395308320879
207,Ghana,3,Both,2018,14.16651929456572
155,Turkey,1,Male,2018,16.75249978332149
155,Turkey,2,Female,2018,33.192612850936136
155,Turkey,3,Both,2018,25.05030334760759
211,Mali,1,Male,2018,13.283997238733388
211,Mali,2,Female,2018,17.01902299228573
211,Mali,3,Both,2018,15.2053346568637
215,Sao Tome and Principe,1,Male,2018,2.71628314352277
215,Sao Tome and Principe,2,Female,2018,11.58519248380763
215,Sao Tome and Principe,3,Both,2018,7.1571354017927895
163,India,1,Male,2018,11.78410840222259
163,India,2,Female,2018,17.62352471440517
163,India,3,Both,2018,14.67364919737404
171,Democratic Republic of the Congo,1,Male,2018,10.6264551909647
171,Democratic Republic of the Congo,2,Female,2018,18.94220709428486
171,Democratic Republic of the Congo,3,Both,2018,14.79370987315514
320,Cook Islands,1,Male,2018,26.51797657510872
320,Cook Islands,2,Female,2018,44.88264647583419
320,Cook Islands,3,Both,2018,36.04036709800934
175,Burundi,1,Male,2018,3.29725361615572
175,Burundi,2,Female,2018,7.841333267536051
175,Burundi,3,Both,2018,5.5071615662019
349,Greenland,1,Male,2018,7.33728189893073
349,Greenland,2,Female,2018,15.908911054690387
349,Greenland,3,Both,2018,11.32690046916321
179,Ethiopia,1,Male,2018,4.52130484103091
179,Ethiopia,2,Female,2018,12.09418890673853
179,Ethiopia,3,Both,2018,8.3434584957187
22,Fiji,1,Male,2015,20.11398214171403
22,Fiji,2,Female,2015,39.29365998625395
22,Fiji,3,Both,2015,29.62292390252466
367,Monaco,1,Male,2018,27.1982752182536
367,Monaco,2,Female,2018,39.51647609062028
367,Monaco,3,Both,2018,33.600080826632414
183,Mauritius,1,Male,2018,12.88454034599492
183,Mauritius,2,Female,2018,22.38308171116768
183,Mauritius,3,Both,2018,17.73960255836507
380,Palau,1,Male,2018,20.88783422503713
380,Palau,2,Female,2018,41.31563410695326
380,Palau,3,Both,2018,30.01539669079557
187,Somalia,1,Male,2018,2.73876051668524
187,Somalia,2,Female,2018,7.81015495292883
187,Somalia,3,Both,2018,5.32110931842133
413,Tokelau,1,Male,2018,21.57071391016521
413,Tokelau,2,Female,2018,41.00741735173029
413,Tokelau,3,Both,2018,31.418710306397703
193,Botswana,1,Male,2018,9.64698005836495
193,Botswana,2,Female,2018,25.280685531333702
193,Botswana,3,Both,2018,17.72665953800349
22,Fiji,1,Male,2017,20.51743204986365
22,Fiji,2,Female,2017,39.89576768221026
22,Fiji,3,Both,2017,30.14041144519744
197,Swaziland,1,Male,2018,9.15020302445976
197,Swaziland,2,Female,2018,20.20503462460873
197,Swaziland,3,Both,2018,15.10320176527632
201,Burkina Faso,1,Male,2018,3.95884494887052
201,Burkina Faso,2,Female,2018,8.627645037533279
201,Burkina Faso,3,Both,2018,6.438591244524231
19,Timor-Leste,1,Male,2017,2.92823769368622
19,Timor-Leste,2,Female,2017,8.7777194288483
19,Timor-Leste,3,Both,2017,5.8484057274296894
205,Cote d'Ivoire,1,Male,2018,7.561851114642271
205,Cote d'Ivoire,2,Female,2018,12.5770345122631
205,Cote d'Ivoire,3,Both,2018,9.9698195621657
209,Guinea-Bissau,1,Male,2018,6.768239638667441
209,Guinea-Bissau,2,Female,2018,13.59900416019102
209,Guinea-Bissau,3,Both,2018,10.4313060027597
213,Niger,1,Male,2018,8.64192760001681
213,Niger,2,Female,2018,17.78628336349925
213,Niger,3,Both,2018,13.33940045261489
209,Guinea-Bissau,1,Male,2017,6.738349261385659
209,Guinea-Bissau,2,Female,2017,13.54484982721296
209,Guinea-Bissau,3,Both,2017,10.38749835111664
217,Sierra Leone,1,Male,2018,7.4694306252681795
217,Sierra Leone,2,Female,2018,14.11185608848376
217,Sierra Leone,3,Both,2018,10.82957127199828
298,American Samoa,1,Male,2018,48.38250398387737
298,American Samoa,2,Female,2018,62.08764932542802
298,American Samoa,3,Both,2018,55.1479741374627
413,Tokelau,1,Male,2016,21.50450485559789
413,Tokelau,2,Female,2016,41.2067373198454
413,Tokelau,3,Both,2016,31.458819876155243
374,Niue,1,Male,2018,24.53914341356541
374,Niue,2,Female,2018,43.06781251434405
374,Niue,3,Both,2018,33.97334723369478
393,Saint Kitts and Nevis,1,Male,2018,12.43058104603519
393,Saint Kitts and Nevis,2,Female,2018,29.60887728437082
393,Saint Kitts and Nevis,3,Both,2018,21.01658207648433
422,"Virgin Islands, U.S.",1,Male,2018,14.45854557144273
422,"Virgin Islands, U.S.",2,Female,2018,31.81986367645157
422,"Virgin Islands, U.S.",3,Both,2018,23.57932091080546
30,Vanuatu,1,Male,2018,4.45818288721373
30,Vanuatu,2,Female,2018,8.73385759553949
30,Vanuatu,3,Both,2018,6.60697876221865
24,Marshall Islands,1,Male,2003,47.44826714128869
24,Marshall Islands,2,Female,2003,63.55739817357238
24,Marshall Islands,3,Both,2003,55.28212601398056
380,Palau,1,Male,2019,21.16269006216858
380,Palau,2,Female,2019,41.73481714177433
380,Palau,3,Both,2019,30.298631101345705
26,Papua New Guinea,1,Male,2011,10.67749364515347
26,Papua New Guinea,2,Female,2011,29.139009372332858
26,Papua New Guinea,3,Both,2011,19.66675165174712
26,Papua New Guinea,1,Male,2012,10.68909361794268
26,Papua New Guinea,2,Female,2012,29.098127223008458
26,Papua New Guinea,3,Both,2012,19.65714520938825
155,Turkey,1,Male,2015,15.65701555223327
155,Turkey,2,Female,2015,31.48194040197943
155,Turkey,3,Both,2015,23.658366710163968
165,Pakistan,1,Male,2020,15.133566994917649
165,Pakistan,2,Female,2020,16.85838435691115
165,Pakistan,3,Both,2020,15.98656511309866
28,Solomon Islands,1,Male,2018,15.62933588677436
28,Solomon Islands,2,Female,2018,31.10356814957213
28,Solomon Islands,3,Both,2018,23.36724612172005
87,Luxembourg,1,Male,2021,14.450840615782193
87,Luxembourg,2,Female,2021,25.35298486034048
87,Luxembourg,3,Both,2021,19.91310055338095
30,Vanuatu,1,Male,2019,4.50259081803415
30,Vanuatu,2,Female,2019,8.849588895818899
30,Vanuatu,3,Both,2019,6.6929933174222604
19,Timor-Leste,1,Male,2011,2.91482331763067
19,Timor-Leste,2,Female,2011,8.76471309967385
19,Timor-Leste,3,Both,2011,5.79417560752287
108,Belize,1,Male,2015,8.965574465214681
108,Belize,2,Female,2015,24.87518542361994
108,Belize,3,Both,2015,16.98481731620265
187,Somalia,1,Male,2020,2.70977458073784
187,Somalia,2,Female,2020,7.80383499416067
187,Somalia,3,Both,2020,5.2970976538622105
24,Marshall Islands,1,Male,2021,46.878314682193775
24,Marshall Islands,2,Female,2021,64.39494715813207
24,Marshall Islands,3,Both,2021,55.42024717533119
177,Djibouti,1,Male,2014,3.42173973168092
177,Djibouti,2,Female,2014,8.205690345537061
177,Djibouti,3,Both,2014,5.67233089943181
181,Madagascar,1,Male,2014,3.11152298228218
181,Madagascar,2,Female,2014,7.88182960191261
181,Madagascar,3,Both,2014,5.55524866768404
185,Rwanda,1,Male,2014,2.49337586087942
185,Rwanda,2,Female,2014,7.09956626157012
185,Rwanda,3,Both,2014,4.96270299855386
19,Timor-Leste,1,Male,2016,2.91005362814589
19,Timor-Leste,2,Female,2016,8.76177966134767
19,Timor-Leste,3,Both,2016,5.82358752224798
191,Zambia,1,Male,2014,5.04578114225652
191,Zambia,2,Female,2014,10.4309846347211
191,Zambia,3,Both,2014,7.758889499568141
195,Namibia,1,Male,2014,14.20450723251168
195,Namibia,2,Female,2014,18.2292130941954
195,Namibia,3,Both,2014,16.33646542493001
19,Timor-Leste,1,Male,2019,2.96708700532549
19,Timor-Leste,2,Female,2019,8.812724006039769
19,Timor-Leste,3,Both,2019,5.89948506543478
116,Saint Lucia,1,Male,2012,10.86084531844375
116,Saint Lucia,2,Female,2012,28.023827221435287
116,Saint Lucia,3,Both,2012,19.60982877974129
203,Cape Verde,1,Male,2014,4.56253303110161
203,Cape Verde,2,Female,2014,17.59911063192312
203,Cape Verde,3,Both,2014,11.17406684087288
207,Ghana,1,Male,2014,7.163474827049409
207,Ghana,2,Female,2014,16.52210681433226
207,Ghana,3,Both,2014,12.143469560091953
211,Mali,1,Male,2014,13.23697029349146
211,Mali,2,Female,2014,16.57154443608465
211,Mali,3,Both,2014,14.944600247375847
215,Sao Tome and Principe,1,Male,2014,2.47962020990266
215,Sao Tome and Principe,2,Female,2014,11.01720353871184
215,Sao Tome and Principe,3,Both,2014,6.79584350324762
30,Vanuatu,1,Male,2020,4.5517800637653
30,Vanuatu,2,Female,2020,8.996500037165319
30,Vanuatu,3,Both,2020,6.79714710794998
128,Guatemala,1,Male,2012,3.84450092287986
128,Guatemala,2,Female,2012,8.410952882182809
128,Guatemala,3,Both,2012,6.266182688754959
132,Panama,1,Male,2012,10.13326866611293
132,Panama,2,Female,2012,18.74463620781851
132,Panama,3,Both,2012,14.457859302237289
24,Marshall Islands,1,Male,2015,46.70343635694181
24,Marshall Islands,2,Female,2015,64.41950023679189
24,Marshall Islands,3,Both,2015,55.311954467931535
136,Paraguay,1,Male,2012,10.80039301544766
136,Paraguay,2,Female,2012,15.049147169786838
136,Paraguay,3,Both,2012,12.9232050481926
320,Cook Islands,1,Male,2014,25.189097540743848
320,Cook Islands,2,Female,2014,43.490055399234215
320,Cook Islands,3,Both,2014,34.62536990953425
89,Netherlands,1,Male,2016,13.90617596891755
89,Netherlands,2,Female,2016,21.176713384209283
89,Netherlands,3,Both,2016,17.61849493588606
52,Romania,1,Male,2019,18.46798875905585
52,Romania,2,Female,2019,36.136602640915285
52,Romania,3,Both,2019,27.711311624650207
93,Sweden,1,Male,2016,19.66700577489484
93,Sweden,2,Female,2016,29.0782512880346
93,Sweden,3,Both,2016,24.42036470484736
97,Argentina,1,Male,2016,10.1760647244775
97,Argentina,2,Female,2016,20.4850046359744
97,Argentina,3,Both,2016,15.59156560375062
101,Canada,1,Male,2016,8.90402168527471
101,Canada,2,Female,2016,15.55313915619798
101,Canada,3,Both,2016,12.33833309903131
181,Madagascar,1,Male,2011,3.06952603270092
181,Madagascar,2,Female,2011,7.79616354092258
181,Madagascar,3,Both,2011,5.4863807630199695
349,Greenland,1,Male,2014,7.11667727021932
349,Greenland,2,Female,2014,15.579029125968871
349,Greenland,3,Both,2014,11.02370319216355
140,Bahrain,1,Male,2012,18.61240215872738
140,Bahrain,2,Female,2012,38.101413815768296
140,Bahrain,3,Both,2012,25.019610227029137
144,Jordan,1,Male,2012,18.18303745416605
144,Jordan,2,Female,2012,30.02928392575182
144,Jordan,3,Both,2012,23.74279917135101
367,Monaco,1,Male,2014,26.32670723903346
367,Monaco,2,Female,2014,38.65909070606246
367,Monaco,3,Both,2014,32.74032978761214
36,Kazakhstan,1,Male,2012,6.95786462676728
36,Kazakhstan,2,Female,2012,15.09121323825751
36,Kazakhstan,3,Both,2012,11.32059926673485
105,Antigua and Barbuda,1,Male,2016,11.7259820283286
105,Antigua and Barbuda,2,Female,2016,26.96617267828965
105,Antigua and Barbuda,3,Both,2016,19.76537154961347
380,Palau,1,Male,2014,19.89672373645211
380,Palau,2,Female,2014,40.12909395418103
380,Palau,3,Both,2014,29.17081457815877
149,Palestine,1,Male,2012,13.19085033706982
149,Palestine,2,Female,2012,46.12045825931041
149,Palestine,3,Both,2012,29.607808823458733
106,The Bahamas,1,Male,2016,12.77015471611265
106,The Bahamas,2,Female,2016,30.11074056326185
106,The Bahamas,3,Both,2016,21.898208166549928
110,Dominica,1,Male,2016,6.14528965538639
110,Dominica,2,Female,2016,27.39049977685622
110,Dominica,3,Both,2016,16.73267040161556
114,Haiti,1,Male,2016,7.84827660538092
114,Haiti,2,Female,2016,21.01125821470088
114,Haiti,3,Both,2016,14.75461227411847
118,Suriname,1,Male,2016,26.407388669795427
118,Suriname,2,Female,2016,35.58644158215123
118,Suriname,3,Both,2016,31.12679387856907
34,Azerbaijan,1,Male,2016,5.93630961599668
34,Azerbaijan,2,Female,2016,13.00298022252336
34,Azerbaijan,3,Both,2016,9.59368164268187
122,Ecuador,1,Male,2016,17.064455010467668
122,Ecuador,2,Female,2016,16.30671654290484
122,Ecuador,3,Both,2016,16.67576736230648
413,Tokelau,1,Male,2014,21.52242084409628
413,Tokelau,2,Female,2014,41.329920306888965
413,Tokelau,3,Both,2014,31.49854066605613
153,Syria,1,Male,2012,18.27138175706837
153,Syria,2,Female,2012,35.665533610489
153,Syria,3,Both,2012,26.6893821005045
126,Costa Rica,1,Male,2016,11.38372169472685
126,Costa Rica,2,Female,2016,20.355871888801698
126,Costa Rica,3,Both,2016,16.09357384531696
38,Mongolia,1,Male,2016,4.30932951420452
38,Mongolia,2,Female,2016,7.829424629323831
38,Mongolia,3,Both,2016,6.13064055064266
130,Mexico,1,Male,2016,12.45197119799103
130,Mexico,2,Female,2016,21.203700595961568
130,Mexico,3,Both,2016,17.024395415065328
46,Croatia,1,Male,2016,14.143295401211612
46,Croatia,2,Female,2016,27.25649159333302
46,Croatia,3,Both,2016,21.04052584146027
157,Yemen,1,Male,2012,15.582128679093952
157,Yemen,2,Female,2012,30.623096907559272
157,Yemen,3,Both,2012,23.10263278703134
50,Montenegro,1,Male,2016,12.967327269812673
50,Montenegro,2,Female,2016,24.85389976757259
50,Montenegro,3,Both,2016,19.11484772372952
142,Iran,1,Male,2016,14.977453292744592
142,Iran,2,Female,2016,35.290101807336995
142,Iran,3,Both,2016,25.04357880772921
161,Bangladesh,1,Male,2012,6.80863630574054
161,Bangladesh,2,Female,2012,21.10648705931726
161,Bangladesh,3,Both,2012,13.93375764068665
54,Slovakia,1,Male,2016,11.24001921902017
54,Slovakia,2,Female,2016,24.47182660386667
54,Slovakia,3,Both,2016,18.14561122508594
146,Lebanon,1,Male,2016,34.94632424268437
146,Lebanon,2,Female,2016,32.41775457436752
146,Lebanon,3,Both,2016,33.64664427321315
165,Pakistan,1,Male,2012,14.91509302068432
165,Pakistan,2,Female,2012,16.347869523222442
165,Pakistan,3,Both,2012,15.61468722402912
147,Libya,1,Male,2016,17.56131846003193
147,Libya,2,Female,2016,36.350506396547225
147,Libya,3,Both,2016,26.56105472577423
58,Estonia,1,Male,2016,8.36472082141472
58,Estonia,2,Female,2016,20.63637289266789
58,Estonia,3,Both,2016,15.08215582215249
169,Central African Republic,1,Male,2012,6.31949440629888
169,Central African Republic,2,Female,2012,17.768735370879078
169,Central African Republic,3,Both,2012,12.13149474343104
62,Russian Federation,1,Male,2016,8.23557714482748
62,Russian Federation,2,Female,2016,19.786926489642003
62,Russian Federation,3,Both,2016,14.63047011217312
173,Gabon,1,Male,2012,2.95033502001657
173,Gabon,2,Female,2012,14.2876317251627
173,Gabon,3,Both,2012,8.696326407595791
151,Qatar,1,Male,2016,18.21131704843081
151,Qatar,2,Female,2016,44.41062154968644
151,Qatar,3,Both,2016,23.66331202595863
177,Djibouti,1,Male,2012,3.34939265935064
177,Djibouti,2,Female,2012,8.06967275122607
177,Djibouti,3,Both,2012,5.56655531976695
155,Turkey,1,Male,2016,15.96079141663922
155,Turkey,2,Female,2016,31.975173484908144
155,Turkey,3,Both,2016,24.050845424062352
67,Japan,1,Male,2016,35.55267372692655
67,Japan,2,Female,2016,46.01764999442601
67,Japan,3,Both,2016,40.99538027801282
181,Madagascar,1,Male,2012,3.08129204030908
181,Madagascar,2,Female,2012,7.819967280605621
181,Madagascar,3,Both,2012,5.50582472504711
163,India,1,Male,2016,11.62643195336409
163,India,2,Female,2016,17.328409413113167
163,India,3,Both,2016,14.447892535324188
46,Croatia,1,Male,2013,13.70459708969637
46,Croatia,2,Female,2013,26.85982968532309
46,Croatia,3,Both,2013,20.642390045730828
34,Azerbaijan,1,Male,2014,5.87038333239859
34,Azerbaijan,2,Female,2014,12.83438337769561
34,Azerbaijan,3,Both,2014,9.48143117314208
71,Australia,1,Male,2016,33.82754361669327
71,Australia,2,Female,2016,47.20360853568149
71,Australia,3,Both,2016,40.70293750890643
185,Rwanda,1,Male,2012,2.44782351827403
185,Rwanda,2,Female,2012,7.01645074401039
185,Rwanda,3,Both,2012,4.9004892499789
75,Austria,1,Male,2016,15.68236990316724
75,Austria,2,Female,2016,29.04264926962588
75,Austria,3,Both,2016,22.59639007017202
50,Montenegro,1,Male,2013,12.648448088264342
50,Montenegro,2,Female,2013,24.42038994643782
50,Montenegro,3,Both,2013,18.74324920334906
165,Pakistan,1,Male,2017,15.0011353569117
165,Pakistan,2,Female,2017,16.54310956223031
165,Pakistan,3,Both,2017,15.76085955331801
191,Zambia,1,Male,2012,4.92729750715028
191,Zambia,2,Female,2012,10.22140190451191
191,Zambia,3,Both,2012,7.59355759314781
54,Slovakia,1,Male,2013,10.69070452184083
54,Slovakia,2,Female,2013,23.69540389326606
54,Slovakia,3,Both,2013,17.49474569346946
79,Finland,1,Male,2016,18.14418030189086
79,Finland,2,Female,2016,32.31908657089974
79,Finland,3,Both,2016,25.440148795254142
171,Democratic Republic of the Congo,1,Male,2016,10.37347844618619
171,Democratic Republic of the Congo,2,Female,2016,18.67436400653793
171,Democratic Republic of the Congo,3,Both,2016,14.53915519526704
195,Namibia,1,Male,2012,13.93614646336034
195,Namibia,2,Female,2012,17.82943342090758
195,Namibia,3,Both,2012,15.996539136442
175,Burundi,1,Male,2016,3.2411851132904497
175,Burundi,2,Female,2016,7.80475158421228
175,Burundi,3,Both,2016,5.45904729109592
19,Timor-Leste,1,Male,2013,2.8867058534261103
19,Timor-Leste,2,Female,2013,8.727001814769949
19,Timor-Leste,3,Both,2013,5.77173682604347
83,Iceland,1,Male,2016,20.78613939266676
83,Iceland,2,Female,2016,31.90188027790692
83,Iceland,3,Both,2016,26.35706307204906
179,Ethiopia,1,Male,2016,4.4427415410294
179,Ethiopia,2,Female,2016,11.87425218899328
179,Ethiopia,3,Both,2016,8.19166915585536
203,Cape Verde,1,Male,2012,4.42338330891479
203,Cape Verde,2,Female,2012,17.32317485227369
203,Cape Verde,3,Both,2012,11.02631142508033
58,Estonia,1,Male,2013,8.04161026645994
58,Estonia,2,Female,2013,19.979245891710782
58,Estonia,3,Both,2013,14.62387297699863
87,Luxembourg,1,Male,2016,14.201103091391651
87,Luxembourg,2,Female,2016,25.613139112040027
87,Luxembourg,3,Both,2016,19.94152284926036
183,Mauritius,1,Male,2016,12.3116530078136
183,Mauritius,2,Female,2016,21.74738408517769
183,Mauritius,3,Both,2016,17.13372333878452
207,Ghana,1,Male,2012,6.748087618815
207,Ghana,2,Female,2012,15.582600333208068
207,Ghana,3,Both,2012,11.43010832270335
62,Russian Federation,1,Male,2013,7.9536564981255
62,Russian Federation,2,Female,2013,19.49526478887474
62,Russian Federation,3,Both,2013,14.35761369737424
187,Somalia,1,Male,2016,2.74155306087414
187,Somalia,2,Female,2016,7.781801896489481
187,Somalia,3,Both,2016,5.3147607740589295
211,Mali,1,Male,2012,13.21740549823316
211,Mali,2,Female,2012,16.3548190228893
211,Mali,3,Both,2012,14.81831763163393
215,Sao Tome and Principe,1,Male,2012,2.41981936680339
215,Sao Tome and Principe,2,Female,2012,10.80800018958879
215,Sao Tome and Principe,3,Both,2012,6.68642010959203
91,Portugal,1,Male,2016,23.41289658031297
91,Portugal,2,Female,2016,34.411715576182935
91,Portugal,3,Both,2016,29.291658400996813
193,Botswana,1,Male,2016,9.32224428580512
193,Botswana,2,Female,2016,24.93610990058447
193,Botswana,3,Both,2016,17.418316530627077
67,Japan,1,Male,2013,35.11041053873921
67,Japan,2,Female,2013,45.69968445171005
67,Japan,3,Both,2013,40.61734947159434
71,Australia,1,Male,2013,33.1210888586059
71,Australia,2,Female,2013,46.34695080401541
71,Australia,3,Both,2013,39.91554855051956
95,United Kingdom,1,Male,2016,27.51778437363781
95,United Kingdom,2,Female,2016,42.82938266506007
95,United Kingdom,3,Both,2016,35.41573090624294
28,Solomon Islands,1,Male,2014,15.590022523319618
28,Solomon Islands,2,Female,2014,31.11838449307184
28,Solomon Islands,3,Both,2014,23.308520860691058
197,Swaziland,1,Male,2016,8.94985710870229
197,Swaziland,2,Female,2016,19.99652613266548
197,Swaziland,3,Both,2016,14.91949816585615
75,Austria,1,Male,2013,15.1019542799669
75,Austria,2,Female,2013,28.53052370482249
75,Austria,3,Both,2013,22.08825962948428
99,Uruguay,1,Male,2016,14.92632022376194
99,Uruguay,2,Female,2016,24.48308215410389
99,Uruguay,3,Both,2016,20.050499152862
320,Cook Islands,1,Male,2012,24.55824347779309
320,Cook Islands,2,Female,2012,42.68705834111831
320,Cook Islands,3,Both,2012,33.86028317466695
79,Finland,1,Male,2013,18.12320073450126
79,Finland,2,Female,2013,31.97576566853418
79,Finland,3,Both,2013,25.27390593967796
60,Lithuania,1,Male,2011,13.53173944148057
60,Lithuania,2,Female,2011,24.86788663735339
60,Lithuania,3,Both,2011,19.87657457228033
349,Greenland,1,Male,2012,6.93923195986024
349,Greenland,2,Female,2012,15.307676322503088
349,Greenland,3,Both,2012,10.77621550295388
83,Iceland,1,Male,2013,20.1823223881561
83,Iceland,2,Female,2013,31.14416966958755
83,Iceland,3,Both,2013,25.708894815806588
367,Monaco,1,Male,2012,25.997443323966102
367,Monaco,2,Female,2012,38.29866702498382
367,Monaco,3,Both,2012,32.39479334165963
87,Luxembourg,1,Male,2013,14.34988820508607
87,Luxembourg,2,Female,2013,25.894729397780107
87,Luxembourg,3,Both,2013,20.19343257227746
108,Belize,1,Male,2016,8.99166065090625
108,Belize,2,Female,2016,24.94432962365992
108,Belize,3,Both,2016,17.04108789931854
380,Palau,1,Male,2012,19.68362458660079
380,Palau,2,Female,2012,39.73996085940973
380,Palau,3,Both,2012,28.97741813716997
112,Grenada,1,Male,2016,10.52343765128454
112,Grenada,2,Female,2016,29.485364930278056
112,Grenada,3,Both,2016,19.94606762981839
201,Burkina Faso,1,Male,2016,3.88246736856161
201,Burkina Faso,2,Female,2016,8.51886155938203
201,Burkina Faso,3,Both,2016,6.348068973751329
36,Kazakhstan,1,Male,2014,6.90951247770659
36,Kazakhstan,2,Female,2014,15.037097675790582
36,Kazakhstan,3,Both,2014,11.26348430960403
91,Portugal,1,Male,2013,22.83294858745786
91,Portugal,2,Female,2013,33.95508784484123
91,Portugal,3,Both,2013,28.76320298493388
413,Tokelau,1,Male,2012,21.50759906188777
413,Tokelau,2,Female,2012,41.08323142524402
413,Tokelau,3,Both,2012,31.43768279800464
116,Saint Lucia,1,Male,2016,11.49333833474227
116,Saint Lucia,2,Female,2016,29.11351945630692
116,Saint Lucia,3,Both,2016,20.43411710702017
205,Cote d'Ivoire,1,Male,2016,7.35235362444297
205,Cote d'Ivoire,2,Female,2016,12.25946143808322
205,Cote d'Ivoire,3,Both,2016,9.7023681692081
40,Turkmenistan,1,Male,2014,5.74390284046474
40,Turkmenistan,2,Female,2014,13.44102498373036
40,Turkmenistan,3,Both,2014,9.60315793065618
95,United Kingdom,1,Male,2013,27.31303780483617
95,United Kingdom,2,Female,2013,42.7663049513266
95,United Kingdom,3,Both,2013,35.29115916762826
209,Guinea-Bissau,1,Male,2016,6.71925295530555
209,Guinea-Bissau,2,Female,2016,13.49440179164049
209,Guinea-Bissau,3,Both,2016,10.35029524041717
44,Bosnia and Herzegovina,1,Male,2014,11.146686185451
44,Bosnia and Herzegovina,2,Female,2014,19.8804472676551
44,Bosnia and Herzegovina,3,Both,2014,15.67673869111587
26,Papua New Guinea,1,Male,2017,10.85820057574097
26,Papua New Guinea,2,Female,2017,29.24393558265307
26,Papua New Guinea,3,Both,2017,19.84193719448832
99,Uruguay,1,Male,2013,14.60466986940953
99,Uruguay,2,Female,2013,24.04625287550812
99,Uruguay,3,Both,2013,19.66058289733025
69,Singapore,1,Male,2011,20.459101886792592
69,Singapore,2,Female,2011,27.88282516934915
69,Singapore,3,Both,2011,23.98443819680615
48,Hungary,1,Male,2014,10.70836610613182
48,Hungary,2,Female,2014,22.15774529883459
48,Hungary,3,Both,2014,16.87039755325312
213,Niger,1,Male,2016,8.61884122885118
213,Niger,2,Female,2016,17.73908750391253
213,Niger,3,Both,2016,13.2990926872561
108,Belize,1,Male,2013,8.89169675438213
108,Belize,2,Female,2013,24.72070897027391
108,Belize,3,Both,2013,16.85449969967503
112,Grenada,1,Male,2013,10.02611002547176
112,Grenada,2,Female,2013,28.77610073497698
112,Grenada,3,Both,2013,19.38812233958937
128,Guatemala,1,Male,2016,4.10891310275879
128,Guatemala,2,Female,2016,9.05879555442025
128,Guatemala,3,Both,2016,6.73975280412796
116,Saint Lucia,1,Male,2013,11.04089999614129
116,Saint Lucia,2,Female,2013,28.28773271292977
116,Saint Lucia,3,Both,2013,19.82244341150081
105,Antigua and Barbuda,1,Male,2021,12.41109173480038
105,Antigua and Barbuda,2,Female,2021,27.887199865188677
105,Antigua and Barbuda,3,Both,2021,20.46160587490955
52,Romania,1,Male,2014,16.7528263202821
52,Romania,2,Female,2014,33.9283309708675
52,Romania,3,Both,2014,25.72954243642629
132,Panama,1,Male,2016,10.690357470105951
132,Panama,2,Female,2016,19.87081676933147
132,Panama,3,Both,2016,15.30945162835905
217,Sierra Leone,1,Male,2016,7.44716497345875
217,Sierra Leone,2,Female,2016,14.04808539432583
217,Sierra Leone,3,Both,2016,10.80223751130823
77,Cyprus,1,Male,2011,14.646315482258329
77,Cyprus,2,Female,2011,23.48625718742556
77,Cyprus,3,Both,2011,19.19010054778216
136,Paraguay,1,Male,2016,11.3406429054963
136,Paraguay,2,Female,2016,15.76713949053204
136,Paraguay,3,Both,2016,13.552203420033528
106,The Bahamas,1,Male,2021,12.93373930303175
106,The Bahamas,2,Female,2021,30.47631763689733
106,The Bahamas,3,Both,2021,22.18540489802227
81,Germany,1,Male,2011,12.26259056539294
81,Germany,2,Female,2011,23.636838441336568
81,Germany,3,Both,2011,18.14823305335874
140,Bahrain,1,Male,2016,20.42847953883123
140,Bahrain,2,Female,2016,40.08938758374547
140,Bahrain,3,Both,2016,26.92037334794178
144,Jordan,1,Male,2016,19.20361448217349
144,Jordan,2,Female,2016,31.07813478066878
144,Jordan,3,Both,2016,24.64468600108172
110,Dominica,1,Male,2021,6.89118949477376
110,Dominica,2,Female,2021,27.74859841923839
110,Dominica,3,Both,2021,17.20007883506453
128,Guatemala,1,Male,2013,3.91723247499576
128,Guatemala,2,Female,2013,8.57949486916346
128,Guatemala,3,Both,2013,6.39120320523493
132,Panama,1,Male,2013,10.28519994238809
132,Panama,2,Female,2013,19.02238657834105
132,Panama,3,Both,2013,14.675239716271909
149,Palestine,1,Male,2016,13.850786066600609
149,Palestine,2,Female,2016,46.77505941590699
149,Palestine,3,Both,2016,30.198506468122076
136,Paraguay,1,Male,2013,10.9349768459117
136,Paraguay,2,Female,2013,15.197437991817289
136,Paraguay,3,Both,2013,13.06441368249125
153,Syria,1,Male,2016,21.5862500784404
153,Syria,2,Female,2016,37.87738503494441
153,Syria,3,Both,2016,29.93360296785929
140,Bahrain,1,Male,2013,18.90993632514871
140,Bahrain,2,Female,2013,38.47686163399084
140,Bahrain,3,Both,2013,25.35460209010817
34,Azerbaijan,1,Male,2018,6.04982821732957
34,Azerbaijan,2,Female,2018,13.27669238232285
34,Azerbaijan,3,Both,2018,9.78290670807813
144,Jordan,1,Male,2013,18.53399589747796
144,Jordan,2,Female,2013,30.34510870083557
144,Jordan,3,Both,2013,24.0497267486164
157,Yemen,1,Male,2016,15.7022877186106
157,Yemen,2,Female,2016,30.91357622390432
157,Yemen,3,Both,2016,23.33292250634598
161,Bangladesh,1,Male,2016,7.39675662645321
161,Bangladesh,2,Female,2016,22.67984064135232
161,Bangladesh,3,Both,2016,15.09980486006417
149,Palestine,1,Male,2013,13.3557527391529
149,Palestine,2,Female,2013,46.3092121114616
149,Palestine,3,Both,2013,29.77218109662292
165,Pakistan,1,Male,2016,14.97952566419628
165,Pakistan,2,Female,2016,16.45933818233177
165,Pakistan,3,Both,2016,15.70756666741532
153,Syria,1,Male,2013,18.89050130132966
153,Syria,2,Female,2013,36.10893966020074
153,Syria,3,Both,2013,27.32815770576755
169,Central African Republic,1,Male,2016,6.63261966196165
169,Central African Republic,2,Female,2016,18.283346477975908
169,Central African Republic,3,Both,2016,12.638218002869309
298,American Samoa,1,Male,2016,48.02372120531969
298,American Samoa,2,Female,2016,61.89952320029196
298,American Samoa,3,Both,2016,54.90540151783407
85,Israel,1,Male,2011,13.26750851912158
85,Israel,2,Female,2011,25.685255055321782
85,Israel,3,Both,2011,19.676103840622968
60,Lithuania,1,Male,2014,14.12893088964704
60,Lithuania,2,Female,2014,25.44994471009328
60,Lithuania,3,Both,2014,20.46308434348096
114,Haiti,1,Male,2021,7.803292828073161
114,Haiti,2,Female,2021,21.341368931293108
114,Haiti,3,Both,2021,14.89669387285218
19,Timor-Leste,1,Male,2020,3.01551026142755
19,Timor-Leste,2,Female,2020,8.881137681617691
19,Timor-Leste,3,Both,2020,5.964046643053
89,Netherlands,1,Male,2011,12.48854511826455
89,Netherlands,2,Female,2011,19.637891257506208
89,Netherlands,3,Both,2011,16.14768381561759
118,Suriname,1,Male,2021,26.899739366651836
118,Suriname,2,Female,2021,36.30307352843459
118,Suriname,3,Both,2021,31.789219211276848
93,Sweden,1,Male,2011,18.79751097763456
93,Sweden,2,Female,2011,28.182553760934592
93,Sweden,3,Both,2011,23.56636792951121
173,Gabon,1,Male,2016,3.24200927374684
173,Gabon,2,Female,2016,15.274572023734931
173,Gabon,3,Both,2016,9.40586891457639
157,Yemen,1,Male,2013,15.59909332984951
157,Yemen,2,Female,2013,30.717073012518497
157,Yemen,3,Both,2013,23.16411983947989
374,Niue,1,Male,2016,23.78090124077135
374,Niue,2,Female,2016,42.441506083902766
374,Niue,3,Both,2016,33.25403478305809
122,Ecuador,1,Male,2021,17.40986929406774
122,Ecuador,2,Female,2021,17.34618715972648
122,Ecuador,3,Both,2021,17.37727469321097
177,Djibouti,1,Male,2016,3.51462738450809
177,Djibouti,2,Female,2016,8.37938114060836
177,Djibouti,3,Both,2016,5.8022782767225705
161,Bangladesh,1,Male,2013,6.915090475876309
161,Bangladesh,2,Female,2013,21.52598075284603
161,Bangladesh,3,Both,2013,14.21763493909424
97,Argentina,1,Male,2011,10.0576370461548
97,Argentina,2,Female,2011,19.97249129133433
97,Argentina,3,Both,2011,15.27306965998259
69,Singapore,1,Male,2014,21.4848322202827
69,Singapore,2,Female,2014,29.06233320931216
69,Singapore,3,Both,2014,25.03847676276688
393,Saint Kitts and Nevis,1,Male,2016,12.06298078053688
393,Saint Kitts and Nevis,2,Female,2016,29.05668275780924
393,Saint Kitts and Nevis,3,Both,2016,20.54569318357725
413,Tokelau,1,Male,2019,21.63251463910804
413,Tokelau,2,Female,2019,41.03542072264779
413,Tokelau,3,Both,2019,31.45258141343364
126,Costa Rica,1,Male,2021,11.83117631721232
126,Costa Rica,2,Female,2021,21.25488394162869
126,Costa Rica,3,Both,2021,16.81954221810405
181,Madagascar,1,Male,2016,3.16318080181644
181,Madagascar,2,Female,2016,7.95472545963883
181,Madagascar,3,Both,2016,5.6206886600815
165,Pakistan,1,Male,2013,14.953042819029449
165,Pakistan,2,Female,2013,16.38781632218847
165,Pakistan,3,Both,2013,15.6550949920839
101,Canada,1,Male,2011,8.80244408544026
101,Canada,2,Female,2011,14.90148668598697
101,Canada,3,Both,2011,11.96070256594387
422,"Virgin Islands, U.S.",1,Male,2016,13.931652301366809
422,"Virgin Islands, U.S.",2,Female,2016,31.33159274124085
422,"Virgin Islands, U.S.",3,Both,2016,23.10102117001769
130,Mexico,1,Male,2021,13.75394014018009
130,Mexico,2,Female,2021,22.90632085411665
130,Mexico,3,Both,2021,18.54530170442245
185,Rwanda,1,Male,2016,2.53809257687911
185,Rwanda,2,Female,2016,7.1875786296396695
185,Rwanda,3,Both,2016,5.024561337263981
169,Central African Republic,1,Male,2013,6.357898270553319
169,Central African Republic,2,Female,2013,17.85049679782907
169,Central African Republic,3,Both,2013,12.20065090386061
77,Cyprus,1,Male,2014,14.73462714459036
77,Cyprus,2,Female,2014,23.5454667937018
77,Cyprus,3,Both,2014,19.26427019852575
105,Antigua and Barbuda,1,Male,2011,11.05054752365163
105,Antigua and Barbuda,2,Female,2011,25.903053152477728
105,Antigua and Barbuda,3,Both,2011,18.99794972939012
173,Gabon,1,Male,2013,3.02015449097456
173,Gabon,2,Female,2013,14.52669405837409
173,Gabon,3,Both,2013,8.865471800652431
177,Djibouti,1,Male,2013,3.3829171292378204
177,Djibouti,2,Female,2013,8.13320005218875
177,Djibouti,3,Both,2013,5.6163784755073
106,The Bahamas,1,Male,2011,12.20707850086408
106,The Bahamas,2,Female,2011,29.18603761373142
106,The Bahamas,3,Both,2011,21.14366119805446
30,Vanuatu,1,Male,2011,4.2947848207468695
30,Vanuatu,2,Female,2011,8.28462576701841
30,Vanuatu,3,Both,2011,6.280033485031911
191,Zambia,1,Male,2016,5.180672492405311
191,Zambia,2,Female,2016,10.6411683999547
191,Zambia,3,Both,2016,7.9326445010683795
181,Madagascar,1,Male,2013,3.09754562277993
181,Madagascar,2,Female,2013,7.849524838962919
181,Madagascar,3,Both,2013,5.53039441423669
142,Iran,1,Male,2021,16.3536346845625
142,Iran,2,Female,2021,36.29985544167465
142,Iran,3,Both,2021,26.212215561989176
81,Germany,1,Male,2014,12.50197364365083
81,Germany,2,Female,2014,23.86247126933061
81,Germany,3,Both,2014,18.36028651808375
110,Dominica,1,Male,2011,5.39932586473609
110,Dominica,2,Female,2011,26.07895331330385
110,Dominica,3,Both,2011,15.805329186059442
195,Namibia,1,Male,2016,14.46914054921862
195,Namibia,2,Female,2016,18.577082290925027
195,Namibia,3,Both,2016,16.64610450762499
185,Rwanda,1,Male,2013,2.47091015011028
185,Rwanda,2,Female,2013,7.0553438876297
185,Rwanda,3,Both,2013,4.93066193748399
146,Lebanon,1,Male,2021,35.46013776048086
146,Lebanon,2,Female,2021,33.283403922521195
146,Lebanon,3,Both,2021,34.337756749772154
114,Haiti,1,Male,2011,7.923507679878861
114,Haiti,2,Female,2011,20.742261430337088
114,Haiti,3,Both,2011,14.65629853025189
147,Libya,1,Male,2021,17.56970183743265
147,Libya,2,Female,2021,35.690163793444206
147,Libya,3,Both,2021,26.32221984434574
203,Cape Verde,1,Male,2016,4.76200602447918
203,Cape Verde,2,Female,2016,17.965890261721178
203,Cape Verde,3,Both,2016,11.40242694165724
85,Israel,1,Male,2014,13.42797417711592
85,Israel,2,Female,2014,25.93257558349452
85,Israel,3,Both,2014,19.86624287097249
207,Ghana,1,Male,2016,7.78108392493624
207,Ghana,2,Female,2016,17.6903997449497
207,Ghana,3,Both,2016,13.072598391315852
191,Zambia,1,Male,2013,4.98512874670974
191,Zambia,2,Female,2013,10.32649793478829
191,Zambia,3,Both,2013,7.675818999029859
118,Suriname,1,Male,2011,25.31950688653845
118,Suriname,2,Female,2011,34.20357282281472
118,Suriname,3,Both,2011,29.82564636800294
151,Qatar,1,Male,2021,19.87582829013793
151,Qatar,2,Female,2021,46.2294253733462
151,Qatar,3,Both,2021,26.34139984110575
89,Netherlands,1,Male,2014,13.36619622846432
89,Netherlands,2,Female,2014,20.59185457020797
89,Netherlands,3,Both,2014,17.05966452783286
211,Mali,1,Male,2016,13.27794656381718
211,Mali,2,Female,2016,16.799380217260172
211,Mali,3,Both,2016,15.085916175469269
195,Namibia,1,Male,2013,14.07621831003686
195,Namibia,2,Female,2013,18.03005755396833
195,Namibia,3,Both,2013,16.16979298913516
122,Ecuador,1,Male,2011,16.07919932606284
122,Ecuador,2,Female,2011,14.84908429093873
122,Ecuador,3,Both,2011,15.44816528922366
155,Turkey,1,Male,2021,17.91355014751741
155,Turkey,2,Female,2021,34.77379726823929
155,Turkey,3,Both,2021,26.43324889416237
93,Sweden,1,Male,2014,19.260709091574192
93,Sweden,2,Female,2014,28.70479681647528
93,Sweden,3,Both,2014,24.04324175698919
215,Sao Tome and Principe,1,Male,2016,2.58203380894689
215,Sao Tome and Principe,2,Female,2016,11.27711015685923
215,Sao Tome and Principe,3,Both,2016,6.9546581250368
126,Costa Rica,1,Male,2011,10.74267088244653
126,Costa Rica,2,Female,2011,19.51599624440375
126,Costa Rica,3,Both,2011,15.305814070530849
97,Argentina,1,Male,2014,10.05992990036114
97,Argentina,2,Female,2014,20.15195182247894
97,Argentina,3,Both,2014,15.36454994287646
24,Marshall Islands,1,Male,2017,46.77367652765971
24,Marshall Islands,2,Female,2017,64.37854774424359
24,Marshall Islands,3,Both,2017,55.33422956932985
203,Cape Verde,1,Male,2013,4.482390340977839
203,Cape Verde,2,Female,2013,17.42977479411933
203,Cape Verde,3,Both,2013,11.07803763875582
163,India,1,Male,2021,11.9279137323568
163,India,2,Female,2021,17.92516970308607
163,India,3,Both,2021,14.899032309046008
130,Mexico,1,Male,2011,10.60038684477952
130,Mexico,2,Female,2011,19.30741797202423
130,Mexico,3,Both,2011,15.1564292611499
101,Canada,1,Male,2014,8.88562776893179
101,Canada,2,Female,2014,15.33576891924277
101,Canada,3,Both,2014,12.22101008773981
207,Ghana,1,Male,2013,6.9400582575333605
207,Ghana,2,Female,2013,16.02780873122244
207,Ghana,3,Both,2013,11.766499632765171
105,Antigua and Barbuda,1,Male,2014,11.45040435254322
105,Antigua and Barbuda,2,Female,2014,26.521711255277975
105,Antigua and Barbuda,3,Both,2014,19.44734465298284
211,Mali,1,Male,2013,13.22056770075278
211,Mali,2,Female,2013,16.44126958631334
211,Mali,3,Both,2013,14.86714828316654
171,Democratic Republic of the Congo,1,Male,2021,10.8455097955106
171,Democratic Republic of the Congo,2,Female,2021,19.171977236590028
171,Democratic Republic of the Congo,3,Both,2021,15.01658067212774
106,The Bahamas,1,Male,2014,12.617817155224358
106,The Bahamas,2,Female,2014,29.811504929001508
106,The Bahamas,3,Both,2014,21.66895721491792
215,Sao Tome and Principe,1,Male,2013,2.44275586899637
215,Sao Tome and Principe,2,Female,2013,10.89906494438418
215,Sao Tome and Principe,3,Both,2013,6.73049383879175
175,Burundi,1,Male,2021,3.3132071156701
175,Burundi,2,Female,2021,7.87451103765827
175,Burundi,3,Both,2021,5.52955423739668
142,Iran,1,Male,2011,14.15493587103898
142,Iran,2,Female,2011,34.52864799059005
142,Iran,3,Both,2011,24.26088199090939
213,Niger,1,Male,2017,8.63270762378811
213,Niger,2,Female,2017,17.76987394856039
213,Niger,3,Both,2017,13.32417478380441
110,Dominica,1,Male,2014,5.8490528831957
110,Dominica,2,Female,2014,26.98176967164312
110,Dominica,3,Both,2014,16.42098966730319
179,Ethiopia,1,Male,2021,4.56837560268498
179,Ethiopia,2,Female,2021,12.28275698114311
179,Ethiopia,3,Both,2021,8.46851645432875
146,Lebanon,1,Male,2011,34.35208540124462
146,Lebanon,2,Female,2011,31.42917331170958
146,Lebanon,3,Both,2011,32.80543844424335
320,Cook Islands,1,Male,2013,24.87101217011968
320,Cook Islands,2,Female,2013,43.04289444322202
320,Cook Islands,3,Both,2013,34.21910048585969
114,Haiti,1,Male,2014,7.89361581921249
114,Haiti,2,Female,2014,20.89648428857391
114,Haiti,3,Both,2014,14.72096510381446
183,Mauritius,1,Male,2021,14.09255604268226
183,Mauritius,2,Female,2021,23.74855903637661
183,Mauritius,3,Both,2021,19.034861429492768
147,Libya,1,Male,2011,17.40758839271938
147,Libya,2,Female,2011,36.23244254104051
147,Libya,3,Both,2011,26.382847723710068
187,Somalia,1,Male,2021,2.67921470304997
187,Somalia,2,Female,2021,7.75594763642973
187,Somalia,3,Both,2021,5.2555702514258
217,Sierra Leone,1,Male,2017,7.46005128862996
217,Sierra Leone,2,Female,2017,14.076185312190107
217,Sierra Leone,3,Both,2017,10.81454202898126
151,Qatar,1,Male,2011,16.64754832301237
151,Qatar,2,Female,2011,42.726109013247374
151,Qatar,3,Both,2011,21.59611737939611
118,Suriname,1,Male,2014,26.09719663048175
118,Suriname,2,Female,2014,35.0643371311956
118,Suriname,3,Both,2014,30.68225509325804
155,Turkey,1,Male,2011,15.44033974489207
155,Turkey,2,Female,2011,30.50570976603758
155,Turkey,3,Both,2011,23.05335773712018
122,Ecuador,1,Male,2014,16.69149500294257
122,Ecuador,2,Female,2014,15.72563848810268
122,Ecuador,3,Both,2014,16.1959352458105
193,Botswana,1,Male,2021,10.0868215302578
193,Botswana,2,Female,2021,25.69800000607713
193,Botswana,3,Both,2021,18.12971324351356
126,Costa Rica,1,Male,2014,11.11098727037956
126,Costa Rica,2,Female,2014,19.932696680645535
126,Costa Rica,3,Both,2014,15.725005411950068
169,Central African Republic,1,Male,2020,6.864025965731529
169,Central African Republic,2,Female,2020,18.58278832439516
169,Central African Republic,3,Both,2020,12.98472121325481
28,Solomon Islands,1,Male,2003,16.74409454825235
28,Solomon Islands,2,Female,2003,32.33759501118536
28,Solomon Islands,3,Both,2003,24.32017784671518
197,Swaziland,1,Male,2021,9.39414993970653
197,Swaziland,2,Female,2021,20.44818755369416
197,Swaziland,3,Both,2021,15.314521274893082
163,India,1,Male,2011,11.71249961475344
163,India,2,Female,2011,16.901867611349132
163,India,3,Both,2011,14.277594982105809
130,Mexico,1,Male,2014,11.681310567328849
130,Mexico,2,Female,2014,20.42589431170259
130,Mexico,3,Both,2014,16.25268010273815
91,Portugal,1,Male,2021,24.780413326324695
91,Portugal,2,Female,2021,35.71899466584023
91,Portugal,3,Both,2021,30.64273746707344
163,India,1,Male,2015,11.57324226539702
163,India,2,Female,2015,17.18708857940321
163,India,3,Both,2015,14.35097852950736
201,Burkina Faso,1,Male,2021,4.07139998753999
201,Burkina Faso,2,Female,2021,8.80065951883118
201,Burkina Faso,3,Both,2021,6.58494792115715
36,Kazakhstan,1,Male,2018,7.1043394090656005
36,Kazakhstan,2,Female,2018,15.323231484548238
36,Kazakhstan,3,Both,2018,11.49373069554312
298,American Samoa,1,Male,2017,48.18263987831269
298,American Samoa,2,Female,2017,61.948580751379446
298,American Samoa,3,Both,2017,54.99367042004407
171,Democratic Republic of the Congo,1,Male,2011,9.9020243442697
171,Democratic Republic of the Congo,2,Female,2011,18.05075349545199
171,Democratic Republic of the Congo,3,Both,2011,14.015245252137609
142,Iran,1,Male,2014,14.51745811072856
142,Iran,2,Female,2014,34.8365929432275
142,Iran,3,Both,2014,24.60454854847104
205,Cote d'Ivoire,1,Male,2021,7.872834762773221
205,Cote d'Ivoire,2,Female,2021,13.092537492938533
205,Cote d'Ivoire,3,Both,2021,10.38713152072659
175,Burundi,1,Male,2011,3.18923093056435
175,Burundi,2,Female,2011,7.81677412687808
175,Burundi,3,Both,2011,5.4457743305827
34,Azerbaijan,1,Male,2019,6.125467900857521
34,Azerbaijan,2,Female,2019,13.4172058428739
34,Azerbaijan,3,Both,2019,9.88828604351166
173,Gabon,1,Male,2020,3.5093265925967803
173,Gabon,2,Female,2020,15.9803265775878
173,Gabon,3,Both,2020,9.97484981985501
146,Lebanon,1,Male,2014,34.88817193364396
146,Lebanon,2,Female,2014,32.18886444869723
146,Lebanon,3,Both,2014,33.48335413019894
209,Guinea-Bissau,1,Male,2021,6.807179336422391
209,Guinea-Bissau,2,Female,2021,13.773663773042468
209,Guinea-Bissau,3,Both,2021,10.55004974007877
179,Ethiopia,1,Male,2011,4.24776708799417
179,Ethiopia,2,Female,2011,11.190937319608391
179,Ethiopia,3,Both,2011,7.7380128088770705
147,Libya,1,Male,2014,17.69607168839123
147,Libya,2,Female,2014,36.65189809390676
147,Libya,3,Both,2014,26.752678946524988
171,Democratic Republic of the Congo,1,Male,2015,10.23637620711787
171,Democratic Republic of the Congo,2,Female,2015,18.528141534201588
171,Democratic Republic of the Congo,3,Both,2015,14.401293148409213
213,Niger,1,Male,2021,8.60255630705977
213,Niger,2,Female,2021,17.81223289274185
213,Niger,3,Both,2021,13.34303695713335
374,Niue,1,Male,2017,24.14376116375463
374,Niue,2,Female,2017,42.803728154502366
374,Niue,3,Both,2017,33.6301040854592
183,Mauritius,1,Male,2011,10.98825924285486
183,Mauritius,2,Female,2011,20.116119198819497
183,Mauritius,3,Both,2011,15.65554647153414
95,United Kingdom,1,Male,2021,27.81204496103685
95,United Kingdom,2,Female,2021,42.85061671707809
95,United Kingdom,3,Both,2021,35.58264095194873
38,Mongolia,1,Male,2019,4.8785054853691
38,Mongolia,2,Female,2019,8.61951292766121
38,Mongolia,3,Both,2019,6.82149268433773
177,Djibouti,1,Male,2020,3.7144971577061705
177,Djibouti,2,Female,2020,8.76538374951492
177,Djibouti,3,Both,2020,6.07822072258163
217,Sierra Leone,1,Male,2021,7.47837011226246
217,Sierra Leone,2,Female,2021,14.23706469517204
217,Sierra Leone,3,Both,2021,10.88088083524543
187,Somalia,1,Male,2011,2.70888802066521
187,Somalia,2,Female,2011,7.64232649239549
187,Somalia,3,Both,2011,5.227782929545159
175,Burundi,1,Male,2015,3.20889848265114
175,Burundi,2,Female,2015,7.780795778622849
175,Burundi,3,Both,2015,5.42873635060608
393,Saint Kitts and Nevis,1,Male,2017,12.226042580643009
393,Saint Kitts and Nevis,2,Female,2017,29.331655690311543
393,Saint Kitts and Nevis,3,Both,2017,20.76966359162891
151,Qatar,1,Male,2014,17.51801414348567
151,Qatar,2,Female,2014,43.62495624527817
151,Qatar,3,Both,2014,22.650405125034386
155,Turkey,1,Male,2014,15.47678818459357
155,Turkey,2,Female,2014,31.15225579829783
155,Turkey,3,Both,2014,23.40861495200617
422,"Virgin Islands, U.S.",1,Male,2017,14.164601929916527
422,"Virgin Islands, U.S.",2,Female,2017,31.50059782317375
422,"Virgin Islands, U.S.",3,Both,2017,23.28579462740567
179,Ethiopia,1,Male,2015,4.39688478180291
179,Ethiopia,2,Female,2015,11.74429960077688
179,Ethiopia,3,Both,2015,8.10196068204091
24,Marshall Islands,1,Male,2011,46.73588648243542
24,Marshall Islands,2,Female,2011,64.09832626509926
24,Marshall Islands,3,Both,2011,55.17146043916024
193,Botswana,1,Male,2011,8.75356601436223
193,Botswana,2,Female,2011,24.29293044060717
193,Botswana,3,Both,2011,16.89668698226512
163,India,1,Male,2014,11.55599493753741
163,India,2,Female,2014,17.05600873003964
163,India,3,Both,2014,14.276970077838971
183,Mauritius,1,Male,2015,12.04224635980523
183,Mauritius,2,Female,2015,21.44345161429937
183,Mauritius,3,Both,2015,16.84631014249664
99,Uruguay,1,Male,2021,15.03168727052632
99,Uruguay,2,Female,2021,24.79401618580028
99,Uruguay,3,Both,2021,20.26722644911864
298,American Samoa,1,Male,2021,48.98411991728348
298,American Samoa,2,Female,2021,62.63324349147537
298,American Samoa,3,Both,2021,55.68503704849106
181,Madagascar,1,Male,2020,3.2503292201469995
181,Madagascar,2,Female,2020,8.106534699113151
181,Madagascar,3,Both,2020,5.74730445661939
197,Swaziland,1,Male,2011,8.39428213143596
197,Swaziland,2,Female,2011,19.11107912338678
197,Swaziland,3,Both,2011,14.21492114571433
185,Rwanda,1,Male,2020,2.64569450203587
185,Rwanda,2,Female,2020,7.38565765680685
185,Rwanda,3,Both,2020,5.17009402709427
187,Somalia,1,Male,2015,2.73335472850511
187,Somalia,2,Female,2015,7.7484979708051505
187,Somalia,3,Both,2015,5.29627436448857
201,Burkina Faso,1,Male,2011,3.89634228795267
201,Burkina Faso,2,Female,2011,8.34710101105669
201,Burkina Faso,3,Both,2011,6.27931404603737
46,Croatia,1,Male,2019,14.624854751669387
46,Croatia,2,Female,2019,27.73772636764559
46,Croatia,3,Both,2019,21.50520996683927
171,Democratic Republic of the Congo,1,Male,2014,10.14334409313296
171,Democratic Republic of the Congo,2,Female,2014,18.40673178705139
171,Democratic Republic of the Congo,3,Both,2014,14.29830162524696
205,Cote d'Ivoire,1,Male,2011,6.9237457547485
205,Cote d'Ivoire,2,Female,2011,11.60746968266719
205,Cote d'Ivoire,3,Both,2011,9.15208130753739
175,Burundi,1,Male,2014,3.1894237943045898
175,Burundi,2,Female,2014,7.767989406115509
175,Burundi,3,Both,2014,5.41351909194098
374,Niue,1,Male,2021,25.482063070582377
374,Niue,2,Female,2021,43.619697614309175
374,Niue,3,Both,2021,34.7666878098563
50,Montenegro,1,Male,2019,13.34863745187663
50,Montenegro,2,Female,2019,25.43379271067573
50,Montenegro,3,Both,2019,19.59603672208028
209,Guinea-Bissau,1,Male,2011,6.75898296318504
209,Guinea-Bissau,2,Female,2011,13.45619908969967
209,Guinea-Bissau,3,Both,2011,10.33384735645053
179,Ethiopia,1,Male,2014,4.36061080756193
179,Ethiopia,2,Female,2014,11.62050357851724
179,Ethiopia,3,Both,2014,8.01975969073901
393,Saint Kitts and Nevis,1,Male,2021,12.905725541363418
393,Saint Kitts and Nevis,2,Female,2021,30.25194033135072
393,Saint Kitts and Nevis,3,Both,2021,21.60103009041932
108,Belize,1,Male,2021,9.15867487431964
108,Belize,2,Female,2021,25.28715535454185
108,Belize,3,Both,2021,17.334146490487832
54,Slovakia,1,Male,2019,12.04699212310147
54,Slovakia,2,Female,2019,25.503481878492888
54,Slovakia,3,Both,2019,19.05513370709415
112,Grenada,1,Male,2021,11.30521281329396
112,Grenada,2,Female,2021,30.45782591853785
112,Grenada,3,Both,2021,20.75883716066301
191,Zambia,1,Male,2020,5.39075467309411
191,Zambia,2,Female,2020,11.01348332334666
191,Zambia,3,Both,2020,8.22890582329895
58,Estonia,1,Male,2019,8.825922974728751
58,Estonia,2,Female,2019,21.42711489818889
58,Estonia,3,Both,2019,15.68327473302745
116,Saint Lucia,1,Male,2021,12.16312583926528
116,Saint Lucia,2,Female,2021,30.300348888188537
116,Saint Lucia,3,Both,2021,21.330515395406778
195,Namibia,1,Male,2020,14.88497877388948
195,Namibia,2,Female,2020,19.20913527495993
195,Namibia,3,Both,2020,17.18009567820752
183,Mauritius,1,Male,2014,11.775566469143053
183,Mauritius,2,Female,2014,21.11629395973544
183,Mauritius,3,Both,2014,16.549143832534018
422,"Virgin Islands, U.S.",1,Male,2021,15.51506941446886
422,"Virgin Islands, U.S.",2,Female,2021,33.26380873937891
422,"Virgin Islands, U.S.",3,Both,2021,24.81212938823383
213,Niger,1,Male,2011,8.573550867848919
213,Niger,2,Female,2011,17.56718945521519
213,Niger,3,Both,2011,13.17436964304935
62,Russian Federation,1,Male,2019,8.82751498797132
62,Russian Federation,2,Female,2019,20.51547718713633
62,Russian Federation,3,Both,2019,15.29002211341805
193,Botswana,1,Male,2015,9.18725333652324
193,Botswana,2,Female,2015,24.808107957002807
193,Botswana,3,Both,2015,17.3018823959165
187,Somalia,1,Male,2014,2.7191224620922
187,Somalia,2,Female,2014,7.70867587259973
187,Somalia,3,Both,2014,5.27105555974164
217,Sierra Leone,1,Male,2011,7.38984296208898
217,Sierra Leone,2,Female,2011,13.8497406519322
217,Sierra Leone,3,Both,2011,10.720309554493053
203,Cape Verde,1,Male,2020,5.17312032968865
203,Cape Verde,2,Female,2020,18.82851959655375
203,Cape Verde,3,Both,2020,11.97331366693762
197,Swaziland,1,Male,2015,8.852462915257501
197,Swaziland,2,Female,2015,19.89504020430791
197,Swaziland,3,Both,2015,14.82910231262572
67,Japan,1,Male,2019,35.87818740054603
67,Japan,2,Female,2019,46.37026123284752
67,Japan,3,Both,2019,41.33347474596482
207,Ghana,1,Male,2020,9.2048630430469
207,Ghana,2,Female,2020,20.21502461986642
207,Ghana,3,Both,2020,15.11456744366445
201,Burkina Faso,1,Male,2015,3.85719772625852
201,Burkina Faso,2,Female,2015,8.46561971574195
201,Burkina Faso,3,Both,2015,6.30994079541294
128,Guatemala,1,Male,2021,4.325855696085299
128,Guatemala,2,Female,2021,9.73698609500923
128,Guatemala,3,Both,2021,7.20804179171569
71,Australia,1,Male,2019,34.33432596527372
71,Australia,2,Female,2019,47.81314483270681
71,Australia,3,Both,2019,41.265764513556654
211,Mali,1,Male,2020,13.2680502035191
211,Mali,2,Female,2020,17.21280241668175
211,Mali,3,Both,2020,15.300682320008448
205,Cote d'Ivoire,1,Male,2015,7.25073489060533
205,Cote d'Ivoire,2,Female,2015,12.10610580878804
205,Cote d'Ivoire,3,Both,2015,9.57263858111786
193,Botswana,1,Male,2014,9.06367713290121
193,Botswana,2,Female,2014,24.68368235371767
193,Botswana,3,Both,2014,17.19426319789744
132,Panama,1,Male,2021,10.90335463867261
132,Panama,2,Female,2021,20.8107401601839
132,Panama,3,Both,2021,15.88394753081665
75,Austria,1,Male,2019,16.325683029964893
75,Austria,2,Female,2019,29.63525903400337
75,Austria,3,Both,2019,23.191444748591948
215,Sao Tome and Principe,1,Male,2020,2.84152761711861
215,Sao Tome and Principe,2,Female,2020,11.86122259119749
215,Sao Tome and Principe,3,Both,2020,7.3426287726519
298,American Samoa,1,Male,2011,47.17787570686769
298,American Samoa,2,Female,2011,60.84389089118527
298,American Samoa,3,Both,2011,54.02042670340711
209,Guinea-Bissau,1,Male,2015,6.708232320348021
209,Guinea-Bissau,2,Female,2015,13.45941902804411
209,Guinea-Bissau,3,Both,2015,10.32446899660816
197,Swaziland,1,Male,2014,8.76333996557431
197,Swaziland,2,Female,2014,19.77514920697703
197,Swaziland,3,Both,2014,14.73161117667407
136,Paraguay,1,Male,2021,11.47152473824828
136,Paraguay,2,Female,2021,16.6184649267183
136,Paraguay,3,Both,2021,14.047884078109
79,Finland,1,Male,2019,18.3867481113577
79,Finland,2,Female,2019,32.7335439886288
79,Finland,3,Both,2019,25.752988445776047
140,Bahrain,1,Male,2021,22.38130181594303
140,Bahrain,2,Female,2021,42.47621057555262
140,Bahrain,3,Both,2021,28.97403823918157
83,Iceland,1,Male,2019,21.22343805311665
83,Iceland,2,Female,2019,32.63747050870528
83,Iceland,3,Both,2019,26.89194179699907
144,Jordan,1,Male,2021,20.48698542843272
144,Jordan,2,Female,2021,32.2629870994307
144,Jordan,3,Both,2021,25.787913566845138
87,Luxembourg,1,Male,2019,14.306848302843612
87,Luxembourg,2,Female,2019,25.3816893660428
87,Luxembourg,3,Both,2019,19.86126266694773
213,Niger,1,Male,2015,8.61116416899771
213,Niger,2,Female,2015,17.70265934811918
213,Niger,3,Both,2015,13.27409433828734
201,Burkina Faso,1,Male,2014,3.83859482801736
201,Burkina Faso,2,Female,2014,8.40683161815703
201,Burkina Faso,3,Both,2014,6.272495367693851
320,Cook Islands,1,Male,2020,27.26144477850538
320,Cook Islands,2,Female,2020,45.57764673179049
320,Cook Islands,3,Both,2020,36.77945653296612
149,Palestine,1,Male,2021,14.614538980481733
149,Palestine,2,Female,2021,47.645405376048885
149,Palestine,3,Both,2021,30.93948179703524
91,Portugal,1,Male,2019,24.564466602196894
91,Portugal,2,Female,2019,35.397684482244216
91,Portugal,3,Both,2019,30.365325565153334
374,Niue,1,Male,2011,22.84220624521368
374,Niue,2,Female,2011,41.542520281354015
374,Niue,3,Both,2011,32.27308222205597
205,Cote d'Ivoire,1,Male,2014,7.15460694657076
205,Cote d'Ivoire,2,Female,2014,11.95769521162828
205,Cote d'Ivoire,3,Both,2014,9.44813257110033
217,Sierra Leone,1,Male,2015,7.443828439869531
217,Sierra Leone,2,Female,2015,14.02169908599594
217,Sierra Leone,3,Both,2015,10.79583322733218
349,Greenland,1,Male,2020,7.4605105097865
349,Greenland,2,Female,2020,16.10479985656158
349,Greenland,3,Both,2020,11.50134070253278
153,Syria,1,Male,2021,23.73211374341058
153,Syria,2,Female,2021,39.91057098844726
153,Syria,3,Both,2021,32.26029731165261
95,United Kingdom,1,Male,2019,27.77183282707088
95,United Kingdom,2,Female,2019,42.86816135186617
95,United Kingdom,3,Both,2019,35.56288930859215
393,Saint Kitts and Nevis,1,Male,2011,11.24045349717389
393,Saint Kitts and Nevis,2,Female,2011,27.68221700287113
393,Saint Kitts and Nevis,3,Both,2011,19.44354033774244
209,Guinea-Bissau,1,Male,2014,6.70680412336617
209,Guinea-Bissau,2,Female,2014,13.43797693711511
209,Guinea-Bissau,3,Both,2014,10.3096146982274
367,Monaco,1,Male,2020,27.62423831059972
367,Monaco,2,Female,2020,40.028680924764274
367,Monaco,3,Both,2020,34.0732344526945
99,Uruguay,1,Male,2019,15.037680053897809
99,Uruguay,2,Female,2019,24.795069840592628
99,Uruguay,3,Both,2019,20.27153398737465
422,"Virgin Islands, U.S.",1,Male,2011,12.6926215616286
422,"Virgin Islands, U.S.",2,Female,2011,29.29651146060711
422,"Virgin Islands, U.S.",3,Both,2011,21.5116299716512
213,Niger,1,Male,2014,8.59709871355391
213,Niger,2,Female,2014,17.65979712872219
213,Niger,3,Both,2014,13.24275841463326
157,Yemen,1,Male,2021,15.828933349209027
157,Yemen,2,Female,2021,31.16930148552513
157,Yemen,3,Both,2021,23.56820464426749
380,Palau,1,Male,2020,21.46130639215281
380,Palau,2,Female,2020,42.18770311733353
380,Palau,3,Both,2020,30.61530643319775
217,Sierra Leone,1,Male,2014,7.4279698741239795
217,Sierra Leone,2,Female,2014,13.98809404755296
217,Sierra Leone,3,Both,2014,10.780036377439089
161,Bangladesh,1,Male,2021,8.345997014286791
161,Bangladesh,2,Female,2021,23.89444287574953
161,Bangladesh,3,Both,2021,16.29719417617432
413,Tokelau,1,Male,2020,21.72317327042643
413,Tokelau,2,Female,2020,41.07800501961037
413,Tokelau,3,Both,2020,31.49797667673608
298,American Samoa,1,Male,2015,47.80649898067761
298,American Samoa,2,Female,2015,61.69712297038858
298,American Samoa,3,Both,2015,54.71177465127295
112,Grenada,1,Male,2015,10.34004790696516
112,Grenada,2,Female,2015,29.22557078051589
112,Grenada,3,Both,2015,19.73886653994673
165,Pakistan,1,Male,2021,15.19935802823717
165,Pakistan,2,Female,2021,17.034309654119888
165,Pakistan,3,Both,2021,16.1084223708865
108,Belize,1,Male,2019,9.0998031471735
108,Belize,2,Female,2019,25.08668934540858
108,Belize,3,Both,2019,17.18668176896427
169,Central African Republic,1,Male,2021,6.929187090422801
169,Central African Republic,2,Female,2021,18.72083777469858
169,Central African Republic,3,Both,2021,13.1140956487866
112,Grenada,1,Male,2019,11.060721598531613
112,Grenada,2,Female,2019,30.066165790623067
112,Grenada,3,Both,2019,20.46382900074498
28,Solomon Islands,1,Male,2021,15.6956012376323
28,Solomon Islands,2,Female,2021,31.23906988851455
28,Solomon Islands,3,Both,2021,23.49198168599224
116,Saint Lucia,1,Male,2015,11.33879741854826
116,Saint Lucia,2,Female,2015,28.82071544354488
116,Saint Lucia,3,Both,2015,20.21990913683443
173,Gabon,1,Male,2021,3.5750949220857504
173,Gabon,2,Female,2021,16.171033575744982
173,Gabon,3,Both,2021,10.1294337767917
116,Saint Lucia,1,Male,2019,11.92530533381518
116,Saint Lucia,2,Female,2019,29.84437683214638
116,Saint Lucia,3,Both,2019,20.98917768288901
374,Niue,1,Male,2015,23.514006330168
374,Niue,2,Female,2015,42.1994130038255
374,Niue,3,Both,2015,32.986256347041845
177,Djibouti,1,Male,2021,3.75823749882209
177,Djibouti,2,Female,2021,8.83813559743215
177,Djibouti,3,Both,2021,6.134164107059821
393,Saint Kitts and Nevis,1,Male,2015,11.884973852513353
393,Saint Kitts and Nevis,2,Female,2015,28.71912625573539
393,Saint Kitts and Nevis,3,Both,2015,20.28425014143272
181,Madagascar,1,Male,2021,3.2580037270646995
181,Madagascar,2,Female,2021,8.13138138770861
181,Madagascar,3,Both,2021,5.76701213830283
422,"Virgin Islands, U.S.",1,Male,2015,13.6502473157018
422,"Virgin Islands, U.S.",2,Female,2015,30.975934526870503
422,"Virgin Islands, U.S.",3,Both,2015,22.795290492702
185,Rwanda,1,Male,2021,2.66307148224742
185,Rwanda,2,Female,2021,7.424728045824169
185,Rwanda,3,Both,2021,5.19718641053979
128,Guatemala,1,Male,2019,4.27201345966966
128,Guatemala,2,Female,2019,9.4986327632041
128,Guatemala,3,Both,2019,7.05187958026768
128,Guatemala,1,Male,2015,4.05208182578689
128,Guatemala,2,Female,2015,8.91068718988694
128,Guatemala,3,Both,2015,6.6330504513148
132,Panama,1,Male,2019,10.90816695783064
132,Panama,2,Female,2019,20.56578708314041
132,Panama,3,Both,2019,15.76172518369319
132,Panama,1,Male,2015,10.57860982076172
132,Panama,2,Female,2015,19.62044761460654
132,Panama,3,Both,2015,15.12584562516251
191,Zambia,1,Male,2021,5.4075473723423295
191,Zambia,2,Female,2021,11.0800028510292
191,Zambia,3,Both,2021,8.2752754498978
136,Paraguay,1,Male,2019,11.55297273366345
136,Paraguay,2,Female,2019,16.30317643044732
136,Paraguay,3,Both,2019,13.927802220214062
136,Paraguay,1,Male,2015,11.225641817607771
136,Paraguay,2,Female,2015,15.58032978503538
136,Paraguay,3,Both,2015,13.40103738385865
195,Namibia,1,Male,2021,14.91156442664041
195,Namibia,2,Female,2021,19.29190558627279
195,Namibia,3,Both,2021,17.238821683889192
140,Bahrain,1,Male,2019,21.61925262233342
140,Bahrain,2,Female,2019,41.76274703803382
140,Bahrain,3,Both,2019,28.255164152390748
140,Bahrain,1,Male,2015,19.8995912967086
140,Bahrain,2,Female,2015,39.58758154706686
140,Bahrain,3,Both,2015,26.39415716964794
144,Jordan,1,Male,2019,19.87022889385944
144,Jordan,2,Female,2019,31.6716059896061
144,Jordan,3,Both,2019,25.21165008093064
144,Jordan,1,Male,2015,18.93215842867162
144,Jordan,2,Female,2015,30.806327202083427
144,Jordan,3,Both,2015,24.400020217671468
203,Cape Verde,1,Male,2021,5.23520793346194
203,Cape Verde,2,Female,2021,19.012098511158428
203,Cape Verde,3,Both,2021,12.08666191215803
207,Ghana,1,Male,2021,9.47288594957448
207,Ghana,2,Female,2021,20.77376389682472
207,Ghana,3,Both,2021,15.54561019052847
34,Azerbaijan,1,Male,2020,6.15610292004182
34,Azerbaijan,2,Female,2020,13.52854587107404
34,Azerbaijan,3,Both,2020,9.95742461340306
149,Palestine,1,Male,2019,14.26679374358501
149,Palestine,2,Female,2019,47.16717381106539
149,Palestine,3,Both,2019,30.55034281163096
149,Palestine,1,Male,2015,13.70623444073466
149,Palestine,2,Female,2015,46.63692509964701
149,Palestine,3,Both,2015,30.07619640629267
211,Mali,1,Male,2021,13.20705144708074
211,Mali,2,Female,2021,17.32383470206632
211,Mali,3,Both,2021,15.331772340308762
153,Syria,1,Male,2019,23.01167850679714
153,Syria,2,Female,2019,38.9897326263951
153,Syria,3,Both,2019,31.34178250098706
153,Syria,1,Male,2015,20.83838513877418
153,Syria,2,Female,2015,37.356989156289686
153,Syria,3,Both,2015,29.21740885801869
215,Sao Tome and Principe,1,Male,2021,2.88855977383154
215,Sao Tome and Principe,2,Female,2021,11.96304884902097
215,Sao Tome and Principe,3,Both,2021,7.411973061983609
193,Botswana,1,Male,2020,9.9903590709966
193,Botswana,2,Female,2020,25.5686035926532
193,Botswana,3,Both,2020,18.01864982114168
157,Yemen,1,Male,2019,15.84137456362163
157,Yemen,2,Female,2019,31.1252611298606
157,Yemen,3,Both,2019,23.53055494216712
157,Yemen,1,Male,2015,15.65771139590797
157,Yemen,2,Female,2015,30.82752559783325
157,Yemen,3,Both,2015,23.26094934542913
161,Bangladesh,1,Male,2019,7.93718405412737
161,Bangladesh,2,Female,2019,23.54758218054088
161,Bangladesh,3,Both,2019,15.86942186782564
161,Bangladesh,1,Male,2015,7.217457028897551
161,Bangladesh,2,Female,2015,22.32643056740154
161,Bangladesh,3,Both,2015,14.81212675891395
197,Swaziland,1,Male,2020,9.335212939755309
197,Swaziland,2,Female,2020,20.35131991288137
197,Swaziland,3,Both,2020,15.243084311230833
165,Pakistan,1,Male,2019,15.08922705233848
165,Pakistan,2,Female,2019,16.74267805355806
165,Pakistan,3,Both,2019,15.90578959877699
165,Pakistan,1,Male,2015,14.96275917090669
165,Pakistan,2,Female,2015,16.41256622708975
165,Pakistan,3,Both,2015,15.6748697470242
169,Central African Republic,1,Male,2019,6.835547243643631
169,Central African Republic,2,Female,2019,18.53417621323816
169,Central African Republic,3,Both,2019,12.92581585544327
201,Burkina Faso,1,Male,2020,4.04958918312744
201,Burkina Faso,2,Female,2020,8.75037080803911
201,Burkina Faso,3,Both,2020,6.5459589146824
320,Cook Islands,1,Male,2021,27.58610598475736
320,Cook Islands,2,Female,2021,45.76618144386445
320,Cook Islands,3,Both,2021,37.0481124639738
169,Central African Republic,1,Male,2015,6.54144443539906
169,Central African Republic,2,Female,2015,18.14244132500377
169,Central African Republic,3,Both,2015,12.49684035402549
173,Gabon,1,Male,2019,3.4515548322283105
173,Gabon,2,Female,2019,15.81591907116467
173,Gabon,3,Both,2019,9.84125179401893
28,Solomon Islands,1,Male,2015,15.58080652506632
28,Solomon Islands,2,Female,2015,31.10698741791939
28,Solomon Islands,3,Both,2015,23.31201749906104
349,Greenland,1,Male,2021,7.50432105999643
349,Greenland,2,Female,2021,16.190955656503057
349,Greenland,3,Both,2021,11.57422533332076
173,Gabon,1,Male,2015,3.16623918080252
173,Gabon,2,Female,2015,15.02162603200242
173,Gabon,3,Both,2015,9.22198818854446
205,Cote d'Ivoire,1,Male,2020,7.77572231554479
205,Cote d'Ivoire,2,Female,2020,12.91180183582432
205,Cote d'Ivoire,3,Both,2020,10.24679703504709
177,Djibouti,1,Male,2019,3.67006071516596
177,Djibouti,2,Female,2019,8.66309357654165
177,Djibouti,3,Both,2019,6.009276099981601
367,Monaco,1,Male,2021,27.791173934483695
367,Monaco,2,Female,2021,40.23127602141141
367,Monaco,3,Both,2021,34.26634412021296
177,Djibouti,1,Male,2015,3.4671843773665203
177,Djibouti,2,Female,2015,8.29335674125512
177,Djibouti,3,Both,2015,5.737773030888191
181,Madagascar,1,Male,2019,3.23736129296058
181,Madagascar,2,Female,2019,8.05983519273941
181,Madagascar,3,Both,2019,5.71483772180089
209,Guinea-Bissau,1,Male,2020,6.80897054712486
209,Guinea-Bissau,2,Female,2020,13.719574317343769
209,Guinea-Bissau,3,Both,2020,10.51803364182914
380,Palau,1,Male,2021,21.78946051694752
380,Palau,2,Female,2021,42.46650137259766
380,Palau,3,Both,2021,30.881314684321897
181,Madagascar,1,Male,2015,3.1367110836482803
181,Madagascar,2,Female,2015,7.919836526919929
181,Madagascar,3,Both,2015,5.588468247269629
213,Niger,1,Male,2020,8.6364598365617
213,Niger,2,Female,2020,17.8033343570983
213,Niger,3,Both,2020,13.35058574466174
217,Sierra Leone,1,Male,2020,7.4882754352929
217,Sierra Leone,2,Female,2020,14.19675850728573
217,Sierra Leone,3,Both,2020,10.86942386168119
185,Rwanda,1,Male,2011,2.42938724418005
185,Rwanda,2,Female,2011,6.99437970825601
185,Rwanda,3,Both,2011,4.88110938559353
30,Vanuatu,1,Male,2012,4.29731180175824
30,Vanuatu,2,Female,2012,8.29398166057965
30,Vanuatu,3,Both,2012,6.286157030481659
413,Tokelau,1,Male,2021,21.80207167660952
413,Tokelau,2,Female,2021,41.27342254331939
413,Tokelau,3,Both,2021,31.61167811895317
185,Rwanda,1,Male,2019,2.61618030642665
185,Rwanda,2,Female,2019,7.319762601680741
185,Rwanda,3,Both,2019,5.12343194661452
185,Rwanda,1,Male,2015,2.51285480321633
185,Rwanda,2,Female,2015,7.14620963494622
185,Rwanda,3,Both,2015,4.993825791635071
191,Zambia,1,Male,2011,4.8720730576716695
191,Zambia,2,Female,2011,10.12371655231902
191,Zambia,3,Both,2011,7.51612479230595
191,Zambia,1,Male,2019,5.35132811041496
191,Zambia,2,Female,2019,10.921793887498293
191,Zambia,3,Both,2019,8.16126097997655
40,Turkmenistan,1,Male,2012,5.5541022183496
40,Turkmenistan,2,Female,2012,12.986813386391468
40,Turkmenistan,3,Both,2012,9.29842706601377
191,Zambia,1,Male,2015,5.11081093624039
191,Zambia,2,Female,2015,10.53540691281812
191,Zambia,3,Both,2015,7.844123800843549
195,Namibia,1,Male,2011,13.802653232708767
195,Namibia,2,Female,2011,17.6354832225345
195,Namibia,3,Both,2011,15.829737906295213
195,Namibia,1,Male,2019,14.80377285684418
195,Namibia,2,Female,2019,19.07372198445545
195,Namibia,3,Both,2019,17.06904943954899
195,Namibia,1,Male,2015,14.33786887091634
195,Namibia,2,Female,2015,18.40758961777394
195,Namibia,3,Both,2015,16.49419574462875
44,Bosnia and Herzegovina,1,Male,2012,10.72512318274467
44,Bosnia and Herzegovina,2,Female,2012,19.35782473600872
44,Bosnia and Herzegovina,3,Both,2012,15.201594522583258
26,Papua New Guinea,1,Male,2021,10.98663547669204
26,Papua New Guinea,2,Female,2021,29.450326828679056
26,Papua New Guinea,3,Both,2021,20.01600028586026
298,American Samoa,1,Male,2020,48.77058000221273
298,American Samoa,2,Female,2020,62.443192242918734
298,American Samoa,3,Both,2020,55.49328943464735
203,Cape Verde,1,Male,2011,4.374707499619699
203,Cape Verde,2,Female,2011,17.22195884300052
203,Cape Verde,3,Both,2011,10.98520433956171
203,Cape Verde,1,Male,2019,5.088536075152541
203,Cape Verde,2,Female,2019,18.61745226743863
203,Cape Verde,3,Both,2019,11.83623358691504
203,Cape Verde,1,Male,2015,4.65475587019689
203,Cape Verde,2,Female,2015,17.78397281248655
203,Cape Verde,3,Both,2015,11.28499642121848
207,Ghana,1,Male,2011,6.57626342208487
207,Ghana,2,Female,2011,15.12594335186955
207,Ghana,3,Both,2011,11.09712111450468
48,Hungary,1,Male,2012,10.42954425076654
48,Hungary,2,Female,2012,21.92460972847921
48,Hungary,3,Both,2012,16.62592852561417
207,Ghana,1,Male,2019,8.90365231728438
207,Ghana,2,Female,2019,19.61568740191107
207,Ghana,3,Both,2019,14.64729603100886
207,Ghana,1,Male,2015,7.434199795784529
207,Ghana,2,Female,2015,17.02957465957142
207,Ghana,3,Both,2015,12.549380533329222
211,Mali,1,Male,2011,13.225284573506473
211,Mali,2,Female,2011,16.26799052426415
211,Mali,3,Both,2011,14.77533495647189
211,Mali,1,Male,2019,13.26671065367962
211,Mali,2,Female,2019,17.083717980362607
211,Mali,3,Both,2019,15.23159225909914
374,Niue,1,Male,2020,25.12874753962928
374,Niue,2,Female,2020,43.44375770473276
374,Niue,3,Both,2020,34.48688249910321
52,Romania,1,Male,2012,16.17870247379348
52,Romania,2,Female,2012,33.29155850520351
52,Romania,3,Both,2012,25.128625613863196
211,Mali,1,Male,2015,13.24858625158335
211,Mali,2,Female,2015,16.683754218756
211,Mali,3,Both,2015,15.0101010250037
215,Sao Tome and Principe,1,Male,2011,2.40311683174019
215,Sao Tome and Principe,2,Female,2011,10.7322991725922
215,Sao Tome and Principe,3,Both,2011,6.653867350037659
215,Sao Tome and Principe,1,Male,2019,2.78564601782764
215,Sao Tome and Principe,2,Female,2019,11.74422108038369
215,Sao Tome and Principe,3,Both,2019,7.26300337568966
393,Saint Kitts and Nevis,1,Male,2020,12.761735546482411
393,Saint Kitts and Nevis,2,Female,2020,30.05810742571654
393,Saint Kitts and Nevis,3,Both,2020,21.421619564476828
215,Sao Tome and Principe,1,Male,2015,2.52614809540306
215,Sao Tome and Principe,2,Female,2015,11.13792107408523
215,Sao Tome and Principe,3,Both,2015,6.86792381565531
60,Lithuania,1,Male,2019,15.12605566301644
60,Lithuania,2,Female,2019,26.91353566837769
60,Lithuania,3,Both,2019,21.69470659482452
422,"Virgin Islands, U.S.",1,Male,2020,15.168153270531528
422,"Virgin Islands, U.S.",2,Female,2020,32.61282503896369
422,"Virgin Islands, U.S.",3,Both,2020,24.310572311647466
320,Cook Islands,1,Male,2011,24.24084332045966
320,Cook Islands,2,Female,2011,42.42638337903466
320,Cook Islands,3,Both,2011,33.5460304610254
60,Lithuania,1,Male,2012,13.75602795754417
60,Lithuania,2,Female,2012,25.1177899524599
60,Lithuania,3,Both,2012,20.11518302937165
320,Cook Islands,1,Male,2015,25.45890501802752
320,Cook Islands,2,Female,2015,43.84204660089351
320,Cook Islands,3,Both,2015,34.95618720283805
349,Greenland,1,Male,2011,6.859580081676101
349,Greenland,2,Female,2011,15.174076942379113
349,Greenland,3,Both,2011,10.66441683356336
349,Greenland,1,Male,2015,7.182389925070259
349,Greenland,2,Female,2015,15.66289736504875
349,Greenland,3,Both,2015,11.10515663693881
367,Monaco,1,Male,2011,25.86223135674277
367,Monaco,2,Female,2011,38.2064688464598
367,Monaco,3,Both,2011,32.27770908756777
367,Monaco,1,Male,2015,26.5038289296679
367,Monaco,2,Female,2015,38.838508222350335
367,Monaco,3,Both,2015,32.91584515443982
380,Palau,1,Male,2011,19.62783957448945
380,Palau,2,Female,2011,39.72386041855815
380,Palau,3,Both,2011,28.95341989228812
69,Singapore,1,Male,2012,20.81749269953351
69,Singapore,2,Female,2012,28.23892747638125
69,Singapore,3,Both,2012,24.32501660663776
380,Palau,1,Male,2015,20.08953704731425
380,Palau,2,Female,2015,40.42688172456598
380,Palau,3,Both,2015,29.34756554179374
413,Tokelau,1,Male,2011,21.42860261948954
413,Tokelau,2,Female,2011,40.87806993267043
413,Tokelau,3,Both,2011,31.34632281903626
69,Singapore,1,Male,2019,23.570807638083476
69,Singapore,2,Female,2019,31.35280161440399
69,Singapore,3,Both,2019,27.35920715988076
413,Tokelau,1,Male,2015,21.53680865163272
413,Tokelau,2,Female,2015,41.29422649683898
413,Tokelau,3,Both,2015,31.49373508732985
77,Cyprus,1,Male,2012,14.66260954938371
77,Cyprus,2,Female,2012,23.48836282773505
77,Cyprus,3,Both,2012,19.19975251602122
24,Marshall Islands,1,Male,2019,46.790947490191606
24,Marshall Islands,2,Female,2019,64.34690368299167
24,Marshall Islands,3,Both,2019,55.3380804046273
81,Germany,1,Male,2012,12.36187418379048
81,Germany,2,Female,2012,23.73581237557616
81,Germany,3,Both,2012,18.2441748492526
38,Mongolia,1,Male,2014,4.03047208993383
38,Mongolia,2,Female,2014,7.43848216167667
38,Mongolia,3,Both,2014,5.78960914769699
77,Cyprus,1,Male,2019,15.33724561656456
77,Cyprus,2,Female,2019,24.14810366668425
77,Cyprus,3,Both,2019,19.87572173204355
85,Israel,1,Male,2012,13.30725024523237
85,Israel,2,Female,2012,25.74532258903816
85,Israel,3,Both,2012,19.721815385645662
81,Germany,1,Male,2019,12.65297797115045
81,Germany,2,Female,2019,23.94983321446753
81,Germany,3,Both,2019,18.42542030730302
89,Netherlands,1,Male,2012,12.782498163054528
89,Netherlands,2,Female,2012,19.95565150074705
89,Netherlands,3,Both,2012,16.45257060182275
169,Central African Republic,1,Male,2017,6.71161359507647
169,Central African Republic,2,Female,2017,18.42170895507253
169,Central African Republic,3,Both,2017,12.76735463482946
93,Sweden,1,Male,2012,19.00070018779324
93,Sweden,2,Female,2012,28.3931267189033
93,Sweden,3,Both,2012,23.76855269315595
85,Israel,1,Male,2019,13.95488430290354
85,Israel,2,Female,2019,26.47629092555609
85,Israel,3,Both,2019,20.37898080050768
97,Argentina,1,Male,2012,10.06655962405178
97,Argentina,2,Female,2012,20.03835137093902
97,Argentina,3,Both,2012,15.31046762866486
101,Canada,1,Male,2012,8.8446219764621
101,Canada,2,Female,2012,15.06826278240819
101,Canada,3,Both,2012,12.0659259775993
89,Netherlands,1,Male,2019,14.70004025936807
89,Netherlands,2,Female,2019,22.08912127859797
89,Netherlands,3,Both,2019,18.46605736356982
105,Antigua and Barbuda,1,Male,2012,11.18954682466532
105,Antigua and Barbuda,2,Female,2012,26.11746048634838
105,Antigua and Barbuda,3,Both,2012,19.15553997933894
93,Sweden,1,Male,2019,20.36706859137221
93,Sweden,2,Female,2019,29.72522582017682
93,Sweden,3,Both,2019,25.076353244876508
106,The Bahamas,1,Male,2012,12.35603274140611
106,The Bahamas,2,Female,2012,29.40098841080819
106,The Bahamas,3,Both,2012,21.32852428828457
97,Argentina,1,Male,2019,10.28647044581252
97,Argentina,2,Female,2019,20.86690517861273
97,Argentina,3,Both,2019,15.837447913798169
110,Dominica,1,Male,2012,5.53830954283407
110,Dominica,2,Female,2012,26.3916001572304
110,Dominica,3,Both,2012,16.010778278025
101,Canada,1,Male,2019,9.00178462821715
101,Canada,2,Female,2019,15.85491129873705
101,Canada,3,Both,2019,12.53491969392856
114,Haiti,1,Male,2012,7.91096205730762
114,Haiti,2,Female,2012,20.79684045995754
114,Haiti,3,Both,2012,14.678919877702882
105,Antigua and Barbuda,1,Male,2019,12.17254299710256
105,Antigua and Barbuda,2,Female,2019,27.55124430458389
105,Antigua and Barbuda,3,Both,2019,20.214253708415992
30,Vanuatu,1,Male,2017,4.42431741033836
30,Vanuatu,2,Female,2017,8.6055949699933
30,Vanuatu,3,Both,2017,6.520223514430799
106,The Bahamas,1,Male,2019,12.90129968750971
106,The Bahamas,2,Female,2019,30.365048292724577
106,The Bahamas,3,Both,2019,22.09617945514602
24,Marshall Islands,1,Male,2016,46.7743987021498
24,Marshall Islands,2,Female,2016,64.42378461121243
24,Marshall Islands,3,Both,2016,55.35300322825333
118,Suriname,1,Male,2012,25.6088969394798
118,Suriname,2,Female,2012,34.55157427592197
118,Suriname,3,Both,2012,30.15521595158258
110,Dominica,1,Male,2019,6.56412763246359
110,Dominica,2,Female,2019,27.55281191709722
110,Dominica,3,Both,2019,16.96613280231417
26,Papua New Guinea,1,Male,2015,10.77294850310617
26,Papua New Guinea,2,Female,2015,29.13303377358194
26,Papua New Guinea,3,Both,2015,19.73530532842049
122,Ecuador,1,Male,2012,16.37812634492231
122,Ecuador,2,Female,2012,15.2864079014302
122,Ecuador,3,Both,2012,15.81795844792837
114,Haiti,1,Male,2019,7.83088768173445
114,Haiti,2,Female,2019,21.22594253390456
114,Haiti,3,Both,2019,14.848011844462642
126,Costa Rica,1,Male,2012,10.84884036387227
126,Costa Rica,2,Female,2012,19.64101525503023
126,Costa Rica,3,Both,2012,15.43075903456748
130,Mexico,1,Male,2012,10.94318746450873
130,Mexico,2,Female,2012,19.68266206740693
130,Mexico,3,Both,2012,15.514852970931589
118,Suriname,1,Male,2019,26.76765475086084
118,Suriname,2,Female,2019,36.06475789598595
118,Suriname,3,Both,2019,31.5808975234479
122,Ecuador,1,Male,2019,17.41886614944165
122,Ecuador,2,Female,2019,17.011523528195298
122,Ecuador,3,Both,2019,17.2103641174967
126,Costa Rica,1,Male,2019,11.7923164393612
126,Costa Rica,2,Female,2019,21.13922243041779
126,Costa Rica,3,Both,2019,16.72313372467877
38,Mongolia,1,Male,2018,4.67188487080894
38,Mongolia,2,Female,2018,8.33117951675561
38,Mongolia,3,Both,2018,6.56990477535936
142,Iran,1,Male,2012,14.205950468229911
142,Iran,2,Female,2012,34.545061717563655
142,Iran,3,Both,2012,24.30503443459466
130,Mexico,1,Male,2019,13.593656939168818
130,Mexico,2,Female,2019,22.308811004292288
130,Mexico,3,Both,2019,18.14665399611867
146,Lebanon,1,Male,2012,34.71713930375644
146,Lebanon,2,Female,2012,31.782814074781815
146,Lebanon,3,Both,2012,33.163327253525146
147,Libya,1,Male,2012,17.60289495223479
147,Libya,2,Female,2012,36.52495435942068
147,Libya,3,Both,2012,26.63050938940638
142,Iran,1,Male,2019,15.719978954374431
142,Iran,2,Female,2019,35.95378214875554
142,Iran,3,Both,2019,25.72364158220684
34,Azerbaijan,1,Male,2011,5.8254034029072495
34,Azerbaijan,2,Female,2011,12.56296474618627
34,Azerbaijan,3,Both,2011,9.33286056436128
151,Qatar,1,Male,2012,16.731929858865012
151,Qatar,2,Female,2012,42.86081397505261
151,Qatar,3,Both,2012,21.67047094845936
146,Lebanon,1,Male,2019,35.15932911493381
146,Lebanon,2,Female,2019,32.8979941256776
146,Lebanon,3,Both,2019,33.99549233494526
155,Turkey,1,Male,2012,15.47717032318953
155,Turkey,2,Female,2012,30.825478852539312
155,Turkey,3,Both,2012,23.23924400692463
147,Libya,1,Male,2019,17.71302553912075
147,Libya,2,Female,2019,36.21477125092121
147,Libya,3,Both,2019,26.61850246724588
24,Marshall Islands,1,Male,2013,46.72644369519495
24,Marshall Islands,2,Female,2013,64.31656483768246
24,Marshall Islands,3,Both,2013,55.27159798400573
163,India,1,Male,2012,11.65213537153434
163,India,2,Female,2012,16.94366216891281
163,India,3,Both,2012,14.26878150981703
151,Qatar,1,Male,2019,19.10137295635756
151,Qatar,2,Female,2019,45.49228287098968
151,Qatar,3,Both,2019,25.148898993371876
155,Turkey,1,Male,2019,17.15918036224389
155,Turkey,2,Female,2019,33.773807408492715
155,Turkey,3,Both,2019,25.54419951850811
163,India,1,Male,2019,11.84018249238312
163,India,2,Female,2019,17.73181451814024
163,India,3,Both,2019,14.75585316673639
24,Marshall Islands,1,Male,2020,46.84621400876209
24,Marshall Islands,2,Female,2020,64.39749191512323
24,Marshall Islands,3,Both,2020,55.397669578754325
171,Democratic Republic of the Congo,1,Male,2019,10.742449958713
171,Democratic Republic of the Congo,2,Female,2019,19.04341451021225
171,Democratic Republic of the Congo,3,Both,2019,14.90022640631967
175,Burundi,1,Male,2019,3.3051195403549603
175,Burundi,2,Female,2019,7.84691826924164
175,Burundi,3,Both,2019,5.51128713024836
179,Ethiopia,1,Male,2019,4.55100025389423
179,Ethiopia,2,Female,2019,12.17718959914191
179,Ethiopia,3,Both,2019,8.40070132037255
183,Mauritius,1,Male,2019,13.179448119291228
183,Mauritius,2,Female,2019,22.72822748014221
183,Mauritius,3,Both,2019,18.06166478747258
187,Somalia,1,Male,2019,2.7305278814424
187,Somalia,2,Female,2019,7.809619690276071
187,Somalia,3,Both,2019,5.313356994382469
193,Botswana,1,Male,2019,9.8258920396589
193,Botswana,2,Female,2019,25.448232968093944
193,Botswana,3,Both,2019,17.88740516376504
197,Swaziland,1,Male,2019,9.24646379903687
197,Swaziland,2,Female,2019,20.2698066874722
197,Swaziland,3,Both,2019,15.169975259629858
201,Burkina Faso,1,Male,2019,4.00539339931257
201,Burkina Faso,2,Female,2019,8.6829080379811
201,Burkina Faso,3,Both,2019,6.488930761322511
28,Solomon Islands,1,Male,2017,15.61712423458215
28,Solomon Islands,2,Female,2017,31.109130153493545
28,Solomon Islands,3,Both,2017,23.35423734931523
205,Cote d'Ivoire,1,Male,2019,7.66831890393348
205,Cote d'Ivoire,2,Female,2019,12.736088826068958
205,Cote d'Ivoire,3,Both,2019,10.10398778225198
209,Guinea-Bissau,1,Male,2019,6.7976660688606
209,Guinea-Bissau,2,Female,2019,13.65338121232513
209,Guinea-Bissau,3,Both,2019,10.47482227955718
213,Niger,1,Male,2019,8.64051101298575
213,Niger,2,Female,2019,17.781647131413163
213,Niger,3,Both,2019,13.33836819485749
217,Sierra Leone,1,Male,2019,7.477831131953749
217,Sierra Leone,2,Female,2019,14.14539843186378
217,Sierra Leone,3,Both,2019,10.84369354455909
40,Turkmenistan,1,Male,2018,6.20151253506422
40,Turkmenistan,2,Female,2018,14.3395014429967
40,Turkmenistan,3,Both,2018,10.25111660274132
298,American Samoa,1,Male,2019,48.60150905603272
298,American Samoa,2,Female,2019,62.221676378869205
298,American Samoa,3,Both,2019,55.31066891606427
28,Solomon Islands,1,Male,2011,15.70868822394467
28,Solomon Islands,2,Female,2011,31.19989077232107
28,Solomon Islands,3,Both,2011,23.358077527624648
374,Niue,1,Male,2019,24.81783923465182
374,Niue,2,Female,2019,43.200775962025226
374,Niue,3,Both,2019,34.19375052573515
393,Saint Kitts and Nevis,1,Male,2019,12.62082743421187
393,Saint Kitts and Nevis,2,Female,2019,29.89113196032792
393,Saint Kitts and Nevis,3,Both,2019,21.25981278521439
422,"Virgin Islands, U.S.",1,Male,2019,14.77186905078507
422,"Virgin Islands, U.S.",2,Female,2019,32.12715245596764
422,"Virgin Islands, U.S.",3,Both,2019,23.87682066879727
38,Mongolia,1,Male,2020,5.02467471883566
38,Mongolia,2,Female,2020,8.84480911233343
38,Mongolia,3,Both,2020,7.01141351552598
36,Kazakhstan,1,Male,2021,7.23494475952179
36,Kazakhstan,2,Female,2021,15.42204531988663
36,Kazakhstan,3,Both,2021,11.60438139889921
34,Azerbaijan,1,Male,2012,5.85526193454011
34,Azerbaijan,2,Female,2012,12.68878751619428
34,Azerbaijan,3,Both,2012,9.40781795146228
36,Kazakhstan,1,Male,2015,6.891159317126
36,Kazakhstan,2,Female,2015,14.997498092087868
36,Kazakhstan,3,Both,2015,11.23042982705218
46,Croatia,1,Male,2014,13.87445563957024
46,Croatia,2,Female,2014,27.006951415643535
46,Croatia,3,Both,2014,20.79397157243136
173,Gabon,1,Male,2017,3.32138428504341
173,Gabon,2,Female,2017,15.504362198832167
173,Gabon,3,Both,2017,9.58055507661733
34,Azerbaijan,1,Male,2017,5.98924312898012
34,Azerbaijan,2,Female,2017,13.13524088484643
34,Azerbaijan,3,Both,2017,9.6841241477212
50,Montenegro,1,Male,2014,12.75740773677357
50,Montenegro,2,Female,2014,24.54784296214675
50,Montenegro,3,Both,2014,18.85884004455545
177,Djibouti,1,Male,2017,3.5689496546354698
177,Djibouti,2,Female,2017,8.47225707294918
177,Djibouti,3,Both,2017,5.87230953571491
181,Madagascar,1,Male,2017,3.1938226627617
181,Madagascar,2,Female,2017,7.99587353803626
181,Madagascar,3,Both,2017,5.65812428950976
54,Slovakia,1,Male,2014,10.8447908185434
54,Slovakia,2,Female,2014,23.91998997977173
54,Slovakia,3,Both,2014,17.67977699777242
185,Rwanda,1,Male,2017,2.56460857265065
185,Rwanda,2,Female,2017,7.231034798311679
185,Rwanda,3,Both,2017,5.05718841924727
58,Estonia,1,Male,2014,8.149527928897669
58,Estonia,2,Female,2014,20.20196566944225
58,Estonia,3,Both,2014,14.780482439390427
62,Russian Federation,1,Male,2014,8.01879921292646
62,Russian Federation,2,Female,2014,19.559778485271227
62,Russian Federation,3,Both,2014,14.41671323118394
28,Solomon Islands,1,Male,2016,15.60510057481834
28,Solomon Islands,2,Female,2016,31.120410145422888
28,Solomon Islands,3,Both,2016,23.34303308119152
46,Croatia,1,Male,2018,14.44316360916304
46,Croatia,2,Female,2018,27.58057545685604
46,Croatia,3,Both,2018,21.34102993308689
191,Zambia,1,Male,2017,5.25376120934541
191,Zambia,2,Female,2017,10.75379922332464
191,Zambia,3,Both,2017,8.02636699930356
67,Japan,1,Male,2014,35.28686450051856
67,Japan,2,Female,2014,45.82591419711055
67,Japan,3,Both,2014,40.76797282749965
195,Namibia,1,Male,2017,14.58828757643581
195,Namibia,2,Female,2017,18.74089419831844
195,Namibia,3,Both,2017,16.78946972350742
71,Australia,1,Male,2014,33.44533135026661
71,Australia,2,Female,2014,46.71146211464169
71,Australia,3,Both,2014,40.26142604621542
203,Cape Verde,1,Male,2017,4.88174795315934
203,Cape Verde,2,Female,2017,18.16132072134908
203,Cape Verde,3,Both,2017,11.534772302303413
75,Austria,1,Male,2014,15.31455549415207
75,Austria,2,Female,2014,28.72123527000069
75,Austria,3,Both,2014,22.27669830155585
207,Ghana,1,Male,2017,8.169864274664
207,Ghana,2,Female,2017,18.38945744482179
207,Ghana,3,Both,2017,13.635619775269308
79,Finland,1,Male,2014,18.0929328368452
79,Finland,2,Female,2014,32.06173469041536
79,Finland,3,Both,2014,25.296686484948687
211,Mali,1,Male,2017,13.27217253123549
211,Mali,2,Female,2017,16.91462869147002
211,Mali,3,Both,2017,15.14424678608806
38,Mongolia,1,Male,2011,3.703109234926
38,Mongolia,2,Female,2011,6.99692878494671
38,Mongolia,3,Both,2011,5.39621719472231
83,Iceland,1,Male,2014,20.37485689795478
83,Iceland,2,Female,2014,31.3804572160156
83,Iceland,3,Both,2014,25.919386674352975
215,Sao Tome and Principe,1,Male,2017,2.6470798052456503
215,Sao Tome and Principe,2,Female,2017,11.42462371432339
215,Sao Tome and Principe,3,Both,2017,7.0511748511219
87,Luxembourg,1,Male,2014,14.26478640562195
87,Luxembourg,2,Female,2014,25.7739704685504
87,Luxembourg,3,Both,2014,20.07925529343365
91,Portugal,1,Male,2014,22.95035771573744
91,Portugal,2,Female,2014,34.04357239759166
91,Portugal,3,Both,2014,28.87061299112681
28,Solomon Islands,1,Male,2019,15.65654427870235
28,Solomon Islands,2,Female,2019,31.14442997683988
28,Solomon Islands,3,Both,2019,23.40998250917242
95,United Kingdom,1,Male,2014,27.38782755147041
95,United Kingdom,2,Female,2014,42.80768361218121
95,United Kingdom,3,Both,2014,35.34541069919682
99,Uruguay,1,Male,2014,14.724283687693958
99,Uruguay,2,Female,2014,24.18445174066102
99,Uruguay,3,Both,2014,19.79287042153365
320,Cook Islands,1,Male,2017,26.151590902011527
320,Cook Islands,2,Female,2017,44.51405948537825
320,Cook Islands,3,Both,2017,35.6638690216521
108,Belize,1,Male,2014,8.93480137716733
108,Belize,2,Female,2014,24.78574675962842
108,Belize,3,Both,2014,16.9163830337933
349,Greenland,1,Male,2017,7.277616492512349
349,Greenland,2,Female,2017,15.8486164117023
349,Greenland,3,Both,2017,11.2513559833433
112,Grenada,1,Male,2014,10.174389615811547
112,Grenada,2,Female,2014,28.96948049725931
112,Grenada,3,Both,2014,19.542835198664697
28,Solomon Islands,1,Male,2013,15.60420357120954
28,Solomon Islands,2,Female,2013,31.12589538633273
28,Solomon Islands,3,Both,2013,23.30367645112402
367,Monaco,1,Male,2017,26.89595423254108
367,Monaco,2,Female,2017,39.2705222306892
367,Monaco,3,Both,2017,33.32183164638284
116,Saint Lucia,1,Male,2014,11.18631253855755
116,Saint Lucia,2,Female,2014,28.536883811433523
116,Saint Lucia,3,Both,2014,20.01074933718181
380,Palau,1,Male,2017,20.64236548438456
380,Palau,2,Female,2017,40.96170912878185
380,Palau,3,Both,2017,29.77885620701633
413,Tokelau,1,Male,2017,21.51760376011157
413,Tokelau,2,Female,2017,41.11246901537005
413,Tokelau,3,Both,2017,31.43996118051917
28,Solomon Islands,1,Male,2020,15.68926753760318
28,Solomon Islands,2,Female,2020,31.20569127820073
28,Solomon Islands,3,Both,2020,23.4648758479013
128,Guatemala,1,Male,2014,3.9848071814532697
128,Guatemala,2,Female,2014,8.76207765611266
128,Guatemala,3,Both,2014,6.521243133958469
132,Panama,1,Male,2014,10.42739758475423
132,Panama,2,Female,2014,19.31363514454966
132,Panama,3,Both,2014,14.894289054964698
136,Paraguay,1,Male,2014,11.07649118594614
136,Paraguay,2,Female,2014,15.38973512749147
136,Paraguay,3,Both,2014,13.231125374348771
140,Bahrain,1,Male,2014,19.32401883641385
140,Bahrain,2,Female,2014,38.98904553536553
140,Bahrain,3,Both,2014,25.80614076378748
144,Jordan,1,Male,2014,18.73049873579892
144,Jordan,2,Female,2014,30.59241206711628
144,Jordan,3,Both,2014,24.22939011823199
149,Palestine,1,Male,2014,13.52808494970176
149,Palestine,2,Female,2014,46.46391537573222
149,Palestine,3,Both,2014,29.918929760040257
153,Syria,1,Male,2014,19.84955496250628
153,Syria,2,Female,2014,36.7228561939297
153,Syria,3,Both,2014,28.27557304812692
36,Kazakhstan,1,Male,2017,7.02457334101354
36,Kazakhstan,2,Female,2017,15.229368047683131
36,Kazakhstan,3,Both,2017,11.40984098942258
44,Bosnia and Herzegovina,1,Male,2018,11.96043793041125
44,Bosnia and Herzegovina,2,Female,2018,21.0656798899894
44,Bosnia and Herzegovina,3,Both,2018,16.68815766270551
30,Vanuatu,1,Male,2021,4.56778595675461
30,Vanuatu,2,Female,2021,9.13018139383192
30,Vanuatu,3,Both,2021,6.87872567542054
48,Hungary,1,Male,2018,11.517293796812847
48,Hungary,2,Female,2018,22.94638764039641
48,Hungary,3,Both,2018,17.64827263371072
40,Turkmenistan,1,Male,2017,6.07916633410399
40,Turkmenistan,2,Female,2017,14.114764301485442
40,Turkmenistan,3,Both,2017,10.084610210608307
52,Romania,1,Male,2018,18.09914528187587
52,Romania,2,Female,2018,35.671601061776606
52,Romania,3,Both,2018,27.289449389573377
44,Bosnia and Herzegovina,1,Male,2017,11.74005988836439
44,Bosnia and Herzegovina,2,Female,2017,20.74694268965507
44,Bosnia and Herzegovina,3,Both,2017,16.41539480231607
48,Hungary,1,Male,2017,11.28148725453899
48,Hungary,2,Female,2017,22.71256698445391
48,Hungary,3,Both,2017,17.418213983833137
52,Romania,1,Male,2017,17.7227052828142
52,Romania,2,Female,2017,35.17627882511921
52,Romania,3,Both,2017,26.84917219681538
60,Lithuania,1,Male,2018,14.899401808912067
60,Lithuania,2,Female,2018,26.57144640744028
60,Lithuania,3,Both,2018,21.40947924942743
38,Mongolia,1,Male,2012,3.7974901969962698
38,Mongolia,2,Female,2012,7.116530714644349
38,Mongolia,3,Both,2012,5.50598583351756
40,Turkmenistan,1,Male,2021,6.396088569356639
40,Turkmenistan,2,Female,2021,14.757636679226248
40,Turkmenistan,3,Both,2021,10.5422452723831
60,Lithuania,1,Male,2017,14.68322166825627
60,Lithuania,2,Female,2017,26.24647710085575
60,Lithuania,3,Both,2017,21.139748907231
69,Singapore,1,Male,2018,23.081059066041902
69,Singapore,2,Female,2018,30.87028074620859
69,Singapore,3,Both,2018,26.848477920010836
46,Croatia,1,Male,2020,14.90986614701435
46,Croatia,2,Female,2020,27.81631952735407
46,Croatia,3,Both,2020,21.67820857716725
77,Cyprus,1,Male,2018,15.16581656099564
77,Cyprus,2,Female,2018,23.99257171319997
77,Cyprus,3,Both,2018,19.70946660274996
38,Mongolia,1,Male,2017,4.4754357916466
38,Mongolia,2,Female,2017,8.06134096499601
38,Mongolia,3,Both,2017,6.333030606600711
50,Montenegro,1,Male,2020,13.52368570480977
50,Montenegro,2,Female,2020,25.510253734585454
50,Montenegro,3,Both,2020,19.72354282707014
81,Germany,1,Male,2018,12.55578598715046
81,Germany,2,Female,2018,23.88330979890558
81,Germany,3,Both,2018,18.35324296777503
69,Singapore,1,Male,2017,22.628477801556095
69,Singapore,2,Female,2017,30.390321679444455
69,Singapore,3,Both,2017,26.34880167906944
54,Slovakia,1,Male,2020,12.28160148968707
54,Slovakia,2,Female,2020,25.65465755806547
54,Slovakia,3,Both,2020,19.24318887017156
85,Israel,1,Male,2018,13.83784671160431
85,Israel,2,Female,2018,26.35524846192937
85,Israel,3,Both,2018,20.264491380516787
77,Cyprus,1,Male,2017,15.009136456684791
77,Cyprus,2,Female,2017,23.83571127148517
77,Cyprus,3,Both,2017,19.55035061683243
89,Netherlands,1,Male,2018,14.43929588425249
89,Netherlands,2,Female,2018,21.7749323563379
89,Netherlands,3,Both,2018,18.18016184056054
81,Germany,1,Male,2017,12.53639955426146
81,Germany,2,Female,2017,23.86546851358839
81,Germany,3,Both,2017,18.34531648656613
58,Estonia,1,Male,2020,8.94732678189477
58,Estonia,2,Female,2020,21.65836917925115
58,Estonia,3,Both,2020,15.85307542580886
93,Sweden,1,Male,2018,20.16179062514521
93,Sweden,2,Female,2018,29.51294496485371
93,Sweden,3,Both,2018,24.872810776702988
97,Argentina,1,Male,2018,10.2726792901829
97,Argentina,2,Female,2018,20.76461349963105
97,Argentina,3,Both,2018,15.779931051078968
62,Russian Federation,1,Male,2020,9.2153051857193
62,Russian Federation,2,Female,2020,20.8192343018417
62,Russian Federation,3,Both,2020,15.63035964200117
85,Israel,1,Male,2017,13.729036869340533
85,Israel,2,Female,2017,26.250865504383807
85,Israel,3,Both,2017,20.16273492276948
101,Canada,1,Male,2018,8.92461652587226
101,Canada,2,Female,2018,15.758263618745442
101,Canada,3,Both,2018,12.45005808174794
67,Japan,1,Male,2020,35.890564246907495
67,Japan,2,Female,2020,46.43782344503344
67,Japan,3,Both,2020,41.37400644895244
71,Australia,1,Male,2020,34.43734612077296
71,Australia,2,Female,2020,47.97400253052398
71,Australia,3,Both,2020,41.3993926111281
40,Turkmenistan,1,Male,2015,5.84482781940869
40,Turkmenistan,2,Female,2015,13.66921814979917
40,Turkmenistan,3,Both,2015,9.75984598180823
105,Antigua and Barbuda,1,Male,2018,12.00561058438349
105,Antigua and Barbuda,2,Female,2018,27.33372270308575
105,Antigua and Barbuda,3,Both,2018,20.04392458667284
89,Netherlands,1,Male,2017,14.169380177901388
89,Netherlands,2,Female,2017,21.46588609753673
89,Netherlands,3,Both,2017,17.89266811321142
93,Sweden,1,Male,2017,19.91815720137582
93,Sweden,2,Female,2017,29.29621091908396
93,Sweden,3,Both,2017,24.64837544283389
106,The Bahamas,1,Male,2018,12.80820596832978
106,The Bahamas,2,Female,2018,30.24270106317087
106,The Bahamas,3,Both,2018,21.98667304998358
44,Bosnia and Herzegovina,1,Male,2015,11.33645601798388
44,Bosnia and Herzegovina,2,Female,2015,20.15768918250821
44,Bosnia and Herzegovina,3,Both,2015,15.91212092180502
97,Argentina,1,Male,2017,10.22984054914536
97,Argentina,2,Female,2017,20.63042921407155
97,Argentina,3,Both,2017,15.69155091495178
110,Dominica,1,Male,2018,6.413266823490001
110,Dominica,2,Female,2018,27.47806207866485
110,Dominica,3,Both,2018,16.870680206217962
75,Austria,1,Male,2020,16.484829218137
75,Austria,2,Female,2020,29.80528300266142
75,Austria,3,Both,2020,23.35092403009395
101,Canada,1,Male,2017,8.90043540642603
101,Canada,2,Female,2017,15.65349226684788
101,Canada,3,Both,2017,12.38648106584459
48,Hungary,1,Male,2015,10.8814201595826
48,Hungary,2,Female,2015,22.30390706844214
48,Hungary,3,Both,2015,17.023508758833287
79,Finland,1,Male,2020,18.34653619831875
79,Finland,2,Female,2020,32.76837995637175
79,Finland,3,Both,2020,25.74550801156616
105,Antigua and Barbuda,1,Male,2017,11.85304120649931
105,Antigua and Barbuda,2,Female,2017,27.14005155988507
105,Antigua and Barbuda,3,Both,2017,19.89334190514131
50,Montenegro,1,Male,2018,13.177201082057527
50,Montenegro,2,Female,2018,25.232145842942327
50,Montenegro,3,Both,2018,19.40958764791853
52,Romania,1,Male,2015,17.05983357942126
52,Romania,2,Female,2015,34.28873059866095
52,Romania,3,Both,2015,26.06604286851562
106,The Bahamas,1,Male,2017,12.78193512476328
106,The Bahamas,2,Female,2017,30.17329222284043
106,The Bahamas,3,Both,2017,21.93703578163186
83,Iceland,1,Male,2020,21.26679515443971
83,Iceland,2,Female,2020,32.8963126406981
83,Iceland,3,Both,2020,27.03538526161628
110,Dominica,1,Male,2017,6.27928700713334
110,Dominica,2,Female,2017,27.47848832579457
110,Dominica,3,Both,2017,16.82337433066245
87,Luxembourg,1,Male,2020,14.31984128838346
87,Luxembourg,2,Female,2020,25.3811794549427
87,Luxembourg,3,Both,2020,19.86417879033757
114,Haiti,1,Male,2017,7.834623948429489
114,Haiti,2,Female,2017,21.07092025985063
114,Haiti,3,Both,2017,14.77609800647106
91,Portugal,1,Male,2020,24.52645179618245
91,Portugal,2,Female,2020,35.60147413431311
91,Portugal,3,Both,2020,30.45926847160856
118,Suriname,1,Male,2017,26.522698056440632
118,Suriname,2,Female,2017,35.76662833587009
118,Suriname,3,Both,2017,31.28703643652356
95,United Kingdom,1,Male,2020,27.76506375421554
95,United Kingdom,2,Female,2020,42.801428685676576
95,United Kingdom,3,Both,2020,35.529021848067
60,Lithuania,1,Male,2015,14.30946845273297
60,Lithuania,2,Female,2015,25.70995448024326
60,Lithuania,3,Both,2015,20.68513860332531
122,Ecuador,1,Male,2017,17.21460415326315
122,Ecuador,2,Female,2017,16.592514093461798
122,Ecuador,3,Both,2017,16.895549138535753
99,Uruguay,1,Male,2020,15.00182191443501
99,Uruguay,2,Female,2020,24.75873455440476
99,Uruguay,3,Both,2020,20.234410305400232
126,Costa Rica,1,Male,2017,11.52327275556765
126,Costa Rica,2,Female,2017,20.62428386687405
126,Costa Rica,3,Both,2017,16.30898026139468
36,Kazakhstan,1,Male,2016,6.96515573727359
36,Kazakhstan,2,Female,2016,15.16396455887811
36,Kazakhstan,3,Both,2016,11.35069594553361
130,Mexico,1,Male,2017,12.844446731387348
130,Mexico,2,Female,2017,21.587115816471368
130,Mexico,3,Both,2017,17.41157074874202
108,Belize,1,Male,2020,9.14274734068456
108,Belize,2,Female,2020,25.151298995323216
108,Belize,3,Both,2020,17.24781121382477
69,Singapore,1,Male,2015,21.83673118843518
69,Singapore,2,Female,2015,29.42834421999284
69,Singapore,3,Both,2015,25.41214734623824
142,Iran,1,Male,2017,15.15667758487388
142,Iran,2,Female,2017,35.42082728088612
142,Iran,3,Both,2017,25.190367632571032
36,Kazakhstan,1,Male,2013,6.93861406872547
36,Kazakhstan,2,Female,2013,15.06926130848281
36,Kazakhstan,3,Both,2013,11.2970998909359
146,Lebanon,1,Male,2017,35.03701990038532
146,Lebanon,2,Female,2017,32.58245947392349
146,Lebanon,3,Both,2017,33.77407636625888
77,Cyprus,1,Male,2015,14.80027845330198
77,Cyprus,2,Female,2015,23.62362870019179
77,Cyprus,3,Both,2015,19.33713045276119
147,Libya,1,Male,2017,17.55942256170285
147,Libya,2,Female,2017,36.23596600758941
147,Libya,3,Both,2017,26.52085007744187
81,Germany,1,Male,2015,12.54215455569971
81,Germany,2,Female,2015,23.88759644550052
81,Germany,3,Both,2015,18.381268447320352
112,Grenada,1,Male,2020,11.21412105238624
112,Grenada,2,Female,2020,30.28487372448102
112,Grenada,3,Both,2020,20.63611810163525
30,Vanuatu,1,Male,2015,4.365570331540701
30,Vanuatu,2,Female,2015,8.42990791270252
30,Vanuatu,3,Both,2015,6.39410552014017
116,Saint Lucia,1,Male,2020,12.06375254226751
116,Saint Lucia,2,Female,2020,30.03380523160588
116,Saint Lucia,3,Both,2020,21.14717216548602
151,Qatar,1,Male,2017,18.49192872276184
151,Qatar,2,Female,2017,44.80153328285475
151,Qatar,3,Both,2017,24.1279532267943
85,Israel,1,Male,2015,13.51500520131562
85,Israel,2,Female,2015,26.03882538924091
85,Israel,3,Both,2015,19.95862148750177
155,Turkey,1,Male,2017,16.32572343982524
155,Turkey,2,Female,2017,32.559334136256766
155,Turkey,3,Both,2017,24.52229478784862
89,Netherlands,1,Male,2015,13.64266921280088
89,Netherlands,2,Female,2015,20.89121896838088
89,Netherlands,3,Both,2015,17.34606457079256
36,Kazakhstan,1,Male,2020,7.234190843430589
36,Kazakhstan,2,Female,2020,15.474225336695929
36,Kazakhstan,3,Both,2020,11.63105016628972
93,Sweden,1,Male,2015,19.42995496572985
93,Sweden,2,Female,2015,28.873432097953188
93,Sweden,3,Both,2015,24.20610738134377
163,India,1,Male,2017,11.69211039460648
163,India,2,Female,2017,17.4597471415204
163,India,3,Both,2017,14.546050758914433
97,Argentina,1,Male,2015,10.10996326585361
97,Argentina,2,Female,2015,20.3321834517502
97,Argentina,3,Both,2015,15.48151483007948
128,Guatemala,1,Male,2020,4.30788203994545
128,Guatemala,2,Female,2020,9.61735204754288
128,Guatemala,3,Both,2020,7.13310431179185
101,Canada,1,Male,2015,8.90258819760685
101,Canada,2,Female,2015,15.448311498515473
101,Canada,3,Both,2015,12.28554209056522
171,Democratic Republic of the Congo,1,Male,2017,10.5045631224902
171,Democratic Republic of the Congo,2,Female,2017,18.81644164018748
171,Democratic Republic of the Congo,3,Both,2017,14.67249862072194
105,Antigua and Barbuda,1,Male,2015,11.58311065152205
105,Antigua and Barbuda,2,Female,2015,26.74236244279335
105,Antigua and Barbuda,3,Both,2015,19.603352415467988
175,Burundi,1,Male,2017,3.2806693826544304
175,Burundi,2,Female,2017,7.833454623885661
175,Burundi,3,Both,2017,5.49544313513395
106,The Bahamas,1,Male,2015,12.70164610649704
106,The Bahamas,2,Female,2015,29.95307654816065
106,The Bahamas,3,Both,2015,21.78275200782978
46,Croatia,1,Male,2011,13.280085992441832
46,Croatia,2,Female,2011,26.369310196835848
46,Croatia,3,Both,2011,20.19321993121224
132,Panama,1,Male,2020,10.94304104045491
132,Panama,2,Female,2020,20.72917250046445
132,Panama,3,Both,2020,15.860260969588769
179,Ethiopia,1,Male,2017,4.485019484962479
179,Ethiopia,2,Female,2017,11.99248957081673
179,Ethiopia,3,Both,2017,8.27341441366069
110,Dominica,1,Male,2015,5.99025027439122
110,Dominica,2,Female,2015,27.18783298923154
110,Dominica,3,Both,2015,16.57401725639397
136,Paraguay,1,Male,2020,11.64162589157125
136,Paraguay,2,Female,2020,16.444616103684933
136,Paraguay,3,Both,2020,14.043849855433828
183,Mauritius,1,Male,2017,12.59267812573715
183,Mauritius,2,Female,2017,22.03416913496618
183,Mauritius,3,Both,2017,17.4179745361612
114,Haiti,1,Male,2015,7.869793383052589
114,Haiti,2,Female,2015,20.948577747840748
114,Haiti,3,Both,2015,14.73485194231648
50,Montenegro,1,Male,2011,12.3720575807816
50,Montenegro,2,Female,2011,24.211732345736
50,Montenegro,3,Both,2011,18.50973333388779
140,Bahrain,1,Male,2020,21.95606081732307
140,Bahrain,2,Female,2020,42.11733411544869
140,Bahrain,3,Both,2020,28.583172975222208
187,Somalia,1,Male,2017,2.74404809172171
187,Somalia,2,Female,2017,7.80571196072818
187,Somalia,3,Both,2017,5.32479240319031
144,Jordan,1,Male,2020,20.164680492878208
144,Jordan,2,Female,2020,31.93329140750144
144,Jordan,3,Both,2020,25.474842711938887
54,Slovakia,1,Male,2011,10.40719148833167
54,Slovakia,2,Female,2011,23.23894234742712
54,Slovakia,3,Both,2011,17.13325816064524
118,Suriname,1,Male,2015,26.26650367482444
118,Suriname,2,Female,2015,35.34521268147054
118,Suriname,3,Both,2015,30.92197963156213
122,Ecuador,1,Male,2015,16.84451992903217
122,Ecuador,2,Female,2015,15.96238281519982
122,Ecuador,3,Both,2015,16.39196430032997
126,Costa Rica,1,Male,2015,11.247142298371733
126,Costa Rica,2,Female,2015,20.13345859451936
126,Costa Rica,3,Both,2015,15.903407091228338
130,Mexico,1,Male,2015,12.05394583719694
130,Mexico,2,Female,2015,20.8144599108263
130,Mexico,3,Both,2015,16.632099097603508
58,Estonia,1,Male,2011,7.71986958300299
58,Estonia,2,Female,2011,19.32892147092672
58,Estonia,3,Both,2011,14.14374877218519
62,Russian Federation,1,Male,2011,7.73830012275024
62,Russian Federation,2,Female,2011,19.13412025218264
62,Russian Federation,3,Both,2011,14.07352339776074
67,Japan,1,Male,2011,34.75290817723318
67,Japan,2,Female,2011,45.45409967907934
67,Japan,3,Both,2011,40.317119813038346
71,Australia,1,Male,2011,32.377946144731816
71,Australia,2,Female,2011,45.44218789597056
71,Australia,3,Both,2011,39.08924865598986
75,Austria,1,Male,2011,14.613785376764971
75,Austria,2,Female,2011,28.09403030200585
75,Austria,3,Both,2011,21.64448687536881
79,Finland,1,Male,2011,18.15918641889356
79,Finland,2,Female,2011,31.84381504070117
79,Finland,3,Both,2011,25.23632981779476
44,Bosnia and Herzegovina,1,Male,2021,12.47004764559059
44,Bosnia and Herzegovina,2,Female,2021,21.8255627432778
44,Bosnia and Herzegovina,3,Both,2021,17.334739451140248
83,Iceland,1,Male,2011,19.63519128126049
83,Iceland,2,Female,2011,30.66443840411835
83,Iceland,3,Both,2011,25.16845200233549
87,Luxembourg,1,Male,2011,14.569690288025113
87,Luxembourg,2,Female,2011,26.06005406131679
87,Luxembourg,3,Both,2011,20.41755685502219
91,Portugal,1,Male,2011,22.69837178299014
91,Portugal,2,Female,2011,33.76890521689198
91,Portugal,3,Both,2011,28.588669932859773
95,United Kingdom,1,Male,2011,27.11039684664599
95,United Kingdom,2,Female,2011,42.61267108331674
95,United Kingdom,3,Both,2011,35.12335882031556
99,Uruguay,1,Male,2011,14.30356742409547
99,Uruguay,2,Female,2011,23.79572949469976
99,Uruguay,3,Both,2011,19.38166441793668
34,Azerbaijan,1,Male,2021,6.203073878719461
34,Azerbaijan,2,Female,2021,13.6710631871899
34,Azerbaijan,3,Both,2021,10.05210535597926
108,Belize,1,Male,2011,8.78440203162945
108,Belize,2,Female,2011,24.61234980868089
108,Belize,3,Both,2011,16.72983259540326
112,Grenada,1,Male,2011,9.75255241798584
112,Grenada,2,Female,2011,28.424446203695368
112,Grenada,3,Both,2011,19.10994274147043
116,Saint Lucia,1,Male,2011,10.6899346901795
116,Saint Lucia,2,Female,2011,27.58414719127577
116,Saint Lucia,3,Both,2011,19.31179043073988
46,Croatia,1,Male,2012,13.48307316583329
46,Croatia,2,Female,2012,26.599917158754632
46,Croatia,3,Both,2012,20.40567279559938
40,Turkmenistan,1,Male,2016,5.95742591437894
40,Turkmenistan,2,Female,2016,13.88934182904766
40,Turkmenistan,3,Both,2016,9.91843365187109
128,Guatemala,1,Male,2011,3.7815104259540098
128,Guatemala,2,Female,2011,8.24764184547474
128,Guatemala,3,Both,2011,6.148511219062431
132,Panama,1,Male,2011,10.03045248432232
132,Panama,2,Female,2011,18.5364249157479
132,Panama,3,Both,2011,14.299637581112751
136,Paraguay,1,Male,2011,10.71193792864371
136,Paraguay,2,Female,2011,14.966953226850748
136,Paraguay,3,Both,2011,12.83810936828948
140,Bahrain,1,Male,2011,18.38329285122885
140,Bahrain,2,Female,2011,37.86518816794794
140,Bahrain,3,Both,2011,24.7698269930968
46,Croatia,1,Male,2017,14.28200167451498
46,Croatia,2,Female,2017,27.42907947458695
46,Croatia,3,Both,2017,21.19079384767886
144,Jordan,1,Male,2011,17.873398707242018
144,Jordan,2,Female,2011,29.73233714133891
144,Jordan,3,Both,2011,23.45955800813121
50,Montenegro,1,Male,2017,13.05360771444724
50,Montenegro,2,Female,2017,25.01276439804026
50,Montenegro,3,Both,2017,19.23756205798701
149,Palestine,1,Male,2011,13.05024655536749
149,Palestine,2,Female,2011,45.957301395570695
149,Palestine,3,Both,2011,29.46364362912584
40,Turkmenistan,1,Male,2013,5.6449127542333
40,Turkmenistan,2,Female,2013,13.196301767932662
40,Turkmenistan,3,Both,2013,9.43944856015266
153,Syria,1,Male,2011,17.99251223187469
153,Syria,2,Female,2011,35.4056475822909
153,Syria,3,Both,2011,26.38397773326744
54,Slovakia,1,Male,2017,11.48351924349052
54,Slovakia,2,Female,2017,24.79983574238831
54,Slovakia,3,Both,2017,18.4273485864687
157,Yemen,1,Male,2011,15.60714003450626
157,Yemen,2,Female,2011,30.55273831670461
157,Yemen,3,Both,2011,23.074049523520728
161,Bangladesh,1,Male,2011,6.684100189809961
161,Bangladesh,2,Female,2011,20.58901929216256
161,Bangladesh,3,Both,2011,13.591226724741478
58,Estonia,1,Male,2017,8.51243673562365
58,Estonia,2,Female,2017,20.87810400050806
58,Estonia,3,Both,2017,15.26613965787842
54,Slovakia,1,Male,2018,11.75737850078927
54,Slovakia,2,Female,2018,25.139318610008782
54,Slovakia,3,Both,2018,18.73059423856866
62,Russian Federation,1,Male,2017,8.41626553772835
62,Russian Federation,2,Female,2017,20.00171116471581
62,Russian Federation,3,Both,2017,14.82683894765299
40,Turkmenistan,1,Male,2020,6.37503491451969
40,Turkmenistan,2,Female,2020,14.70490153629763
40,Turkmenistan,3,Both,2020,10.508754831439887
67,Japan,1,Male,2017,35.6573117827099
67,Japan,2,Female,2017,46.12520710658798
67,Japan,3,Both,2017,41.10121602109697
44,Bosnia and Herzegovina,1,Male,2020,12.34903498438664
44,Bosnia and Herzegovina,2,Female,2020,21.623457377498383
44,Bosnia and Herzegovina,3,Both,2020,17.16778877739254
71,Australia,1,Male,2017,34.023224893687846
71,Australia,2,Female,2017,47.39970776390012
71,Australia,3,Both,2017,40.9001047081188
58,Estonia,1,Male,2018,8.67127876587869
58,Estonia,2,Female,2018,21.13906658342669
58,Estonia,3,Both,2018,15.46836353960285
75,Austria,1,Male,2017,15.88986233681671
75,Austria,2,Female,2017,29.22167189736934
75,Austria,3,Both,2017,22.781929750706237
48,Hungary,1,Male,2020,12.04476796192724
48,Hungary,2,Female,2020,23.33460097041483
48,Hungary,3,Both,2020,18.091909983105488
62,Russian Federation,1,Male,2018,8.611494306537699
62,Russian Federation,2,Female,2018,20.24936860271365
62,Russian Federation,3,Both,2018,15.04844026819447
79,Finland,1,Male,2017,18.23878437868207
79,Finland,2,Female,2017,32.44613635885667
79,Finland,3,Both,2017,25.54480216745404
34,Azerbaijan,1,Male,2015,5.87975831222131
34,Azerbaijan,2,Female,2015,12.87010139880088
34,Azerbaijan,3,Both,2015,9.50084702263891
52,Romania,1,Male,2020,18.79502452281702
52,Romania,2,Female,2020,36.36281555726177
52,Romania,3,Both,2020,27.99160009469028
83,Iceland,1,Male,2017,20.92022734229154
83,Iceland,2,Female,2017,32.104886618608994
83,Iceland,3,Both,2017,26.50189017938206
87,Luxembourg,1,Male,2017,14.204766360373238
87,Luxembourg,2,Female,2017,25.4788772020029
87,Luxembourg,3,Both,2017,19.86960067748818
67,Japan,1,Male,2018,35.78401390512312
67,Japan,2,Female,2018,46.24955627613381
67,Japan,3,Both,2018,41.2262264009868
91,Portugal,1,Male,2017,23.7887212572777
91,Portugal,2,Female,2017,34.72979040812801
91,Portugal,3,Both,2017,29.64037620707572
71,Australia,1,Male,2018,34.183807981526485
71,Australia,2,Female,2018,47.62044725620671
71,Australia,3,Both,2018,41.09266263647661
95,United Kingdom,1,Male,2017,27.598609918822483
95,United Kingdom,2,Female,2017,42.83565366723783
95,United Kingdom,3,Both,2017,35.45834724560537
75,Austria,1,Male,2018,16.10709560203144
75,Austria,2,Female,2018,29.40802461377624
75,Austria,3,Both,2018,22.9756538075723
99,Uruguay,1,Male,2017,14.98496063240932
99,Uruguay,2,Female,2017,24.6057104693971
99,Uruguay,3,Both,2017,20.14515961493018
60,Lithuania,1,Male,2020,15.28677827662466
60,Lithuania,2,Female,2020,27.237123220735448
60,Lithuania,3,Both,2020,21.9432606009458
108,Belize,1,Male,2017,9.01940165911097
108,Belize,2,Female,2017,25.00497280630016
108,Belize,3,Both,2017,17.09318626462559
69,Singapore,1,Male,2020,23.93122242484808
69,Singapore,2,Female,2020,31.67601810039128
69,Singapore,3,Both,2020,27.71932680224007
112,Grenada,1,Male,2017,10.69079699917171
112,Grenada,2,Female,2017,29.664848402844363
112,Grenada,3,Both,2017,20.10540720423432
116,Saint Lucia,1,Male,2017,11.62328785935327
116,Saint Lucia,2,Female,2017,29.36950229773207
116,Saint Lucia,3,Both,2017,20.61762057372524
77,Cyprus,1,Male,2020,15.451782437896238
77,Cyprus,2,Female,2020,24.2722639624117
77,Cyprus,3,Both,2020,19.99839790145988
81,Germany,1,Male,2020,12.73882386858401
81,Germany,2,Female,2020,24.03855508984871
81,Germany,3,Both,2020,18.503594516138996
128,Guatemala,1,Male,2017,4.16570479288236
128,Guatemala,2,Female,2017,9.20853906464867
128,Guatemala,3,Both,2017,6.847029985532781
132,Panama,1,Male,2017,10.76804499843033
132,Panama,2,Female,2017,20.12240718463236
132,Panama,3,Both,2017,15.47536003632611
48,Hungary,1,Male,2021,12.22259661870776
48,Hungary,2,Female,2021,23.598091932448632
48,Hungary,3,Both,2021,18.3130847886123
85,Israel,1,Male,2020,14.021062666495729
85,Israel,2,Female,2020,26.55630291793224
85,Israel,3,Both,2020,20.447985103935
136,Paraguay,1,Male,2017,11.418039177944593
136,Paraguay,2,Female,2017,15.93966834152107
136,Paraguay,3,Both,2017,13.67746593190672
89,Netherlands,1,Male,2020,14.828829943356189
89,Netherlands,2,Female,2020,22.31963245856253
89,Netherlands,3,Both,2020,18.64502027186741
38,Mongolia,1,Male,2021,5.16173330453803
38,Mongolia,2,Female,2021,9.04447464780533
38,Mongolia,3,Both,2021,7.183795161634671
140,Bahrain,1,Male,2017,20.87440084213942
140,Bahrain,2,Female,2017,40.67921873193236
140,Bahrain,3,Both,2017,27.4147590157114
52,Romania,1,Male,2021,18.80884799082466
52,Romania,2,Female,2021,36.558060066773926
52,Romania,3,Both,2021,28.1080620125824
93,Sweden,1,Male,2020,20.33777529902928
93,Sweden,2,Female,2020,29.837594589691108
93,Sweden,3,Both,2020,25.11307270414545
144,Jordan,1,Male,2017,19.463006183326588
144,Jordan,2,Female,2017,31.292419421759448
144,Jordan,3,Both,2017,24.85952875973892
97,Argentina,1,Male,2020,10.24819084172735
97,Argentina,2,Female,2020,20.97430445258281
97,Argentina,3,Both,2020,15.87398235432268
50,Montenegro,1,Male,2012,12.47718207248912
50,Montenegro,2,Female,2012,24.27809276611046
50,Montenegro,3,Both,2012,18.590860168161647
101,Canada,1,Male,2020,9.055342791208773
101,Canada,2,Female,2020,15.90260938986702
101,Canada,3,Both,2020,12.58284506862932
44,Bosnia and Herzegovina,1,Male,2016,11.51973650168796
44,Bosnia and Herzegovina,2,Female,2016,20.42503397223363
44,Bosnia and Herzegovina,3,Both,2016,16.140413055901952
149,Palestine,1,Male,2017,13.99019924027916
149,Palestine,2,Female,2017,46.92199147869599
149,Palestine,3,Both,2017,30.32250639434004
105,Antigua and Barbuda,1,Male,2020,12.30974701513313
105,Antigua and Barbuda,2,Female,2020,27.709674791714622
105,Antigua and Barbuda,3,Both,2020,20.34028513608493
106,The Bahamas,1,Male,2020,12.93858219961071
106,The Bahamas,2,Female,2020,30.36875213456289
106,The Bahamas,3,Both,2020,22.12033670362295
60,Lithuania,1,Male,2021,15.54624510490921
60,Lithuania,2,Female,2021,27.50449567953512
60,Lithuania,3,Both,2021,22.20547404075713
110,Dominica,1,Male,2020,6.72395933302372
110,Dominica,2,Female,2020,27.59834447952821
110,Dominica,3,Both,2020,17.05303622955197
114,Haiti,1,Male,2020,7.83058221820779
114,Haiti,2,Female,2020,21.28238210315259
114,Haiti,3,Both,2020,14.87596354161809
44,Bosnia and Herzegovina,1,Male,2013,10.94988804465787
44,Bosnia and Herzegovina,2,Female,2013,19.63759254244375
44,Bosnia and Herzegovina,3,Both,2013,15.455745564592572
118,Suriname,1,Male,2020,26.86499054104451
118,Suriname,2,Female,2020,36.18519689048069
118,Suriname,3,Both,2020,31.70032272671701
122,Ecuador,1,Male,2020,17.47957247171406
122,Ecuador,2,Female,2020,17.11927955792765
122,Ecuador,3,Both,2020,17.29526164405596
69,Singapore,1,Male,2021,24.75552151307038
69,Singapore,2,Female,2021,32.46305719241984
69,Singapore,3,Both,2021,28.538420006081427
126,Costa Rica,1,Male,2020,11.89840345868101
126,Costa Rica,2,Female,2020,21.25776400959191
126,Costa Rica,3,Both,2020,16.843858363052288
130,Mexico,1,Male,2020,13.817144556584829
130,Mexico,2,Female,2020,22.58520569013808
130,Mexico,3,Both,2020,18.40134311168698
77,Cyprus,1,Male,2021,15.68674406541746
77,Cyprus,2,Female,2021,24.40492841159225
77,Cyprus,3,Both,2021,20.18412116530545
81,Germany,1,Male,2021,12.75758809527749
81,Germany,2,Female,2021,24.10829833184274
81,Germany,3,Both,2021,18.53924134687982
142,Iran,1,Male,2020,16.11953395029532
142,Iran,2,Female,2020,36.15886661523302
142,Iran,3,Both,2020,26.02206480354952
146,Lebanon,1,Male,2020,35.342197526014154
146,Lebanon,2,Female,2020,33.17614364675189
146,Lebanon,3,Both,2020,34.22679376366811
147,Libya,1,Male,2020,17.643556961313898
147,Libya,2,Female,2020,36.0098799712735
147,Libya,3,Both,2020,26.498306534006623
38,Mongolia,1,Male,2015,4.16029667279878
38,Mongolia,2,Female,2015,7.62205472614637
38,Mongolia,3,Both,2015,5.94925741572029
151,Qatar,1,Male,2020,19.42665472889778
151,Qatar,2,Female,2020,45.86505905854076
151,Qatar,3,Both,2020,25.70348760837672
155,Turkey,1,Male,2020,17.47373750831493
155,Turkey,2,Female,2020,34.09878926857728
155,Turkey,3,Both,2020,25.86790864580724
163,India,1,Male,2020,11.84151555215501
163,India,2,Female,2020,17.77316119480893
163,India,3,Both,2020,14.777989277946691
48,Hungary,1,Male,2016,11.06700816258893
48,Hungary,2,Female,2016,22.48426367569169
48,Hungary,3,Both,2016,17.201057304511618
46,Croatia,1,Male,2021,14.904228954177508
46,Croatia,2,Female,2021,28.16325163482041
46,Croatia,3,Both,2021,21.85412311174871
54,Slovakia,1,Male,2012,10.54027673211816
54,Slovakia,2,Female,2012,23.459954680411148
54,Slovakia,3,Both,2012,17.30604312767213
48,Hungary,1,Male,2013,10.57468991670152
48,Hungary,2,Female,2013,22.01187619353916
48,Hungary,3,Both,2013,16.73529921784378
58,Estonia,1,Male,2012,7.889965911547669
58,Estonia,2,Female,2012,19.67225920717614
58,Estonia,3,Both,2012,14.39945660963507
52,Romania,1,Male,2013,16.51029846060402
52,Romania,2,Female,2013,33.65205492464835
52,Romania,3,Both,2013,25.471178324972787
62,Russian Federation,1,Male,2012,7.85129241464215
62,Russian Federation,2,Female,2012,19.319711158657928
62,Russian Federation,3,Both,2012,14.22096345652892
67,Japan,1,Male,2012,34.9267763318733
67,Japan,2,Female,2012,45.57256181827826
67,Japan,3,Both,2012,40.46274853262345
46,Croatia,1,Male,2015,14.01873446411139
46,Croatia,2,Female,2015,27.13743211431031
46,Croatia,3,Both,2015,20.92466225419792
71,Australia,1,Male,2012,32.73755446681851
71,Australia,2,Female,2012,45.913605572696646
71,Australia,3,Both,2012,39.50590608570292
60,Lithuania,1,Male,2013,13.967539656609029
60,Lithuania,2,Female,2013,25.33647514428241
60,Lithuania,3,Both,2013,20.330015583414745
75,Austria,1,Male,2012,14.8746709905564
75,Austria,2,Female,2012,28.32304679680886
75,Austria,3,Both,2012,21.88169024663308
79,Finland,1,Male,2012,18.17683043436578
79,Finland,2,Female,2012,31.919444977270427
79,Finland,3,Both,2012,25.277537120586267
83,Iceland,1,Male,2012,19.91946178536436
83,Iceland,2,Female,2012,30.89433647535651
83,Iceland,3,Both,2012,25.445803386382497
87,Luxembourg,1,Male,2012,14.44568477211195
87,Luxembourg,2,Female,2012,25.978891235840663
87,Luxembourg,3,Both,2012,20.299319896428848
69,Singapore,1,Male,2013,21.149580077896392
69,Singapore,2,Female,2013,28.65204489598483
69,Singapore,3,Both,2013,24.67190411983085
77,Cyprus,1,Male,2013,14.7000952516496
77,Cyprus,2,Female,2013,23.51227782666336
77,Cyprus,3,Both,2013,19.23027045540891
81,Germany,1,Male,2013,12.41789801007962
81,Germany,2,Female,2013,23.78241121391196
81,Germany,3,Both,2013,18.28797348560178
50,Montenegro,1,Male,2021,13.485076335514371
50,Montenegro,2,Female,2021,25.65367988680493
50,Montenegro,3,Both,2021,19.784929333074768
52,Romania,1,Male,2016,17.384652752074718
52,Romania,2,Female,2016,34.73702395156675
52,Romania,3,Both,2016,26.457449652602488
50,Montenegro,1,Male,2015,12.88377135914199
50,Montenegro,2,Female,2015,24.70343014882028
50,Montenegro,3,Both,2015,18.99847396113873
54,Slovakia,1,Male,2021,12.26714881127279
54,Slovakia,2,Female,2021,25.71962078126449
54,Slovakia,3,Both,2021,19.26854682420182
58,Estonia,1,Male,2021,9.107449474086051
58,Estonia,2,Female,2021,21.84496605640147
58,Estonia,3,Both,2021,16.01871371514832
62,Russian Federation,1,Male,2021,9.27405714155154
62,Russian Federation,2,Female,2021,20.99243237718906
62,Russian Federation,3,Both,2021,15.75056753896485
67,Japan,1,Male,2021,35.78884434145242
67,Japan,2,Female,2021,46.45446357059113
67,Japan,3,Both,2021,41.33348642821348
54,Slovakia,1,Male,2015,11.02453309224365
54,Slovakia,2,Female,2015,24.15907369196043
54,Slovakia,3,Both,2015,17.88507173053641
58,Estonia,1,Male,2015,8.2515157106764
58,Estonia,2,Female,2015,20.43128597828883
58,Estonia,3,Both,2015,14.936169526689818
62,Russian Federation,1,Male,2015,8.1094521577884
62,Russian Federation,2,Female,2015,19.65826566370851
62,Russian Federation,3,Both,2015,14.50687890483953
67,Japan,1,Male,2015,35.442854974372715
67,Japan,2,Female,2015,45.93397507779856
67,Japan,3,Both,2015,40.899206766900846
71,Australia,1,Male,2015,33.6280333856534
71,Australia,2,Female,2015,46.96553672610138
71,Australia,3,Both,2015,40.48191666182101
75,Austria,1,Male,2015,15.50697698197363
75,Austria,2,Female,2015,28.89130303766723
75,Austria,3,Both,2015,22.44401479768515
79,Finland,1,Male,2015,18.08478042653393
79,Finland,2,Female,2015,32.1867867723539
79,Finland,3,Both,2015,25.34973277134847
83,Iceland,1,Male,2015,20.60887481653095
83,Iceland,2,Female,2015,31.678095503732628
83,Iceland,3,Both,2015,26.17562123170558
