location_id,location_name,year_id,sex_id,sex_name,value
6,China,1990,1,Male,610186912.3385745
6,China,1991,1,Male,618523017.0684185
6,China,1992,1,Male,626380072.9052916
6,China,1993,1,Male,633693699.3323088
6,China,1994,1,Male,640445413.1098653
6,China,1995,1,Male,646623594.6266414
6,China,1996,1,Male,652249803.0059404
6,China,1997,1,Male,657401490.8464651
6,China,1998,1,Male,662123512.3902248
6,China,1999,1,Male,666433652.4529628
6,China,2000,1,Male,670340294.1341649
6,China,2001,1,Male,673897412.9858503
6,China,2002,1,Male,677161055.351558
6,China,2003,1,Male,680172205.4244535
6,China,2004,1,Male,682949123.9667016
6,China,2005,1,Male,685559635.0888747
6,China,2006,1,Male,688165775.3176528
6,China,2007,1,Male,690822897.7148681
6,China,2008,1,Male,693429785.9302087
6,China,2009,1,Male,695953830.6295851
6,China,2010,1,Male,698325351.6226895
6,China,2011,1,Male,700650015.5870442
6,China,2012,1,Male,703284536.205303
6,China,2013,1,Male,706098901.6218182
6,China,2014,1,Male,708762449.582683
6,China,2015,1,Male,711833975.7831721
6,China,2016,1,Male,715750742.8280287
6,China,2017,1,Male,719525642.9945956
6,China,2018,1,Male,722458645.2391816
6,China,2019,1,Male,724821598.3523247
6,China,1990,2,Female,573495069.0266353
6,China,1991,2,Female,580006567.9683604
6,China,1992,2,Female,586183028.4364082
6,China,1993,2,Female,592092338.8014371
6,China,1994,2,Female,597805656.4570582
6,China,1995,2,Female,603395397.7839043
6,China,1996,2,Female,608911346.8063259
6,China,1997,2,Female,614379287.1377673
6,China,1998,2,Female,619791209.2321186
6,China,1999,2,Female,625069926.206549
6,China,2000,2,Female,630115492.2482371
6,China,2001,2,Female,634865521.6597775
6,China,2002,2,Female,639276024.138584
6,China,2003,2,Female,643324999.0543574
6,China,2004,2,Female,647029588.5060047
6,China,2005,2,Female,650469574.8368534
6,China,2006,2,Female,653767198.8200415
6,China,2007,2,Female,656996939.7635686
6,China,2008,2,Female,660155521.8444993
6,China,2009,2,Female,663241518.5660672
6,China,2010,2,Female,666207124.872078
6,China,2011,2,Female,669144499.7001957
6,China,2012,2,Female,672375501.6183977
6,China,2013,2,Female,675801447.3650812
6,China,2014,2,Female,679093526.2837247
6,China,2015,2,Female,682736152.5798213
6,China,2016,2,Female,687099678.6075754
6,China,2017,2,Female,691286613.8548708
6,China,2018,2,Female,694674000.2914354
6,China,2019,2,Female,697528824.0058042
6,China,1990,3,Both,1183681981.3652098
6,China,1991,3,Both,1198529585.036779
6,China,1992,3,Both,1212563101.3416996
6,China,1993,3,Both,1225786038.133746
6,China,1994,3,Both,1238251069.5669236
6,China,1995,3,Both,1250018992.4105458
6,China,1996,3,Both,1261161149.8122663
6,China,1997,3,Both,1271780777.9842324
6,China,1998,3,Both,1281914721.6223433
6,China,1999,3,Both,1291503578.6595118
6,China,2000,3,Both,1300455786.382402
6,China,2001,3,Both,1308762934.645628
6,China,2002,3,Both,1316437079.490142
6,China,2003,3,Both,1323497204.4788108
6,China,2004,3,Both,1329978712.4727063
6,China,2005,3,Both,1336029209.925728
6,China,2006,3,Both,1341932974.1376944
6,China,2007,3,Both,1347819837.4784367
6,China,2008,3,Both,1353585307.774708
6,China,2009,3,Both,1359195349.1956522
6,China,2010,3,Both,1364532476.4947674
6,China,2011,3,Both,1369794515.2872398
6,China,2012,3,Both,1375660037.823701
6,China,2013,3,Both,1381900348.9868994
6,China,2014,3,Both,1387855975.8664076
6,China,2015,3,Both,1394570128.3629937
6,China,2016,3,Both,1402850421.4356043
6,China,2017,3,Both,1410812256.8494666
6,China,2018,3,Both,1417132645.530617
6,China,2019,3,Both,1422350422.358129
7,Democratic People's Republic of Korea,1990,1,Male,9959261.427716814
7,Democratic People's Republic of Korea,1991,1,Male,10131764.092202052
7,Democratic People's Republic of Korea,1992,1,Male,10309950.969125988
7,Democratic People's Republic of Korea,1993,1,Male,10492094.139435535
7,Democratic People's Republic of Korea,1994,1,Male,10676177.336346507
7,Democratic People's Republic of Korea,1995,1,Male,10835165.0805713
7,Democratic People's Republic of Korea,1996,1,Male,10971094.141154308
7,Democratic People's Republic of Korea,1997,1,Male,11106102.85854869
7,Democratic People's Republic of Korea,1998,1,Male,11233681.600461174
7,Democratic People's Republic of Korea,1999,1,Male,11353327.697055263
7,Democratic People's Republic of Korea,2000,1,Male,11464778.09750316
7,Democratic People's Republic of Korea,2001,1,Male,11567399.115095012
7,Democratic People's Republic of Korea,2002,1,Male,11662515.672904782
7,Democratic People's Republic of Korea,2003,1,Male,11769949.227670468
7,Democratic People's Republic of Korea,2004,1,Male,11890050.924444828
7,Democratic People's Republic of Korea,2005,1,Male,12004234.52660668
7,Democratic People's Republic of Korea,2006,1,Male,12111890.72777626
7,Democratic People's Republic of Korea,2007,1,Male,12212283.653841317
7,Democratic People's Republic of Korea,2008,1,Male,12305205.415118806
7,Democratic People's Republic of Korea,2009,1,Male,12390784.403097834
7,Democratic People's Republic of Korea,2010,1,Male,12469902.93936772
7,Democratic People's Republic of Korea,2011,1,Male,12544090.832685094
7,Democratic People's Republic of Korea,2012,1,Male,12614823.678508274
7,Democratic People's Republic of Korea,2013,1,Male,12683317.164447656
7,Democratic People's Republic of Korea,2014,1,Male,12750235.041844536
7,Democratic People's Republic of Korea,2015,1,Male,12815547.426124869
7,Democratic People's Republic of Korea,2016,1,Male,12878654.550777337
7,Democratic People's Republic of Korea,2017,1,Male,12938951.982622726
7,Democratic People's Republic of Korea,2018,1,Male,12996124.881950883
7,Democratic People's Republic of Korea,2019,1,Male,13051153.306527551
7,Democratic People's Republic of Korea,1990,2,Female,11095596.76039189
7,Democratic People's Republic of Korea,1991,2,Female,11284840.22083502
7,Democratic People's Republic of Korea,1992,2,Female,11474161.989991238
7,Democratic People's Republic of Korea,1993,2,Female,11660233.025138857
7,Democratic People's Republic of Korea,1994,2,Female,11838727.290812822
7,Democratic People's Republic of Korea,1995,2,Female,11982644.327491302
7,Democratic People's Republic of Korea,1996,2,Female,12095345.690681815
7,Democratic People's Republic of Korea,1997,2,Female,12200860.298788369
7,Democratic People's Republic of Korea,1998,2,Female,12293417.362208236
7,Democratic People's Republic of Korea,1999,2,Female,12373712.740251878
7,Democratic People's Republic of Korea,2000,2,Female,12442453.913137712
7,Democratic People's Republic of Korea,2001,2,Female,12499848.141912978
7,Democratic People's Republic of Korea,2002,2,Female,12547892.68194551
7,Democratic People's Republic of Korea,2003,2,Female,12607369.191491185
7,Democratic People's Republic of Korea,2004,2,Female,12678841.712891871
7,Democratic People's Republic of Korea,2005,2,Female,12743438.651908202
7,Democratic People's Republic of Korea,2006,2,Female,12800996.84282758
7,Democratic People's Republic of Korea,2007,2,Female,12851501.646993067
7,Democratic People's Republic of Korea,2008,2,Female,12895390.166391818
7,Democratic People's Republic of Korea,2009,2,Female,12933567.202606538
7,Democratic People's Republic of Korea,2010,2,Female,12966801.856149876
7,Democratic People's Republic of Korea,2011,2,Female,12996411.12384863
7,Democratic People's Republic of Korea,2012,2,Female,13023660.965539666
7,Democratic People's Republic of Korea,2013,2,Female,13049644.965235751
7,Democratic People's Republic of Korea,2014,2,Female,13074932.42246298
7,Democratic People's Republic of Korea,2015,2,Female,13099558.526955338
7,Democratic People's Republic of Korea,2016,2,Female,13122947.547044463
7,Democratic People's Republic of Korea,2017,2,Female,13144531.403184611
7,Democratic People's Republic of Korea,2018,2,Female,13163848.511438107
7,Democratic People's Republic of Korea,2019,2,Female,13181707.635364098
7,Democratic People's Republic of Korea,1990,3,Both,21054858.1881087
7,Democratic People's Republic of Korea,1991,3,Both,21416604.31303707
7,Democratic People's Republic of Korea,1992,3,Both,21784112.959117223
7,Democratic People's Republic of Korea,1993,3,Both,22152327.16457439
7,Democratic People's Republic of Korea,1994,3,Both,22514904.62715933
7,Democratic People's Republic of Korea,1995,3,Both,22817809.4080626
7,Democratic People's Republic of Korea,1996,3,Both,23066439.831836123
7,Democratic People's Republic of Korea,1997,3,Both,23306963.15733706
7,Democratic People's Republic of Korea,1998,3,Both,23527098.96266941
7,Democratic People's Republic of Korea,1999,3,Both,23727040.43730714
7,Democratic People's Republic of Korea,2000,3,Both,23907232.010640875
7,Democratic People's Republic of Korea,2001,3,Both,24067247.25700799
7,Democratic People's Republic of Korea,2002,3,Both,24210408.35485029
7,Democratic People's Republic of Korea,2003,3,Both,24377318.41916165
7,Democratic People's Republic of Korea,2004,3,Both,24568892.637336697
7,Democratic People's Republic of Korea,2005,3,Both,24747673.17851488
7,Democratic People's Republic of Korea,2006,3,Both,24912887.570603844
7,Democratic People's Republic of Korea,2007,3,Both,25063785.30083438
7,Democratic People's Republic of Korea,2008,3,Both,25200595.581510626
7,Democratic People's Republic of Korea,2009,3,Both,25324351.60570437
7,Democratic People's Republic of Korea,2010,3,Both,25436704.7955176
7,Democratic People's Republic of Korea,2011,3,Both,25540501.956533726
7,Democratic People's Republic of Korea,2012,3,Both,25638484.644047946
7,Democratic People's Republic of Korea,2013,3,Both,25732962.12968341
7,Democratic People's Republic of Korea,2014,3,Both,25825167.46430752
7,Democratic People's Republic of Korea,2015,3,Both,25915105.953080203
7,Democratic People's Republic of Korea,2016,3,Both,26001602.0978218
7,Democratic People's Republic of Korea,2017,3,Both,26083483.38580734
7,Democratic People's Republic of Korea,2018,3,Both,26159973.393389
7,Democratic People's Republic of Korea,2019,3,Both,26232860.941891648
8,Taiwan (Province of China),1990,1,Male,10541381.378436835
8,Taiwan (Province of China),1991,1,Male,10639162.727886118
8,Taiwan (Province of China),1992,1,Male,10732712.928000564
8,Taiwan (Province of China),1993,1,Male,10825657.96510125
8,Taiwan (Province of China),1994,1,Male,10916935.137321152
8,Taiwan (Province of China),1995,1,Male,11005959.832878385
8,Taiwan (Province of China),1996,1,Male,11094816.65209826
8,Taiwan (Province of China),1997,1,Male,11178816.916998647
8,Taiwan (Province of China),1998,1,Male,11249896.462051226
8,Taiwan (Province of China),1999,1,Male,11320538.564112972
8,Taiwan (Province of China),2000,1,Male,11392446.227931691
8,Taiwan (Province of China),2001,1,Male,11448645.709625475
8,Taiwan (Province of China),2002,1,Male,11490992.691345742
8,Taiwan (Province of China),2003,1,Male,11525609.03048817
8,Taiwan (Province of China),2004,1,Male,11553768.407992609
8,Taiwan (Province of China),2005,1,Male,11576822.962420594
8,Taiwan (Province of China),2006,1,Male,11597882.610878645
8,Taiwan (Province of China),2007,1,Male,11618052.407703055
8,Taiwan (Province of China),2008,1,Male,11635059.226838509
8,Taiwan (Province of China),2009,1,Male,11645568.763590926
8,Taiwan (Province of China),2010,1,Male,11650606.937495047
8,Taiwan (Province of China),2011,1,Male,11663909.09982541
8,Taiwan (Province of China),2012,1,Male,11684815.205953624
8,Taiwan (Province of China),2013,1,Male,11700631.802805437
8,Taiwan (Province of China),2014,1,Male,11714017.15067074
8,Taiwan (Province of China),2015,1,Male,11726846.006279916
8,Taiwan (Province of China),2016,1,Male,11734188.646353884
8,Taiwan (Province of China),2017,1,Male,11733912.110311842
8,Taiwan (Province of China),2018,1,Male,11726652.317297526
8,Taiwan (Province of China),2019,1,Male,11713906.056724846
8,Taiwan (Province of China),1990,2,Female,9857716.427386684
8,Taiwan (Province of China),1991,2,Female,9964808.55909453
8,Taiwan (Province of China),1992,2,Female,10069025.954664376
8,Taiwan (Province of China),1993,2,Female,10174015.618573708
8,Taiwan (Province of China),1994,2,Female,10279282.770980386
8,Taiwan (Province of China),1995,2,Female,10384327.209193274
8,Taiwan (Province of China),1996,2,Female,10491373.479679529
8,Taiwan (Province of China),1997,2,Female,10596335.280719977
8,Taiwan (Province of China),1998,2,Female,10691476.927759305
8,Taiwan (Province of China),1999,2,Female,10787353.65984566
8,Taiwan (Province of China),2000,2,Female,10884844.901144326
8,Taiwan (Province of China),2001,2,Female,10968089.690290106
8,Taiwan (Province of China),2002,2,Female,11038909.47070027
8,Taiwan (Province of China),2003,2,Female,11103093.404070916
8,Taiwan (Province of China),2004,2,Female,11164271.275021188
8,Taiwan (Province of China),2005,2,Female,11226519.832137443
8,Taiwan (Province of China),2006,2,Female,11292032.12643518
8,Taiwan (Province of China),2007,2,Female,11358951.301199315
8,Taiwan (Province of China),2008,2,Female,11424040.576408569
8,Taiwan (Province of China),2009,2,Female,11483029.276677132
8,Taiwan (Province of China),2010,2,Female,11534180.015151868
8,Taiwan (Province of China),2011,2,Female,11591036.63160284
8,Taiwan (Province of China),2012,2,Female,11651695.912524335
8,Taiwan (Province of China),2013,2,Female,11702978.407761892
8,Taiwan (Province of China),2014,2,Female,11749210.386370346
8,Taiwan (Province of China),2015,2,Female,11793726.728627628
8,Taiwan (Province of China),2016,2,Female,11833127.707660114
8,Taiwan (Province of China),2017,2,Female,11865028.38275344
8,Taiwan (Province of China),2018,2,Female,11889028.654230095
8,Taiwan (Province of China),2019,2,Female,11906336.445812546
8,Taiwan (Province of China),1990,3,Both,20399097.80582352
8,Taiwan (Province of China),1991,3,Both,20603971.286980648
8,Taiwan (Province of China),1992,3,Both,20801738.88266494
8,Taiwan (Province of China),1993,3,Both,20999673.58367496
8,Taiwan (Province of China),1994,3,Both,21196217.90830154
8,Taiwan (Province of China),1995,3,Both,21390287.04207165
8,Taiwan (Province of China),1996,3,Both,21586190.131777786
8,Taiwan (Province of China),1997,3,Both,21775152.197718628
8,Taiwan (Province of China),1998,3,Both,21941373.38981053
8,Taiwan (Province of China),1999,3,Both,22107892.22395864
8,Taiwan (Province of China),2000,3,Both,22277291.12907602
8,Taiwan (Province of China),2001,3,Both,22416735.399915583
8,Taiwan (Province of China),2002,3,Both,22529902.16204601
8,Taiwan (Province of China),2003,3,Both,22628702.434559084
8,Taiwan (Province of China),2004,3,Both,22718039.6830138
8,Taiwan (Province of China),2005,3,Both,22803342.79455804
8,Taiwan (Province of China),2006,3,Both,22889914.737313826
8,Taiwan (Province of China),2007,3,Both,22977003.70890237
8,Taiwan (Province of China),2008,3,Both,23059099.80324708
8,Taiwan (Province of China),2009,3,Both,23128598.040268056
8,Taiwan (Province of China),2010,3,Both,23184786.952646915
8,Taiwan (Province of China),2011,3,Both,23254945.73142825
8,Taiwan (Province of China),2012,3,Both,23336511.11847796
8,Taiwan (Province of China),2013,3,Both,23403610.210567325
8,Taiwan (Province of China),2014,3,Both,23463227.537041087
8,Taiwan (Province of China),2015,3,Both,23520572.734907545
8,Taiwan (Province of China),2016,3,Both,23567316.354014
8,Taiwan (Province of China),2017,3,Both,23598940.493065283
8,Taiwan (Province of China),2018,3,Both,23615680.971527625
8,Taiwan (Province of China),2019,3,Both,23620242.502537392
10,Cambodia,1990,1,Male,4957592.285829529
10,Cambodia,1991,1,Male,5090520.840470469
10,Cambodia,1992,1,Male,5225152.787604925
10,Cambodia,1993,1,Male,5347891.155885664
10,Cambodia,1994,1,Male,5455382.2999610575
10,Cambodia,1995,1,Male,5558653.081035311
10,Cambodia,1996,1,Male,5661824.003673204
10,Cambodia,1997,1,Male,5770810.537788327
10,Cambodia,1998,1,Male,5884753.303421764
10,Cambodia,1999,1,Male,5996626.21434994
10,Cambodia,2000,1,Male,6100040.441896143
10,Cambodia,2001,1,Male,6196059.548685728
10,Cambodia,2002,1,Male,6292624.751839062
10,Cambodia,2003,1,Male,6390080.400105211
10,Cambodia,2004,1,Male,6485281.150245231
10,Cambodia,2005,1,Male,6579820.14401108
10,Cambodia,2006,1,Male,6676838.599301949
10,Cambodia,2007,1,Male,6776463.446014199
10,Cambodia,2008,1,Male,6878731.387284472
10,Cambodia,2009,1,Male,6983855.70204146
10,Cambodia,2010,1,Male,7091467.515601307
10,Cambodia,2011,1,Male,7201282.524625838
10,Cambodia,2012,1,Male,7313254.287555119
10,Cambodia,2013,1,Male,7427062.165650803
10,Cambodia,2014,1,Male,7542144.623087308
10,Cambodia,2015,1,Male,7657676.865691136
10,Cambodia,2016,1,Male,7781584.779052073
10,Cambodia,2017,1,Male,7913884.695749018
10,Cambodia,2018,1,Male,8037208.132314891
10,Cambodia,2019,1,Male,8151788.050327101
10,Cambodia,1990,2,Female,5417776.996456639
10,Cambodia,1991,2,Female,5544996.966263656
10,Cambodia,1992,2,Female,5673013.936317712
10,Cambodia,1993,2,Female,5790319.150242503
10,Cambodia,1994,2,Female,5894081.737540404
10,Cambodia,1995,2,Female,5993492.405679103
10,Cambodia,1996,2,Female,6091915.422755778
10,Cambodia,1997,2,Female,6194265.976242346
10,Cambodia,1998,2,Female,6299918.861413632
10,Cambodia,1999,2,Female,6403300.683761363
10,Cambodia,2000,2,Female,6499637.272809534
10,Cambodia,2001,2,Female,6590014.0937281735
10,Cambodia,2002,2,Female,6680942.71865988
10,Cambodia,2003,2,Female,6772855.458313153
10,Cambodia,2004,2,Female,6863384.203571823
10,Cambodia,2005,2,Female,6953926.524384068
10,Cambodia,2006,2,Female,7047027.032356271
10,Cambodia,2007,2,Female,7142832.417754855
10,Cambodia,2008,2,Female,7241419.931549181
10,Cambodia,2009,2,Female,7342885.814325463
10,Cambodia,2010,2,Female,7446797.726657046
10,Cambodia,2011,2,Female,7552664.061524868
10,Cambodia,2012,2,Female,7660240.096957395
10,Cambodia,2013,2,Female,7769220.499773725
10,Cambodia,2014,2,Female,7879089.375367637
10,Cambodia,2015,2,Female,7989145.82468388
10,Cambodia,2016,2,Female,8105350.573376193
10,Cambodia,2017,2,Female,8227650.216486966
10,Cambodia,2018,2,Female,8342868.118604439
10,Cambodia,2019,2,Female,8451329.650117775
10,Cambodia,1990,3,Both,10375369.282286167
10,Cambodia,1991,3,Both,10635517.806734124
10,Cambodia,1992,3,Both,10898166.723922636
10,Cambodia,1993,3,Both,11138210.306128168
10,Cambodia,1994,3,Both,11349464.037501462
10,Cambodia,1995,3,Both,11552145.486714415
10,Cambodia,1996,3,Both,11753739.42642898
10,Cambodia,1997,3,Both,11965076.514030673
10,Cambodia,1998,3,Both,12184672.164835395
10,Cambodia,1999,3,Both,12399926.898111302
10,Cambodia,2000,3,Both,12599677.714705678
10,Cambodia,2001,3,Both,12786073.6424139
10,Cambodia,2002,3,Both,12973567.470498942
10,Cambodia,2003,3,Both,13162935.858418364
10,Cambodia,2004,3,Both,13348665.353817051
10,Cambodia,2005,3,Both,13533746.66839515
10,Cambodia,2006,3,Both,13723865.63165822
10,Cambodia,2007,3,Both,13919295.863769054
10,Cambodia,2008,3,Both,14120151.318833653
10,Cambodia,2009,3,Both,14326741.516366923
10,Cambodia,2010,3,Both,14538265.242258351
10,Cambodia,2011,3,Both,14753946.586150706
10,Cambodia,2012,3,Both,14973494.384512514
10,Cambodia,2013,3,Both,15196282.665424528
10,Cambodia,2014,3,Both,15421233.998454943
10,Cambodia,2015,3,Both,15646822.690375015
10,Cambodia,2016,3,Both,15886935.352428265
10,Cambodia,2017,3,Both,16141534.912235985
10,Cambodia,2018,3,Both,16380076.250919327
10,Cambodia,2019,3,Both,16603117.700444875
11,Indonesia,1990,1,Male,92489549.80953282
11,Indonesia,1991,1,Male,93963742.80259185
11,Indonesia,1992,1,Male,95421261.38787794
11,Indonesia,1993,1,Male,96865702.37712803
11,Indonesia,1994,1,Male,98302099.83822796
11,Indonesia,1995,1,Male,99735402.28007267
11,Indonesia,1996,1,Male,101171448.44590312
11,Indonesia,1997,1,Male,102612051.3101598
11,Indonesia,1998,1,Male,104056132.07611936
11,Indonesia,1999,1,Male,105503838.17762657
11,Indonesia,2000,1,Male,106957928.00331166
11,Indonesia,2001,1,Male,108420127.76847996
11,Indonesia,2002,1,Male,109887558.61321598
11,Indonesia,2003,1,Male,111356377.52944487
11,Indonesia,2004,1,Male,112771041.47340249
11,Indonesia,2005,1,Male,114177078.6259256
11,Indonesia,2006,1,Male,115620716.63218904
11,Indonesia,2007,1,Male,117046451.72608273
11,Indonesia,2008,1,Male,118450801.285721
11,Indonesia,2009,1,Male,119825075.79692736
11,Indonesia,2010,1,Male,121162727.6958996
11,Indonesia,2011,1,Male,122458703.85740046
11,Indonesia,2012,1,Male,123707192.06007604
11,Indonesia,2013,1,Male,124903235.66950868
11,Indonesia,2014,1,Male,126043541.8123614
11,Indonesia,2015,1,Male,127126139.03669444
11,Indonesia,2016,1,Male,128150918.9635744
11,Indonesia,2017,1,Male,129117649.33323506
11,Indonesia,2018,1,Male,130027981.873333
11,Indonesia,2019,1,Male,130899294.05457155
11,Indonesia,1990,2,Female,92888024.15521976
11,Indonesia,1991,2,Female,94326076.51466078
11,Indonesia,1992,2,Female,95747542.08815338
11,Indonesia,1993,2,Female,97152214.02586482
11,Indonesia,1994,2,Female,98541107.14065371
11,Indonesia,1995,2,Female,99916834.83436155
11,Indonesia,1996,2,Female,101281967.69428782
11,Indonesia,1997,2,Female,102638593.3293397
11,Indonesia,1998,2,Female,103987214.4196233
11,Indonesia,1999,2,Female,105329267.36287986
11,Indonesia,2000,2,Female,106667879.40224116
11,Indonesia,2001,2,Female,108004441.50131153
11,Indonesia,2002,2,Female,109339126.29769288
11,Indonesia,2003,2,Female,110670496.28606308
11,Indonesia,2004,2,Female,111964550.37760028
11,Indonesia,2005,2,Female,113248687.02395536
11,Indonesia,2006,2,Female,114549297.0040679
11,Indonesia,2007,2,Female,115832855.5145174
11,Indonesia,2008,2,Female,117097215.8466052
11,Indonesia,2009,2,Female,118336257.04598324
11,Indonesia,2010,2,Female,119545796.3406164
11,Indonesia,2011,2,Female,120722355.88592412
11,Indonesia,2012,2,Female,121860374.81727308
11,Indonesia,2013,2,Female,122955131.82040632
11,Indonesia,2014,2,Female,124004320.91106027
11,Indonesia,2015,2,Female,125006473.558676
11,Indonesia,2016,2,Female,125961608.33845556
11,Indonesia,2017,2,Female,126869433.52174124
11,Indonesia,2018,2,Female,127732404.57386813
11,Indonesia,2019,2,Female,128566541.4384504
11,Indonesia,1990,3,Both,185377573.96475253
11,Indonesia,1991,3,Both,188289819.3172526
11,Indonesia,1992,3,Both,191168803.47603133
11,Indonesia,1993,3,Both,194017916.40299287
11,Indonesia,1994,3,Both,196843206.9788817
11,Indonesia,1995,3,Both,199652237.1144342
11,Indonesia,1996,3,Both,202453416.14019093
11,Indonesia,1997,3,Both,205250644.6394995
11,Indonesia,1998,3,Both,208043346.49574265
11,Indonesia,1999,3,Both,210833105.5405064
11,Indonesia,2000,3,Both,213625807.40555283
11,Indonesia,2001,3,Both,216424569.26979148
11,Indonesia,2002,3,Both,219226684.91090885
11,Indonesia,2003,3,Both,222026873.815508
11,Indonesia,2004,3,Both,224735591.85100275
11,Indonesia,2005,3,Both,227425765.6498809
11,Indonesia,2006,3,Both,230170013.63625693
11,Indonesia,2007,3,Both,232879307.2406001
11,Indonesia,2008,3,Both,235548017.13232625
11,Indonesia,2009,3,Both,238161332.8429106
11,Indonesia,2010,3,Both,240708524.036516
11,Indonesia,2011,3,Both,243181059.7433245
11,Indonesia,2012,3,Both,245567566.8773491
11,Indonesia,2013,3,Both,247858367.4899149
11,Indonesia,2014,3,Both,250047862.7234217
11,Indonesia,2015,3,Both,252132612.59537044
11,Indonesia,2016,3,Both,254112527.30203
11,Indonesia,2017,3,Both,255987082.8549763
11,Indonesia,2018,3,Both,257760386.4472012
11,Indonesia,2019,3,Both,259465835.493022
12,Lao People's Democratic Republic,1990,1,Male,2037920.3573287253
12,Lao People's Democratic Republic,1991,1,Male,2100843.078785413
12,Lao People's Democratic Republic,1992,1,Male,2165816.470627761
12,Lao People's Democratic Republic,1993,1,Male,2228263.553185166
12,Lao People's Democratic Republic,1994,1,Male,2288180.74896372
12,Lao People's Democratic Republic,1995,1,Male,2350126.69754534
12,Lao People's Democratic Republic,1996,1,Male,2413905.275371236
12,Lao People's Democratic Republic,1997,1,Male,2477506.807367308
12,Lao People's Democratic Republic,1998,1,Male,2541275.921177327
12,Lao People's Democratic Republic,1999,1,Male,2604330.531572889
12,Lao People's Democratic Republic,2000,1,Male,2665655.606825216
12,Lao People's Democratic Republic,2001,1,Male,2725277.040924571
12,Lao People's Democratic Republic,2002,1,Male,2782572.463804632
12,Lao People's Democratic Republic,2003,1,Male,2835881.818645071
12,Lao People's Democratic Republic,2004,1,Male,2886432.348583233
12,Lao People's Democratic Republic,2005,1,Male,2939251.2031437247
12,Lao People's Democratic Republic,2006,1,Male,2994272.707739936
12,Lao People's Democratic Republic,2007,1,Male,3045744.0940175755
12,Lao People's Democratic Republic,2008,1,Male,3093105.0702112266
12,Lao People's Democratic Republic,2009,1,Male,3138927.939207912
12,Lao People's Democratic Republic,2010,1,Male,3183754.091961834
12,Lao People's Democratic Republic,2011,1,Male,3228092.553232632
12,Lao People's Democratic Republic,2012,1,Male,3272506.6892001084
12,Lao People's Democratic Republic,2013,1,Male,3317238.1262309053
12,Lao People's Democratic Republic,2014,1,Male,3362452.6547544203
12,Lao People's Democratic Republic,2015,1,Male,3408318.170029411
12,Lao People's Democratic Republic,2016,1,Male,3454890.9832831686
12,Lao People's Democratic Republic,2017,1,Male,3501964.280675205
12,Lao People's Democratic Republic,2018,1,Male,3549405.433484671
12,Lao People's Democratic Republic,2019,1,Male,3597629.544545276
12,Lao People's Democratic Republic,1990,2,Female,2113709.939187889
12,Lao People's Democratic Republic,1991,2,Female,2171861.5595610416
12,Lao People's Democratic Republic,1992,2,Female,2231576.9466443383
12,Lao People's Democratic Republic,1993,2,Female,2289089.033460879
12,Lao People's Democratic Republic,1994,2,Female,2344417.5318526025
12,Lao People's Democratic Republic,1995,2,Female,2401389.655297932
12,Lao People's Democratic Republic,1996,2,Female,2459930.449472118
12,Lao People's Democratic Republic,1997,2,Female,2518382.913347604
12,Lao People's Democratic Republic,1998,2,Female,2577063.387122309
12,Lao People's Democratic Republic,1999,2,Female,2635206.471444851
12,Lao People's Democratic Republic,2000,2,Female,2691925.317833357
12,Lao People's Democratic Republic,2001,2,Female,2747186.390091371
12,Lao People's Democratic Republic,2002,2,Female,2800381.805711273
12,Lao People's Democratic Republic,2003,2,Female,2850162.3377411086
12,Lao People's Democratic Republic,2004,2,Female,2897470.097865387
12,Lao People's Democratic Republic,2005,2,Female,2946193.4514278816
12,Lao People's Democratic Republic,2006,2,Female,2996259.792510613
12,Lao People's Democratic Republic,2007,2,Female,3043334.049465538
12,Lao People's Democratic Republic,2008,2,Female,3087061.7617972
12,Lao People's Democratic Republic,2009,2,Female,3129526.990547322
12,Lao People's Democratic Republic,2010,2,Female,3171218.836478611
12,Lao People's Democratic Republic,2011,2,Female,3212582.2260622936
12,Lao People's Democratic Republic,2012,2,Female,3254117.293176867
12,Lao People's Democratic Republic,2013,2,Female,3296060.897367976
12,Lao People's Democratic Republic,2014,2,Female,3338539.6168943
12,Lao People's Democratic Republic,2015,2,Female,3381691.078351191
12,Lao People's Democratic Republic,2016,2,Female,3425565.4404709665
12,Lao People's Democratic Republic,2017,2,Female,3469984.2769774115
12,Lao People's Democratic Republic,2018,2,Female,3514875.3699467937
12,Lao People's Democratic Republic,2019,2,Female,3560620.1812947304
12,Lao People's Democratic Republic,1990,3,Both,4151630.296516615
12,Lao People's Democratic Republic,1991,3,Both,4272704.638346455
12,Lao People's Democratic Republic,1992,3,Both,4397393.417272099
12,Lao People's Democratic Republic,1993,3,Both,4517352.586646046
12,Lao People's Democratic Republic,1994,3,Both,4632598.280816322
12,Lao People's Democratic Republic,1995,3,Both,4751516.352843272
12,Lao People's Democratic Republic,1996,3,Both,4873835.724843354
12,Lao People's Democratic Republic,1997,3,Both,4995889.720714912
12,Lao People's Democratic Republic,1998,3,Both,5118339.3082996365
12,Lao People's Democratic Republic,1999,3,Both,5239537.003017739
12,Lao People's Democratic Republic,2000,3,Both,5357580.924658573
12,Lao People's Democratic Republic,2001,3,Both,5472463.431015941
12,Lao People's Democratic Republic,2002,3,Both,5582954.269515905
12,Lao People's Democratic Republic,2003,3,Both,5686044.156386179
12,Lao People's Democratic Republic,2004,3,Both,5783902.44644862
12,Lao People's Democratic Republic,2005,3,Both,5885444.654571606
12,Lao People's Democratic Republic,2006,3,Both,5990532.500250549
12,Lao People's Democratic Republic,2007,3,Both,6089078.1434831135
12,Lao People's Democratic Republic,2008,3,Both,6180166.832008426
12,Lao People's Democratic Republic,2009,3,Both,6268454.929755234
12,Lao People's Democratic Republic,2010,3,Both,6354972.928440445
12,Lao People's Democratic Republic,2011,3,Both,6440674.779294926
12,Lao People's Democratic Republic,2012,3,Both,6526623.982376975
12,Lao People's Democratic Republic,2013,3,Both,6613299.023598881
12,Lao People's Democratic Republic,2014,3,Both,6700992.27164872
12,Lao People's Democratic Republic,2015,3,Both,6790009.248380602
12,Lao People's Democratic Republic,2016,3,Both,6880456.423754135
12,Lao People's Democratic Republic,2017,3,Both,6971948.557652616
12,Lao People's Democratic Republic,2018,3,Both,7064280.803431465
12,Lao People's Democratic Republic,2019,3,Both,7158249.725840006
13,Malaysia,1990,1,Male,8913528.89272012
13,Malaysia,1991,1,Male,9199228.754662942
13,Malaysia,1992,1,Male,9504960.409946237
13,Malaysia,1993,1,Male,9827119.900760042
13,Malaysia,1994,1,Male,10157384.31348898
13,Malaysia,1995,1,Male,10492281.485305443
13,Malaysia,1996,1,Male,10831455.006234867
13,Malaysia,1997,1,Male,11169409.050154245
13,Malaysia,1998,1,Male,11500789.65639592
13,Malaysia,1999,1,Male,11825198.33474354
13,Malaysia,2000,1,Male,12139869.848265896
13,Malaysia,2001,1,Male,12434749.368665025
13,Malaysia,2002,1,Male,12708658.662556078
13,Malaysia,2003,1,Male,12965697.188566333
13,Malaysia,2004,1,Male,13208974.182596937
13,Malaysia,2005,1,Male,13441151.276000978
13,Malaysia,2006,1,Male,13663280.68837639
13,Malaysia,2007,1,Male,13878702.296517288
13,Malaysia,2008,1,Male,14090183.598159015
13,Malaysia,2009,1,Male,14294779.74649244
13,Malaysia,2010,1,Male,14491941.233653365
13,Malaysia,2011,1,Male,14691419.272412024
13,Malaysia,2012,1,Male,14890561.888179136
13,Malaysia,2013,1,Male,15082984.953490516
13,Malaysia,2014,1,Male,15273340.071507636
13,Malaysia,2015,1,Male,15457199.689524
13,Malaysia,2016,1,Male,15633551.948744273
13,Malaysia,2017,1,Male,15815243.470427956
13,Malaysia,2018,1,Male,16005133.46891241
13,Malaysia,2019,1,Male,16194916.145672454
13,Malaysia,1990,2,Female,8741529.206100995
13,Malaysia,1991,2,Female,9005903.612643773
13,Malaysia,1992,2,Female,9287783.079499085
13,Malaysia,1993,2,Female,9583256.088327328
13,Malaysia,1994,2,Female,9884684.049200512
13,Malaysia,1995,2,Female,10190086.214744946
13,Malaysia,1996,2,Female,10500197.96753263
13,Malaysia,1997,2,Female,10808836.13496061
13,Malaysia,1998,2,Female,11108636.27543895
13,Malaysia,1999,2,Female,11399792.15972326
13,Malaysia,2000,2,Female,11680565.82592839
13,Malaysia,2001,2,Female,11940591.287900448
13,Malaysia,2002,2,Female,12178000.04219441
13,Malaysia,2003,2,Female,12397267.289964622
13,Malaysia,2004,2,Female,12602279.1748379
13,Malaysia,2005,2,Female,12794631.19286534
13,Malaysia,2006,2,Female,12975790.429716663
13,Malaysia,2007,2,Female,13150142.644648356
13,Malaysia,2008,2,Female,13321677.28154082
13,Malaysia,2009,2,Female,13488165.839885077
13,Malaysia,2010,2,Female,13648663.517975789
13,Malaysia,2011,2,Female,13812860.184392588
13,Malaysia,2012,2,Female,13978260.579563674
13,Malaysia,2013,2,Female,14138215.597687809
13,Malaysia,2014,2,Female,14298014.31651025
13,Malaysia,2015,2,Female,14454301.135255368
13,Malaysia,2016,2,Female,14606139.423256008
13,Malaysia,2017,2,Female,14765633.15913114
13,Malaysia,2018,2,Female,14934851.010705762
13,Malaysia,2019,2,Female,15106486.137431564
13,Malaysia,1990,3,Both,17655058.098821115
13,Malaysia,1991,3,Both,18205132.36730672
13,Malaysia,1992,3,Both,18792743.48944532
13,Malaysia,1993,3,Both,19410375.98908737
13,Malaysia,1994,3,Both,20042068.36268949
13,Malaysia,1995,3,Both,20682367.700050388
13,Malaysia,1996,3,Both,21331652.973767497
13,Malaysia,1997,3,Both,21978245.185114853
13,Malaysia,1998,3,Both,22609425.93183487
13,Malaysia,1999,3,Both,23224990.4944668
13,Malaysia,2000,3,Both,23820435.674194284
13,Malaysia,2001,3,Both,24375340.656565472
13,Malaysia,2002,3,Both,24886658.70475049
13,Malaysia,2003,3,Both,25362964.478530955
13,Malaysia,2004,3,Both,25811253.357434835
13,Malaysia,2005,3,Both,26235782.46886632
13,Malaysia,2006,3,Both,26639071.11809305
13,Malaysia,2007,3,Both,27028844.941165645
13,Malaysia,2008,3,Both,27411860.87969984
13,Malaysia,2009,3,Both,27782945.58637752
13,Malaysia,2010,3,Both,28140604.75162915
13,Malaysia,2011,3,Both,28504279.45680461
13,Malaysia,2012,3,Both,28868822.46774281
13,Malaysia,2013,3,Both,29221200.551178325
13,Malaysia,2014,3,Both,29571354.388017885
13,Malaysia,2015,3,Both,29911500.82477937
13,Malaysia,2016,3,Both,30239691.37200028
13,Malaysia,2017,3,Both,30580876.6295591
13,Malaysia,2018,3,Both,30939984.47961817
13,Malaysia,2019,3,Both,31301402.283104017
14,Maldives,1990,1,Male,113712.68650429106
14,Maldives,1991,1,Male,117110.24944366395
14,Maldives,1992,1,Male,120533.94953933316
14,Maldives,1993,1,Male,123938.93487306788
14,Maldives,1994,1,Male,127273.0742565138
14,Maldives,1995,1,Male,130484.66247447708
14,Maldives,1996,1,Male,133533.47025339765
14,Maldives,1997,1,Male,136379.8324163652
14,Maldives,1998,1,Male,139019.63183139134
14,Maldives,1999,1,Male,141472.24310556374
14,Maldives,2000,1,Male,143739.6838162553
14,Maldives,2001,1,Male,145807.2911741939
14,Maldives,2002,1,Male,147884.4796652718
14,Maldives,2003,1,Male,150199.4288388055
14,Maldives,2004,1,Male,152931.79816748036
14,Maldives,2005,1,Male,156350.65262882214
14,Maldives,2006,1,Male,160753.54645444138
14,Maldives,2007,1,Male,166391.78101389832
14,Maldives,2008,1,Male,173224.3300134029
14,Maldives,2009,1,Male,181215.0159418237
14,Maldives,2010,1,Male,190322.9147133675
14,Maldives,2011,1,Male,200484.8044135717
14,Maldives,2012,1,Male,211599.31732870848
14,Maldives,2013,1,Male,223507.3953546962
14,Maldives,2014,1,Male,235974.373393162
14,Maldives,2015,1,Male,248678.47664654223
14,Maldives,2016,1,Male,261529.6664509068
14,Maldives,2017,1,Male,274437.5591650388
14,Maldives,2018,1,Male,287320.8222660579
14,Maldives,2019,1,Male,300122.58005292044
14,Maldives,1990,2,Female,108208.66305248562
14,Maldives,1991,2,Female,111977.78456952334
14,Maldives,1992,2,Female,115740.64946456644
14,Maldives,1993,2,Female,119431.84498295264
14,Maldives,1994,2,Female,122983.2354063018
14,Maldives,1995,2,Female,126310.58915327035
14,Maldives,1996,2,Female,129321.23217747548
14,Maldives,1997,2,Female,132037.54759056904
14,Maldives,1998,2,Female,134540.13115248195
14,Maldives,1999,2,Female,136944.63248193322
14,Maldives,2000,2,Female,139337.58237599567
14,Maldives,2001,2,Female,141799.0625930716
14,Maldives,2002,2,Female,144363.66768395432
14,Maldives,2003,2,Female,147051.67207836118
14,Maldives,2004,2,Female,149829.40756776085
14,Maldives,2005,2,Female,152708.48078703196
14,Maldives,2006,2,Female,155693.81676246863
14,Maldives,2007,2,Female,158737.29567136514
14,Maldives,2008,2,Female,161849.9008646618
14,Maldives,2009,2,Female,165035.0385691889
14,Maldives,2010,2,Female,168289.53699826315
14,Maldives,2011,2,Female,171603.46558887436
14,Maldives,2012,2,Female,174963.03875085886
14,Maldives,2013,2,Female,178352.66035983287
14,Maldives,2014,2,Female,181756.6120573796
14,Maldives,2015,2,Female,185160.0039480779
14,Maldives,2016,2,Female,188534.8819720017
14,Maldives,2017,2,Female,191854.8538669995
14,Maldives,2018,2,Female,195104.5158992317
14,Maldives,2019,2,Female,198291.48880381195
14,Maldives,1990,3,Both,221921.3495567767
14,Maldives,1991,3,Both,229088.03401318728
14,Maldives,1992,3,Both,236274.59900389964
14,Maldives,1993,3,Both,243370.77985602056
14,Maldives,1994,3,Both,250256.3096628156
14,Maldives,1995,3,Both,256795.25162774744
14,Maldives,1996,3,Both,262854.7024308731
14,Maldives,1997,3,Both,268417.3800069342
14,Maldives,1998,3,Both,273559.76298387325
14,Maldives,1999,3,Both,278416.87558749696
14,Maldives,2000,3,Both,283077.266192251
14,Maldives,2001,3,Both,287606.3537672655
14,Maldives,2002,3,Both,292248.1473492261
14,Maldives,2003,3,Both,297251.1009171667
14,Maldives,2004,3,Both,302761.20573524124
14,Maldives,2005,3,Both,309059.13341585407
14,Maldives,2006,3,Both,316447.36321691005
14,Maldives,2007,3,Both,325129.0766852634
14,Maldives,2008,3,Both,335074.2308780647
14,Maldives,2009,3,Both,346250.05451101257
14,Maldives,2010,3,Both,358612.4517116306
14,Maldives,2011,3,Both,372088.270002446
14,Maldives,2012,3,Both,386562.35607956734
14,Maldives,2013,3,Both,401860.05571452907
14,Maldives,2014,3,Both,417730.9854505416
14,Maldives,2015,3,Both,433838.48059462017
14,Maldives,2016,3,Both,450064.54842290847
14,Maldives,2017,3,Both,466292.4130320383
14,Maldives,2018,3,Both,482425.3381652896
14,Maldives,2019,3,Both,498414.0688567324
15,Myanmar,1990,1,Male,20371520.40138049
15,Myanmar,1991,1,Male,20662382.031004008
15,Myanmar,1992,1,Male,20941851.227138788
15,Myanmar,1993,1,Male,21210162.43431978
15,Myanmar,1994,1,Male,21466904.955658525
15,Myanmar,1995,1,Male,21711059.59702741
15,Myanmar,1996,1,Male,21943538.87147885
15,Myanmar,1997,1,Male,22166639.003988247
15,Myanmar,1998,1,Male,22382729.37015276
15,Myanmar,1999,1,Male,22593301.164116863
15,Myanmar,2000,1,Male,22798766.51891697
15,Myanmar,2001,1,Male,22999513.52093432
15,Myanmar,2002,1,Male,23195911.48657139
15,Myanmar,2003,1,Male,23388868.97869173
15,Myanmar,2004,1,Male,23578139.217208687
15,Myanmar,2005,1,Male,23764008.5150622
15,Myanmar,2006,1,Male,23948039.18678582
15,Myanmar,2007,1,Male,24130911.78018502
15,Myanmar,2008,1,Male,24271952.483175464
15,Myanmar,2009,1,Male,24412601.067867443
15,Myanmar,2010,1,Male,24595547.31825037
15,Myanmar,2011,1,Male,24778911.8332073
15,Myanmar,2012,1,Male,24963083.13076298
15,Myanmar,2013,1,Male,25149569.030884672
15,Myanmar,2014,1,Male,25339140.3121267
15,Myanmar,2015,1,Male,25530978.79389844
15,Myanmar,2016,1,Male,25723675.125249
15,Myanmar,2017,1,Male,25913390.82390457
15,Myanmar,2018,1,Male,26103449.49357516
15,Myanmar,2019,1,Male,26299851.37915334
15,Myanmar,1990,2,Female,20732235.39799996
15,Myanmar,1991,2,Female,21054140.80582853
15,Myanmar,1992,2,Female,21368761.851843096
15,Myanmar,1993,2,Female,21675751.01648567
15,Myanmar,1994,2,Female,21974431.705461863
15,Myanmar,1995,2,Female,22264073.986927908
15,Myanmar,1996,2,Female,22544744.50305376
15,Myanmar,1997,2,Female,22818005.781662025
15,Myanmar,1998,2,Female,23086017.84721308
15,Myanmar,1999,2,Female,23349749.54627128
15,Myanmar,2000,2,Female,23609338.45362244
15,Myanmar,2001,2,Female,23865229.04785676
15,Myanmar,2002,2,Female,24118027.341260176
15,Myanmar,2003,2,Female,24367920.919577744
15,Myanmar,2004,2,Female,24615881.23725567
15,Myanmar,2005,2,Female,24863765.851244044
15,Myanmar,2006,2,Female,25112294.80454946
15,Myanmar,2007,2,Female,25362120.26346336
15,Myanmar,2008,2,Female,25586729.00039413
15,Myanmar,2009,2,Female,25813398.625701584
15,Myanmar,2010,2,Female,26070392.11927415
15,Myanmar,2011,2,Female,26329543.64295273
15,Myanmar,2012,2,Female,26590055.85531085
15,Myanmar,2013,2,Female,26850795.4613908
15,Myanmar,2014,2,Female,27110886.30764696
15,Myanmar,2015,2,Female,27369284.566926137
15,Myanmar,2016,2,Female,27625020.415727377
15,Myanmar,2017,2,Female,27876826.41783458
15,Myanmar,2018,2,Female,28126165.07398394
15,Myanmar,2019,2,Female,28377049.522703864
15,Myanmar,1990,3,Both,41103755.79938045
15,Myanmar,1991,3,Both,41716522.83683255
15,Myanmar,1992,3,Both,42310613.07898189
15,Myanmar,1993,3,Both,42885913.45080545
15,Myanmar,1994,3,Both,43441336.66112039
15,Myanmar,1995,3,Both,43975133.58395531
15,Myanmar,1996,3,Both,44488283.37453262
15,Myanmar,1997,3,Both,44984644.78565028
15,Myanmar,1998,3,Both,45468747.21736584
15,Myanmar,1999,3,Both,45943050.71038815
15,Myanmar,2000,3,Both,46408104.97253941
15,Myanmar,2001,3,Both,46864742.56879108
15,Myanmar,2002,3,Both,47313938.82783157
15,Myanmar,2003,3,Both,47756789.89826948
15,Myanmar,2004,3,Both,48194020.45446436
15,Myanmar,2005,3,Both,48627774.36630624
15,Myanmar,2006,3,Both,49060333.99133528
15,Myanmar,2007,3,Both,49493032.04364838
15,Myanmar,2008,3,Both,49858681.48356959
15,Myanmar,2009,3,Both,50225999.69356903
15,Myanmar,2010,3,Both,50665939.43752452
15,Myanmar,2011,3,Both,51108455.47616004
15,Myanmar,2012,3,Both,51553138.98607383
15,Myanmar,2013,3,Both,52000364.49227546
15,Myanmar,2014,3,Both,52450026.61977365
15,Myanmar,2015,3,Both,52900263.36082457
15,Myanmar,2016,3,Both,53348695.54097638
15,Myanmar,2017,3,Both,53790217.241739154
15,Myanmar,2018,3,Both,54229614.5675591
15,Myanmar,2019,3,Both,54676900.901857205
16,Philippines,1990,1,Male,31865763.397777136
16,Philippines,1991,1,Male,32651348.68837199
16,Philippines,1992,1,Male,33463270.790068302
16,Philippines,1993,1,Male,34295471.859422475
16,Philippines,1994,1,Male,35140555.053889535
16,Philippines,1995,1,Male,35993672.433208875
16,Philippines,1996,1,Male,36848508.03453707
16,Philippines,1997,1,Male,37707041.93118349
16,Philippines,1998,1,Male,38571402.10005261
16,Philippines,1999,1,Male,39444984.05101595
16,Philippines,2000,1,Male,40328818.5622466
16,Philippines,2001,1,Male,41221947.29166702
16,Philippines,2002,1,Male,42119731.30119605
16,Philippines,2003,1,Male,43016581.39211431
16,Philippines,2004,1,Male,43907041.83456417
16,Philippines,2005,1,Male,44784529.74714175
16,Philippines,2006,1,Male,45643541.79042296
16,Philippines,2007,1,Male,46483144.91234751
16,Philippines,2008,1,Male,47300573.03837943
16,Philippines,2009,1,Male,48109042.80406749
16,Philippines,2010,1,Male,48926980.6011404
16,Philippines,2011,1,Male,49769525.41096504
16,Philippines,2012,1,Male,50631168.57507615
16,Philippines,2013,1,Male,51505771.31939712
16,Philippines,2014,1,Male,52391430.95861808
16,Philippines,2015,1,Male,53283685.39380737
16,Philippines,2016,1,Male,54174587.75291305
16,Philippines,2017,1,Male,55065175.718527
16,Philippines,2018,1,Male,55957782.71855795
16,Philippines,2019,1,Male,56858321.04686338
16,Philippines,1990,2,Female,31422900.968173247
16,Philippines,1991,2,Female,32166206.80426221
16,Philippines,1992,2,Female,32933929.459495965
16,Philippines,1993,2,Female,33721124.4390121
16,Philippines,1994,2,Female,34523543.065091655
16,Philippines,1995,2,Female,35337535.82057331
16,Philippines,1996,2,Female,36159141.24748762
16,Philippines,1997,2,Female,36989411.689495176
16,Philippines,1998,2,Female,37827150.77530588
16,Philippines,1999,2,Female,38670227.33801145
16,Philippines,2000,2,Female,39515480.54677884
16,Philippines,2001,2,Female,40358992.26180392
16,Philippines,2002,2,Female,41198008.916983694
16,Philippines,2003,2,Female,42032750.183861256
16,Philippines,2004,2,Female,42864220.84720224
16,Philippines,2005,2,Female,43689990.22481113
16,Philippines,2006,2,Female,44507329.529602125
16,Philippines,2007,2,Female,45316042.30990191
16,Philippines,2008,2,Female,46113792.25739787
16,Philippines,2009,2,Female,46907410.39416818
16,Philippines,2010,2,Female,47707009.84116909
16,Philippines,2011,2,Female,48521134.06010254
16,Philippines,2012,2,Female,49346663.12956712
16,Philippines,2013,2,Female,50178745.36294816
16,Philippines,2014,2,Female,51019381.18087885
16,Philippines,2015,2,Female,51868121.43197752
16,Philippines,2016,2,Female,52719138.52806565
16,Philippines,2017,2,Female,53571243.6735385
16,Philippines,2018,2,Female,54424441.68617708
16,Philippines,2019,2,Female,55284443.21949282
16,Philippines,1990,3,Both,63288664.36595038
16,Philippines,1991,3,Both,64817555.4926342
16,Philippines,1992,3,Both,66397200.24956427
16,Philippines,1993,3,Both,68016596.29843457
16,Philippines,1994,3,Both,69664098.1189812
16,Philippines,1995,3,Both,71331208.25378218
16,Philippines,1996,3,Both,73007649.28202468
16,Philippines,1997,3,Both,74696453.62067866
16,Philippines,1998,3,Both,76398552.87535849
16,Philippines,1999,3,Both,78115211.3890274
16,Philippines,2000,3,Both,79844299.10902543
16,Philippines,2001,3,Both,81580939.55347094
16,Philippines,2002,3,Both,83317740.21817975
16,Philippines,2003,3,Both,85049331.57597557
16,Philippines,2004,3,Both,86771262.68176642
16,Philippines,2005,3,Both,88474519.97195287
16,Philippines,2006,3,Both,90150871.32002509
16,Philippines,2007,3,Both,91799187.22224942
16,Philippines,2008,3,Both,93414365.29577728
16,Philippines,2009,3,Both,95016453.19823568
16,Philippines,2010,3,Both,96633990.4423095
16,Philippines,2011,3,Both,98290659.47106758
16,Philippines,2012,3,Both,99977831.70464326
16,Philippines,2013,3,Both,101684516.68234529
16,Philippines,2014,3,Both,103410812.13949692
16,Philippines,2015,3,Both,105151806.82578488
16,Philippines,2016,3,Both,106893726.2809787
16,Philippines,2017,3,Both,108636419.3920655
16,Philippines,2018,3,Both,110382224.40473504
16,Philippines,2019,3,Both,112142764.2663562
17,Sri Lanka,1990,1,Male,8657859.275636043
17,Sri Lanka,1991,1,Male,8724794.77318894
17,Sri Lanka,1992,1,Male,8792612.901476314
17,Sri Lanka,1993,1,Male,8862107.079559736
17,Sri Lanka,1994,1,Male,8931275.285067812
17,Sri Lanka,1995,1,Male,8993598.70562922
17,Sri Lanka,1996,1,Male,9049220.849751376
17,Sri Lanka,1997,1,Male,9101041.745385958
17,Sri Lanka,1998,1,Male,9151749.776236763
17,Sri Lanka,1999,1,Male,9204926.581858842
17,Sri Lanka,2000,1,Male,9260060.380766962
17,Sri Lanka,2001,1,Male,9319932.756470844
17,Sri Lanka,2002,1,Male,9387446.635824276
17,Sri Lanka,2003,1,Male,9459464.71579168
17,Sri Lanka,2004,1,Male,9523615.79989349
17,Sri Lanka,2005,1,Male,9589437.355800243
17,Sri Lanka,2006,1,Male,9665898.797223786
17,Sri Lanka,2007,1,Male,9742903.801830703
17,Sri Lanka,2008,1,Male,9817902.137905125
17,Sri Lanka,2009,1,Male,9891037.408256589
17,Sri Lanka,2010,1,Male,9965105.938153137
17,Sri Lanka,2011,1,Male,10040350.720030705
17,Sri Lanka,2012,1,Male,10115289.897867167
17,Sri Lanka,2013,1,Male,10188602.211646233
17,Sri Lanka,2014,1,Male,10259327.17825502
17,Sri Lanka,2015,1,Male,10326461.272747206
17,Sri Lanka,2016,1,Male,10390263.068471232
17,Sri Lanka,2017,1,Male,10449989.880008766
17,Sri Lanka,2018,1,Male,10507023.331642265
17,Sri Lanka,2019,1,Male,10562092.248844467
17,Sri Lanka,1990,2,Female,8563695.08339976
17,Sri Lanka,1991,2,Female,8665816.793674687
17,Sri Lanka,1992,2,Female,8767889.206085373
17,Sri Lanka,1993,2,Female,8869898.598321546
17,Sri Lanka,1994,2,Female,8970697.832879446
17,Sri Lanka,1995,2,Female,9067942.47722247
17,Sri Lanka,1996,2,Female,9161316.923006214
17,Sri Lanka,1997,2,Female,9251682.871187052
17,Sri Lanka,1998,2,Female,9341137.27135139
17,Sri Lanka,1999,2,Female,9431882.442155108
17,Sri Lanka,2000,2,Female,9524402.190321326
17,Sri Lanka,2001,2,Female,9620816.97064934
17,Sri Lanka,2002,2,Female,9721954.407301271
17,Sri Lanka,2003,2,Female,9825575.468456808
17,Sri Lanka,2004,2,Female,9923486.70111628
17,Sri Lanka,2005,2,Female,10021454.173285274
17,Sri Lanka,2006,2,Female,10126227.628673468
17,Sri Lanka,2007,2,Female,10231615.360532932
17,Sri Lanka,2008,2,Female,10336253.37838815
17,Sri Lanka,2009,2,Female,10437610.236477802
17,Sri Lanka,2010,2,Female,10536566.73377391
17,Sri Lanka,2011,2,Female,10635195.014797326
17,Sri Lanka,2012,2,Female,10732483.901076034
17,Sri Lanka,2013,2,Female,10826174.470994309
17,Sri Lanka,2014,2,Female,10915070.17493822
17,Sri Lanka,2015,2,Female,10999311.795913586
17,Sri Lanka,2016,2,Female,11078929.42272772
17,Sri Lanka,2017,2,Female,11153767.601749731
17,Sri Lanka,2018,2,Female,11224630.409573687
17,Sri Lanka,2019,2,Female,11292359.601292398
17,Sri Lanka,1990,3,Both,17221554.359035805
17,Sri Lanka,1991,3,Both,17390611.566863626
17,Sri Lanka,1992,3,Both,17560502.107561685
17,Sri Lanka,1993,3,Both,17732005.67788128
17,Sri Lanka,1994,3,Both,17901973.117947258
17,Sri Lanka,1995,3,Both,18061541.18285169
17,Sri Lanka,1996,3,Both,18210537.77275759
17,Sri Lanka,1997,3,Both,18352724.61657301
17,Sri Lanka,1998,3,Both,18492887.04758815
17,Sri Lanka,1999,3,Both,18636809.024013948
17,Sri Lanka,2000,3,Both,18784462.571088288
17,Sri Lanka,2001,3,Both,18940749.727120183
17,Sri Lanka,2002,3,Both,19109401.04312555
17,Sri Lanka,2003,3,Both,19285040.18424849
17,Sri Lanka,2004,3,Both,19447102.50100977
17,Sri Lanka,2005,3,Both,19610891.52908552
17,Sri Lanka,2006,3,Both,19792126.42589725
17,Sri Lanka,2007,3,Both,19974519.16236364
17,Sri Lanka,2008,3,Both,20154155.516293272
17,Sri Lanka,2009,3,Both,20328647.64473439
17,Sri Lanka,2010,3,Both,20501672.67192705
17,Sri Lanka,2011,3,Both,20675545.73482803
17,Sri Lanka,2012,3,Both,20847773.7989432
17,Sri Lanka,2013,3,Both,21014776.68264054
17,Sri Lanka,2014,3,Both,21174397.35319324
17,Sri Lanka,2015,3,Both,21325773.068660792
17,Sri Lanka,2016,3,Both,21469192.49119896
17,Sri Lanka,2017,3,Both,21603757.481758498
17,Sri Lanka,2018,3,Both,21731653.74121595
17,Sri Lanka,2019,3,Both,21854451.850136865
18,Thailand,1990,1,Male,28203831.097508483
18,Thailand,1991,1,Male,28567981.150007937
18,Thailand,1992,1,Male,28911500.92364528
18,Thailand,1993,1,Male,29223023.522211235
18,Thailand,1994,1,Male,29508503.78343277
18,Thailand,1995,1,Male,29783610.53118827
18,Thailand,1996,1,Male,30043327.70395746
18,Thailand,1997,1,Male,30281662.03761295
18,Thailand,1998,1,Male,30503888.71347113
18,Thailand,1999,1,Male,30711530.62039188
18,Thailand,2000,1,Male,30916529.62887664
18,Thailand,2001,1,Male,31129605.331412107
18,Thailand,2002,1,Male,31342453.39023124
18,Thailand,2003,1,Male,31553136.95893625
18,Thailand,2004,1,Male,31762632.88701734
18,Thailand,2005,1,Male,31966904.10074368
18,Thailand,2006,1,Male,32669481.80539385
18,Thailand,2007,1,Male,33879700.36450443
18,Thailand,2008,1,Male,34173841.65854598
18,Thailand,2009,1,Male,33488593.603170976
18,Thailand,2010,1,Male,33236896.7361029
18,Thailand,2011,1,Male,33413868.80127669
18,Thailand,2012,1,Male,33592263.75452169
18,Thailand,2013,1,Male,33738218.02919593
18,Thailand,2014,1,Male,33854508.65304702
18,Thailand,2015,1,Male,33967856.25895331
18,Thailand,2016,1,Male,34061713.17148552
18,Thailand,2017,1,Male,34127150.85405044
18,Thailand,2018,1,Male,34176427.74501655
18,Thailand,2019,1,Male,34211393.636120856
18,Thailand,1990,2,Female,28672098.842391703
18,Thailand,1991,2,Female,29089867.599914875
18,Thailand,1992,2,Female,29484710.401695784
18,Thailand,1993,2,Female,29848049.92303126
18,Thailand,1994,2,Female,30184506.21621812
18,Thailand,1995,2,Female,30506080.93866444
18,Thailand,1996,2,Female,30807248.41718641
18,Thailand,1997,2,Female,31078117.47551411
18,Thailand,1998,2,Female,31325630.66950664
18,Thailand,1999,2,Female,31559190.366029907
18,Thailand,2000,2,Female,31788755.808567848
18,Thailand,2001,2,Female,32024411.238174107
18,Thailand,2002,2,Female,32261555.31987531
18,Thailand,2003,2,Female,32501648.86122537
18,Thailand,2004,2,Female,32745833.72056164
18,Thailand,2005,2,Female,32989051.63736397
18,Thailand,2006,2,Female,33610502.79184227
18,Thailand,2007,2,Female,34613176.68443946
18,Thailand,2008,2,Female,34933298.34046077
18,Thailand,2009,2,Female,34530248.84567092
18,Thailand,2010,2,Female,34438647.04724032
18,Thailand,2011,2,Female,34663200.75935158
18,Thailand,2012,2,Female,34886735.194091626
18,Thailand,2013,2,Female,35083469.1034843
18,Thailand,2014,2,Female,35255188.76480266
18,Thailand,2015,2,Female,35422585.25631083
18,Thailand,2016,2,Female,35573301.95773615
18,Thailand,2017,2,Female,35698992.85920855
18,Thailand,2018,2,Female,35807557.66691036
18,Thailand,2019,2,Female,35900192.60380859
18,Thailand,1990,3,Both,56875929.93990019
18,Thailand,1991,3,Both,57657848.74992281
18,Thailand,1992,3,Both,58396211.32534106
18,Thailand,1993,3,Both,59071073.445242494
18,Thailand,1994,3,Both,59693009.99965089
18,Thailand,1995,3,Both,60289691.4698527
18,Thailand,1996,3,Both,60850576.12114386
18,Thailand,1997,3,Both,61359779.51312706
18,Thailand,1998,3,Both,61829519.38297776
18,Thailand,1999,3,Both,62270720.986421786
18,Thailand,2000,3,Both,62705285.437444486
18,Thailand,2001,3,Both,63154016.56958622
18,Thailand,2002,3,Both,63604008.710106544
18,Thailand,2003,3,Both,64054785.820161626
18,Thailand,2004,3,Both,64508466.60757898
18,Thailand,2005,3,Both,64955955.73810765
18,Thailand,2006,3,Both,66279984.59723611
18,Thailand,2007,3,Both,68492877.04894388
18,Thailand,2008,3,Both,69107139.99900675
18,Thailand,2009,3,Both,68018842.4488419
18,Thailand,2010,3,Both,67675543.78334323
18,Thailand,2011,3,Both,68077069.56062828
18,Thailand,2012,3,Both,68478998.94861332
18,Thailand,2013,3,Both,68821687.13268022
18,Thailand,2014,3,Both,69109697.41784967
18,Thailand,2015,3,Both,69390441.51526414
18,Thailand,2016,3,Both,69635015.12922168
18,Thailand,2017,3,Both,69826143.71325898
18,Thailand,2018,3,Both,69983985.41192691
18,Thailand,2019,3,Both,70111586.23992945
19,Timor-Leste,1990,1,Male,403830.4553044257
19,Timor-Leste,1991,1,Male,413424.5617275946
19,Timor-Leste,1992,1,Male,421769.2210470284
19,Timor-Leste,1993,1,Male,429017.8680842941
19,Timor-Leste,1994,1,Male,435340.9829267839
19,Timor-Leste,1995,1,Male,440915.4886903707
19,Timor-Leste,1996,1,Male,446048.2721909748
19,Timor-Leste,1997,1,Male,450833.79094315344
19,Timor-Leste,1998,1,Male,455345.9081621136
19,Timor-Leste,1999,1,Male,459192.6402512702
19,Timor-Leste,2000,1,Male,463495.7912782639
19,Timor-Leste,2001,1,Male,469249.109050971
19,Timor-Leste,2002,1,Male,475742.78315311146
19,Timor-Leste,2003,1,Male,483169.8582346791
19,Timor-Leste,2004,1,Male,491770.0359011105
19,Timor-Leste,2005,1,Male,501824.23525893234
19,Timor-Leste,2006,1,Male,513004.9701776968
19,Timor-Leste,2007,1,Male,525090.1423398367
19,Timor-Leste,2008,1,Male,537840.68189939
19,Timor-Leste,2009,1,Male,550968.3254769748
19,Timor-Leste,2010,1,Male,564144.3033115235
19,Timor-Leste,2011,1,Male,576895.9418097129
19,Timor-Leste,2012,1,Male,589356.0652331148
19,Timor-Leste,2013,1,Male,601601.1883739365
19,Timor-Leste,2014,1,Male,613716.8856722903
19,Timor-Leste,2015,1,Male,625796.5019066144
19,Timor-Leste,2016,1,Male,637980.6414617581
19,Timor-Leste,2017,1,Male,650252.3583050779
19,Timor-Leste,2018,1,Male,662646.321610216
19,Timor-Leste,2019,1,Male,675315.1290413843
19,Timor-Leste,1990,2,Female,379132.1591016984
19,Timor-Leste,1991,2,Female,388069.2878404776
19,Timor-Leste,1992,2,Female,396219.6271170197
19,Timor-Leste,1993,2,Female,403690.1759783115
19,Timor-Leste,1994,2,Female,410589.1752398884
19,Timor-Leste,1995,2,Female,417017.7647137278
19,Timor-Leste,1996,2,Female,423158.6578814297
19,Timor-Leste,1997,2,Female,429090.9217950394
19,Timor-Leste,1998,2,Female,434887.1368523834
19,Timor-Leste,1999,2,Female,440401.6314098259
19,Timor-Leste,2000,2,Female,446167.7488239205
19,Timor-Leste,2001,2,Female,452684.4240609271
19,Timor-Leste,2002,2,Female,459673.39762879926
19,Timor-Leste,2003,2,Female,467249.4256821872
19,Timor-Leste,2004,2,Female,475564.3364616073
19,Timor-Leste,2005,2,Female,484826.2713706688
19,Timor-Leste,2006,2,Female,494883.49651635566
19,Timor-Leste,2007,2,Female,505691.6527549984
19,Timor-Leste,2008,2,Female,517164.7749368815
19,Timor-Leste,2009,2,Female,529198.2318478848
19,Timor-Leste,2010,2,Female,541682.0747529663
19,Timor-Leste,2011,2,Female,554285.5381930565
19,Timor-Leste,2012,2,Female,567058.0269603576
19,Timor-Leste,2013,2,Female,579985.4099250187
19,Timor-Leste,2014,2,Female,593034.1868416353
19,Timor-Leste,2015,2,Female,606160.9195121927
19,Timor-Leste,2016,2,Female,619365.9995712152
19,Timor-Leste,2017,2,Female,632613.1373215226
19,Timor-Leste,2018,2,Female,645941.4035225934
19,Timor-Leste,2019,2,Female,659508.2077635261
19,Timor-Leste,1990,3,Both,782962.6144061241
19,Timor-Leste,1991,3,Both,801493.8495680722
19,Timor-Leste,1992,3,Both,817988.8481640482
19,Timor-Leste,1993,3,Both,832708.0440626056
19,Timor-Leste,1994,3,Both,845930.1581666723
19,Timor-Leste,1995,3,Both,857933.2534040986
19,Timor-Leste,1996,3,Both,869206.9300724046
19,Timor-Leste,1997,3,Both,879924.7127381929
19,Timor-Leste,1998,3,Both,890233.045014497
19,Timor-Leste,1999,3,Both,899594.2716610961
19,Timor-Leste,2000,3,Both,909663.5401021844
19,Timor-Leste,2001,3,Both,921933.533111898
19,Timor-Leste,2002,3,Both,935416.1807819108
19,Timor-Leste,2003,3,Both,950419.2839168664
19,Timor-Leste,2004,3,Both,967334.3723627178
19,Timor-Leste,2005,3,Both,986650.5066296012
19,Timor-Leste,2006,3,Both,1007888.4666940524
19,Timor-Leste,2007,3,Both,1030781.7950948352
19,Timor-Leste,2008,3,Both,1055005.456836271
19,Timor-Leste,2009,3,Both,1080166.5573248595
19,Timor-Leste,2010,3,Both,1105826.37806449
19,Timor-Leste,2011,3,Both,1131181.4800027695
19,Timor-Leste,2012,3,Both,1156414.0921934722
19,Timor-Leste,2013,3,Both,1181586.598298955
19,Timor-Leste,2014,3,Both,1206751.0725139256
19,Timor-Leste,2015,3,Both,1231957.4214188072
19,Timor-Leste,2016,3,Both,1257346.6410329733
19,Timor-Leste,2017,3,Both,1282865.4956266005
19,Timor-Leste,2018,3,Both,1308587.7251328095
19,Timor-Leste,2019,3,Both,1334823.3368049106
20,Viet Nam,1990,1,Male,32946782.075924568
20,Viet Nam,1991,1,Male,33623906.1635504
20,Viet Nam,1992,1,Male,34306080.663140066
20,Viet Nam,1993,1,Male,34997486.57534951
20,Viet Nam,1994,1,Male,35692042.39361446
20,Viet Nam,1995,1,Male,36378613.06743484
20,Viet Nam,1996,1,Male,37055266.152170256
20,Viet Nam,1997,1,Male,37714003.35378044
20,Viet Nam,1998,1,Male,38345545.580669776
20,Viet Nam,1999,1,Male,38947127.72574918
20,Viet Nam,2000,1,Male,39509758.38744541
20,Viet Nam,2001,1,Male,40039886.32685177
20,Viet Nam,2002,1,Male,40551957.940331705
20,Viet Nam,2003,1,Male,41049717.370601736
20,Viet Nam,2004,1,Male,41530677.728610925
20,Viet Nam,2005,1,Male,42004553.723409005
20,Viet Nam,2006,1,Male,42481195.94748617
20,Viet Nam,2007,1,Male,42947334.39044695
20,Viet Nam,2008,1,Male,43399620.628573775
20,Viet Nam,2009,1,Male,43849463.088176064
20,Viet Nam,2010,1,Male,44297169.0781288
20,Viet Nam,2011,1,Male,44741883.76799117
20,Viet Nam,2012,1,Male,45181312.317099504
20,Viet Nam,2013,1,Male,45606008.8435348
20,Viet Nam,2014,1,Male,46010686.89342303
20,Viet Nam,2015,1,Male,46397536.26594824
20,Viet Nam,2016,1,Male,46769223.70848169
20,Viet Nam,2017,1,Male,47119858.033065215
20,Viet Nam,2018,1,Male,47444440.16626364
20,Viet Nam,2019,1,Male,47748200.96807475
20,Viet Nam,1990,2,Female,34995271.15712388
20,Viet Nam,1991,2,Female,35645180.01695547
20,Viet Nam,1992,2,Female,36284802.108390965
20,Viet Nam,1993,2,Female,36915043.968791984
20,Viet Nam,1994,2,Female,37532253.37590521
20,Viet Nam,1995,2,Female,38131273.78484993
20,Viet Nam,1996,2,Female,38714403.40095499
20,Viet Nam,1997,2,Female,39276266.137294985
20,Viet Nam,1998,2,Female,39810532.79774009
20,Viet Nam,1999,2,Female,40317644.78813884
20,Viet Nam,2000,2,Female,40792917.48277323
20,Viet Nam,2001,2,Female,41244783.81501149
20,Viet Nam,2002,2,Female,41687469.19839527
20,Viet Nam,2003,2,Female,42125778.269817
20,Viet Nam,2004,2,Female,42557990.33077685
20,Viet Nam,2005,2,Female,42991375.997088864
20,Viet Nam,2006,2,Female,43432271.349508055
20,Viet Nam,2007,2,Female,43870721.76898796
20,Viet Nam,2008,2,Female,44304225.20502979
20,Viet Nam,2009,2,Female,44738757.0433702
20,Viet Nam,2010,2,Female,45173046.198546335
20,Viet Nam,2011,2,Female,45606290.9875611
20,Viet Nam,2012,2,Female,46035858.03355065
20,Viet Nam,2013,2,Female,46454201.665907
20,Viet Nam,2014,2,Female,46857064.12236678
20,Viet Nam,2015,2,Female,47245255.72772467
20,Viet Nam,2016,2,Female,47619830.13227459
20,Viet Nam,2017,2,Female,47975791.384965606
20,Viet Nam,2018,2,Female,48309179.10794272
20,Viet Nam,2019,2,Female,48624727.27013414
20,Viet Nam,1990,3,Both,67942053.23304844
20,Viet Nam,1991,3,Both,69269086.18050587
20,Viet Nam,1992,3,Both,70590882.77153103
20,Viet Nam,1993,3,Both,71912530.5441415
20,Viet Nam,1994,3,Both,73224295.76951967
20,Viet Nam,1995,3,Both,74509886.85228476
20,Viet Nam,1996,3,Both,75769669.55312525
20,Viet Nam,1997,3,Both,76990269.49107543
20,Viet Nam,1998,3,Both,78156078.37840986
20,Viet Nam,1999,3,Both,79264772.51388802
20,Viet Nam,2000,3,Both,80302675.87021863
20,Viet Nam,2001,3,Both,81284670.14186326
20,Viet Nam,2002,3,Both,82239427.13872698
20,Viet Nam,2003,3,Both,83175495.64041874
20,Viet Nam,2004,3,Both,84088668.05938777
20,Viet Nam,2005,3,Both,84995929.72049786
20,Viet Nam,2006,3,Both,85913467.29699422
20,Viet Nam,2007,3,Both,86818056.15943491
20,Viet Nam,2008,3,Both,87703845.83360358
20,Viet Nam,2009,3,Both,88588220.13154627
20,Viet Nam,2010,3,Both,89470215.27667513
20,Viet Nam,2011,3,Both,90348174.75555228
20,Viet Nam,2012,3,Both,91217170.35065016
20,Viet Nam,2013,3,Both,92060210.5094418
20,Viet Nam,2014,3,Both,92867751.0157898
20,Viet Nam,2015,3,Both,93642791.9936729
20,Viet Nam,2016,3,Both,94389053.84075628
20,Viet Nam,2017,3,Both,95095649.41803084
20,Viet Nam,2018,3,Both,95753619.27420636
20,Viet Nam,2019,3,Both,96372928.23820888
22,Fiji,1990,1,Male,385437.0204761266
22,Fiji,1991,1,Male,388645.8017672938
22,Fiji,1992,1,Male,391628.347910578
22,Fiji,1993,1,Male,394463.49838862265
22,Fiji,1994,1,Male,397250.9669682913
22,Fiji,1995,1,Male,400091.46777233406
22,Fiji,1996,1,Male,403038.00355508673
22,Fiji,1997,1,Male,406155.1184749129
22,Fiji,1998,1,Male,409450.9768450082
22,Fiji,1999,1,Male,412783.46303243545
22,Fiji,2000,1,Male,416020.5991539551
22,Fiji,2001,1,Male,419254.8641348141
22,Fiji,2002,1,Male,422554.74331487727
22,Fiji,2003,1,Male,425857.4356997033
22,Fiji,2004,1,Male,429129.2320856168
22,Fiji,2005,1,Male,432332.82094988873
22,Fiji,2006,1,Male,435359.9680168649
22,Fiji,2007,1,Male,438191.9211989249
22,Fiji,2008,1,Male,440821.8554738869
22,Fiji,2009,1,Male,443363.4688842849
22,Fiji,2010,1,Male,445806.7837780442
22,Fiji,2011,1,Male,448071.34586706536
22,Fiji,2012,1,Male,450165.1480346088
22,Fiji,2013,1,Male,452123.13328600215
22,Fiji,2014,1,Male,453972.7857312914
22,Fiji,2015,1,Male,455712.9864606293
22,Fiji,2016,1,Male,457337.9698749593
22,Fiji,2017,1,Male,458882.83538511227
22,Fiji,2018,1,Male,460398.6476330141
22,Fiji,2019,1,Male,461894.94331517816
22,Fiji,1990,2,Female,373897.9609650075
22,Fiji,1991,2,Female,376776.8447323399
22,Fiji,1992,2,Female,379425.8715712037
22,Fiji,1993,2,Female,381908.70188982977
22,Fiji,1994,2,Female,384308.6460158077
22,Fiji,1995,2,Female,386704.0904603874
22,Fiji,1996,2,Female,389135.0458989702
22,Fiji,1997,2,Female,391660.1113856289
22,Fiji,1998,2,Female,394306.8624729646
22,Fiji,1999,2,Female,397044.2559340125
22,Fiji,2000,2,Female,399805.9796596267
22,Fiji,2001,2,Female,402668.2364301804
22,Fiji,2002,2,Female,405640.95052856696
22,Fiji,2003,2,Female,408631.8526650532
22,Fiji,2004,2,Female,411673.9175501489
22,Fiji,2005,2,Female,414784.5170176644
22,Fiji,2006,2,Female,417878.5023860232
22,Fiji,2007,2,Female,420875.6452477864
22,Fiji,2008,2,Female,423693.7106109412
22,Fiji,2009,2,Female,426375.21527785785
22,Fiji,2010,2,Female,428991.126466526
22,Fiji,2011,2,Female,431551.5421782744
22,Fiji,2012,2,Female,434047.21498407953
22,Fiji,2013,2,Female,436474.88366374257
22,Fiji,2014,2,Female,438820.1937590215
22,Fiji,2015,2,Female,441070.7889146605
22,Fiji,2016,2,Female,443226.23481320514
22,Fiji,2017,2,Female,445309.5694324866
22,Fiji,2018,2,Female,447349.6008702258
22,Fiji,2019,2,Female,449353.5138522239
22,Fiji,1990,3,Both,759334.9814411341
22,Fiji,1991,3,Both,765422.6464996338
22,Fiji,1992,3,Both,771054.2194817817
22,Fiji,1993,3,Both,776372.2002784525
22,Fiji,1994,3,Both,781559.612984099
22,Fiji,1995,3,Both,786795.5582327215
22,Fiji,1996,3,Both,792173.0494540569
22,Fiji,1997,3,Both,797815.2298605419
22,Fiji,1998,3,Both,803757.8393179728
22,Fiji,1999,3,Both,809827.718966448
22,Fiji,2000,3,Both,815826.5788135818
22,Fiji,2001,3,Both,821923.1005649946
22,Fiji,2002,3,Both,828195.6938434442
22,Fiji,2003,3,Both,834489.2883647565
22,Fiji,2004,3,Both,840803.1496357657
22,Fiji,2005,3,Both,847117.3379675531
22,Fiji,2006,3,Both,853238.470402888
22,Fiji,2007,3,Both,859067.5664467112
22,Fiji,2008,3,Both,864515.5660848281
22,Fiji,2009,3,Both,869738.6841621427
22,Fiji,2010,3,Both,874797.9102445702
22,Fiji,2011,3,Both,879622.8880453397
22,Fiji,2012,3,Both,884212.3630186884
22,Fiji,2013,3,Both,888598.0169497447
22,Fiji,2014,3,Both,892792.9794903129
22,Fiji,2015,3,Both,896783.7753752898
22,Fiji,2016,3,Both,900564.2046881644
22,Fiji,2017,3,Both,904192.4048175988
22,Fiji,2018,3,Both,907748.24850324
22,Fiji,2019,3,Both,911248.457167402
23,Kiribati,1990,1,Male,36721.92448060383
23,Kiribati,1991,1,Male,37363.61826765622
23,Kiribati,1992,1,Male,37929.74743256983
23,Kiribati,1993,1,Male,38452.53566168824
23,Kiribati,1994,1,Male,38966.82613401722
23,Kiribati,1995,1,Male,39504.223152191305
23,Kiribati,1996,1,Male,40093.35539365674
23,Kiribati,1997,1,Male,40734.4888236922
23,Kiribati,1998,1,Male,41426.438618462285
23,Kiribati,1999,1,Male,42165.76801938075
23,Kiribati,2000,1,Male,42948.10393901145
23,Kiribati,2001,1,Male,43771.70341955346
23,Kiribati,2002,1,Male,44635.77831637621
23,Kiribati,2003,1,Male,45541.27388863999
23,Kiribati,2004,1,Male,46485.740869002206
23,Kiribati,2005,1,Male,47460.658486092325
23,Kiribati,2006,1,Male,48450.82772150228
23,Kiribati,2007,1,Male,49434.060422933726
23,Kiribati,2008,1,Male,50389.50688658355
23,Kiribati,2009,1,Male,51296.74000677591
23,Kiribati,2010,1,Male,52135.86342020715
23,Kiribati,2011,1,Male,52887.645100713744
23,Kiribati,2012,1,Male,53576.105113444806
23,Kiribati,2013,1,Male,54225.72483024913
23,Kiribati,2014,1,Male,54859.62856300849
23,Kiribati,2015,1,Male,55497.95650746663
23,Kiribati,2016,1,Male,56157.79130270361
23,Kiribati,2017,1,Male,56833.46171733648
23,Kiribati,2018,1,Male,57489.31746252054
23,Kiribati,2019,1,Male,58159.26773476405
23,Kiribati,1990,2,Female,37342.48888867493
23,Kiribati,1991,2,Female,37996.70825095357
23,Kiribati,1992,2,Female,38575.67993950513
23,Kiribati,1993,2,Female,39119.93279668914
23,Kiribati,1994,2,Female,39671.542152481125
23,Kiribati,1995,2,Female,40268.8032638137
23,Kiribati,1996,2,Female,40947.70167564737
23,Kiribati,1997,2,Female,41693.26120114194
23,Kiribati,1998,2,Female,42488.47518794952
23,Kiribati,1999,2,Female,43315.47811449083
23,Kiribati,2000,2,Female,44154.35666928465
23,Kiribati,2001,2,Female,44986.3257011964
23,Kiribati,2002,2,Female,45823.88648096965
23,Kiribati,2003,2,Female,46682.53985181801
23,Kiribati,2004,2,Female,47574.57719302478
23,Kiribati,2005,2,Female,48506.39646906834
23,Kiribati,2006,2,Female,49477.40242325201
23,Kiribati,2007,2,Female,50465.53640461013
23,Kiribati,2008,2,Female,51450.86659123062
23,Kiribati,2009,2,Female,52413.73875585795
23,Kiribati,2010,2,Female,53335.085911656985
23,Kiribati,2011,2,Female,54195.03231275987
23,Kiribati,2012,2,Female,55008.1729191718
23,Kiribati,2013,2,Female,55790.82417374999
23,Kiribati,2014,2,Female,56557.97883809515
23,Kiribati,2015,2,Female,57323.23389035322
23,Kiribati,2016,2,Female,58099.86447698851
23,Kiribati,2017,2,Female,58885.13202818481
23,Kiribati,2018,2,Female,59669.41742305744
23,Kiribati,2019,2,Female,60461.67433758869
23,Kiribati,1990,3,Both,74064.41336927876
23,Kiribati,1991,3,Both,75360.32651860979
23,Kiribati,1992,3,Both,76505.42737207496
23,Kiribati,1993,3,Both,77572.46845837738
23,Kiribati,1994,3,Both,78638.36828649834
23,Kiribati,1995,3,Both,79773.026416005
23,Kiribati,1996,3,Both,81041.05706930411
23,Kiribati,1997,3,Both,82427.75002483414
23,Kiribati,1998,3,Both,83914.9138064118
23,Kiribati,1999,3,Both,85481.24613387158
23,Kiribati,2000,3,Both,87102.4606082961
23,Kiribati,2001,3,Both,88758.02912074985
23,Kiribati,2002,3,Both,90459.66479734585
23,Kiribati,2003,3,Both,92223.813740458
23,Kiribati,2004,3,Both,94060.31806202698
23,Kiribati,2005,3,Both,95967.05495516068
23,Kiribati,2006,3,Both,97928.23014475428
23,Kiribati,2007,3,Both,99899.59682754386
23,Kiribati,2008,3,Both,101840.37347781417
23,Kiribati,2009,3,Both,103710.47876263384
23,Kiribati,2010,3,Both,105470.94933186412
23,Kiribati,2011,3,Both,107082.67741347362
23,Kiribati,2012,3,Both,108584.2780326166
23,Kiribati,2013,3,Both,110016.54900399911
23,Kiribati,2014,3,Both,111417.60740110364
23,Kiribati,2015,3,Both,112821.19039781984
23,Kiribati,2016,3,Both,114257.65577969213
23,Kiribati,2017,3,Both,115718.59374552128
23,Kiribati,2018,3,Both,117158.734885578
23,Kiribati,2019,3,Both,118620.94207235274
24,Marshall Islands,1990,1,Male,23408.36529024654
24,Marshall Islands,1991,1,Male,23874.91244795272
24,Marshall Islands,1992,1,Male,24305.14329710216
24,Marshall Islands,1993,1,Male,24701.586488211065
24,Marshall Islands,1994,1,Male,25072.719807060057
24,Marshall Islands,1995,1,Male,25417.801460036488
24,Marshall Islands,1996,1,Male,25731.372253993133
24,Marshall Islands,1997,1,Male,26014.49892842451
24,Marshall Islands,1998,1,Male,26268.231230517835
24,Marshall Islands,1999,1,Male,26494.959504094582
24,Marshall Islands,2000,1,Male,26695.571262819893
24,Marshall Islands,2001,1,Male,26876.83776289711
24,Marshall Islands,2002,1,Male,27043.80643552372
24,Marshall Islands,2003,1,Male,27196.9790358522
24,Marshall Islands,2004,1,Male,27338.4594184019
24,Marshall Islands,2005,1,Male,27470.031872042448
24,Marshall Islands,2006,1,Male,27592.63009345865
24,Marshall Islands,2007,1,Male,27707.9399713666
24,Marshall Islands,2008,1,Male,27818.075077892587
24,Marshall Islands,2009,1,Male,27924.38607642352
24,Marshall Islands,2010,1,Male,28028.57760232952
24,Marshall Islands,2011,1,Male,28133.38435219336
24,Marshall Islands,2012,1,Male,28243.36367701845
24,Marshall Islands,2013,1,Male,28358.5019740645
24,Marshall Islands,2014,1,Male,28477.523811125026
24,Marshall Islands,2015,1,Male,28598.590994752547
24,Marshall Islands,2016,1,Male,28720.447172493576
24,Marshall Islands,2017,1,Male,28842.4848062591
24,Marshall Islands,2018,1,Male,28964.778705719145
24,Marshall Islands,2019,1,Male,29090.00296101139
24,Marshall Islands,1990,2,Female,22320.20886775232
24,Marshall Islands,1991,2,Female,22772.82392308804
24,Marshall Islands,1992,2,Female,23192.966187799924
24,Marshall Islands,1993,2,Female,23580.564705741133
24,Marshall Islands,1994,2,Female,23936.124553491405
24,Marshall Islands,1995,2,Female,24260.193356763324
24,Marshall Islands,1996,2,Female,24553.32229426429
24,Marshall Islands,1997,2,Female,24816.547876205725
24,Marshall Islands,1998,2,Female,25050.7445112665
24,Marshall Islands,1999,2,Female,25256.585132380063
24,Marshall Islands,2000,2,Female,25433.472286920525
24,Marshall Islands,2001,2,Female,25589.4220450456
24,Marshall Islands,2002,2,Female,25730.7901392944
24,Marshall Islands,2003,2,Female,25859.788506197696
24,Marshall Islands,2004,2,Female,25979.338373643222
24,Marshall Islands,2005,2,Female,26091.818933066068
24,Marshall Islands,2006,2,Female,26199.28248415449
24,Marshall Islands,2007,2,Female,26303.98829306113
24,Marshall Islands,2008,2,Female,26407.80739275813
24,Marshall Islands,2009,2,Female,26511.823814702537
24,Marshall Islands,2010,2,Female,26617.12571991316
24,Marshall Islands,2011,2,Female,26725.47492124212
24,Marshall Islands,2012,2,Female,26840.223112653
24,Marshall Islands,2013,2,Female,26961.261909414523
24,Marshall Islands,2014,2,Female,27087.280937226733
24,Marshall Islands,2015,2,Female,27216.57479034039
24,Marshall Islands,2016,2,Female,27347.928178841463
24,Marshall Islands,2017,2,Female,27480.599249940955
24,Marshall Islands,2018,2,Female,27614.58253072251
24,Marshall Islands,2019,2,Female,27752.245534458
24,Marshall Islands,1990,3,Both,45728.57415799885
24,Marshall Islands,1991,3,Both,46647.73637104076
24,Marshall Islands,1992,3,Both,47498.10948490208
24,Marshall Islands,1993,3,Both,48282.1511939522
24,Marshall Islands,1994,3,Both,49008.84436055146
24,Marshall Islands,1995,3,Both,49677.99481679981
24,Marshall Islands,1996,3,Both,50284.694548257416
24,Marshall Islands,1997,3,Both,50831.04680463024
24,Marshall Islands,1998,3,Both,51318.975741784336
24,Marshall Islands,1999,3,Both,51751.544636474646
24,Marshall Islands,2000,3,Both,52129.04354974042
24,Marshall Islands,2001,3,Both,52466.25980794271
24,Marshall Islands,2002,3,Both,52774.59657481812
24,Marshall Islands,2003,3,Both,53056.767542049885
24,Marshall Islands,2004,3,Both,53317.79779204512
24,Marshall Islands,2005,3,Both,53561.85080510852
24,Marshall Islands,2006,3,Both,53791.91257761315
24,Marshall Islands,2007,3,Both,54011.92826442773
24,Marshall Islands,2008,3,Both,54225.88247065072
24,Marshall Islands,2009,3,Both,54436.209891126055
24,Marshall Islands,2010,3,Both,54645.70332224268
24,Marshall Islands,2011,3,Both,54858.85927343548
24,Marshall Islands,2012,3,Both,55083.58678967145
24,Marshall Islands,2013,3,Both,55319.76388347902
24,Marshall Islands,2014,3,Both,55564.80474835175
24,Marshall Islands,2015,3,Both,55815.16578509294
24,Marshall Islands,2016,3,Both,56068.37535133504
24,Marshall Islands,2017,3,Both,56323.08405620005
24,Marshall Islands,2018,3,Both,56579.361236441655
24,Marshall Islands,2019,3,Both,56842.24849546939
25,Micronesia (Federated States of),1990,1,Male,53564.88691709933
25,Micronesia (Federated States of),1991,1,Male,54165.54079436929
25,Micronesia (Federated States of),1992,1,Male,54680.86820742059
25,Micronesia (Federated States of),1993,1,Male,55106.92496383101
25,Micronesia (Federated States of),1994,1,Male,55442.95062081529
25,Micronesia (Federated States of),1995,1,Male,55691.65146536582
25,Micronesia (Federated States of),1996,1,Male,55864.21018086925
25,Micronesia (Federated States of),1997,1,Male,55966.47153808282
25,Micronesia (Federated States of),1998,1,Male,56004.99456872515
25,Micronesia (Federated States of),1999,1,Male,55985.31471286833
25,Micronesia (Federated States of),2000,1,Male,55906.95197191315
25,Micronesia (Federated States of),2001,1,Male,55777.06599305864
25,Micronesia (Federated States of),2002,1,Male,55593.45145315137
25,Micronesia (Federated States of),2003,1,Male,55375.46456924031
25,Micronesia (Federated States of),2004,1,Male,55145.23147188997
25,Micronesia (Federated States of),2005,1,Male,54896.30958267775
25,Micronesia (Federated States of),2006,1,Male,54639.14456252828
25,Micronesia (Federated States of),2007,1,Male,54379.7996624311
25,Micronesia (Federated States of),2008,1,Male,54122.92645027103
25,Micronesia (Federated States of),2009,1,Male,53872.19526449827
25,Micronesia (Federated States of),2010,1,Male,53631.54084695676
25,Micronesia (Federated States of),2011,1,Male,53407.07377676806
25,Micronesia (Federated States of),2012,1,Male,53197.74896937983
25,Micronesia (Federated States of),2013,1,Male,53001.55657913423
25,Micronesia (Federated States of),2014,1,Male,52815.91416506793
25,Micronesia (Federated States of),2015,1,Male,52636.944439766936
25,Micronesia (Federated States of),2016,1,Male,52463.14237680959
25,Micronesia (Federated States of),2017,1,Male,52297.55997612891
25,Micronesia (Federated States of),2018,1,Male,52140.01286928432
25,Micronesia (Federated States of),2019,1,Male,51995.62554765193
25,Micronesia (Federated States of),1990,2,Female,50718.90268618603
25,Micronesia (Federated States of),1991,2,Female,51424.258750072426
25,Micronesia (Federated States of),1992,2,Female,52054.77568295483
25,Micronesia (Federated States of),1993,2,Female,52606.9684835988
25,Micronesia (Federated States of),1994,2,Female,53080.02568749724
25,Micronesia (Federated States of),1995,2,Female,53475.64092453078
25,Micronesia (Federated States of),1996,2,Female,53795.75383901473
25,Micronesia (Federated States of),1997,2,Female,54038.41053419037
25,Micronesia (Federated States of),1998,2,Female,54203.04083278373
25,Micronesia (Federated States of),1999,2,Female,54289.17365471825
25,Micronesia (Federated States of),2000,2,Female,54292.14804027735
25,Micronesia (Federated States of),2001,2,Female,54214.70366426924
25,Micronesia (Federated States of),2002,2,Female,54065.16762694781
25,Micronesia (Federated States of),2003,2,Female,53861.82294148992
25,Micronesia (Federated States of),2004,2,Female,53624.73108065039
25,Micronesia (Federated States of),2005,2,Female,53355.95072612429
25,Micronesia (Federated States of),2006,2,Female,53067.77288219555
25,Micronesia (Federated States of),2007,2,Female,52769.25989377682
25,Micronesia (Federated States of),2008,2,Female,52468.29855012126
25,Micronesia (Federated States of),2009,2,Female,52172.19256972648
25,Micronesia (Federated States of),2010,2,Female,51888.24721505945
25,Micronesia (Federated States of),2011,2,Female,51624.48777017691
25,Micronesia (Federated States of),2012,2,Female,51379.72852446497
25,Micronesia (Federated States of),2013,2,Female,51152.97399577174
25,Micronesia (Federated States of),2014,2,Female,50942.74068963859
25,Micronesia (Federated States of),2015,2,Female,50747.20913994996
25,Micronesia (Federated States of),2016,2,Female,50565.79140339045
25,Micronesia (Federated States of),2017,2,Female,50400.62422126086
25,Micronesia (Federated States of),2018,2,Female,50250.71480883727
25,Micronesia (Federated States of),2019,2,Female,50119.97715143348
25,Micronesia (Federated States of),1990,3,Both,104283.78960328536
25,Micronesia (Federated States of),1991,3,Both,105589.79954444172
25,Micronesia (Federated States of),1992,3,Both,106735.64389037542
25,Micronesia (Federated States of),1993,3,Both,107713.8934474298
25,Micronesia (Federated States of),1994,3,Both,108522.97630831251
25,Micronesia (Federated States of),1995,3,Both,109167.2923898966
25,Micronesia (Federated States of),1996,3,Both,109659.964019884
25,Micronesia (Federated States of),1997,3,Both,110004.8820722732
25,Micronesia (Federated States of),1998,3,Both,110208.03540150888
25,Micronesia (Federated States of),1999,3,Both,110274.48836758656
25,Micronesia (Federated States of),2000,3,Both,110199.10001219052
25,Micronesia (Federated States of),2001,3,Both,109991.76965732788
25,Micronesia (Federated States of),2002,3,Both,109658.61908009918
25,Micronesia (Federated States of),2003,3,Both,109237.28751073022
25,Micronesia (Federated States of),2004,3,Both,108769.96255254035
25,Micronesia (Federated States of),2005,3,Both,108252.26030880204
25,Micronesia (Federated States of),2006,3,Both,107706.91744472383
25,Micronesia (Federated States of),2007,3,Both,107149.05955620793
25,Micronesia (Federated States of),2008,3,Both,106591.22500039228
25,Micronesia (Federated States of),2009,3,Both,106044.38783422476
25,Micronesia (Federated States of),2010,3,Both,105519.7880620162
25,Micronesia (Federated States of),2011,3,Both,105031.56154694495
25,Micronesia (Federated States of),2012,3,Both,104577.4774938448
25,Micronesia (Federated States of),2013,3,Both,104154.53057490598
25,Micronesia (Federated States of),2014,3,Both,103758.65485470652
25,Micronesia (Federated States of),2015,3,Both,103384.15357971688
25,Micronesia (Federated States of),2016,3,Both,103028.93378020004
25,Micronesia (Federated States of),2017,3,Both,102698.18419738975
25,Micronesia (Federated States of),2018,3,Both,102390.7276781216
25,Micronesia (Federated States of),2019,3,Both,102115.60269908542
26,Papua New Guinea,1990,1,Male,2122751.4982594014
26,Papua New Guinea,1991,1,Male,2182305.983972308
26,Papua New Guinea,1992,1,Male,2245120.31279281
26,Papua New Guinea,1993,1,Male,2311487.9462580103
26,Papua New Guinea,1994,1,Male,2381463.778534793
26,Papua New Guinea,1995,1,Male,2455085.1148193576
26,Papua New Guinea,1996,1,Male,2532367.1534840297
26,Papua New Guinea,1997,1,Male,2613305.754385926
26,Papua New Guinea,1998,1,Male,2697047.832392858
26,Papua New Guinea,1999,1,Male,2784110.088924931
26,Papua New Guinea,2000,1,Male,2875153.7015576423
26,Papua New Guinea,2001,1,Male,2969234.284568223
26,Papua New Guinea,2002,1,Male,3065904.9279553574
26,Papua New Guinea,2003,1,Male,3164956.0112775126
26,Papua New Guinea,2004,1,Male,3266284.9576521846
26,Papua New Guinea,2005,1,Male,3369934.7015909725
26,Papua New Guinea,2006,1,Male,3476103.709146675
26,Papua New Guinea,2007,1,Male,3585018.7061448894
26,Papua New Guinea,2008,1,Male,3696891.167770117
26,Papua New Guinea,2009,1,Male,3811678.509127179
26,Papua New Guinea,2010,1,Male,3929285.673242684
26,Papua New Guinea,2011,1,Male,4049642.947991322
26,Papua New Guinea,2012,1,Male,4172439.173540419
26,Papua New Guinea,2013,1,Male,4297912.169189026
26,Papua New Guinea,2014,1,Male,4426359.751389255
26,Papua New Guinea,2015,1,Male,4557522.581807423
26,Papua New Guinea,2016,1,Male,4691121.510329393
26,Papua New Guinea,2017,1,Male,4826925.442193397
26,Papua New Guinea,2018,1,Male,4964799.933589318
26,Papua New Guinea,2019,1,Male,5105205.303103559
26,Papua New Guinea,1990,2,Female,1964746.7008024184
26,Papua New Guinea,1991,2,Female,2023306.651298144
26,Papua New Guinea,1992,2,Female,2084797.5449624413
26,Papua New Guinea,1993,2,Female,2149334.001777952
26,Papua New Guinea,1994,2,Female,2216888.5688948645
26,Papua New Guinea,1995,2,Female,2287417.314572188
26,Papua New Guinea,1996,2,Female,2360860.994543196
26,Papua New Guinea,1997,2,Female,2437120.6200520094
26,Papua New Guinea,1998,2,Female,2515599.745973863
26,Papua New Guinea,1999,2,Female,2596550.670196788
26,Papua New Guinea,2000,2,Female,2680291.5836364515
26,Papua New Guinea,2001,2,Female,2766236.066976968
26,Papua New Guinea,2002,2,Female,2854255.180582395
26,Papua New Guinea,2003,2,Female,2944379.9680269086
26,Papua New Guinea,2004,2,Female,3036732.7387250355
26,Papua New Guinea,2005,2,Female,3131526.318488058
26,Papua New Guinea,2006,2,Female,3229068.159358637
26,Papua New Guinea,2007,2,Female,3329644.849000992
26,Papua New Guinea,2008,2,Female,3433426.029640972
26,Papua New Guinea,2009,2,Female,3540317.516763194
26,Papua New Guinea,2010,2,Female,3650197.944385192
26,Papua New Guinea,2011,2,Female,3762993.127758596
26,Papua New Guinea,2012,2,Female,3878507.770288286
26,Papua New Guinea,2013,2,Female,3996837.855961992
26,Papua New Guinea,2014,2,Female,4118106.3566242615
26,Papua New Guinea,2015,2,Female,4242124.583678748
26,Papua New Guinea,2016,2,Female,4368577.427140004
26,Papua New Guinea,2017,2,Female,4497239.721018574
26,Papua New Guinea,2018,2,Female,4628042.376853986
26,Papua New Guinea,2019,2,Female,4761409.098700888
26,Papua New Guinea,1990,3,Both,4087498.19906182
26,Papua New Guinea,1991,3,Both,4205612.635270451
26,Papua New Guinea,1992,3,Both,4329917.857755252
26,Papua New Guinea,1993,3,Both,4460821.948035962
26,Papua New Guinea,1994,3,Both,4598352.347429657
26,Papua New Guinea,1995,3,Both,4742502.429391545
26,Papua New Guinea,1996,3,Both,4893228.148027226
26,Papua New Guinea,1997,3,Both,5050426.374437935
26,Papua New Guinea,1998,3,Both,5212647.578366721
26,Papua New Guinea,1999,3,Both,5380660.759121719
26,Papua New Guinea,2000,3,Both,5555445.285194094
26,Papua New Guinea,2001,3,Both,5735470.35154519
26,Papua New Guinea,2002,3,Both,5920160.108537752
26,Papua New Guinea,2003,3,Both,6109335.979304422
26,Papua New Guinea,2004,3,Both,6303017.69637722
26,Papua New Guinea,2005,3,Both,6501461.020079032
26,Papua New Guinea,2006,3,Both,6705171.868505312
26,Papua New Guinea,2007,3,Both,6914663.555145881
26,Papua New Guinea,2008,3,Both,7130317.197411089
26,Papua New Guinea,2009,3,Both,7351996.025890374
26,Papua New Guinea,2010,3,Both,7579483.617627876
26,Papua New Guinea,2011,3,Both,7812636.075749918
26,Papua New Guinea,2012,3,Both,8050946.943828705
26,Papua New Guinea,2013,3,Both,8294750.025151017
26,Papua New Guinea,2014,3,Both,8544466.108013516
26,Papua New Guinea,2015,3,Both,8799647.16548617
26,Papua New Guinea,2016,3,Both,9059698.937469397
26,Papua New Guinea,2017,3,Both,9324165.163211972
26,Papua New Guinea,2018,3,Both,9592842.310443304
26,Papua New Guinea,2019,3,Both,9866614.401804447
27,Samoa,1990,1,Male,85799.68765018896
27,Samoa,1991,1,Male,85968.66657040699
27,Samoa,1992,1,Male,86204.80920042406
27,Samoa,1993,1,Male,86513.05218156493
27,Samoa,1994,1,Male,86889.37398506778
27,Samoa,1995,1,Male,87329.48149938368
27,Samoa,1996,1,Male,87826.13104916691
27,Samoa,1997,1,Male,88368.7082921362
27,Samoa,1998,1,Male,88944.49418558224
27,Samoa,1999,1,Male,89535.87161469342
27,Samoa,2000,1,Male,90123.59841128146
27,Samoa,2001,1,Male,90689.42521619788
27,Samoa,2002,1,Male,91213.10640580996
27,Samoa,2003,1,Male,91707.81164624316
27,Samoa,2004,1,Male,92188.54300193967
27,Samoa,2005,1,Male,92668.82167336009
27,Samoa,2006,1,Male,93165.7861822454
27,Samoa,2007,1,Male,93697.33534956514
27,Samoa,2008,1,Male,94301.13125924414
27,Samoa,2009,1,Male,94964.28284577413
27,Samoa,2010,1,Male,95765.20615547682
27,Samoa,2011,1,Male,96780.09587418924
27,Samoa,2012,1,Male,97980.3645966082
27,Samoa,2013,1,Male,99333.73525495932
27,Samoa,2014,1,Male,100809.15176516696
27,Samoa,2015,1,Male,102365.12938900205
27,Samoa,2016,1,Male,103962.34031110404
27,Samoa,2017,1,Male,105558.5769143197
27,Samoa,2018,1,Male,107153.84530398842
27,Samoa,2019,1,Male,108752.46567005936
27,Samoa,1990,2,Female,77836.70800197253
27,Samoa,1991,2,Female,78202.69402572731
27,Samoa,1992,2,Female,78619.53363622898
27,Samoa,1993,2,Female,79079.31462935256
27,Samoa,1994,2,Female,79574.58173509876
27,Samoa,1995,2,Female,80101.04523920923
27,Samoa,1996,2,Female,80655.85171534751
27,Samoa,1997,2,Female,81236.7494165777
27,Samoa,1998,2,Female,81840.74009766252
27,Samoa,1999,2,Female,82460.2326386767
27,Samoa,2000,2,Female,83085.06361610926
27,Samoa,2001,2,Female,83704.94620650899
27,Samoa,2002,2,Female,84308.07425499747
27,Samoa,2003,2,Female,84896.78084901777
27,Samoa,2004,2,Female,85475.58237891615
27,Samoa,2005,2,Female,86049.56737808464
27,Samoa,2006,2,Female,86627.2532807968
27,Samoa,2007,2,Female,87216.4177346532
27,Samoa,2008,2,Female,87855.55144618287
27,Samoa,2009,2,Female,88555.13149349295
27,Samoa,2010,2,Female,89381.69599688517
27,Samoa,2011,2,Female,90400.62257248476
27,Samoa,2012,2,Female,91618.45262654142
27,Samoa,2013,2,Female,92999.80255834844
27,Samoa,2014,2,Female,94506.81548385344
27,Samoa,2015,2,Female,96096.34759899975
27,Samoa,2016,2,Female,97726.56452728368
27,Samoa,2017,2,Female,99353.22707006607
27,Samoa,2018,2,Female,100976.6832116325
27,Samoa,2019,2,Female,102601.39551659822
27,Samoa,1990,3,Both,163636.3956521615
27,Samoa,1991,3,Both,164171.3605961343
27,Samoa,1992,3,Both,164824.34283665303
27,Samoa,1993,3,Both,165592.3668109175
27,Samoa,1994,3,Both,166463.95572016653
27,Samoa,1995,3,Both,167430.52673859292
27,Samoa,1996,3,Both,168481.98276451445
27,Samoa,1997,3,Both,169605.45770871392
27,Samoa,1998,3,Both,170785.23428324476
27,Samoa,1999,3,Both,171996.1042533701
27,Samoa,2000,3,Both,173208.6620273907
27,Samoa,2001,3,Both,174394.37142270687
27,Samoa,2002,3,Both,175521.18066080744
27,Samoa,2003,3,Both,176604.5924952609
27,Samoa,2004,3,Both,177664.12538085584
27,Samoa,2005,3,Both,178718.3890514447
27,Samoa,2006,3,Both,179793.0394630422
27,Samoa,2007,3,Both,180913.7530842184
27,Samoa,2008,3,Both,182156.682705427
27,Samoa,2009,3,Both,183519.41433926707
27,Samoa,2010,3,Both,185146.902152362
27,Samoa,2011,3,Both,187180.718446674
27,Samoa,2012,3,Both,189598.8172231496
27,Samoa,2013,3,Both,192333.5378133077
27,Samoa,2014,3,Both,195315.9672490204
27,Samoa,2015,3,Both,198461.47698800176
27,Samoa,2016,3,Both,201688.9048383877
27,Samoa,2017,3,Both,204911.80398438577
27,Samoa,2018,3,Both,208130.5285156209
27,Samoa,2019,3,Both,211353.8611866576
28,Solomon Islands,1990,1,Male,176342.91727345384
28,Solomon Islands,1991,1,Male,182026.0647323111
28,Solomon Islands,1992,1,Male,187684.47328285585
28,Solomon Islands,1993,1,Male,193330.05522769148
28,Solomon Islands,1994,1,Male,198949.64258442688
28,Solomon Islands,1995,1,Male,204547.77750788984
28,Solomon Islands,1996,1,Male,210121.2343742026
28,Solomon Islands,1997,1,Male,215662.4539766865
28,Solomon Islands,1998,1,Male,221164.41813664723
28,Solomon Islands,1999,1,Male,226619.7709791542
28,Solomon Islands,2000,1,Male,232017.01838030337
28,Solomon Islands,2001,1,Male,237348.0851988008
28,Solomon Islands,2002,1,Male,242615.14560480733
28,Solomon Islands,2003,1,Male,247828.6583713014
28,Solomon Islands,2004,1,Male,253003.8353010808
28,Solomon Islands,2005,1,Male,258161.1501753085
28,Solomon Islands,2006,1,Male,263324.1814604964
28,Solomon Islands,2007,1,Male,268497.3180868456
28,Solomon Islands,2008,1,Male,273714.55617529823
28,Solomon Islands,2009,1,Male,278999.86353801464
28,Solomon Islands,2010,1,Male,284356.87064538343
28,Solomon Islands,2011,1,Male,289784.6478926153
28,Solomon Islands,2012,1,Male,295266.1335208228
28,Solomon Islands,2013,1,Male,300778.8193607593
28,Solomon Islands,2014,1,Male,306295.7419168517
28,Solomon Islands,2015,1,Male,311818.50294457143
28,Solomon Islands,2016,1,Male,317359.2917441531
28,Solomon Islands,2017,1,Male,322927.7944037052
28,Solomon Islands,2018,1,Male,328554.6379810684
28,Solomon Islands,2019,1,Male,334299.0420258366
28,Solomon Islands,1990,2,Female,164101.4245570448
28,Solomon Islands,1991,2,Female,169357.2720841686
28,Solomon Islands,1992,2,Female,174614.70573824178
28,Solomon Islands,1993,2,Female,179882.09247200255
28,Solomon Islands,1994,2,Female,185162.5717012513
28,Solomon Islands,1995,2,Female,190462.7588381442
28,Solomon Islands,1996,2,Female,195781.3549892725
28,Solomon Islands,1997,2,Female,201111.4715285484
28,Solomon Islands,1998,2,Female,206444.571333156
28,Solomon Islands,1999,2,Female,211770.483866256
28,Solomon Islands,2000,2,Female,217074.622487234
28,Solomon Islands,2001,2,Female,222356.100796014
28,Solomon Islands,2002,2,Female,227620.464926488
28,Solomon Islands,2003,2,Female,232877.24954906345
28,Solomon Islands,2004,2,Female,238136.8545176873
28,Solomon Islands,2005,2,Female,243411.3013360421
28,Solomon Islands,2006,2,Female,248713.11679355687
28,Solomon Islands,2007,2,Female,254043.045963506
28,Solomon Islands,2008,2,Female,259419.0677637704
28,Solomon Islands,2009,2,Female,264853.2959642967
28,Solomon Islands,2010,2,Female,270347.4723084904
28,Solomon Islands,2011,2,Female,275899.50208610704
28,Solomon Islands,2012,2,Female,281497.26512400777
28,Solomon Islands,2013,2,Female,287123.3091894671
28,Solomon Islands,2014,2,Female,292758.54362928745
28,Solomon Islands,2015,2,Female,298400.6613993623
28,Solomon Islands,2016,2,Female,304056.3900400927
28,Solomon Islands,2017,2,Female,309739.60840232205
28,Solomon Islands,2018,2,Female,315480.03394185123
28,Solomon Islands,2019,2,Female,321332.8946503453
28,Solomon Islands,1990,3,Both,340444.34183049866
28,Solomon Islands,1991,3,Both,351383.3368164797
28,Solomon Islands,1992,3,Both,362299.1790210976
28,Solomon Islands,1993,3,Both,373212.147699694
28,Solomon Islands,1994,3,Both,384112.21428567823
28,Solomon Islands,1995,3,Both,395010.536346034
28,Solomon Islands,1996,3,Both,405902.5893634752
28,Solomon Islands,1997,3,Both,416773.9255052349
28,Solomon Islands,1998,3,Both,427608.9894698032
28,Solomon Islands,1999,3,Both,438390.2548454101
28,Solomon Islands,2000,3,Both,449091.64086753735
28,Solomon Islands,2001,3,Both,459704.1859948148
28,Solomon Islands,2002,3,Both,470235.6105312953
28,Solomon Islands,2003,3,Both,480705.9079203648
28,Solomon Islands,2004,3,Both,491140.68981876806
28,Solomon Islands,2005,3,Both,501572.4515113506
28,Solomon Islands,2006,3,Both,512037.2982540532
28,Solomon Islands,2007,3,Both,522540.3640503516
28,Solomon Islands,2008,3,Both,533133.6239390686
28,Solomon Islands,2009,3,Both,543853.1595023113
28,Solomon Islands,2010,3,Both,554704.3429538739
28,Solomon Islands,2011,3,Both,565684.1499787224
28,Solomon Islands,2012,3,Both,576763.3986448306
28,Solomon Islands,2013,3,Both,587902.1285502265
28,Solomon Islands,2014,3,Both,599054.2855461392
28,Solomon Islands,2015,3,Both,610219.1643439337
28,Solomon Islands,2016,3,Both,621415.6817842458
28,Solomon Islands,2017,3,Both,632667.4028060272
28,Solomon Islands,2018,3,Both,644034.6719229197
28,Solomon Islands,2019,3,Both,655631.936676182
29,Tonga,1990,1,Male,48749.8241164853
29,Tonga,1991,1,Male,48899.2396295671
29,Tonga,1992,1,Male,49077.62675121047
29,Tonga,1993,1,Male,49282.07547652351
29,Tonga,1994,1,Male,49510.25225797439
29,Tonga,1995,1,Male,49765.389500355006
29,Tonga,1996,1,Male,50047.777973633136
29,Tonga,1997,1,Male,50353.53519250355
29,Tonga,1998,1,Male,50671.31600156852
29,Tonga,1999,1,Male,50990.19484021766
29,Tonga,2000,1,Male,51314.67254489295
29,Tonga,2001,1,Male,51653.10490385399
29,Tonga,2002,1,Male,51995.74241398546
29,Tonga,2003,1,Male,52327.27067106401
29,Tonga,2004,1,Male,52644.129100492486
29,Tonga,2005,1,Male,52950.449294735525
29,Tonga,2006,1,Male,53229.29877539008
29,Tonga,2007,1,Male,53452.991727951565
29,Tonga,2008,1,Male,53608.55337109626
29,Tonga,2009,1,Male,53651.00652990088
29,Tonga,2010,1,Male,53602.990588377856
29,Tonga,2011,1,Male,53486.8362226839
29,Tonga,2012,1,Male,53257.36397494887
29,Tonga,2013,1,Male,52946.214629026
29,Tonga,2014,1,Male,52584.10663177363
29,Tonga,2015,1,Male,52201.50095773847
29,Tonga,2016,1,Male,51827.56842626115
29,Tonga,2017,1,Male,51489.66548920673
29,Tonga,2018,1,Male,51186.507059338655
29,Tonga,2019,1,Male,50920.41257695425
29,Tonga,1990,2,Female,48039.38364466432
29,Tonga,1991,2,Female,48137.94609102788
29,Tonga,1992,2,Female,48250.7667772768
29,Tonga,1993,2,Female,48378.20052204136
29,Tonga,1994,2,Female,48519.37903474223
29,Tonga,1995,2,Female,48679.19783725223
29,Tonga,1996,2,Female,48861.68937213486
29,Tonga,1997,2,Female,49067.02434746519
29,Tonga,1998,2,Female,49290.79434592111
29,Tonga,1999,2,Female,49534.90052519223
29,Tonga,2000,2,Female,49802.99143458068
29,Tonga,2001,2,Female,50093.02730755453
29,Tonga,2002,2,Female,50400.89372958262
29,Tonga,2003,2,Female,50722.302923232186
29,Tonga,2004,2,Female,51050.8391880108
29,Tonga,2005,2,Female,51378.155216375744
29,Tonga,2006,2,Female,51695.454242673804
29,Tonga,2007,2,Female,51993.88522760527
29,Tonga,2008,2,Female,52254.77853008027
29,Tonga,2009,2,Female,52453.13240784407
29,Tonga,2010,2,Female,52581.09772989994
29,Tonga,2011,2,Female,52631.70524555281
29,Tonga,2012,2,Female,52582.30926124815
29,Tonga,2013,2,Female,52458.17251117698
29,Tonga,2014,2,Female,52284.08907767037
29,Tonga,2015,2,Female,52085.08198195167
29,Tonga,2016,2,Female,51885.78613563432
29,Tonga,2017,2,Female,51709.65675023344
29,Tonga,2018,2,Female,51556.57073729261
29,Tonga,2019,2,Female,51429.671783578415
29,Tonga,1990,3,Both,96789.20776114962
29,Tonga,1991,3,Both,97037.18572059498
29,Tonga,1992,3,Both,97328.39352848729
29,Tonga,1993,3,Both,97660.27599856487
29,Tonga,1994,3,Both,98029.6312927166
29,Tonga,1995,3,Both,98444.58733760724
29,Tonga,1996,3,Both,98909.467345768
29,Tonga,1997,3,Both,99420.55953996872
29,Tonga,1998,3,Both,99962.11034748964
29,Tonga,1999,3,Both,100525.0953654099
29,Tonga,2000,3,Both,101117.66397947364
29,Tonga,2001,3,Both,101746.13221140852
29,Tonga,2002,3,Both,102396.63614356807
29,Tonga,2003,3,Both,103049.5735942962
29,Tonga,2004,3,Both,103694.9682885033
29,Tonga,2005,3,Both,104328.60451111126
29,Tonga,2006,3,Both,104924.75301806389
29,Tonga,2007,3,Both,105446.87695555684
29,Tonga,2008,3,Both,105863.33190117654
29,Tonga,2009,3,Both,106104.13893774494
29,Tonga,2010,3,Both,106184.0883182778
29,Tonga,2011,3,Both,106118.54146823673
29,Tonga,2012,3,Both,105839.673236197
29,Tonga,2013,3,Both,105404.38714020298
29,Tonga,2014,3,Both,104868.195709444
29,Tonga,2015,3,Both,104286.58293969014
29,Tonga,2016,3,Both,103713.35456189548
29,Tonga,2017,3,Both,103199.32223944015
29,Tonga,2018,3,Both,102743.07779663126
29,Tonga,2019,3,Both,102350.08436053268
30,Vanuatu,1990,1,Male,77903.71972428268
30,Vanuatu,1991,1,Male,79652.55904366987
30,Vanuatu,1992,1,Male,81465.29833658873
30,Vanuatu,1993,1,Male,83342.85652864241
30,Vanuatu,1994,1,Male,85293.15880888613
30,Vanuatu,1995,1,Male,87323.2036469701
30,Vanuatu,1996,1,Male,89435.83616047433
30,Vanuatu,1997,1,Male,91602.52324165971
30,Vanuatu,1998,1,Male,93854.9570521428
30,Vanuatu,1999,1,Male,96209.85330514182
30,Vanuatu,2000,1,Male,98645.36936548977
30,Vanuatu,2001,1,Male,101161.1470415371
30,Vanuatu,2002,1,Male,103727.55279920311
30,Vanuatu,2003,1,Male,106331.0745198852
30,Vanuatu,2004,1,Male,108961.113421766
30,Vanuatu,2005,1,Male,111611.76077045558
30,Vanuatu,2006,1,Male,114285.97513169746
30,Vanuatu,2007,1,Male,116987.4423976325
30,Vanuatu,2008,1,Male,119709.86791684768
30,Vanuatu,2009,1,Male,122440.78139048693
30,Vanuatu,2010,1,Male,125166.71086482244
30,Vanuatu,2011,1,Male,127890.72873162996
30,Vanuatu,2012,1,Male,130611.87059979056
30,Vanuatu,2013,1,Male,133327.94533879633
30,Vanuatu,2014,1,Male,136029.3466830967
30,Vanuatu,2015,1,Male,138709.18093410673
30,Vanuatu,2016,1,Male,141370.41005051855
30,Vanuatu,2017,1,Male,144018.02228760725
30,Vanuatu,2018,1,Male,146656.29262621477
30,Vanuatu,2019,1,Male,149300.28731156272
30,Vanuatu,1990,2,Female,73479.13258494882
30,Vanuatu,1991,2,Female,75295.98402348635
30,Vanuatu,1992,2,Female,77135.46055660916
30,Vanuatu,1993,2,Female,79006.68717016431
30,Vanuatu,1994,2,Female,80923.04486138816
30,Vanuatu,1995,2,Female,82896.16186274464
30,Vanuatu,1996,2,Female,84934.40188528574
30,Vanuatu,1997,2,Female,87028.92003543008
30,Vanuatu,1998,2,Female,89207.54011242179
30,Vanuatu,1999,2,Female,91489.63290082886
30,Vanuatu,2000,2,Female,93872.2757986812
30,Vanuatu,2001,2,Female,96352.55288664233
30,Vanuatu,2002,2,Female,98910.65586912815
30,Vanuatu,2003,2,Female,101534.3741253283
30,Vanuatu,2004,2,Female,104209.43846439938
30,Vanuatu,2005,2,Female,106924.44542441472
30,Vanuatu,2006,2,Female,109674.737152883
30,Vanuatu,2007,2,Female,112454.47575094756
30,Vanuatu,2008,2,Female,115249.80079183406
30,Vanuatu,2009,2,Female,118042.61883341183
30,Vanuatu,2010,2,Female,120818.71596300331
30,Vanuatu,2011,2,Female,123580.31120334634
30,Vanuatu,2012,2,Female,126327.94554864374
30,Vanuatu,2013,2,Female,129063.66282036634
30,Vanuatu,2014,2,Female,131784.4938359472
30,Vanuatu,2015,2,Female,134487.2521550243
30,Vanuatu,2016,2,Female,137177.07753374113
30,Vanuatu,2017,2,Female,139863.24696757752
30,Vanuatu,2018,2,Female,142549.5016469222
30,Vanuatu,2019,2,Female,145250.17028819647
30,Vanuatu,1990,3,Both,151382.8523092315
30,Vanuatu,1991,3,Both,154948.54306715622
30,Vanuatu,1992,3,Both,158600.7588931979
30,Vanuatu,1993,3,Both,162349.54369880672
30,Vanuatu,1994,3,Both,166216.2036702743
30,Vanuatu,1995,3,Both,170219.36550971476
30,Vanuatu,1996,3,Both,174370.23804576008
30,Vanuatu,1997,3,Both,178631.4432770898
30,Vanuatu,1998,3,Both,183062.4971645646
30,Vanuatu,1999,3,Both,187699.48620597064
30,Vanuatu,2000,3,Both,192517.64516417097
30,Vanuatu,2001,3,Both,197513.6999281794
30,Vanuatu,2002,3,Both,202638.2086683313
30,Vanuatu,2003,3,Both,207865.4486452135
30,Vanuatu,2004,3,Both,213170.5518861654
30,Vanuatu,2005,3,Both,218536.20619487032
30,Vanuatu,2006,3,Both,223960.71228458048
30,Vanuatu,2007,3,Both,229441.9181485801
30,Vanuatu,2008,3,Both,234959.6687086817
30,Vanuatu,2009,3,Both,240483.4002238988
30,Vanuatu,2010,3,Both,245985.4268278257
30,Vanuatu,2011,3,Both,251471.0399349763
30,Vanuatu,2012,3,Both,256939.8161484343
30,Vanuatu,2013,3,Both,262391.6081591627
30,Vanuatu,2014,3,Both,267813.8405190439
30,Vanuatu,2015,3,Both,273196.433089131
30,Vanuatu,2016,3,Both,278547.4875842597
30,Vanuatu,2017,3,Both,283881.2692551848
30,Vanuatu,2018,3,Both,289205.794273137
30,Vanuatu,2019,3,Both,294550.4575997592
33,Armenia,1990,1,Male,1673501.1486171773
33,Armenia,1991,1,Male,1674394.1350575597
33,Armenia,1992,1,Male,1672138.589501578
33,Armenia,1993,1,Male,1666703.337701103
33,Armenia,1994,1,Male,1659065.1828756295
33,Armenia,1995,1,Male,1650233.070766057
33,Armenia,1996,1,Male,1640584.9048612888
33,Armenia,1997,1,Male,1630528.8796384267
33,Armenia,1998,1,Male,1620423.5702691528
33,Armenia,1999,1,Male,1610058.1658133648
33,Armenia,2000,1,Male,1599272.2514438424
33,Armenia,2001,1,Male,1587941.076290211
33,Armenia,2002,1,Male,1575669.261054183
33,Armenia,2003,1,Male,1563086.8141620944
33,Armenia,2004,1,Male,1550738.3962502822
33,Armenia,2005,1,Male,1538858.3755624848
33,Armenia,2006,1,Male,1527421.3488483524
33,Armenia,2007,1,Male,1516738.5230151736
33,Armenia,2008,1,Male,1507137.3386667124
33,Armenia,2009,1,Male,1498713.6489787116
33,Armenia,2010,1,Male,1491543.8833409275
33,Armenia,2011,1,Male,1485494.3797324055
33,Armenia,2012,1,Male,1480483.834442068
33,Armenia,2013,1,Male,1476632.4521743157
33,Armenia,2014,1,Male,1473479.9409381158
33,Armenia,2015,1,Male,1470530.815458902
33,Armenia,2016,1,Male,1467543.9048789828
33,Armenia,2017,1,Male,1464450.3109905452
33,Armenia,2018,1,Male,1461135.96470594
33,Armenia,2019,1,Male,1457478.40723827
33,Armenia,1990,2,Female,1741068.6585967436
33,Armenia,1991,2,Female,1745997.859692317
33,Armenia,1992,2,Female,1748731.019612539
33,Armenia,1993,2,Female,1749204.6531937812
33,Armenia,1994,2,Female,1748383.2020170032
33,Armenia,1995,2,Female,1746438.9617204685
33,Armenia,1996,2,Female,1742968.5573437358
33,Armenia,1997,2,Female,1738371.8448967957
33,Armenia,1998,2,Female,1733002.6674081697
33,Armenia,1999,2,Female,1726939.1171888215
33,Armenia,2000,2,Female,1719998.2923293086
33,Armenia,2001,2,Female,1711810.649717492
33,Armenia,2002,2,Female,1701777.6679290675
33,Armenia,2003,2,Female,1690569.7555443903
33,Armenia,2004,2,Female,1678708.149177975
33,Armenia,2005,2,Female,1666769.371794179
33,Armenia,2006,2,Female,1654881.0412037838
33,Armenia,2007,2,Female,1643425.5786192294
33,Armenia,2008,2,Female,1632756.969314293
33,Armenia,2009,2,Female,1623112.079776702
33,Armenia,2010,2,Female,1614518.3958941775
33,Armenia,2011,2,Female,1606907.5697472375
33,Armenia,2012,2,Female,1600047.5817311604
33,Armenia,2013,2,Female,1594010.3745972489
33,Armenia,2014,2,Female,1588626.8999113892
33,Armenia,2015,2,Female,1583485.9004356824
33,Armenia,2016,2,Female,1578366.4278158683
33,Armenia,2017,2,Female,1573180.6479203338
33,Armenia,2018,2,Female,1567804.2853185993
33,Armenia,2019,2,Female,1562195.8969887877
33,Armenia,1990,3,Both,3414569.8072139206
33,Armenia,1991,3,Both,3420391.994749876
33,Armenia,1992,3,Both,3420869.609114117
33,Armenia,1993,3,Both,3415907.9908948843
33,Armenia,1994,3,Both,3407448.3848926327
33,Armenia,1995,3,Both,3396672.032486525
33,Armenia,1996,3,Both,3383553.4622050244
33,Armenia,1997,3,Both,3368900.724535222
33,Armenia,1998,3,Both,3353426.2376773222
33,Armenia,1999,3,Both,3336997.283002186
33,Armenia,2000,3,Both,3319270.543773151
33,Armenia,2001,3,Both,3299751.726007703
33,Armenia,2002,3,Both,3277446.92898325
33,Armenia,2003,3,Both,3253656.5697064847
33,Armenia,2004,3,Both,3229446.545428257
33,Armenia,2005,3,Both,3205627.747356664
33,Armenia,2006,3,Both,3182302.390052136
33,Armenia,2007,3,Both,3160164.1016344028
33,Armenia,2008,3,Both,3139894.3079810054
33,Armenia,2009,3,Both,3121825.7287554136
33,Armenia,2010,3,Both,3106062.279235105
33,Armenia,2011,3,Both,3092401.949479644
33,Armenia,2012,3,Both,3080531.416173228
33,Armenia,2013,3,Both,3070642.8267715643
33,Armenia,2014,3,Both,3062106.8408495053
33,Armenia,2015,3,Both,3054016.7158945845
33,Armenia,2016,3,Both,3045910.332694852
33,Armenia,2017,3,Both,3037630.9589108787
33,Armenia,2018,3,Both,3028940.250024539
33,Armenia,2019,3,Both,3019674.304227058
34,Azerbaijan,1990,1,Male,3577277.4398824046
34,Azerbaijan,1991,1,Male,3629998.7578399386
34,Azerbaijan,1992,1,Male,3679337.055381032
34,Azerbaijan,1993,1,Male,3725893.54228849
34,Azerbaijan,1994,1,Male,3770680.742048692
34,Azerbaijan,1995,1,Male,3815343.485685387
34,Azerbaijan,1996,1,Male,3860965.5829563728
34,Azerbaijan,1997,1,Male,3907736.388355775
34,Azerbaijan,1998,1,Male,3954200.620166856
34,Azerbaijan,1999,1,Male,4001090.461029408
34,Azerbaijan,2000,1,Male,4047389.523904547
34,Azerbaijan,2001,1,Male,4095218.246644322
34,Azerbaijan,2002,1,Male,4143868.012226448
34,Azerbaijan,2003,1,Male,4194158.413358419
34,Azerbaijan,2004,1,Male,4246217.97530429
34,Azerbaijan,2005,1,Male,4300591.740155281
34,Azerbaijan,2006,1,Male,4357487.71435651
34,Azerbaijan,2007,1,Male,4417657.346396485
34,Azerbaijan,2008,1,Male,4480142.314030743
34,Azerbaijan,2009,1,Male,4544611.6459651375
34,Azerbaijan,2010,1,Male,4610215.180912277
34,Azerbaijan,2011,1,Male,4676339.249561965
34,Azerbaijan,2012,1,Male,4742092.9818736585
34,Azerbaijan,2013,1,Male,4807081.774353056
34,Azerbaijan,2014,1,Male,4870513.065804804
34,Azerbaijan,2015,1,Male,4931547.19652339
34,Azerbaijan,2016,1,Male,4989301.499250485
34,Azerbaijan,2017,1,Male,5043440.480584541
34,Azerbaijan,2018,1,Male,5094084.372887772
34,Azerbaijan,2019,1,Male,5141872.281829405
34,Azerbaijan,1990,2,Female,3753751.9803061583
34,Azerbaijan,1991,2,Female,3813387.1445341967
34,Azerbaijan,1992,2,Female,3869766.046510843
34,Azerbaijan,1993,2,Female,3923060.6401774464
34,Azerbaijan,1994,2,Female,3972076.728707772
34,Azerbaijan,1995,2,Female,4018027.3665098622
34,Azerbaijan,1996,2,Female,4061406.378781058
34,Azerbaijan,1997,2,Female,4103332.413033514
34,Azerbaijan,1998,2,Female,4141907.4911903297
34,Azerbaijan,1999,2,Female,4179687.643053176
34,Azerbaijan,2000,2,Female,4214279.329065935
34,Azerbaijan,2001,2,Female,4250279.045526524
34,Azerbaijan,2002,2,Female,4286322.976862192
34,Azerbaijan,2003,2,Female,4324448.195762379
34,Azerbaijan,2004,2,Female,4364527.03782932
34,Azerbaijan,2005,2,Female,4407629.142453669
34,Azerbaijan,2006,2,Female,4453950.459553485
34,Azerbaijan,2007,2,Female,4504672.634816926
34,Azerbaijan,2008,2,Female,4558389.318971714
34,Azerbaijan,2009,2,Female,4615232.679237378
34,Azerbaijan,2010,2,Female,4672651.821735265
34,Azerbaijan,2011,2,Female,4731088.817719893
34,Azerbaijan,2012,2,Female,4789342.741027566
34,Azerbaijan,2013,2,Female,4846901.459304836
34,Azerbaijan,2014,2,Female,4902487.498860233
34,Azerbaijan,2015,2,Female,4955548.384749979
34,Azerbaijan,2016,2,Female,5005504.033788209
34,Azerbaijan,2017,2,Female,5052246.791764656
34,Azerbaijan,2018,2,Female,5095699.023921927
34,Azerbaijan,2019,2,Female,5136801.675309455
34,Azerbaijan,1990,3,Both,7331029.420188563
34,Azerbaijan,1991,3,Both,7443385.902374135
34,Azerbaijan,1992,3,Both,7549103.101891875
34,Azerbaijan,1993,3,Both,7648954.182465937
34,Azerbaijan,1994,3,Both,7742757.470756463
34,Azerbaijan,1995,3,Both,7833370.85219525
34,Azerbaijan,1996,3,Both,7922371.961737431
34,Azerbaijan,1997,3,Both,8011068.80138929
34,Azerbaijan,1998,3,Both,8096108.111357185
34,Azerbaijan,1999,3,Both,8180778.104082582
34,Azerbaijan,2000,3,Both,8261668.852970482
34,Azerbaijan,2001,3,Both,8345497.292170845
34,Azerbaijan,2002,3,Both,8430190.98908864
34,Azerbaijan,2003,3,Both,8518606.609120797
34,Azerbaijan,2004,3,Both,8610745.01313361
34,Azerbaijan,2005,3,Both,8708220.882608948
34,Azerbaijan,2006,3,Both,8811438.173909996
34,Azerbaijan,2007,3,Both,8922329.981213411
34,Azerbaijan,2008,3,Both,9038531.633002458
34,Azerbaijan,2009,3,Both,9159844.325202515
34,Azerbaijan,2010,3,Both,9282867.00264754
34,Azerbaijan,2011,3,Both,9407428.067281855
34,Azerbaijan,2012,3,Both,9531435.722901223
34,Azerbaijan,2013,3,Both,9653983.233657893
34,Azerbaijan,2014,3,Both,9773000.564665038
34,Azerbaijan,2015,3,Both,9887095.581273368
34,Azerbaijan,2016,3,Both,9994805.533038693
34,Azerbaijan,2017,3,Both,10095687.272349196
34,Azerbaijan,2018,3,Both,10189783.396809695
34,Azerbaijan,2019,3,Both,10278673.95713886
35,Georgia,1990,1,Male,2615271.119827696
35,Georgia,1991,1,Male,2596652.895284994
35,Georgia,1992,1,Male,2569048.7228717417
35,Georgia,1993,1,Male,2533916.6840996468
35,Georgia,1994,1,Male,2494199.579430659
35,Georgia,1995,1,Male,2452387.7350855703
35,Georgia,1996,1,Male,2409563.520183022
35,Georgia,1997,1,Male,2365322.8219671017
35,Georgia,1998,1,Male,2319235.207408857
35,Georgia,1999,1,Male,2272570.5236177547
35,Georgia,2000,1,Male,2226738.070636895
35,Georgia,2001,1,Male,2182050.5538750608
35,Georgia,2002,1,Male,2138075.023692896
35,Georgia,2003,1,Male,2095622.5103600663
35,Georgia,2004,1,Male,2056409.2405807555
35,Georgia,2005,1,Male,2021237.183271492
35,Georgia,2006,1,Male,1989914.504682635
35,Georgia,2007,1,Male,1961596.626475196
35,Georgia,2008,1,Male,1935420.310627944
35,Georgia,2009,1,Male,1911533.0097429005
35,Georgia,2010,1,Male,1890019.547946348
35,Georgia,2011,1,Male,1870397.7745731464
35,Georgia,2012,1,Male,1852993.8069542933
35,Georgia,2013,1,Male,1837861.4309247648
35,Georgia,2014,1,Male,1824394.8518403384
35,Georgia,2015,1,Male,1811248.6030863423
35,Georgia,2016,1,Male,1797535.9355959154
35,Georgia,2017,1,Male,1783392.3850701211
35,Georgia,2018,1,Male,1769239.692876611
35,Georgia,2019,1,Male,1755173.4870823997
35,Georgia,1990,2,Female,2893283.7090851986
35,Georgia,1991,2,Female,2874834.7992409654
35,Georgia,1992,2,Female,2848272.23942659
35,Georgia,1993,2,Female,2814502.031154735
35,Georgia,1994,2,Female,2775703.898274835
35,Georgia,1995,2,Female,2734654.1591499047
35,Georgia,1996,2,Female,2692649.8550947867
35,Georgia,1997,2,Female,2648475.613931583
35,Georgia,1998,2,Female,2601627.666733447
35,Georgia,1999,2,Female,2552837.246341269
35,Georgia,2000,2,Female,2502920.592472449
35,Georgia,2001,2,Female,2452605.3779838053
35,Georgia,2002,2,Female,2402421.894549885
35,Georgia,2003,2,Female,2352678.6179728187
35,Georgia,2004,2,Female,2305198.6974149244
35,Georgia,2005,2,Female,2260734.180977952
35,Georgia,2006,2,Female,2220062.077522652
35,Georgia,2007,2,Female,2183980.881160933
35,Georgia,2008,2,Female,2151594.3072928414
35,Georgia,2009,2,Female,2121279.694665651
35,Georgia,2010,2,Female,2092702.3840806712
35,Georgia,2011,2,Female,2066163.7118746089
35,Georgia,2012,2,Female,2042025.915554001
35,Georgia,2013,2,Female,2020568.2964289333
35,Georgia,2014,2,Female,2001296.166140644
35,Georgia,2015,2,Female,1982946.6597891413
35,Georgia,2016,2,Female,1964478.590422091
35,Georgia,2017,2,Female,1945830.003024546
35,Georgia,2018,2,Female,1927470.4508008985
35,Georgia,2019,2,Female,1909578.4480922048
35,Georgia,1990,3,Both,5508554.828912894
35,Georgia,1991,3,Both,5471487.694525959
35,Georgia,1992,3,Both,5417320.962298332
35,Georgia,1993,3,Both,5348418.715254381
35,Georgia,1994,3,Both,5269903.477705494
35,Georgia,1995,3,Both,5187041.894235475
35,Georgia,1996,3,Both,5102213.375277809
35,Georgia,1997,3,Both,5013798.435898685
35,Georgia,1998,3,Both,4920862.874142305
35,Georgia,1999,3,Both,4825407.769959024
35,Georgia,2000,3,Both,4729658.663109344
35,Georgia,2001,3,Both,4634655.931858866
35,Georgia,2002,3,Both,4540496.918242781
35,Georgia,2003,3,Both,4448301.128332885
35,Georgia,2004,3,Both,4361607.93799568
35,Georgia,2005,3,Both,4281971.364249444
35,Georgia,2006,3,Both,4209976.582205287
35,Georgia,2007,3,Both,4145577.507636129
35,Georgia,2008,3,Both,4087014.6179207857
35,Georgia,2009,3,Both,4032812.704408552
35,Georgia,2010,3,Both,3982721.932027019
35,Georgia,2011,3,Both,3936561.486447756
35,Georgia,2012,3,Both,3895019.722508294
35,Georgia,2013,3,Both,3858429.727353698
35,Georgia,2014,3,Both,3825691.0179809816
35,Georgia,2015,3,Both,3794195.262875484
35,Georgia,2016,3,Both,3762014.526018007
35,Georgia,2017,3,Both,3729222.3880946673
35,Georgia,2018,3,Both,3696710.143677509
35,Georgia,2019,3,Both,3664751.935174605
36,Kazakhstan,1990,1,Male,7929969.486074558
36,Kazakhstan,1991,1,Male,7892030.407328664
36,Kazakhstan,1992,1,Male,7830286.178728757
36,Kazakhstan,1993,1,Male,7751072.704314902
36,Kazakhstan,1994,1,Male,7659958.699121909
36,Kazakhstan,1995,1,Male,7562567.480981392
36,Kazakhstan,1996,1,Male,7465690.496812784
36,Kazakhstan,1997,1,Male,7378097.58496759
36,Kazakhstan,1998,1,Male,7306135.012023184
36,Kazakhstan,1999,1,Male,7254397.775146547
36,Kazakhstan,2000,1,Male,7225214.032335949
36,Kazakhstan,2001,1,Male,7215266.786625832
36,Kazakhstan,2002,1,Male,7223708.890959224
36,Kazakhstan,2003,1,Male,7248986.066092865
36,Kazakhstan,2004,1,Male,7290109.657383834
36,Kazakhstan,2005,1,Male,7346217.348362033
36,Kazakhstan,2006,1,Male,7415990.386625892
36,Kazakhstan,2007,1,Male,7498579.479821958
36,Kazakhstan,2008,1,Male,7593547.595108909
36,Kazakhstan,2009,1,Male,7698844.645911815
36,Kazakhstan,2010,1,Male,7808364.9518447425
36,Kazakhstan,2011,1,Male,7924707.6309305085
36,Kazakhstan,2012,1,Male,8041516.650891209
36,Kazakhstan,2013,1,Male,8159242.711856613
36,Kazakhstan,2014,1,Male,8284564.213601157
36,Kazakhstan,2015,1,Male,8413107.656142533
36,Kazakhstan,2016,1,Male,8541776.759285677
36,Kazakhstan,2017,1,Male,8668441.366486792
36,Kazakhstan,2018,1,Male,8790966.263303563
36,Kazakhstan,2019,1,Male,8908396.317934247
36,Kazakhstan,1990,2,Female,8437675.842539022
36,Kazakhstan,1991,2,Female,8400559.5609356
36,Kazakhstan,1992,2,Female,8340561.285420295
36,Kazakhstan,1993,2,Female,8264125.051973463
36,Kazakhstan,1994,2,Female,8176319.149374443
36,Kazakhstan,1995,2,Female,8084049.011906659
36,Kazakhstan,1996,2,Female,7994195.149420561
36,Kazakhstan,1997,2,Female,7913991.206439072
36,Kazakhstan,1998,2,Female,7848582.237015693
36,Kazakhstan,1999,2,Female,7802155.400294367
36,Kazakhstan,2000,2,Female,7777230.481232766
36,Kazakhstan,2001,2,Female,7771534.608594992
36,Kazakhstan,2002,2,Female,7783821.7069805795
36,Kazakhstan,2003,2,Female,7813077.6512486525
36,Kazakhstan,2004,2,Female,7858845.871781481
36,Kazakhstan,2005,2,Female,7920165.758124035
36,Kazakhstan,2006,2,Female,7995065.983733326
36,Kazakhstan,2007,2,Female,8082144.168726436
36,Kazakhstan,2008,2,Female,8179615.338802484
36,Kazakhstan,2009,2,Female,8285461.468461753
36,Kazakhstan,2010,2,Female,8395915.223077092
36,Kazakhstan,2011,2,Female,8514940.781270629
36,Kazakhstan,2012,2,Female,8632161.880953478
36,Kazakhstan,2013,2,Female,8751552.624130951
36,Kazakhstan,2014,2,Female,8876211.198390719
36,Kazakhstan,2015,2,Female,9002615.480871338
36,Kazakhstan,2016,2,Female,9128081.61460061
36,Kazakhstan,2017,2,Female,9250586.281320056
36,Kazakhstan,2018,2,Female,9369384.534697255
36,Kazakhstan,2019,2,Female,9483671.832170574
36,Kazakhstan,1990,3,Both,16367645.32861358
36,Kazakhstan,1991,3,Both,16292589.968264263
36,Kazakhstan,1992,3,Both,16170847.464149052
36,Kazakhstan,1993,3,Both,16015197.756288365
36,Kazakhstan,1994,3,Both,15836277.848496351
36,Kazakhstan,1995,3,Both,15646616.492888052
36,Kazakhstan,1996,3,Both,15459885.646233346
36,Kazakhstan,1997,3,Both,15292088.791406663
36,Kazakhstan,1998,3,Both,15154717.24903888
36,Kazakhstan,1999,3,Both,15056553.175440917
36,Kazakhstan,2000,3,Both,15002444.513568714
36,Kazakhstan,2001,3,Both,14986801.395220824
36,Kazakhstan,2002,3,Both,15007530.597939802
36,Kazakhstan,2003,3,Both,15062063.717341518
36,Kazakhstan,2004,3,Both,15148955.529165316
36,Kazakhstan,2005,3,Both,15266383.106486067
36,Kazakhstan,2006,3,Both,15411056.37035922
36,Kazakhstan,2007,3,Both,15580723.648548394
36,Kazakhstan,2008,3,Both,15773162.933911392
36,Kazakhstan,2009,3,Both,15984306.114373568
36,Kazakhstan,2010,3,Both,16204280.174921837
36,Kazakhstan,2011,3,Both,16439648.412201138
36,Kazakhstan,2012,3,Both,16673678.531844689
36,Kazakhstan,2013,3,Both,16910795.335987564
36,Kazakhstan,2014,3,Both,17160775.411991876
36,Kazakhstan,2015,3,Both,17415723.13701387
36,Kazakhstan,2016,3,Both,17669858.373886287
36,Kazakhstan,2017,3,Both,17919027.64780685
36,Kazakhstan,2018,3,Both,18160350.798000816
36,Kazakhstan,2019,3,Both,18392068.15010482
37,Kyrgyzstan,1990,1,Male,2180319.3979867767
37,Kyrgyzstan,1991,1,Male,2216233.4074251405
37,Kyrgyzstan,1992,1,Male,2250433.0913790925
37,Kyrgyzstan,1993,1,Male,2282694.1011215947
37,Kyrgyzstan,1994,1,Male,2312568.221102509
37,Kyrgyzstan,1995,1,Male,2341114.5470353314
37,Kyrgyzstan,1996,1,Male,2369327.6700643734
37,Kyrgyzstan,1997,1,Male,2397313.070548952
37,Kyrgyzstan,1998,1,Male,2424654.710186422
37,Kyrgyzstan,1999,1,Male,2451466.144141451
37,Kyrgyzstan,2000,1,Male,2477063.804961428
37,Kyrgyzstan,2001,1,Male,2501353.205711099
37,Kyrgyzstan,2002,1,Male,2525052.055547193
37,Kyrgyzstan,2003,1,Male,2548818.8731353395
37,Kyrgyzstan,2004,1,Male,2573793.8135268413
37,Kyrgyzstan,2005,1,Male,2600597.5495009534
37,Kyrgyzstan,2006,1,Male,2629115.7339076404
37,Kyrgyzstan,2007,1,Male,2660015.7983947527
37,Kyrgyzstan,2008,1,Male,2694318.2833177787
37,Kyrgyzstan,2009,1,Male,2732801.322868154
37,Kyrgyzstan,2010,1,Male,2775160.324523602
37,Kyrgyzstan,2011,1,Male,2821162.5095361443
37,Kyrgyzstan,2012,1,Male,2870334.126254881
37,Kyrgyzstan,2013,1,Male,2921622.444124777
37,Kyrgyzstan,2014,1,Male,2974096.2037675623
37,Kyrgyzstan,2015,1,Male,3026776.5485332543
37,Kyrgyzstan,2016,1,Male,3079354.3926479253
37,Kyrgyzstan,2017,1,Male,3131516.115050372
37,Kyrgyzstan,2018,1,Male,3182721.0594156315
37,Kyrgyzstan,2019,1,Male,3233055.319259793
37,Kyrgyzstan,1990,2,Female,2281876.656001035
37,Kyrgyzstan,1991,2,Female,2316042.6571561014
37,Kyrgyzstan,1992,2,Female,2347845.17120545
37,Kyrgyzstan,1993,2,Female,2377490.840467323
37,Kyrgyzstan,1994,2,Female,2404622.7038196293
37,Kyrgyzstan,1995,2,Female,2430066.64225557
37,Kyrgyzstan,1996,2,Female,2454672.3129868587
37,Kyrgyzstan,1997,2,Female,2478994.49656426
37,Kyrgyzstan,1998,2,Female,2502904.627335232
37,Kyrgyzstan,1999,2,Female,2526307.674495426
37,Kyrgyzstan,2000,2,Female,2548530.321721622
37,Kyrgyzstan,2001,2,Female,2569675.7231946858
37,Kyrgyzstan,2002,2,Female,2591128.518302831
37,Kyrgyzstan,2003,2,Female,2613536.4830824314
37,Kyrgyzstan,2004,2,Female,2637797.4860993656
37,Kyrgyzstan,2005,2,Female,2664610.468870052
37,Kyrgyzstan,2006,2,Female,2694046.3407181664
37,Kyrgyzstan,2007,2,Female,2726647.7985888687
37,Kyrgyzstan,2008,2,Female,2762709.9424203965
37,Kyrgyzstan,2009,2,Female,2802665.5150427083
37,Kyrgyzstan,2010,2,Female,2846366.0993442046
37,Kyrgyzstan,2011,2,Female,2893166.8170043426
37,Kyrgyzstan,2012,2,Female,2942476.0198069955
37,Kyrgyzstan,2013,2,Female,2993666.8787098806
37,Kyrgyzstan,2014,2,Female,3045834.321358561
37,Kyrgyzstan,2015,2,Female,3098072.078967616
37,Kyrgyzstan,2016,2,Female,3150097.442839981
37,Kyrgyzstan,2017,2,Female,3201714.4352483866
37,Kyrgyzstan,2018,2,Female,3252451.367382955
37,Kyrgyzstan,2019,2,Female,3302403.541130181
37,Kyrgyzstan,1990,3,Both,4462196.053987812
37,Kyrgyzstan,1991,3,Both,4532276.064581241
37,Kyrgyzstan,1992,3,Both,4598278.262584542
37,Kyrgyzstan,1993,3,Both,4660184.941588918
37,Kyrgyzstan,1994,3,Both,4717190.924922138
37,Kyrgyzstan,1995,3,Both,4771181.189290901
37,Kyrgyzstan,1996,3,Both,4823999.983051232
37,Kyrgyzstan,1997,3,Both,4876307.567113212
37,Kyrgyzstan,1998,3,Both,4927559.337521654
37,Kyrgyzstan,1999,3,Both,4977773.8186368765
37,Kyrgyzstan,2000,3,Both,5025594.12668305
37,Kyrgyzstan,2001,3,Both,5071028.928905785
37,Kyrgyzstan,2002,3,Both,5116180.5738500245
37,Kyrgyzstan,2003,3,Both,5162355.356217771
37,Kyrgyzstan,2004,3,Both,5211591.299626207
37,Kyrgyzstan,2005,3,Both,5265208.018371006
37,Kyrgyzstan,2006,3,Both,5323162.074625807
37,Kyrgyzstan,2007,3,Both,5386663.596983621
37,Kyrgyzstan,2008,3,Both,5457028.225738175
37,Kyrgyzstan,2009,3,Both,5535466.837910862
37,Kyrgyzstan,2010,3,Both,5621526.423867807
37,Kyrgyzstan,2011,3,Both,5714329.326540487
37,Kyrgyzstan,2012,3,Both,5812810.146061876
37,Kyrgyzstan,2013,3,Both,5915289.3228346575
37,Kyrgyzstan,2014,3,Both,6019930.525126123
37,Kyrgyzstan,2015,3,Both,6124848.62750087
37,Kyrgyzstan,2016,3,Both,6229451.835487906
37,Kyrgyzstan,2017,3,Both,6333230.550298758
37,Kyrgyzstan,2018,3,Both,6435172.426798586
37,Kyrgyzstan,2019,3,Both,6535458.860389973
38,Mongolia,1990,1,Male,1075723.2825308014
38,Mongolia,1991,1,Male,1095036.4069816023
38,Mongolia,1992,1,Male,1113031.8782868418
38,Mongolia,1993,1,Male,1129312.7133561885
38,Mongolia,1994,1,Male,1144012.4974907876
38,Mongolia,1995,1,Male,1157398.609211441
38,Mongolia,1996,1,Male,1169901.9877806397
38,Mongolia,1997,1,Male,1181771.413797802
38,Mongolia,1998,1,Male,1193618.633686117
38,Mongolia,1999,1,Male,1205331.2185887918
38,Mongolia,2000,1,Male,1217623.027352331
38,Mongolia,2001,1,Male,1229976.3091512944
38,Mongolia,2002,1,Male,1243149.2082531229
38,Mongolia,2003,1,Male,1257162.9494117375
38,Mongolia,2004,1,Male,1272561.9130715416
38,Mongolia,2005,1,Male,1289422.1332236074
38,Mongolia,2006,1,Male,1308159.7736268896
38,Mongolia,2007,1,Male,1328896.3548615803
38,Mongolia,2008,1,Male,1351816.6391464402
38,Mongolia,2009,1,Male,1376638.9382814227
38,Mongolia,2010,1,Male,1403316.9709766903
38,Mongolia,2011,1,Male,1431444.692055879
38,Mongolia,2012,1,Male,1461100.2123469638
38,Mongolia,2013,1,Male,1491855.675480092
38,Mongolia,2014,1,Male,1523335.420535252
38,Mongolia,2015,1,Male,1554864.2689034834
38,Mongolia,2016,1,Male,1585795.599050507
38,Mongolia,2017,1,Male,1615554.3177502374
38,Mongolia,2018,1,Male,1644008.5165796643
38,Mongolia,2019,1,Male,1671044.4420747552
38,Mongolia,1990,2,Female,1077954.2710590905
38,Mongolia,1991,2,Female,1098496.9585719402
38,Mongolia,1992,2,Female,1117569.6194868863
38,Mongolia,1993,2,Female,1134919.8000973344
38,Mongolia,1994,2,Female,1150921.3624811491
38,Mongolia,1995,2,Female,1165779.9082664596
38,Mongolia,1996,2,Female,1179822.5354323254
38,Mongolia,1997,2,Female,1193135.700060716
38,Mongolia,1998,2,Female,1206273.1928327288
38,Mongolia,1999,2,Female,1219102.7366540097
38,Mongolia,2000,2,Female,1232075.9510988183
38,Mongolia,2001,2,Female,1244908.5498653457
38,Mongolia,2002,2,Female,1258575.9542772097
38,Mongolia,2003,2,Female,1273160.516967141
38,Mongolia,2004,2,Female,1289188.7511190674
38,Mongolia,2005,2,Female,1306800.265055847
38,Mongolia,2006,2,Female,1326419.152560429
38,Mongolia,2007,2,Female,1348196.959404117
38,Mongolia,2008,2,Female,1372499.5903583113
38,Mongolia,2009,2,Female,1399002.559613873
38,Mongolia,2010,2,Female,1427618.4713687606
38,Mongolia,2011,2,Female,1457817.6104517223
38,Mongolia,2012,2,Female,1489548.769651299
38,Mongolia,2013,2,Female,1522372.7416275707
38,Mongolia,2014,2,Female,1555985.214303736
38,Mongolia,2015,2,Female,1589737.57306878
38,Mongolia,2016,2,Female,1623052.8627877464
38,Mongolia,2017,2,Female,1655365.7094146472
38,Mongolia,2018,2,Female,1686547.5404875162
38,Mongolia,2019,2,Female,1716544.7151995753
38,Mongolia,1990,3,Both,2153677.553589892
38,Mongolia,1991,3,Both,2193533.3655535425
38,Mongolia,1992,3,Both,2230601.497773728
38,Mongolia,1993,3,Both,2264232.5134535227
38,Mongolia,1994,3,Both,2294933.859971937
38,Mongolia,1995,3,Both,2323178.5174779007
38,Mongolia,1996,3,Both,2349724.523212965
38,Mongolia,1997,3,Both,2374907.1138585177
38,Mongolia,1998,3,Both,2399891.8265188457
38,Mongolia,1999,3,Both,2424433.955242801
38,Mongolia,2000,3,Both,2449698.978451149
38,Mongolia,2001,3,Both,2474884.85901664
38,Mongolia,2002,3,Both,2501725.162530333
38,Mongolia,2003,3,Both,2530323.466378879
38,Mongolia,2004,3,Both,2561750.664190609
38,Mongolia,2005,3,Both,2596222.3982794546
38,Mongolia,2006,3,Both,2634578.9261873187
38,Mongolia,2007,3,Both,2677093.3142656973
38,Mongolia,2008,3,Both,2724316.2295047515
38,Mongolia,2009,3,Both,2775641.497895296
38,Mongolia,2010,3,Both,2830935.442345451
38,Mongolia,2011,3,Both,2889262.302507601
38,Mongolia,2012,3,Both,2950648.981998263
38,Mongolia,2013,3,Both,3014228.4171076627
38,Mongolia,2014,3,Both,3079320.634838988
38,Mongolia,2015,3,Both,3144601.8419722635
38,Mongolia,2016,3,Both,3208848.4618382533
38,Mongolia,2017,3,Both,3270920.027164885
38,Mongolia,2018,3,Both,3330556.0570671805
38,Mongolia,2019,3,Both,3387589.1572743305
39,Tajikistan,1990,1,Male,2673783.839920048
39,Tajikistan,1991,1,Male,2733037.577725809
39,Tajikistan,1992,1,Male,2787172.810743348
39,Tajikistan,1993,1,Male,2832837.515147734
39,Tajikistan,1994,1,Male,2877342.028418676
39,Tajikistan,1995,1,Male,2926137.060105221
39,Tajikistan,1996,1,Male,2973994.1054373565
39,Tajikistan,1997,1,Male,3022494.782850885
39,Tajikistan,1998,1,Male,3073111.2889864217
39,Tajikistan,1999,1,Male,3126109.7818976417
39,Tajikistan,2000,1,Male,3182052.9625803703
39,Tajikistan,2001,1,Male,3240695.170469663
39,Tajikistan,2002,1,Male,3302232.5564212548
39,Tajikistan,2003,1,Male,3366994.983957373
39,Tajikistan,2004,1,Male,3435134.4399502343
39,Tajikistan,2005,1,Male,3506637.4040014497
39,Tajikistan,2006,1,Male,3581339.975969603
39,Tajikistan,2007,1,Male,3659648.221030416
39,Tajikistan,2008,1,Male,3741853.025242801
39,Tajikistan,2009,1,Male,3828086.600335456
39,Tajikistan,2010,1,Male,3917829.4886537385
39,Tajikistan,2011,1,Male,4009751.039789497
39,Tajikistan,2012,1,Male,4103891.785510365
39,Tajikistan,2013,1,Male,4200360.099919642
39,Tajikistan,2014,1,Male,4298441.245663399
39,Tajikistan,2015,1,Male,4397474.25017048
39,Tajikistan,2016,1,Male,4496875.369139883
39,Tajikistan,2017,1,Male,4596620.666385959
39,Tajikistan,2018,1,Male,4697266.5936633805
39,Tajikistan,2019,1,Male,4798881.476555206
39,Tajikistan,1990,2,Female,2701857.1403220296
39,Tajikistan,1991,2,Female,2758345.585269742
39,Tajikistan,1992,2,Female,2810334.468158437
39,Tajikistan,1993,2,Female,2856451.003885702
39,Tajikistan,1994,2,Female,2900195.274367135
39,Tajikistan,1995,2,Female,2945641.6261690315
39,Tajikistan,1996,2,Female,2991194.1702982127
39,Tajikistan,1997,2,Female,3036775.109183609
39,Tajikistan,1998,2,Female,3081960.891608354
39,Tajikistan,1999,2,Female,3127644.494723183
39,Tajikistan,2000,2,Female,3175058.3035309105
39,Tajikistan,2001,2,Female,3224998.8291792795
39,Tajikistan,2002,2,Female,3278088.6806891933
39,Tajikistan,2003,2,Female,3334989.785911062
39,Tajikistan,2004,2,Female,3395683.3472024333
39,Tajikistan,2005,2,Female,3460437.086183779
39,Tajikistan,2006,2,Female,3529314.563619582
39,Tajikistan,2007,2,Female,3602704.513616908
39,Tajikistan,2008,2,Female,3680491.585055225
39,Tajikistan,2009,2,Female,3762462.427943344
39,Tajikistan,2010,2,Female,3847914.744344756
39,Tajikistan,2011,2,Female,3935665.066367251
39,Tajikistan,2012,2,Female,4025601.769158101
39,Tajikistan,2013,2,Female,4117897.540507708
39,Tajikistan,2014,2,Female,4211990.950993035
39,Tajikistan,2015,2,Female,4307304.267466704
39,Tajikistan,2016,2,Female,4403079.669114491
39,Tajikistan,2017,2,Female,4499185.830587687
39,Tajikistan,2018,2,Female,4595973.726010675
39,Tajikistan,2019,2,Female,4693532.209257486
39,Tajikistan,1990,3,Both,5375640.980242077
39,Tajikistan,1991,3,Both,5491383.162995551
39,Tajikistan,1992,3,Both,5597507.278901785
39,Tajikistan,1993,3,Both,5689288.519033437
39,Tajikistan,1994,3,Both,5777537.302785811
39,Tajikistan,1995,3,Both,5871778.686274253
39,Tajikistan,1996,3,Both,5965188.275735569
39,Tajikistan,1997,3,Both,6059269.892034493
39,Tajikistan,1998,3,Both,6155072.180594776
39,Tajikistan,1999,3,Both,6253754.276620825
39,Tajikistan,2000,3,Both,6357111.266111281
39,Tajikistan,2001,3,Both,6465693.999648943
39,Tajikistan,2002,3,Both,6580321.237110448
39,Tajikistan,2003,3,Both,6701984.769868435
39,Tajikistan,2004,3,Both,6830817.787152668
39,Tajikistan,2005,3,Both,6967074.490185228
39,Tajikistan,2006,3,Both,7110654.539589185
39,Tajikistan,2007,3,Both,7262352.734647323
39,Tajikistan,2008,3,Both,7422344.610298026
39,Tajikistan,2009,3,Both,7590549.0282788
39,Tajikistan,2010,3,Both,7765744.232998495
39,Tajikistan,2011,3,Both,7945416.106156748
39,Tajikistan,2012,3,Both,8129493.554668467
39,Tajikistan,2013,3,Both,8318257.64042735
39,Tajikistan,2014,3,Both,8510432.196656434
39,Tajikistan,2015,3,Both,8704778.517637184
39,Tajikistan,2016,3,Both,8899955.038254373
39,Tajikistan,2017,3,Both,9095806.496973643
39,Tajikistan,2018,3,Both,9293240.319674056
39,Tajikistan,2019,3,Both,9492413.685812691
40,Turkmenistan,1990,1,Male,1828998.5710593967
40,Turkmenistan,1991,1,Male,1866730.0453054896
40,Turkmenistan,1992,1,Male,1903007.9349190209
40,Turkmenistan,1993,1,Male,1937165.1990428288
40,Turkmenistan,1994,1,Male,1968647.907085537
40,Turkmenistan,1995,1,Male,1998016.6336838263
40,Turkmenistan,1996,1,Male,2024977.268751832
40,Turkmenistan,1997,1,Male,2049413.9329703343
40,Turkmenistan,1998,1,Male,2071893.12258194
40,Turkmenistan,1999,1,Male,2093090.0358568665
40,Turkmenistan,2000,1,Male,2113748.6945190867
40,Turkmenistan,2001,1,Male,2134152.4743869533
40,Turkmenistan,2002,1,Male,2154110.8578516617
40,Turkmenistan,2003,1,Male,2173472.8096563853
40,Turkmenistan,2004,1,Male,2192377.0145120607
40,Turkmenistan,2005,1,Male,2211061.971174433
40,Turkmenistan,2006,1,Male,2230310.4430779074
40,Turkmenistan,2007,1,Male,2250844.045195748
40,Turkmenistan,2008,1,Male,2273099.123116057
40,Turkmenistan,2009,1,Male,2297880.597002074
40,Turkmenistan,2010,1,Male,2325133.681661873
40,Turkmenistan,2011,1,Male,2354090.39435802
40,Turkmenistan,2012,1,Male,2384303.7560156942
40,Turkmenistan,2013,1,Male,2415078.7919417694
40,Turkmenistan,2014,1,Male,2445783.729948991
40,Turkmenistan,2015,1,Male,2476295.342176
40,Turkmenistan,2016,1,Male,2506677.473253584
40,Turkmenistan,2017,1,Male,2536887.582094938
40,Turkmenistan,2018,1,Male,2566655.529524836
40,Turkmenistan,2019,1,Male,2595920.8119818945
40,Turkmenistan,1990,2,Female,1876187.9099987696
40,Turkmenistan,1991,2,Female,1910496.2439179264
40,Turkmenistan,1992,2,Female,1942401.5733238768
40,Turkmenistan,1993,2,Female,1971473.9560818663
40,Turkmenistan,1994,2,Female,1997548.3381625167
40,Turkmenistan,1995,2,Female,2020909.529360225
40,Turkmenistan,1996,2,Female,2041656.089325612
40,Turkmenistan,1997,2,Female,2060016.6821660968
40,Turkmenistan,1998,2,Female,2076591.9413765955
40,Turkmenistan,1999,2,Female,2091826.1272740336
40,Turkmenistan,2000,2,Female,2106176.09333673
40,Turkmenistan,2001,2,Female,2120013.247335746
40,Turkmenistan,2002,2,Female,2133343.481168257
40,Turkmenistan,2003,2,Female,2146428.530060816
40,Turkmenistan,2004,2,Female,2159486.5355667653
40,Turkmenistan,2005,2,Female,2172554.196820788
40,Turkmenistan,2006,2,Female,2186184.320613609
40,Turkmenistan,2007,2,Female,2201161.902470448
40,Turkmenistan,2008,2,Female,2217946.4427765054
40,Turkmenistan,2009,2,Female,2236967.505590659
40,Turkmenistan,2010,2,Female,2258266.453335604
40,Turkmenistan,2011,2,Female,2281163.4513752195
40,Turkmenistan,2012,2,Female,2305216.853567598
40,Turkmenistan,2013,2,Female,2330268.371380407
40,Turkmenistan,2014,2,Female,2355976.3301432068
40,Turkmenistan,2015,2,Female,2382035.8504518378
40,Turkmenistan,2016,2,Female,2408368.538969147
40,Turkmenistan,2017,2,Female,2434828.18168008
40,Turkmenistan,2018,2,Female,2461118.783823776
40,Turkmenistan,2019,2,Female,2487159.4429698265
40,Turkmenistan,1990,3,Both,3705186.4810581664
40,Turkmenistan,1991,3,Both,3777226.289223416
40,Turkmenistan,1992,3,Both,3845409.5082428977
40,Turkmenistan,1993,3,Both,3908639.155124696
40,Turkmenistan,1994,3,Both,3966196.2452480537
40,Turkmenistan,1995,3,Both,4018926.1630440513
40,Turkmenistan,1996,3,Both,4066633.358077443
40,Turkmenistan,1997,3,Both,4109430.615136432
40,Turkmenistan,1998,3,Both,4148485.063958536
40,Turkmenistan,1999,3,Both,4184916.1631309
40,Turkmenistan,2000,3,Both,4219924.787855816
40,Turkmenistan,2001,3,Both,4254165.7217227
40,Turkmenistan,2002,3,Both,4287454.339019919
40,Turkmenistan,2003,3,Both,4319901.339717201
40,Turkmenistan,2004,3,Both,4351863.550078826
40,Turkmenistan,2005,3,Both,4383616.16799522
40,Turkmenistan,2006,3,Both,4416494.763691517
40,Turkmenistan,2007,3,Both,4452005.947666196
40,Turkmenistan,2008,3,Both,4491045.565892562
40,Turkmenistan,2009,3,Both,4534848.102592734
40,Turkmenistan,2010,3,Both,4583400.134997478
40,Turkmenistan,2011,3,Both,4635253.845733239
40,Turkmenistan,2012,3,Both,4689520.609583292
40,Turkmenistan,2013,3,Both,4745347.163322177
40,Turkmenistan,2014,3,Both,4801760.060092198
40,Turkmenistan,2015,3,Both,4858331.192627837
40,Turkmenistan,2016,3,Both,4915046.012222732
40,Turkmenistan,2017,3,Both,4971715.763775018
40,Turkmenistan,2018,3,Both,5027774.313348613
40,Turkmenistan,2019,3,Both,5083080.254951721
41,Uzbekistan,1990,1,Male,10360218.005636496
41,Uzbekistan,1991,1,Male,10603100.61661025
41,Uzbekistan,1992,1,Male,10843254.281086195
41,Uzbekistan,1993,1,Male,11077639.798972553
41,Uzbekistan,1994,1,Male,11304204.70349315
41,Uzbekistan,1995,1,Male,11522729.102483649
41,Uzbekistan,1996,1,Male,11732977.441715196
41,Uzbekistan,1997,1,Male,11936468.595344571
41,Uzbekistan,1998,1,Male,12134714.648501843
41,Uzbekistan,1999,1,Male,12327594.366159458
41,Uzbekistan,2000,1,Male,12514442.41715835
41,Uzbekistan,2001,1,Male,12696596.797084097
41,Uzbekistan,2002,1,Male,12877068.303406484
41,Uzbekistan,2003,1,Male,13057814.48340414
41,Uzbekistan,2004,1,Male,13241191.735481484
41,Uzbekistan,2005,1,Male,13428147.921310332
41,Uzbekistan,2006,1,Male,13622612.138024624
41,Uzbekistan,2007,1,Male,13828441.450789915
41,Uzbekistan,2008,1,Male,14045317.074321644
41,Uzbekistan,2009,1,Male,14274111.871205203
41,Uzbekistan,2010,1,Male,14514353.703662349
41,Uzbekistan,2011,1,Male,14763154.848225577
41,Uzbekistan,2012,1,Male,15017922.94719983
41,Uzbekistan,2013,1,Male,15277472.967778375
41,Uzbekistan,2014,1,Male,15539816.202709798
41,Uzbekistan,2015,1,Male,15801635.208626743
41,Uzbekistan,2016,1,Male,16060589.359052768
41,Uzbekistan,2017,1,Male,16315234.99906744
41,Uzbekistan,2018,1,Male,16564287.308209902
41,Uzbekistan,2019,1,Male,16808222.723863713
41,Uzbekistan,1990,2,Female,10587495.468766496
41,Uzbekistan,1991,2,Female,10828154.397697303
41,Uzbekistan,1992,2,Female,11064966.673055409
41,Uzbekistan,1993,2,Female,11294768.17725985
41,Uzbekistan,1994,2,Female,11516020.314755524
41,Uzbekistan,1995,2,Female,11729332.434544142
41,Uzbekistan,1996,2,Female,11935217.357390825
41,Uzbekistan,1997,2,Female,12133954.017438846
41,Uzbekistan,1998,2,Female,12325663.338927057
41,Uzbekistan,1999,2,Female,12511449.06936802
41,Uzbekistan,2000,2,Female,12692138.888524905
41,Uzbekistan,2001,2,Female,12868841.316167096
41,Uzbekistan,2002,2,Female,13043815.744544197
41,Uzbekistan,2003,2,Female,13218960.26195188
41,Uzbekistan,2004,2,Female,13396886.87263549
41,Uzbekistan,2005,2,Female,13579157.27363606
41,Uzbekistan,2006,2,Female,13769752.078519603
41,Uzbekistan,2007,2,Female,13971950.039758934
41,Uzbekistan,2008,2,Female,14185028.743174529
41,Uzbekistan,2009,2,Female,14408951.599671528
41,Uzbekistan,2010,2,Female,14642843.233026356
41,Uzbekistan,2011,2,Female,14884215.623820782
41,Uzbekistan,2012,2,Female,15131059.852110866
41,Uzbekistan,2013,2,Female,15382226.331692545
41,Uzbekistan,2014,2,Female,15636010.9510005
41,Uzbekistan,2015,2,Female,15889650.116666451
41,Uzbekistan,2016,2,Female,16140829.424358323
41,Uzbekistan,2017,2,Female,16388170.103008335
41,Uzbekistan,2018,2,Female,16630662.173510635
41,Uzbekistan,2019,2,Female,16868873.631046407
41,Uzbekistan,1990,3,Both,20947713.47440299
41,Uzbekistan,1991,3,Both,21431255.014307555
41,Uzbekistan,1992,3,Both,21908220.9541416
41,Uzbekistan,1993,3,Both,22372407.9762324
41,Uzbekistan,1994,3,Both,22820225.01824868
41,Uzbekistan,1995,3,Both,23252061.53702779
41,Uzbekistan,1996,3,Both,23668194.799106017
41,Uzbekistan,1997,3,Both,24070422.612783417
41,Uzbekistan,1998,3,Both,24460377.987428896
41,Uzbekistan,1999,3,Both,24839043.43552748
41,Uzbekistan,2000,3,Both,25206581.30568325
41,Uzbekistan,2001,3,Both,25565438.11325119
41,Uzbekistan,2002,3,Both,25920884.04795068
41,Uzbekistan,2003,3,Both,26276774.74535602
41,Uzbekistan,2004,3,Both,26638078.608116973
41,Uzbekistan,2005,3,Both,27007305.1949464
41,Uzbekistan,2006,3,Both,27392364.21654423
41,Uzbekistan,2007,3,Both,27800391.49054885
41,Uzbekistan,2008,3,Both,28230345.817496173
41,Uzbekistan,2009,3,Both,28683063.47087673
41,Uzbekistan,2010,3,Both,29157196.936688703
41,Uzbekistan,2011,3,Both,29647370.47204636
41,Uzbekistan,2012,3,Both,30148982.79931069
41,Uzbekistan,2013,3,Both,30659699.29947092
41,Uzbekistan,2014,3,Both,31175827.1537103
41,Uzbekistan,2015,3,Both,31691285.325293195
41,Uzbekistan,2016,3,Both,32201418.783411093
41,Uzbekistan,2017,3,Both,32703405.10207577
41,Uzbekistan,2018,3,Both,33194949.481720537
41,Uzbekistan,2019,3,Both,33677096.35491012
43,Albania,1990,1,Male,1703602.6850765485
43,Albania,1991,1,Male,1711272.0038454942
43,Albania,1992,1,Male,1713878.160328471
43,Albania,1993,1,Male,1712020.5640766246
43,Albania,1994,1,Male,1706199.3109271992
43,Albania,1995,1,Male,1695631.5477516423
43,Albania,1996,1,Male,1683888.0728739628
43,Albania,1997,1,Male,1732254.6123836015
43,Albania,1998,1,Male,1774534.2307639662
43,Albania,1999,1,Male,1679784.9307783686
43,Albania,2000,1,Male,1594896.097572783
43,Albania,2001,1,Male,1574613.8076093476
43,Albania,2002,1,Male,1556698.265004068
43,Albania,2003,1,Male,1540513.0081522604
43,Albania,2004,1,Male,1524145.3673830817
43,Albania,2005,1,Male,1508333.8250176357
43,Albania,2006,1,Male,1493852.7388993227
43,Albania,2007,1,Male,1480639.5304613812
43,Albania,2008,1,Male,1468426.5673544963
43,Albania,2009,1,Male,1457189.8856123188
43,Albania,2010,1,Male,1447723.8199585718
43,Albania,2011,1,Male,1439295.9679752097
43,Albania,2012,1,Male,1429319.1020253955
43,Albania,2013,1,Male,1414575.5402067855
43,Albania,2014,1,Male,1399815.9394153524
43,Albania,2015,1,Male,1392935.9209981689
43,Albania,2016,1,Male,1387250.2532834338
43,Albania,2017,1,Male,1377913.3434510685
43,Albania,2018,1,Male,1369468.8443664585
43,Albania,2019,1,Male,1362408.1435198484
43,Albania,1990,2,Female,1606318.6771028896
43,Albania,1991,2,Female,1621003.4557384856
43,Albania,1992,2,Female,1632137.707974085
43,Albania,1993,2,Female,1639957.783406766
43,Albania,1994,2,Female,1644582.251051478
43,Albania,1995,2,Female,1645072.78729923
43,Albania,1996,2,Female,1643936.011791622
43,Albania,1997,2,Female,1688079.125843719
43,Albania,1998,2,Female,1726644.013626347
43,Albania,1999,2,Female,1659664.2850635797
43,Albania,2000,2,Female,1596491.0030426986
43,Albania,2001,2,Female,1580796.2384315792
43,Albania,2002,2,Female,1564857.8906059028
43,Albania,2003,2,Female,1548673.6371812108
43,Albania,2004,2,Female,1531333.3046000206
43,Albania,2005,2,Female,1513714.324487207
43,Albania,2006,2,Female,1496624.8471849463
43,Albania,2007,2,Female,1480473.833186493
43,Albania,2008,2,Female,1465467.797366088
43,Albania,2009,2,Female,1451855.737093302
43,Albania,2010,2,Female,1440287.5778755508
43,Albania,2011,2,Female,1430180.5736809764
43,Albania,2012,2,Female,1419475.6509294617
43,Albania,2013,2,Female,1405758.4342567876
43,Albania,2014,2,Female,1392504.8728183098
43,Albania,2015,2,Female,1385422.8113223836
43,Albania,2016,2,Female,1379572.7325679152
43,Albania,2017,2,Female,1371381.3319500128
43,Albania,2018,2,Female,1364060.7920622225
43,Albania,2019,2,Female,1357944.9172980618
43,Albania,1990,3,Both,3309921.362179438
43,Albania,1991,3,Both,3332275.45958398
43,Albania,1992,3,Both,3346015.868302556
43,Albania,1993,3,Both,3351978.3474833905
43,Albania,1994,3,Both,3350781.5619786773
43,Albania,1995,3,Both,3340704.3350508725
43,Albania,1996,3,Both,3327824.084665585
43,Albania,1997,3,Both,3420333.738227321
43,Albania,1998,3,Both,3501178.244390313
43,Albania,1999,3,Both,3339449.2158419485
43,Albania,2000,3,Both,3191387.1006154814
43,Albania,2001,3,Both,3155410.046040927
43,Albania,2002,3,Both,3121556.155609971
43,Albania,2003,3,Both,3089186.6453334712
43,Albania,2004,3,Both,3055478.6719831023
43,Albania,2005,3,Both,3022048.1495048422
43,Albania,2006,3,Both,2990477.586084269
43,Albania,2007,3,Both,2961113.3636478744
43,Albania,2008,3,Both,2933894.3647205844
43,Albania,2009,3,Both,2909045.6227056207
43,Albania,2010,3,Both,2888011.397834122
43,Albania,2011,3,Both,2869476.5416561863
43,Albania,2012,3,Both,2848794.752954857
43,Albania,2013,3,Both,2820333.974463573
43,Albania,2014,3,Both,2792320.812233662
43,Albania,2015,3,Both,2778358.7323205527
43,Albania,2016,3,Both,2766822.985851349
43,Albania,2017,3,Both,2749294.6754010813
43,Albania,2018,3,Both,2733529.636428681
43,Albania,2019,3,Both,2720353.0608179104
44,Bosnia and Herzegovina,1990,1,Male,2269876.63224318
44,Bosnia and Herzegovina,1991,1,Male,2245827.526220096
44,Bosnia and Herzegovina,1992,1,Male,2159691.243136222
44,Bosnia and Herzegovina,1993,1,Male,2071166.961715996
44,Bosnia and Herzegovina,1994,1,Male,1979556.7699106813
44,Bosnia and Herzegovina,1995,1,Male,1877640.545484905
44,Bosnia and Herzegovina,1996,1,Male,1870620.156790722
44,Bosnia and Herzegovina,1997,1,Male,1949085.8708161465
44,Bosnia and Herzegovina,1998,1,Male,2016477.9636159327
44,Bosnia and Herzegovina,1999,1,Male,2035831.4916979545
44,Bosnia and Herzegovina,2000,1,Male,2024696.217963687
44,Bosnia and Herzegovina,2001,1,Male,2019043.500907452
44,Bosnia and Herzegovina,2002,1,Male,2033969.579209826
44,Bosnia and Herzegovina,2003,1,Male,2054262.3434564068
44,Bosnia and Herzegovina,2004,1,Male,2044363.7429387297
44,Bosnia and Herzegovina,2005,1,Male,2009377.1684557148
44,Bosnia and Herzegovina,2006,1,Male,1991725.2271583315
44,Bosnia and Herzegovina,2007,1,Male,1972576.3839494607
44,Bosnia and Herzegovina,2008,1,Male,1934909.9241478967
44,Bosnia and Herzegovina,2009,1,Male,1896483.33726762
44,Bosnia and Herzegovina,2010,1,Male,1860054.358591457
44,Bosnia and Herzegovina,2011,1,Male,1828537.466144187
44,Bosnia and Herzegovina,2012,1,Male,1801183.3062821869
44,Bosnia and Herzegovina,2013,1,Male,1772832.423721128
44,Bosnia and Herzegovina,2014,1,Male,1743251.3546172816
44,Bosnia and Herzegovina,2015,1,Male,1714532.8365200553
44,Bosnia and Herzegovina,2016,1,Male,1686981.7816581104
44,Bosnia and Herzegovina,2017,1,Male,1660531.6874330568
44,Bosnia and Herzegovina,2018,1,Male,1634781.9140328588
44,Bosnia and Herzegovina,2019,1,Male,1609773.336920151
44,Bosnia and Herzegovina,1990,2,Female,2268075.1509634405
44,Bosnia and Herzegovina,1991,2,Female,2251425.705908722
44,Bosnia and Herzegovina,1992,2,Female,2189889.189804327
44,Bosnia and Herzegovina,1993,2,Female,2125573.495016557
44,Bosnia and Herzegovina,1994,2,Female,2056852.266424522
44,Bosnia and Herzegovina,1995,2,Female,1979092.8054115344
44,Bosnia and Herzegovina,1996,2,Female,1971271.3120194825
44,Bosnia and Herzegovina,1997,2,Female,2026581.5633317137
44,Bosnia and Herzegovina,1998,2,Female,2071993.742922177
44,Bosnia and Herzegovina,1999,2,Female,2081958.830130536
44,Bosnia and Herzegovina,2000,2,Female,2070254.142801826
44,Bosnia and Herzegovina,2001,2,Female,2062178.042130284
44,Bosnia and Herzegovina,2002,2,Female,2067975.6776381864
44,Bosnia and Herzegovina,2003,2,Female,2077539.2862769868
44,Bosnia and Herzegovina,2004,2,Female,2066041.249063213
44,Bosnia and Herzegovina,2005,2,Female,2037497.4125391103
44,Bosnia and Herzegovina,2006,2,Female,2021265.7010363068
44,Bosnia and Herzegovina,2007,2,Female,2003834.0730265165
44,Bosnia and Herzegovina,2008,2,Female,1973498.741287608
44,Bosnia and Herzegovina,2009,2,Female,1942275.157226851
44,Bosnia and Herzegovina,2010,2,Female,1912023.343513633
44,Bosnia and Herzegovina,2011,2,Female,1884947.6099808973
44,Bosnia and Herzegovina,2012,2,Female,1860759.251625529
44,Bosnia and Herzegovina,2013,2,Female,1835836.2272561968
44,Bosnia and Herzegovina,2014,2,Female,1810052.7919064225
44,Bosnia and Herzegovina,2015,2,Female,1784606.0801366142
44,Bosnia and Herzegovina,2016,2,Female,1759993.43298547
44,Bosnia and Herzegovina,2017,2,Female,1736241.5607193017
44,Bosnia and Herzegovina,2018,2,Female,1712958.131497865
44,Bosnia and Herzegovina,2019,2,Female,1690208.9893996282
44,Bosnia and Herzegovina,1990,3,Both,4537951.78320662
44,Bosnia and Herzegovina,1991,3,Both,4497253.232128818
44,Bosnia and Herzegovina,1992,3,Both,4349580.432940549
44,Bosnia and Herzegovina,1993,3,Both,4196740.4567325525
44,Bosnia and Herzegovina,1994,3,Both,4036409.0363352033
44,Bosnia and Herzegovina,1995,3,Both,3856733.35089644
44,Bosnia and Herzegovina,1996,3,Both,3841891.468810205
44,Bosnia and Herzegovina,1997,3,Both,3975667.43414786
44,Bosnia and Herzegovina,1998,3,Both,4088471.706538111
44,Bosnia and Herzegovina,1999,3,Both,4117790.32182849
44,Bosnia and Herzegovina,2000,3,Both,4094950.360765513
44,Bosnia and Herzegovina,2001,3,Both,4081221.543037736
44,Bosnia and Herzegovina,2002,3,Both,4101945.256848013
44,Bosnia and Herzegovina,2003,3,Both,4131801.629733394
44,Bosnia and Herzegovina,2004,3,Both,4110404.992001943
44,Bosnia and Herzegovina,2005,3,Both,4046874.580994825
44,Bosnia and Herzegovina,2006,3,Both,4012990.9281946383
44,Bosnia and Herzegovina,2007,3,Both,3976410.456975978
44,Bosnia and Herzegovina,2008,3,Both,3908408.6654355046
44,Bosnia and Herzegovina,2009,3,Both,3838758.4944944703
44,Bosnia and Herzegovina,2010,3,Both,3772077.7021050905
44,Bosnia and Herzegovina,2011,3,Both,3713485.076125085
44,Bosnia and Herzegovina,2012,3,Both,3661942.557907716
44,Bosnia and Herzegovina,2013,3,Both,3608668.6509773247
44,Bosnia and Herzegovina,2014,3,Both,3553304.146523704
44,Bosnia and Herzegovina,2015,3,Both,3499138.916656669
44,Bosnia and Herzegovina,2016,3,Both,3446975.2146435804
44,Bosnia and Herzegovina,2017,3,Both,3396773.248152358
44,Bosnia and Herzegovina,2018,3,Both,3347740.045530724
44,Bosnia and Herzegovina,2019,3,Both,3299982.32631978
45,Bulgaria,1990,1,Male,4280193.124837322
45,Bulgaria,1991,1,Male,4240280.561064725
45,Bulgaria,1992,1,Male,4199378.675978237
45,Bulgaria,1993,1,Male,4157548.768652947
45,Bulgaria,1994,1,Male,4113850.831757837
45,Bulgaria,1995,1,Male,4069232.932022995
45,Bulgaria,1996,1,Male,4024849.166659371
45,Bulgaria,1997,1,Male,3980060.643390019
45,Bulgaria,1998,1,Male,3937843.004491919
45,Bulgaria,1999,1,Male,3902667.474238509
45,Bulgaria,2000,1,Male,3871939.25758596
45,Bulgaria,2001,1,Male,3842040.818436473
45,Bulgaria,2002,1,Male,3814012.32235878
45,Bulgaria,2003,1,Male,3788472.39997639
45,Bulgaria,2004,1,Male,3764937.712129296
45,Bulgaria,2005,1,Male,3742038.54992351
45,Bulgaria,2006,1,Male,3718803.8920757673
45,Bulgaria,2007,1,Male,3694959.78618948
45,Bulgaria,2008,1,Male,3670137.2437570887
45,Bulgaria,2009,1,Male,3642828.629881431
45,Bulgaria,2010,1,Male,3611707.066997096
45,Bulgaria,2011,1,Male,3578810.883373735
45,Bulgaria,2012,1,Male,3549023.3713636952
45,Bulgaria,2013,1,Male,3522861.4744921387
45,Bulgaria,2014,1,Male,3498122.531911206
45,Bulgaria,2015,1,Male,3473228.8157286807
45,Bulgaria,2016,1,Male,3447895.506090164
45,Bulgaria,2017,1,Male,3421806.957697297
45,Bulgaria,2018,1,Male,3394707.4017945603
45,Bulgaria,2019,1,Male,3366485.409490761
45,Bulgaria,1990,2,Female,4400983.705592183
45,Bulgaria,1991,2,Female,4372844.757740068
45,Bulgaria,1992,2,Female,4341769.380961693
45,Bulgaria,1993,2,Female,4309143.144138007
45,Bulgaria,1994,2,Female,4274379.3743222
45,Bulgaria,1995,2,Female,4237833.252494133
45,Bulgaria,1996,2,Female,4200349.037537958
45,Bulgaria,1997,2,Female,4161729.677546514
45,Bulgaria,1998,2,Female,4126372.867070317
45,Bulgaria,1999,2,Female,4097694.9756385055
45,Bulgaria,2000,2,Female,4072490.342095015
45,Bulgaria,2001,2,Female,4048694.621084753
45,Bulgaria,2002,2,Female,4026862.907952146
45,Bulgaria,2003,2,Female,4007628.8862160174
45,Bulgaria,2004,2,Female,3990446.83478269
45,Bulgaria,2005,2,Female,3973206.1626243377
45,Bulgaria,2006,2,Female,3953788.885625235
45,Bulgaria,2007,2,Female,3930423.0010870206
45,Bulgaria,2008,2,Female,3902311.463145817
45,Bulgaria,2009,2,Female,3868186.386517366
45,Bulgaria,2010,2,Female,3827248.831903938
45,Bulgaria,2011,2,Female,3783792.273088976
45,Bulgaria,2012,2,Female,3747265.699163456
45,Bulgaria,2013,2,Female,3718553.6746321553
45,Bulgaria,2014,2,Female,3693945.613367802
45,Bulgaria,2015,2,Female,3670074.4426544914
45,Bulgaria,2016,2,Female,3646417.334196618
45,Bulgaria,2017,2,Female,3622366.348969787
45,Bulgaria,2018,2,Female,3596411.5566552994
45,Bulgaria,2019,2,Female,3568139.196767018
45,Bulgaria,1990,3,Both,8681176.830429506
45,Bulgaria,1991,3,Both,8613125.318804793
45,Bulgaria,1992,3,Both,8541148.05693993
45,Bulgaria,1993,3,Both,8466691.912790954
45,Bulgaria,1994,3,Both,8388230.206080037
45,Bulgaria,1995,3,Both,8307066.184517127
45,Bulgaria,1996,3,Both,8225198.204197329
45,Bulgaria,1997,3,Both,8141790.320936534
45,Bulgaria,1998,3,Both,8064215.871562236
45,Bulgaria,1999,3,Both,8000362.449877014
45,Bulgaria,2000,3,Both,7944429.599680975
45,Bulgaria,2001,3,Both,7890735.439521226
45,Bulgaria,2002,3,Both,7840875.230310926
45,Bulgaria,2003,3,Both,7796101.286192409
45,Bulgaria,2004,3,Both,7755384.546911987
45,Bulgaria,2005,3,Both,7715244.712547847
45,Bulgaria,2006,3,Both,7672592.777701003
45,Bulgaria,2007,3,Both,7625382.787276501
45,Bulgaria,2008,3,Both,7572448.706902905
45,Bulgaria,2009,3,Both,7511015.016398797
45,Bulgaria,2010,3,Both,7438955.898901035
45,Bulgaria,2011,3,Both,7362603.156462711
45,Bulgaria,2012,3,Both,7296289.07052715
45,Bulgaria,2013,3,Both,7241415.149124294
45,Bulgaria,2014,3,Both,7192068.145279008
45,Bulgaria,2015,3,Both,7143303.258383173
45,Bulgaria,2016,3,Both,7094312.840286781
45,Bulgaria,2017,3,Both,7044173.306667085
45,Bulgaria,2018,3,Both,6991118.958449859
45,Bulgaria,2019,3,Both,6934624.606257779
46,Croatia,1990,1,Male,2380139.3308912683
46,Croatia,1991,1,Male,2368318.5384316025
46,Croatia,1992,1,Male,2351402.521196398
46,Croatia,1993,1,Male,2332593.028887925
46,Croatia,1994,1,Male,2313274.0444086287
46,Croatia,1995,1,Male,2293933.825326089
46,Croatia,1996,1,Male,2275478.0614997195
46,Croatia,1997,1,Male,2257434.1030931
46,Croatia,1998,1,Male,2238646.725013251
46,Croatia,1999,1,Male,2219797.201490876
46,Croatia,2000,1,Male,2201995.923684414
46,Croatia,2001,1,Male,2185819.076616112
46,Croatia,2002,1,Male,2171256.844339018
46,Croatia,2003,1,Male,2158319.6088139582
46,Croatia,2004,1,Male,2147767.08533016
46,Croatia,2005,1,Male,2139230.0576103795
46,Croatia,2006,1,Male,2131783.476858269
46,Croatia,2007,1,Male,2125563.5093200915
46,Croatia,2008,1,Male,2120207.4615033385
46,Croatia,2009,1,Male,2115727.3953345707
46,Croatia,2010,1,Male,2111753.2470285823
46,Croatia,2011,1,Male,2107662.047588996
46,Croatia,2012,1,Male,2103026.616244043
46,Croatia,2013,1,Male,2098348.2111381143
46,Croatia,2014,1,Male,2093467.84123302
46,Croatia,2015,1,Male,2087411.6816699589
46,Croatia,2016,1,Male,2080952.921099545
46,Croatia,2017,1,Male,2074431.162712904
46,Croatia,2018,1,Male,2067296.309397055
46,Croatia,2019,1,Male,2059583.0512198887
46,Croatia,1990,2,Female,2520486.969433957
46,Croatia,1991,2,Female,2511075.803339784
46,Croatia,1992,2,Female,2496845.936564212
46,Croatia,1993,2,Female,2481162.947189569
46,Croatia,1994,2,Female,2465085.371493297
46,Croatia,1995,2,Female,2448998.981646818
46,Croatia,1996,2,Female,2433579.962689769
46,Croatia,1997,2,Female,2418194.989735493
46,Croatia,1998,2,Female,2401589.2973221303
46,Croatia,1999,2,Female,2384189.4511804315
46,Croatia,2000,2,Female,2366962.769202477
46,Croatia,2001,2,Female,2350548.5999638154
46,Croatia,2002,2,Female,2335196.3350507123
46,Croatia,2003,2,Female,2321054.302255577
46,Croatia,2004,2,Female,2308787.830566193
46,Croatia,2005,2,Female,2298413.839022729
46,Croatia,2006,2,Female,2289295.516438083
46,Croatia,2007,2,Female,2281133.1840712475
46,Croatia,2008,2,Female,2273924.5138664194
46,Croatia,2009,2,Female,2267762.221175984
46,Croatia,2010,2,Female,2261477.113265094
46,Croatia,2011,2,Female,2254563.9423949523
46,Croatia,2012,2,Female,2247693.916421679
46,Croatia,2013,2,Female,2240864.5289392658
46,Croatia,2014,2,Female,2233443.555010136
46,Croatia,2015,2,Female,2224663.965784494
46,Croatia,2016,2,Female,2215711.210480971
46,Croatia,2017,2,Female,2207195.957376929
46,Croatia,2018,2,Female,2198069.598647624
46,Croatia,2019,2,Female,2188319.410605298
46,Croatia,1990,3,Both,4900626.300325225
46,Croatia,1991,3,Both,4879394.341771387
46,Croatia,1992,3,Both,4848248.457760611
46,Croatia,1993,3,Both,4813755.976077494
46,Croatia,1994,3,Both,4778359.415901925
46,Croatia,1995,3,Both,4742932.806972907
46,Croatia,1996,3,Both,4709058.024189489
46,Croatia,1997,3,Both,4675629.092828593
46,Croatia,1998,3,Both,4640236.022335381
46,Croatia,1999,3,Both,4603986.652671307
46,Croatia,2000,3,Both,4568958.692886891
46,Croatia,2001,3,Both,4536367.676579927
46,Croatia,2002,3,Both,4506453.179389731
46,Croatia,2003,3,Both,4479373.911069535
46,Croatia,2004,3,Both,4456554.915896353
46,Croatia,2005,3,Both,4437643.896633108
46,Croatia,2006,3,Both,4421078.993296352
46,Croatia,2007,3,Both,4406696.693391339
46,Croatia,2008,3,Both,4394131.975369758
46,Croatia,2009,3,Both,4383489.616510555
46,Croatia,2010,3,Both,4373230.360293676
46,Croatia,2011,3,Both,4362225.989983949
46,Croatia,2012,3,Both,4350720.532665722
46,Croatia,2013,3,Both,4339212.74007738
46,Croatia,2014,3,Both,4326911.396243156
46,Croatia,2015,3,Both,4312075.647454453
46,Croatia,2016,3,Both,4296664.131580516
46,Croatia,2017,3,Both,4281627.120089833
46,Croatia,2018,3,Both,4265365.908044678
46,Croatia,2019,3,Both,4247902.461825186
47,Czechia,1990,1,Male,4995243.003250881
47,Czechia,1991,1,Male,4995433.002772475
47,Czechia,1992,1,Male,4996842.48823088
47,Czechia,1993,1,Male,4998749.437751548
47,Czechia,1994,1,Male,4998137.031271816
47,Czechia,1995,1,Male,4993546.316931705
47,Czechia,1996,1,Male,4988456.726870229
47,Czechia,1997,1,Male,4985001.492794635
47,Czechia,1998,1,Male,4983642.914255444
47,Czechia,1999,1,Male,4984071.161195684
47,Czechia,2000,1,Male,4985911.532987547
47,Czechia,2001,1,Male,4989640.251284639
47,Czechia,2002,1,Male,4995318.379102835
47,Czechia,2003,1,Male,5002319.489110251
47,Czechia,2004,1,Male,5011979.249733952
47,Czechia,2005,1,Male,5025582.786583906
47,Czechia,2006,1,Male,5043491.12775689
47,Czechia,2007,1,Male,5065694.737770062
47,Czechia,2008,1,Male,5089675.33647117
47,Czechia,2009,1,Male,5112758.484391824
47,Czechia,2010,1,Male,5132687.001256494
47,Czechia,2011,1,Male,5148527.514788465
47,Czechia,2012,1,Male,5161785.554304784
47,Czechia,2013,1,Male,5174008.111992213
47,Czechia,2014,1,Male,5186468.5853090985
47,Czechia,2015,1,Male,5199023.454839507
47,Czechia,2016,1,Male,5211302.919965784
47,Czechia,2017,1,Male,5222995.69656417
47,Czechia,2018,1,Male,5232501.859301776
47,Czechia,2019,1,Male,5239190.549753494
47,Czechia,1990,2,Female,5302228.05240125
47,Czechia,1991,2,Female,5301365.170225145
47,Czechia,1992,2,Female,5300433.382077041
47,Czechia,1993,2,Female,5299110.89649518
47,Czechia,1994,2,Female,5294605.5181479845
47,Czechia,1995,2,Female,5285574.561996765
47,Czechia,1996,2,Female,5275941.967116189
47,Czechia,1997,2,Female,5268403.088986998
47,Czechia,1998,2,Female,5262549.779868405
47,Czechia,1999,2,Female,5258611.27120807
47,Czechia,2000,2,Female,5255834.279109106
47,Czechia,2001,2,Female,5254070.045897975
47,Czechia,2002,2,Female,5253935.949713336
47,Czechia,2003,2,Female,5255085.995931753
47,Czechia,2004,2,Female,5258979.858188028
47,Czechia,2005,2,Female,5266278.39134118
47,Czechia,2006,2,Female,5276906.610892583
47,Czechia,2007,2,Female,5292132.95912885
47,Czechia,2008,2,Female,5309449.486658757
47,Czechia,2009,2,Female,5326156.50616724
47,Czechia,2010,2,Female,5340450.970284827
47,Czechia,2011,2,Female,5351063.959208791
47,Czechia,2012,2,Female,5359088.971612696
47,Czechia,2013,2,Female,5366146.090194083
47,Czechia,2014,2,Female,5373630.801544021
47,Czechia,2015,2,Female,5381327.963385496
47,Czechia,2016,2,Female,5388580.425331502
47,Czechia,2017,2,Female,5395659.974105691
47,Czechia,2018,2,Female,5401260.84779173
47,Czechia,2019,2,Female,5404295.967922076
47,Czechia,1990,3,Both,10297471.055652132
47,Czechia,1991,3,Both,10296798.17299762
47,Czechia,1992,3,Both,10297275.870307922
47,Czechia,1993,3,Both,10297860.334246729
47,Czechia,1994,3,Both,10292742.549419802
47,Czechia,1995,3,Both,10279120.87892847
47,Czechia,1996,3,Both,10264398.693986418
47,Czechia,1997,3,Both,10253404.581781631
47,Czechia,1998,3,Both,10246192.69412385
47,Czechia,1999,3,Both,10242682.432403754
47,Czechia,2000,3,Both,10241745.812096654
47,Czechia,2001,3,Both,10243710.297182614
47,Czechia,2002,3,Both,10249254.328816172
47,Czechia,2003,3,Both,10257405.485042004
47,Czechia,2004,3,Both,10270959.107921978
47,Czechia,2005,3,Both,10291861.177925086
47,Czechia,2006,3,Both,10320397.738649473
47,Czechia,2007,3,Both,10357827.696898911
47,Czechia,2008,3,Both,10399124.823129928
47,Czechia,2009,3,Both,10438914.990559064
47,Czechia,2010,3,Both,10473137.97154132
47,Czechia,2011,3,Both,10499591.473997256
47,Czechia,2012,3,Both,10520874.52591748
47,Czechia,2013,3,Both,10540154.202186296
47,Czechia,2014,3,Both,10560099.38685312
47,Czechia,2015,3,Both,10580351.418225003
47,Czechia,2016,3,Both,10599883.345297286
47,Czechia,2017,3,Both,10618655.67066986
47,Czechia,2018,3,Both,10633762.707093509
47,Czechia,2019,3,Both,10643486.51767557
48,Hungary,1990,1,Male,4993047.121494914
48,Hungary,1991,1,Male,4981538.859857306
48,Hungary,1992,1,Male,4968573.12919522
48,Hungary,1993,1,Male,4953432.236981989
48,Hungary,1994,1,Male,4938930.420564223
48,Hungary,1995,1,Male,4925128.383431367
48,Hungary,1996,1,Male,4912075.082660704
48,Hungary,1997,1,Male,4899494.006777803
48,Hungary,1998,1,Male,4885201.148122055
48,Hungary,1999,1,Male,4869400.948139749
48,Hungary,2000,1,Male,4855512.468797806
48,Hungary,2001,1,Male,4843897.053906876
48,Hungary,2002,1,Male,4831680.254600099
48,Hungary,2003,1,Male,4818116.840814822
48,Hungary,2004,1,Male,4804681.515158992
48,Hungary,2005,1,Male,4791913.608936524
48,Hungary,2006,1,Male,4779622.15489146
48,Hungary,2007,1,Male,4767678.49000285
48,Hungary,2008,1,Male,4756331.183196742
48,Hungary,2009,1,Male,4744242.695447212
48,Hungary,2010,1,Male,4730116.934959952
48,Hungary,2011,1,Male,4716092.125289812
48,Hungary,2012,1,Male,4703071.166359196
48,Hungary,2013,1,Male,4691370.904717291
48,Hungary,2014,1,Male,4680672.042708371
48,Hungary,2015,1,Male,4669367.841318015
48,Hungary,2016,1,Male,4656824.188528414
48,Hungary,2017,1,Male,4642454.250401612
48,Hungary,2018,1,Male,4625766.112649463
48,Hungary,2019,1,Male,4608137.340961956
48,Hungary,1990,2,Female,5399595.329315354
48,Hungary,1991,2,Female,5397557.033922884
48,Hungary,1992,2,Female,5395079.483564721
48,Hungary,1993,2,Female,5391176.495005811
48,Hungary,1994,2,Female,5387778.016582243
48,Hungary,1995,2,Female,5384260.972533313
48,Hungary,1996,2,Female,5379648.601263429
48,Hungary,1997,2,Female,5373619.672913672
48,Hungary,1998,2,Female,5365312.578416483
48,Hungary,1999,2,Female,5355550.489458028
48,Hungary,2000,2,Female,5346352.246570914
48,Hungary,2001,2,Female,5338121.336965242
48,Hungary,2002,2,Female,5328968.485779438
48,Hungary,2003,2,Female,5317982.370206173
48,Hungary,2004,2,Female,5306414.063107441
48,Hungary,2005,2,Female,5295490.712049689
48,Hungary,2006,2,Female,5285229.644796165
48,Hungary,2007,2,Female,5274535.676660661
48,Hungary,2008,2,Female,5263354.762907394
48,Hungary,2009,2,Female,5250868.723010867
48,Hungary,2010,2,Female,5235407.025405419
48,Hungary,2011,2,Female,5218507.486610075
48,Hungary,2012,2,Female,5201472.515380432
48,Hungary,2013,2,Female,5184714.274239724
48,Hungary,2014,2,Female,5168372.642728211
48,Hungary,2015,2,Female,5150874.532299233
48,Hungary,2016,2,Female,5132612.5971895885
48,Hungary,2017,2,Female,5113160.7787424605
48,Hungary,2018,2,Female,5090590.172924401
48,Hungary,2019,2,Female,5066275.434508732
48,Hungary,1990,3,Both,10392642.450810269
48,Hungary,1991,3,Both,10379095.893780189
48,Hungary,1992,3,Both,10363652.612759942
48,Hungary,1993,3,Both,10344608.7319878
48,Hungary,1994,3,Both,10326708.437146466
48,Hungary,1995,3,Both,10309389.35596468
48,Hungary,1996,3,Both,10291723.683924131
48,Hungary,1997,3,Both,10273113.679691477
48,Hungary,1998,3,Both,10250513.726538535
48,Hungary,1999,3,Both,10224951.437597778
48,Hungary,2000,3,Both,10201864.71536872
48,Hungary,2001,3,Both,10182018.390872115
48,Hungary,2002,3,Both,10160648.740379537
48,Hungary,2003,3,Both,10136099.211020997
48,Hungary,2004,3,Both,10111095.578266433
48,Hungary,2005,3,Both,10087404.320986211
48,Hungary,2006,3,Both,10064851.799687626
48,Hungary,2007,3,Both,10042214.16666351
48,Hungary,2008,3,Both,10019685.946104135
48,Hungary,2009,3,Both,9995111.41845808
48,Hungary,2010,3,Both,9965523.960365372
48,Hungary,2011,3,Both,9934599.611899888
48,Hungary,2012,3,Both,9904543.681739626
48,Hungary,2013,3,Both,9876085.178957015
48,Hungary,2014,3,Both,9849044.685436582
48,Hungary,2015,3,Both,9820242.373617249
48,Hungary,2016,3,Both,9789436.785718003
48,Hungary,2017,3,Both,9755615.029144073
48,Hungary,2018,3,Both,9716356.285573864
48,Hungary,2019,3,Both,9674412.775470687
49,North Macedonia,1990,1,Male,1015702.2619704644
49,North Macedonia,1991,1,Male,1016188.7987546832
49,North Macedonia,1992,1,Male,1014668.2321502584
49,North Macedonia,1993,1,Male,1008614.277660694
49,North Macedonia,1994,1,Male,1002673.3878383924
49,North Macedonia,1995,1,Male,1002148.1918737
49,North Macedonia,1996,1,Male,1006794.3661335869
49,North Macedonia,1997,1,Male,1049943.6980409962
49,North Macedonia,1998,1,Male,1098568.0101669002
49,North Macedonia,1999,1,Male,1052769.8673364029
49,North Macedonia,2000,1,Male,1002246.9805949
49,North Macedonia,2001,1,Male,1015838.8642129872
49,North Macedonia,2002,1,Male,1036630.1833504712
49,North Macedonia,2003,1,Male,1044365.6424450004
49,North Macedonia,2004,1,Male,1048262.8537127696
49,North Macedonia,2005,1,Male,1051343.886550402
49,North Macedonia,2006,1,Male,1055368.887923764
49,North Macedonia,2007,1,Male,1059526.6351889833
49,North Macedonia,2008,1,Male,1063259.4071763842
49,North Macedonia,2009,1,Male,1066417.897079863
49,North Macedonia,2010,1,Male,1069304.6527584624
49,North Macedonia,2011,1,Male,1072711.9892036822
49,North Macedonia,2012,1,Male,1076896.0414722709
49,North Macedonia,2013,1,Male,1079230.321089866
49,North Macedonia,2014,1,Male,1080619.1851215507
49,North Macedonia,2015,1,Male,1084511.5771015617
49,North Macedonia,2016,1,Male,1088590.0142749925
49,North Macedonia,2017,1,Male,1090832.2467157077
49,North Macedonia,2018,1,Male,1092244.214777738
49,North Macedonia,2019,1,Male,1093183.552479986
49,North Macedonia,1990,2,Female,999744.9313241766
49,North Macedonia,1991,2,Female,1001738.7867953224
49,North Macedonia,1992,2,Female,1002332.0378134327
49,North Macedonia,1993,2,Female,999728.2639138128
49,North Macedonia,1994,2,Female,996993.5099066554
49,North Macedonia,1995,2,Female,997854.9163139524
49,North Macedonia,1996,2,Female,1002216.8415423668
49,North Macedonia,1997,2,Female,1034312.6763016692
49,North Macedonia,1998,2,Female,1069655.6285262816
49,North Macedonia,1999,2,Female,1037890.1548701072
49,North Macedonia,2000,2,Female,1001835.9037645092
49,North Macedonia,2001,2,Female,1011658.46026496
49,North Macedonia,2002,2,Female,1026828.8531307022
49,North Macedonia,2003,2,Female,1032458.9800296044
49,North Macedonia,2004,2,Female,1035025.3798827224
49,North Macedonia,2005,2,Female,1036818.221014624
49,North Macedonia,2006,2,Female,1039305.980606835
49,North Macedonia,2007,2,Female,1041763.1107109912
49,North Macedonia,2008,2,Female,1043691.0919776732
49,North Macedonia,2009,2,Female,1045319.57144282
49,North Macedonia,2010,2,Female,1046907.1623755554
49,North Macedonia,2011,2,Female,1048835.869727804
49,North Macedonia,2012,2,Female,1051166.5783815626
49,North Macedonia,2013,2,Female,1052268.620613483
49,North Macedonia,2014,2,Female,1052927.7183938285
49,North Macedonia,2015,2,Female,1055229.243507396
49,North Macedonia,2016,2,Female,1057615.3008017556
49,North Macedonia,2017,2,Female,1058806.508972398
49,North Macedonia,2018,2,Female,1059371.2864380144
49,North Macedonia,2019,2,Female,1059547.5107060974
49,North Macedonia,1990,3,Both,2015447.1932946409
49,North Macedonia,1991,3,Both,2017927.5855500053
49,North Macedonia,1992,3,Both,2017000.269963691
49,North Macedonia,1993,3,Both,2008342.5415745068
49,North Macedonia,1994,3,Both,1999666.897745048
49,North Macedonia,1995,3,Both,2000003.108187652
49,North Macedonia,1996,3,Both,2009011.2076759527
49,North Macedonia,1997,3,Both,2084256.3743426653
49,North Macedonia,1998,3,Both,2168223.638693182
49,North Macedonia,1999,3,Both,2090660.02220651
49,North Macedonia,2000,3,Both,2004082.884359409
49,North Macedonia,2001,3,Both,2027497.324477947
49,North Macedonia,2002,3,Both,2063459.0364811728
49,North Macedonia,2003,3,Both,2076824.6224746048
49,North Macedonia,2004,3,Both,2083288.233595492
49,North Macedonia,2005,3,Both,2088162.107565026
49,North Macedonia,2006,3,Both,2094674.868530599
49,North Macedonia,2007,3,Both,2101289.7458999744
49,North Macedonia,2008,3,Both,2106950.499154058
49,North Macedonia,2009,3,Both,2111737.468522683
49,North Macedonia,2010,3,Both,2116211.8151340177
49,North Macedonia,2011,3,Both,2121547.858931486
49,North Macedonia,2012,3,Both,2128062.619853833
49,North Macedonia,2013,3,Both,2131498.941703349
49,North Macedonia,2014,3,Both,2133546.903515379
49,North Macedonia,2015,3,Both,2139740.8206089577
49,North Macedonia,2016,3,Both,2146205.315076748
49,North Macedonia,2017,3,Both,2149638.755688105
49,North Macedonia,2018,3,Both,2151615.5012157527
49,North Macedonia,2019,3,Both,2152731.0631860835
50,Montenegro,1990,1,Male,311660.27652613656
50,Montenegro,1991,1,Male,312619.1177424384
50,Montenegro,1992,1,Male,313429.13650494715
50,Montenegro,1993,1,Male,314025.77269478934
50,Montenegro,1994,1,Male,314407.6009319239
50,Montenegro,1995,1,Male,314633.86060318805
50,Montenegro,1996,1,Male,314745.643089236
50,Montenegro,1997,1,Male,314732.2490907152
50,Montenegro,1998,1,Male,314613.93208984274
50,Montenegro,1999,1,Male,314456.13988666894
50,Montenegro,2000,1,Male,314303.332317235
50,Montenegro,2001,1,Male,314162.43686952896
50,Montenegro,2002,1,Male,313995.6737801879
50,Montenegro,2003,1,Male,313782.90107270336
50,Montenegro,2004,1,Male,313502.39730966586
50,Montenegro,2005,1,Male,313131.4627114754
50,Montenegro,2006,1,Male,312710.67181426
50,Montenegro,2007,1,Male,312310.9855314379
50,Montenegro,2008,1,Male,311961.4133120621
50,Montenegro,2009,1,Male,311652.067652395
50,Montenegro,2010,1,Male,311381.7199086321
50,Montenegro,2011,1,Male,311094.1596639104
50,Montenegro,2012,1,Male,310756.9772401934
50,Montenegro,2013,1,Male,310374.23136525066
50,Montenegro,2014,1,Male,309918.5001109836
50,Montenegro,2015,1,Male,309395.19474970107
50,Montenegro,2016,1,Male,308774.23902955494
50,Montenegro,2017,1,Male,308057.2343931924
50,Montenegro,2018,1,Male,307329.90265391057
50,Montenegro,2019,1,Male,306615.40754599404
50,Montenegro,1990,2,Female,314069.1931506885
50,Montenegro,1991,2,Female,315309.0264984596
50,Montenegro,1992,2,Female,316468.4199778704
50,Montenegro,1993,2,Female,317479.98117755057
50,Montenegro,1994,2,Female,318309.0442477742
50,Montenegro,1995,2,Female,318979.46533865784
50,Montenegro,1996,2,Female,319541.3230301904
50,Montenegro,1997,2,Female,320010.7351330912
50,Montenegro,1998,2,Female,320421.9552349423
50,Montenegro,1999,2,Female,320797.3087283135
50,Montenegro,2000,2,Female,321106.82985820656
50,Montenegro,2001,2,Female,321330.7987766473
50,Montenegro,2002,2,Female,321472.9472890951
50,Montenegro,2003,2,Female,321523.1134755846
50,Montenegro,2004,2,Female,321464.6764833853
50,Montenegro,2005,2,Female,321317.40263276914
50,Montenegro,2006,2,Female,321092.26944829826
50,Montenegro,2007,2,Female,320761.09440742043
50,Montenegro,2008,2,Female,320319.7555815695
50,Montenegro,2009,2,Female,319805.88003720576
50,Montenegro,2010,2,Female,319254.9204784535
50,Montenegro,2011,2,Female,318688.5345244548
50,Montenegro,2012,2,Female,318109.1259946124
50,Montenegro,2013,2,Female,317521.3021426292
50,Montenegro,2014,2,Female,316899.8946533085
50,Montenegro,2015,2,Female,316246.00561873306
50,Montenegro,2016,2,Female,315612.5679756612
50,Montenegro,2017,2,Female,314999.38018391654
50,Montenegro,2018,2,Female,314359.6815360025
50,Montenegro,2019,2,Female,313724.164404701
50,Montenegro,1990,3,Both,625729.469676825
50,Montenegro,1991,3,Both,627928.144240898
50,Montenegro,1992,3,Both,629897.5564828175
50,Montenegro,1993,3,Both,631505.75387234
50,Montenegro,1994,3,Both,632716.6451796981
50,Montenegro,1995,3,Both,633613.3259418459
50,Montenegro,1996,3,Both,634286.9661194264
50,Montenegro,1997,3,Both,634742.9842238064
50,Montenegro,1998,3,Both,635035.8873247851
50,Montenegro,1999,3,Both,635253.4486149824
50,Montenegro,2000,3,Both,635410.1621754415
50,Montenegro,2001,3,Both,635493.2356461763
50,Montenegro,2002,3,Both,635468.621069283
50,Montenegro,2003,3,Both,635306.014548288
50,Montenegro,2004,3,Both,634967.0737930512
50,Montenegro,2005,3,Both,634448.8653442445
50,Montenegro,2006,3,Both,633802.9412625582
50,Montenegro,2007,3,Both,633072.0799388583
50,Montenegro,2008,3,Both,632281.1688936315
50,Montenegro,2009,3,Both,631457.9476896008
50,Montenegro,2010,3,Both,630636.6403870856
50,Montenegro,2011,3,Both,629782.6941883651
50,Montenegro,2012,3,Both,628866.1032348057
50,Montenegro,2013,3,Both,627895.5335078799
50,Montenegro,2014,3,Both,626818.3947642922
50,Montenegro,2015,3,Both,625641.2003684342
50,Montenegro,2016,3,Both,624386.8070052161
50,Montenegro,2017,3,Both,623056.614577109
50,Montenegro,2018,3,Both,621689.5841899131
50,Montenegro,2019,3,Both,620339.571950695
51,Poland,1990,1,Male,18573670.022409525
51,Poland,1991,1,Male,18607129.0689342
51,Poland,1992,1,Male,18627505.965477142
51,Poland,1993,1,Male,18642323.185092296
51,Poland,1994,1,Male,18649507.611085262
51,Poland,1995,1,Male,18645860.940336537
51,Poland,1996,1,Male,18636113.455834035
51,Poland,1997,1,Male,18622753.632333923
51,Poland,1998,1,Male,18604710.296562564
51,Poland,1999,1,Male,18581182.92724491
51,Poland,2000,1,Male,18556931.80638779
51,Poland,2001,1,Male,18536001.61539715
51,Poland,2002,1,Male,18515961.74334973
51,Poland,2003,1,Male,18498715.050506305
51,Poland,2004,1,Male,18485386.715923782
51,Poland,2005,1,Male,18478381.535363525
51,Poland,2006,1,Male,18480135.765025288
51,Poland,2007,1,Male,18490353.087905787
51,Poland,2008,1,Male,18508526.71295067
51,Poland,2009,1,Male,18532650.484733697
51,Poland,2010,1,Male,18558779.195395272
51,Poland,2011,1,Male,18582070.027800366
51,Poland,2012,1,Male,18598311.647917565
51,Poland,2013,1,Male,18608252.15420589
51,Poland,2014,1,Male,18617239.480160736
51,Poland,2015,1,Male,18623607.74299862
51,Poland,2016,1,Male,18626471.63796543
51,Poland,2017,1,Male,18627304.583192494
51,Poland,2018,1,Male,18622203.08173566
51,Poland,2019,1,Male,18608606.84948316
51,Poland,1990,2,Female,19584136.75273612
51,Poland,1991,2,Female,19642461.25784764
51,Poland,1992,2,Female,19687523.731858205
51,Poland,1993,2,Female,19722432.356035914
51,Poland,1994,2,Female,19745934.84256136
51,Poland,1995,2,Female,19758763.289668616
51,Poland,1996,2,Female,19763924.630753145
51,Poland,1997,2,Female,19762953.140176136
51,Poland,1998,2,Female,19757619.55980028
51,Poland,1999,2,Female,19747949.064331178
51,Poland,2000,2,Female,19735347.519837707
51,Poland,2001,2,Female,19722851.51718864
51,Poland,2002,2,Female,19711398.319808416
51,Poland,2003,2,Female,19702734.537841484
51,Poland,2004,2,Female,19699136.24117012
51,Poland,2005,2,Female,19702634.13158852
51,Poland,2006,2,Female,19714295.02222709
51,Poland,2007,2,Female,19733896.6436052
51,Poland,2008,2,Female,19759549.36976964
51,Poland,2009,2,Female,19786518.08152351
51,Poland,2010,2,Female,19812297.58504811
51,Poland,2011,2,Female,19834420.270745423
51,Poland,2012,2,Female,19848056.010372806
51,Poland,2013,2,Female,19854245.35646694
51,Poland,2014,2,Female,19857341.21919166
51,Poland,2015,2,Female,19857744.01603299
51,Poland,2016,2,Female,19856470.43408301
51,Poland,2017,2,Female,19853603.769227702
51,Poland,2018,2,Female,19844377.625047646
51,Poland,2019,2,Female,19825838.07333075
51,Poland,1990,3,Both,38157806.77514565
51,Poland,1991,3,Both,38249590.32678183
51,Poland,1992,3,Both,38315029.69733535
51,Poland,1993,3,Both,38364755.54112821
51,Poland,1994,3,Both,38395442.45364663
51,Poland,1995,3,Both,38404624.23000515
51,Poland,1996,3,Both,38400038.08658718
51,Poland,1997,3,Both,38385706.77251006
51,Poland,1998,3,Both,38362329.85636284
51,Poland,1999,3,Both,38329131.99157609
51,Poland,2000,3,Both,38292279.3262255
51,Poland,2001,3,Both,38258853.132585794
51,Poland,2002,3,Both,38227360.06315815
51,Poland,2003,3,Both,38201449.58834779
51,Poland,2004,3,Both,38184522.95709389
51,Poland,2005,3,Both,38181015.66695205
51,Poland,2006,3,Both,38194430.78725237
51,Poland,2007,3,Both,38224249.73151098
51,Poland,2008,3,Both,38268076.08272031
51,Poland,2009,3,Both,38319168.56625721
51,Poland,2010,3,Both,38371076.78044338
51,Poland,2011,3,Both,38416490.298545785
51,Poland,2012,3,Both,38446367.65829037
51,Poland,2013,3,Both,38462497.51067283
51,Poland,2014,3,Both,38474580.69935239
51,Poland,2015,3,Both,38481351.75903161
51,Poland,2016,3,Both,38482942.07204844
51,Poland,2017,3,Both,38480908.3524202
51,Poland,2018,3,Both,38466580.70678331
51,Poland,2019,3,Both,38434444.92281391
52,Romania,1990,1,Male,11524536.45624792
52,Romania,1991,1,Male,11504846.9089678
52,Romania,1992,1,Male,11466282.42441707
52,Romania,1993,1,Male,11414490.915314086
52,Romania,1994,1,Male,11363875.836855836
52,Romania,1995,1,Male,11306132.911960537
52,Romania,1996,1,Male,11237718.650428576
52,Romania,1997,1,Male,11164838.753036028
52,Romania,1998,1,Male,11094405.741404831
52,Romania,1999,1,Male,11028140.27727633
52,Romania,2000,1,Male,10961439.026202848
52,Romania,2001,1,Male,10885686.11327234
52,Romania,2002,1,Male,10795864.4450451
52,Romania,2003,1,Male,10695602.209128486
52,Romania,2004,1,Male,10600789.10949157
52,Romania,2005,1,Male,10510963.179444125
52,Romania,2006,1,Male,10423704.82373827
52,Romania,2007,1,Male,10340049.12373396
52,Romania,2008,1,Male,10259046.40539359
52,Romania,2009,1,Male,10178087.112536827
52,Romania,2010,1,Male,10094845.348157069
52,Romania,2011,1,Male,10003822.629265184
52,Romania,2012,1,Male,9917446.559903843
52,Romania,2013,1,Male,9838215.815489093
52,Romania,2014,1,Male,9752322.265059585
52,Romania,2015,1,Male,9653675.664294804
52,Romania,2016,1,Male,9567698.87313426
52,Romania,2017,1,Male,9499934.29758054
52,Romania,2018,1,Male,9431220.527643586
52,Romania,2019,1,Male,9360878.694506189
52,Romania,1990,2,Female,11872017.590385322
52,Romania,1991,2,Female,11860527.404335292
52,Romania,1992,2,Female,11831404.80535149
52,Romania,1993,2,Female,11792633.757890398
52,Romania,1994,2,Female,11757626.037555968
52,Romania,1995,2,Female,11718573.921173671
52,Romania,1996,2,Female,11671585.947609697
52,Romania,1997,2,Female,11622392.482789611
52,Romania,1998,2,Female,11573633.03667319
52,Romania,1999,2,Female,11522140.985186497
52,Romania,2000,2,Female,11465482.440347089
52,Romania,2001,2,Female,11399306.312228596
52,Romania,2002,2,Female,11318276.692375654
52,Romania,2003,2,Female,11223416.34957756
52,Romania,2004,2,Female,11131391.500693548
52,Romania,2005,2,Female,11040833.986192234
52,Romania,2006,2,Female,10949731.331206428
52,Romania,2007,2,Female,10861563.670861663
52,Romania,2008,2,Female,10777745.865687126
52,Romania,2009,2,Female,10695457.376842177
52,Romania,2010,2,Female,10610972.711336216
52,Romania,2011,2,Female,10521399.804979911
52,Romania,2012,2,Female,10435436.15917844
52,Romania,2013,2,Female,10352773.11943906
52,Romania,2014,2,Female,10266912.367271494
52,Romania,2015,2,Female,10173743.558886282
52,Romania,2016,2,Female,10090826.742586594
52,Romania,2017,2,Female,10021223.49285058
52,Romania,2018,2,Female,9950027.885736346
52,Romania,2019,2,Female,9876187.708371766
52,Romania,1990,3,Both,23396554.04663324
52,Romania,1991,3,Both,23365374.31330309
52,Romania,1992,3,Both,23297687.22976856
52,Romania,1993,3,Both,23207124.673204485
52,Romania,1994,3,Both,23121501.874411803
52,Romania,1995,3,Both,23024706.833134204
52,Romania,1996,3,Both,22909304.59803827
52,Romania,1997,3,Both,22787231.23582564
52,Romania,1998,3,Both,22668038.778078023
52,Romania,1999,3,Both,22550281.262462825
52,Romania,2000,3,Both,22426921.466549933
52,Romania,2001,3,Both,22284992.425500933
52,Romania,2002,3,Both,22114141.137420755
52,Romania,2003,3,Both,21919018.558706045
52,Romania,2004,3,Both,21732180.61018512
52,Romania,2005,3,Both,21551797.16563636
52,Romania,2006,3,Both,21373436.1549447
52,Romania,2007,3,Both,21201612.794595625
52,Romania,2008,3,Both,21036792.27108072
52,Romania,2009,3,Both,20873544.489379004
52,Romania,2010,3,Both,20705818.059493285
52,Romania,2011,3,Both,20525222.43424509
52,Romania,2012,3,Both,20352882.719082285
52,Romania,2013,3,Both,20190988.93492816
52,Romania,2014,3,Both,20019234.63233108
52,Romania,2015,3,Both,19827419.223181088
52,Romania,2016,3,Both,19658525.615720853
52,Romania,2017,3,Both,19521157.790431123
52,Romania,2018,3,Both,19381248.41337993
52,Romania,2019,3,Both,19237066.40287796
53,Serbia,1990,1,Male,4608192.889885818
53,Serbia,1991,1,Male,4721540.322477497
53,Serbia,1992,1,Male,4779618.776719976
53,Serbia,1993,1,Male,4796807.228789364
53,Serbia,1994,1,Male,4833302.941363365
53,Serbia,1995,1,Male,4837254.803391478
53,Serbia,1996,1,Male,4830146.427395437
53,Serbia,1997,1,Male,4697984.485164852
53,Serbia,1998,1,Male,4536966.624031226
53,Serbia,1999,1,Male,4610682.624782176
53,Serbia,2000,1,Male,4701885.624328214
53,Serbia,2001,1,Male,4644307.391687993
53,Serbia,2002,1,Male,4605472.850630392
53,Serbia,2003,1,Male,4596842.016615833
53,Serbia,2004,1,Male,4564432.437678202
53,Serbia,2005,1,Male,4528943.169319471
53,Serbia,2006,1,Male,4506923.245689519
53,Serbia,2007,1,Male,4481203.466868205
53,Serbia,2008,1,Male,4451508.7500091605
53,Serbia,2009,1,Male,4429350.21118192
53,Serbia,2010,1,Male,4416477.994986582
53,Serbia,2011,1,Male,4417626.736056128
53,Serbia,2012,1,Male,4424956.594334678
53,Serbia,2013,1,Male,4412540.688425937
53,Serbia,2014,1,Male,4395005.170472177
53,Serbia,2015,1,Male,4389267.972883335
53,Serbia,2016,1,Male,4382264.463760836
53,Serbia,2017,1,Male,4370394.947972061
53,Serbia,2018,1,Male,4355385.6719839545
53,Serbia,2019,1,Male,4338073.714266282
53,Serbia,1990,2,Female,4789279.858816281
53,Serbia,1991,2,Female,4888581.683387073
53,Serbia,1992,2,Female,4942881.903035119
53,Serbia,1993,2,Female,4962937.991602264
53,Serbia,1994,2,Female,4993966.874377861
53,Serbia,1995,2,Female,4997944.099617971
53,Serbia,1996,2,Female,4990958.495681656
53,Serbia,1997,2,Female,4887601.000597974
53,Serbia,1998,2,Female,4759357.420153856
53,Serbia,1999,2,Female,4808091.147550887
53,Serbia,2000,2,Female,4869612.613720874
53,Serbia,2001,2,Female,4820187.015420998
53,Serbia,2002,2,Female,4786048.850284752
53,Serbia,2003,2,Female,4775992.922780348
53,Serbia,2004,2,Female,4748035.037481245
53,Serbia,2005,2,Female,4715988.244017927
53,Serbia,2006,2,Female,4691921.491275937
53,Serbia,2007,2,Female,4663692.713429453
53,Serbia,2008,2,Female,4630556.164035997
53,Serbia,2009,2,Female,4600845.4460493885
53,Serbia,2010,2,Female,4576836.750552403
53,Serbia,2011,2,Female,4563365.08746729
53,Serbia,2012,2,Female,4555240.457936485
53,Serbia,2013,2,Female,4533985.067779086
53,Serbia,2014,2,Female,4509937.160432066
53,Serbia,2015,2,Female,4494283.203511173
53,Serbia,2016,2,Female,4477411.672566456
53,Serbia,2017,2,Female,4456775.917052711
53,Serbia,2018,2,Female,4433693.098264218
53,Serbia,2019,2,Female,4408711.092138703
53,Serbia,1990,3,Both,9397472.748702098
53,Serbia,1991,3,Both,9610122.00586457
53,Serbia,1992,3,Both,9722500.679755095
53,Serbia,1993,3,Both,9759745.22039163
53,Serbia,1994,3,Both,9827269.815741226
53,Serbia,1995,3,Both,9835198.90300945
53,Serbia,1996,3,Both,9821104.923077092
53,Serbia,1997,3,Both,9585585.485762823
53,Serbia,1998,3,Both,9296324.04418508
53,Serbia,1999,3,Both,9418773.772333063
53,Serbia,2000,3,Both,9571498.238049088
53,Serbia,2001,3,Both,9464494.40710899
53,Serbia,2002,3,Both,9391521.700915145
53,Serbia,2003,3,Both,9372834.93939618
53,Serbia,2004,3,Both,9312467.475159446
53,Serbia,2005,3,Both,9244931.413337398
53,Serbia,2006,3,Both,9198844.736965455
53,Serbia,2007,3,Both,9144896.180297658
53,Serbia,2008,3,Both,9082064.914045157
53,Serbia,2009,3,Both,9030195.657231309
53,Serbia,2010,3,Both,8993314.745538985
53,Serbia,2011,3,Both,8980991.823523419
53,Serbia,2012,3,Both,8980197.052271163
53,Serbia,2013,3,Both,8946525.756205022
53,Serbia,2014,3,Both,8904942.330904244
53,Serbia,2015,3,Both,8883551.17639451
53,Serbia,2016,3,Both,8859676.136327293
53,Serbia,2017,3,Both,8827170.865024772
53,Serbia,2018,3,Both,8789078.770248173
53,Serbia,2019,3,Both,8746784.806404985
54,Slovakia,1990,1,Male,2579895.26360012
54,Slovakia,1991,1,Male,2587020.4442918603
54,Slovakia,1992,1,Male,2593761.418816501
54,Slovakia,1993,1,Male,2599954.1863989136
54,Slovakia,1994,1,Male,2605028.430660249
54,Slovakia,1995,1,Male,2608534.6509272275
54,Slovakia,1996,1,Male,2611547.224895663
54,Slovakia,1997,1,Male,2614344.6404395206
54,Slovakia,1998,1,Male,2616062.8479027846
54,Slovakia,1999,1,Male,2617134.8045469485
54,Slovakia,2000,1,Male,2617692.854517448
54,Slovakia,2001,1,Male,2617428.989019506
54,Slovakia,2002,1,Male,2616801.473142522
54,Slovakia,2003,1,Male,2616559.1035848465
54,Slovakia,2004,1,Male,2617440.6545318705
54,Slovakia,2005,1,Male,2618466.604341116
54,Slovakia,2006,1,Male,2618963.518374663
54,Slovakia,2007,1,Male,2619817.5588685744
54,Slovakia,2008,1,Male,2621886.1440137303
54,Slovakia,2009,1,Male,2625564.5264880704
54,Slovakia,2010,1,Male,2629953.556524239
54,Slovakia,2011,1,Male,2633713.626098932
54,Slovakia,2012,1,Male,2636208.708785545
54,Slovakia,2013,1,Male,2638172.742090164
54,Slovakia,2014,1,Male,2640348.19678879
54,Slovakia,2015,1,Male,2642530.748788267
54,Slovakia,2016,1,Male,2645416.5041688136
54,Slovakia,2017,1,Male,2648993.196274264
54,Slovakia,2018,1,Male,2652117.393329728
54,Slovakia,2019,1,Male,2654153.323560042
54,Slovakia,1990,2,Female,2702994.37125071
54,Slovakia,1991,2,Female,2715081.543226901
54,Slovakia,1992,2,Female,2726550.395925521
54,Slovakia,1993,2,Female,2737051.929491221
54,Slovakia,1994,2,Female,2745510.228810159
54,Slovakia,1995,2,Female,2751868.9863777547
54,Slovakia,1996,2,Female,2757393.006788344
54,Slovakia,1997,2,Female,2762157.91173154
54,Slovakia,1998,2,Female,2765909.8837690223
54,Slovakia,1999,2,Female,2769095.6017091665
54,Slovakia,2000,2,Female,2771463.1887877714
54,Slovakia,2001,2,Female,2772462.177881659
54,Slovakia,2002,2,Female,2772655.204611491
54,Slovakia,2003,2,Female,2773135.4193627294
54,Slovakia,2004,2,Female,2773768.032293136
54,Slovakia,2005,2,Female,2774136.118187475
54,Slovakia,2006,2,Female,2773965.4190032845
54,Slovakia,2007,2,Female,2773535.7572510485
54,Slovakia,2008,2,Female,2774303.8149897973
54,Slovakia,2009,2,Female,2776375.553960257
54,Slovakia,2010,2,Female,2778820.8433737946
54,Slovakia,2011,2,Female,2780706.675926588
54,Slovakia,2012,2,Female,2781104.1364645725
54,Slovakia,2013,2,Female,2780899.037607238
54,Slovakia,2014,2,Female,2781004.6028472967
54,Slovakia,2015,2,Female,2781289.977851993
54,Slovakia,2016,2,Female,2781887.80080455
54,Slovakia,2017,2,Female,2782928.4380661217
54,Slovakia,2018,2,Female,2783537.6467587696
54,Slovakia,2019,2,Female,2783069.422911532
54,Slovakia,1990,3,Both,5282889.63485083
54,Slovakia,1991,3,Both,5302101.987518762
54,Slovakia,1992,3,Both,5320311.814742021
54,Slovakia,1993,3,Both,5337006.115890135
54,Slovakia,1994,3,Both,5350538.659470409
54,Slovakia,1995,3,Both,5360403.637304982
54,Slovakia,1996,3,Both,5368940.231684007
54,Slovakia,1997,3,Both,5376502.55217106
54,Slovakia,1998,3,Both,5381972.731671806
54,Slovakia,1999,3,Both,5386230.406256115
54,Slovakia,2000,3,Both,5389156.043305219
54,Slovakia,2001,3,Both,5389891.166901165
54,Slovakia,2002,3,Both,5389456.677754013
54,Slovakia,2003,3,Both,5389694.522947576
54,Slovakia,2004,3,Both,5391208.686825006
54,Slovakia,2005,3,Both,5392602.72252859
54,Slovakia,2006,3,Both,5392928.937377947
54,Slovakia,2007,3,Both,5393353.316119623
54,Slovakia,2008,3,Both,5396189.959003528
54,Slovakia,2009,3,Both,5401940.080448328
54,Slovakia,2010,3,Both,5408774.399898034
54,Slovakia,2011,3,Both,5414420.30202552
54,Slovakia,2012,3,Both,5417312.845250118
54,Slovakia,2013,3,Both,5419071.779697401
54,Slovakia,2014,3,Both,5421352.799636087
54,Slovakia,2015,3,Both,5423820.72664026
54,Slovakia,2016,3,Both,5427304.304973363
54,Slovakia,2017,3,Both,5431921.634340386
54,Slovakia,2018,3,Both,5435655.040088498
54,Slovakia,2019,3,Both,5437222.746471574
55,Slovenia,1990,1,Male,957293.8252348516
55,Slovenia,1991,1,Male,959752.1808986536
55,Slovenia,1992,1,Male,961820.7806044956
55,Slovenia,1993,1,Male,963575.943174064
55,Slovenia,1994,1,Male,965067.6382761814
55,Slovenia,1995,1,Male,966350.7990012856
55,Slovenia,1996,1,Male,967526.3913936988
55,Slovenia,1997,1,Male,968579.203621511
55,Slovenia,1998,1,Male,969514.2155798016
55,Slovenia,1999,1,Male,970601.8360822132
55,Slovenia,2000,1,Male,972033.8642853388
55,Slovenia,2001,1,Male,973637.8563216092
55,Slovenia,2002,1,Male,975431.7048400848
55,Slovenia,2003,1,Male,977437.4089281532
55,Slovenia,2004,1,Male,979896.7298993152
55,Slovenia,2005,1,Male,983287.586070352
55,Slovenia,2006,1,Male,987238.7580026804
55,Slovenia,2007,1,Male,991550.9366540682
55,Slovenia,2008,1,Male,996337.0238323064
55,Slovenia,2009,1,Male,1001391.766297492
55,Slovenia,2010,1,Male,1006354.4956684768
55,Slovenia,2011,1,Male,1010938.2928599524
55,Slovenia,2012,1,Male,1014967.7320255768
55,Slovenia,2013,1,Male,1018373.6617772332
55,Slovenia,2014,1,Male,1021542.1324253768
55,Slovenia,2015,1,Male,1024218.603061901
55,Slovenia,2016,1,Male,1026175.8911364266
55,Slovenia,2017,1,Male,1027621.9043746222
55,Slovenia,2018,1,Male,1028475.884685848
55,Slovenia,2019,1,Male,1028769.8117869676
55,Slovenia,1990,2,Female,1013787.9637435816
55,Slovenia,1991,2,Female,1015886.4374021778
55,Slovenia,1992,2,Female,1017474.0887296844
55,Slovenia,1993,2,Female,1018655.9874112806
55,Slovenia,1994,2,Female,1019540.993386403
55,Slovenia,1995,2,Female,1020186.2776785772
55,Slovenia,1996,2,Female,1020509.1529001794
55,Slovenia,1997,2,Female,1020531.0764623374
55,Slovenia,1998,2,Female,1020408.7250538042
55,Slovenia,1999,2,Female,1020227.1234116936
55,Slovenia,2000,2,Female,1020230.6385511477
55,Slovenia,2001,2,Female,1020375.0626476816
55,Slovenia,2002,2,Female,1020621.8258022782
55,Slovenia,2003,2,Female,1021213.5125918468
55,Slovenia,2004,2,Female,1021922.024416456
55,Slovenia,2005,2,Female,1022787.0429395124
55,Slovenia,2006,2,Female,1024277.330247238
55,Slovenia,2007,2,Female,1026321.3995535196
55,Slovenia,2008,2,Female,1028804.5450914666
55,Slovenia,2009,2,Female,1031577.5100186198
55,Slovenia,2010,2,Female,1034299.9403001204
55,Slovenia,2011,2,Female,1036801.0064281152
55,Slovenia,2012,2,Female,1038930.644567767
55,Slovenia,2013,2,Female,1040786.662315256
55,Slovenia,2014,2,Female,1042575.0107518004
55,Slovenia,2015,2,Female,1044101.9896896807
55,Slovenia,2016,2,Female,1045191.532207374
55,Slovenia,2017,2,Female,1045850.1665352798
55,Slovenia,2018,2,Female,1045953.0053434798
55,Slovenia,2019,2,Female,1045500.7534524264
55,Slovenia,1990,3,Both,1971081.7889784328
55,Slovenia,1991,3,Both,1975638.618300832
55,Slovenia,1992,3,Both,1979294.86933418
55,Slovenia,1993,3,Both,1982231.9305853448
55,Slovenia,1994,3,Both,1984608.6316625844
55,Slovenia,1995,3,Both,1986537.0766798628
55,Slovenia,1996,3,Both,1988035.5442938784
55,Slovenia,1997,3,Both,1989110.2800838484
55,Slovenia,1998,3,Both,1989922.940633606
55,Slovenia,1999,3,Both,1990828.9594939067
55,Slovenia,2000,3,Both,1992264.5028364863
55,Slovenia,2001,3,Both,1994012.9189692908
55,Slovenia,2002,3,Both,1996053.5306423628
55,Slovenia,2003,3,Both,1998650.92152
55,Slovenia,2004,3,Both,2001818.754315772
55,Slovenia,2005,3,Both,2006074.6290098643
55,Slovenia,2006,3,Both,2011516.0882499183
55,Slovenia,2007,3,Both,2017872.336207588
55,Slovenia,2008,3,Both,2025141.568923773
55,Slovenia,2009,3,Both,2032969.276316112
55,Slovenia,2010,3,Both,2040654.4359685967
55,Slovenia,2011,3,Both,2047739.2992880675
55,Slovenia,2012,3,Both,2053898.376593344
55,Slovenia,2013,3,Both,2059160.3240924887
55,Slovenia,2014,3,Both,2064117.1431771773
55,Slovenia,2015,3,Both,2068320.592751582
55,Slovenia,2016,3,Both,2071367.4233438005
55,Slovenia,2017,3,Both,2073472.070909902
55,Slovenia,2018,3,Both,2074428.890029328
55,Slovenia,2019,3,Both,2074270.5652393936
57,Belarus,1990,1,Male,4912325.33360503
57,Belarus,1991,1,Male,4929013.191846279
57,Belarus,1992,1,Male,4939570.121085669
57,Belarus,1993,1,Male,4942089.322938092
57,Belarus,1994,1,Male,4936661.21033245
57,Belarus,1995,1,Male,4925004.719094188
57,Belarus,1996,1,Male,4908469.080925106
57,Belarus,1997,1,Male,4888378.441586495
57,Belarus,1998,1,Male,4864853.927223688
57,Belarus,1999,1,Male,4837841.333144087
57,Belarus,2000,1,Male,4809433.655007727
57,Belarus,2001,1,Male,4778742.622073817
57,Belarus,2002,1,Male,4742170.736333317
57,Belarus,2003,1,Male,4703407.646029644
57,Belarus,2004,1,Male,4666349.099177714
57,Belarus,2005,1,Male,4630129.853020517
57,Belarus,2006,1,Male,4596600.716277353
57,Belarus,2007,1,Male,4570016.916283899
57,Belarus,2008,1,Male,4547992.805225737
57,Belarus,2009,1,Male,4527438.05865999
57,Belarus,2010,1,Male,4507288.5818552105
57,Belarus,2011,1,Male,4487162.326141596
57,Belarus,2012,1,Male,4472966.144464511
57,Belarus,2013,1,Male,4465243.068308256
57,Belarus,2014,1,Male,4459557.604412032
57,Belarus,2015,1,Male,4455307.025790112
57,Belarus,2016,1,Male,4451261.540776285
57,Belarus,2017,1,Male,4445494.805628565
57,Belarus,2018,1,Male,4437717.364210297
57,Belarus,2019,1,Male,4428145.369828786
57,Belarus,1990,2,Female,5558067.951844568
57,Belarus,1991,2,Female,5567910.994384524
57,Belarus,1992,2,Female,5572171.576459803
57,Belarus,1993,2,Female,5569628.255942864
57,Belarus,1994,2,Female,5560166.721686993
57,Belarus,1995,2,Female,5545334.478817551
57,Belarus,1996,2,Female,5526614.978441705
57,Belarus,1997,2,Female,5504751.874962786
57,Belarus,1998,2,Female,5480454.156202388
57,Belarus,1999,2,Female,5453814.756275007
57,Belarus,2000,2,Female,5425884.772586387
57,Belarus,2001,2,Female,5396860.136260781
57,Belarus,2002,2,Female,5363912.973404429
57,Belarus,2003,2,Female,5329993.582024069
57,Belarus,2004,2,Female,5298094.858190252
57,Belarus,2005,2,Female,5268012.049938553
57,Belarus,2006,2,Female,5241349.830340124
57,Belarus,2007,2,Female,5219940.656779525
57,Belarus,2008,2,Female,5202474.100316188
57,Belarus,2009,2,Female,5186399.495379635
57,Belarus,2010,2,Female,5170598.448527995
57,Belarus,2011,2,Female,5154769.470870184
57,Belarus,2012,2,Female,5142504.974723035
57,Belarus,2013,2,Female,5133645.952676076
57,Belarus,2014,2,Female,5125366.60119571
57,Belarus,2015,2,Female,5117776.412263121
57,Belarus,2016,2,Female,5109347.82318841
57,Belarus,2017,2,Female,5098814.110407819
57,Belarus,2018,2,Female,5086585.652444175
57,Belarus,2019,2,Female,5072639.901829469
57,Belarus,1990,3,Both,10470393.285449598
57,Belarus,1991,3,Both,10496924.186230805
57,Belarus,1992,3,Both,10511741.69754547
57,Belarus,1993,3,Both,10511717.578880956
57,Belarus,1994,3,Both,10496827.932019444
57,Belarus,1995,3,Both,10470339.19791174
57,Belarus,1996,3,Both,10435084.059366813
57,Belarus,1997,3,Both,10393130.316549284
57,Belarus,1998,3,Both,10345308.083426077
57,Belarus,1999,3,Both,10291656.089419097
57,Belarus,2000,3,Both,10235318.427594114
57,Belarus,2001,3,Both,10175602.758334598
57,Belarus,2002,3,Both,10106083.709737746
57,Belarus,2003,3,Both,10033401.228053711
57,Belarus,2004,3,Both,9964443.957367968
57,Belarus,2005,3,Both,9898141.902959071
57,Belarus,2006,3,Both,9837950.546617476
57,Belarus,2007,3,Both,9789957.573063424
57,Belarus,2008,3,Both,9750466.905541928
57,Belarus,2009,3,Both,9713837.554039624
57,Belarus,2010,3,Both,9677887.030383203
57,Belarus,2011,3,Both,9641931.79701178
57,Belarus,2012,3,Both,9615471.119187543
57,Belarus,2013,3,Both,9598889.020984331
57,Belarus,2014,3,Both,9584924.205607742
57,Belarus,2015,3,Both,9573083.438053234
57,Belarus,2016,3,Both,9560609.363964695
57,Belarus,2017,3,Both,9544308.916036384
57,Belarus,2018,3,Both,9524303.016654473
57,Belarus,2019,3,Both,9500785.271658257
58,Estonia,1990,1,Male,733588.4231628461
58,Estonia,1991,1,Male,729618.9315372766
58,Estonia,1992,1,Male,719785.4926490502
58,Estonia,1993,1,Male,704665.0777250805
58,Estonia,1994,1,Male,687778.7933980377
58,Estonia,1995,1,Male,672473.3117203695
58,Estonia,1996,1,Male,661034.5316031954
58,Estonia,1997,1,Male,653524.0361584049
58,Estonia,1998,1,Male,649137.5262482758
58,Estonia,1999,1,Male,647651.197881826
58,Estonia,2000,1,Male,647990.6739179271
58,Estonia,2001,1,Male,646905.4617377676
58,Estonia,2002,1,Male,643967.0721646311
58,Estonia,2003,1,Male,640118.6624587098
58,Estonia,2004,1,Male,635920.6775825468
58,Estonia,2005,1,Male,631838.6525522799
58,Estonia,2006,1,Male,628181.4542271924
58,Estonia,2007,1,Male,624978.6265116477
58,Estonia,2008,1,Male,622693.7387116918
58,Estonia,2009,1,Male,621313.8764075853
58,Estonia,2010,1,Male,620304.2378074239
58,Estonia,2011,1,Male,619126.8299528637
58,Estonia,2012,1,Male,617535.3984453157
58,Estonia,2013,1,Male,616169.0126317008
58,Estonia,2014,1,Male,615375.925292103
58,Estonia,2015,1,Male,615361.4401024558
58,Estonia,2016,1,Male,616211.1746378375
58,Estonia,2017,1,Male,617166.9425216959
58,Estonia,2018,1,Male,617913.5509930485
58,Estonia,2019,1,Male,618415.0875232683
58,Estonia,1990,2,Female,835115.9813470357
58,Estonia,1991,2,Female,831123.492028613
58,Estonia,1992,2,Female,822113.2000936943
58,Estonia,1993,2,Female,808502.7017097416
58,Estonia,1994,2,Female,792969.8499236555
58,Estonia,1995,2,Female,778710.4058658835
58,Estonia,1996,2,Female,767505.1415129381
58,Estonia,1997,2,Female,759142.2611110942
58,Estonia,1998,2,Female,752971.4822411094
58,Estonia,1999,2,Female,748724.5675369792
58,Estonia,2000,2,Female,745772.6254821802
58,Estonia,2001,2,Female,742530.2274728024
58,Estonia,2002,2,Female,738840.8891460372
58,Estonia,2003,2,Female,734904.4528377587
58,Estonia,2004,2,Female,730866.395172528
58,Estonia,2005,2,Female,726831.4908069385
58,Estonia,2006,2,Female,722922.969450455
58,Estonia,2007,2,Female,719519.89711217
58,Estonia,2008,2,Female,716750.775794362
58,Estonia,2009,2,Female,714408.475877786
58,Estonia,2010,2,Female,712177.1361684458
58,Estonia,2011,2,Female,709630.3239340169
58,Estonia,2012,2,Female,706699.0912032673
58,Estonia,2013,2,Female,703831.0388377494
58,Estonia,2014,2,Female,701462.277163598
58,Estonia,2015,2,Female,699935.07051906
58,Estonia,2016,2,Female,698828.4534152499
58,Estonia,2017,2,Female,697492.7122810149
58,Estonia,2018,2,Female,695852.9368396989
58,Estonia,2019,2,Female,693946.0338861773
58,Estonia,1990,3,Both,1568704.4045098815
58,Estonia,1991,3,Both,1560742.4235658897
58,Estonia,1992,3,Both,1541898.6927427445
58,Estonia,1993,3,Both,1513167.779434822
58,Estonia,1994,3,Both,1480748.6433216932
58,Estonia,1995,3,Both,1451183.7175862528
58,Estonia,1996,3,Both,1428539.6731161333
58,Estonia,1997,3,Both,1412666.297269499
58,Estonia,1998,3,Both,1402109.0084893852
58,Estonia,1999,3,Both,1396375.7654188052
58,Estonia,2000,3,Both,1393763.2994001072
58,Estonia,2001,3,Both,1389435.68921057
58,Estonia,2002,3,Both,1382807.961310668
58,Estonia,2003,3,Both,1375023.1152964684
58,Estonia,2004,3,Both,1366787.0727550748
58,Estonia,2005,3,Both,1358670.1433592185
58,Estonia,2006,3,Both,1351104.4236776475
58,Estonia,2007,3,Both,1344498.5236238178
58,Estonia,2008,3,Both,1339444.5145060536
58,Estonia,2009,3,Both,1335722.3522853714
58,Estonia,2010,3,Both,1332481.3739758695
58,Estonia,2011,3,Both,1328757.1538868807
58,Estonia,2012,3,Both,1324234.4896485829
58,Estonia,2013,3,Both,1320000.05146945
58,Estonia,2014,3,Both,1316838.2024557008
58,Estonia,2015,3,Both,1315296.5106215158
58,Estonia,2016,3,Both,1315039.6280530873
58,Estonia,2017,3,Both,1314659.6548027107
58,Estonia,2018,3,Both,1313766.4878327474
58,Estonia,2019,3,Both,1312361.1214094455
59,Latvia,1990,1,Male,1235652.0526323311
59,Latvia,1991,1,Male,1231548.6193359718
59,Latvia,1992,1,Male,1223763.309158854
59,Latvia,1993,1,Male,1211427.1868489643
59,Latvia,1994,1,Male,1194515.6849793596
59,Latvia,1995,1,Male,1175852.7609652092
59,Latvia,1996,1,Male,1158438.447748439
59,Latvia,1997,1,Male,1142392.0229191915
59,Latvia,1998,1,Male,1126545.1269337863
59,Latvia,1999,1,Male,1111465.16479083
59,Latvia,2000,1,Male,1097795.0486983757
59,Latvia,2001,1,Male,1084780.8491128362
59,Latvia,2002,1,Male,1072074.4526949043
59,Latvia,2003,1,Male,1060142.8322271877
59,Latvia,2004,1,Male,1048688.9829414831
59,Latvia,2005,1,Male,1036770.9941368174
59,Latvia,2006,1,Male,1024024.0774322252
59,Latvia,2007,1,Male,1010728.2565393904
59,Latvia,2008,1,Male,997097.0598981364
59,Latvia,2009,1,Male,982842.7255617786
59,Latvia,2010,1,Male,967940.4490828742
59,Latvia,2011,1,Male,953626.6805079712
59,Latvia,2012,1,Male,940791.7320678956
59,Latvia,2013,1,Male,929439.921892886
59,Latvia,2014,1,Male,919550.813374768
59,Latvia,2015,1,Male,910914.2189576278
59,Latvia,2016,1,Male,903316.3749661224
59,Latvia,2017,1,Male,896263.5871721212
59,Latvia,2018,1,Male,889249.5859723319
59,Latvia,2019,1,Male,882242.3410726119
59,Latvia,1990,2,Female,1423030.5670185853
59,Latvia,1991,2,Female,1418594.0820593694
59,Latvia,1992,2,Female,1411082.8893532827
59,Latvia,1993,2,Female,1399817.431503995
59,Latvia,1994,2,Female,1384864.0349404244
59,Latvia,1995,2,Female,1367856.2008417116
59,Latvia,1996,2,Female,1350806.6738665013
59,Latvia,1997,2,Female,1334130.6083407104
59,Latvia,1998,2,Female,1317323.2780215344
59,Latvia,1999,2,Female,1301226.125624138
59,Latvia,2000,2,Female,1286611.247246924
59,Latvia,2001,2,Female,1272823.3113711458
59,Latvia,2002,2,Female,1259510.6391999526
59,Latvia,2003,2,Female,1246627.1549889247
59,Latvia,2004,2,Female,1233789.4256787058
59,Latvia,2005,2,Female,1221045.0685486104
59,Latvia,2006,2,Female,1207818.5798985804
59,Latvia,2007,2,Female,1194110.732454485
59,Latvia,2008,2,Female,1180000.9890028753
59,Latvia,2009,2,Female,1164512.7318816443
59,Latvia,2010,2,Female,1147658.4973811633
59,Latvia,2011,2,Female,1130817.8698683523
59,Latvia,2012,2,Female,1115215.2795188432
59,Latvia,2013,2,Female,1100906.6975079454
59,Latvia,2014,2,Female,1087995.3543900596
59,Latvia,2015,2,Female,1076500.5099904349
59,Latvia,2016,2,Female,1065584.132560394
59,Latvia,2017,2,Female,1054751.7362863286
59,Latvia,2018,2,Female,1043901.62974463
59,Latvia,2019,2,Female,1033049.7506794776
59,Latvia,1990,3,Both,2658682.6196509167
59,Latvia,1991,3,Both,2650142.701395341
59,Latvia,1992,3,Both,2634846.198512137
59,Latvia,1993,3,Both,2611244.61835296
59,Latvia,1994,3,Both,2579379.719919784
59,Latvia,1995,3,Both,2543708.961806921
59,Latvia,1996,3,Both,2509245.1216149405
59,Latvia,1997,3,Both,2476522.631259902
59,Latvia,1998,3,Both,2443868.404955321
59,Latvia,1999,3,Both,2412691.290414968
59,Latvia,2000,3,Both,2384406.2959453
59,Latvia,2001,3,Both,2357604.160483982
59,Latvia,2002,3,Both,2331585.091894857
59,Latvia,2003,3,Both,2306769.987216112
59,Latvia,2004,3,Both,2282478.408620189
59,Latvia,2005,3,Both,2257816.062685428
59,Latvia,2006,3,Both,2231842.657330805
59,Latvia,2007,3,Both,2204838.988993875
59,Latvia,2008,3,Both,2177098.048901012
59,Latvia,2009,3,Both,2147355.457443423
59,Latvia,2010,3,Both,2115598.946464037
59,Latvia,2011,3,Both,2084444.550376324
59,Latvia,2012,3,Both,2056007.0115867388
59,Latvia,2013,3,Both,2030346.619400832
59,Latvia,2014,3,Both,2007546.167764828
59,Latvia,2015,3,Both,1987414.7289480623
59,Latvia,2016,3,Both,1968900.5075265164
59,Latvia,2017,3,Both,1951015.32345845
59,Latvia,2018,3,Both,1933151.215716962
59,Latvia,2019,3,Both,1915292.0917520896
60,Lithuania,1990,1,Male,1736500.257805802
60,Lithuania,1991,1,Male,1740736.097482803
60,Lithuania,1992,1,Male,1741301.475940642
60,Lithuania,1993,1,Male,1736665.8047258896
60,Lithuania,1994,1,Male,1727104.299663996
60,Lithuania,1995,1,Male,1715334.367432919
60,Lithuania,1996,1,Male,1702978.3775275862
60,Lithuania,1997,1,Male,1690421.225713016
60,Lithuania,1998,1,Male,1677155.2576866182
60,Lithuania,1999,1,Male,1662707.8898324498
60,Lithuania,2000,1,Male,1646635.565989785
60,Lithuania,2001,1,Male,1627988.425304339
60,Lithuania,2002,1,Male,1607193.7858998682
60,Lithuania,2003,1,Male,1585543.9795604765
60,Lithuania,2004,1,Male,1563144.7486218484
60,Lithuania,2005,1,Male,1539597.655504378
60,Lithuania,2006,1,Male,1515354.0478762507
60,Lithuania,2007,1,Male,1491210.8749052703
60,Lithuania,2008,1,Male,1468107.7341776516
60,Lithuania,2009,1,Male,1446925.526606256
60,Lithuania,2010,1,Male,1427102.492909256
60,Lithuania,2011,1,Male,1408380.559381181
60,Lithuania,2012,1,Male,1390574.0703109058
60,Lithuania,2013,1,Male,1373253.8726139197
60,Lithuania,2014,1,Male,1357233.262013782
60,Lithuania,2015,1,Male,1342429.670010942
60,Lithuania,2016,1,Male,1327742.7955877357
60,Lithuania,2017,1,Male,1313790.377144633
60,Lithuania,2018,1,Male,1300772.5416653196
60,Lithuania,2019,1,Male,1288220.4043387517
60,Lithuania,1990,2,Female,1937043.38651034
60,Lithuania,1991,2,Female,1944243.983458826
60,Lithuania,1992,2,Female,1948381.738827852
60,Lithuania,1993,2,Female,1948007.398370124
60,Lithuania,1994,2,Female,1943095.215881423
60,Lithuania,1995,2,Female,1935463.6634973823
60,Lithuania,1996,2,Female,1926184.0921161235
60,Lithuania,1997,2,Female,1915670.6512244693
60,Lithuania,1998,2,Female,1903604.9367249
60,Lithuania,1999,2,Female,1889775.058214136
60,Lithuania,2000,2,Female,1874023.1919398515
60,Lithuania,2001,2,Female,1855701.5934443576
60,Lithuania,2002,2,Female,1835328.5554406475
60,Lithuania,2003,2,Female,1813925.5062832872
60,Lithuania,2004,2,Female,1791783.7731687927
60,Lithuania,2005,2,Female,1768943.472885775
60,Lithuania,2006,2,Female,1745882.5026498835
60,Lithuania,2007,2,Female,1723582.7246551982
60,Lithuania,2008,2,Female,1702098.1897605306
60,Lithuania,2009,2,Female,1681617.935211238
60,Lithuania,2010,2,Female,1662212.9798490338
60,Lithuania,2011,2,Female,1643432.6679232344
60,Lithuania,2012,2,Female,1624923.2596786325
60,Lithuania,2013,2,Female,1606500.578058621
60,Lithuania,2014,2,Female,1588965.0788584405
60,Lithuania,2015,2,Female,1572170.2851846353
60,Lithuania,2016,2,Female,1555357.79249318
60,Lithuania,2017,2,Female,1538647.5225984114
60,Lithuania,2018,2,Female,1522190.300585124
60,Lithuania,2019,2,Female,1506002.2329933313
60,Lithuania,1990,3,Both,3673543.644316141
60,Lithuania,1991,3,Both,3684980.080941629
60,Lithuania,1992,3,Both,3689683.2147684935
60,Lithuania,1993,3,Both,3684673.2030960135
60,Lithuania,1994,3,Both,3670199.5155454194
60,Lithuania,1995,3,Both,3650798.030930302
60,Lithuania,1996,3,Both,3629162.4696437097
60,Lithuania,1997,3,Both,3606091.876937485
60,Lithuania,1998,3,Both,3580760.194411518
60,Lithuania,1999,3,Both,3552482.948046585
60,Lithuania,2000,3,Both,3520658.757929636
60,Lithuania,2001,3,Both,3483690.018748697
60,Lithuania,2002,3,Both,3442522.341340516
60,Lithuania,2003,3,Both,3399469.485843764
60,Lithuania,2004,3,Both,3354928.521790641
60,Lithuania,2005,3,Both,3308541.128390153
60,Lithuania,2006,3,Both,3261236.550526134
60,Lithuania,2007,3,Both,3214793.599560469
60,Lithuania,2008,3,Both,3170205.923938182
60,Lithuania,2009,3,Both,3128543.461817494
60,Lithuania,2010,3,Both,3089315.47275829
60,Lithuania,2011,3,Both,3051813.227304416
60,Lithuania,2012,3,Both,3015497.329989538
60,Lithuania,2013,3,Both,2979754.4506725403
60,Lithuania,2014,3,Both,2946198.3408722226
60,Lithuania,2015,3,Both,2914599.9551955773
60,Lithuania,2016,3,Both,2883100.588080916
60,Lithuania,2017,3,Both,2852437.8997430443
60,Lithuania,2018,3,Both,2822962.8422504435
60,Lithuania,2019,3,Both,2794222.6373320827
61,Republic of Moldova,1990,1,Male,2121208.454743226
61,Republic of Moldova,1991,1,Male,2122397.2912217937
61,Republic of Moldova,1992,1,Male,2119115.858728535
61,Republic of Moldova,1993,1,Male,2112698.095197503
61,Republic of Moldova,1994,1,Male,2102043.1296778973
61,Republic of Moldova,1995,1,Male,2087063.657894396
61,Republic of Moldova,1996,1,Male,2070641.7345066508
61,Republic of Moldova,1997,1,Male,2054440.141686378
61,Republic of Moldova,1998,1,Male,2038468.3374965747
61,Republic of Moldova,1999,1,Male,2021797.5283625333
61,Republic of Moldova,2000,1,Male,2004497.213652812
61,Republic of Moldova,2001,1,Male,1987319.696741908
61,Republic of Moldova,2002,1,Male,1970297.1265396008
61,Republic of Moldova,2003,1,Male,1953340.8249290944
61,Republic of Moldova,2004,1,Male,1936736.4333516385
61,Republic of Moldova,2005,1,Male,1920339.9398109573
61,Republic of Moldova,2006,1,Male,1904603.484919621
61,Republic of Moldova,2007,1,Male,1890335.3045727871
61,Republic of Moldova,2008,1,Male,1877154.3178512552
61,Republic of Moldova,2009,1,Male,1864715.4182708163
61,Republic of Moldova,2010,1,Male,1852273.119497364
61,Republic of Moldova,2011,1,Male,1840991.830599636
61,Republic of Moldova,2012,1,Male,1831087.486735741
61,Republic of Moldova,2013,1,Male,1821562.7527715897
61,Republic of Moldova,2014,1,Male,1811882.0179046448
61,Republic of Moldova,2015,1,Male,1800977.3637265773
61,Republic of Moldova,2016,1,Male,1789627.1073801804
61,Republic of Moldova,2017,1,Male,1779154.9774809403
61,Republic of Moldova,2018,1,Male,1769221.3674012525
61,Republic of Moldova,2019,1,Male,1759131.2518770942
61,Republic of Moldova,1990,2,Female,2325137.7963027926
61,Republic of Moldova,1991,2,Female,2323946.84748631
61,Republic of Moldova,1992,2,Female,2318321.618642249
61,Republic of Moldova,1993,2,Female,2309450.8550393544
61,Republic of Moldova,1994,2,Female,2296164.809218256
61,Republic of Moldova,1995,2,Female,2279262.7996429247
61,Republic of Moldova,1996,2,Female,2260845.0839831964
61,Republic of Moldova,1997,2,Female,2242480.525057472
61,Republic of Moldova,1998,2,Female,2224297.297781073
61,Republic of Moldova,1999,2,Female,2205818.9249650035
61,Republic of Moldova,2000,2,Female,2186630.1957599493
61,Republic of Moldova,2001,2,Female,2167214.0984450206
61,Republic of Moldova,2002,2,Female,2147394.532703468
61,Republic of Moldova,2003,2,Female,2127471.5954161105
61,Republic of Moldova,2004,2,Female,2108662.331001976
61,Republic of Moldova,2005,2,Female,2091521.9517665675
61,Republic of Moldova,2006,2,Female,2075505.68874862
61,Republic of Moldova,2007,2,Female,2060628.7278941025
61,Republic of Moldova,2008,2,Female,2046685.811942365
61,Republic of Moldova,2009,2,Female,2033808.071270812
61,Republic of Moldova,2010,2,Female,2021546.757673112
61,Republic of Moldova,2011,2,Female,2010629.878836641
61,Republic of Moldova,2012,2,Female,2001030.5939904111
61,Republic of Moldova,2013,2,Female,1991717.3140674192
61,Republic of Moldova,2014,2,Female,1982168.9710287363
61,Republic of Moldova,2015,2,Female,1971911.3252633032
61,Republic of Moldova,2016,2,Female,1961138.012223056
61,Republic of Moldova,2017,2,Female,1950360.0865651583
61,Republic of Moldova,2018,2,Female,1939652.9868023333
61,Republic of Moldova,2019,2,Female,1929059.8327730712
61,Republic of Moldova,1990,3,Both,4446346.251046019
61,Republic of Moldova,1991,3,Both,4446344.138708103
61,Republic of Moldova,1992,3,Both,4437437.477370785
61,Republic of Moldova,1993,3,Both,4422148.950236857
61,Republic of Moldova,1994,3,Both,4398207.938896152
61,Republic of Moldova,1995,3,Both,4366326.45753732
61,Republic of Moldova,1996,3,Both,4331486.818489847
61,Republic of Moldova,1997,3,Both,4296920.666743849
61,Republic of Moldova,1998,3,Both,4262765.635277648
61,Republic of Moldova,1999,3,Both,4227616.453327537
61,Republic of Moldova,2000,3,Both,4191127.409412761
61,Republic of Moldova,2001,3,Both,4154533.795186928
61,Republic of Moldova,2002,3,Both,4117691.659243069
61,Republic of Moldova,2003,3,Both,4080812.420345205
61,Republic of Moldova,2004,3,Both,4045398.764353615
61,Republic of Moldova,2005,3,Both,4011861.891577525
61,Republic of Moldova,2006,3,Both,3980109.173668241
61,Republic of Moldova,2007,3,Both,3950964.03246689
61,Republic of Moldova,2008,3,Both,3923840.12979362
61,Republic of Moldova,2009,3,Both,3898523.489541629
61,Republic of Moldova,2010,3,Both,3873819.877170476
61,Republic of Moldova,2011,3,Both,3851621.709436277
61,Republic of Moldova,2012,3,Both,3832118.080726152
61,Republic of Moldova,2013,3,Both,3813280.0668390086
61,Republic of Moldova,2014,3,Both,3794050.988933381
61,Republic of Moldova,2015,3,Both,3772888.688989881
61,Republic of Moldova,2016,3,Both,3750765.119603236
61,Republic of Moldova,2017,3,Both,3729515.064046099
61,Republic of Moldova,2018,3,Both,3708874.354203586
61,Republic of Moldova,2019,3,Both,3688191.084650165
62,Russian Federation,1990,1,Male,70711306.3935375
62,Russian Federation,1991,1,Male,70995828.99611905
62,Russian Federation,1992,1,Male,71143775.91533841
62,Russian Federation,1993,1,Male,71083299.30949223
62,Russian Federation,1994,1,Male,70860217.30254735
62,Russian Federation,1995,1,Male,70605547.33441706
62,Russian Federation,1996,1,Male,70399507.59897016
62,Russian Federation,1997,1,Male,70257042.14248723
62,Russian Federation,1998,1,Male,70136322.56831056
62,Russian Federation,1999,1,Male,69942943.09474269
62,Russian Federation,2000,1,Male,69670734.75598343
62,Russian Federation,2001,1,Male,69383663.5897047
62,Russian Federation,2002,1,Male,69100053.60948904
62,Russian Federation,2003,1,Male,68808230.10839467
62,Russian Federation,2004,1,Male,68510005.81960244
62,Russian Federation,2005,1,Male,68171418.41248459
62,Russian Federation,2006,1,Male,67858523.94688511
62,Russian Federation,2007,1,Male,67668009.70406221
62,Russian Federation,2008,1,Male,67545926.16156314
62,Russian Federation,2009,1,Male,67472535.55288926
62,Russian Federation,2010,1,Male,67435188.12179728
62,Russian Federation,2011,1,Male,67449368.49572508
62,Russian Federation,2012,1,Male,67541087.43486364
62,Russian Federation,2013,1,Male,67662503.5384637
62,Russian Federation,2014,1,Male,67787681.67671868
62,Russian Federation,2015,1,Male,67912574.06839485
62,Russian Federation,2016,1,Male,68027562.4471984
62,Russian Federation,2017,1,Male,68140930.85436592
62,Russian Federation,2018,1,Male,68246922.64607306
62,Russian Federation,2019,1,Male,68311513.2309106
62,Russian Federation,1990,2,Female,80312367.98848946
62,Russian Federation,1991,2,Female,80518263.3852734
62,Russian Federation,1992,2,Female,80622060.0416924
62,Russian Federation,1993,2,Female,80581810.46055064
62,Russian Federation,1994,2,Female,80440016.89951752
62,Russian Federation,1995,2,Female,80278947.73274374
62,Russian Federation,1996,2,Female,80130602.70549467
62,Russian Federation,1997,2,Female,79993753.69780405
62,Russian Federation,1998,2,Female,79847559.04029904
62,Russian Federation,1999,2,Female,79645880.75328875
62,Russian Federation,2000,2,Female,79411339.2053968
62,Russian Federation,2001,2,Female,79192580.93279645
62,Russian Federation,2002,2,Female,78990914.36056322
62,Russian Federation,2003,2,Female,78793348.19067022
62,Russian Federation,2004,2,Female,78598804.03185168
62,Russian Federation,2005,2,Female,78381585.0342223
62,Russian Federation,2006,2,Female,78178679.81605682
62,Russian Federation,2007,2,Female,78059731.4905664
62,Russian Federation,2008,2,Female,77995259.16788791
62,Russian Federation,2009,2,Female,77964354.71914653
62,Russian Federation,2010,2,Female,77957176.7696047
62,Russian Federation,2011,2,Female,77986375.79559329
62,Russian Federation,2012,2,Female,78064781.70278299
62,Russian Federation,2013,2,Female,78155620.81372455
62,Russian Federation,2014,2,Female,78242913.59566386
62,Russian Federation,2015,2,Female,78321488.95339613
62,Russian Federation,2016,2,Female,78378264.65909524
62,Russian Federation,2017,2,Female,78418624.3959262
62,Russian Federation,2018,2,Female,78435218.20371987
62,Russian Federation,2019,2,Female,78405914.26505305
62,Russian Federation,1990,3,Both,151023674.38202697
62,Russian Federation,1991,3,Both,151514092.38139245
62,Russian Federation,1992,3,Both,151765835.95703083
62,Russian Federation,1993,3,Both,151665109.77004287
62,Russian Federation,1994,3,Both,151300234.20206487
62,Russian Federation,1995,3,Both,150884495.06716082
62,Russian Federation,1996,3,Both,150530110.30446485
62,Russian Federation,1997,3,Both,150250795.84029126
62,Russian Federation,1998,3,Both,149983881.60860962
62,Russian Federation,1999,3,Both,149588823.84803143
62,Russian Federation,2000,3,Both,149082073.96138024
62,Russian Federation,2001,3,Both,148576244.52250117
62,Russian Federation,2002,3,Both,148090967.97005227
62,Russian Federation,2003,3,Both,147601578.29906487
62,Russian Federation,2004,3,Both,147108809.8514541
62,Russian Federation,2005,3,Both,146553003.4467069
62,Russian Federation,2006,3,Both,146037203.76294193
62,Russian Federation,2007,3,Both,145727741.1946286
62,Russian Federation,2008,3,Both,145541185.32945105
62,Russian Federation,2009,3,Both,145436890.2720358
62,Russian Federation,2010,3,Both,145392364.89140198
62,Russian Federation,2011,3,Both,145435744.29131836
62,Russian Federation,2012,3,Both,145605869.13764662
62,Russian Federation,2013,3,Both,145818124.35218826
62,Russian Federation,2014,3,Both,146030595.27238253
62,Russian Federation,2015,3,Both,146234063.02179098
62,Russian Federation,2016,3,Both,146405827.10629365
62,Russian Federation,2017,3,Both,146559555.25029212
62,Russian Federation,2018,3,Both,146682140.84979293
62,Russian Federation,2019,3,Both,146717427.49596366
63,Ukraine,1990,1,Male,24384868.60422312
63,Ukraine,1991,1,Male,24378572.54261468
63,Ukraine,1992,1,Male,24329886.668463424
63,Ukraine,1993,1,Male,24242758.94998306
63,Ukraine,1994,1,Male,24119085.68627052
63,Ukraine,1995,1,Male,23955091.803323284
63,Ukraine,1996,1,Male,23768475.49379723
63,Ukraine,1997,1,Male,23585952.949633133
63,Ukraine,1998,1,Male,23418940.7176409
63,Ukraine,1999,1,Male,23254255.29840356
63,Ukraine,2000,1,Male,23073677.17368423
63,Ukraine,2001,1,Male,22887158.06152493
63,Ukraine,2002,1,Male,22696169.816094667
63,Ukraine,2003,1,Male,22503616.43809628
63,Ukraine,2004,1,Male,22309958.38027137
63,Ukraine,2005,1,Male,22112950.53306129
63,Ukraine,2006,1,Male,21929415.169540416
63,Ukraine,2007,1,Male,21759544.54768936
63,Ukraine,2008,1,Male,21596184.44652909
63,Ukraine,2009,1,Male,21465060.07171668
63,Ukraine,2010,1,Male,21368308.62181365
63,Ukraine,2011,1,Male,21286154.90514876
63,Ukraine,2012,1,Male,21208563.170438938
63,Ukraine,2013,1,Male,21128599.106119324
63,Ukraine,2014,1,Male,21048960.574078407
63,Ukraine,2015,1,Male,20931748.19527584
63,Ukraine,2016,1,Male,20777927.876702804
63,Ukraine,2017,1,Male,20624628.546382144
63,Ukraine,2018,1,Male,20461705.125554714
63,Ukraine,2019,1,Male,20289582.714274384
63,Ukraine,1990,2,Female,28278375.54184849
63,Ukraine,1991,2,Female,28204921.98458412
63,Ukraine,1992,2,Female,28095852.046216656
63,Ukraine,1993,2,Female,27951238.352250893
63,Ukraine,1994,2,Female,27773998.377879884
63,Ukraine,1995,2,Female,27572080.828234773
63,Ukraine,1996,2,Female,27360741.782108024
63,Ukraine,1997,2,Female,27155534.64258544
63,Ukraine,1998,2,Female,26965492.18027939
63,Ukraine,1999,2,Female,26783174.25136162
63,Ukraine,2000,2,Female,26597947.4447632
63,Ukraine,2001,2,Female,26415513.636815995
63,Ukraine,2002,2,Female,26229015.172719263
63,Ukraine,2003,2,Female,26039713.697061367
63,Ukraine,2004,2,Female,25849928.69988872
63,Ukraine,2005,2,Female,25661580.790757377
63,Ukraine,2006,2,Female,25484621.44302425
63,Ukraine,2007,2,Female,25319769.19733689
63,Ukraine,2008,2,Female,25162371.611163504
63,Ukraine,2009,2,Female,25022775.971079346
63,Ukraine,2010,2,Female,24901737.43830013
63,Ukraine,2011,2,Female,24792914.87812936
63,Ukraine,2012,2,Female,24689920.79723723
63,Ukraine,2013,2,Female,24584885.034893755
63,Ukraine,2014,2,Female,24480857.424091283
63,Ukraine,2015,2,Female,24360500.90800045
63,Ukraine,2016,2,Female,24219710.993671667
63,Ukraine,2017,2,Female,24074900.983705875
63,Ukraine,2018,2,Female,23919371.775113054
63,Ukraine,2019,2,Female,23752847.939343244
63,Ukraine,1990,3,Both,52663244.146071605
63,Ukraine,1991,3,Both,52583494.5271988
63,Ukraine,1992,3,Both,52425738.71468008
63,Ukraine,1993,3,Both,52193997.30223396
63,Ukraine,1994,3,Both,51893084.06415039
63,Ukraine,1995,3,Both,51527172.63155806
63,Ukraine,1996,3,Both,51129217.27590525
63,Ukraine,1997,3,Both,50741487.59221857
63,Ukraine,1998,3,Both,50384432.89792029
63,Ukraine,1999,3,Both,50037429.54976518
63,Ukraine,2000,3,Both,49671624.61844742
63,Ukraine,2001,3,Both,49302671.69834093
63,Ukraine,2002,3,Both,48925184.98881394
63,Ukraine,2003,3,Both,48543330.135157645
63,Ukraine,2004,3,Both,48159887.08016009
63,Ukraine,2005,3,Both,47774531.32381867
63,Ukraine,2006,3,Both,47414036.61256467
63,Ukraine,2007,3,Both,47079313.745026246
63,Ukraine,2008,3,Both,46758556.0576926
63,Ukraine,2009,3,Both,46487836.04279602
63,Ukraine,2010,3,Both,46270046.06011378
63,Ukraine,2011,3,Both,46079069.78327812
63,Ukraine,2012,3,Both,45898483.96767617
63,Ukraine,2013,3,Both,45713484.14101308
63,Ukraine,2014,3,Both,45529817.99816969
63,Ukraine,2015,3,Both,45292249.1032763
63,Ukraine,2016,3,Both,44997638.87037447
63,Ukraine,2017,3,Both,44699529.53008802
63,Ukraine,2018,3,Both,44381076.90066777
63,Ukraine,2019,3,Both,44042430.65361763
66,Brunei Darussalam,1990,1,Male,136781.44376206482
66,Brunei Darussalam,1991,1,Male,140227.90789472283
66,Brunei Darussalam,1992,1,Male,143598.44303721213
66,Brunei Darussalam,1993,1,Male,146898.24159725002
66,Brunei Darussalam,1994,1,Male,150148.4021721107
66,Brunei Darussalam,1995,1,Male,153375.2706112674
66,Brunei Darussalam,1996,1,Male,156586.46608708298
66,Brunei Darussalam,1997,1,Male,159789.84751146915
66,Brunei Darussalam,1998,1,Male,162980.36734759135
66,Brunei Darussalam,1999,1,Male,166164.8081753598
66,Brunei Darussalam,2000,1,Male,169377.474617698
66,Brunei Darussalam,2001,1,Male,172648.8235106116
66,Brunei Darussalam,2002,1,Male,175987.38857312885
66,Brunei Darussalam,2003,1,Male,179332.07906804292
66,Brunei Darussalam,2004,1,Male,182677.22718204468
66,Brunei Darussalam,2005,1,Male,186005.98870063745
66,Brunei Darussalam,2006,1,Male,189316.3889518185
66,Brunei Darussalam,2007,1,Male,192597.36612292737
66,Brunei Darussalam,2008,1,Male,195855.185068508
66,Brunei Darussalam,2009,1,Male,199109.9705125829
66,Brunei Darussalam,2010,1,Male,202332.8471337605
66,Brunei Darussalam,2011,1,Male,205534.1187916876
66,Brunei Darussalam,2012,1,Male,208678.05502724304
66,Brunei Darussalam,2013,1,Male,211832.0384687
66,Brunei Darussalam,2014,1,Male,214947.8894134589
66,Brunei Darussalam,2015,1,Male,217970.5745975979
66,Brunei Darussalam,2016,1,Male,220857.9542509548
66,Brunei Darussalam,2017,1,Male,223637.2636247272
66,Brunei Darussalam,2018,1,Male,226353.53473736445
66,Brunei Darussalam,2019,1,Male,229025.0898274222
66,Brunei Darussalam,1990,2,Female,121758.771289435
66,Brunei Darussalam,1991,2,Female,125576.02106332676
66,Brunei Darussalam,1992,2,Female,129552.00374747414
66,Brunei Darussalam,1993,2,Female,133661.1504130284
66,Brunei Darussalam,1994,2,Female,137874.47107274047
66,Brunei Darussalam,1995,2,Female,142164.5502696402
66,Brunei Darussalam,1996,2,Female,146498.87556188816
66,Brunei Darussalam,1997,2,Female,150816.64122470087
66,Brunei Darussalam,1998,2,Female,155071.83593430062
66,Brunei Darussalam,1999,2,Female,159222.17796652066
66,Brunei Darussalam,2000,2,Female,163217.7977844756
66,Brunei Darussalam,2001,2,Female,167006.08801438482
66,Brunei Darussalam,2002,2,Female,170533.5349936887
66,Brunei Darussalam,2003,2,Female,173793.1408677526
66,Brunei Darussalam,2004,2,Female,176789.18036044572
66,Brunei Darussalam,2005,2,Female,179534.64769507488
66,Brunei Darussalam,2006,2,Female,182050.7473287329
66,Brunei Darussalam,2007,2,Female,184374.5775058675
66,Brunei Darussalam,2008,2,Female,186564.3018652932
66,Brunei Darussalam,2009,2,Female,188669.0727908268
66,Brunei Darussalam,2010,2,Female,190710.72050002872
66,Brunei Darussalam,2011,2,Female,192729.03315388324
66,Brunei Darussalam,2012,2,Female,194709.8749947948
66,Brunei Darussalam,2013,2,Female,196732.5132266133
66,Brunei Darussalam,2014,2,Female,198765.61869175744
66,Brunei Darussalam,2015,2,Female,200736.0707092828
66,Brunei Darussalam,2016,2,Female,202616.99530601825
66,Brunei Darussalam,2017,2,Female,204449.5362761541
66,Brunei Darussalam,2018,2,Female,206269.6837400545
66,Brunei Darussalam,2019,2,Female,208093.48148369868
66,Brunei Darussalam,1990,3,Both,258540.2150514998
66,Brunei Darussalam,1991,3,Both,265803.9289580496
66,Brunei Darussalam,1992,3,Both,273150.4467846863
66,Brunei Darussalam,1993,3,Both,280559.3920102784
66,Brunei Darussalam,1994,3,Both,288022.8732448512
66,Brunei Darussalam,1995,3,Both,295539.8208809076
66,Brunei Darussalam,1996,3,Both,303085.34164897114
66,Brunei Darussalam,1997,3,Both,310606.48873617
66,Brunei Darussalam,1998,3,Both,318052.203281892
66,Brunei Darussalam,1999,3,Both,325386.98614188045
66,Brunei Darussalam,2000,3,Both,332595.2724021736
66,Brunei Darussalam,2001,3,Both,339654.91152499645
66,Brunei Darussalam,2002,3,Both,346520.92356681754
66,Brunei Darussalam,2003,3,Both,353125.2199357955
66,Brunei Darussalam,2004,3,Both,359466.4075424904
66,Brunei Darussalam,2005,3,Both,365540.6363957123
66,Brunei Darussalam,2006,3,Both,371367.1362805515
66,Brunei Darussalam,2007,3,Both,376971.94362879486
66,Brunei Darussalam,2008,3,Both,382419.4869338012
66,Brunei Darussalam,2009,3,Both,387779.04330340977
66,Brunei Darussalam,2010,3,Both,393043.56763378927
66,Brunei Darussalam,2011,3,Both,398263.1519455708
66,Brunei Darussalam,2012,3,Both,403387.9300220378
66,Brunei Darussalam,2013,3,Both,408564.5516953133
66,Brunei Darussalam,2014,3,Both,413713.5081052163
66,Brunei Darussalam,2015,3,Both,418706.64530688064
66,Brunei Darussalam,2016,3,Both,423474.949556973
66,Brunei Darussalam,2017,3,Both,428086.7999008813
66,Brunei Darussalam,2018,3,Both,432623.2184774189
66,Brunei Darussalam,2019,3,Both,437118.5713111209
67,Japan,1990,1,Male,61875100.68583319
67,Japan,1991,1,Male,62055102.34462754
67,Japan,1992,1,Male,62223392.76722758
67,Japan,1993,1,Male,62379999.42391237
67,Japan,1994,1,Male,62534642.90336341
67,Japan,1995,1,Male,62674108.06044227
67,Japan,1996,1,Male,62798718.63801152
67,Japan,1997,1,Male,62924202.973397896
67,Japan,1998,1,Male,63035803.01610064
67,Japan,1999,1,Male,63129000.064329006
67,Japan,2000,1,Male,63216059.0752456
67,Japan,2001,1,Male,63296598.469017565
67,Japan,2002,1,Male,63366131.9054604
67,Japan,2003,1,Male,63418600.19079213
67,Japan,2004,1,Male,63449717.091844514
67,Japan,2005,1,Male,63461263.70167151
67,Japan,2006,1,Male,63467780.22396282
67,Japan,2007,1,Male,63477444.99529928
67,Japan,2008,1,Male,63477370.51277823
67,Japan,2009,1,Male,63463119.24493643
67,Japan,2010,1,Male,63432097.6568306
67,Japan,2011,1,Male,63371969.064362496
67,Japan,2012,1,Male,63293288.79788149
67,Japan,2013,1,Male,63204620.24786194
67,Japan,2014,1,Male,63101083.25195969
67,Japan,2015,1,Male,62982851.68252644
67,Japan,2016,1,Male,62840417.55160551
67,Japan,2017,1,Male,62675726.079592936
67,Japan,2018,1,Male,62487565.28535748
67,Japan,2019,1,Male,62270505.281188
67,Japan,1990,2,Female,63991534.38205835
67,Japan,1991,2,Female,64206477.17450508
67,Japan,1992,2,Female,64411652.31090517
67,Japan,1993,2,Female,64607642.4525251
67,Japan,1994,2,Female,64803601.77439524
67,Japan,1995,2,Female,64988294.47298606
67,Japan,1996,2,Female,65162707.07262692
67,Japan,1997,2,Female,65339979.30354464
67,Japan,1998,2,Female,65508092.50545617
67,Japan,1999,2,Female,65663666.580248006
67,Japan,2000,2,Female,65814888.44053849
67,Japan,2001,2,Female,65960117.77364735
67,Japan,2002,2,Female,66094988.08450258
67,Japan,2003,2,Female,66214256.76245155
67,Japan,2004,2,Female,66311502.57310097
67,Japan,2005,2,Female,66387214.345233805
67,Japan,2006,2,Female,66455100.15466081
67,Japan,2007,2,Female,66520397.74355685
67,Japan,2008,2,Female,66571434.42927804
67,Japan,2009,2,Female,66604348.31842812
67,Japan,2010,2,Female,66615282.32557986
67,Japan,2011,2,Female,66586213.31877052
67,Japan,2012,2,Female,66528049.054918855
67,Japan,2013,2,Female,66452425.072160415
67,Japan,2014,2,Female,66355705.34017239
67,Japan,2015,2,Female,66241749.48110987
67,Japan,2016,2,Female,66101915.77197044
67,Japan,2017,2,Female,65936146.420634046
67,Japan,2018,2,Female,65742634.760633744
67,Japan,2019,2,Female,65517905.845782295
67,Japan,1990,3,Both,125866635.06789155
67,Japan,1991,3,Both,126261579.51913264
67,Japan,1992,3,Both,126635045.07813276
67,Japan,1993,3,Both,126987641.87643749
67,Japan,1994,3,Both,127338244.67775863
67,Japan,1995,3,Both,127662402.53342833
67,Japan,1996,3,Both,127961425.71063843
67,Japan,1997,3,Both,128264182.27694254
67,Japan,1998,3,Both,128543895.5215568
67,Japan,1999,3,Both,128792666.644577
67,Japan,2000,3,Both,129030947.51578408
67,Japan,2001,3,Both,129256716.2426649
67,Japan,2002,3,Both,129461119.98996298
67,Japan,2003,3,Both,129632856.95324367
67,Japan,2004,3,Both,129761219.66494548
67,Japan,2005,3,Both,129848478.04690532
67,Japan,2006,3,Both,129922880.37862363
67,Japan,2007,3,Both,129997842.73885612
67,Japan,2008,3,Both,130048804.94205628
67,Japan,2009,3,Both,130067467.56336457
67,Japan,2010,3,Both,130047379.98241046
67,Japan,2011,3,Both,129958182.38313302
67,Japan,2012,3,Both,129821337.85280035
67,Japan,2013,3,Both,129657045.32002236
67,Japan,2014,3,Both,129456788.59213208
67,Japan,2015,3,Both,129224601.16363633
67,Japan,2016,3,Both,128942333.32357594
67,Japan,2017,3,Both,128611872.50022696
67,Japan,2018,3,Both,128230200.04599124
67,Japan,2019,3,Both,127788411.1269703
68,Republic of Korea,1990,1,Male,22269482.6270264
68,Republic of Korea,1991,1,Male,22435450.437728178
68,Republic of Korea,1992,1,Male,22557454.18067987
68,Republic of Korea,1993,1,Male,22658254.582068443
68,Republic of Korea,1994,1,Male,22747955.630684126
68,Republic of Korea,1995,1,Male,22843453.849063456
68,Republic of Korea,1996,1,Male,22961096.39314306
68,Republic of Korea,1997,1,Male,23090317.570904046
68,Republic of Korea,1998,1,Male,23226704.435730185
68,Republic of Korea,1999,1,Male,23363876.993885472
68,Republic of Korea,2000,1,Male,23494143.69071035
68,Republic of Korea,2001,1,Male,23604500.426179577
68,Republic of Korea,2002,1,Male,23693986.293762773
68,Republic of Korea,2003,1,Male,23768592.976093862
68,Republic of Korea,2004,1,Male,23836017.9519326
68,Republic of Korea,2005,1,Male,23905907.09217616
68,Republic of Korea,2006,1,Male,23989370.994255267
68,Republic of Korea,2007,1,Male,24093731.81406208
68,Republic of Korea,2008,1,Male,24223186.87426312
68,Republic of Korea,2009,1,Male,24384039.624948945
68,Republic of Korea,2010,1,Male,24581150.89922599
68,Republic of Korea,2011,1,Male,24821972.811854888
68,Republic of Korea,2012,1,Male,25097311.207482133
68,Republic of Korea,2013,1,Male,25393039.09369145
68,Republic of Korea,2014,1,Male,25697252.40686817
68,Republic of Korea,2015,1,Male,25995078.48314331
68,Republic of Korea,2016,1,Male,26270846.416397005
68,Republic of Korea,2017,1,Male,26526658.748257287
68,Republic of Korea,2018,1,Male,26764564.4162341
68,Republic of Korea,2019,1,Male,26981856.91158237
68,Republic of Korea,1990,2,Female,22068288.050968565
68,Republic of Korea,1991,2,Female,22232074.80001155
68,Republic of Korea,1992,2,Female,22355143.676258404
68,Republic of Korea,1993,2,Female,22453336.08304316
68,Republic of Korea,1994,2,Female,22539497.7200988
68,Republic of Korea,1995,2,Female,22628807.3164953
68,Republic of Korea,1996,2,Female,22743012.5751085
68,Republic of Korea,1997,2,Female,22872436.18634402
68,Republic of Korea,1998,2,Female,23010663.628578823
68,Republic of Korea,1999,2,Female,23152107.25248373
68,Republic of Korea,2000,2,Female,23289319.180758342
68,Republic of Korea,2001,2,Female,23417893.09904677
68,Republic of Korea,2002,2,Female,23542562.645706654
68,Republic of Korea,2003,2,Female,23670481.8657204
68,Republic of Korea,2004,2,Female,23803913.914928544
68,Republic of Korea,2005,2,Female,23944104.15871129
68,Republic of Korea,2006,2,Female,24089684.86132676
68,Republic of Korea,2007,2,Female,24241932.928528395
68,Republic of Korea,2008,2,Female,24400687.204998154
68,Republic of Korea,2009,2,Female,24571146.143043853
68,Republic of Korea,2010,2,Female,24755837.502764568
68,Republic of Korea,2011,2,Female,24954888.44366111
68,Republic of Korea,2012,2,Female,25162275.739408705
68,Republic of Korea,2013,2,Female,25371994.25766856
68,Republic of Korea,2014,2,Female,25580526.63864959
68,Republic of Korea,2015,2,Female,25780251.092809577
68,Republic of Korea,2016,2,Female,25959742.18773328
68,Republic of Korea,2017,2,Female,26125816.88166257
68,Republic of Korea,2018,2,Female,26279244.166362524
68,Republic of Korea,2019,2,Female,26416395.065804675
68,Republic of Korea,1990,3,Both,44337770.67799497
68,Republic of Korea,1991,3,Both,44667525.23773973
68,Republic of Korea,1992,3,Both,44912597.85693827
68,Republic of Korea,1993,3,Both,45111590.6651116
68,Republic of Korea,1994,3,Both,45287453.35078292
68,Republic of Korea,1995,3,Both,45472261.16555876
68,Republic of Korea,1996,3,Both,45704108.96825156
68,Republic of Korea,1997,3,Both,45962753.75724807
68,Republic of Korea,1998,3,Both,46237368.06430901
68,Republic of Korea,1999,3,Both,46515984.2463692
68,Republic of Korea,2000,3,Both,46783462.87146869
68,Republic of Korea,2001,3,Both,47022393.52522635
68,Republic of Korea,2002,3,Both,47236548.93946943
68,Republic of Korea,2003,3,Both,47439074.841814265
68,Republic of Korea,2004,3,Both,47639931.86686114
68,Republic of Korea,2005,3,Both,47850011.25088745
68,Republic of Korea,2006,3,Both,48079055.85558202
68,Republic of Korea,2007,3,Both,48335664.74259047
68,Republic of Korea,2008,3,Both,48623874.07926127
68,Republic of Korea,2009,3,Both,48955185.7679928
68,Republic of Korea,2010,3,Both,49336988.40199056
68,Republic of Korea,2011,3,Both,49776861.25551599
68,Republic of Korea,2012,3,Both,50259586.94689084
68,Republic of Korea,2013,3,Both,50765033.35136
68,Republic of Korea,2014,3,Both,51277779.04551776
68,Republic of Korea,2015,3,Both,51775329.57595289
68,Republic of Korea,2016,3,Both,52230588.60413029
68,Republic of Korea,2017,3,Both,52652475.62991986
68,Republic of Korea,2018,3,Both,53043808.58259662
68,Republic of Korea,2019,3,Both,53398251.97738704
69,Singapore,1990,1,Male,1534125.7173444438
69,Singapore,1991,1,Male,1583277.9411894125
69,Singapore,1992,1,Male,1631426.7525344556
69,Singapore,1993,1,Male,1674808.7642309894
69,Singapore,1994,1,Male,1733098.7081900935
69,Singapore,1995,1,Male,1789891.5639426776
69,Singapore,1996,1,Male,1883706.619860164
69,Singapore,1997,1,Male,1958607.667007916
69,Singapore,1998,1,Male,2039075.4360410287
69,Singapore,1999,1,Male,2036651.273044748
69,Singapore,2000,1,Male,2066620.7865055068
69,Singapore,2001,1,Male,2119898.73682676
69,Singapore,2002,1,Male,2129286.13137419
69,Singapore,2003,1,Male,2081174.971095706
69,Singapore,2004,1,Male,2103480.533980593
69,Singapore,2005,1,Male,2155783.9900437933
69,Singapore,2006,1,Male,2236471.15626924
69,Singapore,2007,1,Male,2357238.599190833
69,Singapore,2008,1,Male,2522405.7047943063
69,Singapore,2009,1,Male,2602010.8651398
69,Singapore,2010,1,Male,2641595.0265926137
69,Singapore,2011,1,Male,2690544.767940106
69,Singapore,2012,1,Male,2765606.943438065
69,Singapore,2013,1,Male,2824653.346683236
69,Singapore,2014,1,Male,2864406.0652386392
69,Singapore,2015,1,Male,2891114.066146764
69,Singapore,2016,1,Male,2920927.4962274693
69,Singapore,2017,1,Male,2897279.5094859265
69,Singapore,2018,1,Male,2893282.788163439
69,Singapore,2019,1,Male,2896571.23536788
69,Singapore,1990,2,Female,1513081.273141033
69,Singapore,1991,2,Female,1551809.381162915
69,Singapore,1992,2,Female,1599260.730978351
69,Singapore,1993,2,Female,1638673.3718069205
69,Singapore,1994,2,Female,1685938.4573279943
69,Singapore,1995,2,Female,1734635.307812262
69,Singapore,1996,2,Female,1786979.4215262418
69,Singapore,1997,2,Female,1837453.4908881031
69,Singapore,1998,2,Female,1888092.816388728
69,Singapore,1999,2,Female,1922095.6312716703
69,Singapore,2000,2,Female,1962092.771736981
69,Singapore,2001,2,Female,2018096.9282630165
69,Singapore,2002,2,Female,2046621.742263546
69,Singapore,2003,2,Female,2033700.2272182528
69,Singapore,2004,2,Female,2063175.53103676
69,Singapore,2005,2,Female,2109974.5912444955
69,Singapore,2006,2,Female,2164896.3257588274
69,Singapore,2007,2,Female,2231393.519635363
69,Singapore,2008,2,Female,2316945.041024581
69,Singapore,2009,2,Female,2385557.0816637524
69,Singapore,2010,2,Female,2435658.7677434105
69,Singapore,2011,2,Female,2493155.4164027395
69,Singapore,2012,2,Female,2546813.112950928
69,Singapore,2013,2,Female,2574511.897253947
69,Singapore,2014,2,Female,2605317.644488374
69,Singapore,2015,2,Female,2643903.719100144
69,Singapore,2016,2,Female,2686325.233454916
69,Singapore,2017,2,Female,2714993.349716266
69,Singapore,2018,2,Female,2745390.2530781385
69,Singapore,2019,2,Female,2770880.2282902324
69,Singapore,1990,3,Both,3047206.990485477
69,Singapore,1991,3,Both,3135087.322352327
69,Singapore,1992,3,Both,3230687.4835128067
69,Singapore,1993,3,Both,3313482.13603791
69,Singapore,1994,3,Both,3419037.165518088
69,Singapore,1995,3,Both,3524526.87175494
69,Singapore,1996,3,Both,3670686.0413864055
69,Singapore,1997,3,Both,3796061.157896019
69,Singapore,1998,3,Both,3927168.252429757
69,Singapore,1999,3,Both,3958746.904316419
69,Singapore,2000,3,Both,4028713.558242488
69,Singapore,2001,3,Both,4137995.665089776
69,Singapore,2002,3,Both,4175907.873637736
69,Singapore,2003,3,Both,4114875.19831396
69,Singapore,2004,3,Both,4166656.065017353
69,Singapore,2005,3,Both,4265758.581288289
69,Singapore,2006,3,Both,4401367.482028067
69,Singapore,2007,3,Both,4588632.1188261965
69,Singapore,2008,3,Both,4839350.745818888
69,Singapore,2009,3,Both,4987567.946803553
69,Singapore,2010,3,Both,5077253.794336024
69,Singapore,2011,3,Both,5183700.184342845
69,Singapore,2012,3,Both,5312420.056388993
69,Singapore,2013,3,Both,5399165.243937182
69,Singapore,2014,3,Both,5469723.709727013
69,Singapore,2015,3,Both,5535017.785246908
69,Singapore,2016,3,Both,5607252.729682385
69,Singapore,2017,3,Both,5612272.859202193
69,Singapore,2018,3,Both,5638673.041241578
69,Singapore,2019,3,Both,5667451.463658112
71,Australia,1990,1,Male,8383048.908398884
71,Australia,1991,1,Male,8491645.51095396
71,Australia,1992,1,Male,8593758.811304012
71,Australia,1993,1,Male,8689584.73436539
71,Australia,1994,1,Male,8779984.24141441
71,Australia,1995,1,Male,8867712.56672897
71,Australia,1996,1,Male,8955659.816483973
71,Australia,1997,1,Male,9045902.883114897
71,Australia,1998,1,Male,9139623.168641971
71,Australia,1999,1,Male,9238025.691703904
71,Australia,2000,1,Male,9340639.327140722
71,Australia,2001,1,Male,9447332.777579268
71,Australia,2002,1,Male,9558430.686831512
71,Australia,2003,1,Male,9674713.094800755
71,Australia,2004,1,Male,9796270.579573324
71,Australia,2005,1,Male,9925094.687704427
71,Australia,2006,1,Male,10064139.172705917
71,Australia,2007,1,Male,10213322.942965064
71,Australia,2008,1,Male,10368530.725189216
71,Australia,2009,1,Male,10526350.012834262
71,Australia,2010,1,Male,10686597.720719283
71,Australia,2011,1,Male,10850407.745123671
71,Australia,2012,1,Male,11017768.337252203
71,Australia,2013,1,Male,11184900.31758368
71,Australia,2014,1,Male,11348159.937135588
71,Australia,2015,1,Male,11509732.728702947
71,Australia,2016,1,Male,11671126.32982626
71,Australia,2017,1,Male,11828741.208451962
71,Australia,2018,1,Male,11980414.639938796
71,Australia,2019,1,Male,12127382.918883258
71,Australia,1990,2,Female,8477193.40891064
71,Australia,1991,2,Female,8598083.354761222
71,Australia,1992,2,Female,8711860.133006863
71,Australia,1993,2,Female,8819801.372400004
71,Australia,1994,2,Female,8922300.145405203
71,Australia,1995,2,Female,9021693.734542709
71,Australia,1996,2,Female,9121076.248071335
71,Australia,1997,2,Female,9222304.98783371
71,Australia,1998,2,Female,9325853.09151783
71,Australia,1999,2,Female,9433699.625442516
71,Australia,2000,2,Female,9544809.732979568
71,Australia,2001,2,Female,9659119.291460756
71,Australia,2002,2,Female,9777140.349245854
71,Australia,2003,2,Female,9899510.020336367
71,Australia,2004,2,Female,10025656.100668143
71,Australia,2005,2,Female,10156927.92789815
71,Australia,2006,2,Female,10295776.010412032
71,Australia,2007,2,Female,10442321.179474102
71,Australia,2008,2,Female,10594013.110384252
71,Australia,2009,2,Female,10749375.25774797
71,Australia,2010,2,Female,10909117.241684904
71,Australia,2011,2,Female,11074993.2390673
71,Australia,2012,2,Female,11247569.023120863
71,Australia,2013,2,Female,11422719.602311864
71,Australia,2014,2,Female,11596244.88084139
71,Australia,2015,2,Female,11769681.453683764
71,Australia,2016,2,Female,11943931.295725882
71,Australia,2017,2,Female,12114808.40816614
71,Australia,2018,2,Female,12280028.521661311
71,Australia,2019,2,Female,12440730.572324036
71,Australia,1990,3,Both,16860242.317309525
71,Australia,1991,3,Both,17089728.86571518
71,Australia,1992,3,Both,17305618.944310877
71,Australia,1993,3,Both,17509386.106765397
71,Australia,1994,3,Both,17702284.386819612
71,Australia,1995,3,Both,17889406.301271677
71,Australia,1996,3,Both,18076736.06455531
71,Australia,1997,3,Both,18268207.870948605
71,Australia,1998,3,Both,18465476.260159805
71,Australia,1999,3,Both,18671725.31714642
71,Australia,2000,3,Both,18885449.06012029
71,Australia,2001,3,Both,19106452.069040023
71,Australia,2002,3,Both,19335571.036077365
71,Australia,2003,3,Both,19574223.115137123
71,Australia,2004,3,Both,19821926.680241466
71,Australia,2005,3,Both,20082022.61560258
71,Australia,2006,3,Both,20359915.18311795
71,Australia,2007,3,Both,20655644.122439165
71,Australia,2008,3,Both,20962543.835573465
71,Australia,2009,3,Both,21275725.27058224
71,Australia,2010,3,Both,21595714.96240419
71,Australia,2011,3,Both,21925400.98419097
71,Australia,2012,3,Both,22265337.36037307
71,Australia,2013,3,Both,22607619.919895545
71,Australia,2014,3,Both,22944404.817976978
71,Australia,2015,3,Both,23279414.18238671
71,Australia,2016,3,Both,23615057.62555214
71,Australia,2017,3,Both,23943549.6166181
71,Australia,2018,3,Both,24260443.16160011
71,Australia,2019,3,Both,24568113.49120729
72,New Zealand,1990,1,Male,1688330.9050517553
72,New Zealand,1991,1,Male,1704100.1762573284
72,New Zealand,1992,1,Male,1722709.8880033037
72,New Zealand,1993,1,Male,1742772.434954294
72,New Zealand,1994,1,Male,1763124.9237162569
72,New Zealand,1995,1,Male,1782397.2021861938
72,New Zealand,1996,1,Male,1799256.8067748551
72,New Zealand,1997,1,Male,1812460.4999639632
72,New Zealand,1998,1,Male,1824345.0963419287
72,New Zealand,1999,1,Male,1836796.1411184573
72,New Zealand,2000,1,Male,1851027.0426006736
72,New Zealand,2001,1,Male,1868297.6308597296
72,New Zealand,2002,1,Male,1890617.5269583329
72,New Zealand,2003,1,Male,1916974.9721372635
72,New Zealand,2004,1,Male,1945572.038985997
72,New Zealand,2005,1,Male,1974351.7678062515
72,New Zealand,2006,1,Male,2002056.92127821
72,New Zealand,2007,1,Male,2026920.251879972
72,New Zealand,2008,1,Male,2048475.870259008
72,New Zealand,2009,1,Male,2066772.8695089591
72,New Zealand,2010,1,Male,2082693.6606184249
72,New Zealand,2011,1,Male,2096625.2827259128
72,New Zealand,2012,1,Male,2108783.146371668
72,New Zealand,2013,1,Male,2119649.1388363163
72,New Zealand,2014,1,Male,2130391.6543457573
72,New Zealand,2015,1,Male,2141759.883944961
72,New Zealand,2016,1,Male,2153329.705715925
72,New Zealand,2017,1,Male,2164748.8745553987
72,New Zealand,2018,1,Male,2175835.5641102293
72,New Zealand,2019,1,Male,2186456.0226759724
72,New Zealand,1990,2,Female,1728983.3428206015
72,New Zealand,1991,2,Female,1748161.492290613
72,New Zealand,1992,2,Female,1770044.453500257
72,New Zealand,1993,2,Female,1793372.5879559522
72,New Zealand,1994,2,Female,1817148.8702989933
72,New Zealand,1995,2,Female,1840343.3419802475
72,New Zealand,1996,2,Female,1861696.113495317
72,New Zealand,1997,2,Female,1880149.1150751773
72,New Zealand,1998,2,Female,1897610.3167338884
72,New Zealand,1999,2,Female,1915562.3594574668
72,New Zealand,2000,2,Female,1934868.4754487176
72,New Zealand,2001,2,Female,1956233.7706769824
72,New Zealand,2002,2,Female,1981205.183608664
72,New Zealand,2003,2,Female,2009237.3427679944
72,New Zealand,2004,2,Female,2038897.0351081656
72,New Zealand,2005,2,Female,2068425.4286440504
72,New Zealand,2006,2,Female,2097076.5713243445
72,New Zealand,2007,2,Female,2123568.6048832973
72,New Zealand,2008,2,Female,2147320.761075873
72,New Zealand,2009,2,Female,2168114.542952341
72,New Zealand,2010,2,Female,2186653.420350585
72,New Zealand,2011,2,Female,2203166.0270687933
72,New Zealand,2012,2,Female,2217955.1209959323
72,New Zealand,2013,2,Female,2231490.7990172696
72,New Zealand,2014,2,Female,2244659.157930574
72,New Zealand,2015,2,Female,2258014.11982017
72,New Zealand,2016,2,Female,2271278.4559961576
72,New Zealand,2017,2,Female,2284248.3480512514
72,New Zealand,2018,2,Female,2296893.004140037
72,New Zealand,2019,2,Female,2309211.074529241
72,New Zealand,1990,3,Both,3417314.247872357
72,New Zealand,1991,3,Both,3452261.6685479414
72,New Zealand,1992,3,Both,3492754.3415035605
72,New Zealand,1993,3,Both,3536145.022910246
72,New Zealand,1994,3,Both,3580273.79401525
72,New Zealand,1995,3,Both,3622740.5441664415
72,New Zealand,1996,3,Both,3660952.920270173
72,New Zealand,1997,3,Both,3692609.615039141
72,New Zealand,1998,3,Both,3721955.413075817
72,New Zealand,1999,3,Both,3752358.5005759248
72,New Zealand,2000,3,Both,3785895.518049392
72,New Zealand,2001,3,Both,3824531.401536712
72,New Zealand,2002,3,Both,3871822.7105669966
72,New Zealand,2003,3,Both,3926212.314905258
72,New Zealand,2004,3,Both,3984469.074094163
72,New Zealand,2005,3,Both,4042777.196450301
72,New Zealand,2006,3,Both,4099133.492602554
72,New Zealand,2007,3,Both,4150488.856763269
72,New Zealand,2008,3,Both,4195796.63133488
72,New Zealand,2009,3,Both,4234887.4124613
72,New Zealand,2010,3,Both,4269347.0809690105
72,New Zealand,2011,3,Both,4299791.309794706
72,New Zealand,2012,3,Both,4326738.2673676
72,New Zealand,2013,3,Both,4351139.937853586
72,New Zealand,2014,3,Both,4375050.812276332
72,New Zealand,2015,3,Both,4399774.00376513
72,New Zealand,2016,3,Both,4424608.161712083
72,New Zealand,2017,3,Both,4448997.222606651
72,New Zealand,2018,3,Both,4472728.568250266
72,New Zealand,2019,3,Both,4495667.097205213
74,Andorra,1990,1,Male,28741.70759770206
74,Andorra,1991,1,Male,31182.66203212233
74,Andorra,1992,1,Male,32544.25358703742
74,Andorra,1993,1,Male,34361.90917951057
74,Andorra,1994,1,Male,33863.87676397012
74,Andorra,1995,1,Male,33432.39329641743
74,Andorra,1996,1,Male,33596.64684389197
74,Andorra,1997,1,Male,34052.140338475874
74,Andorra,1998,1,Male,34261.183622002194
74,Andorra,1999,1,Male,34216.82142154097
74,Andorra,2000,1,Male,34049.895771774165
74,Andorra,2001,1,Male,34155.48738766068
74,Andorra,2002,1,Male,34644.541365571225
74,Andorra,2003,1,Male,37240.86286507848
74,Andorra,2004,1,Male,39730.61175908957
74,Andorra,2005,1,Male,40792.33399064801
74,Andorra,2006,1,Male,42221.26672421189
74,Andorra,2007,1,Male,43170.063597151406
74,Andorra,2008,1,Male,43765.57220195516
74,Andorra,2009,1,Male,43463.41143814992
74,Andorra,2010,1,Male,43460.25561635658
74,Andorra,2011,1,Male,39962.44767784066
74,Andorra,2012,1,Male,38908.68679770423
74,Andorra,2013,1,Male,38736.34044840452
74,Andorra,2014,1,Male,39156.39311013484
74,Andorra,2015,1,Male,39678.6732962128
74,Andorra,2016,1,Male,39964.99912893905
74,Andorra,2017,1,Male,40910.27078828816
74,Andorra,2018,1,Male,41799.951411326656
74,Andorra,2019,1,Male,42633.86157695157
74,Andorra,1990,2,Female,25350.43768621528
74,Andorra,1991,2,Female,27320.559507553684
74,Andorra,1992,2,Female,28684.44850962545
74,Andorra,1993,2,Female,30099.474339806748
74,Andorra,1994,2,Female,30038.28685439531
74,Andorra,1995,2,Female,30005.9479250652
74,Andorra,1996,2,Female,30388.470394603104
74,Andorra,1997,2,Female,30784.55720545526
74,Andorra,1998,2,Female,31128.833513584534
74,Andorra,1999,2,Female,31296.298183171748
74,Andorra,2000,2,Female,31331.555186033173
74,Andorra,2001,2,Female,31618.8837837542
74,Andorra,2002,2,Female,32160.26645693208
74,Andorra,2003,2,Female,34398.11149069146
74,Andorra,2004,2,Female,36478.31315360473
74,Andorra,2005,2,Female,37418.207900748
74,Andorra,2006,2,Female,38489.5699411081
74,Andorra,2007,2,Female,39359.82087328081
74,Andorra,2008,2,Female,40010.17699950616
74,Andorra,2009,2,Female,40039.68077321707
74,Andorra,2010,2,Female,40287.00034484409
74,Andorra,2011,2,Female,38308.25252610449
74,Andorra,2012,2,Female,37461.36254705396
74,Andorra,2013,2,Female,37400.42166807728
74,Andorra,2014,2,Female,37744.2391499806
74,Andorra,2015,2,Female,38173.75695602449
74,Andorra,2016,2,Female,38321.38437506568
74,Andorra,2017,2,Female,39072.43213409241
74,Andorra,2018,2,Female,39775.13432894907
74,Andorra,2019,2,Female,40430.34985833393
74,Andorra,1990,3,Both,54092.14528391734
74,Andorra,1991,3,Both,58503.221539676015
74,Andorra,1992,3,Both,61228.70209666288
74,Andorra,1993,3,Both,64461.383519317314
74,Andorra,1994,3,Both,63902.16361836543
74,Andorra,1995,3,Both,63438.341221482624
74,Andorra,1996,3,Both,63985.11723849508
74,Andorra,1997,3,Both,64836.69754393113
74,Andorra,1998,3,Both,65390.01713558673
74,Andorra,1999,3,Both,65513.11960471272
74,Andorra,2000,3,Both,65381.45095780733
74,Andorra,2001,3,Both,65774.37117141488
74,Andorra,2002,3,Both,66804.80782250331
74,Andorra,2003,3,Both,71638.97435576994
74,Andorra,2004,3,Both,76208.92491269429
74,Andorra,2005,3,Both,78210.541891396
74,Andorra,2006,3,Both,80710.83666531999
74,Andorra,2007,3,Both,82529.88447043221
74,Andorra,2008,3,Both,83775.74920146132
74,Andorra,2009,3,Both,83503.092211367
74,Andorra,2010,3,Both,83747.25596120067
74,Andorra,2011,3,Both,78270.70020394515
74,Andorra,2012,3,Both,76370.04934475818
74,Andorra,2013,3,Both,76136.7621164818
74,Andorra,2014,3,Both,76900.63226011544
74,Andorra,2015,3,Both,77852.43025223729
74,Andorra,2016,3,Both,78286.38350400473
74,Andorra,2017,3,Both,79982.70292238057
74,Andorra,2018,3,Both,81575.08574027572
74,Andorra,2019,3,Both,83064.21143528551
75,Austria,1990,1,Male,3732616.35785586
75,Austria,1991,1,Male,3751792.894139604
75,Austria,1992,1,Male,3769662.5689902464
75,Austria,1993,1,Male,3786426.159088884
75,Austria,1994,1,Male,3801600.382962137
75,Austria,1995,1,Male,3815437.193911182
75,Austria,1996,1,Male,3828818.030276196
75,Austria,1997,1,Male,3841889.696826857
75,Austria,1998,1,Male,3854604.5453964737
75,Austria,1999,1,Male,3868244.06583762
75,Austria,2000,1,Male,3884023.763562182
75,Austria,2001,1,Male,3902580.210988314
75,Austria,2002,1,Male,3925189.43292411
75,Austria,2003,1,Male,3950593.087992891
75,Austria,2004,1,Male,3978114.806452107
75,Austria,2005,1,Male,4004684.104334922
75,Austria,2006,1,Male,4025760.929242762
75,Austria,2007,1,Male,4041789.392059065
75,Austria,2008,1,Male,4054483.42294938
75,Austria,2009,1,Male,4065086.653423104
75,Austria,2010,1,Male,4077340.6419428415
75,Austria,2011,1,Male,4094613.216479078
75,Austria,2012,1,Male,4119401.1753701
75,Austria,2013,1,Male,4153007.454038658
75,Austria,2014,1,Male,4195799.028556489
75,Austria,2015,1,Male,4245079.198382501
75,Austria,2016,1,Male,4291314.424290602
75,Austria,2017,1,Male,4327638.448558385
75,Austria,2018,1,Male,4361925.309147936
75,Austria,2019,1,Male,4393967.758062573
75,Austria,1990,2,Female,4035910.432789934
75,Austria,1991,2,Female,4044083.0088719823
75,Austria,1992,2,Female,4052952.687518573
75,Austria,1993,2,Female,4062540.975628981
75,Austria,1994,2,Female,4072228.787860086
75,Austria,1995,2,Female,4082160.779905996
75,Austria,1996,2,Female,4092640.355867216
75,Austria,1997,2,Female,4103388.921712959
75,Austria,1998,2,Female,4114020.927995912
75,Austria,1999,2,Female,4124988.132462322
75,Austria,2000,2,Female,4137230.5491254367
75,Austria,2001,2,Female,4151438.073921238
75,Austria,2002,2,Female,4168683.040423173
75,Austria,2003,2,Female,4188440.529352883
75,Austria,2004,2,Female,4210483.404418103
75,Austria,2005,2,Female,4231972.492289812
75,Austria,2006,2,Female,4249419.019838603
75,Austria,2007,2,Female,4263665.146398413
75,Austria,2008,2,Female,4275163.059682885
75,Austria,2009,2,Female,4284645.821692935
75,Austria,2010,2,Female,4295344.41536362
75,Austria,2011,2,Female,4309412.993065007
75,Austria,2012,2,Female,4328541.430036525
75,Austria,2013,2,Female,4353200.424805171
75,Austria,2014,2,Female,4383004.90865734
75,Austria,2015,2,Female,4415797.050252693
75,Austria,2016,2,Female,4447597.186088223
75,Austria,2017,2,Female,4474188.912529594
75,Austria,2018,2,Female,4499166.484800027
75,Austria,2019,2,Female,4522217.732937014
75,Austria,1990,3,Both,7768526.790645794
75,Austria,1991,3,Both,7795875.903011586
75,Austria,1992,3,Both,7822615.256508819
75,Austria,1993,3,Both,7848967.134717865
75,Austria,1994,3,Both,7873829.170822223
75,Austria,1995,3,Both,7897597.973817179
75,Austria,1996,3,Both,7921458.386143411
75,Austria,1997,3,Both,7945278.618539816
75,Austria,1998,3,Both,7968625.473392386
75,Austria,1999,3,Both,7993232.198299943
75,Austria,2000,3,Both,8021254.312687619
75,Austria,2001,3,Both,8054018.284909552
75,Austria,2002,3,Both,8093872.473347282
75,Austria,2003,3,Both,8139033.617345774
75,Austria,2004,3,Both,8188598.210870211
75,Austria,2005,3,Both,8236656.596624734
75,Austria,2006,3,Both,8275179.949081366
75,Austria,2007,3,Both,8305454.538457478
75,Austria,2008,3,Both,8329646.482632264
75,Austria,2009,3,Both,8349732.475116039
75,Austria,2010,3,Both,8372685.057306462
75,Austria,2011,3,Both,8404026.209544085
75,Austria,2012,3,Both,8447942.605406625
75,Austria,2013,3,Both,8506207.878843829
75,Austria,2014,3,Both,8578803.93721383
75,Austria,2015,3,Both,8660876.248635193
75,Austria,2016,3,Both,8738911.610378824
75,Austria,2017,3,Both,8801827.361087978
75,Austria,2018,3,Both,8861091.793947963
75,Austria,2019,3,Both,8916185.490999587
76,Belgium,1990,1,Male,4888539.009258643
76,Belgium,1991,1,Male,4902558.017673812
76,Belgium,1992,1,Male,4915643.586392244
76,Belgium,1993,1,Male,4926759.933450678
76,Belgium,1994,1,Male,4936671.725388137
76,Belgium,1995,1,Male,4947004.877660039
76,Belgium,1996,1,Male,4958493.146630845
76,Belgium,1997,1,Male,4971171.322858327
76,Belgium,1998,1,Male,4984857.913091935
76,Belgium,1999,1,Male,5000155.4625877
76,Belgium,2000,1,Male,5017919.56422276
76,Belgium,2001,1,Male,5038113.272856669
76,Belgium,2002,1,Male,5059893.339713829
76,Belgium,2003,1,Male,5083455.951437392
76,Belgium,2004,1,Male,5110337.141707401
76,Belgium,2005,1,Male,5140749.928097317
76,Belgium,2006,1,Male,5174308.2285126895
76,Belgium,2007,1,Male,5210601.568581065
76,Belgium,2008,1,Male,5248717.226081849
76,Belgium,2009,1,Male,5288406.446665594
76,Belgium,2010,1,Male,5329499.772858276
76,Belgium,2011,1,Male,5371392.304814124
76,Belgium,2012,1,Male,5410996.895071821
76,Belgium,2013,1,Male,5446994.626001543
76,Belgium,2014,1,Male,5480369.299750859
76,Belgium,2015,1,Male,5511679.713229287
76,Belgium,2016,1,Male,5541264.651255029
76,Belgium,2017,1,Male,5569210.176650812
76,Belgium,2018,1,Male,5595057.749727789
76,Belgium,2019,1,Male,5618903.299545678
76,Belgium,1990,2,Female,5091032.318279074
76,Belgium,1991,2,Female,5105056.306207275
76,Belgium,1992,2,Female,5119226.549319948
76,Belgium,1993,2,Female,5132157.161528153
76,Belgium,1994,2,Female,5144277.041704733
76,Belgium,1995,2,Female,5157168.777593467
76,Belgium,1996,2,Female,5171548.116611688
76,Belgium,1997,2,Female,5187062.548050577
76,Belgium,1998,2,Female,5203228.675691348
76,Belgium,1999,2,Female,5220806.655615066
76,Belgium,2000,2,Female,5240887.846579616
76,Belgium,2001,2,Female,5262977.67914936
76,Belgium,2002,2,Female,5285767.096627508
76,Belgium,2003,2,Female,5309409.0747913085
76,Belgium,2004,2,Female,5335932.547793103
76,Belgium,2005,2,Female,5365816.222069496
76,Belgium,2006,2,Female,5398547.730383134
76,Belgium,2007,2,Female,5433547.549577862
76,Belgium,2008,2,Female,5470023.880606566
76,Belgium,2009,2,Female,5507764.663108567
76,Belgium,2010,2,Female,5546656.338718722
76,Belgium,2011,2,Female,5586020.966769577
76,Belgium,2012,2,Female,5622947.014650364
76,Belgium,2013,2,Female,5656010.193921796
76,Belgium,2014,2,Female,5685926.504100203
76,Belgium,2015,2,Female,5712861.877751403
76,Belgium,2016,2,Female,5737337.537273712
76,Belgium,2017,2,Female,5760338.466016746
76,Belgium,2018,2,Female,5781297.67943559
76,Belgium,2019,2,Female,5800262.228910732
76,Belgium,1990,3,Both,9979571.327537715
76,Belgium,1991,3,Both,10007614.323881086
76,Belgium,1992,3,Both,10034870.135712191
76,Belgium,1993,3,Both,10058917.094978832
76,Belgium,1994,3,Both,10080948.76709287
76,Belgium,1995,3,Both,10104173.655253503
76,Belgium,1996,3,Both,10130041.263242532
76,Belgium,1997,3,Both,10158233.870908905
76,Belgium,1998,3,Both,10188086.588783285
76,Belgium,1999,3,Both,10220962.118202766
76,Belgium,2000,3,Both,10258807.410802376
76,Belgium,2001,3,Both,10301090.952006027
76,Belgium,2002,3,Both,10345660.436341336
76,Belgium,2003,3,Both,10392865.026228702
76,Belgium,2004,3,Both,10446269.689500503
76,Belgium,2005,3,Both,10506566.150166811
76,Belgium,2006,3,Both,10572855.958895825
76,Belgium,2007,3,Both,10644149.118158927
76,Belgium,2008,3,Both,10718741.106688414
76,Belgium,2009,3,Both,10796171.10977416
76,Belgium,2010,3,Both,10876156.111576997
76,Belgium,2011,3,Both,10957413.2715837
76,Belgium,2012,3,Both,11033943.909722185
76,Belgium,2013,3,Both,11103004.81992334
76,Belgium,2014,3,Both,11166295.803851062
76,Belgium,2015,3,Both,11224541.590980688
76,Belgium,2016,3,Both,11278602.18852874
76,Belgium,2017,3,Both,11329548.642667558
76,Belgium,2018,3,Both,11376355.42916338
76,Belgium,2019,3,Both,11419165.52845641
77,Cyprus,1990,1,Male,391575.658911581
77,Cyprus,1991,1,Male,398905.9043338588
77,Cyprus,1992,1,Male,406090.2334790653
77,Cyprus,1993,1,Male,413099.6812817453
77,Cyprus,1994,1,Male,419998.9717955285
77,Cyprus,1995,1,Male,426814.9500927561
77,Cyprus,1996,1,Male,433558.8846504363
77,Cyprus,1997,1,Male,440288.1462205403
77,Cyprus,1998,1,Male,447064.5094318423
77,Cyprus,1999,1,Male,454016.2652355949
77,Cyprus,2000,1,Male,461269.4967275298
77,Cyprus,2001,1,Male,468924.41842511017
77,Cyprus,2002,1,Male,477108.3234969069
77,Cyprus,2003,1,Male,485860.241395763
77,Cyprus,2004,1,Male,495165.8347166514
77,Cyprus,2005,1,Male,504898.0305723288
77,Cyprus,2006,1,Male,515006.7842666389
77,Cyprus,2007,1,Male,525444.5274663796
77,Cyprus,2008,1,Male,536174.7761978679
77,Cyprus,2009,1,Male,547109.2872064683
77,Cyprus,2010,1,Male,558092.2160991626
77,Cyprus,2011,1,Male,569063.662981806
77,Cyprus,2012,1,Male,579892.8423486856
77,Cyprus,2013,1,Male,590513.457018394
77,Cyprus,2014,1,Male,600906.7238200787
77,Cyprus,2015,1,Male,611068.3041581935
77,Cyprus,2016,1,Male,621022.3535145925
77,Cyprus,2017,1,Male,630796.1812265633
77,Cyprus,2018,1,Male,640241.0239599363
77,Cyprus,2019,1,Male,649186.3999489831
77,Cyprus,1990,2,Female,386429.69731977896
77,Cyprus,1991,2,Female,393365.4330315311
77,Cyprus,1992,2,Female,400393.1304548976
77,Cyprus,1993,2,Female,407317.44581863726
77,Cyprus,1994,2,Female,414133.1807277756
77,Cyprus,1995,2,Female,420913.22184227663
77,Cyprus,1996,2,Female,427743.7811022931
77,Cyprus,1997,2,Female,434692.3945906916
77,Cyprus,1998,2,Female,441756.10358142137
77,Cyprus,1999,2,Female,448986.1105562805
77,Cyprus,2000,2,Female,456596.5334848829
77,Cyprus,2001,2,Female,464781.16130698624
77,Cyprus,2002,2,Female,473646.0925142185
77,Cyprus,2003,2,Female,483144.7805334781
77,Cyprus,2004,2,Female,493264.3791895821
77,Cyprus,2005,2,Female,503978.0134813603
77,Cyprus,2006,2,Female,515189.6508935843
77,Cyprus,2007,2,Female,526818.2353925853
77,Cyprus,2008,2,Female,538808.7281941872
77,Cyprus,2009,2,Female,551086.7946585998
77,Cyprus,2010,2,Female,563496.6428033152
77,Cyprus,2011,2,Female,575801.7073032135
77,Cyprus,2012,2,Female,587829.6306507775
77,Cyprus,2013,2,Female,599589.6562003606
77,Cyprus,2014,2,Female,611064.6463403065
77,Cyprus,2015,2,Female,622273.032110049
77,Cyprus,2016,2,Female,633256.871809254
77,Cyprus,2017,2,Female,643965.2176435253
77,Cyprus,2018,2,Female,654324.8138903113
77,Cyprus,2019,2,Female,664290.8088479566
77,Cyprus,1990,3,Both,778005.35623136
77,Cyprus,1991,3,Both,792271.3373653898
77,Cyprus,1992,3,Both,806483.3639339629
77,Cyprus,1993,3,Both,820417.1271003826
77,Cyprus,1994,3,Both,834132.152523304
77,Cyprus,1995,3,Both,847728.1719350327
77,Cyprus,1996,3,Both,861302.6657527294
77,Cyprus,1997,3,Both,874980.5408112318
77,Cyprus,1998,3,Both,888820.6130132637
77,Cyprus,1999,3,Both,903002.3757918754
77,Cyprus,2000,3,Both,917866.0302124128
77,Cyprus,2001,3,Both,933705.5797320964
77,Cyprus,2002,3,Both,950754.4160111254
77,Cyprus,2003,3,Both,969005.0219292413
77,Cyprus,2004,3,Both,988430.2139062334
77,Cyprus,2005,3,Both,1008876.0440536892
77,Cyprus,2006,3,Both,1030196.4351602232
77,Cyprus,2007,3,Both,1052262.762858965
77,Cyprus,2008,3,Both,1074983.504392055
77,Cyprus,2009,3,Both,1098196.081865068
77,Cyprus,2010,3,Both,1121588.858902478
77,Cyprus,2011,3,Both,1144865.3702850195
77,Cyprus,2012,3,Both,1167722.472999463
77,Cyprus,2013,3,Both,1190103.1132187543
77,Cyprus,2014,3,Both,1211971.3701603853
77,Cyprus,2015,3,Both,1233341.3362682424
77,Cyprus,2016,3,Both,1254279.2253238466
77,Cyprus,2017,3,Both,1274761.3988700886
77,Cyprus,2018,3,Both,1294565.8378502475
77,Cyprus,2019,3,Both,1313477.2087969396
78,Denmark,1990,1,Male,2534510.642534742
78,Denmark,1991,1,Male,2540293.214890352
78,Denmark,1992,1,Male,2547757.6550734374
78,Denmark,1993,1,Male,2556777.599540796
78,Denmark,1994,1,Male,2566906.891468789
78,Denmark,1995,1,Male,2577954.6771652144
78,Denmark,1996,1,Male,2589834.988958635
78,Denmark,1997,1,Male,2601954.884790032
78,Denmark,1998,1,Male,2613935.174523592
78,Denmark,1999,1,Male,2625292.972415206
78,Denmark,2000,1,Male,2635995.8118729657
78,Denmark,2001,1,Male,2645978.60640422
78,Denmark,2002,1,Male,2654942.053806108
78,Denmark,2003,1,Male,2663328.028710934
78,Denmark,2004,1,Male,2671805.325707352
78,Denmark,2005,1,Male,2681016.50498304
78,Denmark,2006,1,Male,2691273.978695256
78,Denmark,2007,1,Male,2702753.632565327
78,Denmark,2008,1,Male,2715424.14461614
78,Denmark,2009,1,Male,2728730.300986204
78,Denmark,2010,1,Male,2741943.556257547
78,Denmark,2011,1,Male,2755193.188102198
78,Denmark,2012,1,Male,2768688.9096071245
78,Denmark,2013,1,Male,2783047.907760227
78,Denmark,2014,1,Male,2799106.921778437
78,Denmark,2015,1,Male,2817192.561576395
78,Denmark,2016,1,Male,2836387.6400877056
78,Denmark,2017,1,Male,2855136.00588193
78,Denmark,2018,1,Male,2872524.111133451
78,Denmark,2019,1,Male,2888514.3855292844
78,Denmark,1990,2,Female,2609720.4778864523
78,Denmark,1991,2,Female,2615198.4707004298
78,Denmark,1992,2,Female,2622038.3973057466
78,Denmark,1993,2,Female,2630032.8580088587
78,Denmark,1994,2,Female,2639108.655677091
78,Denmark,1995,2,Female,2649097.1445284733
78,Denmark,1996,2,Female,2659672.817345828
78,Denmark,1997,2,Female,2670403.1996116955
78,Denmark,1998,2,Female,2681078.10519786
78,Denmark,1999,2,Female,2691184.2941652373
78,Denmark,2000,2,Female,2700634.847458595
78,Denmark,2001,2,Female,2709284.636515992
78,Denmark,2002,2,Female,2716742.630997819
78,Denmark,2003,2,Female,2723771.816156468
78,Denmark,2004,2,Female,2731128.582676249
78,Denmark,2005,2,Female,2739140.362864061
78,Denmark,2006,2,Female,2748040.696525624
78,Denmark,2007,2,Female,2757996.9672079333
78,Denmark,2008,2,Female,2769184.194410655
78,Denmark,2009,2,Female,2781221.163558548
78,Denmark,2010,2,Female,2793268.776646969
78,Denmark,2011,2,Female,2805117.261584722
78,Denmark,2012,2,Female,2816745.838447304
78,Denmark,2013,2,Female,2828687.104106166
78,Denmark,2014,2,Female,2841744.130966692
78,Denmark,2015,2,Female,2856218.3236399703
78,Denmark,2016,2,Female,2871590.955212275
78,Denmark,2017,2,Female,2886750.844886049
78,Denmark,2018,2,Female,2900949.227510439
78,Denmark,2019,2,Female,2914219.0383187407
78,Denmark,1990,3,Both,5144231.1204211945
78,Denmark,1991,3,Both,5155491.685590781
78,Denmark,1992,3,Both,5169796.052379184
78,Denmark,1993,3,Both,5186810.457549654
78,Denmark,1994,3,Both,5206015.54714588
78,Denmark,1995,3,Both,5227051.821693688
78,Denmark,1996,3,Both,5249507.806304462
78,Denmark,1997,3,Both,5272358.084401728
78,Denmark,1998,3,Both,5295013.279721452
78,Denmark,1999,3,Both,5316477.266580444
78,Denmark,2000,3,Both,5336630.65933156
78,Denmark,2001,3,Both,5355263.242920212
78,Denmark,2002,3,Both,5371684.684803927
78,Denmark,2003,3,Both,5387099.844867402
78,Denmark,2004,3,Both,5402933.9083836
78,Denmark,2005,3,Both,5420156.867847101
78,Denmark,2006,3,Both,5439314.67522088
78,Denmark,2007,3,Both,5460750.599773261
78,Denmark,2008,3,Both,5484608.339026795
78,Denmark,2009,3,Both,5509951.464544751
78,Denmark,2010,3,Both,5535212.332904516
78,Denmark,2011,3,Both,5560310.44968692
78,Denmark,2012,3,Both,5585434.748054428
78,Denmark,2013,3,Both,5611735.0118663935
78,Denmark,2014,3,Both,5640851.052745129
78,Denmark,2015,3,Both,5673410.885216366
78,Denmark,2016,3,Both,5707978.595299981
78,Denmark,2017,3,Both,5741886.8507679785
78,Denmark,2018,3,Both,5773473.338643891
78,Denmark,2019,3,Both,5802733.4238480255
79,Finland,1990,1,Male,2430186.642330664
79,Finland,1991,1,Male,2443084.352889643
79,Finland,1992,1,Male,2456134.840231284
79,Finland,1993,1,Male,2468782.5464932164
79,Finland,1994,1,Male,2481008.607538607
79,Finland,1995,1,Male,2492200.0594113865
79,Finland,1996,1,Male,2501831.183993908
79,Finland,1997,1,Male,2510172.034453582
79,Finland,1998,1,Male,2517597.704446064
79,Finland,1999,1,Male,2524704.550622755
79,Finland,2000,1,Male,2531875.692513154
79,Finland,2001,1,Male,2539214.9513603146
79,Finland,2002,1,Male,2546939.211006042
79,Finland,2003,1,Male,2555491.0436969786
79,Finland,2004,1,Male,2565146.904776006
79,Finland,2005,1,Male,2575799.668960936
79,Finland,2006,1,Male,2587373.624618912
79,Finland,2007,1,Male,2599675.088230041
79,Finland,2008,1,Male,2612755.1529430496
79,Finland,2009,1,Male,2626582.677042402
79,Finland,2010,1,Male,2640672.679616073
79,Finland,2011,1,Male,2654730.9312097435
79,Finland,2012,1,Male,2668504.1600455963
79,Finland,2013,1,Male,2681624.0646333527
79,Finland,2014,1,Male,2693817.9238813748
79,Finland,2015,1,Male,2704717.977566829
79,Finland,2016,1,Male,2713716.352003543
79,Finland,2017,1,Male,2720599.812340999
79,Finland,2018,1,Male,2725882.1823252263
79,Finland,2019,1,Male,2730110.0062929303
79,Finland,1990,2,Female,2579958.5724240625
79,Finland,1991,2,Female,2590593.1870169807
79,Finland,1992,2,Female,2601197.308075263
79,Finland,1993,2,Female,2611133.560445458
79,Finland,1994,2,Female,2620650.6093035545
79,Finland,1995,2,Female,2629346.683463448
79,Finland,1996,2,Female,2636642.34924196
79,Finland,1997,2,Female,2642656.7136141765
79,Finland,1998,2,Female,2647905.1914658425
79,Finland,1999,2,Female,2652974.8586729467
79,Finland,2000,2,Female,2657724.6344084684
79,Finland,2001,2,Female,2662393.22060464
79,Finland,2002,2,Female,2667324.955035895
79,Finland,2003,2,Female,2673049.0649473164
79,Finland,2004,2,Female,2680000.584875744
79,Finland,2005,2,Female,2688173.3303756537
79,Finland,2006,2,Female,2697541.3930636426
79,Finland,2007,2,Female,2707713.5134227765
79,Finland,2008,2,Female,2718485.4932250897
79,Finland,2009,2,Female,2729859.692958141
79,Finland,2010,2,Female,2741470.379055233
79,Finland,2011,2,Female,2752929.9827318904
79,Finland,2012,2,Female,2763784.3069187743
79,Finland,2013,2,Female,2773674.889947304
79,Finland,2014,2,Female,2782462.674754441
79,Finland,2015,2,Female,2789863.304987921
79,Finland,2016,2,Female,2795565.8947909204
79,Finland,2017,2,Female,2799568.8592838943
79,Finland,2018,2,Female,2802203.85381854
79,Finland,2019,2,Female,2803984.626618783
79,Finland,1990,3,Both,5010145.214754726
79,Finland,1991,3,Both,5033677.539906624
79,Finland,1992,3,Both,5057332.148306547
79,Finland,1993,3,Both,5079916.106938675
79,Finland,1994,3,Both,5101659.2168421615
79,Finland,1995,3,Both,5121546.742874834
79,Finland,1996,3,Both,5138473.533235868
79,Finland,1997,3,Both,5152828.748067759
79,Finland,1998,3,Both,5165502.895911906
79,Finland,1999,3,Both,5177679.409295701
79,Finland,2000,3,Both,5189600.326921622
79,Finland,2001,3,Both,5201608.171964955
79,Finland,2002,3,Both,5214264.166041938
79,Finland,2003,3,Both,5228540.108644295
79,Finland,2004,3,Both,5245147.48965175
79,Finland,2005,3,Both,5263972.999336589
79,Finland,2006,3,Both,5284915.017682554
79,Finland,2007,3,Both,5307388.601652817
79,Finland,2008,3,Both,5331240.64616814
79,Finland,2009,3,Both,5356442.370000543
79,Finland,2010,3,Both,5382143.058671307
79,Finland,2011,3,Both,5407660.913941634
79,Finland,2012,3,Both,5432288.466964371
79,Finland,2013,3,Both,5455298.954580656
79,Finland,2014,3,Both,5476280.598635815
79,Finland,2015,3,Both,5494581.28255475
79,Finland,2016,3,Both,5509282.246794463
79,Finland,2017,3,Both,5520168.671624893
79,Finland,2018,3,Both,5528086.036143766
79,Finland,2019,3,Both,5534094.632911713
80,France,1990,1,Male,28149822.36249069
80,France,1991,1,Male,28253688.749423616
80,France,1992,1,Male,28340164.355468266
80,France,1993,1,Male,28410409.72710686
80,France,1994,1,Male,28479265.011556804
80,France,1995,1,Male,28559031.06514747
80,France,1996,1,Male,28647102.794007886
80,France,1997,1,Male,28745156.614430062
80,France,1998,1,Male,28858444.704047464
80,France,1999,1,Male,28991939.675019283
80,France,2000,1,Male,29151338.82776028
80,France,2001,1,Male,29324964.40004427
80,France,2002,1,Male,29503635.60575126
80,France,2003,1,Male,29687204.9811448
80,France,2004,1,Male,29877986.40950894
80,France,2005,1,Male,30075185.385374464
80,France,2006,1,Male,30271430.23839008
80,France,2007,1,Male,30459239.494415123
80,France,2008,1,Male,30634960.675059635
80,France,2009,1,Male,30800757.46038337
80,France,2010,1,Male,30959190.421897028
80,France,2011,1,Male,31112924.125714973
80,France,2012,1,Male,31263186.40000508
80,France,2013,1,Male,31411997.636472628
80,France,2014,1,Male,31558275.76650932
80,France,2015,1,Male,31691098.668806367
80,France,2016,1,Male,31809272.67289899
80,France,2017,1,Male,31916023.278197248
80,France,2018,1,Male,32011729.1270697
80,France,2019,1,Male,32098654.75495492
80,France,1990,2,Female,29620110.036805727
80,France,1991,2,Female,29734037.36322537
80,France,1992,2,Female,29831472.58064487
80,France,1993,2,Female,29913287.02540284
80,France,1994,2,Female,29994720.899322554
80,France,1995,2,Female,30088978.509644303
80,France,1996,2,Female,30193935.96115716
80,France,1997,2,Female,30311299.678497087
80,France,1998,2,Female,30446549.83715668
80,France,1999,2,Female,30605218.148642547
80,France,2000,2,Female,30793676.85516669
80,France,2001,2,Female,31000229.522528566
80,France,2002,2,Female,31212320.015654232
80,France,2003,2,Female,31426902.6339545
80,France,2004,2,Female,31646731.51877037
80,France,2005,2,Female,31871576.97961949
80,France,2006,2,Female,32092794.388093825
80,France,2007,2,Female,32300773.442083787
80,France,2008,2,Female,32492322.053627346
80,France,2009,2,Female,32670638.44196398
80,France,2010,2,Female,32840858.906961344
80,France,2011,2,Female,33006685.04809978
80,France,2012,2,Female,33169393.094989493
80,France,2013,2,Female,33332206.39425456
80,France,2014,2,Female,33495672.16824095
80,France,2015,2,Female,33648161.802028246
80,France,2016,2,Female,33783952.15368604
80,France,2017,2,Female,33905960.9587738
80,France,2018,2,Female,34012560.295182064
80,France,2019,2,Female,34105660.20936284
80,France,1990,3,Both,57769932.39929642
80,France,1991,3,Both,57987726.11264899
80,France,1992,3,Both,58171636.936113134
80,France,1993,3,Both,58323696.75250969
80,France,1994,3,Both,58473985.91087936
80,France,1995,3,Both,58648009.574791774
80,France,1996,3,Both,58841038.75516504
80,France,1997,3,Both,59056456.29292715
80,France,1998,3,Both,59304994.54120415
80,France,1999,3,Both,59597157.82366183
80,France,2000,3,Both,59945015.68292697
80,France,2001,3,Both,60325193.92257284
80,France,2002,3,Both,60715955.62140549
80,France,2003,3,Both,61114107.61509929
80,France,2004,3,Both,61524717.92827932
80,France,2005,3,Both,61946762.36499395
80,France,2006,3,Both,62364224.6264839
80,France,2007,3,Both,62760012.93649891
80,France,2008,3,Both,63127282.72868698
80,France,2009,3,Both,63471395.90234736
80,France,2010,3,Both,63800049.328858376
80,France,2011,3,Both,64119609.17381476
80,France,2012,3,Both,64432579.494994566
80,France,2013,3,Both,64744204.03072719
80,France,2014,3,Both,65053947.93475027
80,France,2015,3,Both,65339260.470834605
80,France,2016,3,Both,65593224.82658503
80,France,2017,3,Both,65821984.23697104
80,France,2018,3,Both,66024289.42225177
80,France,2019,3,Both,66204314.96431776
81,Germany,1990,1,Male,38605382.13199021
81,Germany,1991,1,Male,38897497.02444654
81,Germany,1992,1,Male,39199654.43591546
81,Germany,1993,1,Male,39460761.3328801
81,Germany,1994,1,Male,39657201.61207221
81,Germany,1995,1,Male,39803983.32273181
81,Germany,1996,1,Male,39913800.44492365
81,Germany,1997,1,Male,39991947.17718362
81,Germany,1998,1,Male,40050511.85014487
81,Germany,1999,1,Male,40114252.36390734
81,Germany,2000,1,Male,40188687.590504296
81,Germany,2001,1,Male,40264241.67654308
81,Germany,2002,1,Male,40321742.265381806
81,Germany,2003,1,Male,40350860.16286539
81,Germany,2004,1,Male,40357378.014721125
81,Germany,2005,1,Male,40340232.19533116
81,Germany,2006,1,Male,40300265.649289936
81,Germany,2007,1,Male,40244597.22129596
81,Germany,2008,1,Male,40169827.06880056
81,Germany,2009,1,Male,40086333.62346181
81,Germany,2010,1,Male,40014892.29265885
81,Germany,2011,1,Male,39969670.666508645
81,Germany,2012,1,Male,40044704.24092136
81,Germany,2013,1,Male,40230692.649022885
81,Germany,2014,1,Male,40521355.10442702
81,Germany,2015,1,Male,40869219.84474134
81,Germany,2016,1,Male,41236518.57170838
81,Germany,2017,1,Male,41654051.20849454
81,Germany,2018,1,Male,41986348.23231295
81,Germany,2019,1,Male,42201800.78367699
81,Germany,1990,2,Female,41335923.93097199
81,Germany,1991,2,Female,41472922.735407054
81,Germany,1992,2,Female,41630252.786605366
81,Germany,1993,2,Female,41776118.51751493
81,Germany,1994,2,Female,41885835.61451344
81,Germany,1995,2,Female,41965805.6192068
81,Germany,1996,2,Female,42022454.31540443
81,Germany,1997,2,Female,42056680.41411792
81,Germany,1998,2,Female,42073068.13092919
81,Germany,1999,2,Female,42094383.20661329
81,Germany,2000,2,Female,42127981.53668013
81,Germany,2001,2,Female,42163232.22844583
81,Germany,2002,2,Female,42180836.28955124
81,Germany,2003,2,Female,42172652.00616482
81,Germany,2004,2,Female,42143618.9890936
81,Germany,2005,2,Female,42086531.0361008
81,Germany,2006,2,Female,42005765.6205763
81,Germany,2007,2,Female,41912335.90739933
81,Germany,2008,2,Female,41806590.29681083
81,Germany,2009,2,Female,41708178.43539058
81,Germany,2010,2,Female,41643774.249611646
81,Germany,2011,2,Female,41619429.74122221
81,Germany,2012,2,Female,41656172.68695575
81,Germany,2013,2,Female,41744343.93743537
81,Germany,2014,2,Female,41886125.2414519
81,Germany,2015,2,Female,42051381.29244369
81,Germany,2016,2,Female,42238740.568335466
81,Germany,2017,2,Female,42462178.40049142
81,Germany,2018,2,Female,42628146.77890785
81,Germany,2019,2,Female,42712255.06846299
81,Germany,1990,3,Both,79941306.06296219
81,Germany,1991,3,Both,80370419.7598536
81,Germany,1992,3,Both,80829907.22252083
81,Germany,1993,3,Both,81236879.85039504
81,Germany,1994,3,Both,81543037.22658566
81,Germany,1995,3,Both,81769788.94193861
81,Germany,1996,3,Both,81936254.76032808
81,Germany,1997,3,Both,82048627.59130155
81,Germany,1998,3,Both,82123579.98107405
81,Germany,1999,3,Both,82208635.57052062
81,Germany,2000,3,Both,82316669.12718444
81,Germany,2001,3,Both,82427473.9049889
81,Germany,2002,3,Both,82502578.55493306
81,Germany,2003,3,Both,82523512.1690302
81,Germany,2004,3,Both,82500997.00381473
81,Germany,2005,3,Both,82426763.23143196
81,Germany,2006,3,Both,82306031.26986623
81,Germany,2007,3,Both,82156933.1286953
81,Germany,2008,3,Both,81976417.36561139
81,Germany,2009,3,Both,81794512.05885239
81,Germany,2010,3,Both,81658666.5422705
81,Germany,2011,3,Both,81589100.40773085
81,Germany,2012,3,Both,81700876.92787711
81,Germany,2013,3,Both,81975036.58645825
81,Germany,2014,3,Both,82407480.34587891
81,Germany,2015,3,Both,82920601.13718502
81,Germany,2016,3,Both,83475259.14004385
81,Germany,2017,3,Both,84116229.60898596
81,Germany,2018,3,Both,84614495.0112208
81,Germany,2019,3,Both,84914055.85213998
82,Greece,1990,1,Male,5121998.590276969
82,Greece,1991,1,Male,5162509.123714309
82,Greece,1992,1,Male,5219853.42449396
82,Greece,1993,1,Male,5267232.741916539
82,Greece,1994,1,Male,5308602.911582831
82,Greece,1995,1,Male,5346798.409589001
82,Greece,1996,1,Male,5382669.689982314
82,Greece,1997,1,Male,5419233.341255711
82,Greece,1998,1,Male,5457034.353569079
82,Greece,1999,1,Male,5481703.886434357
82,Greece,2000,1,Male,5504110.950751829
82,Greece,2001,1,Male,5528925.8152467245
82,Greece,2002,1,Male,5539128.918659007
82,Greece,2003,1,Male,5537598.499024664
82,Greece,2004,1,Male,5533346.880129227
82,Greece,2005,1,Male,5529115.756955011
82,Greece,2006,1,Male,5522289.231498707
82,Greece,2007,1,Male,5511375.474951079
82,Greece,2008,1,Male,5500214.746318842
82,Greece,2009,1,Male,5486733.294363365
82,Greece,2010,1,Male,5464024.093944116
82,Greece,2011,1,Male,5424423.74546722
82,Greece,2012,1,Male,5362362.617817704
82,Greece,2013,1,Male,5292010.905623471
82,Greece,2014,1,Male,5229029.915945252
82,Greece,2015,1,Male,5171322.527994291
82,Greece,2016,1,Male,5127876.660977409
82,Greece,2017,1,Male,5096738.897981132
82,Greece,2018,1,Male,5063966.98676588
82,Greece,2019,1,Male,5029310.663040331
82,Greece,1990,2,Female,5267545.799076746
82,Greece,1991,2,Female,5298830.427200482
82,Greece,1992,2,Female,5343315.330092024
82,Greece,1993,2,Female,5381075.171217411
82,Greece,1994,2,Female,5415162.475665364
82,Greece,1995,2,Female,5447447.021624342
82,Greece,1996,2,Female,5478488.170532298
82,Greece,1997,2,Female,5510247.847067275
82,Greece,1998,2,Female,5542732.23320306
82,Greece,1999,2,Female,5565829.671483004
82,Greece,2000,2,Female,5587462.089494476
82,Greece,2001,2,Female,5610357.06494966
82,Greece,2002,2,Female,5621813.145986618
82,Greece,2003,2,Female,5624474.557941332
82,Greece,2004,2,Female,5625494.482566304
82,Greece,2005,2,Female,5627286.160329306
82,Greece,2006,2,Female,5627871.125311467
82,Greece,2007,2,Female,5626012.738006651
82,Greece,2008,2,Female,5624447.397017993
82,Greece,2009,2,Female,5622021.7175042415
82,Greece,2010,2,Female,5612999.935954409
82,Greece,2011,2,Female,5590789.03310039
82,Greece,2012,2,Female,5550682.037181607
82,Greece,2013,2,Female,5503032.815725802
82,Greece,2014,2,Female,5459744.430480895
82,Greece,2015,2,Female,5419490.571988974
82,Greece,2016,2,Female,5388603.292478813
82,Greece,2017,2,Female,5365596.491516311
82,Greece,2018,2,Female,5338841.068051214
82,Greece,2019,2,Female,5307860.955154061
82,Greece,1990,3,Both,10389544.389353717
82,Greece,1991,3,Both,10461339.550914792
82,Greece,1992,3,Both,10563168.754585983
82,Greece,1993,3,Both,10648307.913133947
82,Greece,1994,3,Both,10723765.387248194
82,Greece,1995,3,Both,10794245.431213344
82,Greece,1996,3,Both,10861157.860514613
82,Greece,1997,3,Both,10929481.188322986
82,Greece,1998,3,Both,10999766.586772138
82,Greece,1999,3,Both,11047533.55791736
82,Greece,2000,3,Both,11091573.040246304
82,Greece,2001,3,Both,11139282.880196383
82,Greece,2002,3,Both,11160942.064645624
82,Greece,2003,3,Both,11162073.056965996
82,Greece,2004,3,Both,11158841.362695532
82,Greece,2005,3,Both,11156401.917284315
82,Greece,2006,3,Both,11150160.356810171
82,Greece,2007,3,Both,11137388.21295773
82,Greece,2008,3,Both,11124662.143336836
82,Greece,2009,3,Both,11108755.011867609
82,Greece,2010,3,Both,11077024.029898524
82,Greece,2011,3,Both,11015212.77856761
82,Greece,2012,3,Both,10913044.65499931
82,Greece,2013,3,Both,10795043.721349273
82,Greece,2014,3,Both,10688774.346426148
82,Greece,2015,3,Both,10590813.099983264
82,Greece,2016,3,Both,10516479.953456225
82,Greece,2017,3,Both,10462335.389497444
82,Greece,2018,3,Both,10402808.054817094
82,Greece,2019,3,Both,10337171.618194392
83,Iceland,1990,1,Male,127469.89521445509
83,Iceland,1991,1,Male,128817.50624780584
83,Iceland,1992,1,Male,130212.81944129632
83,Iceland,1993,1,Male,131532.70895655942
83,Iceland,1994,1,Male,132688.43232348308
83,Iceland,1995,1,Male,133619.59912944146
83,Iceland,1996,1,Male,134444.77019722533
83,Iceland,1997,1,Male,135425.71717167177
83,Iceland,1998,1,Male,136661.59781798965
83,Iceland,1999,1,Male,138165.71396594855
83,Iceland,2000,1,Male,139811.66906000418
83,Iceland,2001,1,Male,141471.17461436067
83,Iceland,2002,1,Male,142952.4716668508
83,Iceland,2003,1,Male,144336.7407566367
83,Iceland,2004,1,Male,146063.16247215177
83,Iceland,2005,1,Male,148585.56609164324
83,Iceland,2006,1,Male,152070.48548606585
83,Iceland,2007,1,Male,155925.36339109865
83,Iceland,2008,1,Male,159044.36437518336
83,Iceland,2009,1,Male,160566.30209064114
83,Iceland,2010,1,Male,160705.3861700067
83,Iceland,2011,1,Male,160629.3870292162
83,Iceland,2012,1,Male,160932.23750913565
83,Iceland,2013,1,Male,161876.28926234404
83,Iceland,2014,1,Male,163484.83417620978
83,Iceland,2015,1,Male,165560.1677619129
83,Iceland,2016,1,Male,167935.8079416316
83,Iceland,2017,1,Male,170394.67405507196
83,Iceland,2018,1,Male,172439.28780998537
83,Iceland,2019,1,Male,174185.82310369465
83,Iceland,1990,2,Female,126501.21965574224
83,Iceland,1991,2,Female,127914.85600005582
83,Iceland,1992,2,Female,129372.1590610703
83,Iceland,1993,2,Female,130727.8216288508
83,Iceland,1994,2,Female,131925.22554114755
83,Iceland,1995,2,Female,132925.01708800046
83,Iceland,1996,2,Female,133858.76396229304
83,Iceland,1997,2,Female,134938.7934387714
83,Iceland,1998,2,Female,136245.90266437
83,Iceland,1999,2,Female,137815.3536776095
83,Iceland,2000,2,Female,139561.10243020835
83,Iceland,2001,2,Female,141316.54690354524
83,Iceland,2002,2,Female,142863.44064436707
83,Iceland,2003,2,Female,144202.5727090937
83,Iceland,2004,2,Female,145535.45378948515
83,Iceland,2005,2,Female,147135.6417669653
83,Iceland,2006,2,Female,149204.95332784113
83,Iceland,2007,2,Female,151675.47245985566
83,Iceland,2008,2,Female,154285.8824614224
83,Iceland,2009,2,Female,156489.97388047026
83,Iceland,2010,2,Female,157951.2706960253
83,Iceland,2011,2,Female,158985.4826599699
83,Iceland,2012,2,Female,159983.33929149798
83,Iceland,2013,2,Female,161226.16337855358
83,Iceland,2014,2,Female,162747.1000069664
83,Iceland,2015,2,Female,164382.04106681654
83,Iceland,2016,2,Female,166062.8987132129
83,Iceland,2017,2,Female,167751.02759141455
83,Iceland,2018,2,Female,169278.08650978448
83,Iceland,2019,2,Female,170690.43490310747
83,Iceland,1990,3,Both,253971.1148701973
83,Iceland,1991,3,Both,256732.3622478617
83,Iceland,1992,3,Both,259584.9785023666
83,Iceland,1993,3,Both,262260.5305854102
83,Iceland,1994,3,Both,264613.65786463063
83,Iceland,1995,3,Both,266544.6162174419
83,Iceland,1996,3,Both,268303.5341595184
83,Iceland,1997,3,Both,270364.5106104432
83,Iceland,1998,3,Both,272907.50048235967
83,Iceland,1999,3,Both,275981.067643558
83,Iceland,2000,3,Both,279372.77149021253
83,Iceland,2001,3,Both,282787.7215179059
83,Iceland,2002,3,Both,285815.91231121786
83,Iceland,2003,3,Both,288539.3134657304
83,Iceland,2004,3,Both,291598.6162616369
83,Iceland,2005,3,Both,295721.20785860857
83,Iceland,2006,3,Both,301275.438813907
83,Iceland,2007,3,Both,307600.8358509543
83,Iceland,2008,3,Both,313330.2468366058
83,Iceland,2009,3,Both,317056.27597111143
83,Iceland,2010,3,Both,318656.65686603205
83,Iceland,2011,3,Both,319614.86968918605
83,Iceland,2012,3,Both,320915.57680063363
83,Iceland,2013,3,Both,323102.45264089765
83,Iceland,2014,3,Both,326231.9341831762
83,Iceland,2015,3,Both,329942.20882872946
83,Iceland,2016,3,Both,333998.70665484446
83,Iceland,2017,3,Both,338145.7016464865
83,Iceland,2018,3,Both,341717.37431976985
83,Iceland,2019,3,Both,344876.2580068021
84,Ireland,1990,1,Male,1794539.7600654403
84,Ireland,1991,1,Male,1793874.383416731
84,Ireland,1992,1,Male,1796830.31349518
84,Ireland,1993,1,Male,1802657.657170772
84,Ireland,1994,1,Male,1811176.3896927123
84,Ireland,1995,1,Male,1822432.7625761123
84,Ireland,1996,1,Male,1836510.1370626795
84,Ireland,1997,1,Male,1853431.616763188
84,Ireland,1998,1,Male,1873240.7401900408
84,Ireland,1999,1,Male,1896040.697915415
84,Ireland,2000,1,Male,1922420.245184451
84,Ireland,2001,1,Male,1952982.425944524
84,Ireland,2002,1,Male,1987998.812215964
84,Ireland,2003,1,Male,2027692.569591619
84,Ireland,2004,1,Male,2069961.592413986
84,Ireland,2005,1,Male,2112942.480283352
84,Ireland,2006,1,Male,2154679.2199569508
84,Ireland,2007,1,Male,2192880.612052604
84,Ireland,2008,1,Male,2227761.227689276
84,Ireland,2009,1,Male,2259082.803161586
84,Ireland,2010,1,Male,2287058.2577411137
84,Ireland,2011,1,Male,2311769.9047113755
84,Ireland,2012,1,Male,2333115.873253999
84,Ireland,2013,1,Male,2351510.7829128643
84,Ireland,2014,1,Male,2367495.179054639
84,Ireland,2015,1,Male,2381687.628668931
84,Ireland,2016,1,Male,2394666.591954192
84,Ireland,2017,1,Male,2406862.010418625
84,Ireland,2018,1,Male,2418336.191091974
84,Ireland,2019,1,Male,2428944.757326008
84,Ireland,1990,2,Female,1806720.5213583664
84,Ireland,1991,2,Female,1808776.8228634284
84,Ireland,1992,2,Female,1813870.851097509
84,Ireland,1993,2,Female,1821440.9035280668
84,Ireland,1994,2,Female,1831418.217811752
84,Ireland,1995,2,Female,1843895.5786016928
84,Ireland,1996,2,Female,1859022.1866415308
84,Ireland,1997,2,Female,1876747.397696713
84,Ireland,1998,2,Female,1897004.1354083344
84,Ireland,1999,2,Female,1919629.7970936056
84,Ireland,2000,2,Female,1944862.885375618
84,Ireland,2001,2,Female,1973181.459911628
84,Ireland,2002,2,Female,2004636.4267576605
84,Ireland,2003,2,Female,2038829.75062466
84,Ireland,2004,2,Female,2075071.3142021056
84,Ireland,2005,2,Female,2113061.8590316465
84,Ireland,2006,2,Female,2152671.293239986
84,Ireland,2007,2,Female,2193723.6312580137
84,Ireland,2008,2,Female,2235236.254085015
84,Ireland,2009,2,Female,2275478.929087734
84,Ireland,2010,2,Female,2313019.0038515087
84,Ireland,2011,2,Female,2346224.236993255
84,Ireland,2012,2,Female,2373570.9655115977
84,Ireland,2013,2,Female,2395919.670674309
84,Ireland,2014,2,Female,2414362.8907050304
84,Ireland,2015,2,Female,2430006.020663001
84,Ireland,2016,2,Female,2443932.922696064
84,Ireland,2017,2,Female,2457197.512136011
84,Ireland,2018,2,Female,2469726.8039051327
84,Ireland,2019,2,Female,2481412.628959714
84,Ireland,1990,3,Both,3601260.2814238067
84,Ireland,1991,3,Both,3602651.20628016
84,Ireland,1992,3,Both,3610701.1645926894
84,Ireland,1993,3,Both,3624098.560698839
84,Ireland,1994,3,Both,3642594.607504464
84,Ireland,1995,3,Both,3666328.341177805
84,Ireland,1996,3,Both,3695532.3237042106
84,Ireland,1997,3,Both,3730179.014459901
84,Ireland,1998,3,Both,3770244.875598375
84,Ireland,1999,3,Both,3815670.495009021
84,Ireland,2000,3,Both,3867283.130560069
84,Ireland,2001,3,Both,3926163.885856152
84,Ireland,2002,3,Both,3992635.238973624
84,Ireland,2003,3,Both,4066522.320216279
84,Ireland,2004,3,Both,4145032.906616092
84,Ireland,2005,3,Both,4226004.339314998
84,Ireland,2006,3,Both,4307350.513196937
84,Ireland,2007,3,Both,4386604.243310617
84,Ireland,2008,3,Both,4462997.481774291
84,Ireland,2009,3,Both,4534561.73224932
84,Ireland,2010,3,Both,4600077.261592622
84,Ireland,2011,3,Both,4657994.141704631
84,Ireland,2012,3,Both,4706686.838765597
84,Ireland,2013,3,Both,4747430.4535871735
84,Ireland,2014,3,Both,4781858.069759669
84,Ireland,2015,3,Both,4811693.649331932
84,Ireland,2016,3,Both,4838599.514650255
84,Ireland,2017,3,Both,4864059.522554636
84,Ireland,2018,3,Both,4888062.9949971065
84,Ireland,2019,3,Both,4910357.386285721
85,Israel,1990,1,Male,2454695.141137284
85,Israel,1991,1,Male,2521552.119278564
85,Israel,1992,1,Male,2590385.0951397987
85,Israel,1993,1,Male,2660633.7829804206
85,Israel,1994,1,Male,2731661.650336838
85,Israel,1995,1,Male,2803163.2935344926
85,Israel,1996,1,Male,2874549.122551021
85,Israel,1997,1,Male,2946156.243641506
85,Israel,1998,1,Male,3017399.9806994856
85,Israel,1999,1,Male,3088683.054395081
85,Israel,2000,1,Male,3160372.7323911986
85,Israel,2001,1,Male,3231705.041717868
85,Israel,2002,1,Male,3303187.0621046457
85,Israel,2003,1,Male,3375105.4068804453
85,Israel,2004,1,Male,3446277.008131165
85,Israel,2005,1,Male,3516897.1103098462
85,Israel,2006,1,Male,3588215.840057329
85,Israel,2007,1,Male,3660951.225960976
85,Israel,2008,1,Male,3735404.9365176726
85,Israel,2009,1,Male,3811822.323413592
85,Israel,2010,1,Male,3889937.25075961
85,Israel,2011,1,Male,3968752.872807476
85,Israel,2012,1,Male,4048163.582173137
85,Israel,2013,1,Male,4128331.1543816016
85,Israel,2014,1,Male,4209074.042678119
85,Israel,2015,1,Male,4290786.877831999
85,Israel,2016,1,Male,4374708.417624849
85,Israel,2017,1,Male,4460901.029946005
85,Israel,2018,1,Male,4547769.749041155
85,Israel,2019,1,Male,4633936.296624641
85,Israel,1990,2,Female,2507160.260129393
85,Israel,1991,2,Female,2578542.3574437723
85,Israel,1992,2,Female,2651206.8387758946
85,Israel,1993,2,Female,2724678.495805465
85,Israel,1994,2,Female,2798428.9773887964
85,Israel,1995,2,Female,2872000.9225956555
85,Israel,1996,2,Female,2944747.1479554805
85,Israel,1997,2,Female,3017351.700008057
85,Israel,1998,2,Female,3089354.7572497283
85,Israel,1999,2,Female,3161117.490640075
85,Israel,2000,2,Female,3233083.517603618
85,Israel,2001,2,Female,3304754.5790838585
85,Israel,2002,2,Female,3376718.606799796
85,Israel,2003,2,Female,3449142.598728751
85,Israel,2004,2,Female,3520593.111351843
85,Israel,2005,2,Female,3591191.526464065
85,Israel,2006,2,Female,3661973.3889058777
85,Israel,2007,2,Female,3733767.183564122
85,Israel,2008,2,Female,3807052.482966815
85,Israel,2009,2,Female,3882154.6762345135
85,Israel,2010,2,Female,3958520.35220704
85,Israel,2011,2,Female,4035311.568349736
85,Israel,2012,2,Female,4112432.366150975
85,Israel,2013,2,Female,4190074.0155612114
85,Israel,2014,2,Female,4268313.146740572
85,Israel,2015,2,Female,4347469.759290101
85,Israel,2016,2,Female,4428168.80895897
85,Israel,2017,2,Female,4510614.753556498
85,Israel,2018,2,Female,4593534.404424748
85,Israel,2019,2,Female,4675646.841998633
85,Israel,1990,3,Both,4961855.401266676
85,Israel,1991,3,Both,5100094.476722336
85,Israel,1992,3,Both,5241591.933915693
85,Israel,1993,3,Both,5385312.278785886
85,Israel,1994,3,Both,5530090.627725635
85,Israel,1995,3,Both,5675164.216130148
85,Israel,1996,3,Both,5819296.270506502
85,Israel,1997,3,Both,5963507.943649563
85,Israel,1998,3,Both,6106754.737949214
85,Israel,1999,3,Both,6249800.545035156
85,Israel,2000,3,Both,6393456.249994816
85,Israel,2001,3,Both,6536459.620801726
85,Israel,2002,3,Both,6679905.6689044405
85,Israel,2003,3,Both,6824248.005609197
85,Israel,2004,3,Both,6966870.119483008
85,Israel,2005,3,Both,7108088.636773912
85,Israel,2006,3,Both,7250189.2289632065
85,Israel,2007,3,Both,7394718.409525098
85,Israel,2008,3,Both,7542457.419484488
85,Israel,2009,3,Both,7693976.999648105
85,Israel,2010,3,Both,7848457.60296665
85,Israel,2011,3,Both,8004064.441157212
85,Israel,2012,3,Both,8160595.948324112
85,Israel,2013,3,Both,8318405.169942813
85,Israel,2014,3,Both,8477387.18941869
85,Israel,2015,3,Both,8638256.6371221
85,Israel,2016,3,Both,8802877.226583818
85,Israel,2017,3,Both,8971515.783502504
85,Israel,2018,3,Both,9141304.153465904
85,Israel,2019,3,Both,9309583.138623271
86,Italy,1990,1,Male,27566355.394141182
86,Italy,1991,1,Male,27539564.39085785
86,Italy,1992,1,Male,27505454.95590469
86,Italy,1993,1,Male,27463863.438038107
86,Italy,1994,1,Male,27415860.52249934
86,Italy,1995,1,Male,27370623.153173607
86,Italy,1996,1,Male,27339301.668279644
86,Italy,1997,1,Male,27325605.714002684
86,Italy,1998,1,Male,27329910.038995903
86,Italy,1999,1,Male,27359118.839889888
86,Italy,2000,1,Male,27421457.96380492
86,Italy,2001,1,Male,27520017.17833445
86,Italy,2002,1,Male,27653305.58852361
86,Italy,2003,1,Male,27829583.76949131
86,Italy,2004,1,Male,28057242.481925912
86,Italy,2005,1,Male,28300140.355624545
86,Italy,2006,1,Male,28527183.471439328
86,Italy,2007,1,Male,28743673.17363016
86,Italy,2008,1,Male,28950720.264710546
86,Italy,2009,1,Male,29134247.583368648
86,Italy,2010,1,Male,29281581.37071961
86,Italy,2011,1,Male,29389048.57001458
86,Italy,2012,1,Male,29452805.11265745
86,Italy,2013,1,Male,29484399.02059157
86,Italy,2014,1,Male,29495256.89546258
86,Italy,2015,1,Male,29489841.59500342
86,Italy,2016,1,Male,29469156.76163716
86,Italy,2017,1,Male,29439686.445555028
86,Italy,2018,1,Male,29396736.814412784
86,Italy,2019,1,Male,29341493.889602035
86,Italy,1990,2,Female,29231885.98854063
86,Italy,1991,2,Female,29221688.843239807
86,Italy,1992,2,Female,29206527.38987499
86,Italy,1993,2,Female,29184414.41179695
86,Italy,1994,2,Female,29155995.283191767
86,Italy,1995,2,Female,29129692.681669228
86,Italy,1996,2,Female,29115596.77128036
86,Italy,1997,2,Female,29116835.37552426
86,Italy,1998,2,Female,29133648.78533619
86,Italy,1999,2,Female,29173091.217445128
86,Italy,2000,2,Female,29241792.34687225
86,Italy,2001,2,Female,29338733.604535267
86,Italy,2002,2,Female,29456784.73164252
86,Italy,2003,2,Female,29604936.844614096
86,Italy,2004,2,Female,29801480.264313888
86,Italy,2005,2,Female,30017905.799544744
86,Italy,2006,2,Female,30230523.469206303
86,Italy,2007,2,Female,30446951.72931789
86,Italy,2008,2,Female,30667827.243086744
86,Italy,2009,2,Female,30873217.84132732
86,Italy,2010,2,Female,31046103.419503123
86,Italy,2011,2,Female,31177938.0441318
86,Italy,2012,2,Female,31259194.91684377
86,Italy,2013,2,Female,31298375.533170734
86,Italy,2014,2,Female,31303990.51432124
86,Italy,2015,2,Female,31276946.757256
86,Italy,2016,2,Female,31221844.44428697
86,Italy,2017,2,Female,31152244.39540514
86,Italy,2018,2,Female,31068799.82817773
86,Italy,2019,2,Female,30971676.06352536
86,Italy,1990,3,Both,56798241.38268182
86,Italy,1991,3,Both,56761253.23409765
86,Italy,1992,3,Both,56711982.34577968
86,Italy,1993,3,Both,56648277.84983506
86,Italy,1994,3,Both,56571855.80569111
86,Italy,1995,3,Both,56500315.83484284
86,Italy,1996,3,Both,56454898.43956
86,Italy,1997,3,Both,56442441.089526944
86,Italy,1998,3,Both,56463558.824332096
86,Italy,1999,3,Both,56532210.05733502
86,Italy,2000,3,Both,56663250.31067717
86,Italy,2001,3,Both,56858750.78286971
86,Italy,2002,3,Both,57110090.32016613
86,Italy,2003,3,Both,57434520.6141054
86,Italy,2004,3,Both,57858722.7462398
86,Italy,2005,3,Both,58318046.155169286
86,Italy,2006,3,Both,58757706.94064563
86,Italy,2007,3,Both,59190624.90294805
86,Italy,2008,3,Both,59618547.50779729
86,Italy,2009,3,Both,60007465.42469597
86,Italy,2010,3,Both,60327684.790222734
86,Italy,2011,3,Both,60566986.61414637
86,Italy,2012,3,Both,60712000.02950122
86,Italy,2013,3,Both,60782774.5537623
86,Italy,2014,3,Both,60799247.40978381
86,Italy,2015,3,Both,60766788.35225941
86,Italy,2016,3,Both,60691001.20592413
86,Italy,2017,3,Both,60591930.84096017
86,Italy,2018,3,Both,60465536.64259052
86,Italy,2019,3,Both,60313169.95312739
87,Luxembourg,1990,1,Male,186754.14567843964
87,Luxembourg,1991,1,Male,188592.80031571584
87,Luxembourg,1992,1,Male,190737.43262256865
87,Luxembourg,1993,1,Male,193158.2646888965
87,Luxembourg,1994,1,Male,195803.01701738345
87,Luxembourg,1995,1,Male,198617.6470381709
87,Luxembourg,1996,1,Male,201549.2591304781
87,Luxembourg,1997,1,Male,204556.7049826361
87,Luxembourg,1998,1,Male,207567.91144878868
87,Luxembourg,1999,1,Male,210560.16011205607
87,Luxembourg,2000,1,Male,213488.76052598385
87,Luxembourg,2001,1,Male,216279.1147344996
87,Luxembourg,2002,1,Male,218840.73675249272
87,Luxembourg,2003,1,Male,221438.3661280668
87,Luxembourg,2004,1,Male,224770.36911065425
87,Luxembourg,2005,1,Male,228369.1228140496
87,Luxembourg,2006,1,Male,232149.01223369472
87,Luxembourg,2007,1,Male,235923.0669456176
87,Luxembourg,2008,1,Male,240058.0544826245
87,Luxembourg,2009,1,Male,244784.0247068434
87,Luxembourg,2010,1,Male,249653.4255580971
87,Luxembourg,2011,1,Male,255141.0311712523
87,Luxembourg,2012,1,Male,261671.5602773013
87,Luxembourg,2013,1,Male,268370.8438287972
87,Luxembourg,2014,1,Male,275087.1090820928
87,Luxembourg,2015,1,Male,282019.4956120244
87,Luxembourg,2016,1,Male,289287.1916464387
87,Luxembourg,2017,1,Male,296703.9847876779
87,Luxembourg,2018,1,Male,303948.52990816225
87,Luxembourg,2019,1,Male,311042.12069013965
87,Luxembourg,1990,2,Female,194505.3300128307
87,Luxembourg,1991,2,Female,196153.6693022193
87,Luxembourg,1992,2,Female,198132.46386863664
87,Luxembourg,1993,2,Female,200419.7044745116
87,Luxembourg,1994,2,Female,202952.4235501077
87,Luxembourg,1995,2,Female,205683.87606339823
87,Luxembourg,1996,2,Female,208530.807131026
87,Luxembourg,1997,2,Female,211434.9806976028
87,Luxembourg,1998,2,Female,214352.6024730764
87,Luxembourg,1999,2,Female,217263.9270965697
87,Luxembourg,2000,2,Female,220111.23618095377
87,Luxembourg,2001,2,Female,222796.73449681053
87,Luxembourg,2002,2,Female,225240.23113540377
87,Luxembourg,2003,2,Female,227599.80530353653
87,Luxembourg,2004,2,Female,230435.89596961363
87,Luxembourg,2005,2,Female,233531.30780862263
87,Luxembourg,2006,2,Female,237123.87227657472
87,Luxembourg,2007,2,Female,240763.07903298084
87,Luxembourg,2008,2,Female,244668.6613048181
87,Luxembourg,2009,2,Female,248905.33486784945
87,Luxembourg,2010,2,Female,253192.0535209068
87,Luxembourg,2011,2,Female,257844.52960350885
87,Luxembourg,2012,2,Female,263286.14444032114
87,Luxembourg,2013,2,Female,269065.65258618485
87,Luxembourg,2014,2,Female,275039.43988400686
87,Luxembourg,2015,2,Female,281284.6335958821
87,Luxembourg,2016,2,Female,287712.77582153503
87,Luxembourg,2017,2,Female,294446.20027686
87,Luxembourg,2018,2,Female,301036.1858148469
87,Luxembourg,2019,2,Female,307507.9389278937
87,Luxembourg,1990,3,Both,381259.4756912703
87,Luxembourg,1991,3,Both,384746.46961793513
87,Luxembourg,1992,3,Both,388869.8964912053
87,Luxembourg,1993,3,Both,393577.9691634081
87,Luxembourg,1994,3,Both,398755.4405674912
87,Luxembourg,1995,3,Both,404301.5231015692
87,Luxembourg,1996,3,Both,410080.0662615041
87,Luxembourg,1997,3,Both,415991.6856802389
87,Luxembourg,1998,3,Both,421920.513921865
87,Luxembourg,1999,3,Both,427824.0872086258
87,Luxembourg,2000,3,Both,433599.9967069376
87,Luxembourg,2001,3,Both,439075.8492313101
87,Luxembourg,2002,3,Both,444080.9678878965
87,Luxembourg,2003,3,Both,449038.1714316033
87,Luxembourg,2004,3,Both,455206.2650802679
87,Luxembourg,2005,3,Both,461900.43062267225
87,Luxembourg,2006,3,Both,469272.8845102695
87,Luxembourg,2007,3,Both,476686.1459785985
87,Luxembourg,2008,3,Both,484726.7157874426
87,Luxembourg,2009,3,Both,493689.3595746928
87,Luxembourg,2010,3,Both,502845.4790790039
87,Luxembourg,2011,3,Both,512985.56077476114
87,Luxembourg,2012,3,Both,524957.7047176225
87,Luxembourg,2013,3,Both,537436.496414982
87,Luxembourg,2014,3,Both,550126.5489660996
87,Luxembourg,2015,3,Both,563304.1292079064
87,Luxembourg,2016,3,Both,576999.9674679737
87,Luxembourg,2017,3,Both,591150.1850645378
87,Luxembourg,2018,3,Both,604984.7157230092
87,Luxembourg,2019,3,Both,618550.0596180334
88,Malta,1990,1,Male,182966.5116186349
88,Malta,1991,1,Male,184711.4488693361
88,Malta,1992,1,Male,186445.8936176127
88,Malta,1993,1,Male,188127.040054859
88,Malta,1994,1,Male,189750.2096587555
88,Malta,1995,1,Male,191358.8824027285
88,Malta,1996,1,Male,192969.1378393393
88,Malta,1997,1,Male,194596.90594603625
88,Malta,1998,1,Male,196193.1908125527
88,Malta,1999,1,Male,197718.9242096421
88,Malta,2000,1,Male,199140.4384209801
88,Malta,2001,1,Male,200442.3771725829
88,Malta,2002,1,Male,201676.6258691429
88,Malta,2003,1,Male,202901.64232321669
88,Malta,2004,1,Male,204117.55639368523
88,Malta,2005,1,Male,205311.34414143267
88,Malta,2006,1,Male,206475.4424618188
88,Malta,2007,1,Male,207641.35778098405
88,Malta,2008,1,Male,208782.54728957216
88,Malta,2009,1,Male,209896.99962289425
88,Malta,2010,1,Male,210991.0904105238
88,Malta,2011,1,Male,212048.64884028665
88,Malta,2012,1,Male,213028.77606023423
88,Malta,2013,1,Male,213975.1497010764
88,Malta,2014,1,Male,214924.13772299635
88,Malta,2015,1,Male,215913.2773898406
88,Malta,2016,1,Male,216907.6489987032
88,Malta,2017,1,Male,217833.50594818173
88,Malta,2018,1,Male,218671.6072524372
88,Malta,2019,1,Male,219401.22613708003
88,Malta,1990,2,Female,187722.9579903476
88,Malta,1991,2,Female,189421.40984519143
88,Malta,1992,2,Female,191099.87654213788
88,Malta,1993,2,Female,192711.824137223
88,Malta,1994,2,Female,194239.68429415752
88,Malta,1995,2,Female,195722.012787636
88,Malta,1996,2,Female,197219.2259958665
88,Malta,1997,2,Female,198753.27864580983
88,Malta,1998,2,Female,200259.5862900448
88,Malta,1999,2,Female,201662.9439724153
88,Malta,2000,2,Female,202946.35074102145
88,Malta,2001,2,Female,204108.70468031985
88,Malta,2002,2,Female,205192.3543917334
88,Malta,2003,2,Female,206234.80907362225
88,Malta,2004,2,Female,207255.7754066941
88,Malta,2005,2,Female,208282.98285587312
88,Malta,2006,2,Female,209276.60781555664
88,Malta,2007,2,Female,210254.915427593
88,Malta,2008,2,Female,211224.6981928896
88,Malta,2009,2,Female,212163.14704422097
88,Malta,2010,2,Female,213097.55129399107
88,Malta,2011,2,Female,214018.990854829
88,Malta,2012,2,Female,214873.7782698386
88,Malta,2013,2,Female,215691.27083852148
88,Malta,2014,2,Female,216492.6323222053
88,Malta,2015,2,Female,217269.845468897
88,Malta,2016,2,Female,218005.1158751628
88,Malta,2017,2,Female,218681.21393377008
88,Malta,2018,2,Female,219289.4156588055
88,Malta,2019,2,Female,219819.5233359072
88,Malta,1990,3,Both,370689.4696089826
88,Malta,1991,3,Both,374132.8587145275
88,Malta,1992,3,Both,377545.77015975054
88,Malta,1993,3,Both,380838.864192082
88,Malta,1994,3,Both,383989.89395291306
88,Malta,1995,3,Both,387080.8951903645
88,Malta,1996,3,Both,390188.36383520585
88,Malta,1997,3,Both,393350.184591846
88,Malta,1998,3,Both,396452.7771025975
88,Malta,1999,3,Both,399381.8681820574
88,Malta,2000,3,Both,402086.7891620016
88,Malta,2001,3,Both,404551.0818529027
88,Malta,2002,3,Both,406868.9802608764
88,Malta,2003,3,Both,409136.4513968389
88,Malta,2004,3,Both,411373.3318003793
88,Malta,2005,3,Both,413594.3269973058
88,Malta,2006,3,Both,415752.0502773754
88,Malta,2007,3,Both,417896.273208577
88,Malta,2008,3,Both,420007.2454824617
88,Malta,2009,3,Both,422060.1466671152
88,Malta,2010,3,Both,424088.64170451486
88,Malta,2011,3,Both,426067.6396951156
88,Malta,2012,3,Both,427902.5543300728
88,Malta,2013,3,Both,429666.42053959786
88,Malta,2014,3,Both,431416.7700452016
88,Malta,2015,3,Both,433183.1228587376
88,Malta,2016,3,Both,434912.76487386593
88,Malta,2017,3,Both,436514.7198819518
88,Malta,2018,3,Both,437961.0229112427
88,Malta,2019,3,Both,439220.7494729872
89,Netherlands,1990,1,Male,7373988.226396378
89,Netherlands,1991,1,Male,7425534.719185541
89,Netherlands,1992,1,Male,7476998.525142023
89,Netherlands,1993,1,Male,7527007.764836061
89,Netherlands,1994,1,Male,7575296.710463814
89,Netherlands,1995,1,Male,7621427.093248865
89,Netherlands,1996,1,Male,7665690.760570837
89,Netherlands,1997,1,Male,7711490.326500062
89,Netherlands,1998,1,Male,7759874.619851934
89,Netherlands,1999,1,Male,7809667.879354321
89,Netherlands,2000,1,Male,7859809.942503169
89,Netherlands,2001,1,Male,7908104.648176674
89,Netherlands,2002,1,Male,7952750.914615277
89,Netherlands,2003,1,Male,7992569.210212911
89,Netherlands,2004,1,Male,8026812.890314044
89,Netherlands,2005,1,Male,8056559.801232147
89,Netherlands,2006,1,Male,8083532.35798061
89,Netherlands,2007,1,Male,8110508.3233341
89,Netherlands,2008,1,Male,8140195.789226446
89,Netherlands,2009,1,Male,8173090.687843686
89,Netherlands,2010,1,Male,8207880.637055619
89,Netherlands,2011,1,Male,8243240.927088986
89,Netherlands,2012,1,Male,8277731.137933827
89,Netherlands,2013,1,Male,8311920.143565805
89,Netherlands,2014,1,Male,8347608.734203872
89,Netherlands,2015,1,Male,8383244.255731538
89,Netherlands,2016,1,Male,8417963.655786471
89,Netherlands,2017,1,Male,8451886.5490265
89,Netherlands,2018,1,Male,8483563.908469506
89,Netherlands,2019,1,Male,8512633.969262376
89,Netherlands,1990,2,Female,7549340.473293967
89,Netherlands,1991,2,Female,7602406.554467021
89,Netherlands,1992,2,Female,7654572.606405778
89,Netherlands,1993,2,Female,7705030.125074701
89,Netherlands,1994,2,Female,7753489.779544194
89,Netherlands,1995,2,Female,7799371.937653864
89,Netherlands,1996,2,Female,7843028.908521392
89,Netherlands,1997,2,Female,7887503.160006241
89,Netherlands,1998,2,Female,7934643.678714544
89,Netherlands,1999,2,Female,7983629.082390718
89,Netherlands,2000,2,Female,8033201.999570329
89,Netherlands,2001,2,Female,8081339.509942545
89,Netherlands,2002,2,Female,8126185.447460172
89,Netherlands,2003,2,Female,8167038.618862778
89,Netherlands,2004,2,Female,8203141.165520946
89,Netherlands,2005,2,Female,8234786.537341624
89,Netherlands,2006,2,Female,8263149.0528948
89,Netherlands,2007,2,Female,8290796.435584624
89,Netherlands,2008,2,Female,8320326.849210734
89,Netherlands,2009,2,Female,8352413.82440627
89,Netherlands,2010,2,Female,8385965.68270224
89,Netherlands,2011,2,Female,8419011.936665524
89,Netherlands,2012,2,Female,8450056.865099525
89,Netherlands,2013,2,Female,8480113.16532752
89,Netherlands,2014,2,Female,8510509.97115499
89,Netherlands,2015,2,Female,8539914.172748378
89,Netherlands,2016,2,Female,8567791.531854054
89,Netherlands,2017,2,Female,8594880.864798466
89,Netherlands,2018,2,Female,8620481.288340699
89,Netherlands,2019,2,Female,8644154.098417528
89,Netherlands,1990,3,Both,14923328.699690344
89,Netherlands,1991,3,Both,15027941.273652565
89,Netherlands,1992,3,Both,15131571.1315478
89,Netherlands,1993,3,Both,15232037.88991076
89,Netherlands,1994,3,Both,15328786.490008008
89,Netherlands,1995,3,Both,15420799.030902728
89,Netherlands,1996,3,Both,15508719.669092229
89,Netherlands,1997,3,Both,15598993.486506304
89,Netherlands,1998,3,Both,15694518.29856648
89,Netherlands,1999,3,Both,15793296.96174504
89,Netherlands,2000,3,Both,15893011.942073498
89,Netherlands,2001,3,Both,15989444.158119218
89,Netherlands,2002,3,Both,16078936.362075448
89,Netherlands,2003,3,Both,16159607.829075688
89,Netherlands,2004,3,Both,16229954.055834992
89,Netherlands,2005,3,Both,16291346.33857377
89,Netherlands,2006,3,Both,16346681.41087541
89,Netherlands,2007,3,Both,16401304.758918723
89,Netherlands,2008,3,Both,16460522.63843718
89,Netherlands,2009,3,Both,16525504.512249956
89,Netherlands,2010,3,Both,16593846.31975786
89,Netherlands,2011,3,Both,16662252.863754507
89,Netherlands,2012,3,Both,16727788.003033351
89,Netherlands,2013,3,Both,16792033.308893323
89,Netherlands,2014,3,Both,16858118.705358863
89,Netherlands,2015,3,Both,16923158.428479914
89,Netherlands,2016,3,Both,16985755.187640525
89,Netherlands,2017,3,Both,17046767.413824964
89,Netherlands,2018,3,Both,17104045.196810205
89,Netherlands,2019,3,Both,17156788.067679904
90,Norway,1990,1,Male,2098951.172909161
90,Norway,1991,1,Male,2108308.394141692
90,Norway,1992,1,Male,2117884.996138607
90,Norway,1993,1,Male,2127964.443974216
90,Norway,1994,1,Male,2138819.2775333994
90,Norway,1995,1,Male,2150340.040979661
90,Norway,1996,1,Male,2162311.719611038
90,Norway,1997,1,Male,2174742.9777926905
90,Norway,1998,1,Male,2187720.130397872
90,Norway,1999,1,Male,2201526.8295301986
90,Norway,2000,1,Male,2215703.036915875
90,Norway,2001,1,Male,2229210.7897672653
90,Norway,2002,1,Male,2242125.827316375
90,Norway,2003,1,Male,2255630.8922027447
90,Norway,2004,1,Male,2270573.629400293
90,Norway,2005,1,Male,2287813.2683690325
90,Norway,2006,1,Male,2308387.212880946
90,Norway,2007,1,Male,2333126.6314805364
90,Norway,2008,1,Male,2362198.344247118
90,Norway,2009,1,Male,2394674.8779774024
90,Norway,2010,1,Male,2429010.3239004705
90,Norway,2011,1,Male,2464104.536037024
90,Norway,2012,1,Male,2499423.5848313803
90,Norway,2013,1,Male,2534112.7665716475
90,Norway,2014,1,Male,2567102.782676968
90,Norway,2015,1,Male,2597952.528372844
90,Norway,2016,1,Male,2626174.298122948
90,Norway,2017,1,Male,2651989.0032775938
90,Norway,2018,1,Male,2675966.762673039
90,Norway,2019,1,Male,2698281.869544417
90,Norway,1990,2,Female,2147944.8216469134
90,Norway,1991,2,Female,2158096.606046885
90,Norway,1992,2,Female,2168260.970704675
90,Norway,1993,2,Female,2178753.3124209726
90,Norway,1994,2,Female,2189841.537205686
90,Norway,1995,2,Female,2201645.8635014216
90,Norway,1996,2,Female,2213916.060352559
90,Norway,1997,2,Female,2226111.200408308
90,Norway,1998,2,Female,2238266.586659464
90,Norway,1999,2,Female,2250866.4683809537
90,Norway,2000,2,Female,2263605.959485593
90,Norway,2001,2,Female,2275562.2386050588
90,Norway,2002,2,Female,2287007.450460969
90,Norway,2003,2,Female,2299181.1813734905
90,Norway,2004,2,Female,2312556.896034443
90,Norway,2005,2,Female,2327289.283584679
90,Norway,2006,2,Female,2343803.201211628
90,Norway,2007,2,Female,2362608.10635711
90,Norway,2008,2,Female,2384473.9865236143
90,Norway,2009,2,Female,2409366.929192176
90,Norway,2010,2,Female,2436044.333451401
90,Norway,2011,2,Female,2463389.476347271
90,Norway,2012,2,Female,2490739.5134077766
90,Norway,2013,2,Female,2517708.817877476
90,Norway,2014,2,Female,2543951.306446736
90,Norway,2015,2,Female,2569042.1587595646
90,Norway,2016,2,Female,2592166.651477838
90,Norway,2017,2,Female,2613145.495780347
90,Norway,2018,2,Female,2632415.061010184
90,Norway,2019,2,Female,2650565.1155368686
90,Norway,1990,3,Both,4246895.994556074
90,Norway,1991,3,Both,4266405.000188576
90,Norway,1992,3,Both,4286145.966843283
90,Norway,1993,3,Both,4306717.756395189
90,Norway,1994,3,Both,4328660.814739086
90,Norway,1995,3,Both,4351985.904481083
90,Norway,1996,3,Both,4376227.779963598
90,Norway,1997,3,Both,4400854.178200998
90,Norway,1998,3,Both,4425986.717057336
90,Norway,1999,3,Both,4452393.297911152
90,Norway,2000,3,Both,4479308.996401467
90,Norway,2001,3,Both,4504773.028372324
90,Norway,2002,3,Both,4529133.277777344
90,Norway,2003,3,Both,4554812.073576235
90,Norway,2004,3,Both,4583130.525434736
90,Norway,2005,3,Both,4615102.551953712
90,Norway,2006,3,Both,4652190.414092573
90,Norway,2007,3,Both,4695734.737837647
90,Norway,2008,3,Both,4746672.330770733
90,Norway,2009,3,Both,4804041.807169579
90,Norway,2010,3,Both,4865054.657351872
90,Norway,2011,3,Both,4927494.012384295
90,Norway,2012,3,Both,4990163.098239157
90,Norway,2013,3,Both,5051821.584449123
90,Norway,2014,3,Both,5111054.089123704
90,Norway,2015,3,Both,5166994.687132408
90,Norway,2016,3,Both,5218340.949600786
90,Norway,2017,3,Both,5265134.49905794
90,Norway,2018,3,Both,5308381.823683223
90,Norway,2019,3,Both,5348846.985081285
91,Portugal,1990,1,Male,4896291.286122268
91,Portugal,1991,1,Male,4895141.787725087
91,Portugal,1992,1,Male,4901824.959102761
91,Portugal,1993,1,Male,4914973.246449585
91,Portugal,1994,1,Male,4933718.115547358
91,Portugal,1995,1,Male,4956895.816279121
91,Portugal,1996,1,Male,4982768.749250103
91,Portugal,1997,1,Male,5011275.7865112405
91,Portugal,1998,1,Male,5041670.705641376
91,Portugal,1999,1,Male,5071799.283042189
91,Portugal,2000,1,Male,5100258.217811124
91,Portugal,2001,1,Male,5125389.586688768
91,Portugal,2002,1,Male,5144881.102007296
91,Portugal,2003,1,Male,5159320.326266274
91,Portugal,2004,1,Male,5169895.995045575
91,Portugal,2005,1,Male,5177173.834124112
91,Portugal,2006,1,Male,5181285.768647914
91,Portugal,2007,1,Male,5182530.070627282
91,Portugal,2008,1,Male,5181394.377268804
91,Portugal,2009,1,Male,5178357.625586341
91,Portugal,2010,1,Male,5173481.369716801
91,Portugal,2011,1,Male,5166627.779097109
91,Portugal,2012,1,Male,5157302.692874438
91,Portugal,2013,1,Male,5145962.249894571
91,Portugal,2014,1,Male,5134109.957684835
91,Portugal,2015,1,Male,5122436.196630901
91,Portugal,2016,1,Male,5110194.877277503
91,Portugal,2017,1,Male,5096473.35382195
91,Portugal,2018,1,Male,5081141.2152459
91,Portugal,2019,1,Male,5063949.672427936
91,Portugal,1990,2,Female,5240823.419382789
91,Portugal,1991,2,Female,5242546.873852631
91,Portugal,1992,2,Female,5250708.586717858
91,Portugal,1993,2,Female,5264055.333632081
91,Portugal,1994,2,Female,5281554.295248009
91,Portugal,1995,2,Female,5302716.057163434
91,Portugal,1996,2,Female,5326853.552381387
91,Portugal,1997,2,Female,5353901.335756075
91,Portugal,1998,2,Female,5383252.794380459
91,Portugal,1999,2,Female,5413539.483055062
91,Portugal,2000,2,Female,5443673.204858004
91,Portugal,2001,2,Female,5472435.09625144
91,Portugal,2002,2,Female,5498017.165671048
91,Portugal,2003,2,Female,5520463.687223721
91,Portugal,2004,2,Female,5540727.146917666
91,Portugal,2005,2,Female,5559410.19336986
91,Portugal,2006,2,Female,5576302.266705365
91,Portugal,2007,2,Female,5590999.2584265685
91,Portugal,2008,2,Female,5603383.736105378
91,Portugal,2009,2,Female,5613743.458026969
91,Portugal,2010,2,Female,5621859.518825256
91,Portugal,2011,2,Female,5627193.996065254
91,Portugal,2012,2,Female,5629128.70326114
91,Portugal,2013,2,Female,5628259.909126301
91,Portugal,2014,2,Female,5625634.125616291
91,Portugal,2015,2,Female,5621893.014011625
91,Portugal,2016,2,Female,5616824.066212756
91,Portugal,2017,2,Female,5609680.422084159
91,Portugal,2018,2,Female,5599895.098099269
91,Portugal,2019,2,Female,5587313.246446557
91,Portugal,1990,3,Both,10137114.705505056
91,Portugal,1991,3,Both,10137688.661577718
91,Portugal,1992,3,Both,10152533.54582062
91,Portugal,1993,3,Both,10179028.580081666
91,Portugal,1994,3,Both,10215272.410795366
91,Portugal,1995,3,Both,10259611.873442557
91,Portugal,1996,3,Both,10309622.30163149
91,Portugal,1997,3,Both,10365177.122267315
91,Portugal,1998,3,Both,10424923.500021834
91,Portugal,1999,3,Both,10485338.76609725
91,Portugal,2000,3,Both,10543931.422669128
91,Portugal,2001,3,Both,10597824.68294021
91,Portugal,2002,3,Both,10642898.267678345
91,Portugal,2003,3,Both,10679784.013489995
91,Portugal,2004,3,Both,10710623.141963242
91,Portugal,2005,3,Both,10736584.02749397
91,Portugal,2006,3,Both,10757588.03535328
91,Portugal,2007,3,Both,10773529.32905385
91,Portugal,2008,3,Both,10784778.11337418
91,Portugal,2009,3,Both,10792101.08361331
91,Portugal,2010,3,Both,10795340.888542058
91,Portugal,2011,3,Both,10793821.775162363
91,Portugal,2012,3,Both,10786431.396135578
91,Portugal,2013,3,Both,10774222.159020873
91,Portugal,2014,3,Both,10759744.083301129
91,Portugal,2015,3,Both,10744329.210642526
91,Portugal,2016,3,Both,10727018.943490256
91,Portugal,2017,3,Both,10706153.775906108
91,Portugal,2018,3,Both,10681036.313345168
91,Portugal,2019,3,Both,10651262.918874497
92,Spain,1990,1,Male,19001895.789252
92,Spain,1991,1,Male,19034145.599881686
92,Spain,1992,1,Male,19070574.441287845
92,Spain,1993,1,Male,19111298.54781929
92,Spain,1994,1,Male,19161147.55118224
92,Spain,1995,1,Male,19223719.24173056
92,Spain,1996,1,Male,19306910.31505712
92,Spain,1997,1,Male,19418860.107120987
92,Spain,1998,1,Male,19565235.09409614
92,Spain,1999,1,Male,19752487.811801884
92,Spain,2000,1,Male,19995462.51730896
92,Spain,2001,1,Male,20301127.4533897
92,Spain,2002,1,Male,20655106.44179385
92,Spain,2003,1,Male,21034170.311942145
92,Spain,2004,1,Male,21415243.514059074
92,Spain,2005,1,Male,21794733.0745351
92,Spain,2006,1,Male,22157822.42177275
92,Spain,2007,1,Male,22501757.32169138
92,Spain,2008,1,Male,22816253.05813621
92,Spain,2009,1,Male,23058172.18374488
92,Spain,2010,1,Male,23206954.316983823
92,Spain,2011,1,Male,23268206.25920784
92,Spain,2012,1,Male,23250124.03146671
92,Spain,2013,1,Male,23170924.66063597
92,Spain,2014,1,Male,23062680.233232368
92,Spain,2015,1,Male,22951003.793245155
92,Spain,2016,1,Male,22844066.258986432
92,Spain,2017,1,Male,22738702.00640974
92,Spain,2018,1,Male,22633106.363634657
92,Spain,2019,1,Male,22526518.67279164
92,Spain,1990,2,Female,19779474.707591303
92,Spain,1991,2,Female,19834103.181744546
92,Spain,1992,2,Female,19893296.843646243
92,Spain,1993,2,Female,19955067.15560009
92,Spain,1994,2,Female,20021133.512173686
92,Spain,1995,2,Female,20096381.33493132
92,Spain,1996,2,Female,20187363.836557947
92,Spain,1997,2,Female,20299593.32788095
92,Spain,1998,2,Female,20436256.090843536
92,Spain,1999,2,Female,20603372.37233121
92,Spain,2000,2,Female,20814694.36794296
92,Spain,2001,2,Female,21073643.11409963
92,Spain,2002,2,Female,21371898.37279912
92,Spain,2003,2,Female,21693566.861236826
92,Spain,2004,2,Female,22020959.810253296
92,Spain,2005,2,Female,22351676.199918862
92,Spain,2006,2,Female,22678345.099422872
92,Spain,2007,2,Female,23003150.538914688
92,Spain,2008,2,Female,23316435.238903645
92,Spain,2009,2,Female,23579624.80340305
92,Spain,2010,2,Female,23769065.01653949
92,Spain,2011,2,Female,23883592.139249653
92,Spain,2012,2,Female,23923905.958343267
92,Spain,2013,2,Female,23903369.653595667
92,Spain,2014,2,Female,23849268.784788206
92,Spain,2015,2,Female,23784914.275807623
92,Spain,2016,2,Female,23719045.95031905
92,Spain,2017,2,Female,23650944.5884692
92,Spain,2018,2,Female,23576613.701036867
92,Spain,2019,2,Female,23494699.063331205
92,Spain,1990,3,Both,38781370.4968433
92,Spain,1991,3,Both,38868248.78162623
92,Spain,1992,3,Both,38963871.28493409
92,Spain,1993,3,Both,39066365.70341938
92,Spain,1994,3,Both,39182281.06335592
92,Spain,1995,3,Both,39320100.57666187
92,Spain,1996,3,Both,39494274.15161506
92,Spain,1997,3,Both,39718453.43500193
92,Spain,1998,3,Both,40001491.18493968
92,Spain,1999,3,Both,40355860.18413309
92,Spain,2000,3,Both,40810156.88525192
92,Spain,2001,3,Both,41374770.56748933
92,Spain,2002,3,Both,42027004.814592965
92,Spain,2003,3,Both,42727737.17317896
92,Spain,2004,3,Both,43436203.32431237
92,Spain,2005,3,Both,44146409.27445396
92,Spain,2006,3,Both,44836167.52119562
92,Spain,2007,3,Both,45504907.86060607
92,Spain,2008,3,Both,46132688.29703986
92,Spain,2009,3,Both,46637796.98714793
92,Spain,2010,3,Both,46976019.33352332
92,Spain,2011,3,Both,47151798.39845749
92,Spain,2012,3,Both,47174029.98980998
92,Spain,2013,3,Both,47074294.31423164
92,Spain,2014,3,Both,46911949.01802058
92,Spain,2015,3,Both,46735918.06905278
92,Spain,2016,3,Both,46563112.20930549
92,Spain,2017,3,Both,46389646.59487894
92,Spain,2018,3,Both,46209720.06467152
92,Spain,2019,3,Both,46021217.73612285
93,Sweden,1990,1,Male,4239030.045659224
93,Sweden,1991,1,Male,4268650.953009767
93,Sweden,1992,1,Male,4296567.434373744
93,Sweden,1993,1,Male,4321591.2745298
93,Sweden,1994,1,Male,4342715.744308476
93,Sweden,1995,1,Male,4358706.464702633
93,Sweden,1996,1,Male,4369476.546639355
93,Sweden,1997,1,Male,4377233.849761035
93,Sweden,1998,1,Male,4384224.061633433
93,Sweden,1999,1,Male,4391951.782192941
93,Sweden,2000,1,Male,4401943.330410619
93,Sweden,2001,1,Male,4415052.536546401
93,Sweden,2002,1,Male,4431728.94029466
93,Sweden,2003,1,Male,4452116.396332539
93,Sweden,2004,1,Male,4475639.119207838
93,Sweden,2005,1,Male,4502572.530303908
93,Sweden,2006,1,Male,4533825.973497256
93,Sweden,2007,1,Male,4568892.58997492
93,Sweden,2008,1,Male,4607122.057588975
93,Sweden,2009,1,Male,4648525.6330230525
93,Sweden,2010,1,Male,4692340.570365614
93,Sweden,2011,1,Male,4737316.795496822
93,Sweden,2012,1,Male,4783871.523816133
93,Sweden,2013,1,Male,4832848.909632706
93,Sweden,2014,1,Male,4884048.984887663
93,Sweden,2015,1,Male,4936499.486703404
93,Sweden,2016,1,Male,4988819.2347248215
93,Sweden,2017,1,Male,5039481.205293679
93,Sweden,2018,1,Male,5088538.398381372
93,Sweden,2019,1,Male,5136339.493287058
93,Sweden,1990,2,Female,4349852.944389999
93,Sweden,1991,2,Female,4378578.500593063
93,Sweden,1992,2,Female,4405646.902619024
93,Sweden,1993,2,Female,4429821.68890613
93,Sweden,1994,2,Female,4450376.477566732
93,Sweden,1995,2,Female,4466153.176373238
93,Sweden,1996,2,Female,4476736.374831538
93,Sweden,1997,2,Female,4484003.452205048
93,Sweden,1998,2,Female,4490020.88525962
93,Sweden,1999,2,Female,4495926.138680248
93,Sweden,2000,2,Female,4502900.5574979335
93,Sweden,2001,2,Female,4511984.174360881
93,Sweden,2002,2,Female,4524068.080793924
93,Sweden,2003,2,Female,4539611.491147121
93,Sweden,2004,2,Female,4558236.933488597
93,Sweden,2005,2,Female,4579984.28147639
93,Sweden,2006,2,Female,4605165.272135966
93,Sweden,2007,2,Female,4633077.242744807
93,Sweden,2008,2,Female,4663754.452543858
93,Sweden,2009,2,Female,4697532.632210108
93,Sweden,2010,2,Female,4733409.65844121
93,Sweden,2011,2,Female,4769896.873050017
93,Sweden,2012,2,Female,4807340.334347534
93,Sweden,2013,2,Female,4846504.759315863
93,Sweden,2014,2,Female,4887111.858963863
93,Sweden,2015,2,Female,4928674.113264743
93,Sweden,2016,2,Female,4969935.738188181
93,Sweden,2017,2,Female,5009572.844553105
93,Sweden,2018,2,Female,5047966.322507306
93,Sweden,2019,2,Female,5086206.260433463
93,Sweden,1990,3,Both,8588882.990049222
93,Sweden,1991,3,Both,8647229.453602828
93,Sweden,1992,3,Both,8702214.336992769
93,Sweden,1993,3,Both,8751412.963435931
93,Sweden,1994,3,Both,8793092.221875206
93,Sweden,1995,3,Both,8824859.641075872
93,Sweden,1996,3,Both,8846212.921470892
93,Sweden,1997,3,Both,8861237.301966084
93,Sweden,1998,3,Both,8874244.946893053
93,Sweden,1999,3,Both,8887877.92087319
93,Sweden,2000,3,Both,8904843.887908552
93,Sweden,2001,3,Both,8927036.710907282
93,Sweden,2002,3,Both,8955797.021088583
93,Sweden,2003,3,Both,8991727.887479661
93,Sweden,2004,3,Both,9033876.052696437
93,Sweden,2005,3,Both,9082556.811780298
93,Sweden,2006,3,Both,9138991.245633222
93,Sweden,2007,3,Both,9201969.832719728
93,Sweden,2008,3,Both,9270876.510132832
93,Sweden,2009,3,Both,9346058.26523316
93,Sweden,2010,3,Both,9425750.228806823
93,Sweden,2011,3,Both,9507213.66854684
93,Sweden,2012,3,Both,9591211.858163666
93,Sweden,2013,3,Both,9679353.66894857
93,Sweden,2014,3,Both,9771160.843851527
93,Sweden,2015,3,Both,9865173.599968148
93,Sweden,2016,3,Both,9958754.972913004
93,Sweden,2017,3,Both,10049054.049846783
93,Sweden,2018,3,Both,10136504.720888678
93,Sweden,2019,3,Both,10222545.753720522
94,Switzerland,1990,1,Male,3382539.0451425235
94,Switzerland,1991,1,Male,3408542.128887166
94,Switzerland,1992,1,Male,3431788.9716631863
94,Switzerland,1993,1,Male,3452272.285081877
94,Switzerland,1994,1,Male,3470552.358910548
94,Switzerland,1995,1,Male,3487022.310692644
94,Switzerland,1996,1,Male,3502678.764013013
94,Switzerland,1997,1,Male,3518426.9292413844
94,Switzerland,1998,1,Male,3534594.263562894
94,Switzerland,1999,1,Male,3552315.965250905
94,Switzerland,2000,1,Male,3572131.6455835206
94,Switzerland,2001,1,Male,3594240.919352149
94,Switzerland,2002,1,Male,3619089.476174111
94,Switzerland,2003,1,Male,3647034.637756213
94,Switzerland,2004,1,Male,3678339.833532976
94,Switzerland,2005,1,Male,3712776.485592103
94,Switzerland,2006,1,Male,3750027.869083101
94,Switzerland,2007,1,Male,3790215.439533872
94,Switzerland,2008,1,Male,3833480.7440974736
94,Switzerland,2009,1,Male,3879438.027500942
94,Switzerland,2010,1,Male,3927569.207907832
94,Switzerland,2011,1,Male,3977377.7537972666
94,Switzerland,2012,1,Male,4028219.3581253984
94,Switzerland,2013,1,Male,4079740.28351358
94,Switzerland,2014,1,Male,4131497.431932926
94,Switzerland,2015,1,Male,4182430.658994471
94,Switzerland,2016,1,Male,4231719.506997959
94,Switzerland,2017,1,Male,4279670.543001259
94,Switzerland,2018,1,Male,4325885.9802991
94,Switzerland,2019,1,Male,4370301.782719169
94,Switzerland,1990,2,Female,3482868.7540212115
94,Switzerland,1991,2,Female,3509732.505415373
94,Switzerland,1992,2,Female,3535989.879929066
94,Switzerland,1993,2,Female,3561088.263792241
94,Switzerland,1994,2,Female,3585310.850241271
94,Switzerland,1995,2,Female,3608788.19233119
94,Switzerland,1996,2,Female,3631737.161589781
94,Switzerland,1997,2,Female,3654589.4557734216
94,Switzerland,1998,2,Female,3677875.705346678
94,Switzerland,1999,2,Female,3702039.3156396016
94,Switzerland,2000,2,Female,3726524.201520249
94,Switzerland,2001,2,Female,3751067.414612581
94,Switzerland,2002,2,Female,3776117.326768647
94,Switzerland,2003,2,Female,3802087.787237863
94,Switzerland,2004,2,Female,3829691.837777864
94,Switzerland,2005,2,Female,3858999.515320687
94,Switzerland,2006,2,Female,3889901.311482276
94,Switzerland,2007,2,Female,3922617.3030697857
94,Switzerland,2008,2,Female,3957272.08288159
94,Switzerland,2009,2,Female,3993937.174868956
94,Switzerland,2010,2,Female,4032815.93367652
94,Switzerland,2011,2,Female,4073909.498197991
94,Switzerland,2012,2,Female,4116380.153541488
94,Switzerland,2013,2,Female,4159641.234298937
94,Switzerland,2014,2,Female,4203347.831019034
94,Switzerland,2015,2,Female,4246479.033543195
94,Switzerland,2016,2,Female,4288213.422901996
94,Switzerland,2017,2,Female,4328646.82091876
94,Switzerland,2018,2,Female,4367577.671793231
94,Switzerland,2019,2,Female,4404902.027928792
94,Switzerland,1990,3,Both,6865407.799163736
94,Switzerland,1991,3,Both,6918274.63430254
94,Switzerland,1992,3,Both,6967778.851592253
94,Switzerland,1993,3,Both,7013360.548874118
94,Switzerland,1994,3,Both,7055863.209151818
94,Switzerland,1995,3,Both,7095810.503023834
94,Switzerland,1996,3,Both,7134415.925602793
94,Switzerland,1997,3,Both,7173016.385014806
94,Switzerland,1998,3,Both,7212469.968909572
94,Switzerland,1999,3,Both,7254355.280890507
94,Switzerland,2000,3,Both,7298655.84710377
94,Switzerland,2001,3,Both,7345308.333964731
94,Switzerland,2002,3,Both,7395206.802942757
94,Switzerland,2003,3,Both,7449122.424994077
94,Switzerland,2004,3,Both,7508031.67131084
94,Switzerland,2005,3,Both,7571776.000912789
94,Switzerland,2006,3,Both,7639929.180565376
94,Switzerland,2007,3,Both,7712832.742603658
94,Switzerland,2008,3,Both,7790752.826979063
94,Switzerland,2009,3,Both,7873375.202369898
94,Switzerland,2010,3,Both,7960385.141584351
94,Switzerland,2011,3,Both,8051287.251995258
94,Switzerland,2012,3,Both,8144599.511666886
94,Switzerland,2013,3,Both,8239381.517812517
94,Switzerland,2014,3,Both,8334845.26295196
94,Switzerland,2015,3,Both,8428909.692537665
94,Switzerland,2016,3,Both,8519932.929899953
94,Switzerland,2017,3,Both,8608317.363920018
94,Switzerland,2018,3,Both,8693463.652092332
94,Switzerland,2019,3,Both,8775203.81064796
95,United Kingdom,1990,1,Male,27884287.307821784
95,United Kingdom,1991,1,Male,27941189.151809845
95,United Kingdom,1992,1,Male,28011785.63857604
95,United Kingdom,1993,1,Male,28092084.22713856
95,United Kingdom,1994,1,Male,28182990.682558257
95,United Kingdom,1995,1,Male,28285235.416730173
95,United Kingdom,1996,1,Male,28401636.50217251
95,United Kingdom,1997,1,Male,28536287.698490333
95,United Kingdom,1998,1,Male,28680636.71125306
95,United Kingdom,1999,1,Male,28824749.853820138
95,United Kingdom,2000,1,Male,28972163.167775624
95,United Kingdom,2001,1,Male,29129010.7260512
95,United Kingdom,2002,1,Male,29297442.731011458
95,United Kingdom,2003,1,Male,29483400.08710732
95,United Kingdom,2004,1,Male,29690734.458349444
95,United Kingdom,2005,1,Male,29917818.45106825
95,United Kingdom,2006,1,Male,30161992.964863364
95,United Kingdom,2007,1,Male,30421713.82125096
95,United Kingdom,2008,1,Male,30688517.894431736
95,United Kingdom,2009,1,Male,30957879.04096485
95,United Kingdom,2010,1,Male,31231991.42646192
95,United Kingdom,2011,1,Male,31503903.88052089
95,United Kingdom,2012,1,Male,31762228.50882062
95,United Kingdom,2013,1,Male,32002543.98602721
95,United Kingdom,2014,1,Male,32230827.189315174
95,United Kingdom,2015,1,Male,32452466.49694672
95,United Kingdom,2016,1,Male,32666435.376523085
95,United Kingdom,2017,1,Male,32874025.789119165
95,United Kingdom,2018,1,Male,33071498.481445946
95,United Kingdom,2019,1,Male,33257057.934916824
95,United Kingdom,1990,2,Female,29588929.62105736
95,United Kingdom,1991,2,Female,29666116.27813784
95,United Kingdom,1992,2,Female,29751238.963625427
95,United Kingdom,1993,2,Female,29839715.85438025
95,United Kingdom,1994,2,Female,29932456.05641989
95,United Kingdom,1995,2,Female,30030195.244932327
95,United Kingdom,1996,2,Female,30134778.964405973
95,United Kingdom,1997,2,Female,30249610.21293
95,United Kingdom,1998,2,Female,30367136.14993772
95,United Kingdom,1999,2,Female,30478179.644677937
95,United Kingdom,2000,2,Female,30585574.660954483
95,United Kingdom,2001,2,Female,30697716.24170336
95,United Kingdom,2002,2,Female,30818554.856804427
95,United Kingdom,2003,2,Female,30953249.56146728
95,United Kingdom,2004,2,Female,31107734.542070538
95,United Kingdom,2005,2,Female,31282058.96451417
95,United Kingdom,2006,2,Female,31474643.84438466
95,United Kingdom,2007,2,Female,31683660.986501645
95,United Kingdom,2008,2,Female,31899686.747308098
95,United Kingdom,2009,2,Female,32119805.69106416
95,United Kingdom,2010,2,Female,32345105.73753378
95,United Kingdom,2011,2,Female,32566387.240569368
95,United Kingdom,2012,2,Female,32771913.00171836
95,United Kingdom,2013,2,Female,32959324.225576844
95,United Kingdom,2014,2,Female,33137256.230508287
95,United Kingdom,2015,2,Female,33311316.40598794
95,United Kingdom,2016,2,Female,33481502.662320144
95,United Kingdom,2017,2,Female,33649598.23221767
95,United Kingdom,2018,2,Female,33811037.60058107
95,United Kingdom,2019,2,Female,33963389.00443827
95,United Kingdom,1990,3,Both,57473216.92887914
95,United Kingdom,1991,3,Both,57607305.42994769
95,United Kingdom,1992,3,Both,57763024.60220147
95,United Kingdom,1993,3,Both,57931800.0815188
95,United Kingdom,1994,3,Both,58115446.73897815
95,United Kingdom,1995,3,Both,58315430.6616625
95,United Kingdom,1996,3,Both,58536415.46657848
95,United Kingdom,1997,3,Both,58785897.91142033
95,United Kingdom,1998,3,Both,59047772.86119077
95,United Kingdom,1999,3,Both,59302929.49849808
95,United Kingdom,2000,3,Both,59557737.82873011
95,United Kingdom,2001,3,Both,59826726.96775456
95,United Kingdom,2002,3,Both,60115997.58781589
95,United Kingdom,2003,3,Both,60436649.6485746
95,United Kingdom,2004,3,Both,60798469.00041998
95,United Kingdom,2005,3,Both,61199877.415582426
95,United Kingdom,2006,3,Both,61636636.80924802
95,United Kingdom,2007,3,Both,62105374.80775261
95,United Kingdom,2008,3,Both,62588204.64173983
95,United Kingdom,2009,3,Both,63077684.732029
95,United Kingdom,2010,3,Both,63577097.163995706
95,United Kingdom,2011,3,Both,64070291.12109026
95,United Kingdom,2012,3,Both,64534141.51053898
95,United Kingdom,2013,3,Both,64961868.21160406
95,United Kingdom,2014,3,Both,65368083.41982346
95,United Kingdom,2015,3,Both,65763782.90293466
95,United Kingdom,2016,3,Both,66147938.03884324
95,United Kingdom,2017,3,Both,66523624.02133684
95,United Kingdom,2018,3,Both,66882536.08202702
95,United Kingdom,2019,3,Both,67220446.9393551
97,Argentina,1990,1,Male,16207806.299236998
97,Argentina,1991,1,Male,16397992.77512878
97,Argentina,1992,1,Male,16578506.3588963
97,Argentina,1993,1,Male,16750175.110415062
97,Argentina,1994,1,Male,16919631.87256763
97,Argentina,1995,1,Male,17084621.78289648
97,Argentina,1996,1,Male,17246274.753785484
97,Argentina,1997,1,Male,17411046.7682019
97,Argentina,1998,1,Male,17583933.068664756
97,Argentina,1999,1,Male,17766283.98044229
97,Argentina,2000,1,Male,17952797.24437788
97,Argentina,2001,1,Male,18140427.24780302
97,Argentina,2002,1,Male,18331452.89747167
97,Argentina,2003,1,Male,18531018.51234312
97,Argentina,2004,1,Male,18743677.85333989
97,Argentina,2005,1,Male,18958148.960544884
97,Argentina,2006,1,Male,19164362.13071755
97,Argentina,2007,1,Male,19372123.10814717
97,Argentina,2008,1,Male,19592162.49621233
97,Argentina,2009,1,Male,19818226.49975117
97,Argentina,2010,1,Male,20044592.29503136
97,Argentina,2011,1,Male,20270641.755332187
97,Argentina,2012,1,Male,20492638.88991308
97,Argentina,2013,1,Male,20715356.420148965
97,Argentina,2014,1,Male,20944265.82994539
97,Argentina,2015,1,Male,21176168.85499161
97,Argentina,2016,1,Male,21405012.84983596
97,Argentina,2017,1,Male,21618325.688736554
97,Argentina,2018,1,Male,21808804.216543827
97,Argentina,2019,1,Male,21990114.01706601
97,Argentina,1990,2,Female,16912921.55315622
97,Argentina,1991,2,Female,17126930.680607747
97,Argentina,1992,2,Female,17332783.659224607
97,Argentina,1993,2,Female,17530022.959125735
97,Argentina,1994,2,Female,17723581.64022919
97,Argentina,1995,2,Female,17910775.16064721
97,Argentina,1996,2,Female,18092849.058732428
97,Argentina,1997,2,Female,18275754.738942664
97,Argentina,1998,2,Female,18463554.86068032
97,Argentina,1999,2,Female,18657931.9637151
97,Argentina,2000,2,Female,18854600.580471653
97,Argentina,2001,2,Female,19051758.29355497
97,Argentina,2002,2,Female,19253306.11860704
97,Argentina,2003,2,Female,19463708.653088786
97,Argentina,2004,2,Female,19686133.472405296
97,Argentina,2005,2,Female,19911109.295342408
97,Argentina,2006,2,Female,20130664.00403084
97,Argentina,2007,2,Female,20354934.40807411
97,Argentina,2008,2,Female,20594319.877991594
97,Argentina,2009,2,Female,20840780.386606727
97,Argentina,2010,2,Female,21086200.140554715
97,Argentina,2011,2,Female,21328904.50642571
97,Argentina,2012,2,Female,21566912.954144936
97,Argentina,2013,2,Female,21804693.54544716
97,Argentina,2014,2,Female,22046007.62641045
97,Argentina,2015,2,Female,22286211.46626364
97,Argentina,2016,2,Female,22518710.434292644
97,Argentina,2017,2,Female,22735460.40468148
97,Argentina,2018,2,Female,22933759.09854032
97,Argentina,2019,2,Female,23125170.33848295
97,Argentina,1990,3,Both,33120727.852393217
97,Argentina,1991,3,Both,33524923.455736525
97,Argentina,1992,3,Both,33911290.01812091
97,Argentina,1993,3,Both,34280198.0695408
97,Argentina,1994,3,Both,34643213.51279683
97,Argentina,1995,3,Both,34995396.943543695
97,Argentina,1996,3,Both,35339123.81251791
97,Argentina,1997,3,Both,35686801.50714456
97,Argentina,1998,3,Both,36047487.92934507
97,Argentina,1999,3,Both,36424215.94415738
97,Argentina,2000,3,Both,36807397.82484954
97,Argentina,2001,3,Both,37192185.541358
97,Argentina,2002,3,Both,37584759.0160787
97,Argentina,2003,3,Both,37994727.1654319
97,Argentina,2004,3,Both,38429811.32574519
97,Argentina,2005,3,Both,38869258.25588729
97,Argentina,2006,3,Both,39295026.13474839
97,Argentina,2007,3,Both,39727057.516221285
97,Argentina,2008,3,Both,40186482.37420393
97,Argentina,2009,3,Both,40659006.886357896
97,Argentina,2010,3,Both,41130792.43558607
97,Argentina,2011,3,Both,41599546.261757895
97,Argentina,2012,3,Both,42059551.84405802
97,Argentina,2013,3,Both,42520049.965596125
97,Argentina,2014,3,Both,42990273.45635585
97,Argentina,2015,3,Both,43462380.32125525
97,Argentina,2016,3,Both,43923723.28412861
97,Argentina,2017,3,Both,44353786.09341803
97,Argentina,2018,3,Both,44742563.31508415
97,Argentina,2019,3,Both,45115284.35554896
98,Chile,1990,1,Male,6524655.143868248
98,Chile,1991,1,Male,6630231.899998105
98,Chile,1992,1,Male,6734599.424356412
98,Chile,1993,1,Male,6837607.3871818455
98,Chile,1994,1,Male,6938098.351550928
98,Chile,1995,1,Male,7034773.158905348
98,Chile,1996,1,Male,7127661.539311603
98,Chile,1997,1,Male,7217971.227431605
98,Chile,1998,1,Male,7305511.00425343
98,Chile,1999,1,Male,7389562.024703988
98,Chile,2000,1,Male,7471018.975298087
98,Chile,2001,1,Male,7549339.582115338
98,Chile,2002,1,Male,7623449.689226725
98,Chile,2003,1,Male,7694000.124536362
98,Chile,2004,1,Male,7761800.040636037
98,Chile,2005,1,Male,7828698.405082551
98,Chile,2006,1,Male,7896720.907916684
98,Chile,2007,1,Male,7967372.934343082
98,Chile,2008,1,Male,8040893.580109322
98,Chile,2009,1,Male,8115173.955616486
98,Chile,2010,1,Male,8187342.862736486
98,Chile,2011,1,Male,8257266.455791346
98,Chile,2012,1,Male,8325413.034815527
98,Chile,2013,1,Male,8393367.0278
98,Chile,2014,1,Male,8463139.211287359
98,Chile,2015,1,Male,8544032.340740873
98,Chile,2016,1,Male,8661598.321833346
98,Chile,2017,1,Male,8791235.588769011
98,Chile,2018,1,Male,8876016.121702224
98,Chile,2019,1,Male,8930232.998304196
98,Chile,1990,2,Female,6755524.198463994
98,Chile,1991,2,Female,6857947.700154572
98,Chile,1992,2,Female,6956458.267147586
98,Chile,1993,2,Female,7052263.564868732
98,Chile,1994,2,Female,7145406.937143695
98,Chile,1995,2,Female,7235462.055791556
98,Chile,1996,2,Female,7323181.419192194
98,Chile,1997,2,Female,7409512.240618523
98,Chile,1998,2,Female,7494345.595781438
98,Chile,1999,2,Female,7577919.637951903
98,Chile,2000,2,Female,7661786.697061334
98,Chile,2001,2,Female,7745514.9583148
98,Chile,2002,2,Female,7827405.85760943
98,Chile,2003,2,Female,7906769.776443375
98,Chile,2004,2,Female,7984090.440218519
98,Chile,2005,2,Female,8060970.537763147
98,Chile,2006,2,Female,8139324.046115525
98,Chile,2007,2,Female,8220682.102784139
98,Chile,2008,2,Female,8305438.658224335
98,Chile,2009,2,Female,8391650.416128093
98,Chile,2010,2,Female,8476088.42209048
98,Chile,2011,2,Female,8557810.865082452
98,Chile,2012,2,Female,8637090.696645001
98,Chile,2013,2,Female,8715923.448926287
98,Chile,2014,2,Female,8796404.674127812
98,Chile,2015,2,Female,8884394.229639227
98,Chile,2016,2,Female,8998098.71431125
98,Chile,2017,2,Female,9119086.216686346
98,Chile,2018,2,Female,9205303.657567106
98,Chile,2019,2,Female,9268126.03957207
98,Chile,1990,3,Both,13280179.342332242
98,Chile,1991,3,Both,13488179.600152677
98,Chile,1992,3,Both,13691057.691503998
98,Chile,1993,3,Both,13889870.952050578
98,Chile,1994,3,Both,14083505.288694622
98,Chile,1995,3,Both,14270235.214696905
98,Chile,1996,3,Both,14450842.958503796
98,Chile,1997,3,Both,14627483.468050128
98,Chile,1998,3,Both,14799856.60003487
98,Chile,1999,3,Both,14967481.66265589
98,Chile,2000,3,Both,15132805.672359422
98,Chile,2001,3,Both,15294854.540430138
98,Chile,2002,3,Both,15450855.546836156
98,Chile,2003,3,Both,15600769.900979737
98,Chile,2004,3,Both,15745890.480854556
98,Chile,2005,3,Both,15889668.942845697
98,Chile,2006,3,Both,16036044.954032209
98,Chile,2007,3,Both,16188055.03712722
98,Chile,2008,3,Both,16346332.238333656
98,Chile,2009,3,Both,16506824.37174458
98,Chile,2010,3,Both,16663431.284826966
98,Chile,2011,3,Both,16815077.320873797
98,Chile,2012,3,Both,16962503.73146053
98,Chile,2013,3,Both,17109290.476726286
98,Chile,2014,3,Both,17259543.88541517
98,Chile,2015,3,Both,17428426.5703801
98,Chile,2016,3,Both,17659697.036144596
98,Chile,2017,3,Both,17910321.805455357
98,Chile,2018,3,Both,18081319.77926933
98,Chile,2019,3,Both,18198359.037876267
99,Uruguay,1990,1,Male,1526595.6572292433
99,Uruguay,1991,1,Male,1535519.537136158
99,Uruguay,1992,1,Male,1544146.023176309
99,Uruguay,1993,1,Male,1552400.2828464604
99,Uruguay,1994,1,Male,1560552.1321335183
99,Uruguay,1995,1,Male,1568594.042768955
99,Uruguay,1996,1,Male,1576264.3363381035
99,Uruguay,1997,1,Male,1583315.5009382828
99,Uruguay,1998,1,Male,1589308.85648697
99,Uruguay,1999,1,Male,1594121.381879667
99,Uruguay,2000,1,Male,1598184.8751208077
99,Uruguay,2001,1,Male,1601760.2048463526
99,Uruguay,2002,1,Male,1604686.1632086092
99,Uruguay,2003,1,Male,1606932.2537472162
99,Uruguay,2004,1,Male,1608706.0782224766
99,Uruguay,2005,1,Male,1610407.236380911
99,Uruguay,2006,1,Male,1612150.3182303747
99,Uruguay,2007,1,Male,1613702.3305316705
99,Uruguay,2008,1,Male,1615418.2956389624
99,Uruguay,2009,1,Male,1617709.2339252443
99,Uruguay,2010,1,Male,1620170.0109782128
99,Uruguay,2011,1,Male,1622626.1909561944
99,Uruguay,2012,1,Male,1625057.2204699037
99,Uruguay,2013,1,Male,1627878.95404174
99,Uruguay,2014,1,Male,1631132.182921769
99,Uruguay,2015,1,Male,1634648.8919033925
99,Uruguay,2016,1,Male,1638197.554742002
99,Uruguay,2017,1,Male,1641657.9091315789
99,Uruguay,2018,1,Male,1644923.2041494711
99,Uruguay,2019,1,Male,1648039.339220825
99,Uruguay,1990,2,Female,1612821.9601745473
99,Uruguay,1991,2,Female,1623870.2829574533
99,Uruguay,1992,2,Female,1634524.5229461584
99,Uruguay,1993,2,Female,1644815.068019795
99,Uruguay,1994,2,Female,1654865.002132511
99,Uruguay,1995,2,Female,1664679.9032264324
99,Uruguay,1996,2,Female,1673901.714923377
99,Uruguay,1997,2,Female,1682126.1830895296
99,Uruguay,1998,2,Female,1689028.8966897714
99,Uruguay,1999,2,Female,1694724.4893252389
99,Uruguay,2000,2,Female,1699746.02927904
99,Uruguay,2001,2,Female,1704400.9320991412
99,Uruguay,2002,2,Female,1708622.6296342297
99,Uruguay,2003,2,Female,1712437.346701803
99,Uruguay,2004,2,Female,1715998.202629126
99,Uruguay,2005,2,Female,1719724.81137347
99,Uruguay,2006,2,Female,1723863.3319244368
99,Uruguay,2007,2,Female,1728201.201226655
99,Uruguay,2008,2,Female,1732846.692168845
99,Uruguay,2009,2,Female,1738232.8190430717
99,Uruguay,2010,2,Female,1743918.6162715368
99,Uruguay,2011,2,Female,1749362.2905396034
99,Uruguay,2012,2,Female,1754424.0192895578
99,Uruguay,2013,2,Female,1759634.3960506432
99,Uruguay,2014,2,Female,1764969.282478452
99,Uruguay,2015,2,Female,1770197.4380199655
99,Uruguay,2016,2,Female,1775122.034880091
99,Uruguay,2017,2,Female,1779743.4697069617
99,Uruguay,2018,2,Female,1784040.864846096
99,Uruguay,2019,2,Female,1788097.3594953637
99,Uruguay,1990,3,Both,3139417.6174037904
99,Uruguay,1991,3,Both,3159389.820093612
99,Uruguay,1992,3,Both,3178670.546122467
99,Uruguay,1993,3,Both,3197215.350866256
99,Uruguay,1994,3,Both,3215417.1342660296
99,Uruguay,1995,3,Both,3233273.945995388
99,Uruguay,1996,3,Both,3250166.0512614804
99,Uruguay,1997,3,Both,3265441.6840278124
99,Uruguay,1998,3,Both,3278337.7531767413
99,Uruguay,1999,3,Both,3288845.8712049057
99,Uruguay,2000,3,Both,3297930.904399848
99,Uruguay,2001,3,Both,3306161.136945494
99,Uruguay,2002,3,Both,3313308.792842839
99,Uruguay,2003,3,Both,3319369.600449019
99,Uruguay,2004,3,Both,3324704.2808516026
99,Uruguay,2005,3,Both,3330132.047754381
99,Uruguay,2006,3,Both,3336013.650154812
99,Uruguay,2007,3,Both,3341903.531758325
99,Uruguay,2008,3,Both,3348264.9878078075
99,Uruguay,2009,3,Both,3355942.052968316
99,Uruguay,2010,3,Both,3364088.62724975
99,Uruguay,2011,3,Both,3371988.4814957976
99,Uruguay,2012,3,Both,3379481.239759461
99,Uruguay,2013,3,Both,3387513.350092383
99,Uruguay,2014,3,Both,3396101.4654002213
99,Uruguay,2015,3,Both,3404846.329923358
99,Uruguay,2016,3,Both,3413319.589622093
99,Uruguay,2017,3,Both,3421401.3788385405
99,Uruguay,2018,3,Both,3428964.068995567
99,Uruguay,2019,3,Both,3436136.6987161883
101,Canada,1990,1,Male,13448422.273634523
101,Canada,1991,1,Male,13643657.251500098
101,Canada,1992,1,Male,13826055.372148167
101,Canada,1993,1,Male,13994255.073433304
101,Canada,1994,1,Male,14149879.50986836
101,Canada,1995,1,Male,14293521.133594932
101,Canada,1996,1,Male,14423803.950354502
101,Canada,1997,1,Male,14542245.205582118
101,Canada,1998,1,Male,14654349.66145558
101,Canada,1999,1,Male,14764286.13331514
101,Canada,2000,1,Male,14876612.03414972
101,Canada,2001,1,Male,14995745.290717624
101,Canada,2002,1,Male,15124094.781500062
101,Canada,2003,1,Male,15261508.138196414
101,Canada,2004,1,Male,15408431.30116062
101,Canada,2005,1,Male,15565212.078429723
101,Canada,2006,1,Male,15733376.40726024
101,Canada,2007,1,Male,15912559.20358557
101,Canada,2008,1,Male,16099357.576281773
101,Canada,2009,1,Male,16289707.603327516
101,Canada,2010,1,Male,16480042.405629784
101,Canada,2011,1,Male,16669311.48362474
101,Canada,2012,1,Male,16855222.35571244
101,Canada,2013,1,Male,17036420.03993505
101,Canada,2014,1,Male,17212172.069553882
101,Canada,2015,1,Male,17381682.79897502
101,Canada,2016,1,Male,17543616.439642344
101,Canada,2017,1,Male,17695973.004738253
101,Canada,2018,1,Male,17837579.855560064
101,Canada,2019,1,Male,17969744.47851873
101,Canada,1990,2,Female,13808441.747083168
101,Canada,1991,2,Female,14016409.057130655
101,Canada,1992,2,Female,14214585.774233067
101,Canada,1993,2,Female,14401319.648505244
101,Canada,1994,2,Female,14577380.859151356
101,Canada,1995,2,Female,14743181.50333141
101,Canada,1996,2,Female,14896081.20073614
101,Canada,1997,2,Female,15035501.282220325
101,Canada,1998,2,Female,15167406.371797156
101,Canada,1999,2,Female,15296444.015971445
101,Canada,2000,2,Female,15426318.55581524
101,Canada,2001,2,Female,15561074.138266088
101,Canada,2002,2,Female,15703841.596500969
101,Canada,2003,2,Female,15854487.60466073
101,Canada,2004,2,Female,16012925.58533068
101,Canada,2005,2,Female,16178743.753050637
101,Canada,2006,2,Female,16353580.63457335
101,Canada,2007,2,Female,16536793.671032067
101,Canada,2008,2,Female,16725131.609606516
101,Canada,2009,2,Female,16914461.288599633
101,Canada,2010,2,Female,17101435.110998932
101,Canada,2011,2,Female,17285224.29696974
101,Canada,2012,2,Female,17464995.774796057
101,Canada,2013,2,Female,17640010.22260824
101,Canada,2014,2,Female,17809534.598325185
101,Canada,2015,2,Female,17973312.87845538
101,Canada,2016,2,Female,18130647.760268044
101,Canada,2017,2,Female,18279675.87691909
101,Canada,2018,2,Female,18419077.039060064
101,Canada,2019,2,Female,18550095.79401552
101,Canada,1990,3,Both,27256864.02071769
101,Canada,1991,3,Both,27660066.30863076
101,Canada,1992,3,Both,28040641.14638124
101,Canada,1993,3,Both,28395574.72193855
101,Canada,1994,3,Both,28727260.36901972
101,Canada,1995,3,Both,29036702.63692634
101,Canada,1996,3,Both,29319885.15109064
101,Canada,1997,3,Both,29577746.48780244
101,Canada,1998,3,Both,29821756.03325274
101,Canada,1999,3,Both,30060730.149286583
101,Canada,2000,3,Both,30302930.58996496
101,Canada,2001,3,Both,30556819.42898371
101,Canada,2002,3,Both,30827936.37800103
101,Canada,2003,3,Both,31115995.742857147
101,Canada,2004,3,Both,31421356.886491302
101,Canada,2005,3,Both,31743955.83148036
101,Canada,2006,3,Both,32086957.04183359
101,Canada,2007,3,Both,32449352.87461764
101,Canada,2008,3,Both,32824489.185888287
101,Canada,2009,3,Both,33204168.89192715
101,Canada,2010,3,Both,33581477.51662872
101,Canada,2011,3,Both,33954535.78059448
101,Canada,2012,3,Both,34320218.1305085
101,Canada,2013,3,Both,34676430.26254328
101,Canada,2014,3,Both,35021706.66787907
101,Canada,2015,3,Both,35354995.677430406
101,Canada,2016,3,Both,35674264.19991039
101,Canada,2017,3,Both,35975648.88165734
101,Canada,2018,3,Both,36256656.89462013
101,Canada,2019,3,Both,36519840.27253424
102,United States of America,1990,1,Male,123814637.45434023
102,United States of America,1991,1,Male,125241807.24204494
102,United States of America,1992,1,Male,126669638.09668554
102,United States of America,1993,1,Male,128070320.44706611
102,United States of America,1994,1,Male,129439579.38343908
102,United States of America,1995,1,Male,130798096.46262826
102,United States of America,1996,1,Male,132156329.86196384
102,United States of America,1997,1,Male,133548171.23817654
102,United States of America,1998,1,Male,134961730.73722735
102,United States of America,1999,1,Male,136391629.23317954
102,United States of America,2000,1,Male,137840844.74746946
102,United States of America,2001,1,Male,139275257.034063
102,United States of America,2002,1,Male,140696937.89696807
102,United States of America,2003,1,Male,142131565.62939015
102,United States of America,2004,1,Male,143581787.64620602
102,United States of America,2005,1,Male,145043819.60793573
102,United States of America,2006,1,Male,146522391.00876266
102,United States of America,2007,1,Male,148009414.17282677
102,United States of America,2008,1,Male,149449358.723191
102,United States of America,2009,1,Male,150810042.29417336
102,United States of America,2010,1,Male,152094324.17835855
102,United States of America,2011,1,Male,153317046.3052103
102,United States of America,2012,1,Male,154496782.5270861
102,United States of America,2013,1,Male,155639308.635035
102,United States of America,2014,1,Male,156755052.0169489
102,United States of America,2015,1,Male,157823433.34143922
102,United States of America,2016,1,Male,158801909.37877843
102,United States of America,2017,1,Male,159696264.84066296
102,United States of America,2018,1,Male,160520374.46009144
102,United States of America,2019,1,Male,161289073.67824772
102,United States of America,1990,2,Female,129790939.89444228
102,United States of America,1991,2,Female,131165724.65119594
102,United States of America,1992,2,Female,132529388.38652846
102,United States of America,1993,2,Female,133857836.74271004
102,United States of America,1994,2,Female,135146364.14741486
102,United States of America,1995,2,Female,136413477.18800163
102,United States of America,1996,2,Female,137667571.4063198
102,United States of America,1997,2,Female,138933815.48792297
102,United States of America,1998,2,Female,140214832.43505394
102,United States of America,1999,2,Female,141515030.91850162
102,United States of America,2000,2,Female,142840924.72131816
102,United States of America,2001,2,Female,144169996.09176078
102,United States of America,2002,2,Female,145505499.9200729
102,United States of America,2003,2,Female,146874827.08925262
102,United States of America,2004,2,Female,148277988.78707165
102,United States of America,2005,2,Female,149712832.78147265
102,United States of America,2006,2,Female,151186816.1968816
102,United States of America,2007,2,Female,152684357.61423647
102,United States of America,2008,2,Female,154148526.86181146
102,United States of America,2009,2,Female,155544069.4482878
102,United States of America,2010,2,Female,156868896.4011993
102,United States of America,2011,2,Female,158133070.4378225
102,United States of America,2012,2,Female,159353792.38114223
102,United States of America,2013,2,Female,160540168.85786527
102,United States of America,2014,2,Female,161701932.9302355
102,United States of America,2015,2,Female,162821257.35005695
102,United States of America,2016,2,Female,163868956.07834876
102,United States of America,2017,2,Female,164855936.38489878
102,United States of America,2018,2,Female,165798714.81963772
102,United States of America,2019,2,Female,166689656.24721584
102,United States of America,1990,3,Both,253605577.3487825
102,United States of America,1991,3,Both,256407531.89324087
102,United States of America,1992,3,Both,259199026.483214
102,United States of America,1993,3,Both,261928157.1897761
102,United States of America,1994,3,Both,264585943.530854
102,United States of America,1995,3,Both,267211573.6506299
102,United States of America,1996,3,Both,269823901.2682836
102,United States of America,1997,3,Both,272481986.7260995
102,United States of America,1998,3,Both,275176563.17228127
102,United States of America,1999,3,Both,277906660.1516812
102,United States of America,2000,3,Both,280681769.4687876
102,United States of America,2001,3,Both,283445253.1258238
102,United States of America,2002,3,Both,286202437.817041
102,United States of America,2003,3,Both,289006392.7186428
102,United States of America,2004,3,Both,291859776.43327767
102,United States of America,2005,3,Both,294756652.38940835
102,United States of America,2006,3,Both,297709207.20564425
102,United States of America,2007,3,Both,300693771.7870633
102,United States of America,2008,3,Both,303597885.5850024
102,United States of America,2009,3,Both,306354111.74246114
102,United States of America,2010,3,Both,308963220.57955784
102,United States of America,2011,3,Both,311450116.74303275
102,United States of America,2012,3,Both,313850574.90822834
102,United States of America,2013,3,Both,316179477.49290025
102,United States of America,2014,3,Both,318456984.94718444
102,United States of America,2015,3,Both,320644690.69149613
102,United States of America,2016,3,Both,322670865.45712715
102,United States of America,2017,3,Both,324552201.22556174
102,United States of America,2018,3,Both,326319089.2797292
102,United States of America,2019,3,Both,327978729.9254636
105,Antigua and Barbuda,1990,1,Male,29278.113627260995
105,Antigua and Barbuda,1991,1,Male,29628.7124092154
105,Antigua and Barbuda,1992,1,Male,30092.19008177487
105,Antigua and Barbuda,1993,1,Male,30648.18941263865
105,Antigua and Barbuda,1994,1,Male,31283.647704688046
105,Antigua and Barbuda,1995,1,Male,31987.846080469542
105,Antigua and Barbuda,1996,1,Male,32757.731657057186
105,Antigua and Barbuda,1997,1,Male,33571.58545585522
105,Antigua and Barbuda,1998,1,Male,34406.361339137366
105,Antigua and Barbuda,1999,1,Male,35247.67486300678
105,Antigua and Barbuda,2000,1,Male,36065.03224247342
105,Antigua and Barbuda,2001,1,Male,36838.91420915413
105,Antigua and Barbuda,2002,1,Male,37549.67391867928
105,Antigua and Barbuda,2003,1,Male,38197.69619113555
105,Antigua and Barbuda,2004,1,Male,38783.24221482115
105,Antigua and Barbuda,2005,1,Male,39309.83924994543
105,Antigua and Barbuda,2006,1,Male,39780.283088098266
105,Antigua and Barbuda,2007,1,Male,40178.302858871
105,Antigua and Barbuda,2008,1,Male,40514.251896389214
105,Antigua and Barbuda,2009,1,Male,40831.01605078885
105,Antigua and Barbuda,2010,1,Male,41135.36782978752
105,Antigua and Barbuda,2011,1,Male,41420.75646680497
105,Antigua and Barbuda,2012,1,Male,41693.87916504847
105,Antigua and Barbuda,2013,1,Male,41957.41983167304
105,Antigua and Barbuda,2014,1,Male,42207.59165243023
105,Antigua and Barbuda,2015,1,Male,42440.88347190138
105,Antigua and Barbuda,2016,1,Male,42660.54008268695
105,Antigua and Barbuda,2017,1,Male,42868.27004561734
105,Antigua and Barbuda,2018,1,Male,43064.06387484663
105,Antigua and Barbuda,2019,1,Male,43247.92360631879
105,Antigua and Barbuda,1990,2,Female,31445.068426106216
105,Antigua and Barbuda,1991,2,Female,31972.74316482072
105,Antigua and Barbuda,1992,2,Female,32648.50656416732
105,Antigua and Barbuda,1993,2,Female,33449.012863543496
105,Antigua and Barbuda,1994,2,Female,34354.26369023504
105,Antigua and Barbuda,1995,2,Female,35348.951309119424
105,Antigua and Barbuda,1996,2,Female,36407.60287000635
105,Antigua and Barbuda,1997,2,Female,37495.62768247302
105,Antigua and Barbuda,1998,2,Female,38590.83583951192
105,Antigua and Barbuda,1999,2,Female,39667.33453864331
105,Antigua and Barbuda,2000,2,Female,40682.862893526326
105,Antigua and Barbuda,2001,2,Female,41599.364304718365
105,Antigua and Barbuda,2002,2,Female,42375.65941653742
105,Antigua and Barbuda,2003,2,Female,43020.38528124912
105,Antigua and Barbuda,2004,2,Female,43543.90573236092
105,Antigua and Barbuda,2005,2,Female,43958.339610217205
105,Antigua and Barbuda,2006,2,Female,44277.99190677411
105,Antigua and Barbuda,2007,2,Female,44517.673280995004
105,Antigua and Barbuda,2008,2,Female,44692.80684434921
105,Antigua and Barbuda,2009,2,Female,44818.36324126682
105,Antigua and Barbuda,2010,2,Female,44908.15198475079
105,Antigua and Barbuda,2011,2,Female,44975.90303652865
105,Antigua and Barbuda,2012,2,Female,45035.98743015596
105,Antigua and Barbuda,2013,2,Female,45087.47367679378
105,Antigua and Barbuda,2014,2,Female,45129.222176372496
105,Antigua and Barbuda,2015,2,Female,45162.11152974298
105,Antigua and Barbuda,2016,2,Female,45187.821247110296
105,Antigua and Barbuda,2017,2,Female,45207.85070940115
105,Antigua and Barbuda,2018,2,Female,45224.72294884429
105,Antigua and Barbuda,2019,2,Female,45241.42531316833
105,Antigua and Barbuda,1990,3,Both,60723.18205336721
105,Antigua and Barbuda,1991,3,Both,61601.45557403611
105,Antigua and Barbuda,1992,3,Both,62740.69664594218
105,Antigua and Barbuda,1993,3,Both,64097.20227618214
105,Antigua and Barbuda,1994,3,Both,65637.9113949231
105,Antigua and Barbuda,1995,3,Both,67336.79738958897
105,Antigua and Barbuda,1996,3,Both,69165.33452706353
105,Antigua and Barbuda,1997,3,Both,71067.21313832824
105,Antigua and Barbuda,1998,3,Both,72997.1971786493
105,Antigua and Barbuda,1999,3,Both,74915.00940165008
105,Antigua and Barbuda,2000,3,Both,76747.89513599974
105,Antigua and Barbuda,2001,3,Both,78438.27851387249
105,Antigua and Barbuda,2002,3,Both,79925.33333521671
105,Antigua and Barbuda,2003,3,Both,81218.08147238467
105,Antigua and Barbuda,2004,3,Both,82327.14794718206
105,Antigua and Barbuda,2005,3,Both,83268.17886016263
105,Antigua and Barbuda,2006,3,Both,84058.27499487238
105,Antigua and Barbuda,2007,3,Both,84695.976139866
105,Antigua and Barbuda,2008,3,Both,85207.05874073843
105,Antigua and Barbuda,2009,3,Both,85649.37929205567
105,Antigua and Barbuda,2010,3,Both,86043.5198145383
105,Antigua and Barbuda,2011,3,Both,86396.65950333362
105,Antigua and Barbuda,2012,3,Both,86729.86659520444
105,Antigua and Barbuda,2013,3,Both,87044.89350846682
105,Antigua and Barbuda,2014,3,Both,87336.81382880273
105,Antigua and Barbuda,2015,3,Both,87602.99500164436
105,Antigua and Barbuda,2016,3,Both,87848.36132979725
105,Antigua and Barbuda,2017,3,Both,88076.12075501849
105,Antigua and Barbuda,2018,3,Both,88288.78682369093
105,Antigua and Barbuda,2019,3,Both,88489.34891948712
106,Bahamas,1990,1,Male,125635.9062851839
106,Bahamas,1991,1,Male,128146.97375305656
106,Bahamas,1992,1,Male,130924.56104925329
106,Bahamas,1993,1,Male,133771.96793354975
106,Bahamas,1994,1,Male,136497.90842060844
106,Bahamas,1995,1,Male,139097.1975037885
106,Bahamas,1996,1,Male,141633.81619354247
106,Bahamas,1997,1,Male,144157.46269752865
106,Bahamas,1998,1,Male,146628.75205259497
106,Bahamas,1999,1,Male,148906.50777957882
106,Bahamas,2000,1,Male,150972.08342866987
106,Bahamas,2001,1,Male,152945.95992284906
106,Bahamas,2002,1,Male,154972.9391091913
106,Bahamas,2003,1,Male,157134.24359034633
106,Bahamas,2004,1,Male,159373.54676922748
106,Bahamas,2005,1,Male,161602.02873537462
106,Bahamas,2006,1,Male,163735.6688693343
106,Bahamas,2007,1,Male,165791.703736667
106,Bahamas,2008,1,Male,167807.0460795164
106,Bahamas,2009,1,Male,169726.0272681342
106,Bahamas,2010,1,Male,171505.37486718164
106,Bahamas,2011,1,Male,173137.4787467478
106,Bahamas,2012,1,Male,174640.17432561776
106,Bahamas,2013,1,Male,176039.803297493
106,Bahamas,2014,1,Male,177338.70314934585
106,Bahamas,2015,1,Male,178508.6033256627
106,Bahamas,2016,1,Male,179574.0938403603
106,Bahamas,2017,1,Male,180557.1288088945
106,Bahamas,2018,1,Male,181449.316966906
106,Bahamas,2019,1,Male,182238.99508838204
106,Bahamas,1990,2,Female,130826.7572089124
106,Bahamas,1991,2,Female,133282.78568775783
106,Bahamas,1992,2,Female,136078.6837936037
106,Bahamas,1993,2,Female,139037.63012710167
106,Bahamas,1994,2,Female,141978.56197288414
106,Bahamas,1995,2,Female,144880.67175356214
106,Bahamas,1996,2,Female,147766.56564722714
106,Bahamas,1997,2,Female,150671.56346546175
106,Bahamas,1998,2,Female,153568.1352682625
106,Bahamas,1999,2,Female,156313.9537918498
106,Bahamas,2000,2,Female,158864.55337581458
106,Bahamas,2001,2,Female,161312.9768727838
106,Bahamas,2002,2,Female,163774.17142165708
106,Bahamas,2003,2,Female,166290.44833798928
106,Bahamas,2004,2,Female,168822.0635616323
106,Bahamas,2005,2,Female,171306.85795220698
106,Bahamas,2006,2,Female,173673.00955469345
106,Bahamas,2007,2,Female,175946.2075436295
106,Bahamas,2008,2,Female,178172.57987242696
106,Bahamas,2009,2,Female,180287.25174848165
106,Bahamas,2010,2,Female,182246.60622257323
106,Bahamas,2011,2,Female,184055.3361465321
106,Bahamas,2012,2,Female,185734.45590586672
106,Bahamas,2013,2,Female,187292.740131526
106,Bahamas,2014,2,Female,188743.50796781725
106,Bahamas,2015,2,Female,190103.882803548
106,Bahamas,2016,2,Female,191375.33309665768
106,Bahamas,2017,2,Female,192564.3477252485
106,Bahamas,2018,2,Female,193670.6127597299
106,Bahamas,2019,2,Female,194701.28408194293
106,Bahamas,1990,3,Both,256462.66349409628
106,Bahamas,1991,3,Both,261429.7594408144
106,Bahamas,1992,3,Both,267003.244842857
106,Bahamas,1993,3,Both,272809.5980606514
106,Bahamas,1994,3,Both,278476.4703934926
106,Bahamas,1995,3,Both,283977.8692573507
106,Bahamas,1996,3,Both,289400.3818407696
106,Bahamas,1997,3,Both,294829.0261629904
106,Bahamas,1998,3,Both,300196.88732085744
106,Bahamas,1999,3,Both,305220.46157142863
106,Bahamas,2000,3,Both,309836.6368044845
106,Bahamas,2001,3,Both,314258.9367956328
106,Bahamas,2002,3,Both,318747.1105308484
106,Bahamas,2003,3,Both,323424.69192833564
106,Bahamas,2004,3,Both,328195.6103308598
106,Bahamas,2005,3,Both,332908.8866875816
106,Bahamas,2006,3,Both,337408.67842402775
106,Bahamas,2007,3,Both,341737.9112802965
106,Bahamas,2008,3,Both,345979.6259519434
106,Bahamas,2009,3,Both,350013.2790166158
106,Bahamas,2010,3,Both,353751.9810897549
106,Bahamas,2011,3,Both,357192.81489327986
106,Bahamas,2012,3,Both,360374.6302314845
106,Bahamas,2013,3,Both,363332.543429019
106,Bahamas,2014,3,Both,366082.2111171631
106,Bahamas,2015,3,Both,368612.4861292107
106,Bahamas,2016,3,Both,370949.42693701794
106,Bahamas,2017,3,Both,373121.476534143
106,Bahamas,2018,3,Both,375119.9297266359
106,Bahamas,2019,3,Both,376940.279170325
107,Barbados,1990,1,Male,122001.28155216598
107,Barbados,1991,1,Male,122109.74743667916
107,Barbados,1992,1,Male,122158.46543405278
107,Barbados,1993,1,Male,122122.25797085828
107,Barbados,1994,1,Male,122032.39507020167
107,Barbados,1995,1,Male,121946.88942367512
107,Barbados,1996,1,Male,121936.16901978258
107,Barbados,1997,1,Male,122043.26599308962
107,Barbados,1998,1,Male,122316.1631695386
107,Barbados,1999,1,Male,122810.17427569714
107,Barbados,2000,1,Male,123513.60827215304
107,Barbados,2001,1,Male,124403.87377226248
107,Barbados,2002,1,Male,125417.0949171758
107,Barbados,2003,1,Male,126479.56898841645
107,Barbados,2004,1,Male,127580.58900456518
107,Barbados,2005,1,Male,128751.2904950874
107,Barbados,2006,1,Male,129988.55478439336
107,Barbados,2007,1,Male,131268.97626161622
107,Barbados,2008,1,Male,132585.31816065888
107,Barbados,2009,1,Male,133932.15917404322
107,Barbados,2010,1,Male,135262.9191729712
107,Barbados,2011,1,Male,136514.30608609633
107,Barbados,2012,1,Male,137684.7426921379
107,Barbados,2013,1,Male,138768.9946364721
107,Barbados,2014,1,Male,139766.16164455618
107,Barbados,2015,1,Male,140684.27118251738
107,Barbados,2016,1,Male,141530.5787406788
107,Barbados,2017,1,Male,142301.33898956835
107,Barbados,2018,1,Male,142979.41450602547
107,Barbados,2019,1,Male,143527.91507638153
107,Barbados,1990,2,Female,131894.1434381258
107,Barbados,1991,2,Female,131816.26800948873
107,Barbados,1992,2,Female,131729.66834614793
107,Barbados,1993,2,Female,131622.41744167893
107,Barbados,1994,2,Female,131535.84593448273
107,Barbados,1995,2,Female,131516.15428309364
107,Barbados,1996,2,Female,131607.73836415468
107,Barbados,1997,2,Female,131846.38062017085
107,Barbados,1998,2,Female,132248.42365373034
107,Barbados,1999,2,Female,132823.80820786048
107,Barbados,2000,2,Female,133569.00179595352
107,Barbados,2001,2,Female,134502.93949158737
107,Barbados,2002,2,Female,135581.42690773043
107,Barbados,2003,2,Female,136741.83791720573
107,Barbados,2004,2,Female,137970.2635015491
107,Barbados,2005,2,Female,139275.68049619754
107,Barbados,2006,2,Female,140653.05044357717
107,Barbados,2007,2,Female,142070.7586640469
107,Barbados,2008,2,Female,143494.27941742595
107,Barbados,2009,2,Female,144886.68321311244
107,Barbados,2010,2,Female,146210.9022770125
107,Barbados,2011,2,Female,147432.17558251572
107,Barbados,2012,2,Female,148559.88444034994
107,Barbados,2013,2,Female,149601.014810559
107,Barbados,2014,2,Female,150552.04894981685
107,Barbados,2015,2,Female,151426.49952166845
107,Barbados,2016,2,Female,152232.5314003573
107,Barbados,2017,2,Female,152970.40754085645
107,Barbados,2018,2,Female,153638.96231666207
107,Barbados,2019,2,Female,154242.88595169302
107,Barbados,1990,3,Both,253895.42499029177
107,Barbados,1991,3,Both,253926.01544616788
107,Barbados,1992,3,Both,253888.1337802007
107,Barbados,1993,3,Both,253744.6754125372
107,Barbados,1994,3,Both,253568.2410046844
107,Barbados,1995,3,Both,253463.0437067688
107,Barbados,1996,3,Both,253543.90738393724
107,Barbados,1997,3,Both,253889.64661326047
107,Barbados,1998,3,Both,254564.5868232689
107,Barbados,1999,3,Both,255633.9824835576
107,Barbados,2000,3,Both,257082.61006810656
107,Barbados,2001,3,Both,258906.81326384985
107,Barbados,2002,3,Both,260998.52182490623
107,Barbados,2003,3,Both,263221.40690562216
107,Barbados,2004,3,Both,265550.8525061143
107,Barbados,2005,3,Both,268026.97099128494
107,Barbados,2006,3,Both,270641.6052279705
107,Barbados,2007,3,Both,273339.7349256632
107,Barbados,2008,3,Both,276079.5975780848
107,Barbados,2009,3,Both,278818.8423871557
107,Barbados,2010,3,Both,281473.8214499837
107,Barbados,2011,3,Both,283946.48166861205
107,Barbados,2012,3,Both,286244.62713248783
107,Barbados,2013,3,Both,288370.0094470312
107,Barbados,2014,3,Both,290318.210594373
107,Barbados,2015,3,Both,292110.7707041858
107,Barbados,2016,3,Both,293763.11014103604
107,Barbados,2017,3,Both,295271.7465304248
107,Barbados,2018,3,Both,296618.3768226876
107,Barbados,2019,3,Both,297770.8010280746
108,Belize,1990,1,Male,94055.73616446278
108,Belize,1991,1,Male,96348.72157624186
108,Belize,1992,1,Male,98705.1065370361
108,Belize,1993,1,Male,101129.4859958055
108,Belize,1994,1,Male,103613.88413037306
108,Belize,1995,1,Male,106164.43684881915
108,Belize,1996,1,Male,108793.83043201885
108,Belize,1997,1,Male,111520.2494190254
108,Belize,1998,1,Male,114367.84585161912
108,Belize,1999,1,Male,117377.6157816835
108,Belize,2000,1,Male,120602.88016743558
108,Belize,2001,1,Male,124108.61533060628
108,Belize,2002,1,Male,127912.43996092022
108,Belize,2003,1,Male,131980.92559545342
108,Belize,2004,1,Male,136260.9741452987
108,Belize,2005,1,Male,140716.528646139
108,Belize,2006,1,Male,145317.45229382784
108,Belize,2007,1,Male,150028.25937104883
108,Belize,2008,1,Male,154809.80882940523
108,Belize,2009,1,Male,159609.52461022395
108,Belize,2010,1,Male,164371.02194479926
108,Belize,2011,1,Male,169059.74098301088
108,Belize,2012,1,Male,173689.82962887554
108,Belize,2013,1,Male,178258.17135421876
108,Belize,2014,1,Male,182748.95549722016
108,Belize,2015,1,Male,187147.51884660675
108,Belize,2016,1,Male,191466.52484817096
108,Belize,2017,1,Male,195727.05278325497
108,Belize,2018,1,Male,199930.3820567235
108,Belize,2019,1,Male,204100.19256114383
108,Belize,1990,2,Female,91829.0550765702
108,Belize,1991,2,Female,94056.70919307628
108,Belize,1992,2,Female,96380.76953959286
108,Belize,1993,2,Female,98790.2849989096
108,Belize,1994,2,Female,101281.8234742863
108,Belize,1995,2,Female,103863.6176750632
108,Belize,1996,2,Female,106548.73089510768
108,Belize,1997,2,Female,109365.8384551096
108,Belize,1998,2,Female,112359.66305643908
108,Belize,1999,2,Female,115573.98910885816
108,Belize,2000,2,Female,119034.60528356805
108,Belize,2001,2,Female,122771.99256977072
108,Belize,2002,2,Female,126779.4158471559
108,Belize,2003,2,Female,131025.60352310678
108,Belize,2004,2,Female,135470.1332856021
108,Belize,2005,2,Female,140078.53625563686
108,Belize,2006,2,Female,144810.72994874898
108,Belize,2007,2,Female,149635.94440492807
108,Belize,2008,2,Female,154533.6299208809
108,Belize,2009,2,Female,159457.63910925505
108,Belize,2010,2,Female,164354.29792181903
108,Belize,2011,2,Female,169188.2117554633
108,Belize,2012,2,Female,173972.16201056767
108,Belize,2013,2,Female,178704.5883036199
108,Belize,2014,2,Female,183374.07062407373
108,Belize,2015,2,Female,187986.5681991249
108,Belize,2016,2,Female,192552.23008937767
108,Belize,2017,2,Female,197072.11851703853
108,Belize,2018,2,Female,201544.5932887081
108,Belize,2019,2,Female,205993.33036584425
108,Belize,1990,3,Both,185884.791241033
108,Belize,1991,3,Both,190405.43076931813
108,Belize,1992,3,Both,195085.8760766289
108,Belize,1993,3,Both,199919.7709947151
108,Belize,1994,3,Both,204895.7076046593
108,Belize,1995,3,Both,210028.0545238824
108,Belize,1996,3,Both,215342.5613271265
108,Belize,1997,3,Both,220886.087874135
108,Belize,1998,3,Both,226727.5089080582
108,Belize,1999,3,Both,232951.60489054167
108,Belize,2000,3,Both,239637.4854510036
108,Belize,2001,3,Both,246880.60790037696
108,Belize,2002,3,Both,254691.85580807613
108,Belize,2003,3,Both,263006.5291185602
108,Belize,2004,3,Both,271731.1074309008
108,Belize,2005,3,Both,280795.06490177586
108,Belize,2006,3,Both,290128.1822425768
108,Belize,2007,3,Both,299664.2037759769
108,Belize,2008,3,Both,309343.4387502861
108,Belize,2009,3,Both,319067.163719479
108,Belize,2010,3,Both,328725.31986661826
108,Belize,2011,3,Both,338247.9527384742
108,Belize,2012,3,Both,347661.9916394432
108,Belize,2013,3,Both,356962.7596578387
108,Belize,2014,3,Both,366123.0261212939
108,Belize,2015,3,Both,375134.08704573166
108,Belize,2016,3,Both,384018.7549375487
108,Belize,2017,3,Both,392799.1713002935
108,Belize,2018,3,Both,401474.9753454316
108,Belize,2019,3,Both,410093.522926988
109,Cuba,1990,1,Male,5452786.445040028
109,Cuba,1991,1,Male,5493217.438895019
109,Cuba,1992,1,Male,5526975.019422296
109,Cuba,1993,1,Male,5555248.04399843
109,Cuba,1994,1,Male,5579895.842650966
109,Cuba,1995,1,Male,5603485.861016116
109,Cuba,1996,1,Male,5626804.527852863
109,Cuba,1997,1,Male,5649943.340252028
109,Cuba,1998,1,Male,5673713.082089885
109,Cuba,1999,1,Male,5695839.189174324
109,Cuba,2000,1,Male,5714577.665236316
109,Cuba,2001,1,Male,5731650.5368473325
109,Cuba,2002,1,Male,5746695.425279215
109,Cuba,2003,1,Male,5756031.786587221
109,Cuba,2004,1,Male,5758351.110566166
109,Cuba,2005,1,Male,5754461.452429469
109,Cuba,2006,1,Male,5746352.587536603
109,Cuba,2007,1,Male,5738502.448236584
109,Cuba,2008,1,Male,5734013.345969243
109,Cuba,2009,1,Male,5731631.799231745
109,Cuba,2010,1,Male,5729273.434900172
109,Cuba,2011,1,Male,5728007.154248258
109,Cuba,2012,1,Male,5726111.494074791
109,Cuba,2013,1,Male,5722143.355592473
109,Cuba,2014,1,Male,5717453.568379892
109,Cuba,2015,1,Male,5711076.122868324
109,Cuba,2016,1,Male,5701195.38863272
109,Cuba,2017,1,Male,5686877.936560977
109,Cuba,2018,1,Male,5669424.852089523
109,Cuba,2019,1,Male,5651715.906279504
109,Cuba,1990,2,Female,5379481.213739701
109,Cuba,1991,2,Female,5423145.747981827
109,Cuba,1992,2,Female,5460169.526141023
109,Cuba,1993,2,Female,5491948.4677215945
109,Cuba,1994,2,Female,5520859.846775731
109,Cuba,1995,2,Female,5548530.3154013455
109,Cuba,1996,2,Female,5574971.618568633
109,Cuba,1997,2,Female,5601358.495315852
109,Cuba,1998,2,Female,5628810.866556769
109,Cuba,1999,2,Female,5655018.640777621
109,Cuba,2000,2,Female,5678044.887432229
109,Cuba,2001,2,Female,5698970.587046331
109,Cuba,2002,2,Female,5717846.996173272
109,Cuba,2003,2,Female,5731213.825284974
109,Cuba,2004,2,Female,5737853.04657954
109,Cuba,2005,2,Female,5738950.413571203
109,Cuba,2006,2,Female,5736217.395873849
109,Cuba,2007,2,Female,5733491.71018512
109,Cuba,2008,2,Female,5733200.980667185
109,Cuba,2009,2,Female,5734721.664851961
109,Cuba,2010,2,Female,5736733.175190073
109,Cuba,2011,2,Female,5739357.973047854
109,Cuba,2012,2,Female,5741400.149058882
109,Cuba,2013,2,Female,5741859.840787601
109,Cuba,2014,2,Female,5741588.11366781
109,Cuba,2015,2,Female,5740048.49236903
109,Cuba,2016,2,Female,5735824.05209993
109,Cuba,2017,2,Female,5728161.789805195
109,Cuba,2018,2,Female,5717722.759659409
109,Cuba,2019,2,Female,5706794.346915751
109,Cuba,1990,3,Both,10832267.658779727
109,Cuba,1991,3,Both,10916363.186876845
109,Cuba,1992,3,Both,10987144.545563318
109,Cuba,1993,3,Both,11047196.511720024
109,Cuba,1994,3,Both,11100755.689426698
109,Cuba,1995,3,Both,11152016.176417464
109,Cuba,1996,3,Both,11201776.146421496
109,Cuba,1997,3,Both,11251301.83556788
109,Cuba,1998,3,Both,11302523.948646652
109,Cuba,1999,3,Both,11350857.829951946
109,Cuba,2000,3,Both,11392622.552668544
109,Cuba,2001,3,Both,11430621.123893663
109,Cuba,2002,3,Both,11464542.421452489
109,Cuba,2003,3,Both,11487245.611872194
109,Cuba,2004,3,Both,11496204.157145709
109,Cuba,2005,3,Both,11493411.866000673
109,Cuba,2006,3,Both,11482569.983410452
109,Cuba,2007,3,Both,11471994.158421705
109,Cuba,2008,3,Both,11467214.326636428
109,Cuba,2009,3,Both,11466353.464083709
109,Cuba,2010,3,Both,11466006.610090245
109,Cuba,2011,3,Both,11467365.127296112
109,Cuba,2012,3,Both,11467511.643133672
109,Cuba,2013,3,Both,11464003.196380077
109,Cuba,2014,3,Both,11459041.682047702
109,Cuba,2015,3,Both,11451124.615237352
109,Cuba,2016,3,Both,11437019.44073265
109,Cuba,2017,3,Both,11415039.726366172
109,Cuba,2018,3,Both,11387147.611748932
109,Cuba,2019,3,Both,11358510.253195254
110,Dominica,1990,1,Male,36850.8565321942
110,Dominica,1991,1,Male,36705.40598261124
110,Dominica,1992,1,Male,36548.26156443761
110,Dominica,1993,1,Male,36383.116530072766
110,Dominica,1994,1,Male,36215.73468636949
110,Dominica,1995,1,Male,36051.88790728701
110,Dominica,1996,1,Male,35897.69849879564
110,Dominica,1997,1,Male,35761.04879166309
110,Dominica,1998,1,Male,35641.38066708461
110,Dominica,1999,1,Male,35542.1735031252
110,Dominica,2000,1,Male,35467.48304959868
110,Dominica,2001,1,Male,35414.61446244823
110,Dominica,2002,1,Male,35382.461063108894
110,Dominica,2003,1,Male,35361.45714749435
110,Dominica,2004,1,Male,35347.388424577206
110,Dominica,2005,1,Male,35340.97298256748
110,Dominica,2006,1,Male,35340.62280642051
110,Dominica,2007,1,Male,35341.73797236032
110,Dominica,2008,1,Male,35345.241026509575
110,Dominica,2009,1,Male,35351.01910937956
110,Dominica,2010,1,Male,35352.929741924054
110,Dominica,2011,1,Male,35349.974912096186
110,Dominica,2012,1,Male,35341.419492906534
110,Dominica,2013,1,Male,35326.230656096865
110,Dominica,2014,1,Male,35303.202375777204
110,Dominica,2015,1,Male,35262.53207935872
110,Dominica,2016,1,Male,35217.21402001416
110,Dominica,2017,1,Male,35161.34838858614
110,Dominica,2018,1,Male,35100.26851998014
110,Dominica,2019,1,Male,35052.70242458107
110,Dominica,1990,2,Female,37154.03463305732
110,Dominica,1991,2,Female,37002.25270861336
110,Dominica,1992,2,Female,36847.96602770786
110,Dominica,1993,2,Female,36698.86682034213
110,Dominica,1994,2,Female,36547.13305096812
110,Dominica,1995,2,Female,36392.16665424496
110,Dominica,1996,2,Female,36236.09166315889
110,Dominica,1997,2,Female,36081.545745713054
110,Dominica,1998,2,Female,35928.393200916435
110,Dominica,1999,2,Female,35770.329270963215
110,Dominica,2000,2,Female,35608.04833173873
110,Dominica,2001,2,Female,35450.58650805026
110,Dominica,2002,2,Female,35301.14154087739
110,Dominica,2003,2,Female,35155.714915365614
110,Dominica,2004,2,Female,35019.44555655481
110,Dominica,2005,2,Female,34895.07792905368
110,Dominica,2006,2,Female,34776.62790964754
110,Dominica,2007,2,Female,34659.97268343502
110,Dominica,2008,2,Female,34549.50547088102
110,Dominica,2009,2,Female,34447.857514301235
110,Dominica,2010,2,Female,34351.6655467049
110,Dominica,2011,2,Female,34259.783559374824
110,Dominica,2012,2,Female,34172.00034194993
110,Dominica,2013,2,Female,34087.87776695084
110,Dominica,2014,2,Female,34007.37577127852
110,Dominica,2015,2,Female,33923.76478673895
110,Dominica,2016,2,Female,33844.9921766125
110,Dominica,2017,2,Female,33764.932038885745
110,Dominica,2018,2,Female,33688.21966935696
110,Dominica,2019,2,Female,33628.74455479994
110,Dominica,1990,3,Both,74004.89116525152
110,Dominica,1991,3,Both,73707.6586912246
110,Dominica,1992,3,Both,73396.22759214547
110,Dominica,1993,3,Both,73081.9833504149
110,Dominica,1994,3,Both,72762.86773733761
110,Dominica,1995,3,Both,72444.05456153197
110,Dominica,1996,3,Both,72133.79016195453
110,Dominica,1997,3,Both,71842.59453737615
110,Dominica,1998,3,Both,71569.77386800105
110,Dominica,1999,3,Both,71312.50277408841
110,Dominica,2000,3,Both,71075.53138133742
110,Dominica,2001,3,Both,70865.2009704985
110,Dominica,2002,3,Both,70683.60260398629
110,Dominica,2003,3,Both,70517.17206285997
110,Dominica,2004,3,Both,70366.83398113202
110,Dominica,2005,3,Both,70236.05091162116
110,Dominica,2006,3,Both,70117.25071606805
110,Dominica,2007,3,Both,70001.71065579534
110,Dominica,2008,3,Both,69894.7464973906
110,Dominica,2009,3,Both,69798.87662368079
110,Dominica,2010,3,Both,69704.59528862896
110,Dominica,2011,3,Both,69609.75847147101
110,Dominica,2012,3,Both,69513.41983485647
110,Dominica,2013,3,Both,69414.1084230477
110,Dominica,2014,3,Both,69310.57814705573
110,Dominica,2015,3,Both,69186.29686609768
110,Dominica,2016,3,Both,69062.20619662666
110,Dominica,2017,3,Both,68926.28042747188
110,Dominica,2018,3,Both,68788.4881893371
110,Dominica,2019,3,Both,68681.446979381
111,Dominican Republic,1990,1,Male,3530472.438738788
111,Dominican Republic,1991,1,Male,3596364.253437629
111,Dominican Republic,1992,1,Male,3665463.173272309
111,Dominican Republic,1993,1,Male,3738255.497720488
111,Dominican Republic,1994,1,Male,3814969.964978288
111,Dominican Republic,1995,1,Male,3894402.757035448
111,Dominican Republic,1996,1,Male,3975180.185152624
111,Dominican Republic,1997,1,Male,4056277.397942261
111,Dominican Republic,1998,1,Male,4137003.091006534
111,Dominican Republic,1999,1,Male,4216661.513149108
111,Dominican Republic,2000,1,Male,4294889.535017491
111,Dominican Republic,2001,1,Male,4371231.444480844
111,Dominican Republic,2002,1,Male,4444704.741948722
111,Dominican Republic,2003,1,Male,4513988.485827929
111,Dominican Republic,2004,1,Male,4578532.449089687
111,Dominican Republic,2005,1,Male,4639244.872223584
111,Dominican Republic,2006,1,Male,4697817.675657865
111,Dominican Republic,2007,1,Male,4755109.644808517
111,Dominican Republic,2008,1,Male,4812203.97305374
111,Dominican Republic,2009,1,Male,4869913.893839536
111,Dominican Republic,2010,1,Male,4928633.9368190095
111,Dominican Republic,2011,1,Male,4988563.529359664
111,Dominican Republic,2012,1,Male,5048748.005956732
111,Dominican Republic,2013,1,Male,5108471.400678916
111,Dominican Republic,2014,1,Male,5168214.504173805
111,Dominican Republic,2015,1,Male,5228195.317277984
111,Dominican Republic,2016,1,Male,5288269.810672938
111,Dominican Republic,2017,1,Male,5348809.914393214
111,Dominican Republic,2018,1,Male,5409870.194456536
111,Dominican Republic,2019,1,Male,5471402.817633586
111,Dominican Republic,1990,2,Female,3672658.1029263264
111,Dominican Republic,1991,2,Female,3753143.8974689785
111,Dominican Republic,1992,2,Female,3831997.863770607
111,Dominican Republic,1993,2,Female,3908570.8819259214
111,Dominican Republic,1994,2,Female,3982257.609083651
111,Dominican Republic,1995,2,Female,4053269.210512302
111,Dominican Republic,1996,2,Female,4121420.879761712
111,Dominican Republic,1997,2,Female,4186733.197460341
111,Dominican Republic,1998,2,Female,4249499.055084988
111,Dominican Republic,1999,2,Female,4310305.00684124
111,Dominican Republic,2000,2,Female,4369396.590862605
111,Dominican Republic,2001,2,Female,4426630.086414385
111,Dominican Republic,2002,2,Female,4482388.404559664
111,Dominican Republic,2003,2,Female,4536643.16086795
111,Dominican Republic,2004,2,Female,4588375.332426005
111,Dominican Republic,2005,2,Female,4637776.656813702
111,Dominican Republic,2006,2,Female,4686345.353098298
111,Dominican Republic,2007,2,Female,4735265.389026846
111,Dominican Republic,2008,2,Female,4785099.541329878
111,Dominican Republic,2009,2,Female,4835988.770914579
111,Dominican Republic,2010,2,Female,4888081.597903134
111,Dominican Republic,2011,2,Female,4941876.818675883
111,Dominican Republic,2012,2,Female,4997207.546376634
111,Dominican Republic,2013,2,Female,5053611.436163514
111,Dominican Republic,2014,2,Female,5111037.551386039
111,Dominican Republic,2015,2,Female,5169380.807963456
111,Dominican Republic,2016,2,Female,5228543.928820163
111,Dominican Republic,2017,2,Female,5288541.158969587
111,Dominican Republic,2018,2,Female,5349174.280702033
111,Dominican Republic,2019,2,Female,5410451.682740802
111,Dominican Republic,1990,3,Both,7203130.541665114
111,Dominican Republic,1991,3,Both,7349508.150906607
111,Dominican Republic,1992,3,Both,7497461.037042916
111,Dominican Republic,1993,3,Both,7646826.379646409
111,Dominican Republic,1994,3,Both,7797227.5740619395
111,Dominican Republic,1995,3,Both,7947671.96754775
111,Dominican Republic,1996,3,Both,8096601.064914336
111,Dominican Republic,1997,3,Both,8243010.595402601
111,Dominican Republic,1998,3,Both,8386502.146091522
111,Dominican Republic,1999,3,Both,8526966.519990347
111,Dominican Republic,2000,3,Both,8664286.125880096
111,Dominican Republic,2001,3,Both,8797861.530895228
111,Dominican Republic,2002,3,Both,8927093.146508386
111,Dominican Republic,2003,3,Both,9050631.64669588
111,Dominican Republic,2004,3,Both,9166907.781515691
111,Dominican Republic,2005,3,Both,9277021.529037286
111,Dominican Republic,2006,3,Both,9384163.028756164
111,Dominican Republic,2007,3,Both,9490375.033835365
111,Dominican Republic,2008,3,Both,9597303.514383618
111,Dominican Republic,2009,3,Both,9705902.664754117
111,Dominican Republic,2010,3,Both,9816715.534722144
111,Dominican Republic,2011,3,Both,9930440.348035546
111,Dominican Republic,2012,3,Both,10045955.552333366
111,Dominican Republic,2013,3,Both,10162082.836842429
111,Dominican Republic,2014,3,Both,10279252.055559844
111,Dominican Republic,2015,3,Both,10397576.12524144
111,Dominican Republic,2016,3,Both,10516813.739493102
111,Dominican Republic,2017,3,Both,10637351.0733628
111,Dominican Republic,2018,3,Both,10759044.47515857
111,Dominican Republic,2019,3,Both,10881854.500374388
112,Grenada,1990,1,Male,42122.36352062671
112,Grenada,1991,1,Male,42239.10945436845
112,Grenada,1992,1,Male,42587.90182943156
112,Grenada,1993,1,Male,43147.77032939297
112,Grenada,1994,1,Male,43902.30164042346
112,Grenada,1995,1,Male,44824.47522659045
112,Grenada,1996,1,Male,45881.882418110006
112,Grenada,1997,1,Male,47037.50409391517
112,Grenada,1998,1,Male,48246.5604381311
112,Grenada,1999,1,Male,49436.82397664907
112,Grenada,2000,1,Male,50547.01285861263
112,Grenada,2001,1,Male,51529.69752883285
112,Grenada,2002,1,Male,52313.86236512463
112,Grenada,2003,1,Male,52904.83253641515
112,Grenada,2004,1,Male,53310.979678766
112,Grenada,2005,1,Male,53561.8253747846
112,Grenada,2006,1,Male,53693.906907782686
112,Grenada,2007,1,Male,53730.532646454536
112,Grenada,2008,1,Male,53695.67412066535
112,Grenada,2009,1,Male,53613.37576626095
112,Grenada,2010,1,Male,53506.37764997032
112,Grenada,2011,1,Male,53397.12966820555
112,Grenada,2012,1,Male,53319.42961778374
112,Grenada,2013,1,Male,53263.5330303512
112,Grenada,2014,1,Male,53206.15130859362
112,Grenada,2015,1,Male,53145.24780011341
112,Grenada,2016,1,Male,53074.779946735856
112,Grenada,2017,1,Male,52995.57060825486
112,Grenada,2018,1,Male,52914.92527033892
112,Grenada,2019,1,Male,52832.48536702331
112,Grenada,1990,2,Female,43550.1176750681
112,Grenada,1991,2,Female,43645.77496235704
112,Grenada,1992,2,Female,44015.00220839805
112,Grenada,1993,2,Female,44604.75723928371
112,Grenada,1994,2,Female,45386.069260626056
112,Grenada,1995,2,Female,46337.4378838051
112,Grenada,1996,2,Female,47423.45388500016
112,Grenada,1997,2,Female,48600.21896955511
112,Grenada,1998,2,Female,49813.29390640676
112,Grenada,1999,2,Female,51006.32252410025
112,Grenada,2000,2,Female,52107.02509418222
112,Grenada,2001,2,Female,53030.11625905795
112,Grenada,2002,2,Female,53692.198849673805
112,Grenada,2003,2,Female,54112.53132657275
112,Grenada,2004,2,Female,54316.21295099757
112,Grenada,2005,2,Female,54339.14606073795
112,Grenada,2006,2,Female,54218.530081358185
112,Grenada,2007,2,Female,53984.7339472906
112,Grenada,2008,2,Female,53670.38005731453
112,Grenada,2009,2,Female,53305.22507914212
112,Grenada,2010,2,Female,52919.55353130027
112,Grenada,2011,2,Female,52541.14133635161
112,Grenada,2012,2,Female,52194.111709814606
112,Grenada,2013,2,Female,51875.56751003042
112,Grenada,2014,2,Female,51582.13048167193
112,Grenada,2015,2,Female,51311.224716636345
112,Grenada,2016,2,Female,51056.00720499465
112,Grenada,2017,2,Female,50814.0001469159
112,Grenada,2018,2,Female,50589.46470240084
112,Grenada,2019,2,Female,50382.78089625473
112,Grenada,1990,3,Both,85672.48119569481
112,Grenada,1991,3,Both,85884.88441672549
112,Grenada,1992,3,Both,86602.9040378296
112,Grenada,1993,3,Both,87752.52756867668
112,Grenada,1994,3,Both,89288.37090104952
112,Grenada,1995,3,Both,91161.91311039556
112,Grenada,1996,3,Both,93305.33630311016
112,Grenada,1997,3,Both,95637.72306347029
112,Grenada,1998,3,Both,98059.85434453786
112,Grenada,1999,3,Both,100443.14650074932
112,Grenada,2000,3,Both,102654.03795279484
112,Grenada,2001,3,Both,104559.8137878908
112,Grenada,2002,3,Both,106006.06121479844
112,Grenada,2003,3,Both,107017.36386298791
112,Grenada,2004,3,Both,107627.19262976357
112,Grenada,2005,3,Both,107900.97143552254
112,Grenada,2006,3,Both,107912.43698914089
112,Grenada,2007,3,Both,107715.26659374512
112,Grenada,2008,3,Both,107366.05417797988
112,Grenada,2009,3,Both,106918.60084540308
112,Grenada,2010,3,Both,106425.9311812706
112,Grenada,2011,3,Both,105938.27100455716
112,Grenada,2012,3,Both,105513.54132759834
112,Grenada,2013,3,Both,105139.10054038162
112,Grenada,2014,3,Both,104788.28179026554
112,Grenada,2015,3,Both,104456.47251674977
112,Grenada,2016,3,Both,104130.78715173052
112,Grenada,2017,3,Both,103809.57075517076
112,Grenada,2018,3,Both,103504.38997273977
112,Grenada,2019,3,Both,103215.26626327804
113,Guyana,1990,1,Male,380645.57033508783
113,Guyana,1991,1,Male,379347.5298642788
113,Guyana,1992,1,Male,378724.3366090978
113,Guyana,1993,1,Male,378592.2519051879
113,Guyana,1994,1,Male,378852.69391872425
113,Guyana,1995,1,Male,379423.2552544927
113,Guyana,1996,1,Male,380168.6711752793
113,Guyana,1997,1,Male,381065.8377299282
113,Guyana,1998,1,Male,382037.4960693363
113,Guyana,1999,1,Male,382986.28330571065
113,Guyana,2000,1,Male,383783.4356134624
113,Guyana,2001,1,Male,384237.801442849
113,Guyana,2002,1,Male,384213.4036910168
113,Guyana,2003,1,Male,383652.0033844345
113,Guyana,2004,1,Male,382657.4867478671
113,Guyana,2005,1,Male,381306.2475140845
113,Guyana,2006,1,Male,379716.64420731936
113,Guyana,2007,1,Male,377967.03806100105
113,Guyana,2008,1,Male,376087.8225970744
113,Guyana,2009,1,Male,374166.60723804217
113,Guyana,2010,1,Male,372242.1972455838
113,Guyana,2011,1,Male,370328.3347924074
113,Guyana,2012,1,Male,368480.5243376468
113,Guyana,2013,1,Male,366766.4625561903
113,Guyana,2014,1,Male,365244.3161059909
113,Guyana,2015,1,Male,363919.3909383053
113,Guyana,2016,1,Male,367917.1974712343
113,Guyana,2017,1,Male,377313.6835690357
113,Guyana,2018,1,Male,381888.2492573273
113,Guyana,2019,1,Male,381358.66368158703
113,Guyana,1990,2,Female,389419.1333617051
113,Guyana,1991,2,Female,388314.1654420176
113,Guyana,1992,2,Female,387624.990084513
113,Guyana,1993,2,Female,387168.7815339552
113,Guyana,1994,2,Female,386811.7919347888
113,Guyana,1995,2,Female,386515.550115357
113,Guyana,1996,2,Female,386198.0699163443
113,Guyana,1997,2,Female,385873.47426411824
113,Guyana,1998,2,Female,385546.9783175546
113,Guyana,1999,2,Female,385212.7051572788
113,Guyana,2000,2,Female,384769.5153339461
113,Guyana,2001,2,Female,384121.3946557929
113,Guyana,2002,2,Female,383285.3577683721
113,Guyana,2003,2,Female,382262.680652412
113,Guyana,2004,2,Female,381135.6911443843
113,Guyana,2005,2,Female,379959.2917818496
113,Guyana,2006,2,Female,378816.3920255906
113,Guyana,2007,2,Female,377735.0315850265
113,Guyana,2008,2,Female,376683.3482072246
113,Guyana,2009,2,Female,375722.0275662025
113,Guyana,2010,2,Female,374861.0729049929
113,Guyana,2011,2,Female,374085.0562290349
113,Guyana,2012,2,Female,373433.570079121
113,Guyana,2013,2,Female,372941.7531878019
113,Guyana,2014,2,Female,372628.748400352
113,Guyana,2015,2,Female,372435.45817891567
113,Guyana,2016,2,Female,376353.8420443122
113,Guyana,2017,2,Female,384485.1722282229
113,Guyana,2018,2,Female,388876.4058843441
113,Guyana,2019,2,Female,389346.5575687104
113,Guyana,1990,3,Both,770064.703696793
113,Guyana,1991,3,Both,767661.6953062965
113,Guyana,1992,3,Both,766349.3266936108
113,Guyana,1993,3,Both,765761.0334391431
113,Guyana,1994,3,Both,765664.485853513
113,Guyana,1995,3,Both,765938.8053698497
113,Guyana,1996,3,Both,766366.7410916237
113,Guyana,1997,3,Both,766939.3119940464
113,Guyana,1998,3,Both,767584.4743868909
113,Guyana,1999,3,Both,768198.9884629895
113,Guyana,2000,3,Both,768552.9509474084
113,Guyana,2001,3,Both,768359.196098642
113,Guyana,2002,3,Both,767498.761459389
113,Guyana,2003,3,Both,765914.6840368465
113,Guyana,2004,3,Both,763793.1778922514
113,Guyana,2005,3,Both,761265.5392959341
113,Guyana,2006,3,Both,758533.0362329099
113,Guyana,2007,3,Both,755702.0696460276
113,Guyana,2008,3,Both,752771.1708042991
113,Guyana,2009,3,Both,749888.6348042447
113,Guyana,2010,3,Both,747103.2701505767
113,Guyana,2011,3,Both,744413.3910214423
113,Guyana,2012,3,Both,741914.0944167677
113,Guyana,2013,3,Both,739708.2157439922
113,Guyana,2014,3,Both,737873.0645063429
113,Guyana,2015,3,Both,736354.849117221
113,Guyana,2016,3,Both,744271.0395155465
113,Guyana,2017,3,Both,761798.8557972587
113,Guyana,2018,3,Both,770764.6551416714
113,Guyana,2019,3,Both,770705.2212502974
114,Haiti,1990,1,Male,3087750.0307068843
114,Haiti,1991,1,Male,3168272.677718877
114,Haiti,1992,1,Male,3251175.4020315567
114,Haiti,1993,1,Male,3335488.940148661
114,Haiti,1994,1,Male,3421152.384163371
114,Haiti,1995,1,Male,3509094.297350103
114,Haiti,1996,1,Male,3598953.1861075475
114,Haiti,1997,1,Male,3690377.010433232
114,Haiti,1998,1,Male,3783663.241673032
114,Haiti,1999,1,Male,3879396.894612063
114,Haiti,2000,1,Male,3977612.803142655
114,Haiti,2001,1,Male,4078161.691872201
114,Haiti,2002,1,Male,4181012.920835202
114,Haiti,2003,1,Male,4286017.801425044
114,Haiti,2004,1,Male,4391383.220131815
114,Haiti,2005,1,Male,4498735.654266605
114,Haiti,2006,1,Male,4609792.510548187
114,Haiti,2007,1,Male,4722850.544576473
114,Haiti,2008,1,Male,4837583.371143818
114,Haiti,2009,1,Male,4953997.581991747
114,Haiti,2010,1,Male,5005145.182248369
114,Haiti,2011,1,Male,5054713.692693356
114,Haiti,2012,1,Male,5172185.456776136
114,Haiti,2013,1,Male,5291621.088866305
114,Haiti,2014,1,Male,5411396.265137229
114,Haiti,2015,1,Male,5531488.351566623
114,Haiti,2016,1,Male,5651541.386933794
114,Haiti,2017,1,Male,5771918.787324275
114,Haiti,2018,1,Male,5892857.705296134
114,Haiti,2019,1,Male,6014533.460942154
114,Haiti,1990,2,Female,3267978.750505112
114,Haiti,1991,2,Female,3353542.762784991
114,Haiti,1992,2,Female,3441734.1713181497
114,Haiti,1993,2,Female,3532022.8105579675
114,Haiti,1994,2,Female,3623861.69692794
114,Haiti,1995,2,Female,3717719.3772692257
114,Haiti,1996,2,Female,3813834.523120735
114,Haiti,1997,2,Female,3911966.240884303
114,Haiti,1998,2,Female,4012255.696450599
114,Haiti,1999,2,Female,4114962.137468888
114,Haiti,2000,2,Female,4220081.376701727
114,Haiti,2001,2,Female,4327346.927315246
114,Haiti,2002,2,Female,4436558.527381092
114,Haiti,2003,2,Female,4547476.805453201
114,Haiti,2004,2,Female,4658685.378488123
114,Haiti,2005,2,Female,4771209.040964173
114,Haiti,2006,2,Female,4886472.008429448
114,Haiti,2007,2,Female,5003727.472308146
114,Haiti,2008,2,Female,5122775.1071276
114,Haiti,2009,2,Female,5243494.538152134
114,Haiti,2010,2,Female,5322040.756549084
114,Haiti,2011,2,Female,5398885.01241723
114,Haiti,2012,2,Female,5520074.2102619335
114,Haiti,2013,2,Female,5643274.310599175
114,Haiti,2014,2,Female,5766938.27564068
114,Haiti,2015,2,Female,5890770.073570165
114,Haiti,2016,2,Female,6014485.874232875
114,Haiti,2017,2,Female,6138492.361638476
114,Haiti,2018,2,Female,6262846.605096453
114,Haiti,2019,2,Female,6387565.249783888
114,Haiti,1990,3,Both,6355728.781211996
114,Haiti,1991,3,Both,6521815.440503868
114,Haiti,1992,3,Both,6692909.573349706
114,Haiti,1993,3,Both,6867511.750706628
114,Haiti,1994,3,Both,7045014.081091311
114,Haiti,1995,3,Both,7226813.674619329
114,Haiti,1996,3,Both,7412787.709228283
114,Haiti,1997,3,Both,7602343.251317535
114,Haiti,1998,3,Both,7795918.93812363
114,Haiti,1999,3,Both,7994359.03208095
114,Haiti,2000,3,Both,8197694.179844381
114,Haiti,2001,3,Both,8405508.619187446
114,Haiti,2002,3,Both,8617571.448216293
114,Haiti,2003,3,Both,8833494.606878243
114,Haiti,2004,3,Both,9050068.59861994
114,Haiti,2005,3,Both,9269944.695230778
114,Haiti,2006,3,Both,9496264.518977636
114,Haiti,2007,3,Both,9726578.016884618
114,Haiti,2008,3,Both,9960358.47827142
114,Haiti,2009,3,Both,10197492.12014388
114,Haiti,2010,3,Both,10327185.938797452
114,Haiti,2011,3,Both,10453598.705110583
114,Haiti,2012,3,Both,10692259.667038068
114,Haiti,2013,3,Both,10934895.39946548
114,Haiti,2014,3,Both,11178334.540777909
114,Haiti,2015,3,Both,11422258.425136788
114,Haiti,2016,3,Both,11666027.26116667
114,Haiti,2017,3,Both,11910411.148962753
114,Haiti,2018,3,Both,12155704.310392588
114,Haiti,2019,3,Both,12402098.71072604
115,Jamaica,1990,1,Male,1160380.709642726
115,Jamaica,1991,1,Male,1169487.9048494997
115,Jamaica,1992,1,Male,1180686.8905957371
115,Jamaica,1993,1,Male,1193202.1392636914
115,Jamaica,1994,1,Male,1206683.223164763
115,Jamaica,1995,1,Male,1220828.553029987
115,Jamaica,1996,1,Male,1235332.888305669
115,Jamaica,1997,1,Male,1249824.95427441
115,Jamaica,1998,1,Male,1263894.6608400934
115,Jamaica,1999,1,Male,1277203.2527516554
115,Jamaica,2000,1,Male,1289722.537209012
115,Jamaica,2001,1,Male,1301330.637053033
115,Jamaica,2002,1,Male,1311840.55177367
115,Jamaica,2003,1,Male,1321551.4242923968
115,Jamaica,2004,1,Male,1330485.2822660652
115,Jamaica,2005,1,Male,1338751.9377627063
115,Jamaica,2006,1,Male,1346264.0922556603
115,Jamaica,2007,1,Male,1352456.552303261
115,Jamaica,2008,1,Male,1356945.7542018637
115,Jamaica,2009,1,Male,1360053.8060082633
115,Jamaica,2010,1,Male,1363456.165796972
115,Jamaica,2011,1,Male,1367227.9307807337
115,Jamaica,2012,1,Male,1371172.0009807425
115,Jamaica,2013,1,Male,1375696.6563451327
115,Jamaica,2014,1,Male,1379790.8620192362
115,Jamaica,2015,1,Male,1383338.8383750622
115,Jamaica,2016,1,Male,1386625.338246561
115,Jamaica,2017,1,Male,1389748.3307506845
115,Jamaica,2018,1,Male,1392749.4993936524
115,Jamaica,2019,1,Male,1395705.3947456984
115,Jamaica,1990,2,Female,1203315.6928101955
115,Jamaica,1991,2,Female,1212681.077329964
115,Jamaica,1992,2,Female,1224005.953610712
115,Jamaica,1993,2,Female,1236633.020037416
115,Jamaica,1994,2,Female,1250180.8153433085
115,Jamaica,1995,2,Female,1264391.889483482
115,Jamaica,1996,2,Female,1278892.4099255984
115,Jamaica,1997,2,Female,1293203.833038095
115,Jamaica,1998,2,Female,1307029.0343723542
115,Jamaica,1999,2,Female,1319978.2904272662
115,Jamaica,2000,2,Female,1331558.686515207
115,Jamaica,2001,2,Female,1341574.228802013
115,Jamaica,2002,2,Female,1350069.5090170824
115,Jamaica,2003,2,Female,1357452.6705730823
115,Jamaica,2004,2,Female,1363867.7909703555
115,Jamaica,2005,2,Female,1369577.2495642563
115,Jamaica,2006,2,Female,1374872.9858091597
115,Jamaica,2007,2,Female,1379622.7105459245
115,Jamaica,2008,2,Female,1383806.380837398
115,Jamaica,2009,2,Female,1387640.8447283795
115,Jamaica,2010,2,Female,1391283.4715368147
115,Jamaica,2011,2,Female,1394817.4543152514
115,Jamaica,2012,2,Female,1398208.8623301762
115,Jamaica,2013,2,Female,1401404.4487636357
115,Jamaica,2014,2,Female,1404118.6799328218
115,Jamaica,2015,2,Female,1406371.3030531546
115,Jamaica,2016,2,Female,1408590.6378919024
115,Jamaica,2017,2,Female,1410838.3665810826
115,Jamaica,2018,2,Female,1413016.6585961212
115,Jamaica,2019,2,Female,1415048.3890999595
115,Jamaica,1990,3,Both,2363696.402452922
115,Jamaica,1991,3,Both,2382168.9821794634
115,Jamaica,1992,3,Both,2404692.844206449
115,Jamaica,1993,3,Both,2429835.159301108
115,Jamaica,1994,3,Both,2456864.038508072
115,Jamaica,1995,3,Both,2485220.442513469
115,Jamaica,1996,3,Both,2514225.2982312674
115,Jamaica,1997,3,Both,2543028.787312505
115,Jamaica,1998,3,Both,2570923.695212448
115,Jamaica,1999,3,Both,2597181.5431789216
115,Jamaica,2000,3,Both,2621281.223724219
115,Jamaica,2001,3,Both,2642904.865855046
115,Jamaica,2002,3,Both,2661910.0607907525
115,Jamaica,2003,3,Both,2679004.094865479
115,Jamaica,2004,3,Both,2694353.073236421
115,Jamaica,2005,3,Both,2708329.1873269626
115,Jamaica,2006,3,Both,2721137.07806482
115,Jamaica,2007,3,Both,2732079.262849185
115,Jamaica,2008,3,Both,2740752.135039261
115,Jamaica,2009,3,Both,2747694.650736643
115,Jamaica,2010,3,Both,2754739.6373337866
115,Jamaica,2011,3,Both,2762045.3850959847
115,Jamaica,2012,3,Both,2769380.8633109187
115,Jamaica,2013,3,Both,2777101.105108768
115,Jamaica,2014,3,Both,2783909.541952058
115,Jamaica,2015,3,Both,2789710.141428217
115,Jamaica,2016,3,Both,2795215.976138463
115,Jamaica,2017,3,Both,2800586.697331767
115,Jamaica,2018,3,Both,2805766.157989773
115,Jamaica,2019,3,Both,2810753.783845658
116,Saint Lucia,1990,1,Male,66966.89806944554
116,Saint Lucia,1991,1,Male,67849.82189907867
116,Saint Lucia,1992,1,Male,68760.09399366497
116,Saint Lucia,1993,1,Male,69690.25019649179
116,Saint Lucia,1994,1,Male,70642.89050416568
116,Saint Lucia,1995,1,Male,71615.34040921305
116,Saint Lucia,1996,1,Male,72596.02587391643
116,Saint Lucia,1997,1,Male,73573.92381776363
116,Saint Lucia,1998,1,Male,74542.14763044922
116,Saint Lucia,1999,1,Male,75491.92268178484
116,Saint Lucia,2000,1,Male,76410.91713606479
116,Saint Lucia,2001,1,Male,77285.35225697835
116,Saint Lucia,2002,1,Male,78106.83025613161
116,Saint Lucia,2003,1,Male,78885.61135179404
116,Saint Lucia,2004,1,Male,79631.1655733103
116,Saint Lucia,2005,1,Male,80352.09472893583
116,Saint Lucia,2006,1,Male,81053.49381791256
116,Saint Lucia,2007,1,Male,81726.88329974657
116,Saint Lucia,2008,1,Male,82365.98181049016
116,Saint Lucia,2009,1,Male,82972.3032090685
116,Saint Lucia,2010,1,Male,83544.97104561963
116,Saint Lucia,2011,1,Male,84090.87734755875
116,Saint Lucia,2012,1,Male,84608.43691688884
116,Saint Lucia,2013,1,Male,85075.81264246699
116,Saint Lucia,2014,1,Male,85488.03506708833
116,Saint Lucia,2015,1,Male,85857.47204070169
116,Saint Lucia,2016,1,Male,86172.09862426498
116,Saint Lucia,2017,1,Male,86430.36533608426
116,Saint Lucia,2018,1,Male,86650.56607960905
116,Saint Lucia,2019,1,Male,86841.29830352547
116,Saint Lucia,1990,2,Female,70436.20712288514
116,Saint Lucia,1991,2,Female,71309.42187625171
116,Saint Lucia,1992,2,Female,72193.23643226898
116,Saint Lucia,1993,2,Female,73082.2315417773
116,Saint Lucia,1994,2,Female,73981.85366748135
116,Saint Lucia,1995,2,Female,74886.74902741963
116,Saint Lucia,1996,2,Female,75788.56240579064
116,Saint Lucia,1997,2,Female,76683.90238941353
116,Saint Lucia,1998,2,Female,77561.83150360413
116,Saint Lucia,1999,2,Female,78410.13659040007
116,Saint Lucia,2000,2,Female,79222.87739749106
116,Saint Lucia,2001,2,Female,79992.11042777981
116,Saint Lucia,2002,2,Female,80709.09735570497
116,Saint Lucia,2003,2,Female,81377.75279026707
116,Saint Lucia,2004,2,Female,82001.53131179378
116,Saint Lucia,2005,2,Female,82582.60699438678
116,Saint Lucia,2006,2,Female,83126.51946289845
116,Saint Lucia,2007,2,Female,83649.92718528742
116,Saint Lucia,2008,2,Female,84157.37101536183
116,Saint Lucia,2009,2,Female,84640.36411905187
116,Saint Lucia,2010,2,Female,85098.46503408517
116,Saint Lucia,2011,2,Female,85530.45545929944
116,Saint Lucia,2012,2,Female,85932.85976666416
116,Saint Lucia,2013,2,Female,86300.4768054279
116,Saint Lucia,2014,2,Female,86634.83371591037
116,Saint Lucia,2015,2,Female,86940.65826851389
116,Saint Lucia,2016,2,Female,87202.62266828562
116,Saint Lucia,2017,2,Female,87420.7009359454
116,Saint Lucia,2018,2,Female,87612.37043882732
116,Saint Lucia,2019,2,Female,87784.44205141785
116,Saint Lucia,1990,3,Both,137403.10519233067
116,Saint Lucia,1991,3,Both,139159.2437753304
116,Saint Lucia,1992,3,Both,140953.33042593396
116,Saint Lucia,1993,3,Both,142772.4817382691
116,Saint Lucia,1994,3,Both,144624.74417164703
116,Saint Lucia,1995,3,Both,146502.0894366327
116,Saint Lucia,1996,3,Both,148384.58827970707
116,Saint Lucia,1997,3,Both,150257.82620717716
116,Saint Lucia,1998,3,Both,152103.97913405337
116,Saint Lucia,1999,3,Both,153902.0592721849
116,Saint Lucia,2000,3,Both,155633.79453355583
116,Saint Lucia,2001,3,Both,157277.46268475815
116,Saint Lucia,2002,3,Both,158815.92761183658
116,Saint Lucia,2003,3,Both,160263.3641420611
116,Saint Lucia,2004,3,Both,161632.6968851041
116,Saint Lucia,2005,3,Both,162934.7017233226
116,Saint Lucia,2006,3,Both,164180.01328081102
116,Saint Lucia,2007,3,Both,165376.810485034
116,Saint Lucia,2008,3,Both,166523.352825852
116,Saint Lucia,2009,3,Both,167612.66732812035
116,Saint Lucia,2010,3,Both,168643.43607970478
116,Saint Lucia,2011,3,Both,169621.33280685818
116,Saint Lucia,2012,3,Both,170541.296683553
116,Saint Lucia,2013,3,Both,171376.2894478949
116,Saint Lucia,2014,3,Both,172122.8687829987
116,Saint Lucia,2015,3,Both,172798.13030921557
116,Saint Lucia,2016,3,Both,173374.7212925506
116,Saint Lucia,2017,3,Both,173851.06627202965
116,Saint Lucia,2018,3,Both,174262.93651843636
116,Saint Lucia,2019,3,Both,174625.74035494332
117,Saint Vincent and the Grenadines,1990,1,Male,54871.43652360928
117,Saint Vincent and the Grenadines,1991,1,Male,55083.93605773288
117,Saint Vincent and the Grenadines,1992,1,Male,55243.38848579109
117,Saint Vincent and the Grenadines,1993,1,Male,55357.36560473901
117,Saint Vincent and the Grenadines,1994,1,Male,55436.13999788733
117,Saint Vincent and the Grenadines,1995,1,Male,55483.47761470458
117,Saint Vincent and the Grenadines,1996,1,Male,55501.654247946695
117,Saint Vincent and the Grenadines,1997,1,Male,55504.39428467015
117,Saint Vincent and the Grenadines,1998,1,Male,55503.04371720046
117,Saint Vincent and the Grenadines,1999,1,Male,55501.50437545903
117,Saint Vincent and the Grenadines,2000,1,Male,55506.335751546285
117,Saint Vincent and the Grenadines,2001,1,Male,55534.61133151178
117,Saint Vincent and the Grenadines,2002,1,Male,55592.62709086905
117,Saint Vincent and the Grenadines,2003,1,Male,55674.61679581288
117,Saint Vincent and the Grenadines,2004,1,Male,55781.68334495183
117,Saint Vincent and the Grenadines,2005,1,Male,55908.8073803899
117,Saint Vincent and the Grenadines,2006,1,Male,56055.31064186746
117,Saint Vincent and the Grenadines,2007,1,Male,56218.46206853136
117,Saint Vincent and the Grenadines,2008,1,Male,56393.83649555944
117,Saint Vincent and the Grenadines,2009,1,Male,56576.03671375454
117,Saint Vincent and the Grenadines,2010,1,Male,56762.35880166331
117,Saint Vincent and the Grenadines,2011,1,Male,56949.991210354405
117,Saint Vincent and the Grenadines,2012,1,Male,57129.41113407456
117,Saint Vincent and the Grenadines,2013,1,Male,57284.1319327576
117,Saint Vincent and the Grenadines,2014,1,Male,57416.856769329446
117,Saint Vincent and the Grenadines,2015,1,Male,57532.3923155387
117,Saint Vincent and the Grenadines,2016,1,Male,57631.31354634763
117,Saint Vincent and the Grenadines,2017,1,Male,57717.96778580933
117,Saint Vincent and the Grenadines,2018,1,Male,57792.69195671496
117,Saint Vincent and the Grenadines,2019,1,Male,57857.93383626248
117,Saint Vincent and the Grenadines,1990,2,Female,55188.20271248722
117,Saint Vincent and the Grenadines,1991,2,Female,55189.8568182524
117,Saint Vincent and the Grenadines,1992,2,Female,55158.5845971633
117,Saint Vincent and the Grenadines,1993,2,Female,55099.2091060258
117,Saint Vincent and the Grenadines,1994,2,Female,55018.23946580952
117,Saint Vincent and the Grenadines,1995,2,Female,54931.16604562506
117,Saint Vincent and the Grenadines,1996,2,Female,54845.95460305766
117,Saint Vincent and the Grenadines,1997,2,Female,54760.082112398624
117,Saint Vincent and the Grenadines,1998,2,Female,54675.87904532286
117,Saint Vincent and the Grenadines,1999,2,Female,54594.40026992148
117,Saint Vincent and the Grenadines,2000,2,Female,54519.789746135335
117,Saint Vincent and the Grenadines,2001,2,Female,54460.652457330565
117,Saint Vincent and the Grenadines,2002,2,Female,54423.68758385485
117,Saint Vincent and the Grenadines,2003,2,Female,54408.2433633015
117,Saint Vincent and the Grenadines,2004,2,Female,54414.38791148656
117,Saint Vincent and the Grenadines,2005,2,Female,54438.42299313547
117,Saint Vincent and the Grenadines,2006,2,Female,54483.17063418042
117,Saint Vincent and the Grenadines,2007,2,Female,54547.78141188875
117,Saint Vincent and the Grenadines,2008,2,Female,54619.23536016811
117,Saint Vincent and the Grenadines,2009,2,Female,54688.74686203028
117,Saint Vincent and the Grenadines,2010,2,Female,54757.02782139307
117,Saint Vincent and the Grenadines,2011,2,Female,54822.151974440094
117,Saint Vincent and the Grenadines,2012,2,Female,54885.0288081059
117,Saint Vincent and the Grenadines,2013,2,Female,54946.07932330615
117,Saint Vincent and the Grenadines,2014,2,Female,55003.248614315096
117,Saint Vincent and the Grenadines,2015,2,Female,55059.29367704128
117,Saint Vincent and the Grenadines,2016,2,Female,55117.11922684473
117,Saint Vincent and the Grenadines,2017,2,Female,55174.67688608599
117,Saint Vincent and the Grenadines,2018,2,Female,55229.99081467386
117,Saint Vincent and the Grenadines,2019,2,Female,55285.73116111411
117,Saint Vincent and the Grenadines,1990,3,Both,110059.6392360965
117,Saint Vincent and the Grenadines,1991,3,Both,110273.7928759853
117,Saint Vincent and the Grenadines,1992,3,Both,110401.97308295438
117,Saint Vincent and the Grenadines,1993,3,Both,110456.5747107648
117,Saint Vincent and the Grenadines,1994,3,Both,110454.37946369684
117,Saint Vincent and the Grenadines,1995,3,Both,110414.64366032965
117,Saint Vincent and the Grenadines,1996,3,Both,110347.60885100436
117,Saint Vincent and the Grenadines,1997,3,Both,110264.47639706876
117,Saint Vincent and the Grenadines,1998,3,Both,110178.92276252332
117,Saint Vincent and the Grenadines,1999,3,Both,110095.9046453805
117,Saint Vincent and the Grenadines,2000,3,Both,110026.12549768164
117,Saint Vincent and the Grenadines,2001,3,Both,109995.26378884236
117,Saint Vincent and the Grenadines,2002,3,Both,110016.3146747239
117,Saint Vincent and the Grenadines,2003,3,Both,110082.86015911438
117,Saint Vincent and the Grenadines,2004,3,Both,110196.0712564384
117,Saint Vincent and the Grenadines,2005,3,Both,110347.23037352537
117,Saint Vincent and the Grenadines,2006,3,Both,110538.48127604788
117,Saint Vincent and the Grenadines,2007,3,Both,110766.24348042012
117,Saint Vincent and the Grenadines,2008,3,Both,111013.07185572755
117,Saint Vincent and the Grenadines,2009,3,Both,111264.7835757848
117,Saint Vincent and the Grenadines,2010,3,Both,111519.3866230564
117,Saint Vincent and the Grenadines,2011,3,Both,111772.1431847945
117,Saint Vincent and the Grenadines,2012,3,Both,112014.43994218046
117,Saint Vincent and the Grenadines,2013,3,Both,112230.21125606376
117,Saint Vincent and the Grenadines,2014,3,Both,112420.10538364456
117,Saint Vincent and the Grenadines,2015,3,Both,112591.68599257998
117,Saint Vincent and the Grenadines,2016,3,Both,112748.43277319235
117,Saint Vincent and the Grenadines,2017,3,Both,112892.64467189532
117,Saint Vincent and the Grenadines,2018,3,Both,113022.68277138882
117,Saint Vincent and the Grenadines,2019,3,Both,113143.6649973766
118,Suriname,1990,1,Male,194537.3771445486
118,Suriname,1991,1,Male,194978.7483487608
118,Suriname,1992,1,Male,195632.95271354096
118,Suriname,1993,1,Male,196152.20168474072
118,Suriname,1994,1,Male,197579.1730484808
118,Suriname,1995,1,Male,200902.5076998305
118,Suriname,1996,1,Male,205106.0464851758
118,Suriname,1997,1,Male,209734.55483328947
118,Suriname,1998,1,Male,214652.20287321808
118,Suriname,1999,1,Male,220087.29381181512
118,Suriname,2000,1,Male,225942.80308541845
118,Suriname,2001,1,Male,231986.9524293736
118,Suriname,2002,1,Male,238172.39765853804
118,Suriname,2003,1,Male,244106.26532423496
118,Suriname,2004,1,Male,249422.81532278488
118,Suriname,2005,1,Male,253982.1477349763
118,Suriname,2006,1,Male,257957.95489849924
118,Suriname,2007,1,Male,261165.5479422165
118,Suriname,2008,1,Male,263904.063765381
118,Suriname,2009,1,Male,266363.20978485537
118,Suriname,2010,1,Male,269598.8439879657
118,Suriname,2011,1,Male,273068.3614862194
118,Suriname,2012,1,Male,275745.38129588583
118,Suriname,2013,1,Male,277762.0841925938
118,Suriname,2014,1,Male,279080.6827687948
118,Suriname,2015,1,Male,280351.9169851436
118,Suriname,2016,1,Male,281566.98146267864
118,Suriname,2017,1,Male,282712.43232042744
118,Suriname,2018,1,Male,283787.1393260672
118,Suriname,2019,1,Male,284822.9817221996
118,Suriname,1990,2,Female,192070.12270893063
118,Suriname,1991,2,Female,192770.4929343685
118,Suriname,1992,2,Female,193702.6664880088
118,Suriname,1993,2,Female,194635.1008304443
118,Suriname,1994,2,Female,196342.76610613265
118,Suriname,1995,2,Female,199531.88735855863
118,Suriname,1996,2,Female,203445.5380593573
118,Suriname,1997,2,Female,207788.09411907624
118,Suriname,1998,2,Female,212495.77020154387
118,Suriname,1999,2,Female,217701.13023073
118,Suriname,2000,2,Female,223308.6872194537
118,Suriname,2001,2,Female,229154.5603211833
118,Suriname,2002,2,Female,235151.56623646992
118,Suriname,2003,2,Female,240997.49513107905
118,Suriname,2004,2,Female,246387.4037188628
118,Suriname,2005,2,Female,251171.5682587568
118,Suriname,2006,2,Female,255485.8749296504
118,Suriname,2007,2,Female,259190.90409026048
118,Suriname,2008,2,Female,262542.5997914432
118,Suriname,2009,2,Female,265663.2613752585
118,Suriname,2010,2,Female,269362.1412466662
118,Suriname,2011,2,Female,273243.1729694069
118,Suriname,2012,2,Female,276496.3364218762
118,Suriname,2013,2,Female,279242.3446093037
118,Suriname,2014,2,Female,281460.966432701
118,Suriname,2015,2,Female,283597.9432547522
118,Suriname,2016,2,Female,285619.29694492713
118,Suriname,2017,2,Female,287529.6686664782
118,Suriname,2018,2,Female,289337.5826668634
118,Suriname,2019,2,Female,291064.93509948853
118,Suriname,1990,3,Both,386607.49985347927
118,Suriname,1991,3,Both,387749.2412831293
118,Suriname,1992,3,Both,389335.6192015498
118,Suriname,1993,3,Both,390787.302515185
118,Suriname,1994,3,Both,393921.9391546134
118,Suriname,1995,3,Both,400434.3950583891
118,Suriname,1996,3,Both,408551.5845445332
118,Suriname,1997,3,Both,417522.6489523657
118,Suriname,1998,3,Both,427147.973074762
118,Suriname,1999,3,Both,437788.4240425451
118,Suriname,2000,3,Both,449251.49030487216
118,Suriname,2001,3,Both,461141.5127505569
118,Suriname,2002,3,Both,473323.963895008
118,Suriname,2003,3,Both,485103.760455314
118,Suriname,2004,3,Both,495810.2190416476
118,Suriname,2005,3,Both,505153.7159937331
118,Suriname,2006,3,Both,513443.8298281496
118,Suriname,2007,3,Both,520356.452032477
118,Suriname,2008,3,Both,526446.6635568242
118,Suriname,2009,3,Both,532026.4711601139
118,Suriname,2010,3,Both,538960.9852346319
118,Suriname,2011,3,Both,546311.5344556263
118,Suriname,2012,3,Both,552241.7177177621
118,Suriname,2013,3,Both,557004.4288018974
118,Suriname,2014,3,Both,560541.6492014958
118,Suriname,2015,3,Both,563949.8602398959
118,Suriname,2016,3,Both,567186.2784076058
118,Suriname,2017,3,Both,570242.1009869056
118,Suriname,2018,3,Both,573124.7219929305
118,Suriname,2019,3,Both,575887.9168216882
119,Trinidad and Tobago,1990,1,Male,601965.0516429301
119,Trinidad and Tobago,1991,1,Male,607175.2947134591
119,Trinidad and Tobago,1992,1,Male,612378.8911775119
119,Trinidad and Tobago,1993,1,Male,617452.3922981317
119,Trinidad and Tobago,1994,1,Male,622373.8896411576
119,Trinidad and Tobago,1995,1,Male,627306.2982093069
119,Trinidad and Tobago,1996,1,Male,632100.5906577499
119,Trinidad and Tobago,1997,1,Male,636699.0896687818
119,Trinidad and Tobago,1998,1,Male,641138.5249772276
119,Trinidad and Tobago,1999,1,Male,645147.6122213334
119,Trinidad and Tobago,2000,1,Male,648861.3252927319
119,Trinidad and Tobago,2001,1,Male,652231.610948718
119,Trinidad and Tobago,2002,1,Male,655272.7802375867
119,Trinidad and Tobago,2003,1,Male,658050.8990005287
119,Trinidad and Tobago,2004,1,Male,660648.3898442008
119,Trinidad and Tobago,2005,1,Male,663189.174536318
119,Trinidad and Tobago,2006,1,Male,665798.4458112161
119,Trinidad and Tobago,2007,1,Male,668505.5716912205
119,Trinidad and Tobago,2008,1,Male,671030.4841625487
119,Trinidad and Tobago,2009,1,Male,673540.4606140739
119,Trinidad and Tobago,2010,1,Male,676259.6081088074
119,Trinidad and Tobago,2011,1,Male,679132.8540966155
119,Trinidad and Tobago,2012,1,Male,682185.2260373115
119,Trinidad and Tobago,2013,1,Male,685187.0893642826
119,Trinidad and Tobago,2014,1,Male,687923.1830599403
119,Trinidad and Tobago,2015,1,Male,690347.2264993046
119,Trinidad and Tobago,2016,1,Male,692380.60377364
119,Trinidad and Tobago,2017,1,Male,694004.0313193124
119,Trinidad and Tobago,2018,1,Male,695261.6536468646
119,Trinidad and Tobago,2019,1,Male,696179.1448119307
119,Trinidad and Tobago,1990,2,Female,601042.4585564509
119,Trinidad and Tobago,1991,2,Female,605960.584781192
119,Trinidad and Tobago,1992,2,Female,610844.2473966249
119,Trinidad and Tobago,1993,2,Female,615584.0243182261
119,Trinidad and Tobago,1994,2,Female,620122.5251170802
119,Trinidad and Tobago,1995,2,Female,624530.27822643
119,Trinidad and Tobago,1996,2,Female,628835.653231965
119,Trinidad and Tobago,1997,2,Female,633025.2491587294
119,Trinidad and Tobago,1998,2,Female,636964.1814827523
119,Trinidad and Tobago,1999,2,Female,640554.900931198
119,Trinidad and Tobago,2000,2,Female,643912.4943974887
119,Trinidad and Tobago,2001,2,Female,647033.906870886
119,Trinidad and Tobago,2002,2,Female,649961.9791343343
119,Trinidad and Tobago,2003,2,Female,652686.2633648914
119,Trinidad and Tobago,2004,2,Female,655237.3255462747
119,Trinidad and Tobago,2005,2,Female,657772.2148616599
119,Trinidad and Tobago,2006,2,Female,660294.0143173297
119,Trinidad and Tobago,2007,2,Female,662808.208418437
119,Trinidad and Tobago,2008,2,Female,665320.0620531273
119,Trinidad and Tobago,2009,2,Female,667886.9428735346
119,Trinidad and Tobago,2010,2,Female,670573.9001635555
119,Trinidad and Tobago,2011,2,Female,673376.7709938774
119,Trinidad and Tobago,2012,2,Female,676303.4341876286
119,Trinidad and Tobago,2013,2,Female,679179.3655932995
119,Trinidad and Tobago,2014,2,Female,681859.7564879961
119,Trinidad and Tobago,2015,2,Female,684329.7019911382
119,Trinidad and Tobago,2016,2,Female,686521.8632129071
119,Trinidad and Tobago,2017,2,Female,688397.5907620563
119,Trinidad and Tobago,2018,2,Female,689975.9978293367
119,Trinidad and Tobago,2019,2,Female,691277.9380209624
119,Trinidad and Tobago,1990,3,Both,1203007.510199381
119,Trinidad and Tobago,1991,3,Both,1213135.879494651
119,Trinidad and Tobago,1992,3,Both,1223223.138574137
119,Trinidad and Tobago,1993,3,Both,1233036.416616358
119,Trinidad and Tobago,1994,3,Both,1242496.4147582378
119,Trinidad and Tobago,1995,3,Both,1251836.5764357368
119,Trinidad and Tobago,1996,3,Both,1260936.2438897148
119,Trinidad and Tobago,1997,3,Both,1269724.3388275113
119,Trinidad and Tobago,1998,3,Both,1278102.70645998
119,Trinidad and Tobago,1999,3,Both,1285702.513152531
119,Trinidad and Tobago,2000,3,Both,1292773.8196902203
119,Trinidad and Tobago,2001,3,Both,1299265.517819604
119,Trinidad and Tobago,2002,3,Both,1305234.759371921
119,Trinidad and Tobago,2003,3,Both,1310737.16236542
119,Trinidad and Tobago,2004,3,Both,1315885.7153904757
119,Trinidad and Tobago,2005,3,Both,1320961.389397978
119,Trinidad and Tobago,2006,3,Both,1326092.4601285458
119,Trinidad and Tobago,2007,3,Both,1331313.7801096574
119,Trinidad and Tobago,2008,3,Both,1336350.546215676
119,Trinidad and Tobago,2009,3,Both,1341427.4034876083
119,Trinidad and Tobago,2010,3,Both,1346833.5082723629
119,Trinidad and Tobago,2011,3,Both,1352509.625090493
119,Trinidad and Tobago,2012,3,Both,1358488.6602249402
119,Trinidad and Tobago,2013,3,Both,1364366.454957582
119,Trinidad and Tobago,2014,3,Both,1369782.9395479364
119,Trinidad and Tobago,2015,3,Both,1374676.928490443
119,Trinidad and Tobago,2016,3,Both,1378902.466986547
119,Trinidad and Tobago,2017,3,Both,1382401.6220813687
119,Trinidad and Tobago,2018,3,Both,1385237.6514762011
119,Trinidad and Tobago,2019,3,Both,1387457.0828328931
121,Bolivia (Plurinational State of),1990,1,Male,3175194.741311036
121,Bolivia (Plurinational State of),1991,1,Male,3254222.2804346746
121,Bolivia (Plurinational State of),1992,1,Male,3338695.547868559
121,Bolivia (Plurinational State of),1993,1,Male,3429193.5479724123
121,Bolivia (Plurinational State of),1994,1,Male,3525177.805870635
121,Bolivia (Plurinational State of),1995,1,Male,3625645.621687838
121,Bolivia (Plurinational State of),1996,1,Male,3729338.0502820895
121,Bolivia (Plurinational State of),1997,1,Male,3835191.239999976
121,Bolivia (Plurinational State of),1998,1,Male,3942205.308693664
121,Bolivia (Plurinational State of),1999,1,Male,4049460.364450051
121,Bolivia (Plurinational State of),2000,1,Male,4155909.943143936
121,Bolivia (Plurinational State of),2001,1,Male,4260320.165785927
121,Bolivia (Plurinational State of),2002,1,Male,4361084.38342022
121,Bolivia (Plurinational State of),2003,1,Male,4458027.075386655
121,Bolivia (Plurinational State of),2004,1,Male,4551489.690802922
121,Bolivia (Plurinational State of),2005,1,Male,4642059.496717855
121,Bolivia (Plurinational State of),2006,1,Male,4730470.121511304
121,Bolivia (Plurinational State of),2007,1,Male,4817889.654403098
121,Bolivia (Plurinational State of),2008,1,Male,4905591.191873022
121,Bolivia (Plurinational State of),2009,1,Male,4994619.048707406
121,Bolivia (Plurinational State of),2010,1,Male,5085884.619636001
121,Bolivia (Plurinational State of),2011,1,Male,5180009.646485767
121,Bolivia (Plurinational State of),2012,1,Male,5277477.922481966
121,Bolivia (Plurinational State of),2013,1,Male,5378531.1581472885
121,Bolivia (Plurinational State of),2014,1,Male,5482291.695319485
121,Bolivia (Plurinational State of),2015,1,Male,5587582.808095213
121,Bolivia (Plurinational State of),2016,1,Male,5693368.557507752
121,Bolivia (Plurinational State of),2017,1,Male,5799286.701540051
121,Bolivia (Plurinational State of),2018,1,Male,5905527.047676928
121,Bolivia (Plurinational State of),2019,1,Male,6012584.643144129
121,Bolivia (Plurinational State of),1990,2,Female,3245862.6613203497
121,Bolivia (Plurinational State of),1991,2,Female,3325276.5979001485
121,Bolivia (Plurinational State of),1992,2,Female,3409214.393505702
121,Bolivia (Plurinational State of),1993,2,Female,3498165.171510524
121,Bolivia (Plurinational State of),1994,2,Female,3591494.774139868
121,Bolivia (Plurinational State of),1995,2,Female,3688377.2832790776
121,Bolivia (Plurinational State of),1996,2,Female,3787789.543759938
121,Bolivia (Plurinational State of),1997,2,Female,3888810.9617711455
121,Bolivia (Plurinational State of),1998,2,Female,3990745.057885245
121,Bolivia (Plurinational State of),1999,2,Female,4092799.471416168
121,Bolivia (Plurinational State of),2000,2,Female,4193915.1164009166
121,Bolivia (Plurinational State of),2001,2,Female,4292840.311211915
121,Bolivia (Plurinational State of),2002,2,Female,4387956.632963236
121,Bolivia (Plurinational State of),2003,2,Female,4479496.063248809
121,Bolivia (Plurinational State of),2004,2,Female,4568075.760645444
121,Bolivia (Plurinational State of),2005,2,Female,4654328.269494968
121,Bolivia (Plurinational State of),2006,2,Female,4739241.479935223
121,Bolivia (Plurinational State of),2007,2,Female,4823883.244775457
121,Bolivia (Plurinational State of),2008,2,Female,4909303.427603986
121,Bolivia (Plurinational State of),2009,2,Female,4996482.954503278
121,Bolivia (Plurinational State of),2010,2,Female,5086113.184088883
121,Bolivia (Plurinational State of),2011,2,Female,5178872.796668201
121,Bolivia (Plurinational State of),2012,2,Female,5275262.8692975165
121,Bolivia (Plurinational State of),2013,2,Female,5375155.298474477
121,Bolivia (Plurinational State of),2014,2,Female,5477520.5939310165
121,Bolivia (Plurinational State of),2015,2,Female,5581219.448483589
121,Bolivia (Plurinational State of),2016,2,Female,5685306.502651446
121,Bolivia (Plurinational State of),2017,2,Female,5789462.55588573
121,Bolivia (Plurinational State of),2018,2,Female,5893914.578728367
121,Bolivia (Plurinational State of),2019,2,Female,5999164.892309386
121,Bolivia (Plurinational State of),1990,3,Both,6421057.402631385
121,Bolivia (Plurinational State of),1991,3,Both,6579498.878334823
121,Bolivia (Plurinational State of),1992,3,Both,6747909.941374261
121,Bolivia (Plurinational State of),1993,3,Both,6927358.719482937
121,Bolivia (Plurinational State of),1994,3,Both,7116672.580010504
121,Bolivia (Plurinational State of),1995,3,Both,7314022.904966916
121,Bolivia (Plurinational State of),1996,3,Both,7517127.594042027
121,Bolivia (Plurinational State of),1997,3,Both,7724002.201771122
121,Bolivia (Plurinational State of),1998,3,Both,7932950.366578909
121,Bolivia (Plurinational State of),1999,3,Both,8142259.835866218
121,Bolivia (Plurinational State of),2000,3,Both,8349825.059544852
121,Bolivia (Plurinational State of),2001,3,Both,8553160.476997843
121,Bolivia (Plurinational State of),2002,3,Both,8749041.016383456
121,Bolivia (Plurinational State of),2003,3,Both,8937523.138635464
121,Bolivia (Plurinational State of),2004,3,Both,9119565.451448364
121,Bolivia (Plurinational State of),2005,3,Both,9296387.766212825
121,Bolivia (Plurinational State of),2006,3,Both,9469711.601446528
121,Bolivia (Plurinational State of),2007,3,Both,9641772.899178555
121,Bolivia (Plurinational State of),2008,3,Both,9814894.619477008
121,Bolivia (Plurinational State of),2009,3,Both,9991102.003210684
121,Bolivia (Plurinational State of),2010,3,Both,10171997.803724883
121,Bolivia (Plurinational State of),2011,3,Both,10358882.443153968
121,Bolivia (Plurinational State of),2012,3,Both,10552740.791779485
121,Bolivia (Plurinational State of),2013,3,Both,10753686.456621764
121,Bolivia (Plurinational State of),2014,3,Both,10959812.2892505
121,Bolivia (Plurinational State of),2015,3,Both,11168802.256578805
121,Bolivia (Plurinational State of),2016,3,Both,11378675.060159195
121,Bolivia (Plurinational State of),2017,3,Both,11588749.25742578
121,Bolivia (Plurinational State of),2018,3,Both,11799441.626405297
121,Bolivia (Plurinational State of),2019,3,Both,12011749.535453515
122,Ecuador,1990,1,Male,4988472.362113629
122,Ecuador,1991,1,Male,5093919.947989601
122,Ecuador,1992,1,Male,5199750.470881872
122,Ecuador,1993,1,Male,5306991.808474166
122,Ecuador,1994,1,Male,5415952.423865246
122,Ecuador,1995,1,Male,5527136.559279406
122,Ecuador,1996,1,Male,5640319.543483102
122,Ecuador,1997,1,Male,5756109.395831361
122,Ecuador,1998,1,Male,5874557.086520356
122,Ecuador,1999,1,Male,5994900.643383609
122,Ecuador,2000,1,Male,6117474.943215063
122,Ecuador,2001,1,Male,6242052.705393667
122,Ecuador,2002,1,Male,6367989.987744834
122,Ecuador,2003,1,Male,6495033.284025013
122,Ecuador,2004,1,Male,6623315.664873656
122,Ecuador,2005,1,Male,6752391.719211262
122,Ecuador,2006,1,Male,6882533.2916690335
122,Ecuador,2007,1,Male,7013945.330454694
122,Ecuador,2008,1,Male,7146191.433862232
122,Ecuador,2009,1,Male,7279546.587574024
122,Ecuador,2010,1,Male,7413691.894287396
122,Ecuador,2011,1,Male,7547964.790630006
122,Ecuador,2012,1,Male,7682628.394877695
122,Ecuador,2013,1,Male,7817354.944437
122,Ecuador,2014,1,Male,7950031.526251952
122,Ecuador,2015,1,Male,8083293.1592188
122,Ecuador,2016,1,Male,8252629.480324968
122,Ecuador,2017,1,Male,8454289.053722767
122,Ecuador,2018,1,Male,8621742.500310235
122,Ecuador,2019,1,Male,8756236.978266496
122,Ecuador,1990,2,Female,5037708.741112058
122,Ecuador,1991,2,Female,5146786.572332385
122,Ecuador,1992,2,Female,5256413.684651665
122,Ecuador,1993,2,Female,5367407.967230305
122,Ecuador,1994,2,Female,5480517.189939864
122,Ecuador,1995,2,Female,5596165.07106773
122,Ecuador,1996,2,Female,5714060.7502608495
122,Ecuador,1997,2,Female,5834553.845369561
122,Ecuador,1998,2,Female,5957651.460671117
122,Ecuador,1999,2,Female,6082769.54273194
122,Ecuador,2000,2,Female,6209778.913698441
122,Ecuador,2001,2,Female,6339267.518063152
122,Ecuador,2002,2,Female,6469730.630468661
122,Ecuador,2003,2,Female,6599243.48037561
122,Ecuador,2004,2,Female,6729254.2671407
122,Ecuador,2005,2,Female,6859933.994760826
122,Ecuador,2006,2,Female,6990849.652000614
122,Ecuador,2007,2,Female,7122636.737597366
122,Ecuador,2008,2,Female,7255787.485045562
122,Ecuador,2009,2,Female,7389999.541997114
122,Ecuador,2010,2,Female,7524801.920667481
122,Ecuador,2011,2,Female,7660414.896278049
122,Ecuador,2012,2,Female,7795853.123597169
122,Ecuador,2013,2,Female,7929891.909965158
122,Ecuador,2014,2,Female,8061916.810408368
122,Ecuador,2015,2,Female,8194406.088252817
122,Ecuador,2016,2,Female,8354687.796352276
122,Ecuador,2017,2,Female,8539682.792851297
122,Ecuador,2018,2,Female,8698513.28329115
122,Ecuador,2019,2,Female,8832155.341906553
122,Ecuador,1990,3,Both,10026181.103225688
122,Ecuador,1991,3,Both,10240706.520321986
122,Ecuador,1992,3,Both,10456164.155533535
122,Ecuador,1993,3,Both,10674399.775704471
122,Ecuador,1994,3,Both,10896469.61380511
122,Ecuador,1995,3,Both,11123301.630347136
122,Ecuador,1996,3,Both,11354380.293743951
122,Ecuador,1997,3,Both,11590663.241200922
122,Ecuador,1998,3,Both,11832208.547191473
122,Ecuador,1999,3,Both,12077670.18611555
122,Ecuador,2000,3,Both,12327253.856913503
122,Ecuador,2001,3,Both,12581320.22345682
122,Ecuador,2002,3,Both,12837720.618213495
122,Ecuador,2003,3,Both,13094276.764400622
122,Ecuador,2004,3,Both,13352569.932014355
122,Ecuador,2005,3,Both,13612325.713972088
122,Ecuador,2006,3,Both,13873382.943669649
122,Ecuador,2007,3,Both,14136582.06805206
122,Ecuador,2008,3,Both,14401978.918907791
122,Ecuador,2009,3,Both,14669546.129571138
122,Ecuador,2010,3,Both,14938493.814954877
122,Ecuador,2011,3,Both,15208379.686908055
122,Ecuador,2012,3,Both,15478481.518474864
122,Ecuador,2013,3,Both,15747246.854402158
122,Ecuador,2014,3,Both,16011948.33666032
122,Ecuador,2015,3,Both,16277699.247471618
122,Ecuador,2016,3,Both,16607317.276677243
122,Ecuador,2017,3,Both,16993971.846574064
122,Ecuador,2018,3,Both,17320255.783601385
122,Ecuador,2019,3,Both,17588392.320173047
123,Peru,1990,1,Male,10813103.49247266
123,Peru,1991,1,Male,11008404.492832214
123,Peru,1992,1,Male,11203508.73586808
123,Peru,1993,1,Male,11398512.00107186
123,Peru,1994,1,Male,11593072.620287756
123,Peru,1995,1,Male,11787433.258446325
123,Peru,1996,1,Male,11980408.981877606
123,Peru,1997,1,Male,12171358.420930345
123,Peru,1998,1,Male,12359410.282999512
123,Peru,1999,1,Male,12545388.659893945
123,Peru,2000,1,Male,12729011.478231872
123,Peru,2001,1,Male,12910032.599058265
123,Peru,2002,1,Male,13088850.5107569
123,Peru,2003,1,Male,13264264.786689283
123,Peru,2004,1,Male,13436581.322443426
123,Peru,2005,1,Male,13606840.051031876
123,Peru,2006,1,Male,13775634.08505076
123,Peru,2007,1,Male,13944647.429329583
123,Peru,2008,1,Male,14115673.791249406
123,Peru,2009,1,Male,14298150.959849035
123,Peru,2010,1,Male,14504701.981218262
123,Peru,2011,1,Male,14753578.56422985
123,Peru,2012,1,Male,15062090.5046775
123,Peru,2013,1,Male,15448374.14177289
123,Peru,2014,1,Male,15816413.762486938
123,Peru,2015,1,Male,16117888.880778655
123,Peru,2016,1,Male,16368314.13432971
123,Peru,2017,1,Male,16678141.255688168
123,Peru,2018,1,Male,16897380.59119845
123,Peru,2019,1,Male,17033385.57491566
123,Peru,1990,2,Female,10916833.962505843
123,Peru,1991,2,Female,11121603.192848038
123,Peru,1992,2,Female,11320641.402257694
123,Peru,1993,2,Female,11515566.80436837
123,Peru,1994,2,Female,11705446.931084624
123,Peru,1995,2,Female,11890240.687216926
123,Peru,1996,2,Female,12072692.012212832
123,Peru,1997,2,Female,12253530.193410205
123,Peru,1998,2,Female,12430904.595299026
123,Peru,1999,2,Female,12606149.08480613
123,Peru,2000,2,Female,12779079.199606812
123,Peru,2001,2,Female,12949311.215930631
123,Peru,2002,2,Female,13117008.82582468
123,Peru,2003,2,Female,13280335.951576788
123,Peru,2004,2,Female,13440800.101804849
123,Peru,2005,2,Female,13599801.292298889
123,Peru,2006,2,Female,13757366.436019924
123,Peru,2007,2,Female,13912757.67800249
123,Peru,2008,2,Female,14062710.54457249
123,Peru,2009,2,Female,14221194.823797286
123,Peru,2010,2,Female,14406009.005285354
123,Peru,2011,2,Female,14639004.05572486
123,Peru,2012,2,Female,14940377.07338943
123,Peru,2013,2,Female,15330839.215027507
123,Peru,2014,2,Female,15701893.02651825
123,Peru,2015,2,Female,16005480.149688063
123,Peru,2016,2,Female,16254191.756003426
123,Peru,2017,2,Female,16556887.213400532
123,Peru,2018,2,Female,16790885.957689624
123,Peru,2019,2,Female,16962011.80993931
123,Peru,1990,3,Both,21729937.454978503
123,Peru,1991,3,Both,22130007.68568025
123,Peru,1992,3,Both,22524150.138125774
123,Peru,1993,3,Both,22914078.805440232
123,Peru,1994,3,Both,23298519.551372383
123,Peru,1995,3,Both,23677673.94566325
123,Peru,1996,3,Both,24053100.99409044
123,Peru,1997,3,Both,24424888.614340544
123,Peru,1998,3,Both,24790314.878298536
123,Peru,1999,3,Both,25151537.744700074
123,Peru,2000,3,Both,25508090.677838687
123,Peru,2001,3,Both,25859343.814988893
123,Peru,2002,3,Both,26205859.33658158
123,Peru,2003,3,Both,26544600.73826608
123,Peru,2004,3,Both,26877381.424248274
123,Peru,2005,3,Both,27206641.343330767
123,Peru,2006,3,Both,27533000.52107068
123,Peru,2007,3,Both,27857405.10733208
123,Peru,2008,3,Both,28178384.335821897
123,Peru,2009,3,Both,28519345.783646323
123,Peru,2010,3,Both,28910710.986503616
123,Peru,2011,3,Both,29392582.61995471
123,Peru,2012,3,Both,30002467.57806693
123,Peru,2013,3,Both,30779213.3568004
123,Peru,2014,3,Both,31518306.789005183
123,Peru,2015,3,Both,32123369.03046672
123,Peru,2016,3,Both,32622505.89033313
123,Peru,2017,3,Both,33235028.4690887
123,Peru,2018,3,Both,33688266.54888808
123,Peru,2019,3,Both,33995397.38485497
125,Colombia,1990,1,Male,16081997.248517811
125,Colombia,1991,1,Male,16432306.420792894
125,Colombia,1992,1,Male,16791800.32108703
125,Colombia,1993,1,Male,17158943.89338265
125,Colombia,1994,1,Male,17527903.66992388
125,Colombia,1995,1,Male,17894654.12829326
125,Colombia,1996,1,Male,18256548.442820776
125,Colombia,1997,1,Male,18613432.54956017
125,Colombia,1998,1,Male,18965626.81954745
125,Colombia,1999,1,Male,19309002.43308609
125,Colombia,2000,1,Male,19640190.38229855
125,Colombia,2001,1,Male,19957392.3396771
125,Colombia,2002,1,Male,20250889.56997812
125,Colombia,2003,1,Male,20528636.760189347
125,Colombia,2004,1,Male,20797971.63347996
125,Colombia,2005,1,Male,21049672.22225292
125,Colombia,2006,1,Male,21278558.069503546
125,Colombia,2007,1,Male,21482437.891438
125,Colombia,2008,1,Male,21661745.73457422
125,Colombia,2009,1,Male,21812895.43364114
125,Colombia,2010,1,Male,21939069.28074845
125,Colombia,2011,1,Male,22048289.87881549
125,Colombia,2012,1,Male,22143646.98730515
125,Colombia,2013,1,Male,22226832.38832564
125,Colombia,2014,1,Male,22308761.54425947
125,Colombia,2015,1,Male,22411291.75609573
125,Colombia,2016,1,Male,22674730.281923227
125,Colombia,2017,1,Male,23060676.409688912
125,Colombia,2018,1,Male,23278071.399455216
125,Colombia,2019,1,Male,23349986.800937817
125,Colombia,1990,2,Female,16465501.630902551
125,Colombia,1991,2,Female,16846143.677874323
125,Colombia,1992,2,Female,17239939.33540368
125,Colombia,1993,2,Female,17641230.234153796
125,Colombia,1994,2,Female,18042537.20080444
125,Colombia,1995,2,Female,18439073.71339436
125,Colombia,1996,2,Female,18828706.703373108
125,Colombia,1997,2,Female,19210762.62265691
125,Colombia,1998,2,Female,19584135.99399213
125,Colombia,1999,2,Female,19946443.891612537
125,Colombia,2000,2,Female,20296024.321758047
125,Colombia,2001,2,Female,20630946.431121856
125,Colombia,2002,2,Female,20948395.59221452
125,Colombia,2003,2,Female,21247915.86667733
125,Colombia,2004,2,Female,21529639.148352567
125,Colombia,2005,2,Female,21791102.52388311
125,Colombia,2006,2,Female,22028351.896658976
125,Colombia,2007,2,Female,22242836.522609387
125,Colombia,2008,2,Female,22436427.0537996
125,Colombia,2009,2,Female,22610330.073004365
125,Colombia,2010,2,Female,22767078.13472545
125,Colombia,2011,2,Female,22911480.65116489
125,Colombia,2012,2,Female,23046999.22292872
125,Colombia,2013,2,Female,23175526.846110214
125,Colombia,2014,2,Female,23302780.129389565
125,Colombia,2015,2,Female,23444932.288467444
125,Colombia,2016,2,Female,23711820.655064084
125,Colombia,2017,2,Female,24073393.60553924
125,Colombia,2018,2,Female,24306056.81260055
125,Colombia,2019,2,Female,24426692.20459089
125,Colombia,1990,3,Both,32547498.87942036
125,Colombia,1991,3,Both,33278450.09866722
125,Colombia,1992,3,Both,34031739.656490706
125,Colombia,1993,3,Both,34800174.127536446
125,Colombia,1994,3,Both,35570440.87072832
125,Colombia,1995,3,Both,36333727.84168762
125,Colombia,1996,3,Both,37085255.146193884
125,Colombia,1997,3,Both,37824195.172217086
125,Colombia,1998,3,Both,38549762.81353958
125,Colombia,1999,3,Both,39255446.32469863
125,Colombia,2000,3,Both,39936214.7040566
125,Colombia,2001,3,Both,40588338.77079895
125,Colombia,2002,3,Both,41199285.16219263
125,Colombia,2003,3,Both,41776552.62686668
125,Colombia,2004,3,Both,42327610.78183253
125,Colombia,2005,3,Both,42840774.74613603
125,Colombia,2006,3,Both,43306909.966162525
125,Colombia,2007,3,Both,43725274.41404738
125,Colombia,2008,3,Both,44098172.78837382
125,Colombia,2009,3,Both,44423225.5066455
125,Colombia,2010,3,Both,44706147.41547389
125,Colombia,2011,3,Both,44959770.529980384
125,Colombia,2012,3,Both,45190646.21023388
125,Colombia,2013,3,Both,45402359.23443585
125,Colombia,2014,3,Both,45611541.67364904
125,Colombia,2015,3,Both,45856224.04456317
125,Colombia,2016,3,Both,46386550.93698731
125,Colombia,2017,3,Both,47134070.01522815
125,Colombia,2018,3,Both,47584128.212055765
125,Colombia,2019,3,Both,47776679.00552871
126,Costa Rica,1990,1,Male,1521734.7497111906
126,Costa Rica,1991,1,Male,1567900.5222920156
126,Costa Rica,1992,1,Male,1614102.9993292403
126,Costa Rica,1993,1,Male,1660168.6515259657
126,Costa Rica,1994,1,Male,1705842.768564443
126,Costa Rica,1995,1,Male,1750646.96162271
126,Costa Rica,1996,1,Male,1794458.389975105
126,Costa Rica,1997,1,Male,1836824.895655393
126,Costa Rica,1998,1,Male,1877014.406897924
126,Costa Rica,1999,1,Male,1914274.6503963445
126,Costa Rica,2000,1,Male,1948104.5844078488
126,Costa Rica,2001,1,Male,1978219.3144475613
126,Costa Rica,2002,1,Male,2005030.681456486
126,Costa Rica,2003,1,Male,2029105.404054026
126,Costa Rica,2004,1,Male,2050765.4644993383
126,Costa Rica,2005,1,Male,2070760.03031261
126,Costa Rica,2006,1,Male,2089333.654132668
126,Costa Rica,2007,1,Male,2106971.243738455
126,Costa Rica,2008,1,Male,2124122.5209418843
126,Costa Rica,2009,1,Male,2140548.5111150057
126,Costa Rica,2010,1,Male,2155888.882970816
126,Costa Rica,2011,1,Male,2170654.1185197257
126,Costa Rica,2012,1,Male,2185880.8370778896
126,Costa Rica,2013,1,Male,2201203.3616567547
126,Costa Rica,2014,1,Male,2216449.812014141
126,Costa Rica,2015,1,Male,2231312.152402785
126,Costa Rica,2016,1,Male,2245454.7461473173
126,Costa Rica,2017,1,Male,2258986.522967594
126,Costa Rica,2018,1,Male,2272041.679456998
126,Costa Rica,2019,1,Male,2284706.495215408
126,Costa Rica,1990,2,Female,1518189.2167939015
126,Costa Rica,1991,2,Female,1564102.6821423257
126,Costa Rica,1992,2,Female,1610142.794207998
126,Costa Rica,1993,2,Female,1656156.6081797497
126,Costa Rica,1994,2,Female,1701823.8247543725
126,Costa Rica,1995,2,Female,1746851.6833180904
126,Costa Rica,1996,2,Female,1791156.9609334087
126,Costa Rica,1997,2,Female,1834448.2018836115
126,Costa Rica,1998,2,Female,1876082.1764300093
126,Costa Rica,1999,2,Female,1915525.801673737
126,Costa Rica,2000,2,Female,1952458.7489651584
126,Costa Rica,2001,2,Female,1986560.971750161
126,Costa Rica,2002,2,Female,2018348.4967656385
126,Costa Rica,2003,2,Female,2048337.194473898
126,Costa Rica,2004,2,Female,2076757.3121167235
126,Costa Rica,2005,2,Female,2104112.2090833127
126,Costa Rica,2006,2,Female,2130660.366001304
126,Costa Rica,2007,2,Female,2156888.2819145177
126,Costa Rica,2008,2,Female,2182900.9120975947
126,Costa Rica,2009,2,Female,2208235.3203797773
126,Costa Rica,2010,2,Female,2232716.005132112
126,Costa Rica,2011,2,Female,2256629.8757959683
126,Costa Rica,2012,2,Female,2280393.926463773
126,Costa Rica,2013,2,Female,2303816.240146079
126,Costa Rica,2014,2,Female,2326884.731555935
126,Costa Rica,2015,2,Female,2349485.252690374
126,Costa Rica,2016,2,Female,2371290.0635901536
126,Costa Rica,2017,2,Female,2392206.918194304
126,Costa Rica,2018,2,Female,2412420.030376492
126,Costa Rica,2019,2,Female,2432037.3173131435
126,Costa Rica,1990,3,Both,3039923.966505092
126,Costa Rica,1991,3,Both,3132003.2044343413
126,Costa Rica,1992,3,Both,3224245.793537238
126,Costa Rica,1993,3,Both,3316325.259705716
126,Costa Rica,1994,3,Both,3407666.593318816
126,Costa Rica,1995,3,Both,3497498.6449408
126,Costa Rica,1996,3,Both,3585615.3509085136
126,Costa Rica,1997,3,Both,3671273.097539005
126,Costa Rica,1998,3,Both,3753096.5833279327
126,Costa Rica,1999,3,Both,3829800.452070081
126,Costa Rica,2000,3,Both,3900563.333373008
126,Costa Rica,2001,3,Both,3964780.286197723
126,Costa Rica,2002,3,Both,4023379.178222124
126,Costa Rica,2003,3,Both,4077442.598527924
126,Costa Rica,2004,3,Both,4127522.776616062
126,Costa Rica,2005,3,Both,4174872.239395923
126,Costa Rica,2006,3,Both,4219994.020133971
126,Costa Rica,2007,3,Both,4263859.525652973
126,Costa Rica,2008,3,Both,4307023.433039479
126,Costa Rica,2009,3,Both,4348783.831494783
126,Costa Rica,2010,3,Both,4388604.888102928
126,Costa Rica,2011,3,Both,4427283.994315694
126,Costa Rica,2012,3,Both,4466274.763541663
126,Costa Rica,2013,3,Both,4505019.601802833
126,Costa Rica,2014,3,Both,4543334.543570076
126,Costa Rica,2015,3,Both,4580797.405093159
126,Costa Rica,2016,3,Both,4616744.809737471
126,Costa Rica,2017,3,Both,4651193.441161898
126,Costa Rica,2018,3,Both,4684461.70983349
126,Costa Rica,2019,3,Both,4716743.812528552
127,El Salvador,1990,1,Male,2571708.434145161
127,El Salvador,1991,1,Male,2597244.749349769
127,El Salvador,1992,1,Male,2622888.8997140247
127,El Salvador,1993,1,Male,2648571.011343047
127,El Salvador,1994,1,Male,2673415.093174258
127,El Salvador,1995,1,Male,2697036.621520135
127,El Salvador,1996,1,Male,2719406.1489841305
127,El Salvador,1997,1,Male,2739985.148880217
127,El Salvador,1998,1,Male,2757383.1867461307
127,El Salvador,1999,1,Male,2772464.8331535314
127,El Salvador,2000,1,Male,2785619.807672587
127,El Salvador,2001,1,Male,2795807.53235917
127,El Salvador,2002,1,Male,2804091.3733967384
127,El Salvador,2003,1,Male,2810596.278842142
127,El Salvador,2004,1,Male,2814926.653207873
127,El Salvador,2005,1,Male,2817996.4831186794
127,El Salvador,2006,1,Male,2820564.858479023
127,El Salvador,2007,1,Male,2823469.4006218323
127,El Salvador,2008,1,Male,2827603.0208756346
127,El Salvador,2009,1,Male,2832674.85653205
127,El Salvador,2010,1,Male,2839396.0374537786
127,El Salvador,2011,1,Male,2848127.4428253435
127,El Salvador,2012,1,Male,2857394.719157278
127,El Salvador,2013,1,Male,2867003.414318459
127,El Salvador,2014,1,Male,2876298.5742613687
127,El Salvador,2015,1,Male,2884908.866124688
127,El Salvador,2016,1,Male,2895048.111357467
127,El Salvador,2017,1,Male,2906867.437513937
127,El Salvador,2018,1,Male,2918892.7062373324
127,El Salvador,2019,1,Male,2931169.2588941944
127,El Salvador,1990,2,Female,2695809.22862303
127,El Salvador,1991,2,Female,2732320.2991667963
127,El Salvador,1992,2,Female,2769409.5470345872
127,El Salvador,1993,2,Female,2806509.7821364715
127,El Salvador,1994,2,Female,2843045.2416355973
127,El Salvador,1995,2,Female,2878730.5420663804
127,El Salvador,1996,2,Female,2912798.349769776
127,El Salvador,1997,2,Female,2944418.5993245225
127,El Salvador,1998,2,Female,2973496.123662784
127,El Salvador,1999,2,Female,2999938.700207625
127,El Salvador,2000,2,Female,3023659.7492992748
127,El Salvador,2001,2,Female,3044118.5679720147
127,El Salvador,2002,2,Female,3061729.086791566
127,El Salvador,2003,2,Female,3077185.078846163
127,El Salvador,2004,2,Female,3090725.124353799
127,El Salvador,2005,2,Female,3103063.430570423
127,El Salvador,2006,2,Female,3114956.0756735634
127,El Salvador,2007,2,Female,3127006.2688332098
127,El Salvador,2008,2,Female,3139743.5350226387
127,El Salvador,2009,2,Female,3153082.0737815704
127,El Salvador,2010,2,Female,3167395.862898957
127,El Salvador,2011,2,Female,3183038.463269195
127,El Salvador,2012,2,Female,3199647.821033586
127,El Salvador,2013,2,Female,3216821.4171283715
127,El Salvador,2014,2,Female,3234131.310325492
127,El Salvador,2015,2,Female,3251706.6173471822
127,El Salvador,2016,2,Female,3269947.735740148
127,El Salvador,2017,2,Female,3288550.8241486787
127,El Salvador,2018,2,Female,3306840.47614234
127,El Salvador,2019,2,Female,3324973.597261472
127,El Salvador,1990,3,Both,5267517.662768191
127,El Salvador,1991,3,Both,5329565.048516565
127,El Salvador,1992,3,Both,5392298.446748612
127,El Salvador,1993,3,Both,5455080.793479519
127,El Salvador,1994,3,Both,5516460.334809855
127,El Salvador,1995,3,Both,5575767.163586516
127,El Salvador,1996,3,Both,5632204.498753906
127,El Salvador,1997,3,Both,5684403.74820474
127,El Salvador,1998,3,Both,5730879.310408914
127,El Salvador,1999,3,Both,5772403.5333611565
127,El Salvador,2000,3,Both,5809279.556971862
127,El Salvador,2001,3,Both,5839926.100331184
127,El Salvador,2002,3,Both,5865820.460188305
127,El Salvador,2003,3,Both,5887781.357688305
127,El Salvador,2004,3,Both,5905651.777561672
127,El Salvador,2005,3,Both,5921059.913689102
127,El Salvador,2006,3,Both,5935520.934152586
127,El Salvador,2007,3,Both,5950475.669455042
127,El Salvador,2008,3,Both,5967346.555898273
127,El Salvador,2009,3,Both,5985756.930313621
127,El Salvador,2010,3,Both,6006791.900352736
127,El Salvador,2011,3,Both,6031165.906094538
127,El Salvador,2012,3,Both,6057042.540190863
127,El Salvador,2013,3,Both,6083824.831446831
127,El Salvador,2014,3,Both,6110429.884586861
127,El Salvador,2015,3,Both,6136615.4834718695
127,El Salvador,2016,3,Both,6164995.847097615
127,El Salvador,2017,3,Both,6195418.261662616
127,El Salvador,2018,3,Both,6225733.182379671
127,El Salvador,2019,3,Both,6256142.8561556665
128,Guatemala,1990,1,Male,3948652.683688492
128,Guatemala,1991,1,Male,4052458.437695964
128,Guatemala,1992,1,Male,4162643.765823505
128,Guatemala,1993,1,Male,4279924.526986821
128,Guatemala,1994,1,Male,4405471.377598075
128,Guatemala,1995,1,Male,4541996.422619331
128,Guatemala,1996,1,Male,4689830.888906368
128,Guatemala,1997,1,Male,4846151.050625961
128,Guatemala,1998,1,Male,5008293.130922814
128,Guatemala,1999,1,Male,5176092.744609282
128,Guatemala,2000,1,Male,5348864.583310003
128,Guatemala,2001,1,Male,5524588.591846635
128,Guatemala,2002,1,Male,5701943.7793475045
128,Guatemala,2003,1,Male,5878397.12008001
128,Guatemala,2004,1,Male,6052422.562878542
128,Guatemala,2005,1,Male,6223634.330655958
128,Guatemala,2006,1,Male,6393629.61757574
128,Guatemala,2007,1,Male,6564797.494751971
128,Guatemala,2008,1,Male,6737613.686981672
128,Guatemala,2009,1,Male,6911161.751391006
128,Guatemala,2010,1,Male,7085124.003731402
128,Guatemala,2011,1,Male,7259448.356398338
128,Guatemala,2012,1,Male,7433960.226040142
128,Guatemala,2013,1,Male,7608290.802507345
128,Guatemala,2014,1,Male,7781908.326135674
128,Guatemala,2015,1,Male,7954814.649905381
128,Guatemala,2016,1,Male,8127161.970552973
128,Guatemala,2017,1,Male,8299126.650521807
128,Guatemala,2018,1,Male,8470295.645983286
128,Guatemala,2019,1,Male,8641315.34348442
128,Guatemala,1990,2,Female,4017908.3175558937
128,Guatemala,1991,2,Female,4132127.021747812
128,Guatemala,1992,2,Female,4253529.516509869
128,Guatemala,1993,2,Female,4382911.256959206
128,Guatemala,1994,2,Female,4521771.780681108
128,Guatemala,1995,2,Female,4672768.204514552
128,Guatemala,1996,2,Female,4835490.894774028
128,Guatemala,1997,2,Female,5006965.262991151
128,Guatemala,1998,2,Female,5184644.274452722
128,Guatemala,1999,2,Female,5367890.035788466
128,Guatemala,2000,2,Female,5555804.671831354
128,Guatemala,2001,2,Female,5746909.182571726
128,Guatemala,2002,2,Female,5939601.119314253
128,Guatemala,2003,2,Female,6131290.332789693
128,Guatemala,2004,2,Female,6320947.597932981
128,Guatemala,2005,2,Female,6508442.12876114
128,Guatemala,2006,2,Female,6695163.575968067
128,Guatemala,2007,2,Female,6882643.420230569
128,Guatemala,2008,2,Female,7071540.438296435
128,Guatemala,2009,2,Female,7261451.675991759
128,Guatemala,2010,2,Female,7451406.273225207
128,Guatemala,2011,2,Female,7641032.577754716
128,Guatemala,2012,2,Female,7830279.246604486
128,Guatemala,2013,2,Female,8018892.501546048
128,Guatemala,2014,2,Female,8206499.685329899
128,Guatemala,2015,2,Female,8393313.542745315
128,Guatemala,2016,2,Female,8579672.9088126
128,Guatemala,2017,2,Female,8765539.758653075
128,Guatemala,2018,2,Female,8950560.450787157
128,Guatemala,2019,2,Female,9135174.636029547
128,Guatemala,1990,3,Both,7966561.001244386
128,Guatemala,1991,3,Both,8184585.459443776
128,Guatemala,1992,3,Both,8416173.282333374
128,Guatemala,1993,3,Both,8662835.783946028
128,Guatemala,1994,3,Both,8927243.158279184
128,Guatemala,1995,3,Both,9214764.627133884
128,Guatemala,1996,3,Both,9525321.783680396
128,Guatemala,1997,3,Both,9853116.313617112
128,Guatemala,1998,3,Both,10192937.405375537
128,Guatemala,1999,3,Both,10543982.780397749
128,Guatemala,2000,3,Both,10904669.255141355
128,Guatemala,2001,3,Both,11271497.77441836
128,Guatemala,2002,3,Both,11641544.89866176
128,Guatemala,2003,3,Both,12009687.452869702
128,Guatemala,2004,3,Both,12373370.160811525
128,Guatemala,2005,3,Both,12732076.459417095
128,Guatemala,2006,3,Both,13088793.193543809
128,Guatemala,2007,3,Both,13447440.91498254
128,Guatemala,2008,3,Both,13809154.125278106
128,Guatemala,2009,3,Both,14172613.427382763
128,Guatemala,2010,3,Both,14536530.276956609
128,Guatemala,2011,3,Both,14900480.934153054
128,Guatemala,2012,3,Both,15264239.472644627
128,Guatemala,2013,3,Both,15627183.304053392
128,Guatemala,2014,3,Both,15988408.011465574
128,Guatemala,2015,3,Both,16348128.192650694
128,Guatemala,2016,3,Both,16706834.879365573
128,Guatemala,2017,3,Both,17064666.409174882
128,Guatemala,2018,3,Both,17420856.096770443
128,Guatemala,2019,3,Both,17776489.979513966
129,Honduras,1990,1,Male,2341576.9658609773
129,Honduras,1991,1,Male,2411313.231111338
129,Honduras,1992,1,Male,2481771.4108937946
129,Honduras,1993,1,Male,2552823.886695983
129,Honduras,1994,1,Male,2624496.0845709606
129,Honduras,1995,1,Male,2696964.2754851943
129,Honduras,1996,1,Male,2770164.96066421
129,Honduras,1997,1,Male,2843998.24804388
129,Honduras,1998,1,Male,2914120.196960896
129,Honduras,1999,1,Male,2985086.498645318
129,Honduras,2000,1,Male,3061876.574434407
129,Honduras,2001,1,Male,3140181.234293999
129,Honduras,2002,1,Male,3220108.3215943435
129,Honduras,2003,1,Male,3301435.3861833066
129,Honduras,2004,1,Male,3384275.56834057
129,Honduras,2005,1,Male,3469093.401869027
129,Honduras,2006,1,Male,3556062.249489118
129,Honduras,2007,1,Male,3645056.709709096
129,Honduras,2008,1,Male,3735884.370838404
129,Honduras,2009,1,Male,3828300.48390326
129,Honduras,2010,1,Male,3921897.9796725065
129,Honduras,2011,1,Male,4016259.673229617
129,Honduras,2012,1,Male,4108869.1662597614
129,Honduras,2013,1,Male,4200030.985058861
129,Honduras,2014,1,Male,4292274.548486155
129,Honduras,2015,1,Male,4385144.270992495
129,Honduras,2016,1,Male,4480633.29216702
129,Honduras,2017,1,Male,4578929.927913643
129,Honduras,2018,1,Male,4677895.864588589
129,Honduras,2019,1,Male,4777979.965364625
129,Honduras,1990,2,Female,2366969.876951721
129,Honduras,1991,2,Female,2436601.565279298
129,Honduras,1992,2,Female,2507197.4446216407
129,Honduras,1993,2,Female,2578750.4173379582
129,Honduras,1994,2,Female,2651778.9790370846
129,Honduras,1995,2,Female,2725765.5436411942
129,Honduras,1996,2,Female,2800287.371059294
129,Honduras,1997,2,Female,2875981.346836321
129,Honduras,1998,2,Female,2950463.956962716
129,Honduras,1999,2,Female,3026841.816289892
129,Honduras,2000,2,Female,3108554.041278369
129,Honduras,2001,2,Female,3192998.4894736065
129,Honduras,2002,2,Female,3280399.1144132763
129,Honduras,2003,2,Female,3370319.8979343376
129,Honduras,2004,2,Female,3462624.5076807206
129,Honduras,2005,2,Female,3557506.360951798
129,Honduras,2006,2,Female,3654973.7706446704
129,Honduras,2007,2,Female,3754796.6787935295
129,Honduras,2008,2,Female,3856681.970814014
129,Honduras,2009,2,Female,3960310.106336356
129,Honduras,2010,2,Female,4065290.865851819
129,Honduras,2011,2,Female,4171239.631227363
129,Honduras,2012,2,Female,4277782.252377274
129,Honduras,2013,2,Female,4384850.91329948
129,Honduras,2014,2,Female,4492406.026571164
129,Honduras,2015,2,Female,4600299.949047114
129,Honduras,2016,2,Female,4708780.448733886
129,Honduras,2017,2,Female,4817760.884084807
129,Honduras,2018,2,Female,4926823.508072572
129,Honduras,2019,2,Female,5036415.737791518
129,Honduras,1990,3,Both,4708546.842812698
129,Honduras,1991,3,Both,4847914.796390636
129,Honduras,1992,3,Both,4988968.855515435
129,Honduras,1993,3,Both,5131574.304033942
129,Honduras,1994,3,Both,5276275.063608046
129,Honduras,1995,3,Both,5422729.819126389
129,Honduras,1996,3,Both,5570452.331723504
129,Honduras,1997,3,Both,5719979.594880201
129,Honduras,1998,3,Both,5864584.153923611
129,Honduras,1999,3,Both,6011928.31493521
129,Honduras,2000,3,Both,6170430.615712776
129,Honduras,2001,3,Both,6333179.723767606
129,Honduras,2002,3,Both,6500507.43600762
129,Honduras,2003,3,Both,6671755.284117644
129,Honduras,2004,3,Both,6846900.07602129
129,Honduras,2005,3,Both,7026599.762820825
129,Honduras,2006,3,Both,7211036.020133788
129,Honduras,2007,3,Both,7399853.388502626
129,Honduras,2008,3,Both,7592566.341652418
129,Honduras,2009,3,Both,7788610.590239616
129,Honduras,2010,3,Both,7987188.845524326
129,Honduras,2011,3,Both,8187499.304456981
129,Honduras,2012,3,Both,8386651.418637037
129,Honduras,2013,3,Both,8584881.898358341
129,Honduras,2014,3,Both,8784680.57505732
129,Honduras,2015,3,Both,8985444.220039608
129,Honduras,2016,3,Both,9189413.740900906
129,Honduras,2017,3,Both,9396690.811998451
129,Honduras,2018,3,Both,9604719.37266116
129,Honduras,2019,3,Both,9814395.703156143
130,Mexico,1990,1,Male,42088805.82174213
130,Mexico,1991,1,Male,42872319.32241871
130,Mexico,1992,1,Male,43696305.63722195
130,Mexico,1993,1,Male,44539351.026508026
130,Mexico,1994,1,Male,45376279.22813199
130,Mexico,1995,1,Male,46179981.79464879
130,Mexico,1996,1,Male,46921803.04363573
130,Mexico,1997,1,Male,47612580.238884166
130,Mexico,1998,1,Male,48264626.77546427
130,Mexico,1999,1,Male,48894822.14153349
130,Mexico,2000,1,Male,49520586.81764005
130,Mexico,2001,1,Male,50156044.62587634
130,Mexico,2002,1,Male,50795838.002514
130,Mexico,2003,1,Male,51435959.44254099
130,Mexico,2004,1,Male,52079880.25832986
130,Mexico,2005,1,Male,52726914.71259127
130,Mexico,2006,1,Male,53376054.81958696
130,Mexico,2007,1,Male,54029386.378225945
130,Mexico,2008,1,Male,54677130.20646159
130,Mexico,2009,1,Male,55312602.881577246
130,Mexico,2010,1,Male,55941494.57843376
130,Mexico,2011,1,Male,56567281.46201108
130,Mexico,2012,1,Male,57187727.53058892
130,Mexico,2013,1,Male,57794662.07925679
130,Mexico,2014,1,Male,58386354.45000153
130,Mexico,2015,1,Male,58966504.6370411
130,Mexico,2016,1,Male,59532014.0159209
130,Mexico,2017,1,Male,60074734.494453095
130,Mexico,2018,1,Male,60597442.87116965
130,Mexico,2019,1,Male,61111815.509946994
130,Mexico,1990,2,Female,43398887.41877879
130,Mexico,1991,2,Female,44214602.90460482
130,Mexico,1992,2,Female,45069392.14724372
130,Mexico,1993,2,Female,45948352.23158664
130,Mexico,1994,2,Female,46834219.65079938
130,Mexico,1995,2,Female,47707169.41179124
130,Mexico,1996,2,Female,48547767.20178651
130,Mexico,1997,2,Female,49359305.43668614
130,Mexico,1998,2,Female,50144946.635371625
130,Mexico,1999,2,Female,50909426.714234926
130,Mexico,2000,2,Female,51658282.67676117
130,Mexico,2001,2,Female,52394674.79935108
130,Mexico,2002,2,Female,53115692.33763944
130,Mexico,2003,2,Female,53820661.10860211
130,Mexico,2004,2,Female,54512822.23008503
130,Mexico,2005,2,Female,55193434.08831023
130,Mexico,2006,2,Female,55864828.76111885
130,Mexico,2007,2,Female,56530354.18141401
130,Mexico,2008,2,Female,57186499.62854228
130,Mexico,2009,2,Female,57830342.32062191
130,Mexico,2010,2,Female,58467580.68786235
130,Mexico,2011,2,Female,59103899.44269735
130,Mexico,2012,2,Female,59735149.05181811
130,Mexico,2013,2,Female,60354748.95349126
130,Mexico,2014,2,Female,60960781.00448646
130,Mexico,2015,2,Female,61556834.62731109
130,Mexico,2016,2,Female,62142979.59682719
130,Mexico,2017,2,Female,62715865.5165479
130,Mexico,2018,2,Female,63275943.50075842
130,Mexico,2019,2,Female,63828359.23838856
130,Mexico,1990,3,Both,85487693.24052091
130,Mexico,1991,3,Both,87086922.22702353
130,Mexico,1992,3,Both,88765697.78446567
130,Mexico,1993,3,Both,90487703.25809468
130,Mexico,1994,3,Both,92210498.87893136
130,Mexico,1995,3,Both,93887151.20644005
130,Mexico,1996,3,Both,95469570.24542224
130,Mexico,1997,3,Both,96971885.67557032
130,Mexico,1998,3,Both,98409573.41083588
130,Mexico,1999,3,Both,99804248.8557684
130,Mexico,2000,3,Both,101178869.49440122
130,Mexico,2001,3,Both,102550719.42522742
130,Mexico,2002,3,Both,103911530.34015344
130,Mexico,2003,3,Both,105256620.5511431
130,Mexico,2004,3,Both,106592702.48841488
130,Mexico,2005,3,Both,107920348.8009015
130,Mexico,2006,3,Both,109240883.58070582
130,Mexico,2007,3,Both,110559740.55963996
130,Mexico,2008,3,Both,111863629.83500388
130,Mexico,2009,3,Both,113142945.20219916
130,Mexico,2010,3,Both,114409075.2662961
130,Mexico,2011,3,Both,115671180.90470842
130,Mexico,2012,3,Both,116922876.58240704
130,Mexico,2013,3,Both,118149411.03274804
130,Mexico,2014,3,Both,119347135.45448798
130,Mexico,2015,3,Both,120523339.2643522
130,Mexico,2016,3,Both,121674993.61274809
130,Mexico,2017,3,Both,122790600.011001
130,Mexico,2018,3,Both,123873386.37192808
130,Mexico,2019,3,Both,124940174.74833556
131,Nicaragua,1990,1,Male,1910696.3401445043
131,Nicaragua,1991,1,Male,1970303.2691406584
131,Nicaragua,1992,1,Male,2028476.709227528
131,Nicaragua,1993,1,Male,2085026.73920218
131,Nicaragua,1994,1,Male,2139472.59232049
131,Nicaragua,1995,1,Male,2191494.513705544
131,Nicaragua,1996,1,Male,2241041.9340073275
131,Nicaragua,1997,1,Male,2288587.096537526
131,Nicaragua,1998,1,Male,2333227.884002643
131,Nicaragua,1999,1,Male,2376035.8748385026
131,Nicaragua,2000,1,Male,2418735.009685478
131,Nicaragua,2001,1,Male,2460647.82295168
131,Nicaragua,2002,1,Male,2501699.019321124
131,Nicaragua,2003,1,Male,2541984.718464736
131,Nicaragua,2004,1,Male,2581952.184605908
131,Nicaragua,2005,1,Male,2621921.9518309897
131,Nicaragua,2006,1,Male,2662476.5750948414
131,Nicaragua,2007,1,Male,2703756.035139492
131,Nicaragua,2008,1,Male,2745426.445937312
131,Nicaragua,2009,1,Male,2787648.566136284
131,Nicaragua,2010,1,Male,2830508.551305822
131,Nicaragua,2011,1,Male,2873693.4631399163
131,Nicaragua,2012,1,Male,2916839.428009807
131,Nicaragua,2013,1,Male,2959907.4576160954
131,Nicaragua,2014,1,Male,3002832.086367652
131,Nicaragua,2015,1,Male,3045767.9618933965
131,Nicaragua,2016,1,Male,3088341.6380087067
131,Nicaragua,2017,1,Male,3130289.0673320103
131,Nicaragua,2018,1,Male,3171815.508200045
131,Nicaragua,2019,1,Male,3213047.3282877
131,Nicaragua,1990,2,Female,1976424.499070492
131,Nicaragua,1991,2,Female,2036700.9999562008
131,Nicaragua,1992,2,Female,2095702.263336368
131,Nicaragua,1993,2,Female,2153069.693584644
131,Nicaragua,1994,2,Female,2208478.66491354
131,Nicaragua,1995,2,Female,2260933.4849158474
131,Nicaragua,1996,2,Female,2310267.9749873253
131,Nicaragua,1997,2,Female,2357656.835281226
131,Nicaragua,1998,2,Female,2402387.085960984
131,Nicaragua,1999,2,Female,2445381.2128661834
131,Nicaragua,2000,2,Female,2487919.794110023
131,Nicaragua,2001,2,Female,2529400.7964021973
131,Nicaragua,2002,2,Female,2570002.033743744
131,Nicaragua,2003,2,Female,2610198.0954014705
131,Nicaragua,2004,2,Female,2650266.233965298
131,Nicaragua,2005,2,Female,2690390.895863352
131,Nicaragua,2006,2,Female,2731280.482454629
131,Nicaragua,2007,2,Female,2772891.4458274045
131,Nicaragua,2008,2,Female,2814989.610268996
131,Nicaragua,2009,2,Female,2857809.597050084
131,Nicaragua,2010,2,Female,2901274.05743123
131,Nicaragua,2011,2,Female,2945255.667907392
131,Nicaragua,2012,2,Female,2989638.284781108
131,Nicaragua,2013,2,Female,3034246.8251041225
131,Nicaragua,2014,2,Female,3078833.085354411
131,Nicaragua,2015,2,Female,3123252.126593116
131,Nicaragua,2016,2,Female,3167398.899066588
131,Nicaragua,2017,2,Female,3211109.587911324
131,Nicaragua,2018,2,Female,3254319.52002738
131,Nicaragua,2019,2,Female,3297317.3131842096
131,Nicaragua,1990,3,Both,3887120.839214996
131,Nicaragua,1991,3,Both,4007004.269096859
131,Nicaragua,1992,3,Both,4124178.972563896
131,Nicaragua,1993,3,Both,4238096.432786823
131,Nicaragua,1994,3,Both,4347951.2572340295
131,Nicaragua,1995,3,Both,4452427.998621392
131,Nicaragua,1996,3,Both,4551309.908994653
131,Nicaragua,1997,3,Both,4646243.931818752
131,Nicaragua,1998,3,Both,4735614.969963627
131,Nicaragua,1999,3,Both,4821417.0877046855
131,Nicaragua,2000,3,Both,4906654.803795502
131,Nicaragua,2001,3,Both,4990048.619353877
131,Nicaragua,2002,3,Both,5071701.053064867
131,Nicaragua,2003,3,Both,5152182.813866206
131,Nicaragua,2004,3,Both,5232218.418571206
131,Nicaragua,2005,3,Both,5312312.847694341
131,Nicaragua,2006,3,Both,5393757.057549471
131,Nicaragua,2007,3,Both,5476647.480966896
131,Nicaragua,2008,3,Both,5560416.056206308
131,Nicaragua,2009,3,Both,5645458.163186367
131,Nicaragua,2010,3,Both,5731782.608737052
131,Nicaragua,2011,3,Both,5818949.131047308
131,Nicaragua,2012,3,Both,5906477.712790916
131,Nicaragua,2013,3,Both,5994154.282720218
131,Nicaragua,2014,3,Both,6081665.171722062
131,Nicaragua,2015,3,Both,6169020.088486512
131,Nicaragua,2016,3,Both,6255740.537075294
131,Nicaragua,2017,3,Both,6341398.655243334
131,Nicaragua,2018,3,Both,6426135.028227425
131,Nicaragua,2019,3,Both,6510364.64147191
132,Panama,1990,1,Male,1209495.645150504
132,Panama,1991,1,Male,1235937.8568750236
132,Panama,1992,1,Male,1261773.7348286083
132,Panama,1993,1,Male,1287033.0732525352
132,Panama,1994,1,Male,1312134.8504429236
132,Panama,1995,1,Male,1337518.6523235198
132,Panama,1996,1,Male,1363411.418757526
132,Panama,1997,1,Male,1389694.3638482091
132,Panama,1998,1,Male,1416024.701137043
132,Panama,1999,1,Male,1442410.5560559942
132,Panama,2000,1,Male,1469098.1572143023
132,Panama,2001,1,Male,1496165.829781714
132,Panama,2002,1,Male,1523388.7452534998
132,Panama,2003,1,Male,1550885.6582230206
132,Panama,2004,1,Male,1579007.9376976409
132,Panama,2005,1,Male,1607945.294362
132,Panama,2006,1,Male,1637522.0212812717
132,Panama,2007,1,Male,1667694.8077747675
132,Panama,2008,1,Male,1698163.7356596892
132,Panama,2009,1,Male,1728622.4159168932
132,Panama,2010,1,Male,1759243.627722968
132,Panama,2011,1,Male,1790275.951762733
132,Panama,2012,1,Male,1821682.2970181664
132,Panama,2013,1,Male,1853329.4030999227
132,Panama,2014,1,Male,1885516.7233898768
132,Panama,2015,1,Male,1923133.8365569275
132,Panama,2016,1,Male,1973039.4620471296
132,Panama,2017,1,Male,2025079.884839339
132,Panama,2018,1,Male,2064241.237705464
132,Panama,2019,1,Male,2095586.8296565283
132,Panama,1990,2,Female,1178967.0972934803
132,Panama,1991,2,Female,1204753.554543631
132,Panama,1992,2,Female,1230205.4241279198
132,Panama,1993,2,Female,1255496.4602157844
132,Panama,1994,2,Female,1281048.8755513497
132,Panama,1995,2,Female,1307136.9810535966
132,Panama,1996,2,Female,1333759.5227323703
132,Panama,1997,2,Female,1360579.032184216
132,Panama,1998,2,Female,1387372.95754247
132,Panama,1999,2,Female,1414348.031739456
132,Panama,2000,2,Female,1441647.1824971652
132,Panama,2001,2,Female,1469259.72800082
132,Panama,2002,2,Female,1497080.9641630272
132,Panama,2003,2,Female,1525175.336929055
132,Panama,2004,2,Female,1553721.9491473811
132,Panama,2005,2,Female,1582900.655026306
132,Panama,2006,2,Female,1612819.1827248973
132,Panama,2007,2,Female,1643394.9555680924
132,Panama,2008,2,Female,1674407.8518263395
132,Panama,2009,2,Female,1705647.8456322134
132,Panama,2010,2,Female,1737111.5797293342
132,Panama,2011,2,Female,1768894.773797438
132,Panama,2012,2,Female,1801059.293971155
132,Panama,2013,2,Female,1833309.6486587955
132,Panama,2014,2,Female,1865800.6967332216
132,Panama,2015,2,Female,1902395.8999374649
132,Panama,2016,2,Female,1948172.0028910304
132,Panama,2017,2,Female,1995542.0345820112
132,Panama,2018,2,Female,2033186.0942857163
132,Panama,2019,2,Female,2064870.021385812
132,Panama,1990,3,Both,2388462.7424439844
132,Panama,1991,3,Both,2440691.4114186545
132,Panama,1992,3,Both,2491979.158956528
132,Panama,1993,3,Both,2542529.53346832
132,Panama,1994,3,Both,2593183.725994273
132,Panama,1995,3,Both,2644655.6333771166
132,Panama,1996,3,Both,2697170.9414898963
132,Panama,1997,3,Both,2750273.3960324256
132,Panama,1998,3,Both,2803397.658679513
132,Panama,1999,3,Both,2856758.5877954504
132,Panama,2000,3,Both,2910745.339711468
132,Panama,2001,3,Both,2965425.557782534
132,Panama,2002,3,Both,3020469.709416527
132,Panama,2003,3,Both,3076060.995152076
132,Panama,2004,3,Both,3132729.886845022
132,Panama,2005,3,Both,3190845.9493883057
132,Panama,2006,3,Both,3250341.204006169
132,Panama,2007,3,Both,3311089.76334286
132,Panama,2008,3,Both,3372571.5874860287
132,Panama,2009,3,Both,3434270.261549107
132,Panama,2010,3,Both,3496355.207452302
132,Panama,2011,3,Both,3559170.725560171
132,Panama,2012,3,Both,3622741.5909893215
132,Panama,2013,3,Both,3686639.051758718
132,Panama,2014,3,Both,3751317.420123099
132,Panama,2015,3,Both,3825529.736494392
132,Panama,2016,3,Both,3921211.46493816
132,Panama,2017,3,Both,4020621.91942135
132,Panama,2018,3,Both,4097427.33199118
132,Panama,2019,3,Both,4160456.851042341
133,Venezuela (Bolivarian Republic of),1990,1,Male,9383144.514718551
133,Venezuela (Bolivarian Republic of),1991,1,Male,9605425.266720138
133,Venezuela (Bolivarian Republic of),1992,1,Male,9826374.87252884
133,Venezuela (Bolivarian Republic of),1993,1,Male,10042295.064040098
133,Venezuela (Bolivarian Republic of),1994,1,Male,10252835.74478129
133,Venezuela (Bolivarian Republic of),1995,1,Male,10461826.903064122
133,Venezuela (Bolivarian Republic of),1996,1,Male,10674546.317990428
133,Venezuela (Bolivarian Republic of),1997,1,Male,10892428.289725993
133,Venezuela (Bolivarian Republic of),1998,1,Male,11111721.223555924
133,Venezuela (Bolivarian Republic of),1999,1,Male,11320827.80430182
133,Venezuela (Bolivarian Republic of),2000,1,Male,11528812.544875642
133,Venezuela (Bolivarian Republic of),2001,1,Male,11745231.251649356
133,Venezuela (Bolivarian Republic of),2002,1,Male,11965430.848859588
133,Venezuela (Bolivarian Republic of),2003,1,Male,12193284.51931455
133,Venezuela (Bolivarian Republic of),2004,1,Male,12432674.769723374
133,Venezuela (Bolivarian Republic of),2005,1,Male,12681855.23611048
133,Venezuela (Bolivarian Republic of),2006,1,Male,12928524.775084632
133,Venezuela (Bolivarian Republic of),2007,1,Male,13165009.687075494
133,Venezuela (Bolivarian Republic of),2008,1,Male,13391359.164279494
133,Venezuela (Bolivarian Republic of),2009,1,Male,13612418.109246168
133,Venezuela (Bolivarian Republic of),2010,1,Male,13835849.630922232
133,Venezuela (Bolivarian Republic of),2011,1,Male,14063321.375962568
133,Venezuela (Bolivarian Republic of),2012,1,Male,14289616.983004363
133,Venezuela (Bolivarian Republic of),2013,1,Male,14514086.207595024
133,Venezuela (Bolivarian Republic of),2014,1,Male,14733550.174541466
133,Venezuela (Bolivarian Republic of),2015,1,Male,14872953.325850734
133,Venezuela (Bolivarian Republic of),2016,1,Male,14523870.640445352
133,Venezuela (Bolivarian Republic of),2017,1,Male,13837458.61523074
133,Venezuela (Bolivarian Republic of),2018,1,Male,13622952.794680474
133,Venezuela (Bolivarian Republic of),2019,1,Male,13774574.681937486
133,Venezuela (Bolivarian Republic of),1990,2,Female,9446733.343257446
133,Venezuela (Bolivarian Republic of),1991,2,Female,9690209.242977887
133,Venezuela (Bolivarian Republic of),1992,2,Female,9933876.326023502
133,Venezuela (Bolivarian Republic of),1993,2,Female,10174166.985627083
133,Venezuela (Bolivarian Republic of),1994,2,Female,10409669.134328589
133,Venezuela (Bolivarian Republic of),1995,2,Female,10640692.070369463
133,Venezuela (Bolivarian Republic of),1996,2,Female,10869397.060443208
133,Venezuela (Bolivarian Republic of),1997,2,Female,11096183.268836869
133,Venezuela (Bolivarian Republic of),1998,2,Female,11319405.98586692
133,Venezuela (Bolivarian Republic of),1999,2,Female,11531575.898839964
133,Venezuela (Bolivarian Republic of),2000,2,Female,11738595.074403498
133,Venezuela (Bolivarian Republic of),2001,2,Female,11947765.60881208
133,Venezuela (Bolivarian Republic of),2002,2,Female,12155756.38241334
133,Venezuela (Bolivarian Republic of),2003,2,Female,12369694.557506396
133,Venezuela (Bolivarian Republic of),2004,2,Female,12595285.670786818
133,Venezuela (Bolivarian Republic of),2005,2,Female,12829671.330524636
133,Venezuela (Bolivarian Republic of),2006,2,Female,13064574.338951964
133,Venezuela (Bolivarian Republic of),2007,2,Female,13294604.604915816
133,Venezuela (Bolivarian Republic of),2008,2,Female,13518435.165379556
133,Venezuela (Bolivarian Republic of),2009,2,Female,13738654.556060549
133,Venezuela (Bolivarian Republic of),2010,2,Female,13958841.26411494
133,Venezuela (Bolivarian Republic of),2011,2,Female,14180337.412796248
133,Venezuela (Bolivarian Republic of),2012,2,Female,14402990.41593048
133,Venezuela (Bolivarian Republic of),2013,2,Female,14625658.131194064
133,Venezuela (Bolivarian Republic of),2014,2,Female,14839841.730045026
133,Venezuela (Bolivarian Republic of),2015,2,Female,14988730.072506
133,Venezuela (Bolivarian Republic of),2016,2,Female,14767325.666854046
133,Venezuela (Bolivarian Republic of),2017,2,Female,14279830.861402525
133,Venezuela (Bolivarian Republic of),2018,2,Female,14143796.882551191
133,Venezuela (Bolivarian Republic of),2019,2,Female,14294411.094647177
133,Venezuela (Bolivarian Republic of),1990,3,Both,18829877.857976
133,Venezuela (Bolivarian Republic of),1991,3,Both,19295634.509698022
133,Venezuela (Bolivarian Republic of),1992,3,Both,19760251.198552344
133,Venezuela (Bolivarian Republic of),1993,3,Both,20216462.049667183
133,Venezuela (Bolivarian Republic of),1994,3,Both,20662504.87910988
133,Venezuela (Bolivarian Republic of),1995,3,Both,21102518.973433588
133,Venezuela (Bolivarian Republic of),1996,3,Both,21543943.37843364
133,Venezuela (Bolivarian Republic of),1997,3,Both,21988611.55856286
133,Venezuela (Bolivarian Republic of),1998,3,Both,22431127.209422845
133,Venezuela (Bolivarian Republic of),1999,3,Both,22852403.703141782
133,Venezuela (Bolivarian Republic of),2000,3,Both,23267407.619279142
133,Venezuela (Bolivarian Republic of),2001,3,Both,23692996.86046144
133,Venezuela (Bolivarian Republic of),2002,3,Both,24121187.23127293
133,Venezuela (Bolivarian Republic of),2003,3,Both,24562979.076820947
133,Venezuela (Bolivarian Republic of),2004,3,Both,25027960.440510195
133,Venezuela (Bolivarian Republic of),2005,3,Both,25511526.56663512
133,Venezuela (Bolivarian Republic of),2006,3,Both,25993099.1140366
133,Venezuela (Bolivarian Republic of),2007,3,Both,26459614.291991312
133,Venezuela (Bolivarian Republic of),2008,3,Both,26909794.32965905
133,Venezuela (Bolivarian Republic of),2009,3,Both,27351072.66530672
133,Venezuela (Bolivarian Republic of),2010,3,Both,27794690.89503717
133,Venezuela (Bolivarian Republic of),2011,3,Both,28243658.78875881
133,Venezuela (Bolivarian Republic of),2012,3,Both,28692607.39893484
133,Venezuela (Bolivarian Republic of),2013,3,Both,29139744.338789087
133,Venezuela (Bolivarian Republic of),2014,3,Both,29573391.90458649
133,Venezuela (Bolivarian Republic of),2015,3,Both,29861683.398356736
133,Venezuela (Bolivarian Republic of),2016,3,Both,29291196.3072994
133,Venezuela (Bolivarian Republic of),2017,3,Both,28117289.476633266
133,Venezuela (Bolivarian Republic of),2018,3,Both,27766749.677231666
133,Venezuela (Bolivarian Republic of),2019,3,Both,28068985.77658466
135,Brazil,1990,1,Male,73565830.1182444
135,Brazil,1991,1,Male,74776444.0511763
135,Brazil,1992,1,Male,75990806.97391696
135,Brazil,1993,1,Male,77202904.00740367
135,Brazil,1994,1,Male,78415438.61599143
135,Brazil,1995,1,Male,79636717.87459646
135,Brazil,1996,1,Male,80867790.52429204
135,Brazil,1997,1,Male,82111802.87332544
135,Brazil,1998,1,Male,83365655.38547724
135,Brazil,1999,1,Male,84620869.69312796
135,Brazil,2000,1,Male,85871211.51299813
135,Brazil,2001,1,Male,87106075.75765088
135,Brazil,2002,1,Male,88320150.14497079
135,Brazil,2003,1,Male,89510848.47774526
135,Brazil,2004,1,Male,90677412.50223164
135,Brazil,2005,1,Male,91826489.03847095
135,Brazil,2006,1,Male,92961215.44253685
135,Brazil,2007,1,Male,94078381.720182
135,Brazil,2008,1,Male,95177491.98240463
135,Brazil,2009,1,Male,96259226.82201403
135,Brazil,2010,1,Male,97324315.90780856
135,Brazil,2011,1,Male,98370503.17825304
135,Brazil,2012,1,Male,99396532.93925628
135,Brazil,2013,1,Male,100398822.47957703
135,Brazil,2014,1,Male,101374661.8184963
135,Brazil,2015,1,Male,102334449.48215392
135,Brazil,2016,1,Male,103269190.44167934
135,Brazil,2017,1,Male,104158017.05435614
135,Brazil,2018,1,Male,104997574.11690308
135,Brazil,2019,1,Male,105798894.98073658
135,Brazil,1990,2,Female,75269687.94790034
135,Brazil,1991,2,Female,76597983.03677191
135,Brazil,1992,2,Female,77927198.18452336
135,Brazil,1993,2,Female,79249223.68968822
135,Brazil,1994,2,Female,80564070.26957822
135,Brazil,1995,2,Female,81875562.98628715
135,Brazil,1996,2,Female,83183198.55037609
135,Brazil,1997,2,Female,84489070.23701367
135,Brazil,1998,2,Female,85791525.05637638
135,Brazil,1999,2,Female,87086209.3867443
135,Brazil,2000,2,Female,88371821.41516168
135,Brazil,2001,2,Female,89644841.84146932
135,Brazil,2002,2,Female,90908041.36884026
135,Brazil,2003,2,Female,92165504.13743456
135,Brazil,2004,2,Female,93422968.19130155
135,Brazil,2005,2,Female,94686981.72006406
135,Brazil,2006,2,Female,95956953.99630298
135,Brazil,2007,2,Female,97227891.3033529
135,Brazil,2008,2,Female,98497886.0453484
135,Brazil,2009,2,Female,99759558.65419212
135,Brazil,2010,2,Female,101004785.4289192
135,Brazil,2011,2,Female,102226507.59277004
135,Brazil,2012,2,Female,103422403.37941676
135,Brazil,2013,2,Female,104589826.29588152
135,Brazil,2014,2,Female,105725825.47029196
135,Brazil,2015,2,Female,106836070.33610618
135,Brazil,2016,2,Female,107915120.24331328
135,Brazil,2017,2,Female,108947458.21198554
135,Brazil,2018,2,Female,109926975.01251195
135,Brazil,2019,2,Female,110865918.69496244
135,Brazil,1990,3,Both,148835518.06614473
135,Brazil,1991,3,Both,151374427.0879482
135,Brazil,1992,3,Both,153918005.15844032
135,Brazil,1993,3,Both,156452127.69709188
135,Brazil,1994,3,Both,158979508.88556966
135,Brazil,1995,3,Both,161512280.8608836
135,Brazil,1996,3,Both,164050989.07466814
135,Brazil,1997,3,Both,166600873.1103391
135,Brazil,1998,3,Both,169157180.44185364
135,Brazil,1999,3,Both,171707079.07987225
135,Brazil,2000,3,Both,174243032.92815983
135,Brazil,2001,3,Both,176750917.5991202
135,Brazil,2002,3,Both,179228191.51381105
135,Brazil,2003,3,Both,181676352.61517984
135,Brazil,2004,3,Both,184100380.6935332
135,Brazil,2005,3,Both,186513470.758535
135,Brazil,2006,3,Both,188918169.4388398
135,Brazil,2007,3,Both,191306273.0235349
135,Brazil,2008,3,Both,193675378.02775303
135,Brazil,2009,3,Both,196018785.4762061
135,Brazil,2010,3,Both,198329101.33672777
135,Brazil,2011,3,Both,200597010.7710231
135,Brazil,2012,3,Both,202818936.318673
135,Brazil,2013,3,Both,204988648.77545857
135,Brazil,2014,3,Both,207100487.28878823
135,Brazil,2015,3,Both,209170519.8182601
135,Brazil,2016,3,Both,211184310.68499264
135,Brazil,2017,3,Both,213105475.2663417
135,Brazil,2018,3,Both,214924549.12941504
135,Brazil,2019,3,Both,216664813.67569903
136,Paraguay,1990,1,Male,2035904.012557455
136,Paraguay,1991,1,Male,2094320.3879553224
136,Paraguay,1992,1,Male,2152244.811503192
136,Paraguay,1993,1,Male,2209054.05205178
136,Paraguay,1994,1,Male,2264855.429960663
136,Paraguay,1995,1,Male,2319730.3325623483
136,Paraguay,1996,1,Male,2373744.634940399
136,Paraguay,1997,1,Male,2427159.8761195587
136,Paraguay,1998,1,Male,2480067.6546189627
136,Paraguay,1999,1,Male,2532272.952287615
136,Paraguay,2000,1,Male,2583896.9832487684
136,Paraguay,2001,1,Male,2635196.607890896
136,Paraguay,2002,1,Male,2686253.7891927143
136,Paraguay,2003,1,Male,2736910.069568745
136,Paraguay,2004,1,Male,2786858.859551427
136,Paraguay,2005,1,Male,2836546.671002703
136,Paraguay,2006,1,Male,2886416.881827345
136,Paraguay,2007,1,Male,2936372.511772169
136,Paraguay,2008,1,Male,2986404.252538575
136,Paraguay,2009,1,Male,3036125.8575981827
136,Paraguay,2010,1,Male,3085406.066585782
136,Paraguay,2011,1,Male,3134534.7792249448
136,Paraguay,2012,1,Male,3183547.326423015
136,Paraguay,2013,1,Male,3232161.410004795
136,Paraguay,2014,1,Male,3280298.5723856683
136,Paraguay,2015,1,Male,3327758.333476351
136,Paraguay,2016,1,Male,3374012.695733718
136,Paraguay,2017,1,Male,3419132.252549037
136,Paraguay,2018,1,Male,3463477.1661792486
136,Paraguay,2019,1,Male,3507307.705858473
136,Paraguay,1990,2,Female,2009607.6312198995
136,Paraguay,1991,2,Female,2067122.3645835745
136,Paraguay,1992,2,Female,2124015.2790192706
136,Paraguay,1993,2,Female,2179511.408096812
136,Paraguay,1994,2,Female,2233695.5957633723
136,Paraguay,1995,2,Female,2286747.4267797964
136,Paraguay,1996,2,Female,2338684.554982626
136,Paraguay,1997,2,Female,2389730.5077342824
136,Paraguay,1998,2,Female,2440039.7731590485
136,Paraguay,1999,2,Female,2489584.976334629
136,Paraguay,2000,2,Female,2538413.054849332
136,Paraguay,2001,2,Female,2586746.72709078
136,Paraguay,2002,2,Female,2634785.77134305
136,Paraguay,2003,2,Female,2682518.0510850763
136,Paraguay,2004,2,Female,2729814.509201016
136,Paraguay,2005,2,Female,2776910.251802482
136,Paraguay,2006,2,Female,2824052.753974128
136,Paraguay,2007,2,Female,2871400.58313581
136,Paraguay,2008,2,Female,2918982.91505199
136,Paraguay,2009,2,Female,2966449.357575696
136,Paraguay,2010,2,Female,3013653.13019317
136,Paraguay,2011,2,Female,3060683.56130934
136,Paraguay,2012,2,Female,3107635.253309482
136,Paraguay,2013,2,Female,3154210.6443168703
136,Paraguay,2014,2,Female,3200436.490796458
136,Paraguay,2015,2,Female,3246487.034454907
136,Paraguay,2016,2,Female,3291796.240110677
136,Paraguay,2017,2,Female,3336156.8090995764
136,Paraguay,2018,2,Female,3379834.137849004
136,Paraguay,2019,2,Female,3423147.323040928
136,Paraguay,1990,3,Both,4045511.6437773546
136,Paraguay,1991,3,Both,4161442.7525388966
136,Paraguay,1992,3,Both,4276260.090522463
136,Paraguay,1993,3,Both,4388565.460148591
136,Paraguay,1994,3,Both,4498551.025724035
136,Paraguay,1995,3,Both,4606477.759342144
136,Paraguay,1996,3,Both,4712429.189923025
136,Paraguay,1997,3,Both,4816890.383853842
136,Paraguay,1998,3,Both,4920107.427778011
136,Paraguay,1999,3,Both,5021857.928622244
136,Paraguay,2000,3,Both,5122310.0380981
136,Paraguay,2001,3,Both,5221943.334981675
136,Paraguay,2002,3,Both,5321039.560535764
136,Paraguay,2003,3,Both,5419428.120653821
136,Paraguay,2004,3,Both,5516673.368752442
136,Paraguay,2005,3,Both,5613456.922805185
136,Paraguay,2006,3,Both,5710469.635801473
136,Paraguay,2007,3,Both,5807773.094907979
136,Paraguay,2008,3,Both,5905387.167590565
136,Paraguay,2009,3,Both,6002575.215173879
136,Paraguay,2010,3,Both,6099059.196778952
136,Paraguay,2011,3,Both,6195218.340534285
136,Paraguay,2012,3,Both,6291182.579732496
136,Paraguay,2013,3,Both,6386372.054321664
136,Paraguay,2014,3,Both,6480735.063182126
136,Paraguay,2015,3,Both,6574245.367931258
136,Paraguay,2016,3,Both,6665808.935844395
136,Paraguay,2017,3,Both,6755289.061648613
136,Paraguay,2018,3,Both,6843311.304028252
136,Paraguay,2019,3,Both,6930455.028899401
139,Algeria,1990,1,Male,12784784.274153918
139,Algeria,1991,1,Male,13120609.77581974
139,Algeria,1992,1,Male,13448696.10903167
139,Algeria,1993,1,Male,13767346.52708994
139,Algeria,1994,1,Male,14075013.674544845
139,Algeria,1995,1,Male,14371008.920920396
139,Algeria,1996,1,Male,14656941.386606865
139,Algeria,1997,1,Male,14932484.986045651
139,Algeria,1998,1,Male,15197919.026496366
139,Algeria,1999,1,Male,15455836.44819496
139,Algeria,2000,1,Male,15707168.491522342
139,Algeria,2001,1,Male,15953444.3020957
139,Algeria,2002,1,Male,16197649.710583163
139,Algeria,2003,1,Male,16442014.364902869
139,Algeria,2004,1,Male,16689901.30523073
139,Algeria,2005,1,Male,16943921.86266139
139,Algeria,2006,1,Male,17205082.986594614
139,Algeria,2007,1,Male,17474722.50279075
139,Algeria,2008,1,Male,17754097.125117376
139,Algeria,2009,1,Male,18044013.77370347
139,Algeria,2010,1,Male,18343714.637517907
139,Algeria,2011,1,Male,18651862.24274464
139,Algeria,2012,1,Male,18966628.219906297
139,Algeria,2013,1,Male,19286582.13750181
139,Algeria,2014,1,Male,19609746.103875287
139,Algeria,2015,1,Male,19933707.62366677
139,Algeria,2016,1,Male,20256437.699248668
139,Algeria,2017,1,Male,20575835.868480843
139,Algeria,2018,1,Male,20890320.709604327
139,Algeria,2019,1,Male,21201234.224975213
139,Algeria,1990,2,Female,12497803.48957382
139,Algeria,1991,2,Female,12826865.281824311
139,Algeria,1992,2,Female,13148843.879020736
139,Algeria,1993,2,Female,13461560.818004193
139,Algeria,1994,2,Female,13763317.927571744
139,Algeria,1995,2,Female,14053171.473992582
139,Algeria,1996,2,Female,14331633.8961504
139,Algeria,1997,2,Female,14598824.190576172
139,Algeria,1998,2,Female,14855168.207288248
139,Algeria,1999,2,Female,15101340.44441528
139,Algeria,2000,2,Female,15339981.165206954
139,Algeria,2001,2,Female,15574413.960745592
139,Algeria,2002,2,Female,15808150.149501711
139,Algeria,2003,2,Female,16043852.418163178
139,Algeria,2004,2,Female,16284248.69414944
139,Algeria,2005,2,Female,16531325.969777638
139,Algeria,2006,2,Female,16786015.214098014
139,Algeria,2007,2,Female,17049280.394926187
139,Algeria,2008,2,Female,17321770.470958132
139,Algeria,2009,2,Female,17603691.629521076
139,Algeria,2010,2,Female,17894129.91779135
139,Algeria,2011,2,Female,18191894.578169785
139,Algeria,2012,2,Female,18495725.14490677
139,Algeria,2013,2,Female,18804144.461198013
139,Algeria,2014,2,Female,19115026.666744497
139,Algeria,2015,2,Female,19426356.310120307
139,Algeria,2016,2,Female,19736785.22981402
139,Algeria,2017,2,Female,20044551.232739206
139,Algeria,2018,2,Female,20347323.137226865
139,Algeria,2019,2,Female,20646055.454807963
139,Algeria,1990,3,Both,25282587.76372774
139,Algeria,1991,3,Both,25947475.05764405
139,Algeria,1992,3,Both,26597539.988052405
139,Algeria,1993,3,Both,27228907.345094133
139,Algeria,1994,3,Both,27838331.602116585
139,Algeria,1995,3,Both,28424180.39491298
139,Algeria,1996,3,Both,28988575.282757264
139,Algeria,1997,3,Both,29531309.176621825
139,Algeria,1998,3,Both,30053087.23378461
139,Algeria,1999,3,Both,30557176.89261024
139,Algeria,2000,3,Both,31047149.656729296
139,Algeria,2001,3,Both,31527858.26284129
139,Algeria,2002,3,Both,32005799.86008488
139,Algeria,2003,3,Both,32485866.783066045
139,Algeria,2004,3,Both,32974149.99938017
139,Algeria,2005,3,Both,33475247.832439028
139,Algeria,2006,3,Both,33991098.20069263
139,Algeria,2007,3,Both,34524002.89771694
139,Algeria,2008,3,Both,35075867.59607551
139,Algeria,2009,3,Both,35647705.40322455
139,Algeria,2010,3,Both,36237844.55530926
139,Algeria,2011,3,Both,36843756.82091442
139,Algeria,2012,3,Both,37462353.364813074
139,Algeria,2013,3,Both,38090726.598699816
139,Algeria,2014,3,Both,38724772.77061979
139,Algeria,2015,3,Both,39360063.933787085
139,Algeria,2016,3,Both,39993222.92906269
139,Algeria,2017,3,Both,40620387.10122005
139,Algeria,2018,3,Both,41237643.8468312
139,Algeria,2019,3,Both,41847289.67978317
140,Bahrain,1990,1,Male,294305.28915644303
140,Bahrain,1991,1,Male,303563.46338407684
140,Bahrain,1992,1,Male,310960.3213928625
140,Bahrain,1993,1,Male,317471.59074658365
140,Bahrain,1994,1,Male,323686.61622304085
140,Bahrain,1995,1,Male,329948.85495380894
140,Bahrain,1996,1,Male,336507.45012186904
140,Bahrain,1997,1,Male,343602.046730762
140,Bahrain,1998,1,Male,351497.9392530514
140,Bahrain,1999,1,Male,360610.1312588456
140,Bahrain,2000,1,Male,371604.7842470413
140,Bahrain,2001,1,Male,385813.75213493744
140,Bahrain,2002,1,Male,408684.3298644648
140,Bahrain,2003,1,Male,443590.2077402388
140,Bahrain,2004,1,Male,487428.06452218647
140,Bahrain,2005,1,Male,531841.3185936196
140,Bahrain,2006,1,Male,574525.5202237173
140,Bahrain,2007,1,Male,621076.9265817619
140,Bahrain,2008,1,Male,675756.3092349645
140,Bahrain,2009,1,Male,732319.6662375281
140,Bahrain,2010,1,Male,778943.234135836
140,Bahrain,2011,1,Male,805331.2400271364
140,Bahrain,2012,1,Male,826063.0288485473
140,Bahrain,2013,1,Male,846507.444301331
140,Bahrain,2014,1,Male,864471.2264357145
140,Bahrain,2015,1,Male,876257.1876268686
140,Bahrain,2016,1,Male,882492.6979169525
140,Bahrain,2017,1,Male,887960.042108735
140,Bahrain,2018,1,Male,892811.3975562833
140,Bahrain,2019,1,Male,897173.1491612868
140,Bahrain,1990,2,Female,213743.053428046
140,Bahrain,1991,2,Female,221180.3978028718
140,Bahrain,1992,2,Female,227737.4741708977
140,Bahrain,1993,2,Female,233807.3043133169
140,Bahrain,1994,2,Female,239647.9675315572
140,Bahrain,1995,2,Female,245419.7104136594
140,Bahrain,1996,2,Female,251212.006104204
140,Bahrain,1997,2,Female,257122.51769532432
140,Bahrain,1998,2,Female,263265.06883927283
140,Bahrain,1999,2,Female,269828.7604643318
140,Bahrain,2000,2,Female,277251.15195043565
140,Bahrain,2001,2,Female,286391.4352185048
140,Bahrain,2002,2,Female,299978.657960452
140,Bahrain,2003,2,Female,318507.5476827583
140,Bahrain,2004,2,Female,340096.19739644433
140,Bahrain,2005,2,Female,361418.4636216721
140,Bahrain,2006,2,Female,381743.6097137111
140,Bahrain,2007,2,Female,402927.7691492994
140,Bahrain,2008,2,Female,426271.40861628257
140,Bahrain,2009,2,Female,449621.9885241049
140,Bahrain,2010,2,Female,469302.0577063016
140,Bahrain,2011,2,Female,482552.4049618604
140,Bahrain,2012,2,Female,493952.3613136875
140,Bahrain,2013,2,Female,505174.6230891001
140,Bahrain,2014,2,Female,515503.4333539458
140,Bahrain,2015,2,Female,523668.1355179008
140,Bahrain,2016,2,Female,529773.5655326212
140,Bahrain,2017,2,Female,535393.3776745944
140,Bahrain,2018,2,Female,540612.9020247918
140,Bahrain,2019,2,Female,545518.1715089667
140,Bahrain,1990,3,Both,508048.342584489
140,Bahrain,1991,3,Both,524743.8611869486
140,Bahrain,1992,3,Both,538697.7955637602
140,Bahrain,1993,3,Both,551278.8950599006
140,Bahrain,1994,3,Both,563334.5837545979
140,Bahrain,1995,3,Both,575368.5653674684
140,Bahrain,1996,3,Both,587719.456226073
140,Bahrain,1997,3,Both,600724.5644260864
140,Bahrain,1998,3,Both,614763.0080923242
140,Bahrain,1999,3,Both,630438.8917231774
140,Bahrain,2000,3,Both,648855.9361974769
140,Bahrain,2001,3,Both,672205.1873534422
140,Bahrain,2002,3,Both,708662.9878249167
140,Bahrain,2003,3,Both,762097.755422997
140,Bahrain,2004,3,Both,827524.2619186308
140,Bahrain,2005,3,Both,893259.7822152918
140,Bahrain,2006,3,Both,956269.1299374284
140,Bahrain,2007,3,Both,1024004.6957310614
140,Bahrain,2008,3,Both,1102027.7178512472
140,Bahrain,2009,3,Both,1181941.6547616331
140,Bahrain,2010,3,Both,1248245.2918421377
140,Bahrain,2011,3,Both,1287883.644988997
140,Bahrain,2012,3,Both,1320015.390162235
140,Bahrain,2013,3,Both,1351682.067390431
140,Bahrain,2014,3,Both,1379974.6597896605
140,Bahrain,2015,3,Both,1399925.3231447693
140,Bahrain,2016,3,Both,1412266.2634495737
140,Bahrain,2017,3,Both,1423353.4197833294
140,Bahrain,2018,3,Both,1433424.299581075
140,Bahrain,2019,3,Both,1442691.3206702536
141,Egypt,1990,1,Male,28506761.004101567
141,Egypt,1991,1,Male,29080940.11274132
141,Egypt,1992,1,Male,29652195.21125431
141,Egypt,1993,1,Male,30221503.032435566
141,Egypt,1994,1,Male,30789426.37138285
141,Egypt,1995,1,Male,31365258.16669921
141,Egypt,1996,1,Male,31961860.4310086
141,Egypt,1997,1,Male,32587468.1993877
141,Egypt,1998,1,Male,33243020.882261384
141,Egypt,1999,1,Male,33928170.040200666
141,Egypt,2000,1,Male,34642993.49211882
141,Egypt,2001,1,Male,35382375.164897226
141,Egypt,2002,1,Male,36138918.82741926
141,Egypt,2003,1,Male,36911393.294552274
141,Egypt,2004,1,Male,37703564.20819157
141,Egypt,2005,1,Male,38524434.217178814
141,Egypt,2006,1,Male,39375744.24942918
141,Egypt,2007,1,Male,40255535.34732183
141,Egypt,2008,1,Male,41160697.25974913
141,Egypt,2009,1,Male,42083037.25759923
141,Egypt,2010,1,Male,43020005.20043859
141,Egypt,2011,1,Male,43970659.552590825
141,Egypt,2012,1,Male,44931568.15776352
141,Egypt,2013,1,Male,45898490.05178464
141,Egypt,2014,1,Male,46862826.05731715
141,Egypt,2015,1,Male,47808254.13935287
141,Egypt,2016,1,Male,48728583.24046381
141,Egypt,2017,1,Male,49627854.502603576
141,Egypt,2018,1,Male,50503991.50608002
141,Egypt,2019,1,Male,51361594.570320345
141,Egypt,1990,2,Female,27191243.5272408
141,Egypt,1991,2,Female,27733997.616908155
141,Egypt,1992,2,Female,28275757.360109493
141,Egypt,1993,2,Female,28817458.192696925
141,Egypt,1994,2,Female,29362049.07454177
141,Egypt,1995,2,Female,29918292.76689081
141,Egypt,1996,2,Female,30493495.531085044
141,Egypt,1997,2,Female,31092838.98965628
141,Egypt,1998,2,Female,31718197.29711928
141,Egypt,1999,2,Female,32370878.50648287
141,Egypt,2000,2,Female,33052167.376276214
141,Egypt,2001,2,Female,33756041.024873905
141,Egypt,2002,2,Female,34475333.19088752
141,Egypt,2003,2,Female,35210238.61372778
141,Egypt,2004,2,Female,35962676.75407304
141,Egypt,2005,2,Female,36733509.23348226
141,Egypt,2006,2,Female,37519768.656088
141,Egypt,2007,2,Female,38319043.56407177
141,Egypt,2008,2,Female,39129033.35972855
141,Egypt,2009,2,Female,39942422.84161328
141,Egypt,2010,2,Female,40755541.59276205
141,Egypt,2011,2,Female,41571091.48426751
141,Egypt,2012,2,Female,42385162.81002181
141,Egypt,2013,2,Female,43194181.34426932
141,Egypt,2014,2,Female,43994064.66823693
141,Egypt,2015,2,Female,44771311.780046366
141,Egypt,2016,2,Female,45525519.44992165
141,Egypt,2017,2,Female,46264358.83710697
141,Egypt,2018,2,Female,46990367.30812666
141,Egypt,2019,2,Female,47707956.59787989
141,Egypt,1990,3,Both,55698004.531342365
141,Egypt,1991,3,Both,56814937.72964947
141,Egypt,1992,3,Both,57927952.57136381
141,Egypt,1993,3,Both,59038961.22513249
141,Egypt,1994,3,Both,60151475.44592463
141,Egypt,1995,3,Both,61283550.933590025
141,Egypt,1996,3,Both,62455355.96209364
141,Egypt,1997,3,Both,63680307.18904398
141,Egypt,1998,3,Both,64961218.17938066
141,Egypt,1999,3,Both,66299048.54668354
141,Egypt,2000,3,Both,67695160.86839503
141,Egypt,2001,3,Both,69138416.18977113
141,Egypt,2002,3,Both,70614252.01830678
141,Egypt,2003,3,Both,72121631.90828004
141,Egypt,2004,3,Both,73666240.96226461
141,Egypt,2005,3,Both,75257943.45066108
141,Egypt,2006,3,Both,76895512.90551718
141,Egypt,2007,3,Both,78574578.9113936
141,Egypt,2008,3,Both,80289730.61947767
141,Egypt,2009,3,Both,82025460.09921251
141,Egypt,2010,3,Both,83775546.79320064
141,Egypt,2011,3,Both,85541751.03685834
141,Egypt,2012,3,Both,87316730.96778533
141,Egypt,2013,3,Both,89092671.39605395
141,Egypt,2014,3,Both,90856890.72555408
141,Egypt,2015,3,Both,92579565.91939925
141,Egypt,2016,3,Both,94254102.69038546
141,Egypt,2017,3,Both,95892213.33971056
141,Egypt,2018,3,Both,97494358.81420667
141,Egypt,2019,3,Both,99069551.16820022
142,Iran (Islamic Republic of),1990,1,Male,29922476.40783369
142,Iran (Islamic Republic of),1991,1,Male,30057842.26241501
142,Iran (Islamic Republic of),1992,1,Male,29884851.31720149
142,Iran (Islamic Republic of),1993,1,Male,30156951.812075045
142,Iran (Islamic Republic of),1994,1,Male,30677056.255533986
142,Iran (Islamic Republic of),1995,1,Male,31211096.415521804
142,Iran (Islamic Republic of),1996,1,Male,31789919.85305224
142,Iran (Islamic Republic of),1997,1,Male,32431522.93091554
142,Iran (Islamic Republic of),1998,1,Male,33123110.14775715
142,Iran (Islamic Republic of),1999,1,Male,33784844.28899935
142,Iran (Islamic Republic of),2000,1,Male,34341098.908232726
142,Iran (Islamic Republic of),2001,1,Male,34797493.16343495
142,Iran (Islamic Republic of),2002,1,Male,35292567.53359574
142,Iran (Islamic Republic of),2003,1,Male,35849833.52607475
142,Iran (Islamic Republic of),2004,1,Male,36313567.70708489
142,Iran (Islamic Republic of),2005,1,Male,36712594.4308525
142,Iran (Islamic Republic of),2006,1,Male,37125954.792202935
142,Iran (Islamic Republic of),2007,1,Male,37561919.18008921
142,Iran (Islamic Republic of),2008,1,Male,38010147.78093016
142,Iran (Islamic Republic of),2009,1,Male,38402998.80867256
142,Iran (Islamic Republic of),2010,1,Male,38750411.19578111
142,Iran (Islamic Republic of),2011,1,Male,39126840.02634446
142,Iran (Islamic Republic of),2012,1,Male,39574313.64470734
142,Iran (Islamic Republic of),2013,1,Male,40066020.66711663
142,Iran (Islamic Republic of),2014,1,Male,40551526.55964965
142,Iran (Islamic Republic of),2015,1,Male,41022528.37790618
142,Iran (Islamic Republic of),2016,1,Male,41493039.557019055
142,Iran (Islamic Republic of),2017,1,Male,41953072.72668531
142,Iran (Islamic Republic of),2018,1,Male,42395332.70285235
142,Iran (Islamic Republic of),2019,1,Male,42817477.69650213
142,Iran (Islamic Republic of),1990,2,Female,28617597.68654025
142,Iran (Islamic Republic of),1991,2,Female,28886571.69675504
142,Iran (Islamic Republic of),1992,2,Female,28894238.40786732
142,Iran (Islamic Republic of),1993,2,Female,29221847.489026863
142,Iran (Islamic Republic of),1994,2,Female,29725613.8444388
142,Iran (Islamic Republic of),1995,2,Female,30226994.171999022
142,Iran (Islamic Republic of),1996,2,Female,30750288.046105865
142,Iran (Islamic Republic of),1997,2,Female,31310249.76286936
142,Iran (Islamic Republic of),1998,2,Female,31903598.82260948
142,Iran (Islamic Republic of),1999,2,Female,32474628.72159396
142,Iran (Islamic Republic of),2000,2,Female,32970643.406775367
142,Iran (Islamic Republic of),2001,2,Female,33399616.11480341
142,Iran (Islamic Republic of),2002,2,Female,33868093.31539118
142,Iran (Islamic Republic of),2003,2,Female,34398921.41482329
142,Iran (Islamic Republic of),2004,2,Female,34880178.24632421
142,Iran (Islamic Republic of),2005,2,Female,35333938.27343648
142,Iran (Islamic Republic of),2006,2,Female,35820246.28027175
142,Iran (Islamic Republic of),2007,2,Female,36345187.82044443
142,Iran (Islamic Republic of),2008,2,Female,36887668.6371569
142,Iran (Islamic Republic of),2009,2,Female,37384628.49215062
142,Iran (Islamic Republic of),2010,2,Female,37830124.88598871
142,Iran (Islamic Republic of),2011,2,Female,38266552.46740033
142,Iran (Islamic Republic of),2012,2,Female,38713353.26707486
142,Iran (Islamic Republic of),2013,2,Female,39160698.9585433
142,Iran (Islamic Republic of),2014,2,Female,39580626.87940005
142,Iran (Islamic Republic of),2015,2,Female,39976241.45140454
142,Iran (Islamic Republic of),2016,2,Female,40365832.15043246
142,Iran (Islamic Republic of),2017,2,Female,40749658.12294658
142,Iran (Islamic Republic of),2018,2,Female,41121856.28152817
142,Iran (Islamic Republic of),2019,2,Female,41480404.446392514
142,Iran (Islamic Republic of),1990,3,Both,58540074.09437394
142,Iran (Islamic Republic of),1991,3,Both,58944413.95917006
142,Iran (Islamic Republic of),1992,3,Both,58779089.725068815
142,Iran (Islamic Republic of),1993,3,Both,59378799.30110191
142,Iran (Islamic Republic of),1994,3,Both,60402670.09997279
142,Iran (Islamic Republic of),1995,3,Both,61438090.58752083
142,Iran (Islamic Republic of),1996,3,Both,62540207.899158105
142,Iran (Islamic Republic of),1997,3,Both,63741772.6937849
142,Iran (Islamic Republic of),1998,3,Both,65026708.97036663
142,Iran (Islamic Republic of),1999,3,Both,66259473.010593295
142,Iran (Islamic Republic of),2000,3,Both,67311742.31500809
142,Iran (Islamic Republic of),2001,3,Both,68197109.27823837
142,Iran (Islamic Republic of),2002,3,Both,69160660.84898692
142,Iran (Islamic Republic of),2003,3,Both,70248754.94089805
142,Iran (Islamic Republic of),2004,3,Both,71193745.9534091
142,Iran (Islamic Republic of),2005,3,Both,72046532.70428899
142,Iran (Islamic Republic of),2006,3,Both,72946201.07247469
142,Iran (Islamic Republic of),2007,3,Both,73907107.00053364
142,Iran (Islamic Republic of),2008,3,Both,74897816.41808707
142,Iran (Islamic Republic of),2009,3,Both,75787627.30082317
142,Iran (Islamic Republic of),2010,3,Both,76580536.08176982
142,Iran (Islamic Republic of),2011,3,Both,77393392.49374479
142,Iran (Islamic Republic of),2012,3,Both,78287666.9117822
142,Iran (Islamic Republic of),2013,3,Both,79226719.62565993
142,Iran (Islamic Republic of),2014,3,Both,80132153.4390497
142,Iran (Islamic Republic of),2015,3,Both,80998769.82931073
142,Iran (Islamic Republic of),2016,3,Both,81858871.70745152
142,Iran (Islamic Republic of),2017,3,Both,82702730.84963189
142,Iran (Islamic Republic of),2018,3,Both,83517188.98438053
142,Iran (Islamic Republic of),2019,3,Both,84297882.14289464
143,Iraq,1990,1,Male,8977369.3567133
143,Iraq,1991,1,Male,9570420.14129724
143,Iraq,1992,1,Male,10309581.4968917
143,Iraq,1993,1,Male,10797854.850714631
143,Iraq,1994,1,Male,11198921.538721558
143,Iraq,1995,1,Male,11595103.246925153
143,Iraq,1996,1,Male,12016256.569722047
143,Iraq,1997,1,Male,12464332.999659045
143,Iraq,1998,1,Male,12927051.944627216
143,Iraq,1999,1,Male,13394355.526270827
143,Iraq,2000,1,Male,13862009.580367344
143,Iraq,2001,1,Male,14320906.862625372
143,Iraq,2002,1,Male,14734638.35340054
143,Iraq,2003,1,Male,15170081.914656203
143,Iraq,2004,1,Male,15498937.182677057
143,Iraq,2005,1,Male,15475712.738598024
143,Iraq,2006,1,Male,15513539.666618692
143,Iraq,2007,1,Male,15925124.830160024
143,Iraq,2008,1,Male,16408525.047054436
143,Iraq,2009,1,Male,16844017.96627461
143,Iraq,2010,1,Male,17408964.389755897
143,Iraq,2011,1,Male,18129673.71519833
143,Iraq,2012,1,Male,18802656.098027147
143,Iraq,2013,1,Male,19291201.955165185
143,Iraq,2014,1,Male,19659898.664369613
143,Iraq,2015,1,Male,20006930.17839553
143,Iraq,2016,1,Male,20379010.88255681
143,Iraq,2017,1,Male,20768947.664666764
143,Iraq,2018,1,Male,21165983.272088047
143,Iraq,2019,1,Male,21569197.250047334
143,Iraq,1990,2,Female,8619249.326775182
143,Iraq,1991,2,Female,9130491.504744222
143,Iraq,1992,2,Female,9755034.8103624
143,Iraq,1993,2,Female,10193038.403279517
143,Iraq,1994,2,Female,10568847.392885717
143,Iraq,1995,2,Female,10943386.109799547
143,Iraq,1996,2,Female,11338209.213650724
143,Iraq,1997,2,Female,11754754.80147503
143,Iraq,1998,2,Female,12183818.255927004
143,Iraq,1999,2,Female,12617634.520944826
143,Iraq,2000,2,Female,13052909.477208411
143,Iraq,2001,2,Female,13482513.316021834
143,Iraq,2002,2,Female,13879127.562657868
143,Iraq,2003,2,Female,14293362.86081441
143,Iraq,2004,2,Female,14631267.88059339
143,Iraq,2005,2,Female,14706980.601894418
143,Iraq,2006,2,Female,14821307.80011759
143,Iraq,2007,2,Female,15216145.070452178
143,Iraq,2008,2,Female,15666342.265540808
143,Iraq,2009,2,Female,16078303.733595457
143,Iraq,2010,2,Female,16586656.724183615
143,Iraq,2011,2,Female,17211355.37377688
143,Iraq,2012,2,Female,17801997.700751364
143,Iraq,2013,2,Female,18260050.2381752
143,Iraq,2014,2,Female,18634689.462462
143,Iraq,2015,2,Female,18994824.520821847
143,Iraq,2016,2,Female,19372336.33183303
143,Iraq,2017,2,Female,19762546.054253
143,Iraq,2018,2,Female,20154831.43258501
143,Iraq,2019,2,Female,20550292.690289028
143,Iraq,1990,3,Both,17596618.683488484
143,Iraq,1991,3,Both,18700911.646041464
143,Iraq,1992,3,Both,20064616.307254106
143,Iraq,1993,3,Both,20990893.253994152
143,Iraq,1994,3,Both,21767768.931607272
143,Iraq,1995,3,Both,22538489.35672469
143,Iraq,1996,3,Both,23354465.78337277
143,Iraq,1997,3,Both,24219087.801134072
143,Iraq,1998,3,Both,25110870.20055422
143,Iraq,1999,3,Both,26011990.04721565
143,Iraq,2000,3,Both,26914919.05757576
143,Iraq,2001,3,Both,27803420.178647205
143,Iraq,2002,3,Both,28613765.91605841
143,Iraq,2003,3,Both,29463444.77547061
143,Iraq,2004,3,Both,30130205.06327045
143,Iraq,2005,3,Both,30182693.34049244
143,Iraq,2006,3,Both,30334847.46673628
143,Iraq,2007,3,Both,31141269.9006122
143,Iraq,2008,3,Both,32074867.312595244
143,Iraq,2009,3,Both,32922321.69987007
143,Iraq,2010,3,Both,33995621.11393952
143,Iraq,2011,3,Both,35341029.08897521
143,Iraq,2012,3,Both,36604653.79877851
143,Iraq,2013,3,Both,37551252.19334038
143,Iraq,2014,3,Both,38294588.12683161
143,Iraq,2015,3,Both,39001754.69921738
143,Iraq,2016,3,Both,39751347.214389846
143,Iraq,2017,3,Both,40531493.71891976
143,Iraq,2018,3,Both,41320814.70467306
143,Iraq,2019,3,Both,42119489.94033636
144,Jordan,1990,1,Male,1975347.304726109
144,Jordan,1991,1,Male,2048943.7377613257
144,Jordan,1992,1,Male,2117192.6819725884
144,Jordan,1993,1,Male,2178828.161330825
144,Jordan,1994,1,Male,2232317.6185770324
144,Jordan,1995,1,Male,2276258.5598200643
144,Jordan,1996,1,Male,2312708.47275395
144,Jordan,1997,1,Male,2344380.247775197
144,Jordan,1998,1,Male,2375093.981229824
144,Jordan,1999,1,Male,2407081.077822409
144,Jordan,2000,1,Male,2440539.9296571626
144,Jordan,2001,1,Male,2479363.85534733
144,Jordan,2002,1,Male,2528965.5686712824
144,Jordan,2003,1,Male,2591552.281672684
144,Jordan,2004,1,Male,2740042.697057424
144,Jordan,2005,1,Male,2979905.5721176188
144,Jordan,2006,1,Male,3172027.543298696
144,Jordan,2007,1,Male,3305516.4100876385
144,Jordan,2008,1,Male,3452222.950561652
144,Jordan,2009,1,Male,3623780.93835136
144,Jordan,2010,1,Male,3797520.8775204057
144,Jordan,2011,1,Male,4010544.139193471
144,Jordan,2012,1,Male,4312657.180127154
144,Jordan,2013,1,Male,4611694.291141565
144,Jordan,2014,1,Male,4874115.112362248
144,Jordan,2015,1,Male,5143360.039216156
144,Jordan,2016,1,Male,5414780.073606946
144,Jordan,2017,1,Male,5686377.46421833
144,Jordan,2018,1,Male,5952367.8724566605
144,Jordan,2019,1,Male,6214669.240191141
144,Jordan,1990,2,Female,1797774.7619679568
144,Jordan,1991,2,Female,1864726.0894053304
144,Jordan,1992,2,Female,1928384.453821768
144,Jordan,1993,2,Female,1987797.845598272
144,Jordan,1994,2,Female,2041688.476421662
144,Jordan,1995,2,Female,2088878.5807154365
144,Jordan,1996,2,Female,2130763.512184265
144,Jordan,1997,2,Female,2169446.9306309125
144,Jordan,1998,2,Female,2207810.4482032247
144,Jordan,1999,2,Female,2247446.7130977185
144,Jordan,2000,2,Female,2288512.250007104
144,Jordan,2001,2,Female,2333782.8836462805
144,Jordan,2002,2,Female,2387261.553739514
144,Jordan,2003,2,Female,2450836.655698358
144,Jordan,2004,2,Female,2578278.0292574004
144,Jordan,2005,2,Female,2773448.154882334
144,Jordan,2006,2,Female,2934454.051982011
144,Jordan,2007,2,Female,3054603.5923916646
144,Jordan,2008,2,Female,3184971.895247
144,Jordan,2009,2,Female,3333289.881280517
144,Jordan,2010,2,Female,3483147.801797848
144,Jordan,2011,2,Female,3660484.823311929
144,Jordan,2012,2,Female,3900053.193810529
144,Jordan,2013,2,Female,4136687.040468265
144,Jordan,2014,2,Female,4347577.1348178135
144,Jordan,2015,2,Female,4563087.772411712
144,Jordan,2016,2,Female,4780184.390824088
144,Jordan,2017,2,Female,4997337.64045408
144,Jordan,2018,2,Female,5210817.026486228
144,Jordan,2019,2,Female,5422047.42652395
144,Jordan,1990,3,Both,3773122.066694066
144,Jordan,1991,3,Both,3913669.827166657
144,Jordan,1992,3,Both,4045577.135794356
144,Jordan,1993,3,Both,4166626.0069290968
144,Jordan,1994,3,Both,4274006.094998694
144,Jordan,1995,3,Both,4365137.140535501
144,Jordan,1996,3,Both,4443471.984938216
144,Jordan,1997,3,Both,4513827.17840611
144,Jordan,1998,3,Both,4582904.429433049
144,Jordan,1999,3,Both,4654527.790920127
144,Jordan,2000,3,Both,4729052.179664266
144,Jordan,2001,3,Both,4813146.73899361
144,Jordan,2002,3,Both,4916227.122410797
144,Jordan,2003,3,Both,5042388.937371042
144,Jordan,2004,3,Both,5318320.726314824
144,Jordan,2005,3,Both,5753353.726999952
144,Jordan,2006,3,Both,6106481.595280708
144,Jordan,2007,3,Both,6360120.002479303
144,Jordan,2008,3,Both,6637194.845808651
144,Jordan,2009,3,Both,6957070.819631877
144,Jordan,2010,3,Both,7280668.679318253
144,Jordan,2011,3,Both,7671028.9625054
144,Jordan,2012,3,Both,8212710.373937682
144,Jordan,2013,3,Both,8748381.33160983
144,Jordan,2014,3,Both,9221692.24718006
144,Jordan,2015,3,Both,9706447.811627869
144,Jordan,2016,3,Both,10194964.464431034
144,Jordan,2017,3,Both,10683715.10467241
144,Jordan,2018,3,Both,11163184.89894289
144,Jordan,2019,3,Both,11636716.666715091
145,Kuwait,1990,1,Male,1008210.1880623264
145,Kuwait,1991,1,Male,993524.3214465016
145,Kuwait,1992,1,Male,977251.8425527392
145,Kuwait,1993,1,Male,961709.0573551968
145,Kuwait,1994,1,Male,948188.4247189796
145,Kuwait,1995,1,Male,966834.5789181796
145,Kuwait,1996,1,Male,1019695.1987894616
145,Kuwait,1997,1,Male,1058805.1276875422
145,Kuwait,1998,1,Male,1081104.6921070784
145,Kuwait,1999,1,Male,1107731.3420632055
145,Kuwait,2000,1,Male,1139504.0149059547
145,Kuwait,2001,1,Male,1171661.4862464638
145,Kuwait,2002,1,Male,1203385.9597148022
145,Kuwait,2003,1,Male,1246393.266008783
145,Kuwait,2004,1,Male,1302294.2301458204
145,Kuwait,2005,1,Male,1367925.7251212066
145,Kuwait,2006,1,Male,1441215.8284737812
145,Kuwait,2007,1,Male,1509945.8207449638
145,Kuwait,2008,1,Male,1572321.007294226
145,Kuwait,2009,1,Male,1641472.9087062953
145,Kuwait,2010,1,Male,1717974.1972242156
145,Kuwait,2011,1,Male,1796014.587001565
145,Kuwait,2012,1,Male,1873817.5020766528
145,Kuwait,2013,1,Male,1950212.3696327684
145,Kuwait,2014,1,Male,2024993.794359296
145,Kuwait,2015,1,Male,2097814.696851332
145,Kuwait,2016,1,Male,2168607.156324918
145,Kuwait,2017,1,Male,2237873.1806073766
145,Kuwait,2018,1,Male,2305567.617954801
145,Kuwait,2019,1,Male,2371461.393575516
145,Kuwait,1990,2,Female,751225.2614026421
145,Kuwait,1991,2,Female,734615.923508413
145,Kuwait,1992,2,Female,716910.6533505083
145,Kuwait,1993,2,Female,700412.7448120863
145,Kuwait,1994,2,Female,685821.7636227576
145,Kuwait,1995,2,Female,691235.5186458876
145,Kuwait,1996,2,Female,716958.5414572333
145,Kuwait,1997,2,Female,734758.1319240298
145,Kuwait,1998,2,Female,743681.921412714
145,Kuwait,1999,2,Female,756410.4228538136
145,Kuwait,2000,2,Female,773545.0095190707
145,Kuwait,2001,2,Female,792490.8339668066
145,Kuwait,2002,2,Female,813261.8263130928
145,Kuwait,2003,2,Female,842724.0392519834
145,Kuwait,2004,2,Female,882376.9864730405
145,Kuwait,2005,2,Female,931602.490884521
145,Kuwait,2006,2,Female,990665.9767621448
145,Kuwait,2007,2,Female,1052560.4531054087
145,Kuwait,2008,2,Female,1116030.545455827
145,Kuwait,2009,2,Female,1188224.328145441
145,Kuwait,2010,2,Female,1268862.5589037251
145,Kuwait,2011,2,Female,1353731.8498335164
145,Kuwait,2012,2,Female,1440673.6829229824
145,Kuwait,2013,2,Female,1528768.8162081807
145,Kuwait,2014,2,Female,1617378.6945507736
145,Kuwait,2015,2,Female,1705936.6869983189
145,Kuwait,2016,2,Female,1794097.5680144024
145,Kuwait,2017,2,Female,1881820.2472658472
145,Kuwait,2018,2,Female,1968883.5914130183
145,Kuwait,2019,2,Female,2055099.844304684
145,Kuwait,1990,3,Both,1759435.4494649686
145,Kuwait,1991,3,Both,1728140.2449549148
145,Kuwait,1992,3,Both,1694162.4959032473
145,Kuwait,1993,3,Both,1662121.8021672831
145,Kuwait,1994,3,Both,1634010.1883417373
145,Kuwait,1995,3,Both,1658070.0975640672
145,Kuwait,1996,3,Both,1736653.740246695
145,Kuwait,1997,3,Both,1793563.259611572
145,Kuwait,1998,3,Both,1824786.6135197924
145,Kuwait,1999,3,Both,1864141.7649170195
145,Kuwait,2000,3,Both,1913049.024425025
145,Kuwait,2001,3,Both,1964152.3202132704
145,Kuwait,2002,3,Both,2016647.786027895
145,Kuwait,2003,3,Both,2089117.3052607663
145,Kuwait,2004,3,Both,2184671.216618861
145,Kuwait,2005,3,Both,2299528.216005728
145,Kuwait,2006,3,Both,2431881.805235926
145,Kuwait,2007,3,Both,2562506.2738503725
145,Kuwait,2008,3,Both,2688351.552750053
145,Kuwait,2009,3,Both,2829697.2368517364
145,Kuwait,2010,3,Both,2986836.7561279405
145,Kuwait,2011,3,Both,3149746.4368350813
145,Kuwait,2012,3,Both,3314491.184999635
145,Kuwait,2013,3,Both,3478981.185840949
145,Kuwait,2014,3,Both,3642372.4889100697
145,Kuwait,2015,3,Both,3803751.38384965
145,Kuwait,2016,3,Both,3962704.72433932
145,Kuwait,2017,3,Both,4119693.427873224
145,Kuwait,2018,3,Both,4274451.209367819
145,Kuwait,2019,3,Both,4426561.237880199
146,Lebanon,1990,1,Male,1654458.8026288913
146,Lebanon,1991,1,Male,1678510.405509738
146,Lebanon,1992,1,Male,1701303.410531636
146,Lebanon,1993,1,Male,1723576.879081976
146,Lebanon,1994,1,Male,1746538.55554843
146,Lebanon,1995,1,Male,1769133.0983455705
146,Lebanon,1996,1,Male,1790177.4018327834
146,Lebanon,1997,1,Male,1810074.4960376865
146,Lebanon,1998,1,Male,1829108.9020326447
146,Lebanon,1999,1,Male,1847038.7296996568
146,Lebanon,2000,1,Male,1862093.7292132392
146,Lebanon,2001,1,Male,1874697.7632514816
146,Lebanon,2002,1,Male,1889714.783389376
146,Lebanon,2003,1,Male,1907069.211730281
146,Lebanon,2004,1,Male,1925995.536415764
146,Lebanon,2005,1,Male,1949404.3966040183
146,Lebanon,2006,1,Male,1973241.1853477
146,Lebanon,2007,1,Male,1992299.608231194
146,Lebanon,2008,1,Male,2005215.0549534387
146,Lebanon,2009,1,Male,2015441.4731225336
146,Lebanon,2010,1,Male,2040992.8361893503
146,Lebanon,2011,1,Male,2141248.6526408624
146,Lebanon,2012,1,Male,2319301.502989056
146,Lebanon,2013,1,Male,2451999.828437733
146,Lebanon,2014,1,Male,2482574.805716134
146,Lebanon,2015,1,Male,2486688.8972585485
146,Lebanon,2016,1,Male,2497236.940421917
146,Lebanon,2017,1,Male,2509588.8975481424
146,Lebanon,2018,1,Male,2526682.613858519
146,Lebanon,2019,1,Male,2547647.708634746
146,Lebanon,1990,2,Female,1620637.7863039777
146,Lebanon,1991,2,Female,1644496.6263751944
146,Lebanon,1992,2,Female,1667145.3697581238
146,Lebanon,1993,2,Female,1689450.232783937
146,Lebanon,1994,2,Female,1712338.0876141884
146,Lebanon,1995,2,Female,1735036.6326349508
146,Lebanon,1996,2,Female,1756758.8559543616
146,Lebanon,1997,2,Female,1778030.200957478
146,Lebanon,1998,2,Female,1799253.8827118825
146,Lebanon,1999,2,Female,1820465.198475396
146,Lebanon,2000,2,Female,1840459.727765857
146,Lebanon,2001,2,Female,1859556.987279712
146,Lebanon,2002,2,Female,1881367.5544931467
146,Lebanon,2003,2,Female,1905846.213210587
146,Lebanon,2004,2,Female,1932417.6025351528
146,Lebanon,2005,2,Female,1963197.867888333
146,Lebanon,2006,2,Female,1995083.5950463216
146,Lebanon,2007,2,Female,2023941.503374048
146,Lebanon,2008,2,Female,2048408.7913321075
146,Lebanon,2009,2,Female,2070978.3829322832
146,Lebanon,2010,2,Female,2105157.2944759107
146,Lebanon,2011,2,Female,2196164.0071620825
146,Lebanon,2012,2,Female,2345476.376898855
146,Lebanon,2013,2,Female,2460211.699895177
146,Lebanon,2014,2,Female,2500910.744635303
146,Lebanon,2015,2,Female,2522002.608254069
146,Lebanon,2016,2,Female,2546751.0425621835
146,Lebanon,2017,2,Female,2571905.7615715456
146,Lebanon,2018,2,Female,2599656.187492884
146,Lebanon,2019,2,Female,2629421.1915391674
146,Lebanon,1990,3,Both,3275096.588932869
146,Lebanon,1991,3,Both,3323007.031884933
146,Lebanon,1992,3,Both,3368448.78028976
146,Lebanon,1993,3,Both,3413027.111865913
146,Lebanon,1994,3,Both,3458876.6431626184
146,Lebanon,1995,3,Both,3504169.730980521
146,Lebanon,1996,3,Both,3546936.257787145
146,Lebanon,1997,3,Both,3588104.6969951643
146,Lebanon,1998,3,Both,3628362.784744527
146,Lebanon,1999,3,Both,3667503.9281750526
146,Lebanon,2000,3,Both,3702553.456979096
146,Lebanon,2001,3,Both,3734254.750531194
146,Lebanon,2002,3,Both,3771082.337882523
146,Lebanon,2003,3,Both,3812915.424940868
146,Lebanon,2004,3,Both,3858413.138950916
146,Lebanon,2005,3,Both,3912602.264492352
146,Lebanon,2006,3,Both,3968324.780394021
146,Lebanon,2007,3,Both,4016241.111605242
146,Lebanon,2008,3,Both,4053623.846285546
146,Lebanon,2009,3,Both,4086419.856054817
146,Lebanon,2010,3,Both,4146150.130665261
146,Lebanon,2011,3,Both,4337412.659802944
146,Lebanon,2012,3,Both,4664777.879887911
146,Lebanon,2013,3,Both,4912211.528332911
146,Lebanon,2014,3,Both,4983485.550351437
146,Lebanon,2015,3,Both,5008691.505512618
146,Lebanon,2016,3,Both,5043987.9829841005
146,Lebanon,2017,3,Both,5081494.659119688
146,Lebanon,2018,3,Both,5126338.801351403
146,Lebanon,2019,3,Both,5177068.900173914
147,Libya,1990,1,Male,2215208.1031008246
147,Libya,1991,1,Male,2230700.089317353
147,Libya,1992,1,Male,2244301.3943779687
147,Libya,1993,1,Male,2257902.6788138
147,Libya,1994,1,Male,2275321.3143517096
147,Libya,1995,1,Male,2302418.0605396163
147,Libya,1996,1,Male,2349993.075286685
147,Libya,1997,1,Male,2407735.286921375
147,Libya,1998,1,Male,2471554.674979404
147,Libya,1999,1,Male,2537820.408542012
147,Libya,2000,1,Male,2605115.26115444
147,Libya,2001,1,Male,2672918.24787244
147,Libya,2002,1,Male,2741034.0910165138
147,Libya,2003,1,Male,2809055.1319711832
147,Libya,2004,1,Male,2875561.036269146
147,Libya,2005,1,Male,2939758.0809985795
147,Libya,2006,1,Male,3002153.0691753253
147,Libya,2007,1,Male,3058216.7709368826
147,Libya,2008,1,Male,3107768.544471651
147,Libya,2009,1,Male,3132491.9434222216
147,Libya,2010,1,Male,3153954.87125778
147,Libya,2011,1,Male,3212567.7705362914
147,Libya,2012,1,Male,3273202.3588000825
147,Libya,2013,1,Male,3312164.5697008404
147,Libya,2014,1,Male,3343040.6299419645
147,Libya,2015,1,Male,3370788.7372221933
147,Libya,2016,1,Male,3399386.666183282
147,Libya,2017,1,Male,3428161.0524752587
147,Libya,2018,1,Male,3454646.4089353867
147,Libya,2019,1,Male,3478862.9260182725
147,Libya,1990,2,Female,2021687.0575611584
147,Libya,1991,2,Female,2061063.830230351
147,Libya,1992,2,Female,2100494.0110250493
147,Libya,1993,2,Female,2140459.302679456
147,Libya,1994,2,Female,2181890.466365136
147,Libya,1995,2,Female,2225695.621455366
147,Libya,1996,2,Female,2273346.320310124
147,Libya,1997,2,Female,2322700.346355607
147,Libya,1998,2,Female,2373283.2389730057
147,Libya,1999,2,Female,2424138.778710396
147,Libya,2000,2,Female,2475080.6820375584
147,Libya,2001,2,Female,2526256.346275803
147,Libya,2002,2,Female,2577785.7454347224
147,Libya,2003,2,Female,2629409.1010637707
147,Libya,2004,2,Female,2680015.6012246474
147,Libya,2005,2,Female,2729402.9512695824
147,Libya,2006,2,Female,2779131.710155453
147,Libya,2007,2,Female,2827897.3348847227
147,Libya,2008,2,Female,2873640.3708511577
147,Libya,2009,2,Female,2902580.06260266
147,Libya,2010,2,Female,2929094.976196435
147,Libya,2011,2,Female,2982446.6351763736
147,Libya,2012,2,Female,3037147.9755386505
147,Libya,2013,2,Female,3075420.929112031
147,Libya,2014,2,Female,3108467.1096757334
147,Libya,2015,2,Female,3139796.573156936
147,Libya,2016,2,Female,3171272.1426663087
147,Libya,2017,2,Female,3201991.864113456
147,Libya,2018,2,Female,3230325.060882028
147,Libya,2019,2,Female,3256680.14363038
147,Libya,1990,3,Both,4236895.160661982
147,Libya,1991,3,Both,4291763.919547704
147,Libya,1992,3,Both,4344795.405403018
147,Libya,1993,3,Both,4398361.981493256
147,Libya,1994,3,Both,4457211.780716845
147,Libya,1995,3,Both,4528113.681994982
147,Libya,1996,3,Both,4623339.395596809
147,Libya,1997,3,Both,4730435.633276982
147,Libya,1998,3,Both,4844837.91395241
147,Libya,1999,3,Both,4961959.187252408
147,Libya,2000,3,Both,5080195.943191998
147,Libya,2001,3,Both,5199174.594148243
147,Libya,2002,3,Both,5318819.836451236
147,Libya,2003,3,Both,5438464.2330349535
147,Libya,2004,3,Both,5555576.637493794
147,Libya,2005,3,Both,5669161.032268163
147,Libya,2006,3,Both,5781284.779330779
147,Libya,2007,3,Both,5886114.105821606
147,Libya,2008,3,Both,5981408.915322809
147,Libya,2009,3,Both,6035072.006024881
147,Libya,2010,3,Both,6083049.847454215
147,Libya,2011,3,Both,6195014.405712665
147,Libya,2012,3,Both,6310350.334338733
147,Libya,2013,3,Both,6387585.498812871
147,Libya,2014,3,Both,6451507.739617698
147,Libya,2015,3,Both,6510585.310379129
147,Libya,2016,3,Both,6570658.808849591
147,Libya,2017,3,Both,6630152.916588715
147,Libya,2018,3,Both,6684971.469817414
147,Libya,2019,3,Both,6735543.069648652
148,Morocco,1990,1,Male,12606438.569704128
148,Morocco,1991,1,Male,12840777.961575482
148,Morocco,1992,1,Male,13069702.080437234
148,Morocco,1993,1,Male,13291910.00797761
148,Morocco,1994,1,Male,13509438.938987616
148,Morocco,1995,1,Male,13721663.659898002
148,Morocco,1996,1,Male,13928631.19791842
148,Morocco,1997,1,Male,14131003.381062737
148,Morocco,1998,1,Male,14328604.757267876
148,Morocco,1999,1,Male,14521923.82216564
148,Morocco,2000,1,Male,14714004.855671698
148,Morocco,2001,1,Male,14907339.111420527
148,Morocco,2002,1,Male,15101675.747784415
148,Morocco,2003,1,Male,15295709.538189538
148,Morocco,2004,1,Male,15489617.537676243
148,Morocco,2005,1,Male,15685489.177562378
148,Morocco,2006,1,Male,15882090.716803404
148,Morocco,2007,1,Male,16078293.625628391
148,Morocco,2008,1,Male,16273232.453994364
148,Morocco,2009,1,Male,16466300.993870938
148,Morocco,2010,1,Male,16657159.5312013
148,Morocco,2011,1,Male,16845415.978376813
148,Morocco,2012,1,Male,17029787.382226907
148,Morocco,2013,1,Male,17203455.091233104
148,Morocco,2014,1,Male,17366269.154425938
148,Morocco,2015,1,Male,17523466.24931843
148,Morocco,2016,1,Male,17673593.829138484
148,Morocco,2017,1,Male,17815392.165767483
148,Morocco,2018,1,Male,17948832.81266932
148,Morocco,2019,1,Male,18077826.46414976
148,Morocco,1990,2,Female,12690066.139445558
148,Morocco,1991,2,Female,12937755.397110827
148,Morocco,1992,2,Female,13183254.288046246
148,Morocco,1993,2,Female,13425817.900040872
148,Morocco,1994,2,Female,13665033.679835057
148,Morocco,1995,2,Female,13900516.39655457
148,Morocco,1996,2,Female,14132555.320605606
148,Morocco,1997,2,Female,14360996.635209316
148,Morocco,1998,2,Female,14585960.310200766
148,Morocco,1999,2,Female,14807326.20123337
148,Morocco,2000,2,Female,15024630.428489564
148,Morocco,2001,2,Female,15237352.032558097
148,Morocco,2002,2,Female,15444032.2100163
148,Morocco,2003,2,Female,15643640.943527125
148,Morocco,2004,2,Female,15835058.397101482
148,Morocco,2005,2,Female,16017015.70335435
148,Morocco,2006,2,Female,16190124.773805974
148,Morocco,2007,2,Female,16354685.696629845
148,Morocco,2008,2,Female,16511380.181770392
148,Morocco,2009,2,Female,16661172.069941605
148,Morocco,2010,2,Female,16804908.149246342
148,Morocco,2011,2,Female,16943466.59627386
148,Morocco,2012,2,Female,17077245.330774285
148,Morocco,2013,2,Female,17206340.743186556
148,Morocco,2014,2,Female,17330838.28254046
148,Morocco,2015,2,Female,17450815.979640555
148,Morocco,2016,2,Female,17565197.478982102
148,Morocco,2017,2,Female,17673172.023445446
148,Morocco,2018,2,Female,17774976.140098184
148,Morocco,2019,2,Female,17874359.07315209
148,Morocco,1990,3,Both,25296504.709149685
148,Morocco,1991,3,Both,25778533.35868631
148,Morocco,1992,3,Both,26252956.36848348
148,Morocco,1993,3,Both,26717727.90801848
148,Morocco,1994,3,Both,27174472.61882267
148,Morocco,1995,3,Both,27622180.05645257
148,Morocco,1996,3,Both,28061186.518524025
148,Morocco,1997,3,Both,28492000.016272053
148,Morocco,1998,3,Both,28914565.067468643
148,Morocco,1999,3,Both,29329250.02339901
148,Morocco,2000,3,Both,29738635.284161262
148,Morocco,2001,3,Both,30144691.14397862
148,Morocco,2002,3,Both,30545707.95780072
148,Morocco,2003,3,Both,30939350.48171666
148,Morocco,2004,3,Both,31324675.934777725
148,Morocco,2005,3,Both,31702504.88091673
148,Morocco,2006,3,Both,32072215.490609378
148,Morocco,2007,3,Both,32432979.32225824
148,Morocco,2008,3,Both,32784612.635764755
148,Morocco,2009,3,Both,33127473.063812543
148,Morocco,2010,3,Both,33462067.68044764
148,Morocco,2011,3,Both,33788882.574650675
148,Morocco,2012,3,Both,34107032.71300119
148,Morocco,2013,3,Both,34409795.83441966
148,Morocco,2014,3,Both,34697107.4369664
148,Morocco,2015,3,Both,34974282.22895898
148,Morocco,2016,3,Both,35238791.308120586
148,Morocco,2017,3,Both,35488564.18921293
148,Morocco,2018,3,Both,35723808.9527675
148,Morocco,2019,3,Both,35952185.53730185
149,Palestine,1990,1,Male,1043023.911118384
149,Palestine,1991,1,Male,1085687.691438886
149,Palestine,1992,1,Male,1130356.6489976502
149,Palestine,1993,1,Male,1177057.187021141
149,Palestine,1994,1,Male,1225836.846101222
149,Palestine,1995,1,Male,1276623.7452586617
149,Palestine,1996,1,Male,1329238.8392171997
149,Palestine,1997,1,Male,1383532.9461963666
149,Palestine,1998,1,Male,1439379.016420859
149,Palestine,1999,1,Male,1496502.6499489318
149,Palestine,2000,1,Male,1553943.9879816314
149,Palestine,2001,1,Male,1611092.000604519
149,Palestine,2002,1,Male,1668005.084071264
149,Palestine,2003,1,Male,1725167.6323859128
149,Palestine,2004,1,Male,1782648.3664187095
149,Palestine,2005,1,Male,1840235.512138629
149,Palestine,2006,1,Male,1896934.9967236507
149,Palestine,2007,1,Male,1952662.7895274973
149,Palestine,2008,1,Male,2006627.9697262663
149,Palestine,2009,1,Male,2057971.2196555096
149,Palestine,2010,1,Male,2109750.8901736643
149,Palestine,2011,1,Male,2161767.113951666
149,Palestine,2012,1,Male,2211841.774163309
149,Palestine,2013,1,Male,2260396.6543245115
149,Palestine,2014,1,Male,2307643.757057625
149,Palestine,2015,1,Male,2353352.911204728
149,Palestine,2016,1,Male,2397808.757894955
149,Palestine,2017,1,Male,2441083.566031089
149,Palestine,2018,1,Male,2483275.791781788
149,Palestine,2019,1,Male,2525210.128986567
149,Palestine,1990,2,Female,1027003.1312565382
149,Palestine,1991,2,Female,1065672.185448084
149,Palestine,1992,2,Female,1106216.3437980183
149,Palestine,1993,2,Female,1148672.0848681943
149,Palestine,1994,2,Female,1193073.6868380622
149,Palestine,1995,2,Female,1239398.4629483016
149,Palestine,1996,2,Female,1287571.2656246938
149,Palestine,1997,2,Female,1337554.0457114873
149,Palestine,1998,2,Female,1389344.369881716
149,Palestine,1999,2,Female,1442755.9998439697
149,Palestine,2000,2,Female,1497260.247595399
149,Palestine,2001,2,Female,1552482.9522978987
149,Palestine,2002,2,Female,1608335.410769846
149,Palestine,2003,2,Female,1664863.241158635
149,Palestine,2004,2,Female,1721863.5769384778
149,Palestine,2005,2,Female,1778993.3633287607
149,Palestine,2006,2,Female,1835518.5663988923
149,Palestine,2007,2,Female,1891017.193656446
149,Palestine,2008,2,Female,1944707.632366957
149,Palestine,2009,2,Female,1996134.5124741527
149,Palestine,2010,2,Female,2046555.334168442
149,Palestine,2011,2,Female,2095812.9787550208
149,Palestine,2012,2,Female,2143011.5016356152
149,Palestine,2013,2,Female,2188384.6918501374
149,Palestine,2014,2,Female,2232148.534398308
149,Palestine,2015,2,Female,2274305.293352257
149,Palestine,2016,2,Female,2314960.120767323
149,Palestine,2017,2,Female,2354330.9343703794
149,Palestine,2018,2,Female,2392887.828647965
149,Palestine,2019,2,Female,2431386.538876754
149,Palestine,1990,3,Both,2070027.0423749224
149,Palestine,1991,3,Both,2151359.8768869704
149,Palestine,1992,3,Both,2236572.992795669
149,Palestine,1993,3,Both,2325729.2718893355
149,Palestine,1994,3,Both,2418910.532939284
149,Palestine,1995,3,Both,2516022.208206964
149,Palestine,1996,3,Both,2616810.104841893
149,Palestine,1997,3,Both,2721086.9919078536
149,Palestine,1998,3,Both,2828723.386302575
149,Palestine,1999,3,Both,2939258.649792901
149,Palestine,2000,3,Both,3051204.2355770306
149,Palestine,2001,3,Both,3163574.9529024176
149,Palestine,2002,3,Both,3276340.49484111
149,Palestine,2003,3,Both,3390030.873544548
149,Palestine,2004,3,Both,3504511.943357188
149,Palestine,2005,3,Both,3619228.87546739
149,Palestine,2006,3,Both,3732453.563122543
149,Palestine,2007,3,Both,3843679.983183943
149,Palestine,2008,3,Both,3951335.602093224
149,Palestine,2009,3,Both,4054105.7321296623
149,Palestine,2010,3,Both,4156306.2243421054
149,Palestine,2011,3,Both,4257580.092706688
149,Palestine,2012,3,Both,4354853.275798924
149,Palestine,2013,3,Both,4448781.346174649
149,Palestine,2014,3,Both,4539792.291455933
149,Palestine,2015,3,Both,4627658.204556985
149,Palestine,2016,3,Both,4712768.878662278
149,Palestine,2017,3,Both,4795414.500401469
149,Palestine,2018,3,Both,4876163.620429753
149,Palestine,2019,3,Both,4956596.6678633215
150,Oman,1990,1,Male,1133661.8470676253
150,Oman,1991,1,Male,1161345.849909345
150,Oman,1992,1,Male,1199197.157901042
150,Oman,1993,1,Male,1229563.1765322974
150,Oman,1994,1,Male,1236445.8704374807
150,Oman,1995,1,Male,1235941.1507404775
150,Oman,1996,1,Male,1254283.9406678414
150,Oman,1997,1,Male,1288302.9508143596
150,Oman,1998,1,Male,1309218.1958444798
150,Oman,1999,1,Male,1297729.1594048932
150,Oman,2000,1,Male,1283017.997887621
150,Oman,2001,1,Male,1301694.8374044604
150,Oman,2002,1,Male,1343328.7941749713
150,Oman,2003,1,Male,1359878.0894849144
150,Oman,2004,1,Male,1328831.074419705
150,Oman,2005,1,Male,1306483.6948901862
150,Oman,2006,1,Male,1349509.4007488145
150,Oman,2007,1,Male,1435443.7789651563
150,Oman,2008,1,Male,1496946.590916125
150,Oman,2009,1,Male,1538172.469365361
150,Oman,2010,1,Male,1654285.1054231515
150,Oman,2011,1,Male,1942620.202623335
150,Oman,2012,1,Male,2313668.3638309888
150,Oman,2013,1,Male,2497327.947811419
150,Oman,2014,1,Male,2561686.889755445
150,Oman,2015,1,Male,2670720.738963702
150,Oman,2016,1,Male,2864990.864887827
150,Oman,2017,1,Male,2960671.909870336
150,Oman,2018,1,Male,2939302.6836387087
150,Oman,2019,1,Male,2954728.5617390326
150,Oman,1990,2,Female,809534.8206056319
150,Oman,1991,2,Female,832771.2335066076
150,Oman,1992,2,Female,855672.203629849
150,Oman,1993,2,Female,877991.2676195777
150,Oman,1994,2,Female,899551.0391558196
150,Oman,1995,2,Female,920550.747564374
150,Oman,1996,2,Female,941185.0911990334
150,Oman,1997,2,Female,961481.5840592332
150,Oman,1998,2,Female,980981.666627057
150,Oman,1999,2,Female,999450.25209461
150,Oman,2000,2,Female,1017298.0822335904
150,Oman,2001,2,Female,1034448.3655695848
150,Oman,2002,2,Female,1050174.9743325366
150,Oman,2003,2,Female,1063530.154615594
150,Oman,2004,2,Female,1074013.643228494
150,Oman,2005,2,Female,1083705.798596944
150,Oman,2006,2,Female,1094551.737182903
150,Oman,2007,2,Female,1107977.717066578
150,Oman,2008,2,Female,1125651.649725357
150,Oman,2009,2,Female,1149848.5989383117
150,Oman,2010,2,Female,1183673.459436532
150,Oman,2011,2,Female,1230722.5409753611
150,Oman,2012,2,Female,1286555.8394866849
150,Oman,2013,2,Female,1344771.3253720289
150,Oman,2014,2,Female,1400599.574246884
150,Oman,2015,2,Female,1455091.231221908
150,Oman,2016,2,Female,1506351.263455054
150,Oman,2017,2,Female,1548677.0738243342
150,Oman,2018,2,Female,1589282.3951239972
150,Oman,2019,2,Female,1629270.0156340718
150,Oman,1990,3,Both,1943196.6676732567
150,Oman,1991,3,Both,1994117.0834159525
150,Oman,1992,3,Both,2054869.361530891
150,Oman,1993,3,Both,2107554.444151875
150,Oman,1994,3,Both,2135996.9095933004
150,Oman,1995,3,Both,2156491.898304852
150,Oman,1996,3,Both,2195469.031866875
150,Oman,1997,3,Both,2249784.534873593
150,Oman,1998,3,Both,2290199.8624715367
150,Oman,1999,3,Both,2297179.411499503
150,Oman,2000,3,Both,2300316.080121212
150,Oman,2001,3,Both,2336143.202974045
150,Oman,2002,3,Both,2393503.768507508
150,Oman,2003,3,Both,2423408.2441005087
150,Oman,2004,3,Both,2402844.717648199
150,Oman,2005,3,Both,2390189.49348713
150,Oman,2006,3,Both,2444061.137931718
150,Oman,2007,3,Both,2543421.496031734
150,Oman,2008,3,Both,2622598.240641482
150,Oman,2009,3,Both,2688021.068303672
150,Oman,2010,3,Both,2837958.564859684
150,Oman,2011,3,Both,3173342.7435986963
150,Oman,2012,3,Both,3600224.2033176734
150,Oman,2013,3,Both,3842099.273183448
150,Oman,2014,3,Both,3962286.4640023294
150,Oman,2015,3,Both,4125811.9701856105
150,Oman,2016,3,Both,4371342.128342881
150,Oman,2017,3,Both,4509348.98369467
150,Oman,2018,3,Both,4528585.078762706
150,Oman,2019,3,Both,4583998.577373104
151,Qatar,1990,1,Male,297378.84086744627
151,Qatar,1991,1,Male,305915.3263365023
151,Qatar,1992,1,Male,313957.94582377834
151,Qatar,1993,1,Male,321652.66256829025
151,Qatar,1994,1,Male,329104.6253607616
151,Qatar,1995,1,Male,336406.9852975486
151,Qatar,1996,1,Male,343687.0976135547
151,Qatar,1997,1,Male,351108.9445206783
151,Qatar,1998,1,Male,358904.4713583605
151,Qatar,1999,1,Male,368511.4703636512
151,Qatar,2000,1,Male,381444.2381499253
151,Qatar,2001,1,Male,399367.8713684015
151,Qatar,2002,1,Male,424329.6018839961
151,Qatar,2003,1,Male,459217.6504148154
151,Qatar,2004,1,Male,508454.9309360456
151,Qatar,2005,1,Male,579068.2109381038
151,Qatar,2006,1,Male,674459.4637686064
151,Qatar,2007,1,Male,797931.4676494871
151,Qatar,2008,1,Male,950274.0921003064
151,Qatar,2009,1,Male,1126092.620020342
151,Qatar,2010,1,Male,1309427.999144012
151,Qatar,2011,1,Male,1470534.7716408975
151,Qatar,2012,1,Male,1601095.470095971
151,Qatar,2013,1,Male,1701804.214840721
151,Qatar,2014,1,Male,1780971.7645193518
151,Qatar,2015,1,Male,1850610.361023064
151,Qatar,2016,1,Male,1922867.902138282
151,Qatar,2017,1,Male,1995673.429375883
151,Qatar,2018,1,Male,2067401.6957631807
151,Qatar,2019,1,Male,2137344.718702936
151,Qatar,1990,2,Female,147750.3179748274
151,Qatar,1991,2,Female,152892.33649876455
151,Qatar,1992,2,Female,157966.1111694613
151,Qatar,1993,2,Female,163022.5899464228
151,Qatar,1994,2,Female,168116.92341702915
151,Qatar,1995,2,Female,173344.94963083052
151,Qatar,1996,2,Female,178799.41940278432
151,Qatar,1997,2,Female,184561.47040768887
151,Qatar,1998,2,Female,190738.3175462378
151,Qatar,1999,2,Female,197598.4320925616
151,Qatar,2000,2,Female,205437.4124877503
151,Qatar,2001,2,Female,214578.6409378212
151,Qatar,2002,2,Female,225396.88005184464
151,Qatar,2003,2,Female,238374.45153088967
151,Qatar,2004,2,Female,254134.4734035028
151,Qatar,2005,2,Female,273495.9321458215
151,Qatar,2006,2,Female,296583.6941459477
151,Qatar,2007,2,Female,323471.1087275876
151,Qatar,2008,2,Female,354047.1138020319
151,Qatar,2009,2,Female,387802.5806664234
151,Qatar,2010,2,Female,423622.7942558892
151,Qatar,2011,2,Female,459652.3307996386
151,Qatar,2012,2,Female,495343.3111647823
151,Qatar,2013,2,Female,530348.5335493842
151,Qatar,2014,2,Female,564556.287891652
151,Qatar,2015,2,Female,598103.7669411754
151,Qatar,2016,2,Female,631318.8116814207
151,Qatar,2017,2,Female,663970.7629139532
151,Qatar,2018,2,Female,695924.0239157495
151,Qatar,2019,2,Female,727203.460371017
151,Qatar,1990,3,Both,445129.1588422737
151,Qatar,1991,3,Both,458807.6628352668
151,Qatar,1992,3,Both,471924.0569932397
151,Qatar,1993,3,Both,484675.2525147131
151,Qatar,1994,3,Both,497221.54877779074
151,Qatar,1995,3,Both,509751.9349283792
151,Qatar,1996,3,Both,522486.517016339
151,Qatar,1997,3,Both,535670.4149283672
151,Qatar,1998,3,Both,549642.7889045983
151,Qatar,1999,3,Both,566109.9024562128
151,Qatar,2000,3,Both,586881.6506376757
151,Qatar,2001,3,Both,613946.5123062227
151,Qatar,2002,3,Both,649726.4819358407
151,Qatar,2003,3,Both,697592.1019457051
151,Qatar,2004,3,Both,762589.4043395484
151,Qatar,2005,3,Both,852564.1430839254
151,Qatar,2006,3,Both,971043.1579145542
151,Qatar,2007,3,Both,1121402.5763770747
151,Qatar,2008,3,Both,1304321.2059023385
151,Qatar,2009,3,Both,1513895.2006867654
151,Qatar,2010,3,Both,1733050.7933999011
151,Qatar,2011,3,Both,1930187.1024405365
151,Qatar,2012,3,Both,2096438.7812607528
151,Qatar,2013,3,Both,2232152.7483901056
151,Qatar,2014,3,Both,2345528.052411004
151,Qatar,2015,3,Both,2448714.12796424
151,Qatar,2016,3,Both,2554186.7138197026
151,Qatar,2017,3,Both,2659644.192289836
151,Qatar,2018,3,Both,2763325.719678931
151,Qatar,2019,3,Both,2864548.1790739526
152,Saudi Arabia,1990,1,Male,8968467.18947231
152,Saudi Arabia,1991,1,Male,9330673.079680553
152,Saudi Arabia,1992,1,Male,9667292.577563897
152,Saudi Arabia,1993,1,Male,9971059.854348077
152,Saudi Arabia,1994,1,Male,10245230.979955165
152,Saudi Arabia,1995,1,Male,10494250.72621872
152,Saudi Arabia,1996,1,Male,10724355.079301218
152,Saudi Arabia,1997,1,Male,10942705.044499092
152,Saudi Arabia,1998,1,Male,11156221.42296288
152,Saudi Arabia,1999,1,Male,11371817.054755509
152,Saudi Arabia,2000,1,Male,11596646.410894103
152,Saudi Arabia,2001,1,Male,11838703.866735209
152,Saudi Arabia,2002,1,Male,12106462.619444892
152,Saudi Arabia,2003,1,Male,12409554.627466856
152,Saudi Arabia,2004,1,Male,12759801.11165015
152,Saudi Arabia,2005,1,Male,13171117.619369373
152,Saudi Arabia,2006,1,Male,13637500.788968427
152,Saudi Arabia,2007,1,Male,14152465.067483418
152,Saudi Arabia,2008,1,Male,14707656.727878746
152,Saudi Arabia,2009,1,Male,15292098.183173498
152,Saudi Arabia,2010,1,Male,15891616.611221457
152,Saudi Arabia,2011,1,Male,16488481.488151629
152,Saudi Arabia,2012,1,Male,17079834.239917632
152,Saudi Arabia,2013,1,Male,17662913.938623283
152,Saudi Arabia,2014,1,Male,18235030.518498223
152,Saudi Arabia,2015,1,Male,18792596.766397137
152,Saudi Arabia,2016,1,Male,19334363.826730978
152,Saudi Arabia,2017,1,Male,19859602.68803454
152,Saudi Arabia,2018,1,Male,20365751.037698165
152,Saudi Arabia,2019,1,Male,20853516.10974586
152,Saudi Arabia,1990,2,Female,7076638.380830084
152,Saudi Arabia,1991,2,Female,7339411.214692133
152,Saudi Arabia,1992,2,Female,7592593.327541771
152,Saudi Arabia,1993,2,Female,7834022.810229296
152,Saudi Arabia,1994,2,Female,8064501.268086606
152,Saudi Arabia,1995,2,Female,8285010.24682464
152,Saudi Arabia,1996,2,Female,8497694.42249235
152,Saudi Arabia,1997,2,Female,8705183.069575643
152,Saudi Arabia,1998,2,Female,8909560.32573221
152,Saudi Arabia,1999,2,Female,9112676.751200572
152,Saudi Arabia,2000,2,Female,9316589.49528084
152,Saudi Arabia,2001,2,Female,9523966.370933415
152,Saudi Arabia,2002,2,Female,9738074.492839368
152,Saudi Arabia,2003,2,Female,9963165.585547885
152,Saudi Arabia,2004,2,Female,10204557.765487587
152,Saudi Arabia,2005,2,Female,10467810.137542106
152,Saudi Arabia,2006,2,Female,10751330.389019916
152,Saudi Arabia,2007,2,Female,11053054.54380933
152,Saudi Arabia,2008,2,Female,11370043.421451593
152,Saudi Arabia,2009,2,Female,11698524.540132187
152,Saudi Arabia,2010,2,Female,12033343.500964276
152,Saudi Arabia,2011,2,Female,12367945.781198274
152,Saudi Arabia,2012,2,Female,12700983.387392944
152,Saudi Arabia,2013,2,Female,13030887.110149773
152,Saudi Arabia,2014,2,Female,13356246.5566837
152,Saudi Arabia,2015,2,Female,13675700.045552514
152,Saudi Arabia,2016,2,Female,13988216.351414626
152,Saudi Arabia,2017,2,Female,14292885.852267724
152,Saudi Arabia,2018,2,Female,14589120.79878589
152,Saudi Arabia,2019,2,Female,14878456.294870334
152,Saudi Arabia,1990,3,Both,16045105.570302391
152,Saudi Arabia,1991,3,Both,16670084.294372687
152,Saudi Arabia,1992,3,Both,17259885.90510567
152,Saudi Arabia,1993,3,Both,17805082.66457737
152,Saudi Arabia,1994,3,Both,18309732.248041768
152,Saudi Arabia,1995,3,Both,18779260.97304336
152,Saudi Arabia,1996,3,Both,19222049.501793567
152,Saudi Arabia,1997,3,Both,19647888.114074733
152,Saudi Arabia,1998,3,Both,20065781.74869509
152,Saudi Arabia,1999,3,Both,20484493.80595608
152,Saudi Arabia,2000,3,Both,20913235.906174943
152,Saudi Arabia,2001,3,Both,21362670.237668622
152,Saudi Arabia,2002,3,Both,21844537.11228426
152,Saudi Arabia,2003,3,Both,22372720.213014737
152,Saudi Arabia,2004,3,Both,22964358.87713774
152,Saudi Arabia,2005,3,Both,23638927.75691148
152,Saudi Arabia,2006,3,Both,24388831.177988343
152,Saudi Arabia,2007,3,Both,25205519.61129275
152,Saudi Arabia,2008,3,Both,26077700.14933034
152,Saudi Arabia,2009,3,Both,26990622.723305687
152,Saudi Arabia,2010,3,Both,27924960.112185728
152,Saudi Arabia,2011,3,Both,28856427.269349903
152,Saudi Arabia,2012,3,Both,29780817.62731057
152,Saudi Arabia,2013,3,Both,30693801.048773058
152,Saudi Arabia,2014,3,Both,31591277.075181924
152,Saudi Arabia,2015,3,Both,32468296.81194965
152,Saudi Arabia,2016,3,Both,33322580.1781456
152,Saudi Arabia,2017,3,Both,34152488.54030226
152,Saudi Arabia,2018,3,Both,34954871.83648405
152,Saudi Arabia,2019,3,Both,35731972.40461619
153,Syrian Arab Republic,1990,1,Male,6596015.447503719
153,Syrian Arab Republic,1991,1,Male,6811488.736963923
153,Syrian Arab Republic,1992,1,Male,7030016.527537329
153,Syrian Arab Republic,1993,1,Male,7240536.295027583
153,Syrian Arab Republic,1994,1,Male,7440320.958878364
153,Syrian Arab Republic,1995,1,Male,7632532.616266474
153,Syrian Arab Republic,1996,1,Male,7819696.166617875
153,Syrian Arab Republic,1997,1,Male,8001755.687774458
153,Syrian Arab Republic,1998,1,Male,8177834.196992577
153,Syrian Arab Republic,1999,1,Male,8351037.286801496
153,Syrian Arab Republic,2000,1,Male,8521175.250853945
153,Syrian Arab Republic,2001,1,Male,8688458.189662686
153,Syrian Arab Republic,2002,1,Male,8902840.030144626
153,Syrian Arab Republic,2003,1,Male,9168124.555363206
153,Syrian Arab Republic,2004,1,Male,9491598.765674856
153,Syrian Arab Republic,2005,1,Male,9989680.447989866
153,Syrian Arab Republic,2006,1,Male,10459910.64968267
153,Syrian Arab Republic,2007,1,Male,10637927.918418748
153,Syrian Arab Republic,2008,1,Male,10735955.301826743
153,Syrian Arab Republic,2009,1,Male,10844437.414928764
153,Syrian Arab Republic,2010,1,Male,10762455.009083796
153,Syrian Arab Republic,2011,1,Male,10211705.80212084
153,Syrian Arab Republic,2012,1,Male,9272265.336708603
153,Syrian Arab Republic,2013,1,Male,8430868.192051964
153,Syrian Arab Republic,2014,1,Male,7848797.003870761
153,Syrian Arab Republic,2015,1,Male,7451233.791870589
153,Syrian Arab Republic,2016,1,Male,7159789.644408923
153,Syrian Arab Republic,2017,1,Male,7005500.096649694
153,Syrian Arab Republic,2018,1,Male,7005592.8642589
153,Syrian Arab Republic,2019,1,Male,7057997.849088324
153,Syrian Arab Republic,1990,2,Female,6298945.584995157
153,Syrian Arab Republic,1991,2,Female,6503173.748503634
153,Syrian Arab Republic,1992,2,Female,6709873.607358025
153,Syrian Arab Republic,1993,2,Female,6910359.966746015
153,Syrian Arab Republic,1994,2,Female,7101798.460384129
153,Syrian Arab Republic,1995,2,Female,7285440.932726109
153,Syrian Arab Republic,1996,2,Female,7463320.19068534
153,Syrian Arab Republic,1997,2,Female,7635908.19481217
153,Syrian Arab Republic,1998,2,Female,7802573.416086607
153,Syrian Arab Republic,1999,2,Female,7965848.1216561105
153,Syrian Arab Republic,2000,2,Female,8126020.356144503
153,Syrian Arab Republic,2001,2,Female,8283389.8377916785
153,Syrian Arab Republic,2002,2,Female,8476139.06921406
153,Syrian Arab Republic,2003,2,Female,8707552.813142672
153,Syrian Arab Republic,2004,2,Female,8982942.293130249
153,Syrian Arab Republic,2005,2,Female,9389393.396388115
153,Syrian Arab Republic,2006,2,Female,9774983.92871259
153,Syrian Arab Republic,2007,2,Female,9946602.747042269
153,Syrian Arab Republic,2008,2,Female,10060014.159206675
153,Syrian Arab Republic,2009,2,Female,10180361.039419416
153,Syrian Arab Republic,2010,2,Female,10159873.77745008
153,Syrian Arab Republic,2011,2,Female,9791904.007995514
153,Syrian Arab Republic,2012,2,Female,9122105.62110316
153,Syrian Arab Republic,2013,2,Female,8493890.172793852
153,Syrian Arab Republic,2014,2,Female,8041772.896018342
153,Syrian Arab Republic,2015,2,Female,7725618.280630968
153,Syrian Arab Republic,2016,2,Female,7493313.327012622
153,Syrian Arab Republic,2017,2,Female,7375214.653570149
153,Syrian Arab Republic,2018,2,Female,7383469.734555385
153,Syrian Arab Republic,2019,2,Female,7433248.929721279
153,Syrian Arab Republic,1990,3,Both,12894961.032498876
153,Syrian Arab Republic,1991,3,Both,13314662.485467557
153,Syrian Arab Republic,1992,3,Both,13739890.134895356
153,Syrian Arab Republic,1993,3,Both,14150896.261773596
153,Syrian Arab Republic,1994,3,Both,14542119.419262491
153,Syrian Arab Republic,1995,3,Both,14917973.548992584
153,Syrian Arab Republic,1996,3,Both,15283016.357303215
153,Syrian Arab Republic,1997,3,Both,15637663.882586628
153,Syrian Arab Republic,1998,3,Both,15980407.613079185
153,Syrian Arab Republic,1999,3,Both,16316885.408457609
153,Syrian Arab Republic,2000,3,Both,16647195.606998447
153,Syrian Arab Republic,2001,3,Both,16971848.027454365
153,Syrian Arab Republic,2002,3,Both,17378979.099358685
153,Syrian Arab Republic,2003,3,Both,17875677.36850588
153,Syrian Arab Republic,2004,3,Both,18474541.058805104
153,Syrian Arab Republic,2005,3,Both,19379073.844377983
153,Syrian Arab Republic,2006,3,Both,20234894.57839526
153,Syrian Arab Republic,2007,3,Both,20584530.66546101
153,Syrian Arab Republic,2008,3,Both,20795969.46103342
153,Syrian Arab Republic,2009,3,Both,21024798.45434818
153,Syrian Arab Republic,2010,3,Both,20922328.78653388
153,Syrian Arab Republic,2011,3,Both,20003609.810116354
153,Syrian Arab Republic,2012,3,Both,18394370.957811765
153,Syrian Arab Republic,2013,3,Both,16924758.364845816
153,Syrian Arab Republic,2014,3,Both,15890569.899889104
153,Syrian Arab Republic,2015,3,Both,15176852.072501555
153,Syrian Arab Republic,2016,3,Both,14653102.971421544
153,Syrian Arab Republic,2017,3,Both,14380714.750219842
153,Syrian Arab Republic,2018,3,Both,14389062.598814286
153,Syrian Arab Republic,2019,3,Both,14491246.778809603
154,Tunisia,1990,1,Male,4278579.877008651
154,Tunisia,1991,1,Male,4368164.119982746
154,Tunisia,1992,1,Male,4455231.286735194
154,Tunisia,1993,1,Male,4538986.800035031
154,Tunisia,1994,1,Male,4618518.517915968
154,Tunisia,1995,1,Male,4692678.892994981
154,Tunisia,1996,1,Male,4761296.824477949
154,Tunisia,1997,1,Male,4824649.033712063
154,Tunisia,1998,1,Male,4883014.412006104
154,Tunisia,1999,1,Male,4937067.314038368
154,Tunisia,2000,1,Male,4987460.427100256
154,Tunisia,2001,1,Male,5034700.736075848
154,Tunisia,2002,1,Male,5079297.678644465
154,Tunisia,2003,1,Male,5121575.985330946
154,Tunisia,2004,1,Male,5162122.863025682
154,Tunisia,2005,1,Male,5201727.321334871
154,Tunisia,2006,1,Male,5240770.642400196
154,Tunisia,2007,1,Male,5279756.49356677
154,Tunisia,2008,1,Male,5319178.120030464
154,Tunisia,2009,1,Male,5359261.068778792
154,Tunisia,2010,1,Male,5400077.053824492
154,Tunisia,2011,1,Male,5441588.177072341
154,Tunisia,2012,1,Male,5483853.149117028
154,Tunisia,2013,1,Male,5526605.395185521
154,Tunisia,2014,1,Male,5569201.939843331
154,Tunisia,2015,1,Male,5611111.915938401
154,Tunisia,2016,1,Male,5651740.375262979
154,Tunisia,2017,1,Male,5690570.006004304
154,Tunisia,2018,1,Male,5727376.677341857
154,Tunisia,2019,1,Male,5762721.153277739
154,Tunisia,1990,2,Female,4160712.487226568
154,Tunisia,1991,2,Female,4252179.735665113
154,Tunisia,1992,2,Female,4341488.914496702
154,Tunisia,1993,2,Female,4427770.752804598
154,Tunisia,1994,2,Female,4510128.281459101
154,Tunisia,1995,2,Female,4587268.804120676
154,Tunisia,1996,2,Female,4659479.108227311
154,Tunisia,1997,2,Female,4727538.886950031
154,Tunisia,1998,2,Female,4791967.14683479
154,Tunisia,1999,2,Female,4853455.745303525
154,Tunisia,2000,2,Female,4912594.81388414
154,Tunisia,2001,2,Female,4969707.830801423
154,Tunisia,2002,2,Female,5025024.655256151
154,Tunisia,2003,2,Female,5078710.026354618
154,Tunisia,2004,2,Female,5130968.481515635
154,Tunisia,2005,2,Female,5181952.542062234
154,Tunisia,2006,2,Female,5231753.341481321
154,Tunisia,2007,2,Female,5280534.654512388
154,Tunisia,2008,2,Female,5328492.307064328
154,Tunisia,2009,2,Female,5375850.330896096
154,Tunisia,2010,2,Female,5422785.055885304
154,Tunisia,2011,2,Female,5469379.007541679
154,Tunisia,2012,2,Female,5515684.15209271
154,Tunisia,2013,2,Female,5561554.102833968
154,Tunisia,2014,2,Female,5606649.39130039
154,Tunisia,2015,2,Female,5650686.507920601
154,Tunisia,2016,2,Female,5693173.360220809
154,Tunisia,2017,2,Female,5733692.674939672
154,Tunisia,2018,2,Female,5772108.770296123
154,Tunisia,2019,2,Female,5808883.332331498
154,Tunisia,1990,3,Both,8439292.364235219
154,Tunisia,1991,3,Both,8620343.855647858
154,Tunisia,1992,3,Both,8796720.201231897
154,Tunisia,1993,3,Both,8966757.552839627
154,Tunisia,1994,3,Both,9128646.799375068
154,Tunisia,1995,3,Both,9279947.697115658
154,Tunisia,1996,3,Both,9420775.93270526
154,Tunisia,1997,3,Both,9552187.920662094
154,Tunisia,1998,3,Both,9674981.558840891
154,Tunisia,1999,3,Both,9790523.059341893
154,Tunisia,2000,3,Both,9900055.240984395
154,Tunisia,2001,3,Both,10004408.566877272
154,Tunisia,2002,3,Both,10104322.333900616
154,Tunisia,2003,3,Both,10200286.011685563
154,Tunisia,2004,3,Both,10293091.344541317
154,Tunisia,2005,3,Both,10383679.863397105
154,Tunisia,2006,3,Both,10472523.983881516
154,Tunisia,2007,3,Both,10560291.148079157
154,Tunisia,2008,3,Both,10647670.427094791
154,Tunisia,2009,3,Both,10735111.399674889
154,Tunisia,2010,3,Both,10822862.109709796
154,Tunisia,2011,3,Both,10910967.18461402
154,Tunisia,2012,3,Both,10999537.301209738
154,Tunisia,2013,3,Both,11088159.498019489
154,Tunisia,2014,3,Both,11175851.331143722
154,Tunisia,2015,3,Both,11261798.423859002
154,Tunisia,2016,3,Both,11344913.735483788
154,Tunisia,2017,3,Both,11424262.680943975
154,Tunisia,2018,3,Both,11499485.44763798
154,Tunisia,2019,3,Both,11571604.485609235
155,Türkiye,1990,1,Male,30309058.082895786
155,Türkiye,1991,1,Male,30884516.06435924
155,Türkiye,1992,1,Male,31429855.040442225
155,Türkiye,1993,1,Male,31949308.50163536
155,Türkiye,1994,1,Male,32445055.19617751
155,Türkiye,1995,1,Male,32920060.6906922
155,Türkiye,1996,1,Male,33378783.40390545
155,Türkiye,1997,1,Male,33821843.76262071
155,Türkiye,1998,1,Male,34246522.1093707
155,Türkiye,1999,1,Male,34646430.88675976
155,Türkiye,2000,1,Male,35014988.48322082
155,Türkiye,2001,1,Male,35352816.48806064
155,Türkiye,2002,1,Male,35685164.19995698
155,Türkiye,2003,1,Male,36008808.67126983
155,Türkiye,2004,1,Male,36292402.93279207
155,Türkiye,2005,1,Male,36541437.26544266
155,Türkiye,2006,1,Male,36779509.56112503
155,Türkiye,2007,1,Male,37013898.119129024
155,Türkiye,2008,1,Male,37232288.00350641
155,Türkiye,2009,1,Male,37418755.637587056
155,Türkiye,2010,1,Male,37624991.31002695
155,Türkiye,2011,1,Male,37934203.61921099
155,Türkiye,2012,1,Male,38386961.158221416
155,Türkiye,2013,1,Male,38996126.764455885
155,Türkiye,2014,1,Male,39607596.53436201
155,Türkiye,2015,1,Male,40087397.14689802
155,Türkiye,2016,1,Male,40490326.63072112
155,Türkiye,2017,1,Male,40780049.86033317
155,Türkiye,2018,1,Male,40953541.89138689
155,Türkiye,2019,1,Male,41103384.29994046
155,Türkiye,1990,2,Female,29463672.184946503
155,Türkiye,1991,2,Female,30018349.66797026
155,Türkiye,1992,2,Female,30549957.18349681
155,Türkiye,1993,2,Female,31064474.05673418
155,Türkiye,1994,2,Female,31562847.70701353
155,Türkiye,1995,2,Female,32046893.84980752
155,Türkiye,1996,2,Female,32520007.093657423
155,Türkiye,1997,2,Female,32982857.00370088
155,Türkiye,1998,2,Female,33431589.56058953
155,Türkiye,1999,2,Female,33857836.16027743
155,Türkiye,2000,2,Female,34254032.89738147
155,Türkiye,2001,2,Female,34624422.25268384
155,Türkiye,2002,2,Female,34992758.62036469
155,Türkiye,2003,2,Female,35353374.60746033
155,Türkiye,2004,2,Female,35678761.990009755
155,Türkiye,2005,2,Female,35970461.947838865
155,Türkiye,2006,2,Female,36241841.1138951
155,Türkiye,2007,2,Female,36496641.291432485
155,Türkiye,2008,2,Female,36726594.12127896
155,Türkiye,2009,2,Female,36926443.19433256
155,Türkiye,2010,2,Female,37140809.18064513
155,Türkiye,2011,2,Female,37431195.593185455
155,Türkiye,2012,2,Female,37826159.15928204
155,Türkiye,2013,2,Female,38332608.55810922
155,Türkiye,2014,2,Female,38839687.77930346
155,Türkiye,2015,2,Female,39252730.38080274
155,Türkiye,2016,2,Female,39610266.79441524
155,Türkiye,2017,2,Female,39886105.04813186
155,Türkiye,2018,2,Female,40079329.30191516
155,Türkiye,2019,2,Female,40256308.63043823
155,Türkiye,1990,3,Both,59772730.26784229
155,Türkiye,1991,3,Both,60902865.7323295
155,Türkiye,1992,3,Both,61979812.22393904
155,Türkiye,1993,3,Both,63013782.55836953
155,Türkiye,1994,3,Both,64007902.90319104
155,Türkiye,1995,3,Both,64966954.54049972
155,Türkiye,1996,3,Both,65898790.49756287
155,Türkiye,1997,3,Both,66804700.76632159
155,Türkiye,1998,3,Both,67678111.66996023
155,Türkiye,1999,3,Both,68504267.0470372
155,Türkiye,2000,3,Both,69269021.38060229
155,Türkiye,2001,3,Both,69977238.74074447
155,Türkiye,2002,3,Both,70677922.82032166
155,Türkiye,2003,3,Both,71362183.27873015
155,Türkiye,2004,3,Both,71971164.92280182
155,Türkiye,2005,3,Both,72511899.21328153
155,Türkiye,2006,3,Both,73021350.67502013
155,Türkiye,2007,3,Both,73510539.4105615
155,Türkiye,2008,3,Both,73958882.12478536
155,Türkiye,2009,3,Both,74345198.83191961
155,Türkiye,2010,3,Both,74765800.49067208
155,Türkiye,2011,3,Both,75365399.21239644
155,Türkiye,2012,3,Both,76213120.31750345
155,Türkiye,2013,3,Both,77328735.3225651
155,Türkiye,2014,3,Both,78447284.31366546
155,Türkiye,2015,3,Both,79340127.52770077
155,Türkiye,2016,3,Both,80100593.42513634
155,Türkiye,2017,3,Both,80666154.90846503
155,Türkiye,2018,3,Both,81032871.19330205
155,Türkiye,2019,3,Both,81359692.93037869
156,United Arab Emirates,1990,1,Male,1211369.4099971335
156,United Arab Emirates,1991,1,Male,1287733.191336783
156,United Arab Emirates,1992,1,Male,1370929.6225737417
156,United Arab Emirates,1993,1,Male,1460514.3119957289
156,United Arab Emirates,1994,1,Male,1555216.0579604898
156,United Arab Emirates,1995,1,Male,1652666.4137113383
156,United Arab Emirates,1996,1,Male,1749296.8275608805
156,United Arab Emirates,1997,1,Male,1847504.4362240308
156,United Arab Emirates,1998,1,Male,1949955.9555700363
156,United Arab Emirates,1999,1,Male,2058933.428761544
156,United Arab Emirates,2000,1,Male,2175934.3034179285
156,United Arab Emirates,2001,1,Male,2301566.294771444
156,United Arab Emirates,2002,1,Male,2435055.05223153
156,United Arab Emirates,2003,1,Male,2573833.8669642247
156,United Arab Emirates,2004,1,Male,2712779.545102504
156,United Arab Emirates,2005,1,Male,2843410.7633947204
156,United Arab Emirates,2006,1,Male,3237948.091994852
156,United Arab Emirates,2007,1,Male,4026110.1005201074
156,United Arab Emirates,2008,1,Male,5152042.648864635
156,United Arab Emirates,2009,1,Male,6072180.568888233
156,United Arab Emirates,2010,1,Male,6244481.158137114
156,United Arab Emirates,2011,1,Male,6364655.776936426
156,United Arab Emirates,2012,1,Male,6460047.561514848
156,United Arab Emirates,2013,1,Male,6534385.163545254
156,United Arab Emirates,2014,1,Male,6591241.63801166
156,United Arab Emirates,2015,1,Male,6633890.516977547
156,United Arab Emirates,2016,1,Male,6665166.697409737
156,United Arab Emirates,2017,1,Male,6687362.294142399
156,United Arab Emirates,2018,1,Male,6702311.255746945
156,United Arab Emirates,2019,1,Male,6711609.906516808
156,United Arab Emirates,1990,2,Female,660703.8473995357
156,United Arab Emirates,1991,2,Female,692071.7162685689
156,United Arab Emirates,1992,2,Female,724225.09265588
156,United Arab Emirates,1993,2,Female,757608.1572090196
156,United Arab Emirates,1994,2,Female,792585.9958616489
156,United Arab Emirates,1995,2,Female,829551.8618586939
156,United Arab Emirates,1996,2,Female,869072.2437335824
156,United Arab Emirates,1997,2,Female,911080.6833980136
156,United Arab Emirates,1998,2,Female,955587.1512590476
156,United Arab Emirates,1999,2,Female,1002540.2531899904
156,United Arab Emirates,2000,2,Female,1051769.3756636835
156,United Arab Emirates,2001,2,Female,1102961.8578546674
156,United Arab Emirates,2002,2,Female,1155606.6491697752
156,United Arab Emirates,2003,2,Female,1208794.6379708026
156,United Arab Emirates,2004,2,Female,1261198.1744475013
156,United Arab Emirates,2005,2,Female,1311163.9889920931
156,United Arab Emirates,2006,2,Female,1432668.9865113094
156,United Arab Emirates,2007,2,Female,1650020.795173854
156,United Arab Emirates,2008,2,Female,1923594.1039086927
156,United Arab Emirates,2009,2,Female,2129299.5972451987
156,United Arab Emirates,2010,2,Female,2192374.9734522854
156,United Arab Emirates,2011,2,Female,2245961.6660175067
156,United Arab Emirates,2012,2,Female,2294696.927654674
156,United Arab Emirates,2013,2,Female,2339057.3064706554
156,United Arab Emirates,2014,2,Female,2379549.4784840485
156,United Arab Emirates,2015,2,Female,2416385.797666078
156,United Arab Emirates,2016,2,Female,2449576.884766036
156,United Arab Emirates,2017,2,Female,2479346.860377127
156,United Arab Emirates,2018,2,Female,2506010.5754633984
156,United Arab Emirates,2019,2,Female,2530094.087711779
156,United Arab Emirates,1990,3,Both,1872073.257396669
156,United Arab Emirates,1991,3,Both,1979804.9076053523
156,United Arab Emirates,1992,3,Both,2095154.7152296216
156,United Arab Emirates,1993,3,Both,2218122.4692047485
156,United Arab Emirates,1994,3,Both,2347802.053822139
156,United Arab Emirates,1995,3,Both,2482218.2755700327
156,United Arab Emirates,1996,3,Both,2618369.071294463
156,United Arab Emirates,1997,3,Both,2758585.1196220443
156,United Arab Emirates,1998,3,Both,2905543.106829084
156,United Arab Emirates,1999,3,Both,3061473.681951534
156,United Arab Emirates,2000,3,Both,3227703.679081612
156,United Arab Emirates,2001,3,Both,3404528.152626111
156,United Arab Emirates,2002,3,Both,3590661.7014013054
156,United Arab Emirates,2003,3,Both,3782628.504935027
156,United Arab Emirates,2004,3,Both,3973977.7195500047
156,United Arab Emirates,2005,3,Both,4154574.7523868135
156,United Arab Emirates,2006,3,Both,4670617.078506161
156,United Arab Emirates,2007,3,Both,5676130.8956939615
156,United Arab Emirates,2008,3,Both,7075636.752773328
156,United Arab Emirates,2009,3,Both,8201480.166133432
156,United Arab Emirates,2010,3,Both,8436856.1315894
156,United Arab Emirates,2011,3,Both,8610617.442953933
156,United Arab Emirates,2012,3,Both,8754744.489169521
156,United Arab Emirates,2013,3,Both,8873442.47001591
156,United Arab Emirates,2014,3,Both,8970791.116495708
156,United Arab Emirates,2015,3,Both,9050276.314643623
156,United Arab Emirates,2016,3,Both,9114743.582175773
156,United Arab Emirates,2017,3,Both,9166709.154519526
156,United Arab Emirates,2018,3,Both,9208321.831210343
156,United Arab Emirates,2019,3,Both,9241703.994228588
157,Yemen,1990,1,Male,6994186.962209274
157,Yemen,1991,1,Male,7247842.772272964
157,Yemen,1992,1,Male,7502612.036992233
157,Yemen,1993,1,Male,7757566.173858663
157,Yemen,1994,1,Male,8011540.443270146
157,Yemen,1995,1,Male,8264392.141497229
157,Yemen,1996,1,Male,8517505.00770684
157,Yemen,1997,1,Male,8771718.09907291
157,Yemen,1998,1,Male,9028608.165302731
157,Yemen,1999,1,Male,9290028.64403936
157,Yemen,2000,1,Male,9558039.836148478
157,Yemen,2001,1,Male,9834222.493401172
157,Yemen,2002,1,Male,10119985.371506505
157,Yemen,2003,1,Male,10416401.194048705
157,Yemen,2004,1,Male,10724462.105438167
157,Yemen,2005,1,Male,11045168.665076455
157,Yemen,2006,1,Male,11377568.539002532
157,Yemen,2007,1,Male,11720200.26190208
157,Yemen,2008,1,Male,12071617.36499536
157,Yemen,2009,1,Male,12430464.9992003
157,Yemen,2010,1,Male,12795193.03224551
157,Yemen,2011,1,Male,13163228.00029415
157,Yemen,2012,1,Male,13531673.433404168
157,Yemen,2013,1,Male,13899392.188597152
157,Yemen,2014,1,Male,14263463.321036382
157,Yemen,2015,1,Male,14618473.674736883
157,Yemen,2016,1,Male,14959537.491074642
157,Yemen,2017,1,Male,15287295.468069348
157,Yemen,2018,1,Male,15606331.1920519
157,Yemen,2019,1,Male,15928571.93000947
157,Yemen,1990,2,Female,6734876.810770568
157,Yemen,1991,2,Female,6958526.181852042
157,Yemen,1992,2,Female,7184830.354563076
157,Yemen,1993,2,Female,7413578.314431775
157,Yemen,1994,2,Female,7644600.277713876
157,Yemen,1995,2,Female,7878379.5209151795
157,Yemen,1996,2,Female,8116253.406359366
157,Yemen,1997,2,Female,8359271.750686696
157,Yemen,1998,2,Female,8608903.79726048
157,Yemen,1999,2,Female,8866623.762864567
157,Yemen,2000,2,Female,9133833.656773465
157,Yemen,2001,2,Female,9411528.682087408
157,Yemen,2002,2,Female,9700434.581599925
157,Yemen,2003,2,Female,10000970.716942357
157,Yemen,2004,2,Female,10313436.257972397
157,Yemen,2005,2,Female,10638006.17828781
157,Yemen,2006,2,Female,10973780.88155502
157,Yemen,2007,2,Female,11319458.70153289
157,Yemen,2008,2,Female,11673589.130609447
157,Yemen,2009,2,Female,12034713.291755226
157,Yemen,2010,2,Female,12401267.279737225
157,Yemen,2011,2,Female,12771003.023494055
157,Yemen,2012,2,Female,13141396.28923629
157,Yemen,2013,2,Female,13510768.240479777
157,Yemen,2014,2,Female,13876633.538166242
157,Yemen,2015,2,Female,14235089.944190657
157,Yemen,2016,2,Female,14582537.49589118
157,Yemen,2017,2,Female,14919010.10431887
157,Yemen,2018,2,Female,15245489.400346816
157,Yemen,2019,2,Female,15574324.402418189
157,Yemen,1990,3,Both,13729063.772979842
157,Yemen,1991,3,Both,14206368.954125006
157,Yemen,1992,3,Both,14687442.39155531
157,Yemen,1993,3,Both,15171144.488290438
157,Yemen,1994,3,Both,15656140.72098402
157,Yemen,1995,3,Both,16142771.662412409
157,Yemen,1996,3,Both,16633758.414066209
157,Yemen,1997,3,Both,17130989.849759605
157,Yemen,1998,3,Both,17637511.96256321
157,Yemen,1999,3,Both,18156652.406903926
157,Yemen,2000,3,Both,18691873.492921945
157,Yemen,2001,3,Both,19245751.17548858
157,Yemen,2002,3,Both,19820419.95310643
157,Yemen,2003,3,Both,20417371.91099106
157,Yemen,2004,3,Both,21037898.36341056
157,Yemen,2005,3,Both,21683174.843364265
157,Yemen,2006,3,Both,22351349.42055755
157,Yemen,2007,3,Both,23039658.96343497
157,Yemen,2008,3,Both,23745206.49560481
157,Yemen,2009,3,Both,24465178.290955525
157,Yemen,2010,3,Both,25196460.311982736
157,Yemen,2011,3,Both,25934231.023788206
157,Yemen,2012,3,Both,26673069.72264046
157,Yemen,2013,3,Both,27410160.429076925
157,Yemen,2014,3,Both,28140096.859202623
157,Yemen,2015,3,Both,28853563.61892754
157,Yemen,2016,3,Both,29542074.98696582
157,Yemen,2017,3,Both,30206305.572388217
157,Yemen,2018,3,Both,30851820.592398714
157,Yemen,2019,3,Both,31502896.33242766
160,Afghanistan,1990,1,Male,5648353.090659034
160,Afghanistan,1991,1,Male,6277016.831836784
160,Afghanistan,1992,1,Male,7344294.533668057
160,Afghanistan,1993,1,Male,8130610.608188462
160,Afghanistan,1994,1,Male,8522578.429658622
160,Afghanistan,1995,1,Male,8917384.500422817
160,Afghanistan,1996,1,Male,9302858.596224423
160,Afghanistan,1997,1,Male,9629081.763031282
160,Afghanistan,1998,1,Male,9754113.199066864
160,Afghanistan,1999,1,Male,9748757.652838502
160,Afghanistan,2000,1,Male,9846598.034205414
160,Afghanistan,2001,1,Male,10254719.98342889
160,Afghanistan,2002,1,Male,10937864.08816401
160,Afghanistan,2003,1,Male,11474938.251093231
160,Afghanistan,2004,1,Male,11964864.570994008
160,Afghanistan,2005,1,Male,12430308.500549842
160,Afghanistan,2006,1,Male,12701081.060320742
160,Afghanistan,2007,1,Male,13109900.480017751
160,Afghanistan,2008,1,Male,13604658.531400535
160,Afghanistan,2009,1,Male,14074682.841795305
160,Afghanistan,2010,1,Male,14643877.20897958
160,Afghanistan,2011,1,Male,15223226.176647158
160,Afghanistan,2012,1,Male,15800207.273025485
160,Afghanistan,2013,1,Male,16371854.565574314
160,Afghanistan,2014,1,Male,16792178.28091586
160,Afghanistan,2015,1,Male,17206269.07178607
160,Afghanistan,2016,1,Male,17790542.299252912
160,Afghanistan,2017,1,Male,18412191.77358845
160,Afghanistan,2018,1,Male,19011146.02246089
160,Afghanistan,2019,1,Male,19637634.717482068
160,Afghanistan,1990,2,Female,5770499.666689063
160,Afghanistan,1991,2,Female,6310113.597905747
160,Afghanistan,1992,2,Female,7198544.275148492
160,Afghanistan,1993,2,Female,7854435.795757834
160,Afghanistan,1994,2,Female,8211038.755200096
160,Afghanistan,1995,2,Female,8572796.375206612
160,Afghanistan,1996,2,Female,8929588.763416983
160,Afghanistan,1997,2,Female,9244314.403333295
160,Afghanistan,1998,2,Female,9411143.152232256
160,Afghanistan,1999,2,Female,9477193.64732994
160,Afghanistan,2000,2,Female,9614588.27587291
160,Afghanistan,2001,2,Female,9986276.383973692
160,Afghanistan,2002,2,Female,10569584.184428992
160,Afghanistan,2003,2,Female,11043194.66451728
160,Afghanistan,2004,2,Female,11482973.216165235
160,Afghanistan,2005,2,Female,11906245.802880837
160,Afghanistan,2006,2,Female,12184833.250841131
160,Afghanistan,2007,2,Female,12568559.491851732
160,Afghanistan,2008,2,Female,13019144.957146402
160,Afghanistan,2009,2,Female,13453898.752348322
160,Afghanistan,2010,2,Female,13966219.131904077
160,Afghanistan,2011,2,Female,14490165.257560192
160,Afghanistan,2012,2,Female,15016624.15552092
160,Afghanistan,2013,2,Female,15543350.11063504
160,Afghanistan,2014,2,Female,15960949.49625136
160,Afghanistan,2015,2,Female,16376996.856372789
160,Afghanistan,2016,2,Female,16923864.4922296
160,Afghanistan,2017,2,Female,17501303.02643165
160,Afghanistan,2018,2,Female,18060206.85474069
160,Afghanistan,2019,2,Female,18639901.59911386
160,Afghanistan,1990,3,Both,11418852.757348096
160,Afghanistan,1991,3,Both,12587130.42974253
160,Afghanistan,1992,3,Both,14542838.808816548
160,Afghanistan,1993,3,Both,15985046.403946295
160,Afghanistan,1994,3,Both,16733617.18485872
160,Afghanistan,1995,3,Both,17490180.87562943
160,Afghanistan,1996,3,Both,18232447.359641407
160,Afghanistan,1997,3,Both,18873396.16636458
160,Afghanistan,1998,3,Both,19165256.35129912
160,Afghanistan,1999,3,Both,19225951.30016844
160,Afghanistan,2000,3,Both,19461186.310078327
160,Afghanistan,2001,3,Both,20240996.36740258
160,Afghanistan,2002,3,Both,21507448.272593003
160,Afghanistan,2003,3,Both,22518132.91561051
160,Afghanistan,2004,3,Both,23447837.787159245
160,Afghanistan,2005,3,Both,24336554.30343068
160,Afghanistan,2006,3,Both,24885914.311161872
160,Afghanistan,2007,3,Both,25678459.971869484
160,Afghanistan,2008,3,Both,26623803.48854694
160,Afghanistan,2009,3,Both,27528581.594143625
160,Afghanistan,2010,3,Both,28610096.340883654
160,Afghanistan,2011,3,Both,29713391.43420735
160,Afghanistan,2012,3,Both,30816831.428546403
160,Afghanistan,2013,3,Both,31915204.67620936
160,Afghanistan,2014,3,Both,32753127.777167223
160,Afghanistan,2015,3,Both,33583265.92815886
160,Afghanistan,2016,3,Both,34714406.79148251
160,Afghanistan,2017,3,Both,35913494.800020106
160,Afghanistan,2018,3,Both,37071352.87720159
160,Afghanistan,2019,3,Both,38277536.31659593
161,Bangladesh,1990,1,Male,56063772.61202625
161,Bangladesh,1991,1,Male,57312618.36600779
161,Bangladesh,1992,1,Male,58480827.55559011
161,Bangladesh,1993,1,Male,59609565.78495383
161,Bangladesh,1994,1,Male,60661575.16108549
161,Bangladesh,1995,1,Male,61647739.05812828
161,Bangladesh,1996,1,Male,62579196.44094952
161,Bangladesh,1997,1,Male,63464664.05818804
161,Bangladesh,1998,1,Male,64307848.3905574
161,Bangladesh,1999,1,Male,65113171.91291194
161,Bangladesh,2000,1,Male,65880914.95641904
161,Bangladesh,2001,1,Male,66618494.32000742
161,Bangladesh,2002,1,Male,67340016.09943564
161,Bangladesh,2003,1,Male,68046008.40953143
161,Bangladesh,2004,1,Male,68738083.48686354
161,Bangladesh,2005,1,Male,69417109.95263876
161,Bangladesh,2006,1,Male,70078663.81189133
161,Bangladesh,2007,1,Male,70721238.6070813
161,Bangladesh,2008,1,Male,71354071.65581411
161,Bangladesh,2009,1,Male,71985751.88271305
161,Bangladesh,2010,1,Male,72616870.5216519
161,Bangladesh,2011,1,Male,73261974.10032308
161,Bangladesh,2012,1,Male,73935933.9204248
161,Bangladesh,2013,1,Male,74626134.01514532
161,Bangladesh,2014,1,Male,75312745.20292056
161,Bangladesh,2015,1,Male,75994084.12636155
161,Bangladesh,2016,1,Male,76669942.9149122
161,Bangladesh,2017,1,Male,77322262.19009864
161,Bangladesh,2018,1,Male,77949219.34303665
161,Bangladesh,2019,1,Male,78570198.57486218
161,Bangladesh,1990,2,Female,52990402.55378737
161,Bangladesh,1991,2,Female,54139465.95853756
161,Bangladesh,1992,2,Female,55190132.99924893
161,Bangladesh,1993,2,Female,56175474.28876811
161,Bangladesh,1994,2,Female,57087749.78337675
161,Bangladesh,1995,2,Female,57946448.34242135
161,Bangladesh,1996,2,Female,58773398.83068822
161,Bangladesh,1997,2,Female,59586584.66117512
161,Bangladesh,1998,2,Female,60394846.91405776
161,Bangladesh,1999,2,Female,61206369.8578824
161,Bangladesh,2000,2,Female,62032416.993867226
161,Bangladesh,2001,2,Female,62890784.586629406
161,Bangladesh,2002,2,Female,63801062.12892512
161,Bangladesh,2003,2,Female,64756749.79848111
161,Bangladesh,2004,2,Female,65749694.4702278
161,Bangladesh,2005,2,Female,66767982.0666539
161,Bangladesh,2006,2,Female,67801582.74902707
161,Bangladesh,2007,2,Female,68845828.42777568
161,Bangladesh,2008,2,Female,69896716.71733624
161,Bangladesh,2009,2,Female,70946897.45055924
161,Bangladesh,2010,2,Female,71987588.41666657
161,Bangladesh,2011,2,Female,73019092.87337503
161,Bangladesh,2012,2,Female,74042015.22602056
161,Bangladesh,2013,2,Female,75053497.2104396
161,Bangladesh,2014,2,Female,76048596.90086132
161,Bangladesh,2015,2,Female,77024997.68398617
161,Bangladesh,2016,2,Female,77980220.3360181
161,Bangladesh,2017,2,Female,78907508.63194105
161,Bangladesh,2018,2,Female,79806333.76984271
161,Bangladesh,2019,2,Female,80689650.95404586
161,Bangladesh,1990,3,Both,109054175.16581362
161,Bangladesh,1991,3,Both,111452084.32454534
161,Bangladesh,1992,3,Both,113670960.55483904
161,Bangladesh,1993,3,Both,115785040.07372196
161,Bangladesh,1994,3,Both,117749324.94446224
161,Bangladesh,1995,3,Both,119594187.40054962
161,Bangladesh,1996,3,Both,121352595.27163775
161,Bangladesh,1997,3,Both,123051248.71936315
161,Bangladesh,1998,3,Both,124702695.30461515
161,Bangladesh,1999,3,Both,126319541.77079432
161,Bangladesh,2000,3,Both,127913331.95028628
161,Bangladesh,2001,3,Both,129509278.90663683
161,Bangladesh,2002,3,Both,131141078.22836076
161,Bangladesh,2003,3,Both,132802758.20801254
161,Bangladesh,2004,3,Both,134487777.95709133
161,Bangladesh,2005,3,Both,136185092.01929265
161,Bangladesh,2006,3,Both,137880246.5609184
161,Bangladesh,2007,3,Both,139567067.03485698
161,Bangladesh,2008,3,Both,141250788.37315035
161,Bangladesh,2009,3,Both,142932649.3332723
161,Bangladesh,2010,3,Both,144604458.93831843
161,Bangladesh,2011,3,Both,146281066.9736981
161,Bangladesh,2012,3,Both,147977949.14644536
161,Bangladesh,2013,3,Both,149679631.2255849
161,Bangladesh,2014,3,Both,151361342.10378188
161,Bangladesh,2015,3,Both,153019081.81034774
161,Bangladesh,2016,3,Both,154650163.2509303
161,Bangladesh,2017,3,Both,156229770.8220397
161,Bangladesh,2018,3,Both,157755553.11287937
161,Bangladesh,2019,3,Both,159259849.52890804
162,Bhutan,1990,1,Male,322955.6376940152
162,Bhutan,1991,1,Male,309627.0319491508
162,Bhutan,1992,1,Male,302059.1815452721
162,Bhutan,1993,1,Male,302790.9429943395
162,Bhutan,1994,1,Male,306881.4360201808
162,Bhutan,1995,1,Male,313047.4601689846
162,Bhutan,1996,1,Male,319637.3504280367
162,Bhutan,1997,1,Male,326659.9416177364
162,Bhutan,1998,1,Male,332587.61193828296
162,Bhutan,1999,1,Male,337332.6534003192
162,Bhutan,2000,1,Male,341386.2647862281
162,Bhutan,2001,1,Male,344795.1422627947
162,Bhutan,2002,1,Male,347659.6287968241
162,Bhutan,2003,1,Male,349784.2111014594
162,Bhutan,2004,1,Male,351048.23865576973
162,Bhutan,2005,1,Male,352910.6331755636
162,Bhutan,2006,1,Male,356673.49142667215
162,Bhutan,2007,1,Male,362316.4822160738
162,Bhutan,2008,1,Male,369829.899094208
162,Bhutan,2009,1,Male,378103.8424600122
162,Bhutan,2010,1,Male,386494.9574927059
162,Bhutan,2011,1,Male,393851.0274045454
162,Bhutan,2012,1,Male,398286.8080868537
162,Bhutan,2013,1,Male,400350.0253269794
162,Bhutan,2014,1,Male,401277.6597536517
162,Bhutan,2015,1,Male,401455.8351583949
162,Bhutan,2016,1,Male,400500.6045220344
162,Bhutan,2017,1,Male,398258.5474558554
162,Bhutan,2018,1,Male,395475.398100108
162,Bhutan,2019,1,Male,392775.6464816765
162,Bhutan,1990,2,Female,289209.880608574
162,Bhutan,1991,2,Female,280814.7354301384
162,Bhutan,1992,2,Female,276069.0280394863
162,Bhutan,1993,2,Female,277004.3612322713
162,Bhutan,1994,2,Female,280273.674093958
162,Bhutan,1995,2,Female,284989.2126346365
162,Bhutan,1996,2,Female,289992.7167284049
162,Bhutan,1997,2,Female,295304.4058752524
162,Bhutan,1998,2,Female,299879.69259329664
162,Bhutan,1999,2,Female,303674.1930125716
162,Bhutan,2000,2,Female,307042.42691021325
162,Bhutan,2001,2,Female,310010.7889829423
162,Bhutan,2002,2,Female,312632.7148778634
162,Bhutan,2003,2,Female,314774.86640318483
162,Bhutan,2004,2,Female,316335.5945030775
162,Bhutan,2005,2,Female,318293.29391606327
162,Bhutan,2006,2,Female,321543.98314435844
162,Bhutan,2007,2,Female,326112.4929068528
162,Bhutan,2008,2,Female,332014.7472881801
162,Bhutan,2009,2,Female,338512.77001743787
162,Bhutan,2010,2,Female,345172.57392564986
162,Bhutan,2011,2,Female,351222.0656696348
162,Bhutan,2012,2,Female,355421.8762548508
162,Bhutan,2013,2,Female,358135.04148153623
162,Bhutan,2014,2,Female,360156.87117467745
162,Bhutan,2015,2,Female,361717.7628355844
162,Bhutan,2016,2,Female,362532.4696068479
162,Bhutan,2017,2,Female,362459.8542592487
162,Bhutan,2018,2,Female,361964.5383251928
162,Bhutan,2019,2,Female,361474.2149356703
162,Bhutan,1990,3,Both,612165.5183025892
162,Bhutan,1991,3,Both,590441.7673792891
162,Bhutan,1992,3,Both,578128.2095847585
162,Bhutan,1993,3,Both,579795.3042266108
162,Bhutan,1994,3,Both,587155.1101141387
162,Bhutan,1995,3,Both,598036.672803621
162,Bhutan,1996,3,Both,609630.0671564416
162,Bhutan,1997,3,Both,621964.3474929888
162,Bhutan,1998,3,Both,632467.3045315796
162,Bhutan,1999,3,Both,641006.8464128907
162,Bhutan,2000,3,Both,648428.6916964413
162,Bhutan,2001,3,Both,654805.931245737
162,Bhutan,2002,3,Both,660292.3436746876
162,Bhutan,2003,3,Both,664559.0775046443
162,Bhutan,2004,3,Both,667383.8331588473
162,Bhutan,2005,3,Both,671203.9270916269
162,Bhutan,2006,3,Both,678217.4745710306
162,Bhutan,2007,3,Both,688428.9751229266
162,Bhutan,2008,3,Both,701844.6463823881
162,Bhutan,2009,3,Both,716616.61247745
162,Bhutan,2010,3,Both,731667.5314183558
162,Bhutan,2011,3,Both,745073.0930741802
162,Bhutan,2012,3,Both,753708.6843417046
162,Bhutan,2013,3,Both,758485.0668085156
162,Bhutan,2014,3,Both,761434.5309283292
162,Bhutan,2015,3,Both,763173.5979939792
162,Bhutan,2016,3,Both,763033.0741288823
162,Bhutan,2017,3,Both,760718.4017151041
162,Bhutan,2018,3,Both,757439.9364253008
162,Bhutan,2019,3,Both,754249.8614173469
163,India,1990,1,Male,445335750.7550284
163,India,1991,1,Male,453806579.57330775
163,India,1992,1,Male,462404328.28999335
163,India,1993,1,Male,471152967.40734434
163,India,1994,1,Male,480063335.2882004
163,India,1995,1,Male,489145488.6626424
163,India,1996,1,Male,498370981.2635064
163,India,1997,1,Male,507624282.1913895
163,India,1998,1,Male,516882914.8910464
163,India,1999,1,Male,526242481.9898046
163,India,2000,1,Male,535702116.4410035
163,India,2001,1,Male,545218963.832598
163,India,2002,1,Male,554846047.3445871
163,India,2003,1,Male,564649327.5080878
163,India,2004,1,Male,574655906.0080066
163,India,2005,1,Male,584766992.6995394
163,India,2006,1,Male,594841909.1150105
163,India,2007,1,Male,604833093.9948857
163,India,2008,1,Male,614697257.4589913
163,India,2009,1,Male,624478907.2894809
163,India,2010,1,Male,634196085.1246257
163,India,2011,1,Male,643736824.4230311
163,India,2012,1,Male,653067001.8728607
163,India,2013,1,Male,662227968.6688561
163,India,2014,1,Male,671252010.1685401
163,India,2015,1,Male,680132717.2994233
163,India,2016,1,Male,688808354.1798452
163,India,2017,1,Male,697220792.8396308
163,India,2018,1,Male,705310565.1704391
163,India,2019,1,Male,713186106.6079489
163,India,1990,2,Female,410249881.0283014
163,India,1991,2,Female,417747574.4421303
163,India,1992,2,Female,425453977.5205241
163,India,1993,2,Female,433423538.3468049
163,India,1994,2,Female,441737266.2240961
163,India,1995,2,Female,450376216.17723405
163,India,1996,2,Female,459278491.9715899
163,India,1997,2,Female,468345885.6023861
163,India,1998,2,Female,477521039.3372817
163,India,1999,2,Female,486833089.6783838
163,India,2000,2,Female,496293086.580458
163,India,2001,2,Female,505876527.9871902
163,India,2002,2,Female,515605549.203698
163,India,2003,2,Female,525555349.4445728
163,India,2004,2,Female,535750274.0776341
163,India,2005,2,Female,546064364.7511158
163,India,2006,2,Female,556364377.2739344
163,India,2007,2,Female,566625612.8172191
163,India,2008,2,Female,576833818.550852
163,India,2009,2,Female,587023291.651861
163,India,2010,2,Female,597160572.839562
163,India,2011,2,Female,607095361.4906023
163,India,2012,2,Female,616788531.7807685
163,India,2013,2,Female,626266276.9055986
163,India,2014,2,Female,635511692.8115692
163,India,2015,2,Female,644480939.6790967
163,India,2016,2,Female,653160614.0131285
163,India,2017,2,Female,661562645.6349792
163,India,2018,2,Female,669650398.7318546
163,India,2019,2,Female,677520860.982584
163,India,1990,3,Both,855585631.7833298
163,India,1991,3,Both,871554154.015438
163,India,1992,3,Both,887858305.8105174
163,India,1993,3,Both,904576505.7541492
163,India,1994,3,Both,921800601.5122966
163,India,1995,3,Both,939521704.8398764
163,India,1996,3,Both,957649473.2350962
163,India,1997,3,Both,975970167.7937756
163,India,1998,3,Both,994403954.228328
163,India,1999,3,Both,1013075571.6681885
163,India,2000,3,Both,1031995203.0214616
163,India,2001,3,Both,1051095491.8197882
163,India,2002,3,Both,1070451596.548285
163,India,2003,3,Both,1090204676.9526606
163,India,2004,3,Both,1110406180.085641
163,India,2005,3,Both,1130831357.4506552
163,India,2006,3,Both,1151206286.3889449
163,India,2007,3,Both,1171458706.8121047
163,India,2008,3,Both,1191531076.009843
163,India,2009,3,Both,1211502198.941342
163,India,2010,3,Both,1231356657.964188
163,India,2011,3,Both,1250832185.913633
163,India,2012,3,Both,1269855533.6536293
163,India,2013,3,Both,1288494245.5744548
163,India,2014,3,Both,1306763702.9801097
163,India,2015,3,Both,1324613656.97852
163,India,2016,3,Both,1341968968.1929736
163,India,2017,3,Both,1358783438.47461
163,India,2018,3,Both,1374960963.9022937
163,India,2019,3,Both,1390706967.5905328
164,Nepal,1990,1,Male,9793174.181771608
164,Nepal,1991,1,Male,9990653.365532247
164,Nepal,1992,1,Male,10201000.671479266
164,Nepal,1993,1,Male,10421275.992685745
164,Nepal,1994,1,Male,10648368.414002383
164,Nepal,1995,1,Male,10879806.228710951
164,Nepal,1996,1,Male,11112644.168665934
164,Nepal,1997,1,Male,11344863.755986266
164,Nepal,1998,1,Male,11573613.185756631
164,Nepal,1999,1,Male,11796248.117284248
164,Nepal,2000,1,Male,12009812.372123765
164,Nepal,2001,1,Male,12211234.846493129
164,Nepal,2002,1,Male,12396367.262407549
164,Nepal,2003,1,Male,12567060.9307842
164,Nepal,2004,1,Male,12725152.74170597
164,Nepal,2005,1,Male,12870855.202980572
164,Nepal,2006,1,Male,13006679.210892504
164,Nepal,2007,1,Male,13134938.440696573
164,Nepal,2008,1,Male,13257756.802697737
164,Nepal,2009,1,Male,13376278.761771468
164,Nepal,2010,1,Male,13491642.699056633
164,Nepal,2011,1,Male,13604328.936132152
164,Nepal,2012,1,Male,13715732.592482336
164,Nepal,2013,1,Male,13827331.98106624
164,Nepal,2014,1,Male,13939726.360494182
164,Nepal,2015,1,Male,14049998.000255851
164,Nepal,2016,1,Male,14160296.15738536
164,Nepal,2017,1,Male,14272700.518976957
164,Nepal,2018,1,Male,14384379.045822436
164,Nepal,2019,1,Male,14497807.093370149
164,Nepal,1990,2,Female,9743398.790659184
164,Nepal,1991,2,Female,9960099.99044424
164,Nepal,1992,2,Female,10178034.4965634
164,Nepal,1993,2,Female,10397479.55085287
164,Nepal,1994,2,Female,10618443.614113215
164,Nepal,1995,2,Female,10841218.928704971
164,Nepal,1996,2,Female,11065594.404538548
164,Nepal,1997,2,Female,11292029.078045089
164,Nepal,1998,2,Female,11520167.34540741
164,Nepal,1999,2,Female,11749187.187123494
164,Nepal,2000,2,Female,11978748.9361625
164,Nepal,2001,2,Female,12208555.014419742
164,Nepal,2002,2,Female,12437572.33247299
164,Nepal,2003,2,Female,12665003.416714037
164,Nepal,2004,2,Female,12890378.50710739
164,Nepal,2005,2,Female,13112511.455654692
164,Nepal,2006,2,Female,13331706.262319092
164,Nepal,2007,2,Female,13548553.232054563
164,Nepal,2008,2,Female,13763370.890252251
164,Nepal,2009,2,Female,13975806.072872153
164,Nepal,2010,2,Female,14185000.659424236
164,Nepal,2011,2,Female,14390035.276699048
164,Nepal,2012,2,Female,14591020.866824511
164,Nepal,2013,2,Female,14789307.345709013
164,Nepal,2014,2,Female,14985474.263144271
164,Nepal,2015,2,Female,15177302.49210358
164,Nepal,2016,2,Female,15366043.789996304
164,Nepal,2017,2,Female,15553050.424739398
164,Nepal,2018,2,Female,15736461.764874628
164,Nepal,2019,2,Female,15918575.302280704
164,Nepal,1990,3,Both,19536572.972430795
164,Nepal,1991,3,Both,19950753.35597649
164,Nepal,1992,3,Both,20379035.168042667
164,Nepal,1993,3,Both,20818755.54353861
164,Nepal,1994,3,Both,21266812.0281156
164,Nepal,1995,3,Both,21721025.157415923
164,Nepal,1996,3,Both,22178238.57320448
164,Nepal,1997,3,Both,22636892.83403135
164,Nepal,1998,3,Both,23093780.53116404
164,Nepal,1999,3,Both,23545435.304407746
164,Nepal,2000,3,Both,23988561.30828626
164,Nepal,2001,3,Both,24419789.86091287
164,Nepal,2002,3,Both,24833939.594880536
164,Nepal,2003,3,Both,25232064.34749824
164,Nepal,2004,3,Both,25615531.24881336
164,Nepal,2005,3,Both,25983366.658635262
164,Nepal,2006,3,Both,26338385.4732116
164,Nepal,2007,3,Both,26683491.67275113
164,Nepal,2008,3,Both,27021127.692949988
164,Nepal,2009,3,Both,27352084.83464362
164,Nepal,2010,3,Both,27676643.358480867
164,Nepal,2011,3,Both,27994364.2128312
164,Nepal,2012,3,Both,28306753.459306847
164,Nepal,2013,3,Both,28616639.326775253
164,Nepal,2014,3,Both,28925200.62363845
164,Nepal,2015,3,Both,29227300.49235944
164,Nepal,2016,3,Both,29526339.947381668
164,Nepal,2017,3,Both,29825750.943716355
164,Nepal,2018,3,Both,30120840.810697064
164,Nepal,2019,3,Both,30416382.39565085
165,Pakistan,1990,1,Male,59121001.71409638
165,Pakistan,1991,1,Male,60414124.81238888
165,Pakistan,1992,1,Male,61729729.08856398
165,Pakistan,1993,1,Male,63072411.20753916
165,Pakistan,1994,1,Male,64447897.04480431
165,Pakistan,1995,1,Male,65860744.51712623
165,Pakistan,1996,1,Male,67322111.30603142
165,Pakistan,1997,1,Male,68842975.87495972
165,Pakistan,1998,1,Male,70432207.36068147
165,Pakistan,1999,1,Male,72097901.57540455
165,Pakistan,2000,1,Male,73836732.43944493
165,Pakistan,2001,1,Male,75645178.01805574
165,Pakistan,2002,1,Male,77517089.13555662
165,Pakistan,2003,1,Male,79448452.06067872
165,Pakistan,2004,1,Male,81436759.46998535
165,Pakistan,2005,1,Male,83456308.28283933
165,Pakistan,2006,1,Male,85524495.5310407
165,Pakistan,2007,1,Male,87661784.90870163
165,Pakistan,2008,1,Male,89837910.93091913
165,Pakistan,2009,1,Male,92043075.18325676
165,Pakistan,2010,1,Male,94269249.04947552
165,Pakistan,2011,1,Male,96515578.64299545
165,Pakistan,2012,1,Male,98780164.42550944
165,Pakistan,2013,1,Male,101054747.9843241
165,Pakistan,2014,1,Male,103335289.81065156
165,Pakistan,2015,1,Male,105619809.94229873
165,Pakistan,2016,1,Male,107906693.87373547
165,Pakistan,2017,1,Male,110192530.4111862
165,Pakistan,2018,1,Male,112491996.57808824
165,Pakistan,2019,1,Male,114846011.83943903
165,Pakistan,1990,2,Female,53715823.63426677
165,Pakistan,1991,2,Female,54982517.97999862
165,Pakistan,1992,2,Female,56276816.91343531
165,Pakistan,1993,2,Female,57603040.843572825
165,Pakistan,1994,2,Female,58967419.949036896
165,Pakistan,1995,2,Female,60375964.92290383
165,Pakistan,1996,2,Female,61838257.030998126
165,Pakistan,1997,2,Female,63361742.76978974
165,Pakistan,1998,2,Female,64952012.50086687
165,Pakistan,1999,2,Female,66614748.03295945
165,Pakistan,2000,2,Female,68346105.81255148
165,Pakistan,2001,2,Female,70143971.86105323
165,Pakistan,2002,2,Female,72005482.34290978
165,Pakistan,2003,2,Female,73927174.25029832
165,Pakistan,2004,2,Female,75907524.41210808
165,Pakistan,2005,2,Female,77931845.09677377
165,Pakistan,2006,2,Female,80006601.26030336
165,Pakistan,2007,2,Female,82139945.7387164
165,Pakistan,2008,2,Female,84311986.08502373
165,Pakistan,2009,2,Female,86514222.82452543
165,Pakistan,2010,2,Female,88739465.74205546
165,Pakistan,2011,2,Female,90983713.7040269
165,Pakistan,2012,2,Female,93244103.38093457
165,Pakistan,2013,2,Female,95513826.62952489
165,Pakistan,2014,2,Female,97788309.30344038
165,Pakistan,2015,2,Female,100065579.42241225
165,Pakistan,2016,2,Female,102342031.82276618
165,Pakistan,2017,2,Female,104613166.70420042
165,Pakistan,2018,2,Female,106892256.74972989
165,Pakistan,2019,2,Female,109216834.94171833
165,Pakistan,1990,3,Both,112836825.34836316
165,Pakistan,1991,3,Both,115396642.7923875
165,Pakistan,1992,3,Both,118006546.0019993
165,Pakistan,1993,3,Both,120675452.05111198
165,Pakistan,1994,3,Both,123415316.99384122
165,Pakistan,1995,3,Both,126236709.44003004
165,Pakistan,1996,3,Both,129160368.33702956
165,Pakistan,1997,3,Both,132204718.64474946
165,Pakistan,1998,3,Both,135384219.86154833
165,Pakistan,1999,3,Both,138712649.608364
165,Pakistan,2000,3,Both,142182838.25199643
165,Pakistan,2001,3,Both,145789149.87910897
165,Pakistan,2002,3,Both,149522571.47846642
165,Pakistan,2003,3,Both,153375626.31097704
165,Pakistan,2004,3,Both,157344283.88209343
165,Pakistan,2005,3,Both,161388153.3796131
165,Pakistan,2006,3,Both,165531096.79134408
165,Pakistan,2007,3,Both,169801730.64741802
165,Pakistan,2008,3,Both,174149897.01594287
165,Pakistan,2009,3,Both,178557298.0077822
165,Pakistan,2010,3,Both,183008714.791531
165,Pakistan,2011,3,Both,187499292.34702232
165,Pakistan,2012,3,Both,192024267.806444
165,Pakistan,2013,3,Both,196568574.6138489
165,Pakistan,2014,3,Both,201123599.114092
165,Pakistan,2015,3,Both,205685389.36471096
165,Pakistan,2016,3,Both,210248725.69650164
165,Pakistan,2017,3,Both,214805697.1153866
165,Pakistan,2018,3,Both,219384253.32781813
165,Pakistan,2019,3,Both,224062846.78115737
168,Angola,1990,1,Male,5204918.273031026
168,Angola,1991,1,Male,5375305.797904686
168,Angola,1992,1,Male,5554251.977820565
168,Angola,1993,1,Male,5737741.962218754
168,Angola,1994,1,Male,5928793.14477485
168,Angola,1995,1,Male,6132776.836699773
168,Angola,1996,1,Male,6348050.663879714
168,Angola,1997,1,Male,6572725.44678315
168,Angola,1998,1,Male,6802845.502397498
168,Angola,1999,1,Male,7041536.711186882
168,Angola,2000,1,Male,7293949.342685476
168,Angola,2001,1,Male,7558697.680171371
168,Angola,2002,1,Male,7837221.479062854
168,Angola,2003,1,Male,8130715.277059302
168,Angola,2004,1,Male,8438231.2076737
168,Angola,2005,1,Male,8760912.922172494
168,Angola,2006,1,Male,9099364.21345061
168,Angola,2007,1,Male,9453978.001112698
168,Angola,2008,1,Male,9825509.059493098
168,Angola,2009,1,Male,10212729.62225603
168,Angola,2010,1,Male,10614282.905695152
168,Angola,2011,1,Male,11028756.249028442
168,Angola,2012,1,Male,11454223.925798384
168,Angola,2013,1,Male,11888976.827527406
168,Angola,2014,1,Male,12331583.446823414
168,Angola,2015,1,Male,12780031.971622229
168,Angola,2016,1,Male,13232799.99917232
168,Angola,2017,1,Male,13689327.051296812
168,Angola,2018,1,Male,14150870.325872606
168,Angola,2019,1,Male,14622638.653982831
168,Angola,1990,2,Female,5113377.862331395
168,Angola,1991,2,Female,5305995.10726894
168,Angola,1992,2,Female,5508333.2625206
168,Angola,1993,2,Female,5718611.409518448
168,Angola,1994,2,Female,5938482.961728846
168,Angola,1995,2,Female,6170873.969660255
168,Angola,1996,2,Female,6415171.8166446695
168,Angola,1997,2,Female,6670526.18766159
168,Angola,1998,2,Female,6935006.6783068525
168,Angola,1999,2,Female,7210177.874561776
168,Angola,2000,2,Female,7498783.255737774
168,Angola,2001,2,Female,7800756.9757688595
168,Angola,2002,2,Female,8116870.980769055
168,Angola,2003,2,Female,8447606.338139666
168,Angola,2004,2,Female,8793210.75428359
168,Angola,2005,2,Female,9154762.359887948
168,Angola,2006,2,Female,9532662.748114532
168,Angola,2007,2,Female,9927341.520777475
168,Angola,2008,2,Female,10338584.032051088
168,Angola,2009,2,Female,10764832.211278606
168,Angola,2010,2,Female,11204771.007946745
168,Angola,2011,2,Female,11656860.110180024
168,Angola,2012,2,Female,12119400.637839884
168,Angola,2013,2,Female,12590735.488284532
168,Angola,2014,2,Female,13069468.807352062
168,Angola,2015,2,Female,13553062.26444787
168,Angola,2016,2,Female,14038971.628856303
168,Angola,2017,2,Female,14526267.338568252
168,Angola,2018,2,Female,15016659.91413536
168,Angola,2019,2,Female,15515882.723285634
168,Angola,1990,3,Both,10318296.13536242
168,Angola,1991,3,Both,10681300.905173626
168,Angola,1992,3,Both,11062585.240341164
168,Angola,1993,3,Both,11456353.3717372
168,Angola,1994,3,Both,11867276.106503695
168,Angola,1995,3,Both,12303650.806360029
168,Angola,1996,3,Both,12763222.480524383
168,Angola,1997,3,Both,13243251.63444474
168,Angola,1998,3,Both,13737852.18070435
168,Angola,1999,3,Both,14251714.58574866
168,Angola,2000,3,Both,14792732.59842325
168,Angola,2001,3,Both,15359454.655940233
168,Angola,2002,3,Both,15954092.459831908
168,Angola,2003,3,Both,16578321.615198968
168,Angola,2004,3,Both,17231441.96195729
168,Angola,2005,3,Both,17915675.282060444
168,Angola,2006,3,Both,18632026.961565144
168,Angola,2007,3,Both,19381319.52189017
168,Angola,2008,3,Both,20164093.09154419
168,Angola,2009,3,Both,20977561.83353464
168,Angola,2010,3,Both,21819053.9136419
168,Angola,2011,3,Both,22685616.359208465
168,Angola,2012,3,Both,23573624.56363827
168,Angola,2013,3,Both,24479712.315811936
168,Angola,2014,3,Both,25401052.25417548
168,Angola,2015,3,Both,26333094.236070096
168,Angola,2016,3,Both,27271771.628028624
168,Angola,2017,3,Both,28215594.389865067
168,Angola,2018,3,Both,29167530.240007963
168,Angola,2019,3,Both,30138521.377268467
169,Central African Republic,1990,1,Male,1349121.5202507833
169,Central African Republic,1991,1,Male,1389736.4164643004
169,Central African Republic,1992,1,Male,1434833.4145397972
169,Central African Republic,1993,1,Male,1477794.2918882128
169,Central African Republic,1994,1,Male,1517342.4898449292
169,Central African Republic,1995,1,Male,1558480.5032571263
169,Central African Republic,1996,1,Male,1603718.21147337
169,Central African Republic,1997,1,Male,1652406.7272968118
169,Central African Republic,1998,1,Male,1704222.45035318
169,Central African Republic,1999,1,Male,1752868.6062817203
169,Central African Republic,2000,1,Male,1797282.0652217944
169,Central African Republic,2001,1,Male,1844615.2473649967
169,Central African Republic,2002,1,Male,1892299.3318738656
169,Central African Republic,2003,1,Male,1940357.262122404
169,Central African Republic,2004,1,Male,1988272.6632728227
169,Central African Republic,2005,1,Male,2031179.412819804
169,Central African Republic,2006,1,Male,2071168.6648958528
169,Central African Republic,2007,1,Male,2114502.7260464896
169,Central African Republic,2008,1,Male,2165837.006281539
169,Central African Republic,2009,1,Male,2224734.973228564
169,Central African Republic,2010,1,Male,2288069.544708908
169,Central African Republic,2011,1,Male,2340108.322986816
169,Central African Republic,2012,1,Male,2353510.632595651
169,Central African Republic,2013,1,Male,2338685.173061324
169,Central African Republic,2014,1,Male,2343617.2090464416
169,Central African Republic,2015,1,Male,2381180.7342917183
169,Central African Republic,2016,1,Male,2426618.9446987514
169,Central African Republic,2017,1,Male,2471563.2602272527
169,Central African Republic,2018,1,Male,2528112.0046695448
169,Central African Republic,2019,1,Male,2594942.9164128103
169,Central African Republic,1990,2,Female,1394928.9559663662
169,Central African Republic,1991,2,Female,1433669.1573314453
169,Central African Republic,1992,2,Female,1476710.5758166192
169,Central African Republic,1993,2,Female,1518273.330659124
169,Central African Republic,1994,2,Female,1557063.8644403396
169,Central African Republic,1995,2,Female,1597182.5793740137
169,Central African Republic,1996,2,Female,1640684.4026814003
169,Central African Republic,1997,2,Female,1687112.996989295
169,Central African Republic,1998,2,Female,1736273.798128902
169,Central African Republic,1999,2,Female,1783172.5095582237
169,Central African Republic,2000,2,Female,1827022.3949363169
169,Central African Republic,2001,2,Female,1873616.9242999305
169,Central African Republic,2002,2,Female,1920958.9283764504
169,Central African Republic,2003,2,Female,1969034.159009382
169,Central African Republic,2004,2,Female,2017393.1143331768
169,Central African Republic,2005,2,Female,2062182.1857754968
169,Central African Republic,2006,2,Female,2105121.3205228536
169,Central African Republic,2007,2,Female,2151285.12524056
169,Central African Republic,2008,2,Female,2204495.329038575
169,Central African Republic,2009,2,Female,2264453.539358191
169,Central African Republic,2010,2,Female,2328540.1231523114
169,Central African Republic,2011,2,Female,2383865.969112007
169,Central African Republic,2012,2,Female,2407952.924415482
169,Central African Republic,2013,2,Female,2409222.18198895
169,Central African Republic,2014,2,Female,2426967.332066498
169,Central African Republic,2015,2,Female,2471261.567210959
169,Central African Republic,2016,2,Female,2521896.044561489
169,Central African Republic,2017,2,Female,2573198.1647556885
169,Central African Republic,2018,2,Female,2634787.2787230746
169,Central African Republic,2019,2,Female,2704920.230719732
169,Central African Republic,1990,3,Both,2744050.4762171498
169,Central African Republic,1991,3,Both,2823405.5737957456
169,Central African Republic,1992,3,Both,2911543.9903564164
169,Central African Republic,1993,3,Both,2996067.622547337
169,Central African Republic,1994,3,Both,3074406.354285269
169,Central African Republic,1995,3,Both,3155663.08263114
169,Central African Republic,1996,3,Both,3244402.6141547705
169,Central African Republic,1997,3,Both,3339519.7242861064
169,Central African Republic,1998,3,Both,3440496.248482082
169,Central African Republic,1999,3,Both,3536041.115839944
169,Central African Republic,2000,3,Both,3624304.460158111
169,Central African Republic,2001,3,Both,3718232.171664928
169,Central African Republic,2002,3,Both,3813258.260250316
169,Central African Republic,2003,3,Both,3909391.421131786
169,Central African Republic,2004,3,Both,4005665.777606
169,Central African Republic,2005,3,Both,4093361.5985953007
169,Central African Republic,2006,3,Both,4176289.985418706
169,Central African Republic,2007,3,Both,4265787.851287049
169,Central African Republic,2008,3,Both,4370332.335320113
169,Central African Republic,2009,3,Both,4489188.512586755
169,Central African Republic,2010,3,Both,4616609.667861219
169,Central African Republic,2011,3,Both,4723974.292098822
169,Central African Republic,2012,3,Both,4761463.557011133
169,Central African Republic,2013,3,Both,4747907.355050273
169,Central African Republic,2014,3,Both,4770584.54111294
169,Central African Republic,2015,3,Both,4852442.301502677
169,Central African Republic,2016,3,Both,4948514.989260241
169,Central African Republic,2017,3,Both,5044761.424982941
169,Central African Republic,2018,3,Both,5162899.283392619
169,Central African Republic,2019,3,Both,5299863.147132542
170,Congo,1990,1,Male,1194543.2400966955
170,Congo,1991,1,Male,1230429.4988427437
170,Congo,1992,1,Male,1266624.1154965602
170,Congo,1993,1,Male,1302923.9782072983
170,Congo,1994,1,Male,1339425.7624513328
170,Congo,1995,1,Male,1376441.97185536
170,Congo,1996,1,Male,1413989.3879820742
170,Congo,1997,1,Male,1448687.2878937046
170,Congo,1998,1,Male,1482858.5486599011
170,Congo,1999,1,Male,1521433.3956422748
170,Congo,2000,1,Male,1562626.710647008
170,Congo,2001,1,Male,1605862.9653680725
170,Congo,2002,1,Male,1651120.978637467
170,Congo,2003,1,Male,1698296.8139868756
170,Congo,2004,1,Male,1747505.4014788372
170,Congo,2005,1,Male,1798879.0011878442
170,Congo,2006,1,Male,1852371.9930199112
170,Congo,2007,1,Male,1907749.050437604
170,Congo,2008,1,Male,1964849.102511197
170,Congo,2009,1,Male,2023499.3938182471
170,Congo,2010,1,Male,2083308.8748073608
170,Congo,2011,1,Male,2143841.8938706536
170,Congo,2012,1,Male,2204451.360370806
170,Congo,2013,1,Male,2264782.774992181
170,Congo,2014,1,Male,2324682.85642776
170,Congo,2015,1,Male,2383816.034712585
170,Congo,2016,1,Male,2441983.6760829315
170,Congo,2017,1,Male,2498904.1992371087
170,Congo,2018,1,Male,2554581.4053915413
170,Congo,2019,1,Male,2609889.7746516624
170,Congo,1990,2,Female,1250268.0386472363
170,Congo,1991,2,Female,1286336.3083466832
170,Congo,1992,2,Female,1322667.8858997058
170,Congo,1993,2,Female,1359132.1696364228
170,Congo,1994,2,Female,1395630.7989955817
170,Congo,1995,2,Female,1432315.455870435
170,Congo,1996,2,Female,1469262.7420040474
170,Congo,1997,2,Female,1505091.9441415565
170,Congo,1998,2,Female,1541145.582080227
170,Congo,1999,2,Female,1579804.1125416956
170,Congo,2000,2,Female,1620386.8159956422
170,Congo,2001,2,Female,1662820.7120313027
170,Congo,2002,2,Female,1707211.064620852
170,Congo,2003,2,Female,1753445.482029728
170,Congo,2004,2,Female,1801570.481450694
170,Congo,2005,2,Female,1851712.370795308
170,Congo,2006,2,Female,1903866.9838701023
170,Congo,2007,2,Female,1957896.3399670576
170,Congo,2008,2,Female,2013683.674083005
170,Congo,2009,2,Female,2071140.84622538
170,Congo,2010,2,Female,2129838.5590870134
170,Congo,2011,2,Female,2189400.045099834
170,Congo,2012,2,Female,2249462.7101649283
170,Congo,2013,2,Female,2309460.913466472
170,Congo,2014,2,Female,2369011.952486596
170,Congo,2015,2,Female,2427965.554900019
170,Congo,2016,2,Female,2486265.039295406
170,Congo,2017,2,Female,2543592.764651691
170,Congo,2018,2,Female,2599866.686093272
170,Congo,2019,2,Female,2655956.5017223577
170,Congo,1990,3,Both,2444811.278743932
170,Congo,1991,3,Both,2516765.807189427
170,Congo,1992,3,Both,2589292.0013962663
170,Congo,1993,3,Both,2662056.147843721
170,Congo,1994,3,Both,2735056.561446914
170,Congo,1995,3,Both,2808757.427725796
170,Congo,1996,3,Both,2883252.1299861213
170,Congo,1997,3,Both,2953779.232035261
170,Congo,1998,3,Both,3024004.1307401285
170,Congo,1999,3,Both,3101237.50818397
170,Congo,2000,3,Both,3183013.5266426504
170,Congo,2001,3,Both,3268683.6773993755
170,Congo,2002,3,Both,3358332.0432583187
170,Congo,2003,3,Both,3451742.296016604
170,Congo,2004,3,Both,3549075.8829295314
170,Congo,2005,3,Both,3650591.371983152
170,Congo,2006,3,Both,3756238.9768900136
170,Congo,2007,3,Both,3865645.390404661
170,Congo,2008,3,Both,3978532.776594202
170,Congo,2009,3,Both,4094640.240043627
170,Congo,2010,3,Both,4213147.433894374
170,Congo,2011,3,Both,4333241.938970488
170,Congo,2012,3,Both,4453914.070535734
170,Congo,2013,3,Both,4574243.688458653
170,Congo,2014,3,Both,4693694.808914355
170,Congo,2015,3,Both,4811781.589612604
170,Congo,2016,3,Both,4928248.715378338
170,Congo,2017,3,Both,5042496.9638888
170,Congo,2018,3,Both,5154448.091484813
170,Congo,2019,3,Both,5265846.276374021
171,Democratic Republic of the Congo,1990,1,Male,19034652.44121751
171,Democratic Republic of the Congo,1991,1,Male,19600782.792005744
171,Democratic Republic of the Congo,1992,1,Male,20183414.72050441
171,Democratic Republic of the Congo,1993,1,Male,20781277.629383672
171,Democratic Republic of the Congo,1994,1,Male,21393112.76365552
171,Democratic Republic of the Congo,1995,1,Male,22020938.929515827
171,Democratic Republic of the Congo,1996,1,Male,22654005.281523835
171,Democratic Republic of the Congo,1997,1,Male,23300112.992596705
171,Democratic Republic of the Congo,1998,1,Male,23974995.54855224
171,Democratic Republic of the Congo,1999,1,Male,24673129.656431746
171,Democratic Republic of the Congo,2000,1,Male,25396723.85743197
171,Democratic Republic of the Congo,2001,1,Male,26147980.797869552
171,Democratic Republic of the Congo,2002,1,Male,26924829.99415322
171,Democratic Republic of the Congo,2003,1,Male,27728508.175483927
171,Democratic Republic of the Congo,2004,1,Male,28564427.194131576
171,Democratic Republic of the Congo,2005,1,Male,29434251.79291837
171,Democratic Republic of the Congo,2006,1,Male,30335761.05926874
171,Democratic Republic of the Congo,2007,1,Male,31266220.96361056
171,Democratic Republic of the Congo,2008,1,Male,32222459.67821229
171,Democratic Republic of the Congo,2009,1,Male,33202105.996685024
171,Democratic Republic of the Congo,2010,1,Male,34206771.01901452
171,Democratic Republic of the Congo,2011,1,Male,35234582.83887399
171,Democratic Republic of the Congo,2012,1,Male,36279768.79337015
171,Democratic Republic of the Congo,2013,1,Male,37339829.027591474
171,Democratic Republic of the Congo,2014,1,Male,38413241.98057052
171,Democratic Republic of the Congo,2015,1,Male,39497898.72427052
171,Democratic Republic of the Congo,2016,1,Male,40589389.688452944
171,Democratic Republic of the Congo,2017,1,Male,41680732.99393459
171,Democratic Republic of the Congo,2018,1,Male,42773258.86433727
171,Democratic Republic of the Congo,2019,1,Male,43882795.82455967
171,Democratic Republic of the Congo,1990,2,Female,19556072.378348105
171,Democratic Republic of the Congo,1991,2,Female,20105507.65311071
171,Democratic Republic of the Congo,1992,2,Female,20669683.04073913
171,Democratic Republic of the Congo,1993,2,Female,21248498.6548957
171,Democratic Republic of the Congo,1994,2,Female,21840753.594520383
171,Democratic Republic of the Congo,1995,2,Female,22448232.792183083
171,Democratic Republic of the Congo,1996,2,Female,23066165.86863952
171,Democratic Republic of the Congo,1997,2,Female,23699814.79455809
171,Democratic Republic of the Congo,1998,2,Female,24358572.74238181
171,Democratic Republic of the Congo,1999,2,Female,25039498.9822892
171,Democratic Republic of the Congo,2000,2,Female,25744077.152225785
171,Democratic Republic of the Congo,2001,2,Female,26473075.6889435
171,Democratic Republic of the Congo,2002,2,Female,27226685.941310704
171,Democratic Republic of the Congo,2003,2,Female,28006339.73099724
171,Democratic Republic of the Congo,2004,2,Female,28815474.45233992
171,Democratic Republic of the Congo,2005,2,Female,29656310.98832153
171,Democratic Republic of the Congo,2006,2,Female,30527849.83479378
171,Democratic Republic of the Congo,2007,2,Female,31428002.54410808
171,Democratic Republic of the Congo,2008,2,Female,32354850.252308264
171,Democratic Republic of the Congo,2009,2,Female,33307269.39432793
171,Democratic Republic of the Congo,2010,2,Female,34285792.15760355
171,Democratic Republic of the Congo,2011,2,Female,35288283.410043605
171,Democratic Republic of the Congo,2012,2,Female,36310225.99469356
171,Democratic Republic of the Congo,2013,2,Female,37348794.089376375
171,Democratic Republic of the Congo,2014,2,Female,38401722.64709599
171,Democratic Republic of the Congo,2015,2,Female,39466441.19302985
171,Democratic Republic of the Congo,2016,2,Female,40538894.2710496
171,Democratic Republic of the Congo,2017,2,Female,41613762.07638487
171,Democratic Republic of the Congo,2018,2,Female,42692180.20132402
171,Democratic Republic of the Congo,2019,2,Female,43787647.95211918
171,Democratic Republic of the Congo,1990,3,Both,38590724.81956561
171,Democratic Republic of the Congo,1991,3,Both,39706290.44511645
171,Democratic Republic of the Congo,1992,3,Both,40853097.761243545
171,Democratic Republic of the Congo,1993,3,Both,42029776.28427937
171,Democratic Republic of the Congo,1994,3,Both,43233866.3581759
171,Democratic Republic of the Congo,1995,3,Both,44469171.72169891
171,Democratic Republic of the Congo,1996,3,Both,45720171.15016335
171,Democratic Republic of the Congo,1997,3,Both,46999927.7871548
171,Democratic Republic of the Congo,1998,3,Both,48333568.290934056
171,Democratic Republic of the Congo,1999,3,Both,49712628.63872095
171,Democratic Republic of the Congo,2000,3,Both,51140801.00965776
171,Democratic Republic of the Congo,2001,3,Both,52621056.48681305
171,Democratic Republic of the Congo,2002,3,Both,54151515.93546393
171,Democratic Republic of the Congo,2003,3,Both,55734847.90648117
171,Democratic Republic of the Congo,2004,3,Both,57379901.64647149
171,Democratic Republic of the Congo,2005,3,Both,59090562.781239904
171,Democratic Republic of the Congo,2006,3,Both,60863610.89406252
171,Democratic Republic of the Congo,2007,3,Both,62694223.50771864
171,Democratic Republic of the Congo,2008,3,Both,64577309.93052055
171,Democratic Republic of the Congo,2009,3,Both,66509375.39101296
171,Democratic Republic of the Congo,2010,3,Both,68492563.17661807
171,Democratic Republic of the Congo,2011,3,Both,70522866.2489176
171,Democratic Republic of the Congo,2012,3,Both,72589994.7880637
171,Democratic Republic of the Congo,2013,3,Both,74688623.11696786
171,Democratic Republic of the Congo,2014,3,Both,76814964.6276665
171,Democratic Republic of the Congo,2015,3,Both,78964339.91730037
171,Democratic Republic of the Congo,2016,3,Both,81128283.95950255
171,Democratic Republic of the Congo,2017,3,Both,83294495.07031944
171,Democratic Republic of the Congo,2018,3,Both,85465439.06566128
171,Democratic Republic of the Congo,2019,3,Both,87670443.77667885
172,Equatorial Guinea,1990,1,Male,206699.0476114596
172,Equatorial Guinea,1991,1,Male,215507.67086979045
172,Equatorial Guinea,1992,1,Male,224964.5125331885
172,Equatorial Guinea,1993,1,Male,235105.56701910176
172,Equatorial Guinea,1994,1,Male,245957.6172821021
172,Equatorial Guinea,1995,1,Male,257550.1030655509
172,Equatorial Guinea,1996,1,Male,269946.4538294524
172,Equatorial Guinea,1997,1,Male,283317.2033835919
172,Equatorial Guinea,1998,1,Male,297751.5329378765
172,Equatorial Guinea,1999,1,Male,313210.1682984174
172,Equatorial Guinea,2000,1,Male,329694.8636924337
172,Equatorial Guinea,2001,1,Male,347238.0682783916
172,Equatorial Guinea,2002,1,Male,365837.3244087475
172,Equatorial Guinea,2003,1,Male,385390.4157832512
172,Equatorial Guinea,2004,1,Male,405806.8278157591
172,Equatorial Guinea,2005,1,Male,426996.1447130882
172,Equatorial Guinea,2006,1,Male,448963.5410661046
172,Equatorial Guinea,2007,1,Male,471711.5076595696
172,Equatorial Guinea,2008,1,Male,495138.2156055728
172,Equatorial Guinea,2009,1,Male,519225.4499456872
172,Equatorial Guinea,2010,1,Male,543863.0436457228
172,Equatorial Guinea,2011,1,Male,568783.9562647687
172,Equatorial Guinea,2012,1,Male,593825.529395657
172,Equatorial Guinea,2013,1,Male,618998.2971029651
172,Equatorial Guinea,2014,1,Male,644230.0823108195
172,Equatorial Guinea,2015,1,Male,669318.3915534399
172,Equatorial Guinea,2016,1,Male,694095.1006433746
172,Equatorial Guinea,2017,1,Male,718568.0758103422
172,Equatorial Guinea,2018,1,Male,742790.4188312439
172,Equatorial Guinea,2019,1,Male,766968.4640516071
172,Equatorial Guinea,1990,2,Female,223643.8472241786
172,Equatorial Guinea,1991,2,Female,232850.50542736013
172,Equatorial Guinea,1992,2,Female,242526.71091253907
172,Equatorial Guinea,1993,2,Female,252674.1177173413
172,Equatorial Guinea,1994,2,Female,263280.7800436076
172,Equatorial Guinea,1995,2,Female,274358.03415531915
172,Equatorial Guinea,1996,2,Female,285925.2423280884
172,Equatorial Guinea,1997,2,Female,298093.3789431674
172,Equatorial Guinea,1998,2,Female,310912.94228474994
172,Equatorial Guinea,1999,2,Female,324308.914259397
172,Equatorial Guinea,2000,2,Female,338254.2485802781
172,Equatorial Guinea,2001,2,Female,352754.0428002474
172,Equatorial Guinea,2002,2,Female,367778.8035866444
172,Equatorial Guinea,2003,2,Female,383218.91317086975
172,Equatorial Guinea,2004,2,Female,398988.5683004104
172,Equatorial Guinea,2005,2,Female,415034.948297978
172,Equatorial Guinea,2006,2,Female,431357.4000242936
172,Equatorial Guinea,2007,2,Female,447962.0237040589
172,Equatorial Guinea,2008,2,Female,464801.34401109454
172,Equatorial Guinea,2009,2,Female,481820.6719678277
172,Equatorial Guinea,2010,2,Female,498895.4496825994
172,Equatorial Guinea,2011,2,Female,515901.30129608006
172,Equatorial Guinea,2012,2,Female,532881.3948355503
172,Equatorial Guinea,2013,2,Female,550001.0412161773
172,Equatorial Guinea,2014,2,Female,567263.9001745717
172,Equatorial Guinea,2015,2,Female,584455.9224215448
172,Equatorial Guinea,2016,2,Female,601511.9631191107
172,Equatorial Guinea,2017,2,Female,618548.3425659159
172,Equatorial Guinea,2018,2,Female,635618.7889070921
172,Equatorial Guinea,2019,2,Female,652870.6377077667
172,Equatorial Guinea,1990,3,Both,430342.89483563823
172,Equatorial Guinea,1991,3,Both,448358.1762971506
172,Equatorial Guinea,1992,3,Both,467491.2234457276
172,Equatorial Guinea,1993,3,Both,487779.6847364431
172,Equatorial Guinea,1994,3,Both,509238.3973257097
172,Equatorial Guinea,1995,3,Both,531908.1372208701
172,Equatorial Guinea,1996,3,Both,555871.6961575408
172,Equatorial Guinea,1997,3,Both,581410.5823267594
172,Equatorial Guinea,1998,3,Both,608664.4752226264
172,Equatorial Guinea,1999,3,Both,637519.0825578144
172,Equatorial Guinea,2000,3,Both,667949.1122727118
172,Equatorial Guinea,2001,3,Both,699992.1110786389
172,Equatorial Guinea,2002,3,Both,733616.1279953918
172,Equatorial Guinea,2003,3,Both,768609.328954121
172,Equatorial Guinea,2004,3,Both,804795.3961161694
172,Equatorial Guinea,2005,3,Both,842031.0930110661
172,Equatorial Guinea,2006,3,Both,880320.9410903982
172,Equatorial Guinea,2007,3,Both,919673.5313636285
172,Equatorial Guinea,2008,3,Both,959939.5596166672
172,Equatorial Guinea,2009,3,Both,1001046.1219135148
172,Equatorial Guinea,2010,3,Both,1042758.4933283222
172,Equatorial Guinea,2011,3,Both,1084685.257560849
172,Equatorial Guinea,2012,3,Both,1126706.9242312077
172,Equatorial Guinea,2013,3,Both,1168999.3383191423
172,Equatorial Guinea,2014,3,Both,1211493.9824853912
172,Equatorial Guinea,2015,3,Both,1253774.3139749847
172,Equatorial Guinea,2016,3,Both,1295607.0637624853
172,Equatorial Guinea,2017,3,Both,1337116.418376258
172,Equatorial Guinea,2018,3,Both,1378409.207738336
172,Equatorial Guinea,2019,3,Both,1419839.1017593737
173,Gabon,1990,1,Male,491252.8927182581
173,Gabon,1991,1,Male,503355.8030968076
173,Gabon,1992,1,Male,515553.72111950064
173,Gabon,1993,1,Male,527794.9382653373
173,Gabon,1994,1,Male,540023.3204714047
173,Gabon,1995,1,Male,552212.1258170416
173,Gabon,1996,1,Male,564344.5625099957
173,Gabon,1997,1,Male,576486.312308227
173,Gabon,1998,1,Male,588663.0571141185
173,Gabon,1999,1,Male,600812.289647942
173,Gabon,2000,1,Male,612873.5569063453
173,Gabon,2001,1,Male,624837.2455777815
173,Gabon,2002,1,Male,636767.1757544101
173,Gabon,2003,1,Male,648669.1599610876
173,Gabon,2004,1,Male,660548.0908533104
173,Gabon,2005,1,Male,672519.0674834019
173,Gabon,2006,1,Male,684627.3442786332
173,Gabon,2007,1,Male,696797.877105419
173,Gabon,2008,1,Male,708955.6315988324
173,Gabon,2009,1,Male,721114.187964796
173,Gabon,2010,1,Male,733334.1841186341
173,Gabon,2011,1,Male,745594.3858597743
173,Gabon,2012,1,Male,757866.2989615938
173,Gabon,2013,1,Male,770148.171735819
173,Gabon,2014,1,Male,782501.1492142386
173,Gabon,2015,1,Male,794957.5947736107
173,Gabon,2016,1,Male,807454.3012270371
173,Gabon,2017,1,Male,819954.5721910639
173,Gabon,2018,1,Male,832515.9975551626
173,Gabon,2019,1,Male,845310.889360984
173,Gabon,1990,2,Female,500288.2205493134
173,Gabon,1991,2,Female,513223.2594733791
173,Gabon,1992,2,Female,526424.6816049067
173,Gabon,1993,2,Female,539814.9513796946
173,Gabon,1994,2,Female,553291.4316588438
173,Gabon,1995,2,Female,566827.2859449453
173,Gabon,1996,2,Female,580361.8090257945
173,Gabon,1997,2,Female,593902.0048460206
173,Gabon,1998,2,Female,607481.6116839502
173,Gabon,1999,2,Female,621000.6076355869
173,Gabon,2000,2,Female,634428.4344649308
173,Gabon,2001,2,Female,647787.4476573153
173,Gabon,2002,2,Female,661143.9221035434
173,Gabon,2003,2,Female,674504.3617163405
173,Gabon,2004,2,Female,687872.9160570713
173,Gabon,2005,2,Female,701432.5080144834
173,Gabon,2006,2,Female,715241.0642875163
173,Gabon,2007,2,Female,729213.2434102272
173,Gabon,2008,2,Female,743283.9736378598
173,Gabon,2009,2,Female,757457.5740890717
173,Gabon,2010,2,Female,771775.2292449399
173,Gabon,2011,2,Female,786162.2443334404
173,Gabon,2012,2,Female,800649.5721909021
173,Gabon,2013,2,Female,815347.1378109391
173,Gabon,2014,2,Female,830197.4629848984
173,Gabon,2015,2,Female,845083.2822613618
173,Gabon,2016,2,Female,859965.9331692734
173,Gabon,2017,2,Female,874830.3172977926
173,Gabon,2018,2,Female,889695.64377289
173,Gabon,2019,2,Female,904727.1499715128
173,Gabon,1990,3,Both,991541.1132675714
173,Gabon,1991,3,Both,1016579.0625701868
173,Gabon,1992,3,Both,1041978.4027244071
173,Gabon,1993,3,Both,1067609.889645032
173,Gabon,1994,3,Both,1093314.7521302486
173,Gabon,1995,3,Both,1119039.4117619868
173,Gabon,1996,3,Both,1144706.3715357902
173,Gabon,1997,3,Both,1170388.3171542475
173,Gabon,1998,3,Both,1196144.6687980688
173,Gabon,1999,3,Both,1221812.8972835287
173,Gabon,2000,3,Both,1247301.991371276
173,Gabon,2001,3,Both,1272624.6932350968
173,Gabon,2002,3,Both,1297911.0978579535
173,Gabon,2003,3,Both,1323173.5216774282
173,Gabon,2004,3,Both,1348421.0069103816
173,Gabon,2005,3,Both,1373951.5754978852
173,Gabon,2006,3,Both,1399868.4085661497
173,Gabon,2007,3,Both,1426011.1205156462
173,Gabon,2008,3,Both,1452239.605236692
173,Gabon,2009,3,Both,1478571.7620538676
173,Gabon,2010,3,Both,1505109.413363574
173,Gabon,2011,3,Both,1531756.6301932146
173,Gabon,2012,3,Both,1558515.871152496
173,Gabon,2013,3,Both,1585495.3095467582
173,Gabon,2014,3,Both,1612698.612199137
173,Gabon,2015,3,Both,1640040.8770349724
173,Gabon,2016,3,Both,1667420.2343963103
173,Gabon,2017,3,Both,1694784.8894888563
173,Gabon,2018,3,Both,1722211.6413280526
173,Gabon,2019,3,Both,1750038.0393324967
175,Burundi,1990,1,Male,2709779.272042391
175,Burundi,1991,1,Male,2678950.137483345
175,Burundi,1992,1,Male,2646508.3281729105
175,Burundi,1993,1,Male,2771777.9783334485
175,Burundi,1994,1,Male,2858816.277206804
175,Burundi,1995,1,Male,2809250.531796657
175,Burundi,1996,1,Male,2798781.355231568
175,Burundi,1997,1,Male,2863521.678848497
175,Burundi,1998,1,Male,2937864.328995151
175,Burundi,1999,1,Male,2997995.248074006
175,Burundi,2000,1,Male,3063775.3234763243
175,Burundi,2001,1,Male,3137406.923860053
175,Burundi,2002,1,Male,3232222.3054449805
175,Burundi,2003,1,Male,3349380.807728196
175,Burundi,2004,1,Male,3475007.364695757
175,Burundi,2005,1,Male,3605779.1532233465
175,Burundi,2006,1,Male,3746120.159118879
175,Burundi,2007,1,Male,3926814.658105712
175,Burundi,2008,1,Male,4149843.592912684
175,Burundi,2009,1,Male,4324779.51414115
175,Burundi,2010,1,Male,4435650.574185672
175,Burundi,2011,1,Male,4574239.482471242
175,Burundi,2012,1,Male,4750095.461572282
175,Burundi,2013,1,Male,4895190.394751138
175,Burundi,2014,1,Male,4989288.19365577
175,Burundi,2015,1,Male,5092990.116806006
175,Burundi,2016,1,Male,5270227.04317336
175,Burundi,2017,1,Male,5508267.39221691
175,Burundi,2018,1,Male,5731108.264681584
175,Burundi,2019,1,Male,5928991.8631231
175,Burundi,1990,2,Female,2861106.680241323
175,Burundi,1991,2,Female,2844486.005298227
175,Burundi,1992,2,Female,2824466.840883928
175,Burundi,1993,2,Female,2937570.2809578883
175,Burundi,1994,2,Female,3019385.0457070787
175,Burundi,1995,2,Female,2986922.2051520734
175,Burundi,1996,2,Female,2985891.4815743
175,Burundi,1997,2,Female,3048800.207603909
175,Burundi,1998,2,Female,3120001.9360421025
175,Burundi,1999,2,Female,3178987.6373397727
175,Burundi,2000,2,Female,3243321.5882939016
175,Burundi,2001,2,Female,3315054.020956779
175,Burundi,2002,2,Female,3405529.9059706973
175,Burundi,2003,2,Female,3516012.082382993
175,Burundi,2004,2,Female,3634771.449616168
175,Burundi,2005,2,Female,3759101.718869975
175,Burundi,2006,2,Female,3891411.63746564
175,Burundi,2007,2,Female,4057365.157048645
175,Burundi,2008,2,Female,4260087.411073279
175,Burundi,2009,2,Female,4424333.82974493
175,Burundi,2010,2,Female,4536840.64468572
175,Burundi,2011,2,Female,4673112.081059043
175,Burundi,2012,2,Female,4841473.658428834
175,Burundi,2013,2,Female,4985639.895999482
175,Burundi,2014,2,Female,5088301.156212946
175,Burundi,2015,2,Female,5199299.285122431
175,Burundi,2016,2,Female,5372421.302674399
175,Burundi,2017,2,Female,5597548.995060165
175,Burundi,2018,2,Female,5811222.077759131
175,Burundi,2019,2,Female,6005368.885683892
175,Burundi,1990,3,Both,5570885.952283714
175,Burundi,1991,3,Both,5523436.142781572
175,Burundi,1992,3,Both,5470975.169056838
175,Burundi,1993,3,Both,5709348.259291337
175,Burundi,1994,3,Both,5878201.322913882
175,Burundi,1995,3,Both,5796172.73694873
175,Burundi,1996,3,Both,5784672.836805868
175,Burundi,1997,3,Both,5912321.886452406
175,Burundi,1998,3,Both,6057866.2650372535
175,Burundi,1999,3,Both,6176982.885413778
175,Burundi,2000,3,Both,6307096.9117702255
175,Burundi,2001,3,Both,6452460.944816832
175,Burundi,2002,3,Both,6637752.211415677
175,Burundi,2003,3,Both,6865392.890111188
175,Burundi,2004,3,Both,7109778.814311924
175,Burundi,2005,3,Both,7364880.872093322
175,Burundi,2006,3,Both,7637531.796584519
175,Burundi,2007,3,Both,7984179.815154357
175,Burundi,2008,3,Both,8409931.003985964
175,Burundi,2009,3,Both,8749113.343886081
175,Burundi,2010,3,Both,8972491.218871392
175,Burundi,2011,3,Both,9247351.563530285
175,Burundi,2012,3,Both,9591569.120001117
175,Burundi,2013,3,Both,9880830.29075062
175,Burundi,2014,3,Both,10077589.349868717
175,Burundi,2015,3,Both,10292289.401928438
175,Burundi,2016,3,Both,10642648.345847758
175,Burundi,2017,3,Both,11105816.387277076
175,Burundi,2018,3,Both,11542330.342440717
175,Burundi,2019,3,Both,11934360.748806993
176,Comoros,1990,1,Male,230657.6937128771
176,Comoros,1991,1,Male,235496.20730370955
176,Comoros,1992,1,Male,240233.7366418276
176,Comoros,1993,1,Male,244866.34004298865
176,Comoros,1994,1,Male,249384.8133313756
176,Comoros,1995,1,Male,253788.20078298097
176,Comoros,1996,1,Male,258008.32088652227
176,Comoros,1997,1,Male,262123.8239010468
176,Comoros,1998,1,Male,266227.8946877559
176,Comoros,1999,1,Male,270342.6437519612
176,Comoros,2000,1,Male,274491.0158191322
176,Comoros,2001,1,Male,278665.9343475091
176,Comoros,2002,1,Male,282887.27640690433
176,Comoros,2003,1,Male,287172.0397043571
176,Comoros,2004,1,Male,291558.16783415765
176,Comoros,2005,1,Male,295990.993678546
176,Comoros,2006,1,Male,300450.9636541876
176,Comoros,2007,1,Male,304912.2895815658
176,Comoros,2008,1,Male,309403.9798437815
176,Comoros,2009,1,Male,313856.9131429731
176,Comoros,2010,1,Male,318292.2466534835
176,Comoros,2011,1,Male,322716.149893155
176,Comoros,2012,1,Male,327064.70110605814
176,Comoros,2013,1,Male,331384.87848874374
176,Comoros,2014,1,Male,335665.17107348936
176,Comoros,2015,1,Male,339926.6135873242
176,Comoros,2016,1,Male,344161.7783251339
176,Comoros,2017,1,Male,348361.560802733
176,Comoros,2018,1,Male,352538.8377324512
176,Comoros,2019,1,Male,356768.1186020099
176,Comoros,1990,2,Female,235087.668666505
176,Comoros,1991,2,Female,240283.9027618589
176,Comoros,1992,2,Female,245274.0812308526
176,Comoros,1993,2,Female,250067.9814970497
176,Comoros,1994,2,Female,254670.07649039527
176,Comoros,1995,2,Female,259092.34620048865
176,Comoros,1996,2,Female,263340.8859883203
176,Comoros,1997,2,Female,267456.4334171062
176,Comoros,1998,2,Female,271485.2515316819
176,Comoros,1999,2,Female,275462.27331456693
176,Comoros,2000,2,Female,279403.64654739166
176,Comoros,2001,2,Female,283342.1506959795
176,Comoros,2002,2,Female,287316.70520159643
176,Comoros,2003,2,Female,291344.4228542408
176,Comoros,2004,2,Female,295459.27582034585
176,Comoros,2005,2,Female,299636.3697358147
176,Comoros,2006,2,Female,303862.2187439764
176,Comoros,2007,2,Female,308121.5532356046
176,Comoros,2008,2,Female,312407.3722592426
176,Comoros,2009,2,Female,316689.7109098462
176,Comoros,2010,2,Female,320955.2841466417
176,Comoros,2011,2,Female,325189.61069531564
176,Comoros,2012,2,Female,329367.7568490046
176,Comoros,2013,2,Female,333493.16780178034
176,Comoros,2014,2,Female,337568.4318312875
176,Comoros,2015,2,Female,341613.41834981146
176,Comoros,2016,2,Female,345631.4332579664
176,Comoros,2017,2,Female,349614.3464875586
176,Comoros,2018,2,Female,353574.38078747655
176,Comoros,2019,2,Female,357582.9516491965
176,Comoros,1990,3,Both,465745.3623793821
176,Comoros,1991,3,Both,475780.1100655684
176,Comoros,1992,3,Both,485507.81787268014
176,Comoros,1993,3,Both,494934.3215400384
176,Comoros,1994,3,Both,504054.8898217709
176,Comoros,1995,3,Both,512880.5469834696
176,Comoros,1996,3,Both,521349.2068748425
176,Comoros,1997,3,Both,529580.257318153
176,Comoros,1998,3,Both,537713.1462194378
176,Comoros,1999,3,Both,545804.9170665281
176,Comoros,2000,3,Both,553894.6623665239
176,Comoros,2001,3,Both,562008.0850434885
176,Comoros,2002,3,Both,570203.9816085008
176,Comoros,2003,3,Both,578516.4625585979
176,Comoros,2004,3,Both,587017.4436545034
176,Comoros,2005,3,Both,595627.3634143607
176,Comoros,2006,3,Both,604313.182398164
176,Comoros,2007,3,Both,613033.8428171704
176,Comoros,2008,3,Both,621811.3521030241
176,Comoros,2009,3,Both,630546.6240528192
176,Comoros,2010,3,Both,639247.5308001252
176,Comoros,2011,3,Both,647905.7605884706
176,Comoros,2012,3,Both,656432.4579550627
176,Comoros,2013,3,Both,664878.0462905241
176,Comoros,2014,3,Both,673233.6029047769
176,Comoros,2015,3,Both,681540.0319371356
176,Comoros,2016,3,Both,689793.2115831004
176,Comoros,2017,3,Both,697975.9072902916
176,Comoros,2018,3,Both,706113.2185199277
176,Comoros,2019,3,Both,714351.0702512064
177,Djibouti,1990,1,Male,261905.9189948988
177,Djibouti,1991,1,Male,255491.50879543409
177,Djibouti,1992,1,Male,255549.6320356698
177,Djibouti,1993,1,Male,265593.6588452653
177,Djibouti,1994,1,Male,274711.4023202571
177,Djibouti,1995,1,Male,281488.5207348615
177,Djibouti,1996,1,Male,292266.41516463173
177,Djibouti,1997,1,Male,307071.16940652404
177,Djibouti,1998,1,Male,321104.440368738
177,Djibouti,1999,1,Male,334712.89237574406
177,Djibouti,2000,1,Male,348093.1273199973
177,Djibouti,2001,1,Male,362453.3985084865
177,Djibouti,2002,1,Male,377609.7700832034
177,Djibouti,2003,1,Male,390533.1088426709
177,Djibouti,2004,1,Male,400782.0777860981
177,Djibouti,2005,1,Male,411430.31903614063
177,Djibouti,2006,1,Male,424535.8867089961
177,Djibouti,2007,1,Male,439906.95285511145
177,Djibouti,2008,1,Male,456735.7016285124
177,Djibouti,2009,1,Male,474662.8311078624
177,Djibouti,2010,1,Male,492915.5091772523
177,Djibouti,2011,1,Male,510204.3257843226
177,Djibouti,2012,1,Male,526903.5960551775
177,Djibouti,2013,1,Male,543052.857382131
177,Djibouti,2014,1,Male,558919.8427769755
177,Djibouti,2015,1,Male,575541.08225659
177,Djibouti,2016,1,Male,592214.9358101747
177,Djibouti,2017,1,Male,608378.6607555515
177,Djibouti,2018,1,Male,624045.8699100327
177,Djibouti,2019,1,Male,639403.6118006434
177,Djibouti,1990,2,Female,224102.88517817785
177,Djibouti,1991,2,Female,221329.5491961985
177,Djibouti,1992,2,Female,222774.2095491102
177,Djibouti,1993,2,Female,231047.27368022103
177,Djibouti,1994,2,Female,238701.02264984013
177,Djibouti,1995,2,Female,244790.7397431684
177,Djibouti,1996,2,Female,253684.52149944505
177,Djibouti,1997,2,Female,265447.1806994197
177,Djibouti,1998,2,Female,276780.86822980485
177,Djibouti,1999,2,Female,287937.8579063278
177,Djibouti,2000,2,Female,299061.93274771865
177,Djibouti,2001,2,Female,311005.1099064368
177,Djibouti,2002,2,Female,323676.32551133743
177,Djibouti,2003,2,Female,335016.99831251975
177,Djibouti,2004,2,Female,344714.2380015897
177,Djibouti,2005,2,Female,354873.6535902508
177,Djibouti,2006,2,Female,366974.23961316457
177,Djibouti,2007,2,Female,380885.4067920716
177,Djibouti,2008,2,Female,396000.1016765295
177,Djibouti,2009,2,Female,412051.2990474103
177,Djibouti,2010,2,Female,428420.1976433155
177,Djibouti,2011,2,Female,444146.8929714869
177,Djibouti,2012,2,Female,459469.8176284632
177,Djibouti,2013,2,Female,474397.1236532889
177,Djibouti,2014,2,Female,489110.0210850552
177,Djibouti,2015,2,Female,504341.80640395527
177,Djibouti,2016,2,Female,519591.256472548
177,Djibouti,2017,2,Female,534466.4191112705
177,Djibouti,2018,2,Female,549002.3951078609
177,Djibouti,2019,2,Female,563393.1205539636
177,Djibouti,1990,3,Both,486008.8041730766
177,Djibouti,1991,3,Both,476821.05799163255
177,Djibouti,1992,3,Both,478323.84158478
177,Djibouti,1993,3,Both,496640.9325254863
177,Djibouti,1994,3,Both,513412.4249700972
177,Djibouti,1995,3,Both,526279.2604780298
177,Djibouti,1996,3,Both,545950.9366640768
177,Djibouti,1997,3,Both,572518.3501059437
177,Djibouti,1998,3,Both,597885.3085985429
177,Djibouti,1999,3,Both,622650.7502820719
177,Djibouti,2000,3,Both,647155.0600677159
177,Djibouti,2001,3,Both,673458.5084149233
177,Djibouti,2002,3,Both,701286.0955945408
177,Djibouti,2003,3,Both,725550.1071551907
177,Djibouti,2004,3,Both,745496.3157876878
177,Djibouti,2005,3,Both,766303.9726263914
177,Djibouti,2006,3,Both,791510.1263221607
177,Djibouti,2007,3,Both,820792.3596471831
177,Djibouti,2008,3,Both,852735.8033050419
177,Djibouti,2009,3,Both,886714.1301552727
177,Djibouti,2010,3,Both,921335.7068205678
177,Djibouti,2011,3,Both,954351.2187558096
177,Djibouti,2012,3,Both,986373.4136836408
177,Djibouti,2013,3,Both,1017449.98103542
177,Djibouti,2014,3,Both,1048029.8638620308
177,Djibouti,2015,3,Both,1079882.8886605452
177,Djibouti,2016,3,Both,1111806.1922827226
177,Djibouti,2017,3,Both,1142845.079866822
177,Djibouti,2018,3,Both,1173048.2650178936
177,Djibouti,2019,3,Both,1202796.732354607
178,Eritrea,1990,1,Male,1500610.6820785983
178,Eritrea,1991,1,Male,1479152.255214851
178,Eritrea,1992,1,Male,1553712.0383573058
178,Eritrea,1993,1,Male,1639772.5320775409
178,Eritrea,1994,1,Male,1722767.2116138854
178,Eritrea,1995,1,Male,1790928.9854366442
178,Eritrea,1996,1,Male,1845127.0875283447
178,Eritrea,1997,1,Male,1899309.9889845487
178,Eritrea,1998,1,Male,1947088.9535176249
178,Eritrea,1999,1,Male,1990133.8242149565
178,Eritrea,2000,1,Male,2052636.9231229965
178,Eritrea,2001,1,Male,2152418.506463203
178,Eritrea,2002,1,Male,2270447.9999337294
178,Eritrea,2003,1,Male,2362022.7074311846
178,Eritrea,2004,1,Male,2429245.8143728054
178,Eritrea,2005,1,Male,2495852.778912248
178,Eritrea,2006,1,Male,2564748.948615976
178,Eritrea,2007,1,Male,2638775.4590328173
178,Eritrea,2008,1,Male,2709970.534444973
178,Eritrea,2009,1,Male,2777003.802095288
178,Eritrea,2010,1,Male,2840012.1684313826
178,Eritrea,2011,1,Male,2899657.423938604
178,Eritrea,2012,1,Male,2954380.553192044
178,Eritrea,2013,1,Male,3001210.277824532
178,Eritrea,2014,1,Male,3048296.59062348
178,Eritrea,2015,1,Male,3099965.2114377595
178,Eritrea,2016,1,Male,3157013.431513274
178,Eritrea,2017,1,Male,3223085.162258009
178,Eritrea,2018,1,Male,3297068.9421733418
178,Eritrea,2019,1,Male,3374874.715878712
178,Eritrea,1990,2,Female,1500813.3142915063
178,Eritrea,1991,2,Female,1479802.431516724
178,Eritrea,1992,2,Female,1552546.4168250128
178,Eritrea,1993,2,Female,1636193.055028413
178,Eritrea,1994,2,Female,1716980.6825349757
178,Eritrea,1995,2,Female,1783497.866285441
178,Eritrea,1996,2,Female,1836509.415806088
178,Eritrea,1997,2,Female,1889413.858031438
178,Eritrea,1998,2,Female,1935992.1050155088
178,Eritrea,1999,2,Female,1981011.4321965263
178,Eritrea,2000,2,Female,2045342.476465718
178,Eritrea,2001,2,Female,2143115.548148561
178,Eritrea,2002,2,Female,2258554.068749621
178,Eritrea,2003,2,Female,2347824.7014054707
178,Eritrea,2004,2,Female,2413049.4691281617
178,Eritrea,2005,2,Female,2477710.2325715865
178,Eritrea,2006,2,Female,2544651.811629521
178,Eritrea,2007,2,Female,2616655.313365871
178,Eritrea,2008,2,Female,2685997.3811341817
178,Eritrea,2009,2,Female,2751325.438269674
178,Eritrea,2010,2,Female,2812726.356506805
178,Eritrea,2011,2,Female,2870923.5446433607
178,Eritrea,2012,2,Female,2924365.9078267883
178,Eritrea,2013,2,Female,2970094.972452371
178,Eritrea,2014,2,Female,3016104.3218922326
178,Eritrea,2015,2,Female,3066646.11317805
178,Eritrea,2016,2,Female,3122506.620529508
178,Eritrea,2017,2,Female,3187267.4019443723
178,Eritrea,2018,2,Female,3259885.3527918705
178,Eritrea,2019,2,Female,3336338.6160282246
178,Eritrea,1990,3,Both,3001423.9963701046
178,Eritrea,1991,3,Both,2958954.6867315746
178,Eritrea,1992,3,Both,3106258.4551823186
178,Eritrea,1993,3,Both,3275965.5871059536
178,Eritrea,1994,3,Both,3439747.894148861
178,Eritrea,1995,3,Both,3574426.851722085
178,Eritrea,1996,3,Both,3681636.503334433
178,Eritrea,1997,3,Both,3788723.847015986
178,Eritrea,1998,3,Both,3883081.058533134
178,Eritrea,1999,3,Both,3971145.2564114826
178,Eritrea,2000,3,Both,4097979.399588715
178,Eritrea,2001,3,Both,4295534.054611764
178,Eritrea,2002,3,Both,4529002.06868335
178,Eritrea,2003,3,Both,4709847.408836655
178,Eritrea,2004,3,Both,4842295.283500968
178,Eritrea,2005,3,Both,4973563.011483834
178,Eritrea,2006,3,Both,5109400.760245497
178,Eritrea,2007,3,Both,5255430.772398688
178,Eritrea,2008,3,Both,5395967.915579154
178,Eritrea,2009,3,Both,5528329.240364961
178,Eritrea,2010,3,Both,5652738.524938188
178,Eritrea,2011,3,Both,5770580.968581964
178,Eritrea,2012,3,Both,5878746.461018832
178,Eritrea,2013,3,Both,5971305.250276904
178,Eritrea,2014,3,Both,6064400.912515713
178,Eritrea,2015,3,Both,6166611.32461581
178,Eritrea,2016,3,Both,6279520.052042781
178,Eritrea,2017,3,Both,6410352.564202381
178,Eritrea,2018,3,Both,6556954.294965212
178,Eritrea,2019,3,Both,6711213.331906937
179,Ethiopia,1990,1,Male,25804560.87279681
179,Ethiopia,1991,1,Male,26700709.13212432
179,Ethiopia,1992,1,Male,27511475.227653287
179,Ethiopia,1993,1,Male,28451975.236614104
179,Ethiopia,1994,1,Male,29412432.376791093
179,Ethiopia,1995,1,Male,30313226.60880487
179,Ethiopia,1996,1,Male,31163999.19527798
179,Ethiopia,1997,1,Male,31987654.05866
179,Ethiopia,1998,1,Male,32795302.60318515
179,Ethiopia,1999,1,Male,33579397.94148245
179,Ethiopia,2000,1,Male,34341567.14696487
179,Ethiopia,2001,1,Male,35121675.99342149
179,Ethiopia,2002,1,Male,35929312.355144344
179,Ethiopia,2003,1,Male,36749140.6254717
179,Ethiopia,2004,1,Male,37584878.08270275
179,Ethiopia,2005,1,Male,38447743.73042513
179,Ethiopia,2006,1,Male,39340821.331579104
179,Ethiopia,2007,1,Male,40265990.020040624
179,Ethiopia,2008,1,Male,41236339.58892091
179,Ethiopia,2009,1,Male,42267283.501191705
179,Ethiopia,2010,1,Male,43359190.3641294
179,Ethiopia,2011,1,Male,44479556.58412443
179,Ethiopia,2012,1,Male,45636627.43461077
179,Ethiopia,2013,1,Male,46843767.02794678
179,Ethiopia,2014,1,Male,48058990.681260936
179,Ethiopia,2015,1,Male,49274768.18282491
179,Ethiopia,2016,1,Male,50504401.28217052
179,Ethiopia,2017,1,Male,51745211.12556989
179,Ethiopia,2018,1,Male,53005454.263906434
179,Ethiopia,2019,1,Male,54304539.92435007
179,Ethiopia,1990,2,Female,25586876.913545128
179,Ethiopia,1991,2,Female,26429371.451014448
179,Ethiopia,1992,2,Female,27201643.86934078
179,Ethiopia,1993,2,Female,28080747.217860907
179,Ethiopia,1994,2,Female,28976704.614458013
179,Ethiopia,1995,2,Female,29824018.34570792
179,Ethiopia,1996,2,Female,30630229.9024784
179,Ethiopia,1997,2,Female,31414058.785944764
179,Ethiopia,1998,2,Female,32185869.27140119
179,Ethiopia,1999,2,Female,32943432.44974952
179,Ethiopia,2000,2,Female,33690278.7030772
179,Ethiopia,2001,2,Female,34451402.2742971
179,Ethiopia,2002,2,Female,35233942.14857378
179,Ethiopia,2003,2,Female,36030999.71510303
179,Ethiopia,2004,2,Female,36845577.47647749
179,Ethiopia,2005,2,Female,37687559.71285533
179,Ethiopia,2006,2,Female,38560919.531016566
179,Ethiopia,2007,2,Female,39468739.34664652
179,Ethiopia,2008,2,Female,40422349.94273712
179,Ethiopia,2009,2,Female,41433777.806841634
179,Ethiopia,2010,2,Female,42502794.650623895
179,Ethiopia,2011,2,Female,43602768.18803241
179,Ethiopia,2012,2,Female,44738929.58462711
179,Ethiopia,2013,2,Female,45920629.3210782
179,Ethiopia,2014,2,Female,47114316.08817677
179,Ethiopia,2015,2,Female,48313813.29566692
179,Ethiopia,2016,2,Female,49529082.20765215
179,Ethiopia,2017,2,Female,50756935.2209168
179,Ethiopia,2018,2,Female,52003672.34646741
179,Ethiopia,2019,2,Female,53286623.75906166
179,Ethiopia,1990,3,Both,51391437.78634194
179,Ethiopia,1991,3,Both,53130080.58313877
179,Ethiopia,1992,3,Both,54713119.09699407
179,Ethiopia,1993,3,Both,56532722.454475015
179,Ethiopia,1994,3,Both,58389136.99124911
179,Ethiopia,1995,3,Both,60137244.95451279
179,Ethiopia,1996,3,Both,61794229.09775639
179,Ethiopia,1997,3,Both,63401712.84460476
179,Ethiopia,1998,3,Both,64981171.87458634
179,Ethiopia,1999,3,Both,66522830.39123196
179,Ethiopia,2000,3,Both,68031845.85004206
179,Ethiopia,2001,3,Both,69573078.26771858
179,Ethiopia,2002,3,Both,71163254.50371812
179,Ethiopia,2003,3,Both,72780140.34057474
179,Ethiopia,2004,3,Both,74430455.55918023
179,Ethiopia,2005,3,Both,76135303.44328044
179,Ethiopia,2006,3,Both,77901740.86259568
179,Ethiopia,2007,3,Both,79734729.36668713
179,Ethiopia,2008,3,Both,81658689.53165802
179,Ethiopia,2009,3,Both,83701061.30803333
179,Ethiopia,2010,3,Both,85861985.0147533
179,Ethiopia,2011,3,Both,88082324.77215685
179,Ethiopia,2012,3,Both,90375557.01923788
179,Ethiopia,2013,3,Both,92764396.34902497
179,Ethiopia,2014,3,Both,95173306.7694377
179,Ethiopia,2015,3,Both,97588581.47849184
179,Ethiopia,2016,3,Both,100033483.48982269
179,Ethiopia,2017,3,Both,102502146.34648667
179,Ethiopia,2018,3,Both,105009126.61037384
179,Ethiopia,2019,3,Both,107591163.68341172
180,Kenya,1990,1,Male,11509153.678173184
180,Kenya,1991,1,Male,11874870.100183584
180,Kenya,1992,1,Male,12245015.843605038
180,Kenya,1993,1,Male,12618823.64501348
180,Kenya,1994,1,Male,12996422.290765876
180,Kenya,1995,1,Male,13378921.091022177
180,Kenya,1996,1,Male,13767173.161905428
180,Kenya,1997,1,Male,14161489.354897698
180,Kenya,1998,1,Male,14563018.252486842
180,Kenya,1999,1,Male,14973774.143693518
180,Kenya,2000,1,Male,15395657.036647491
180,Kenya,2001,1,Male,15829353.318289474
180,Kenya,2002,1,Male,16275068.85882032
180,Kenya,2003,1,Male,16732554.932180606
180,Kenya,2004,1,Male,17202058.127216306
180,Kenya,2005,1,Male,17684209.814788233
180,Kenya,2006,1,Male,18179182.51109346
180,Kenya,2007,1,Male,18686262.68952616
180,Kenya,2008,1,Male,19202998.68080743
180,Kenya,2009,1,Male,19727481.33443616
180,Kenya,2010,1,Male,20258144.706298225
180,Kenya,2011,1,Male,20792284.16595114
180,Kenya,2012,1,Male,21327353.03563236
180,Kenya,2013,1,Male,21862709.72270288
180,Kenya,2014,1,Male,22398239.63022829
180,Kenya,2015,1,Male,22933446.83297323
180,Kenya,2016,1,Male,23467770.54791465
180,Kenya,2017,1,Male,23999908.386168864
180,Kenya,2018,1,Male,24530070.67479766
180,Kenya,2019,1,Male,25064727.4008518
180,Kenya,1990,2,Female,11684312.999391995
180,Kenya,1991,2,Female,12059271.644258842
180,Kenya,1992,2,Female,12440157.231669366
180,Kenya,1993,2,Female,12826190.632836556
180,Kenya,1994,2,Female,13216823.365558166
180,Kenya,1995,2,Female,13612250.210190255
180,Kenya,1996,2,Female,14013043.535316292
180,Kenya,1997,2,Female,14418738.64604642
180,Kenya,1998,2,Female,14829547.538094748
180,Kenya,1999,2,Female,15246812.26055851
180,Kenya,2000,2,Female,15671791.603171714
180,Kenya,2001,2,Female,16105234.814875657
180,Kenya,2002,2,Female,16547114.266201746
180,Kenya,2003,2,Female,16997074.378207836
180,Kenya,2004,2,Female,17455972.81117452
180,Kenya,2005,2,Female,17925266.70336216
180,Kenya,2006,2,Female,18405783.183390133
180,Kenya,2007,2,Female,18897558.03687277
180,Kenya,2008,2,Female,19398996.64113002
180,Kenya,2009,2,Female,19908225.2635164
180,Kenya,2010,2,Female,20423902.27836488
180,Kenya,2011,2,Female,20945434.0112279
180,Kenya,2012,2,Female,21472289.27032185
180,Kenya,2013,2,Female,22001675.26647765
180,Kenya,2014,2,Female,22530853.94170585
180,Kenya,2015,2,Female,23059362.988093704
180,Kenya,2016,2,Female,23587002.15445872
180,Kenya,2017,2,Female,24112240.837763406
180,Kenya,2018,2,Female,24635363.26247307
180,Kenya,2019,2,Female,25162982.04740673
180,Kenya,1990,3,Both,23193466.67756518
180,Kenya,1991,3,Both,23934141.744442426
180,Kenya,1992,3,Both,24685173.075274404
180,Kenya,1993,3,Both,25445014.27785004
180,Kenya,1994,3,Both,26213245.656324044
180,Kenya,1995,3,Both,26991171.30121244
180,Kenya,1996,3,Both,27780216.69722172
180,Kenya,1997,3,Both,28580228.00094412
180,Kenya,1998,3,Both,29392565.79058159
180,Kenya,1999,3,Both,30220586.40425203
180,Kenya,2000,3,Both,31067448.63981921
180,Kenya,2001,3,Both,31934588.13316513
180,Kenya,2002,3,Both,32822183.125022065
180,Kenya,2003,3,Both,33729629.31038844
180,Kenya,2004,3,Both,34658030.93839082
180,Kenya,2005,3,Both,35609476.51815039
180,Kenya,2006,3,Both,36584965.69448359
180,Kenya,2007,3,Both,37583820.72639893
180,Kenya,2008,3,Both,38601995.32193745
180,Kenya,2009,3,Both,39635706.59795256
180,Kenya,2010,3,Both,40682046.98466311
180,Kenya,2011,3,Both,41737718.17717904
180,Kenya,2012,3,Both,42799642.3059542
180,Kenya,2013,3,Both,43864384.98918053
180,Kenya,2014,3,Both,44929093.57193414
180,Kenya,2015,3,Both,45992809.82106694
180,Kenya,2016,3,Both,47054772.70237336
180,Kenya,2017,3,Both,48112149.223932266
180,Kenya,2018,3,Both,49165433.93727073
180,Kenya,2019,3,Both,50227709.44825852
181,Madagascar,1990,1,Male,5962585.437269724
181,Madagascar,1991,1,Male,6119994.140485277
181,Madagascar,1992,1,Male,6284732.230015385
181,Madagascar,1993,1,Male,6456452.7437913
181,Madagascar,1994,1,Male,6635888.906323658
181,Madagascar,1995,1,Male,6824601.918778284
181,Madagascar,1996,1,Male,7021899.660116409
181,Madagascar,1997,1,Male,7226931.886715379
181,Madagascar,1998,1,Male,7439558.384068261
181,Madagascar,1999,1,Male,7659618.276957879
181,Madagascar,2000,1,Male,7887425.019107125
181,Madagascar,2001,1,Male,8122828.426999905
181,Madagascar,2002,1,Male,8364877.977789831
181,Madagascar,2003,1,Male,8613075.584420558
181,Madagascar,2004,1,Male,8867764.623313818
181,Madagascar,2005,1,Male,9129378.722690994
181,Madagascar,2006,1,Male,9398114.565167984
181,Madagascar,2007,1,Male,9673889.851718437
181,Madagascar,2008,1,Male,9956293.120771192
181,Madagascar,2009,1,Male,10244535.409903515
181,Madagascar,2010,1,Male,10538130.782745836
181,Madagascar,2011,1,Male,10836928.738794774
181,Madagascar,2012,1,Male,11140387.09360326
181,Madagascar,2013,1,Male,11447545.88685475
181,Madagascar,2014,1,Male,11757589.947392978
181,Madagascar,2015,1,Male,12070111.373786764
181,Madagascar,2016,1,Male,12384972.715090904
181,Madagascar,2017,1,Male,12701996.157727944
181,Madagascar,2018,1,Male,13021945.936084583
181,Madagascar,2019,1,Male,13348553.775549456
181,Madagascar,1990,2,Female,5988893.040882207
181,Madagascar,1991,2,Female,6152614.223022864
181,Madagascar,1992,2,Female,6322703.694921538
181,Madagascar,1993,2,Female,6499247.93560384
181,Madagascar,1994,2,Female,6683221.042433136
181,Madagascar,1995,2,Female,6875667.601782744
181,Madagascar,1996,2,Female,7076205.356436485
181,Madagascar,1997,2,Female,7283878.542527187
181,Madagascar,1998,2,Female,7498435.181359289
181,Madagascar,1999,2,Female,7720169.440911763
181,Madagascar,2000,2,Female,7948974.734828535
181,Madagascar,2001,2,Female,8184607.571172861
181,Madagascar,2002,2,Female,8426299.291537957
181,Madagascar,2003,2,Female,8673764.960186634
181,Madagascar,2004,2,Female,8927324.531620257
181,Madagascar,2005,2,Female,9187357.43298522
181,Madagascar,2006,2,Female,9454211.774991045
181,Madagascar,2007,2,Female,9727531.186828176
181,Madagascar,2008,2,Female,10006895.023132669
181,Madagascar,2009,2,Female,10291666.57211213
181,Madagascar,2010,2,Female,10581374.682878532
181,Madagascar,2011,2,Female,10875822.567741496
181,Madagascar,2012,2,Female,11174543.108327463
181,Madagascar,2013,2,Female,11476623.454847554
181,Madagascar,2014,2,Female,11781324.456804857
181,Madagascar,2015,2,Female,12088277.653371427
181,Madagascar,2016,2,Female,12397297.72065998
181,Madagascar,2017,2,Female,12708259.64989869
181,Madagascar,2018,2,Female,13021903.576410737
181,Madagascar,2019,2,Female,13341790.22747512
181,Madagascar,1990,3,Both,11951478.478151932
181,Madagascar,1991,3,Both,12272608.36350814
181,Madagascar,1992,3,Both,12607435.924936922
181,Madagascar,1993,3,Both,12955700.67939514
181,Madagascar,1994,3,Both,13319109.948756794
181,Madagascar,1995,3,Both,13700269.520561028
181,Madagascar,1996,3,Both,14098105.016552892
181,Madagascar,1997,3,Both,14510810.429242564
181,Madagascar,1998,3,Both,14937993.565427553
181,Madagascar,1999,3,Both,15379787.717869643
181,Madagascar,2000,3,Both,15836399.75393566
181,Madagascar,2001,3,Both,16307435.998172767
181,Madagascar,2002,3,Both,16791177.26932779
181,Madagascar,2003,3,Both,17286840.544607192
181,Madagascar,2004,3,Both,17795089.154934075
181,Madagascar,2005,3,Both,18316736.155676216
181,Madagascar,2006,3,Both,18852326.34015903
181,Madagascar,2007,3,Both,19401421.03854661
181,Madagascar,2008,3,Both,19963188.14390386
181,Madagascar,2009,3,Both,20536201.982015647
181,Madagascar,2010,3,Both,21119505.46562437
181,Madagascar,2011,3,Both,21712751.30653627
181,Madagascar,2012,3,Both,22314930.201930724
181,Madagascar,2013,3,Both,22924169.3417023
181,Madagascar,2014,3,Both,23538914.40419783
181,Madagascar,2015,3,Both,24158389.02715819
181,Madagascar,2016,3,Both,24782270.435750883
181,Madagascar,2017,3,Both,25410255.807626635
181,Madagascar,2018,3,Both,26043849.51249532
181,Madagascar,2019,3,Both,26690344.00302457
182,Malawi,1990,1,Male,4681370.998599853
182,Malawi,1991,1,Male,4853414.012213076
182,Malawi,1992,1,Male,4961552.883622809
182,Malawi,1993,1,Male,4899264.333291627
182,Malawi,1994,1,Male,4775117.282767753
182,Malawi,1995,1,Male,4799687.976070898
182,Malawi,1996,1,Male,4925013.341448203
182,Malawi,1997,1,Male,5051492.602149911
182,Malawi,1998,1,Male,5178761.130253349
182,Malawi,1999,1,Male,5306488.073559579
182,Malawi,2000,1,Male,5436166.901842193
182,Malawi,2001,1,Male,5567421.718286698
182,Malawi,2002,1,Male,5697973.503762966
182,Malawi,2003,1,Male,5830094.03918695
182,Malawi,2004,1,Male,5967932.451488194
182,Malawi,2005,1,Male,6110601.716996655
182,Malawi,2006,1,Male,6257984.187773519
182,Malawi,2007,1,Male,6415239.888936119
182,Malawi,2008,1,Male,6585103.72273296
182,Malawi,2009,1,Male,6765608.845615848
182,Malawi,2010,1,Male,6954399.978140707
182,Malawi,2011,1,Male,7152290.522034705
182,Malawi,2012,1,Male,7360474.663888858
182,Malawi,2013,1,Male,7577758.920319705
182,Malawi,2014,1,Male,7803064.988030778
182,Malawi,2015,1,Male,8034105.555380964
182,Malawi,2016,1,Male,8265926.127999274
182,Malawi,2017,1,Male,8497899.519557063
182,Malawi,2018,1,Male,8731557.675335413
182,Malawi,2019,1,Male,8968538.073407099
182,Malawi,1990,2,Female,4874317.568058387
182,Malawi,1991,2,Female,5030988.022331743
182,Malawi,1992,2,Female,5133311.216670079
182,Malawi,1993,2,Female,5093305.1708735
182,Malawi,1994,2,Female,4999736.912905963
182,Malawi,1995,2,Female,5029978.171550726
182,Malawi,1996,2,Female,5147161.821136963
182,Malawi,1997,2,Female,5268071.161440338
182,Malawi,1998,2,Female,5392864.917888597
182,Malawi,1999,2,Female,5521593.830073338
182,Malawi,2000,2,Female,5655315.805655018
182,Malawi,2001,2,Female,5793583.205748865
182,Malawi,2002,2,Female,5934235.032082292
182,Malawi,2003,2,Female,6078836.006334314
182,Malawi,2004,2,Female,6230744.017226816
182,Malawi,2005,2,Female,6389383.322710541
182,Malawi,2006,2,Female,6554830.413566541
182,Malawi,2007,2,Female,6731397.489079683
182,Malawi,2008,2,Female,6921035.778545398
182,Malawi,2009,2,Female,7121377.817742023
182,Malawi,2010,2,Female,7329457.180291876
182,Malawi,2011,2,Female,7545509.827171761
182,Malawi,2012,2,Female,7770798.7018129695
182,Malawi,2013,2,Female,8004293.752098902
182,Malawi,2014,2,Female,8244573.758547888
182,Malawi,2015,2,Female,8489337.022836747
182,Malawi,2016,2,Female,8734329.534023812
182,Malawi,2017,2,Female,8979011.514904488
182,Malawi,2018,2,Female,9224807.192339957
182,Malawi,2019,2,Female,9473700.408929585
182,Malawi,1990,3,Both,9555688.566658242
182,Malawi,1991,3,Both,9884402.034544818
182,Malawi,1992,3,Both,10094864.10029289
182,Malawi,1993,3,Both,9992569.504165128
182,Malawi,1994,3,Both,9774854.195673715
182,Malawi,1995,3,Both,9829666.147621622
182,Malawi,1996,3,Both,10072175.162585163
182,Malawi,1997,3,Both,10319563.763590248
182,Malawi,1998,3,Both,10571626.048141949
182,Malawi,1999,3,Both,10828081.903632917
182,Malawi,2000,3,Both,11091482.707497211
182,Malawi,2001,3,Both,11361004.924035562
182,Malawi,2002,3,Both,11632208.535845255
182,Malawi,2003,3,Both,11908930.045521265
182,Malawi,2004,3,Both,12198676.46871501
182,Malawi,2005,3,Both,12499985.039707197
182,Malawi,2006,3,Both,12812814.60134006
182,Malawi,2007,3,Both,13146637.3780158
182,Malawi,2008,3,Both,13506139.501278358
182,Malawi,2009,3,Both,13886986.66335787
182,Malawi,2010,3,Both,14283857.158432582
182,Malawi,2011,3,Both,14697800.349206466
182,Malawi,2012,3,Both,15131273.365701826
182,Malawi,2013,3,Both,15582052.672418607
182,Malawi,2014,3,Both,16047638.746578667
182,Malawi,2015,3,Both,16523442.57821771
182,Malawi,2016,3,Both,17000255.662023086
182,Malawi,2017,3,Both,17476911.03446155
182,Malawi,2018,3,Both,17956364.86767537
182,Malawi,2019,3,Both,18442238.48233668
183,Mauritius,1990,1,Male,549663.4499008956
183,Mauritius,1991,1,Male,555331.9854131634
183,Mauritius,1992,1,Male,561433.0786777836
183,Mauritius,1993,1,Male,567545.6349264751
183,Mauritius,1994,1,Male,573155.1249127351
183,Mauritius,1995,1,Male,578326.4571173245
183,Mauritius,1996,1,Male,583316.9804222089
183,Mauritius,1997,1,Male,588145.1362429342
183,Mauritius,1998,1,Male,592846.6548201876
183,Mauritius,1999,1,Male,597478.4664396881
183,Mauritius,2000,1,Male,601989.8318133532
183,Mauritius,2001,1,Male,606304.4915465812
183,Mauritius,2002,1,Male,610252.7016293659
183,Mauritius,2003,1,Male,613850.1963652626
183,Mauritius,2004,1,Male,617177.340504752
183,Mauritius,2005,1,Male,620053.5728947907
183,Mauritius,2006,1,Male,622415.3142366338
183,Mauritius,2007,1,Male,624408.6540725663
183,Mauritius,2008,1,Male,625978.0014629078
183,Mauritius,2009,1,Male,627037.30810644
183,Mauritius,2010,1,Male,627849.8127489588
183,Mauritius,2011,1,Male,628603.0763009129
183,Mauritius,2012,1,Male,629273.2024867251
183,Mauritius,2013,1,Male,629767.7928557248
183,Mauritius,2014,1,Male,629988.9189051405
183,Mauritius,2015,1,Male,630044.1807559513
183,Mauritius,2016,1,Male,630068.9192387786
183,Mauritius,2017,1,Male,630160.7284329913
183,Mauritius,2018,1,Male,630226.6075324519
183,Mauritius,2019,1,Male,630119.3285744233
183,Mauritius,1990,2,Female,550409.233267603
183,Mauritius,1991,2,Female,556476.0084213419
183,Mauritius,1992,2,Female,563055.6190699002
183,Mauritius,1993,2,Female,569841.2012314339
183,Mauritius,1994,2,Female,576360.0155215005
183,Mauritius,1995,2,Female,582515.7861639537
183,Mauritius,1996,2,Female,588609.1047675912
183,Mauritius,1997,2,Female,594650.3974815599
183,Mauritius,1998,2,Female,600521.3209121665
183,Mauritius,1999,2,Female,606152.8526671309
183,Mauritius,2000,2,Female,611396.2554739388
183,Mauritius,2001,2,Female,616213.1581192722
183,Mauritius,2002,2,Female,620714.2678674756
183,Mauritius,2003,2,Female,624782.7274576103
183,Mauritius,2004,2,Female,628403.073991642
183,Mauritius,2005,2,Female,631557.995604438
183,Mauritius,2006,2,Female,634134.4224345594
183,Mauritius,2007,2,Female,636313.0473327896
183,Mauritius,2008,2,Female,638155.0071438885
183,Mauritius,2009,2,Female,639648.3606895145
183,Mauritius,2010,2,Female,640917.926877928
183,Mauritius,2011,2,Female,642148.4735797739
183,Mauritius,2012,2,Female,643261.9041410153
183,Mauritius,2013,2,Female,644090.7365583039
183,Mauritius,2014,2,Female,644662.3702908531
183,Mauritius,2015,2,Female,645080.2173011599
183,Mauritius,2016,2,Female,645554.9763185488
183,Mauritius,2017,2,Female,646000.2487308186
183,Mauritius,2018,2,Female,646318.8704873074
183,Mauritius,2019,2,Female,646543.3426640717
183,Mauritius,1990,3,Both,1100072.6831684986
183,Mauritius,1991,3,Both,1111807.993834505
183,Mauritius,1992,3,Both,1124488.697747684
183,Mauritius,1993,3,Both,1137386.836157909
183,Mauritius,1994,3,Both,1149515.1404342356
183,Mauritius,1995,3,Both,1160842.2432812783
183,Mauritius,1996,3,Both,1171926.0851898
183,Mauritius,1997,3,Both,1182795.533724494
183,Mauritius,1998,3,Both,1193367.9757323542
183,Mauritius,1999,3,Both,1203631.319106819
183,Mauritius,2000,3,Both,1213386.087287292
183,Mauritius,2001,3,Both,1222517.6496658537
183,Mauritius,2002,3,Both,1230966.9694968415
183,Mauritius,2003,3,Both,1238632.9238228728
183,Mauritius,2004,3,Both,1245580.414496394
183,Mauritius,2005,3,Both,1251611.5684992287
183,Mauritius,2006,3,Both,1256549.736671193
183,Mauritius,2007,3,Both,1260721.701405356
183,Mauritius,2008,3,Both,1264133.0086067964
183,Mauritius,2009,3,Both,1266685.6687959544
183,Mauritius,2010,3,Both,1268767.7396268868
183,Mauritius,2011,3,Both,1270751.549880687
183,Mauritius,2012,3,Both,1272535.1066277404
183,Mauritius,2013,3,Both,1273858.5294140286
183,Mauritius,2014,3,Both,1274651.2891959934
183,Mauritius,2015,3,Both,1275124.3980571113
183,Mauritius,2016,3,Both,1275623.8955573274
183,Mauritius,2017,3,Both,1276160.97716381
183,Mauritius,2018,3,Both,1276545.4780197593
183,Mauritius,2019,3,Both,1276662.671238495
184,Mozambique,1990,1,Male,6247023.098156034
184,Mozambique,1991,1,Male,6223030.672590288
184,Mozambique,1992,1,Male,6330254.314947133
184,Mozambique,1993,1,Male,6707337.422453525
184,Mozambique,1994,1,Male,7166240.23131661
184,Mozambique,1995,1,Male,7476921.296228732
184,Mozambique,1996,1,Male,7667195.044222419
184,Mozambique,1997,1,Male,7840880.634524196
184,Mozambique,1998,1,Male,8025066.621005305
184,Mozambique,1999,1,Male,8219334.029270085
184,Mozambique,2000,1,Male,8426784.200141516
184,Mozambique,2001,1,Male,8646772.799914127
184,Mozambique,2002,1,Male,8878027.411284469
184,Mozambique,2003,1,Male,9119025.203042082
184,Mozambique,2004,1,Male,9370471.787325349
184,Mozambique,2005,1,Male,9631664.437486753
184,Mozambique,2006,1,Male,9901757.99127417
184,Mozambique,2007,1,Male,10181404.897006338
184,Mozambique,2008,1,Male,10470674.445626518
184,Mozambique,2009,1,Male,10769167.879825829
184,Mozambique,2010,1,Male,11075073.676566891
184,Mozambique,2011,1,Male,11387617.69884384
184,Mozambique,2012,1,Male,11707844.244943256
184,Mozambique,2013,1,Male,12036127.124887194
184,Mozambique,2014,1,Male,12371223.92548407
184,Mozambique,2015,1,Male,12714377.622709608
184,Mozambique,2016,1,Male,13070112.661561357
184,Mozambique,2017,1,Male,13437179.715681024
184,Mozambique,2018,1,Male,13812501.556604974
184,Mozambique,2019,1,Male,14200351.735880729
184,Mozambique,1990,2,Female,6823978.496695031
184,Mozambique,1991,2,Female,6828692.694130763
184,Mozambique,1992,2,Female,6951523.258832852
184,Mozambique,1993,2,Female,7320338.652012782
184,Mozambique,1994,2,Female,7764698.390510224
184,Mozambique,1995,2,Female,8078177.501233739
184,Mozambique,1996,2,Female,8285970.710640431
184,Mozambique,1997,2,Female,8478768.723314045
184,Mozambique,1998,2,Female,8680124.521197949
184,Mozambique,1999,2,Female,8890037.540891783
184,Mozambique,2000,2,Female,9111613.414883312
184,Mozambique,2001,2,Female,9344623.09310141
184,Mozambique,2002,2,Female,9588039.957543146
184,Mozambique,2003,2,Female,9840674.715676917
184,Mozambique,2004,2,Female,10103549.204758968
184,Mozambique,2005,2,Female,10376670.28679436
184,Mozambique,2006,2,Female,10660174.688945126
184,Mozambique,2007,2,Female,10955785.004218465
184,Mozambique,2008,2,Female,11264480.338765496
184,Mozambique,2009,2,Female,11585243.107267125
184,Mozambique,2010,2,Female,11915627.19571047
184,Mozambique,2011,2,Female,12254334.290009934
184,Mozambique,2012,2,Female,12601558.571864735
184,Mozambique,2013,2,Female,12957846.280702176
184,Mozambique,2014,2,Female,13323597.412772547
184,Mozambique,2015,2,Female,13700643.331256442
184,Mozambique,2016,2,Female,14092000.100518474
184,Mozambique,2017,2,Female,14494970.920903243
184,Mozambique,2018,2,Female,14905604.506825097
184,Mozambique,2019,2,Female,15327685.136171903
184,Mozambique,1990,3,Both,13071001.594851064
184,Mozambique,1991,3,Both,13051723.36672105
184,Mozambique,1992,3,Both,13281777.573779983
184,Mozambique,1993,3,Both,14027676.074466309
184,Mozambique,1994,3,Both,14930938.621826837
184,Mozambique,1995,3,Both,15555098.79746247
184,Mozambique,1996,3,Both,15953165.75486285
184,Mozambique,1997,3,Both,16319649.35783824
184,Mozambique,1998,3,Both,16705191.142203256
184,Mozambique,1999,3,Both,17109371.570161868
184,Mozambique,2000,3,Both,17538397.615024827
184,Mozambique,2001,3,Both,17991395.893015537
184,Mozambique,2002,3,Both,18466067.36882761
184,Mozambique,2003,3,Both,18959699.918719
184,Mozambique,2004,3,Both,19474020.99208432
184,Mozambique,2005,3,Both,20008334.72428112
184,Mozambique,2006,3,Both,20561932.680219296
184,Mozambique,2007,3,Both,21137189.901224803
184,Mozambique,2008,3,Both,21735154.78439201
184,Mozambique,2009,3,Both,22354410.98709296
184,Mozambique,2010,3,Both,22990700.87227736
184,Mozambique,2011,3,Both,23641951.98885377
184,Mozambique,2012,3,Both,24309402.816808
184,Mozambique,2013,3,Both,24993973.40558937
184,Mozambique,2014,3,Both,25694821.338256616
184,Mozambique,2015,3,Both,26415020.95396605
184,Mozambique,2016,3,Both,27162112.762079827
184,Mozambique,2017,3,Both,27932150.636584267
184,Mozambique,2018,3,Both,28718106.06343007
184,Mozambique,2019,3,Both,29528036.87205264
185,Rwanda,1990,1,Male,3494328.9311341005
185,Rwanda,1991,1,Male,3610317.322847733
185,Rwanda,1992,1,Male,3307226.093864266
185,Rwanda,1993,1,Male,2707179.995549308
185,Rwanda,1994,1,Male,2576795.697288316
185,Rwanda,1995,1,Male,2869081.035096899
185,Rwanda,1996,1,Male,3344046.41830456
185,Rwanda,1997,1,Male,3650384.5312716896
185,Rwanda,1998,1,Male,3727484.788254371
185,Rwanda,1999,1,Male,3786312.305737742
185,Rwanda,2000,1,Male,3864981.622672502
185,Rwanda,2001,1,Male,3953121.060408405
185,Rwanda,2002,1,Male,4048288.8198139584
185,Rwanda,2003,1,Male,4149388.581055615
185,Rwanda,2004,1,Male,4248121.203614417
185,Rwanda,2005,1,Male,4355268.612147749
185,Rwanda,2006,1,Male,4474510.903255009
185,Rwanda,2007,1,Male,4590706.020736712
185,Rwanda,2008,1,Male,4703248.472083094
185,Rwanda,2009,1,Male,4829116.858296523
185,Rwanda,2010,1,Male,4966711.420420643
185,Rwanda,2011,1,Male,5108542.498552915
185,Rwanda,2012,1,Male,5253474.195196101
185,Rwanda,2013,1,Male,5378994.889917312
185,Rwanda,2014,1,Male,5485010.966660025
185,Rwanda,2015,1,Male,5613041.842300599
185,Rwanda,2016,1,Male,5759357.140695728
185,Rwanda,2017,1,Male,5896226.502832778
185,Rwanda,2018,1,Male,6030851.873761504
185,Rwanda,2019,1,Male,6170596.426174526
185,Rwanda,1990,2,Female,3678514.0480452417
185,Rwanda,1991,2,Female,3786413.222908031
185,Rwanda,1992,2,Female,3454436.4221263244
185,Rwanda,1993,2,Female,2817923.0363698755
185,Rwanda,1994,2,Female,2747924.85248428
185,Rwanda,1995,2,Female,3125328.6586065586
185,Rwanda,1996,2,Female,3633731.055414164
185,Rwanda,1997,2,Female,3964851.891546784
185,Rwanda,1998,2,Female,4053782.0028283326
185,Rwanda,1999,2,Female,4123749.932125322
185,Rwanda,2000,2,Female,4214879.027291076
185,Rwanda,2001,2,Female,4315629.33681051
185,Rwanda,2002,2,Female,4421954.806085303
185,Rwanda,2003,2,Female,4531427.003600409
185,Rwanda,2004,2,Female,4635462.40360792
185,Rwanda,2005,2,Female,4745991.788362253
185,Rwanda,2006,2,Female,4867289.051753248
185,Rwanda,2007,2,Female,4983083.924708775
185,Rwanda,2008,2,Female,5092979.395987004
185,Rwanda,2009,2,Female,5215962.142261274
185,Rwanda,2010,2,Female,5350439.428182501
185,Rwanda,2011,2,Female,5488430.063674973
185,Rwanda,2012,2,Female,5629470.162856742
185,Rwanda,2013,2,Female,5749982.111401536
185,Rwanda,2014,2,Female,5849968.568601838
185,Rwanda,2015,2,Female,5973554.318902064
185,Rwanda,2016,2,Female,6116725.91888941
185,Rwanda,2017,2,Female,6250126.370981911
185,Rwanda,2018,2,Female,6381191.114767203
185,Rwanda,2019,2,Female,6517520.87890013
185,Rwanda,1990,3,Both,7172842.979179342
185,Rwanda,1991,3,Both,7396730.545755764
185,Rwanda,1992,3,Both,6761662.515990591
185,Rwanda,1993,3,Both,5525103.031919183
185,Rwanda,1994,3,Both,5324720.549772595
185,Rwanda,1995,3,Both,5994409.693703458
185,Rwanda,1996,3,Both,6977777.473718723
185,Rwanda,1997,3,Both,7615236.422818474
185,Rwanda,1998,3,Both,7781266.791082703
185,Rwanda,1999,3,Both,7910062.237863064
185,Rwanda,2000,3,Both,8079860.649963578
185,Rwanda,2001,3,Both,8268750.397218915
185,Rwanda,2002,3,Both,8470243.62589926
185,Rwanda,2003,3,Both,8680815.584656024
185,Rwanda,2004,3,Both,8883583.607222337
185,Rwanda,2005,3,Both,9101260.400510004
185,Rwanda,2006,3,Both,9341799.955008255
185,Rwanda,2007,3,Both,9573789.945445487
185,Rwanda,2008,3,Both,9796227.868070098
185,Rwanda,2009,3,Both,10045079.000557795
185,Rwanda,2010,3,Both,10317150.848603144
185,Rwanda,2011,3,Both,10596972.562227888
185,Rwanda,2012,3,Both,10882944.358052844
185,Rwanda,2013,3,Both,11128977.001318848
185,Rwanda,2014,3,Both,11334979.535261864
185,Rwanda,2015,3,Both,11586596.161202662
185,Rwanda,2016,3,Both,11876083.05958514
185,Rwanda,2017,3,Both,12146352.873814687
185,Rwanda,2018,3,Both,12412042.988528708
185,Rwanda,2019,3,Both,12688117.305074656
186,Seychelles,1990,1,Male,36437.99695022804
186,Seychelles,1991,1,Male,36833.28291270886
186,Seychelles,1992,1,Male,37237.265063978055
186,Seychelles,1993,1,Male,37637.14935856729
186,Seychelles,1994,1,Male,38018.65689825788
186,Seychelles,1995,1,Male,38374.46574873241
186,Seychelles,1996,1,Male,38744.36091282826
186,Seychelles,1997,1,Male,39166.38007520124
186,Seychelles,1998,1,Male,39682.9142337533
186,Seychelles,1999,1,Male,40279.860451945344
186,Seychelles,2000,1,Male,40944.7597737188
186,Seychelles,2001,1,Male,41660.363220031366
186,Seychelles,2002,1,Male,42397.07439559292
186,Seychelles,2003,1,Male,43128.55239473453
186,Seychelles,2004,1,Male,43858.51889241594
186,Seychelles,2005,1,Male,44588.59556392009
186,Seychelles,2006,1,Male,45317.29126600237
186,Seychelles,2007,1,Male,46047.81409909384
186,Seychelles,2008,1,Male,46778.10650331964
186,Seychelles,2009,1,Male,47500.605811271984
186,Seychelles,2010,1,Male,48215.24675416863
186,Seychelles,2011,1,Male,48924.14778762471
186,Seychelles,2012,1,Male,49617.149287540495
186,Seychelles,2013,1,Male,50289.23484237262
186,Seychelles,2014,1,Male,50943.11444357789
186,Seychelles,2015,1,Male,51572.0078801166
186,Seychelles,2016,1,Male,52167.86409493007
186,Seychelles,2017,1,Male,52728.72812870679
186,Seychelles,2018,1,Male,53255.63034289628
186,Seychelles,2019,1,Male,53750.076768276536
186,Seychelles,1990,2,Female,36590.316355396
186,Seychelles,1991,2,Female,36962.07279568415
186,Seychelles,1992,2,Female,37352.30479829157
186,Seychelles,1993,2,Female,37759.98871080548
186,Seychelles,1994,2,Female,38186.28756712003
186,Seychelles,1995,2,Female,38633.97139160452
186,Seychelles,1996,2,Female,39094.65339354481
186,Seychelles,1997,2,Female,39560.28073502089
186,Seychelles,1998,2,Female,40029.84696606084
186,Seychelles,1999,2,Female,40503.57381297677
186,Seychelles,2000,2,Female,40978.18755321224
186,Seychelles,2001,2,Female,41447.51966230144
186,Seychelles,2002,2,Female,41904.03017418218
186,Seychelles,2003,2,Female,42339.11893628317
186,Seychelles,2004,2,Female,42755.68646955781
186,Seychelles,2005,2,Female,43157.28965729444
186,Seychelles,2006,2,Female,43545.75521376397
186,Seychelles,2007,2,Female,43921.62400412857
186,Seychelles,2008,2,Female,44287.77249494578
186,Seychelles,2009,2,Female,44652.63992704259
186,Seychelles,2010,2,Female,45024.51126472283
186,Seychelles,2011,2,Female,45405.27828097968
186,Seychelles,2012,2,Female,45790.56020819333
186,Seychelles,2013,2,Female,46176.40499708568
186,Seychelles,2014,2,Female,46560.59906212023
186,Seychelles,2015,2,Female,46942.102978386414
186,Seychelles,2016,2,Female,47318.58666302886
186,Seychelles,2017,2,Female,47687.09751434962
186,Seychelles,2018,2,Female,48045.86267335861
186,Seychelles,2019,2,Female,48395.21970853246
186,Seychelles,1990,3,Both,73028.31330562403
186,Seychelles,1991,3,Both,73795.35570839302
186,Seychelles,1992,3,Both,74589.56986226962
186,Seychelles,1993,3,Both,75397.13806937277
186,Seychelles,1994,3,Both,76204.9444653779
186,Seychelles,1995,3,Both,77008.43714033693
186,Seychelles,1996,3,Both,77839.01430637306
186,Seychelles,1997,3,Both,78726.66081022212
186,Seychelles,1998,3,Both,79712.76119981414
186,Seychelles,1999,3,Both,80783.4342649221
186,Seychelles,2000,3,Both,81922.94732693104
186,Seychelles,2001,3,Both,83107.88288233281
186,Seychelles,2002,3,Both,84301.1045697751
186,Seychelles,2003,3,Both,85467.6713310177
186,Seychelles,2004,3,Both,86614.20536197376
186,Seychelles,2005,3,Both,87745.88522121453
186,Seychelles,2006,3,Both,88863.04647976634
186,Seychelles,2007,3,Both,89969.43810322242
186,Seychelles,2008,3,Both,91065.8789982654
186,Seychelles,2009,3,Both,92153.24573831457
186,Seychelles,2010,3,Both,93239.75801889146
186,Seychelles,2011,3,Both,94329.4260686044
186,Seychelles,2012,3,Both,95407.70949573384
186,Seychelles,2013,3,Both,96465.6398394583
186,Seychelles,2014,3,Both,97503.71350569812
186,Seychelles,2015,3,Both,98514.11085850302
186,Seychelles,2016,3,Both,99486.45075795893
186,Seychelles,2017,3,Both,100415.8256430564
186,Seychelles,2018,3,Both,101301.49301625488
186,Seychelles,2019,3,Both,102145.296476809
187,Somalia,1990,1,Male,3688222.692703551
187,Somalia,1991,1,Male,3719385.3617230025
187,Somalia,1992,1,Male,3889084.564513317
187,Somalia,1993,1,Male,4048894.631567369
187,Somalia,1994,1,Male,4204475.286651528
187,Somalia,1995,1,Male,4373192.574875519
187,Somalia,1996,1,Male,4542232.213138458
187,Somalia,1997,1,Male,4735120.026328692
187,Somalia,1998,1,Male,4949067.046359778
187,Somalia,1999,1,Male,5160987.134276801
187,Somalia,2000,1,Male,5376483.618401885
187,Somalia,2001,1,Male,5607067.622588816
187,Somalia,2002,1,Male,5846891.637613683
187,Somalia,2003,1,Male,6082550.734722456
187,Somalia,2004,1,Male,6309796.589014555
187,Somalia,2005,1,Male,6542586.925172283
187,Somalia,2006,1,Male,6780020.04603992
187,Somalia,2007,1,Male,6996374.573186223
187,Somalia,2008,1,Male,7201162.778297049
187,Somalia,2009,1,Male,7377662.553967369
187,Somalia,2010,1,Male,7524241.505296472
187,Somalia,2011,1,Male,7724545.700948773
187,Somalia,2012,1,Male,7995367.947443373
187,Somalia,2013,1,Male,8288312.564114282
187,Somalia,2014,1,Male,8598393.516256807
187,Somalia,2015,1,Male,8946737.404584236
187,Somalia,2016,1,Male,9313175.367750978
187,Somalia,2017,1,Male,9668967.887804432
187,Somalia,2018,1,Male,10018370.112440964
187,Somalia,2019,1,Male,10374919.023472749
187,Somalia,1990,2,Female,3459309.3099900456
187,Somalia,1991,2,Female,3510050.7037909124
187,Somalia,1992,2,Female,3666798.68465579
187,Somalia,1993,2,Female,3817100.643301151
187,Somalia,1994,2,Female,3965036.352637632
187,Somalia,1995,2,Female,4124544.7961334623
187,Somalia,1996,2,Female,4286232.540489753
187,Somalia,1997,2,Female,4467627.531210057
187,Somalia,1998,2,Female,4666505.923165183
187,Somalia,1999,2,Female,4865900.970818301
187,Somalia,2000,2,Female,5069993.872305902
187,Somalia,2001,2,Female,5287267.471687302
187,Somalia,2002,2,Female,5513656.672414468
187,Somalia,2003,2,Female,5739247.332186495
187,Somalia,2004,2,Female,5960881.643522548
187,Somalia,2005,2,Female,6188371.043605028
187,Somalia,2006,2,Female,6420900.46972824
187,Somalia,2007,2,Female,6639730.038347833
187,Somalia,2008,2,Female,6851424.209471507
187,Somalia,2009,2,Female,7043479.659450871
187,Somalia,2010,2,Female,7213878.302359018
187,Somalia,2011,2,Female,7424227.0575326225
187,Somalia,2012,2,Female,7688832.504203408
187,Somalia,2013,2,Female,7972181.943064242
187,Somalia,2014,2,Female,8270183.370584833
187,Somalia,2015,2,Female,8599129.465516208
187,Somalia,2016,2,Female,8944287.026608221
187,Somalia,2017,2,Female,9284385.530872617
187,Somalia,2018,2,Female,9622369.391696192
187,Somalia,2019,2,Female,9968192.9221862
187,Somalia,1990,3,Both,7147532.002693597
187,Somalia,1991,3,Both,7229436.065513915
187,Somalia,1992,3,Both,7555883.249169107
187,Somalia,1993,3,Both,7865995.274868521
187,Somalia,1994,3,Both,8169511.639289159
187,Somalia,1995,3,Both,8497737.371008981
187,Somalia,1996,3,Both,8828464.753628211
187,Somalia,1997,3,Both,9202747.55753875
187,Somalia,1998,3,Both,9615572.96952496
187,Somalia,1999,3,Both,10026888.105095102
187,Somalia,2000,3,Both,10446477.490707789
187,Somalia,2001,3,Both,10894335.09427612
187,Somalia,2002,3,Both,11360548.31002815
187,Somalia,2003,3,Both,11821798.06690895
187,Somalia,2004,3,Both,12270678.232537102
187,Somalia,2005,3,Both,12730957.96877731
187,Somalia,2006,3,Both,13200920.51576816
187,Somalia,2007,3,Both,13636104.611534055
187,Somalia,2008,3,Both,14052586.987768557
187,Somalia,2009,3,Both,14421142.21341824
187,Somalia,2010,3,Both,14738119.80765549
187,Somalia,2011,3,Both,15148772.758481396
187,Somalia,2012,3,Both,15684200.45164678
187,Somalia,2013,3,Both,16260494.507178525
187,Somalia,2014,3,Both,16868576.88684164
187,Somalia,2015,3,Both,17545866.870100446
187,Somalia,2016,3,Both,18257462.3943592
187,Somalia,2017,3,Both,18953353.418677047
187,Somalia,2018,3,Both,19640739.504137155
187,Somalia,2019,3,Both,20343111.94565895
189,United Republic of Tanzania,1990,1,Male,12597517.762060083
189,United Republic of Tanzania,1991,1,Male,12977023.815674877
189,United Republic of Tanzania,1992,1,Male,13366924.333953926
189,United Republic of Tanzania,1993,1,Male,13766365.535282854
189,United Republic of Tanzania,1994,1,Male,14174682.718735732
189,United Republic of Tanzania,1995,1,Male,14590997.965259138
189,United Republic of Tanzania,1996,1,Male,15015073.895835023
189,United Republic of Tanzania,1997,1,Male,15446303.84523156
189,United Republic of Tanzania,1998,1,Male,15884633.850875776
189,United Republic of Tanzania,1999,1,Male,16330782.59941229
189,United Republic of Tanzania,2000,1,Male,16785226.452096947
189,United Republic of Tanzania,2001,1,Male,17247623.559221484
189,United Republic of Tanzania,2002,1,Male,17717014.071315452
189,United Republic of Tanzania,2003,1,Male,18192270.756523743
189,United Republic of Tanzania,2004,1,Male,18674480.305031776
189,United Republic of Tanzania,2005,1,Male,19164269.13933535
189,United Republic of Tanzania,2006,1,Male,19663459.9395772
189,United Republic of Tanzania,2007,1,Male,20175622.57250284
189,United Republic of Tanzania,2008,1,Male,20703712.578673728
189,United Republic of Tanzania,2009,1,Male,21247943.43963608
189,United Republic of Tanzania,2010,1,Male,21807736.187842995
189,United Republic of Tanzania,2011,1,Male,22383324.86076158
189,United Republic of Tanzania,2012,1,Male,22976854.9374008
189,United Republic of Tanzania,2013,1,Male,23590616.88039885
189,United Republic of Tanzania,2014,1,Male,24222455.12729487
189,United Republic of Tanzania,2015,1,Male,24869246.549828146
189,United Republic of Tanzania,2016,1,Male,25528368.209517326
189,United Republic of Tanzania,2017,1,Male,26198359.521390323
189,United Republic of Tanzania,2018,1,Male,26881756.52191709
189,United Republic of Tanzania,2019,1,Male,27586715.457341354
189,United Republic of Tanzania,1990,2,Female,13303872.56038161
189,United Republic of Tanzania,1991,2,Female,13695654.104622234
189,United Republic of Tanzania,1992,2,Female,14095003.22669739
189,United Republic of Tanzania,1993,2,Female,14501541.419856248
189,United Republic of Tanzania,1994,2,Female,14915111.980023082
189,United Republic of Tanzania,1995,2,Female,15335387.924372002
189,United Republic of Tanzania,1996,2,Female,15763140.813719405
189,United Republic of Tanzania,1997,2,Female,16198475.204590134
189,United Republic of Tanzania,1998,2,Female,16641741.790482624
189,United Republic of Tanzania,1999,2,Female,17094711.868889164
189,United Republic of Tanzania,2000,2,Female,17558761.971212473
189,United Republic of Tanzania,2001,2,Female,18034285.031721946
189,United Republic of Tanzania,2002,2,Female,18521104.4893154
189,United Republic of Tanzania,2003,2,Female,19018331.16550624
189,United Republic of Tanzania,2004,2,Female,19526506.690272
189,United Republic of Tanzania,2005,2,Female,20046478.330484428
189,United Republic of Tanzania,2006,2,Female,20580219.93387964
189,United Republic of Tanzania,2007,2,Female,21131363.719695944
189,United Republic of Tanzania,2008,2,Female,21701958.593532905
189,United Republic of Tanzania,2009,2,Female,22290714.62351273
189,United Republic of Tanzania,2010,2,Female,22897738.08956804
189,United Republic of Tanzania,2011,2,Female,23523865.712085366
189,United Republic of Tanzania,2012,2,Female,24169393.617082536
189,United Republic of Tanzania,2013,2,Female,24835813.61159381
189,United Republic of Tanzania,2014,2,Female,25521496.316296563
189,United Republic of Tanzania,2015,2,Female,26222532.47372963
189,United Republic of Tanzania,2016,2,Female,26935229.39332968
189,United Republic of Tanzania,2017,2,Female,27657873.900595605
189,United Republic of Tanzania,2018,2,Female,28393321.539324537
189,United Republic of Tanzania,2019,2,Female,29149400.70975547
189,United Republic of Tanzania,1990,3,Both,25901390.322441693
189,United Republic of Tanzania,1991,3,Both,26672677.92029711
189,United Republic of Tanzania,1992,3,Both,27461927.56065132
189,United Republic of Tanzania,1993,3,Both,28267906.9551391
189,United Republic of Tanzania,1994,3,Both,29089794.69875881
189,United Republic of Tanzania,1995,3,Both,29926385.88963114
189,United Republic of Tanzania,1996,3,Both,30778214.70955443
189,United Republic of Tanzania,1997,3,Both,31644779.049821697
189,United Republic of Tanzania,1998,3,Both,32526375.6413584
189,United Republic of Tanzania,1999,3,Both,33425494.468301453
189,United Republic of Tanzania,2000,3,Both,34343988.423309416
189,United Republic of Tanzania,2001,3,Both,35281908.590943426
189,United Republic of Tanzania,2002,3,Both,36238118.56063085
189,United Republic of Tanzania,2003,3,Both,37210601.92202998
189,United Republic of Tanzania,2004,3,Both,38200986.99530377
189,United Republic of Tanzania,2005,3,Both,39210747.46981978
189,United Republic of Tanzania,2006,3,Both,40243679.87345684
189,United Republic of Tanzania,2007,3,Both,41306986.29219878
189,United Republic of Tanzania,2008,3,Both,42405671.17220663
189,United Republic of Tanzania,2009,3,Both,43538658.06314881
189,United Republic of Tanzania,2010,3,Both,44705474.27741104
189,United Republic of Tanzania,2011,3,Both,45907190.57284694
189,United Republic of Tanzania,2012,3,Both,47146248.55448334
189,United Republic of Tanzania,2013,3,Both,48426430.49199266
189,United Republic of Tanzania,2014,3,Both,49743951.44359143
189,United Republic of Tanzania,2015,3,Both,51091779.02355777
189,United Republic of Tanzania,2016,3,Both,52463597.602847
189,United Republic of Tanzania,2017,3,Both,53856233.42198593
189,United Republic of Tanzania,2018,3,Both,55275078.06124163
189,United Republic of Tanzania,2019,3,Both,56736116.16709682
190,Uganda,1990,1,Male,8516706.91768791
190,Uganda,1991,1,Male,8774863.094441054
190,Uganda,1992,1,Male,9053023.843593996
190,Uganda,1993,1,Male,9350251.487342194
190,Uganda,1994,1,Male,9665264.784830667
190,Uganda,1995,1,Male,9997092.234873297
190,Uganda,1996,1,Male,10343467.161580604
190,Uganda,1997,1,Male,10703100.0705586
190,Uganda,1998,1,Male,11075325.194699151
190,Uganda,1999,1,Male,11458696.746755073
190,Uganda,2000,1,Male,11850903.213515796
190,Uganda,2001,1,Male,12249687.114350446
190,Uganda,2002,1,Male,12652011.994788157
190,Uganda,2003,1,Male,13053867.198034797
190,Uganda,2004,1,Male,13455912.323644286
190,Uganda,2005,1,Male,13860547.361187916
190,Uganda,2006,1,Male,14270912.487343336
190,Uganda,2007,1,Male,14686793.346420964
190,Uganda,2008,1,Male,15106970.503688367
190,Uganda,2009,1,Male,15531522.412112718
190,Uganda,2010,1,Male,15960602.359451566
190,Uganda,2011,1,Male,16396253.199622506
190,Uganda,2012,1,Male,16840461.78213269
190,Uganda,2013,1,Male,17293061.879067693
190,Uganda,2014,1,Male,17754232.70120689
190,Uganda,2015,1,Male,18225885.9276274
190,Uganda,2016,1,Male,18705894.17956446
190,Uganda,2017,1,Male,19195618.287308805
190,Uganda,2018,1,Male,19699558.846485265
190,Uganda,2019,1,Male,20222655.31436441
190,Uganda,1990,2,Female,8798694.214614432
190,Uganda,1991,2,Female,9087952.324536117
190,Uganda,1992,2,Female,9396468.288704412
190,Uganda,1993,2,Female,9723533.098002397
190,Uganda,1994,2,Female,10068450.697230466
190,Uganda,1995,2,Female,10430489.742903007
190,Uganda,1996,2,Female,10807869.269414175
190,Uganda,1997,2,Female,11198687.79821244
190,Uganda,1998,2,Female,11600313.363665324
190,Uganda,1999,2,Female,12009937.82929752
190,Uganda,2000,2,Female,12425037.879543312
190,Uganda,2001,2,Female,12843366.894751435
190,Uganda,2002,2,Female,13262370.388717543
190,Uganda,2003,2,Female,13678464.682699837
190,Uganda,2004,2,Female,14092198.288503978
190,Uganda,2005,2,Female,14505658.339680225
190,Uganda,2006,2,Female,14921551.84614098
190,Uganda,2007,2,Female,15339642.82213831
190,Uganda,2008,2,Female,15759766.33728244
190,Uganda,2009,2,Female,16182819.51311165
190,Uganda,2010,2,Female,16609231.817577844
190,Uganda,2011,2,Female,17041069.9231055
190,Uganda,2012,2,Female,17481874.66492536
190,Uganda,2013,2,Female,17934365.55352908
190,Uganda,2014,2,Female,18399223.73654652
190,Uganda,2015,2,Female,18876177.900496423
190,Uganda,2016,2,Female,19361990.177338462
190,Uganda,2017,2,Female,19857701.149204776
190,Uganda,2018,2,Female,20367096.93865513
190,Uganda,2019,2,Female,20895200.926959697
190,Uganda,1990,3,Both,17315401.132302344
190,Uganda,1991,3,Both,17862815.41897717
190,Uganda,1992,3,Both,18449492.13229841
190,Uganda,1993,3,Both,19073784.58534459
190,Uganda,1994,3,Both,19733715.482061133
190,Uganda,1995,3,Both,20427581.977776304
190,Uganda,1996,3,Both,21151336.43099478
190,Uganda,1997,3,Both,21901787.86877104
190,Uganda,1998,3,Both,22675638.55836448
190,Uganda,1999,3,Both,23468634.576052595
190,Uganda,2000,3,Both,24275941.093059108
190,Uganda,2001,3,Both,25093054.00910188
190,Uganda,2002,3,Both,25914382.383505706
190,Uganda,2003,3,Both,26732331.88073463
190,Uganda,2004,3,Both,27548110.612148263
190,Uganda,2005,3,Both,28366205.70086814
190,Uganda,2006,3,Both,29192464.333484314
190,Uganda,2007,3,Both,30026436.16855928
190,Uganda,2008,3,Both,30866736.840970807
190,Uganda,2009,3,Both,31714341.925224368
190,Uganda,2010,3,Both,32569834.17702941
190,Uganda,2011,3,Both,33437323.12272801
190,Uganda,2012,3,Both,34322336.447058044
190,Uganda,2013,3,Both,35227427.43259677
190,Uganda,2014,3,Both,36153456.43775341
190,Uganda,2015,3,Both,37102063.828123815
190,Uganda,2016,3,Both,38067884.35690293
190,Uganda,2017,3,Both,39053319.43651358
190,Uganda,2018,3,Both,40066655.7851404
190,Uganda,2019,3,Both,41117856.24132411
191,Zambia,1990,1,Male,3900123.434623791
191,Zambia,1991,1,Male,3992540.002249203
191,Zambia,1992,1,Male,4082864.9525437504
191,Zambia,1993,1,Male,4172444.5542181553
191,Zambia,1994,1,Male,4262309.617428648
191,Zambia,1995,1,Male,4353158.333723936
191,Zambia,1996,1,Male,4446339.442867068
191,Zambia,1997,1,Male,4543696.288985728
191,Zambia,1998,1,Male,4646983.1129377
191,Zambia,1999,1,Male,4757795.857854792
191,Zambia,2000,1,Male,4878132.015160716
191,Zambia,2001,1,Male,5009393.553367099
191,Zambia,2002,1,Male,5152361.405651507
191,Zambia,2003,1,Male,5307930.995958022
191,Zambia,2004,1,Male,5475532.14341447
191,Zambia,2005,1,Male,5655143.247522001
191,Zambia,2006,1,Male,5846290.301502155
191,Zambia,2007,1,Male,6049166.959408661
191,Zambia,2008,1,Male,6264091.1017269045
191,Zambia,2009,1,Male,6489990.425619113
191,Zambia,2010,1,Male,6723993.105980145
191,Zambia,2011,1,Male,6963284.141995276
191,Zambia,2012,1,Male,7207852.438127493
191,Zambia,2013,1,Male,7457692.92921463
191,Zambia,2014,1,Male,7711617.78813374
191,Zambia,2015,1,Male,7968305.908618638
191,Zambia,2016,1,Male,8227092.489950039
191,Zambia,2017,1,Male,8487317.74723543
191,Zambia,2018,1,Male,8749449.285380118
191,Zambia,2019,1,Male,9016785.168807529
191,Zambia,1990,2,Female,4042890.0484595615
191,Zambia,1991,2,Female,4136722.301115357
191,Zambia,1992,2,Female,4228051.123752378
191,Zambia,1993,2,Female,4318248.718322529
191,Zambia,1994,2,Female,4408364.946879781
191,Zambia,1995,2,Female,4499195.142352706
191,Zambia,1996,2,Female,4592262.753748157
191,Zambia,1997,2,Female,4689437.885996649
191,Zambia,1998,2,Female,4792536.5029351935
191,Zambia,1999,2,Female,4903289.078013519
191,Zambia,2000,2,Female,5023848.496232376
191,Zambia,2001,2,Female,5155814.886023712
191,Zambia,2002,2,Female,5299706.518372969
191,Zambia,2003,2,Female,5456495.226588031
191,Zambia,2004,2,Female,5625916.466380924
191,Zambia,2005,2,Female,5807814.402467147
191,Zambia,2006,2,Female,6001486.485011607
191,Zambia,2007,2,Female,6207484.134954037
191,Zambia,2008,2,Female,6426712.774942829
191,Zambia,2009,2,Female,6657402.417318236
191,Zambia,2010,2,Female,6895684.154632024
191,Zambia,2011,2,Female,7138828.935961094
191,Zambia,2012,2,Female,7386670.233883174
191,Zambia,2013,2,Female,7638795.7542157
191,Zambia,2014,2,Female,7894733.076494575
191,Zambia,2015,2,Female,8154172.812590843
191,Zambia,2016,2,Female,8416605.120118719
191,Zambia,2017,2,Female,8681179.779856008
191,Zambia,2018,2,Female,8948295.247537453
191,Zambia,2019,2,Female,9220897.49974689
191,Zambia,1990,3,Both,7943013.483083352
191,Zambia,1991,3,Both,8129262.30336456
191,Zambia,1992,3,Both,8310916.076296128
191,Zambia,1993,3,Both,8490693.272540685
191,Zambia,1994,3,Both,8670674.56430843
191,Zambia,1995,3,Both,8852353.476076642
191,Zambia,1996,3,Both,9038602.196615225
191,Zambia,1997,3,Both,9233134.174982376
191,Zambia,1998,3,Both,9439519.615872892
191,Zambia,1999,3,Both,9661084.935868312
191,Zambia,2000,3,Both,9901980.511393093
191,Zambia,2001,3,Both,10165208.439390812
191,Zambia,2002,3,Both,10452067.924024476
191,Zambia,2003,3,Both,10764426.222546054
191,Zambia,2004,3,Both,11101448.609795392
191,Zambia,2005,3,Both,11462957.649989149
191,Zambia,2006,3,Both,11847776.786513764
191,Zambia,2007,3,Both,12256651.094362698
191,Zambia,2008,3,Both,12690803.876669737
191,Zambia,2009,3,Both,13147392.84293735
191,Zambia,2010,3,Both,13619677.26061217
191,Zambia,2011,3,Both,14102113.07795637
191,Zambia,2012,3,Both,14594522.672010668
191,Zambia,2013,3,Both,15096488.683430327
191,Zambia,2014,3,Both,15606350.864628317
191,Zambia,2015,3,Both,16122478.72120948
191,Zambia,2016,3,Both,16643697.61006876
191,Zambia,2017,3,Both,17168497.527091436
191,Zambia,2018,3,Both,17697744.53291757
191,Zambia,2019,3,Both,18237682.668554418
193,Botswana,1990,1,Male,621524.9609957015
193,Botswana,1991,1,Male,643616.7375960184
193,Botswana,1992,1,Male,665575.5275607996
193,Botswana,1993,1,Male,687165.3767425172
193,Botswana,1994,1,Male,708139.7096195415
193,Botswana,1995,1,Male,728266.9706474788
193,Botswana,1996,1,Male,747375.435634883
193,Botswana,1997,1,Male,765384.1915522476
193,Botswana,1998,1,Male,782291.3016943289
193,Botswana,1999,1,Male,798166.1464763051
193,Botswana,2000,1,Male,813103.5805906717
193,Botswana,2001,1,Male,827252.257071972
193,Botswana,2002,1,Male,840901.7844507392
193,Botswana,2003,1,Male,854554.3219037367
193,Botswana,2004,1,Male,868907.7804309857
193,Botswana,2005,1,Male,884494.8393581932
193,Botswana,2006,1,Male,901178.0844694772
193,Botswana,2007,1,Male,918852.0006222804
193,Botswana,2008,1,Male,937429.6789362532
193,Botswana,2009,1,Male,956521.3823466589
193,Botswana,2010,1,Male,975895.0282474634
193,Botswana,2011,1,Male,995438.347065811
193,Botswana,2012,1,Male,1015124.4884217128
193,Botswana,2013,1,Male,1034905.4292831308
193,Botswana,2014,1,Male,1054750.2052072922
193,Botswana,2015,1,Male,1074538.0989231393
193,Botswana,2016,1,Male,1094155.9712998655
193,Botswana,2017,1,Male,1113446.8462508132
193,Botswana,2018,1,Male,1132256.782469049
193,Botswana,2019,1,Male,1150700.7228229835
193,Botswana,1990,2,Female,680161.9486089322
193,Botswana,1991,2,Female,701863.3905035624
193,Botswana,1992,2,Female,723394.6961400731
193,Botswana,1993,2,Female,744555.1053978357
193,Botswana,1994,2,Female,765155.2055432345
193,Botswana,1995,2,Female,785035.0226638633
193,Botswana,1996,2,Female,804093.2361750627
193,Botswana,1997,2,Female,822254.8837500405
193,Botswana,1998,2,Female,839378.8883925333
193,Botswana,1999,2,Female,855359.1867580833
193,Botswana,2000,2,Female,870171.7095683166
193,Botswana,2001,2,Female,883889.7709262221
193,Botswana,2002,2,Female,896778.6102261533
193,Botswana,2003,2,Female,909399.016387087
193,Botswana,2004,2,Female,922577.5389886424
193,Botswana,2005,2,Female,936952.7212501873
193,Botswana,2006,2,Female,952447.300399114
193,Botswana,2007,2,Female,968769.0323986158
193,Botswana,2008,2,Female,985734.350704322
193,Botswana,2009,2,Female,1003344.4690442942
193,Botswana,2010,2,Female,1021581.1937156676
193,Botswana,2011,2,Female,1040097.2360624851
193,Botswana,2012,2,Female,1058789.506818357
193,Botswana,2013,2,Female,1077657.2288490264
193,Botswana,2014,2,Female,1096529.501814638
193,Botswana,2015,2,Female,1115268.145327627
193,Botswana,2016,2,Female,1133847.1922250292
193,Botswana,2017,2,Female,1152165.2409602453
193,Botswana,2018,2,Female,1170174.6996273776
193,Botswana,2019,2,Female,1188020.5797317696
193,Botswana,1990,3,Both,1301686.9096046337
193,Botswana,1991,3,Both,1345480.1280995808
193,Botswana,1992,3,Both,1388970.2237008726
193,Botswana,1993,3,Both,1431720.482140353
193,Botswana,1994,3,Both,1473294.915162776
193,Botswana,1995,3,Both,1513301.993311342
193,Botswana,1996,3,Both,1551468.6718099455
193,Botswana,1997,3,Both,1587639.0753022882
193,Botswana,1998,3,Both,1621670.1900868623
193,Botswana,1999,3,Both,1653525.3332343884
193,Botswana,2000,3,Both,1683275.2901589882
193,Botswana,2001,3,Both,1711142.027998194
193,Botswana,2002,3,Both,1737680.3946768926
193,Botswana,2003,3,Both,1763953.3382908236
193,Botswana,2004,3,Both,1791485.319419628
193,Botswana,2005,3,Both,1821447.5606083805
193,Botswana,2006,3,Both,1853625.384868592
193,Botswana,2007,3,Both,1887621.0330208964
193,Botswana,2008,3,Both,1923164.0296405752
193,Botswana,2009,3,Both,1959865.8513909527
193,Botswana,2010,3,Both,1997476.2219631309
193,Botswana,2011,3,Both,2035535.5831282963
193,Botswana,2012,3,Both,2073913.9952400697
193,Botswana,2013,3,Both,2112562.6581321573
193,Botswana,2014,3,Both,2151279.7070219303
193,Botswana,2015,3,Both,2189806.244250766
193,Botswana,2016,3,Both,2228003.163524895
193,Botswana,2017,3,Both,2265612.0872110585
193,Botswana,2018,3,Both,2302431.482096427
193,Botswana,2019,3,Both,2338721.302554753
194,Lesotho,1990,1,Male,882942.4739746809
194,Lesotho,1991,1,Male,898597.0262705706
194,Lesotho,1992,1,Male,913191.8989841132
194,Lesotho,1993,1,Male,926464.452907758
194,Lesotho,1994,1,Male,938119.3509897965
194,Lesotho,1995,1,Male,947874.8492763411
194,Lesotho,1996,1,Male,955481.4274322304
194,Lesotho,1997,1,Male,960607.2370286708
194,Lesotho,1998,1,Male,963329.1106833066
194,Lesotho,1999,1,Male,963934.1714856124
194,Lesotho,2000,1,Male,962856.0216786624
194,Lesotho,2001,1,Male,960580.3410658302
194,Lesotho,2002,1,Male,957538.8894103216
194,Lesotho,2003,1,Male,954140.8473988358
194,Lesotho,2004,1,Male,950796.3040440911
194,Lesotho,2005,1,Male,948056.91541105
194,Lesotho,2006,1,Male,946689.3903321512
194,Lesotho,2007,1,Male,947491.7135794916
194,Lesotho,2008,1,Male,950581.0759427004
194,Lesotho,2009,1,Male,955585.4077559296
194,Lesotho,2010,1,Male,961887.6112562546
194,Lesotho,2011,1,Male,969066.3145310296
194,Lesotho,2012,1,Male,976720.419191776
194,Lesotho,2013,1,Male,984476.2066369175
194,Lesotho,2014,1,Male,992160.0152870832
194,Lesotho,2015,1,Male,999880.0963695162
194,Lesotho,2016,1,Male,1007938.0781279958
194,Lesotho,2017,1,Male,1016254.833214446
194,Lesotho,2018,1,Male,1024634.9944654142
194,Lesotho,2019,1,Male,1033048.2328192266
194,Lesotho,1990,2,Female,924281.7461141888
194,Lesotho,1991,2,Female,940365.5082376614
194,Lesotho,1992,2,Female,955392.2776537938
194,Lesotho,1993,2,Female,969160.4989601373
194,Lesotho,1994,2,Female,981454.1514925
194,Lesotho,1995,2,Female,992068.5864659502
194,Lesotho,1996,2,Female,1000815.9448410412
194,Lesotho,1997,2,Female,1007465.307662067
194,Lesotho,1998,2,Female,1011933.9855123882
194,Lesotho,1999,2,Female,1014231.4564264098
194,Lesotho,2000,2,Female,1014505.4181963936
194,Lesotho,2001,2,Female,1013224.9288237296
194,Lesotho,2002,2,Female,1010922.4529404212
194,Lesotho,2003,2,Female,1007687.613481394
194,Lesotho,2004,2,Female,1003883.975134264
194,Lesotho,2005,2,Female,1000221.4650635684
194,Lesotho,2006,2,Female,997521.3558112824
194,Lesotho,2007,2,Female,996632.0114621932
194,Lesotho,2008,2,Female,997719.6047248656
194,Lesotho,2009,2,Female,1000662.7052794172
194,Lesotho,2010,2,Female,1005157.4459541484
194,Lesotho,2011,2,Female,1010539.0255869068
194,Lesotho,2012,2,Female,1016051.054193228
194,Lesotho,2013,2,Female,1021453.7929042964
194,Lesotho,2014,2,Female,1026788.2931511286
194,Lesotho,2015,2,Female,1032159.2515632428
194,Lesotho,2016,2,Female,1037957.4960417128
194,Lesotho,2017,2,Female,1044440.2087930972
194,Lesotho,2018,2,Female,1051413.4760244696
194,Lesotho,2019,2,Female,1058539.70778339
194,Lesotho,1990,3,Both,1807224.2200888696
194,Lesotho,1991,3,Both,1838962.534508232
194,Lesotho,1992,3,Both,1868584.1766379068
194,Lesotho,1993,3,Both,1895624.9518678952
194,Lesotho,1994,3,Both,1919573.502482296
194,Lesotho,1995,3,Both,1939943.435742292
194,Lesotho,1996,3,Both,1956297.372273272
194,Lesotho,1997,3,Both,1968072.544690738
194,Lesotho,1998,3,Both,1975263.0961956948
194,Lesotho,1999,3,Both,1978165.6279120224
194,Lesotho,2000,3,Both,1977361.439875056
194,Lesotho,2001,3,Both,1973805.26988956
194,Lesotho,2002,3,Both,1968461.3423507428
194,Lesotho,2003,3,Both,1961828.46088023
194,Lesotho,2004,3,Both,1954680.2791783551
194,Lesotho,2005,3,Both,1948278.3804746184
194,Lesotho,2006,3,Both,1944210.7461434333
194,Lesotho,2007,3,Both,1944123.725041685
194,Lesotho,2008,3,Both,1948300.680667566
194,Lesotho,2009,3,Both,1956248.113035347
194,Lesotho,2010,3,Both,1967045.057210403
194,Lesotho,2011,3,Both,1979605.3401179367
194,Lesotho,2012,3,Both,1992771.473385004
194,Lesotho,2013,3,Both,2005929.9995412133
194,Lesotho,2014,3,Both,2018948.308438212
194,Lesotho,2015,3,Both,2032039.347932759
194,Lesotho,2016,3,Both,2045895.5741697089
194,Lesotho,2017,3,Both,2060695.0420075431
194,Lesotho,2018,3,Both,2076048.470489884
194,Lesotho,2019,3,Both,2091587.9406026169
195,Namibia,1990,1,Male,688613.1185463644
195,Namibia,1991,1,Male,709051.3024329053
195,Namibia,1992,1,Male,730236.1730009393
195,Namibia,1993,1,Male,751994.1912953819
195,Namibia,1994,1,Male,774021.0154124383
195,Namibia,1995,1,Male,796067.3936908448
195,Namibia,1996,1,Male,817878.6286281014
195,Namibia,1997,1,Male,839117.9607643177
195,Namibia,1998,1,Male,859493.8273880816
195,Namibia,1999,1,Male,878729.8245692813
195,Namibia,2000,1,Male,896568.2524645438
195,Namibia,2001,1,Male,912861.9890729752
195,Namibia,2002,1,Male,927524.515720907
195,Namibia,2003,1,Male,940746.2664415924
195,Namibia,2004,1,Male,952899.5958552904
195,Namibia,2005,1,Male,964509.565900924
195,Namibia,2006,1,Male,976113.4094292136
195,Namibia,2007,1,Male,988122.3168460265
195,Namibia,2008,1,Male,1000654.4123222232
195,Namibia,2009,1,Male,1013570.9446184228
195,Namibia,2010,1,Male,1026794.4862598534
195,Namibia,2011,1,Male,1040435.0951855752
195,Namibia,2012,1,Male,1054704.3703107676
195,Namibia,2013,1,Male,1069491.935474008
195,Namibia,2014,1,Male,1084595.6458127166
195,Namibia,2015,1,Male,1099946.252039506
195,Namibia,2016,1,Male,1115499.656626989
195,Namibia,2017,1,Male,1131203.358122051
195,Namibia,2018,1,Male,1147151.6368142
195,Namibia,2019,1,Male,1163534.8582442584
195,Namibia,1990,2,Female,721066.137037958
195,Namibia,1991,2,Female,744455.1734443565
195,Namibia,1992,2,Female,768380.8601446728
195,Namibia,1993,2,Female,792625.259992551
195,Namibia,1994,2,Female,816883.8579023662
195,Namibia,1995,2,Female,840912.8105476808
195,Namibia,1996,2,Female,864473.430046789
195,Namibia,1997,2,Female,887214.3094627627
195,Namibia,1998,2,Female,908814.6942672236
195,Namibia,1999,2,Female,929018.6132357052
195,Namibia,2000,2,Female,947607.4370041532
195,Namibia,2001,2,Female,964488.831730104
195,Namibia,2002,2,Female,979608.7891513902
195,Namibia,2003,2,Female,993238.147111912
195,Namibia,2004,2,Female,1005887.8349031388
195,Namibia,2005,2,Female,1018243.8347046268
195,Namibia,2006,2,Female,1030891.906433919
195,Namibia,2007,2,Female,1044247.3869238052
195,Namibia,2008,2,Female,1058407.9769663431
195,Namibia,2009,2,Female,1073060.063943767
195,Namibia,2010,2,Female,1088035.0021546304
195,Namibia,2011,2,Female,1103488.0950145682
195,Namibia,2012,2,Female,1119567.2237208765
195,Namibia,2013,2,Female,1136109.5082596578
195,Namibia,2014,2,Female,1152833.4107384628
195,Namibia,2015,2,Female,1169619.479338779
195,Namibia,2016,2,Female,1186557.0923539528
195,Namibia,2017,2,Female,1203767.4504524565
195,Namibia,2018,2,Female,1221414.6139896964
195,Namibia,2019,2,Female,1239589.0670832288
195,Namibia,1990,3,Both,1409679.2555843224
195,Namibia,1991,3,Both,1453506.475877262
195,Namibia,1992,3,Both,1498617.033145612
195,Namibia,1993,3,Both,1544619.451287933
195,Namibia,1994,3,Both,1590904.8733148044
195,Namibia,1995,3,Both,1636980.2042385256
195,Namibia,1996,3,Both,1682352.0586748903
195,Namibia,1997,3,Both,1726332.2702270802
195,Namibia,1998,3,Both,1768308.5216553053
195,Namibia,1999,3,Both,1807748.4378049865
195,Namibia,2000,3,Both,1844175.689468697
195,Namibia,2001,3,Both,1877350.8208030795
195,Namibia,2002,3,Both,1907133.3048722968
195,Namibia,2003,3,Both,1933984.4135535045
195,Namibia,2004,3,Both,1958787.4307584288
195,Namibia,2005,3,Both,1982753.400605551
195,Namibia,2006,3,Both,2007005.3158631327
195,Namibia,2007,3,Both,2032369.703769832
195,Namibia,2008,3,Both,2059062.3892885663
195,Namibia,2009,3,Both,2086631.0085621893
195,Namibia,2010,3,Both,2114829.488414484
195,Namibia,2011,3,Both,2143923.190200143
195,Namibia,2012,3,Both,2174271.594031644
195,Namibia,2013,3,Both,2205601.4437336656
195,Namibia,2014,3,Both,2237429.0565511794
195,Namibia,2015,3,Both,2269565.731378285
195,Namibia,2016,3,Both,2302056.7489809417
195,Namibia,2017,3,Both,2334970.8085745075
195,Namibia,2018,3,Both,2368566.2508038967
195,Namibia,2019,3,Both,2403123.925327488
196,South Africa,1990,1,Male,17781047.060626946
196,South Africa,1991,1,Male,18174919.2444196
196,South Africa,1992,1,Male,18576465.591869395
196,South Africa,1993,1,Male,18987927.93387096
196,South Africa,1994,1,Male,19408175.65060049
196,South Africa,1995,1,Male,19830045.70120645
196,South Africa,1996,1,Male,20250654.103269547
196,South Africa,1997,1,Male,20663978.11202385
196,South Africa,1998,1,Male,21062682.08022897
196,South Africa,1999,1,Male,21451401.61688692
196,South Africa,2000,1,Male,21825698.0419748
196,South Africa,2001,1,Male,22178461.77472826
196,South Africa,2002,1,Male,22507103.07606749
196,South Africa,2003,1,Male,22809904.95459391
196,South Africa,2004,1,Male,23091170.38191323
196,South Africa,2005,1,Male,23356780.875311896
196,South Africa,2006,1,Male,23609879.90568718
196,South Africa,2007,1,Male,23858111.01595837
196,South Africa,2008,1,Male,24109072.87943717
196,South Africa,2009,1,Male,24366620.25302289
196,South Africa,2010,1,Male,24634064.95332783
196,South Africa,2011,1,Male,24914115.18645657
196,South Africa,2012,1,Male,25206810.103892025
196,South Africa,2013,1,Male,25507585.66415645
196,South Africa,2014,1,Male,25809708.965694062
196,South Africa,2015,1,Male,26106292.791463304
196,South Africa,2016,1,Male,26394744.48937669
196,South Africa,2017,1,Male,26673830.743284907
196,South Africa,2018,1,Male,26949597.63018668
196,South Africa,2019,1,Male,27227490.83972444
196,South Africa,1990,2,Female,19048408.033881743
196,South Africa,1991,2,Female,19489673.164194763
196,South Africa,1992,2,Female,19936953.528361343
196,South Africa,1993,2,Female,20393217.487608075
196,South Africa,1994,2,Female,20859788.329843063
196,South Africa,1995,2,Female,21335477.679595128
196,South Africa,1996,2,Female,21821067.62548125
196,South Africa,1997,2,Female,22303802.91859664
196,South Africa,1998,2,Female,22773268.97645428
196,South Africa,1999,2,Female,23226634.327076152
196,South Africa,2000,2,Female,23649883.435336
196,South Africa,2001,2,Female,24032900.073117267
196,South Africa,2002,2,Female,24367996.36781052
196,South Africa,2003,2,Female,24655976.994821027
196,South Africa,2004,2,Female,24903566.09438007
196,South Africa,2005,2,Female,25120270.790532943
196,South Africa,2006,2,Female,25314695.37021063
196,South Africa,2007,2,Female,25499776.119346805
196,South Africa,2008,2,Female,25687749.409424715
196,South Africa,2009,2,Female,25884452.883536
196,South Africa,2010,2,Female,26093429.15396514
196,South Africa,2011,2,Female,26318530.3153336
196,South Africa,2012,2,Female,26563355.84075361
196,South Africa,2013,2,Female,26822447.378979508
196,South Africa,2014,2,Female,27085322.656618856
196,South Africa,2015,2,Female,27344655.61781381
196,South Africa,2016,2,Female,27598831.72086365
196,South Africa,2017,2,Female,27849111.92691324
196,South Africa,2018,2,Female,28102474.47211984
196,South Africa,2019,2,Female,28360933.68239418
196,South Africa,1990,3,Both,36829455.09450869
196,South Africa,1991,3,Both,37664592.40861435
196,South Africa,1992,3,Both,38513419.120230734
196,South Africa,1993,3,Both,39381145.42147904
196,South Africa,1994,3,Both,40267963.980443545
196,South Africa,1995,3,Both,41165523.38080158
196,South Africa,1996,3,Both,42071721.7287508
196,South Africa,1997,3,Both,42967781.030620486
196,South Africa,1998,3,Both,43835951.05668325
196,South Africa,1999,3,Both,44678035.94396307
196,South Africa,2000,3,Both,45475581.4773108
196,South Africa,2001,3,Both,46211361.84784553
196,South Africa,2002,3,Both,46875099.443878
196,South Africa,2003,3,Both,47465881.94941494
196,South Africa,2004,3,Both,47994736.476293296
196,South Africa,2005,3,Both,48477051.66584484
196,South Africa,2006,3,Both,48924575.275897816
196,South Africa,2007,3,Both,49357887.13530517
196,South Africa,2008,3,Both,49796822.288861886
196,South Africa,2009,3,Both,50251073.13655889
196,South Africa,2010,3,Both,50727494.10729297
196,South Africa,2011,3,Both,51232645.50179017
196,South Africa,2012,3,Both,51770165.94464564
196,South Africa,2013,3,Both,52330033.04313596
196,South Africa,2014,3,Both,52895031.62231292
196,South Africa,2015,3,Both,53450948.40927712
196,South Africa,2016,3,Both,53993576.21024034
196,South Africa,2017,3,Both,54522942.67019815
196,South Africa,2018,3,Both,55052072.10230652
196,South Africa,2019,3,Both,55588424.52211862
197,Eswatini,1990,1,Male,382932.9886462174
197,Eswatini,1991,1,Male,394654.6712802682
197,Eswatini,1992,1,Male,406325.9400317682
197,Eswatini,1993,1,Male,417872.055877224
197,Eswatini,1994,1,Male,429148.5024486394
197,Eswatini,1995,1,Male,439949.191077521
197,Eswatini,1996,1,Male,450040.4789484746
197,Eswatini,1997,1,Male,459297.6433026242
197,Eswatini,1998,1,Male,467596.2470434354
197,Eswatini,1999,1,Male,474856.40052476345
197,Eswatini,2000,1,Male,481055.2457293448
197,Eswatini,2001,1,Male,486166.8169291695
197,Eswatini,2002,1,Male,490359.9324770004
197,Eswatini,2003,1,Male,493807.6249994421
197,Eswatini,2004,1,Male,496630.7611118123
197,Eswatini,2005,1,Male,499173.28643301374
197,Eswatini,2006,1,Male,501823.838716455
197,Eswatini,2007,1,Male,504656.1525386696
197,Eswatini,2008,1,Male,507579.9275808458
197,Eswatini,2009,1,Male,510624.5632679045
197,Eswatini,2010,1,Male,514013.76758928737
197,Eswatini,2011,1,Male,517903.5435718656
197,Eswatini,2012,1,Male,522163.4713000557
197,Eswatini,2013,1,Male,526683.606678044
197,Eswatini,2014,1,Male,531498.7375420885
197,Eswatini,2015,1,Male,536560.5171604352
197,Eswatini,2016,1,Male,541774.835961664
197,Eswatini,2017,1,Male,547068.7317858934
197,Eswatini,2018,1,Male,552410.6249525364
197,Eswatini,2019,1,Male,557840.8058178071
197,Eswatini,1990,2,Female,423763.6899162642
197,Eswatini,1991,2,Female,436489.8982509488
197,Eswatini,1992,2,Female,449235.8483001428
197,Eswatini,1993,2,Female,461915.4533235668
197,Eswatini,1994,2,Female,474396.609730193
197,Eswatini,1995,2,Female,486478.73812684766
197,Eswatini,1996,2,Female,497954.0103831968
197,Eswatini,1997,2,Female,508667.7317456594
197,Eswatini,1998,2,Female,518419.8701445616
197,Eswatini,1999,2,Female,527049.9013745034
197,Eswatini,2000,2,Female,534424.2501186345
197,Eswatini,2001,2,Female,540500.2494031162
197,Eswatini,2002,2,Female,545366.1575762656
197,Eswatini,2003,2,Female,549114.7196989348
197,Eswatini,2004,2,Female,551848.5473452085
197,Eswatini,2005,2,Female,553817.4811660945
197,Eswatini,2006,2,Female,555432.3080669845
197,Eswatini,2007,2,Female,556960.0794072144
197,Eswatini,2008,2,Female,558435.0545791232
197,Eswatini,2009,2,Female,559861.5387005899
197,Eswatini,2010,2,Female,561374.9619210293
197,Eswatini,2011,2,Female,563170.2480704413
197,Eswatini,2012,2,Female,565154.0450445269
197,Eswatini,2013,2,Female,567217.6050042734
197,Eswatini,2014,2,Female,569429.72314676
197,Eswatini,2015,2,Female,571876.1385967963
197,Eswatini,2016,2,Female,574593.6154458572
197,Eswatini,2017,2,Female,577563.0010966596
197,Eswatini,2018,2,Female,580786.9419909765
197,Eswatini,2019,2,Female,584267.8204039027
197,Eswatini,1990,3,Both,806696.6785624815
197,Eswatini,1991,3,Both,831144.569531217
197,Eswatini,1992,3,Both,855561.788331911
197,Eswatini,1993,3,Both,879787.5092007907
197,Eswatini,1994,3,Both,903545.1121788324
197,Eswatini,1995,3,Both,926427.9292043686
197,Eswatini,1996,3,Both,947994.4893316714
197,Eswatini,1997,3,Both,967965.3750482836
197,Eswatini,1998,3,Both,986016.117187997
197,Eswatini,1999,3,Both,1001906.3018992668
197,Eswatini,2000,3,Both,1015479.4958479792
197,Eswatini,2001,3,Both,1026667.0663322856
197,Eswatini,2002,3,Both,1035726.090053266
197,Eswatini,2003,3,Both,1042922.344698377
197,Eswatini,2004,3,Both,1048479.3084570208
197,Eswatini,2005,3,Both,1052990.7675991084
197,Eswatini,2006,3,Both,1057256.1467834394
197,Eswatini,2007,3,Both,1061616.2319458842
197,Eswatini,2008,3,Both,1066014.982159969
197,Eswatini,2009,3,Both,1070486.1019684945
197,Eswatini,2010,3,Both,1075388.7295103166
197,Eswatini,2011,3,Both,1081073.7916423068
197,Eswatini,2012,3,Both,1087317.516344583
197,Eswatini,2013,3,Both,1093901.2116823173
197,Eswatini,2014,3,Both,1100928.4606888485
197,Eswatini,2015,3,Both,1108436.6557572314
197,Eswatini,2016,3,Both,1116368.4514075213
197,Eswatini,2017,3,Both,1124631.732882553
197,Eswatini,2018,3,Both,1133197.566943513
197,Eswatini,2019,3,Both,1142108.6262217097
198,Zimbabwe,1990,1,Male,5060267.023508603
198,Zimbabwe,1991,1,Male,5182070.585901095
198,Zimbabwe,1992,1,Male,5293376.552468831
198,Zimbabwe,1993,1,Male,5392072.176900329
198,Zimbabwe,1994,1,Male,5478488.242133374
198,Zimbabwe,1995,1,Male,5552905.161541896
198,Zimbabwe,1996,1,Male,5616227.297175706
198,Zimbabwe,1997,1,Male,5670637.8908660095
198,Zimbabwe,1998,1,Male,5717631.584933291
198,Zimbabwe,1999,1,Male,5758517.553162867
198,Zimbabwe,2000,1,Male,5795000.179080301
198,Zimbabwe,2001,1,Male,5829323.3936211
198,Zimbabwe,2002,1,Male,5863544.487867327
198,Zimbabwe,2003,1,Male,5899100.694238784
198,Zimbabwe,2004,1,Male,5937064.524826347
198,Zimbabwe,2005,1,Male,5978642.481636028
198,Zimbabwe,2006,1,Male,6025424.955764006
198,Zimbabwe,2007,1,Male,6078694.011536854
198,Zimbabwe,2008,1,Male,6138584.974496647
198,Zimbabwe,2009,1,Male,6205729.880696366
198,Zimbabwe,2010,1,Male,6281629.656586137
198,Zimbabwe,2011,1,Male,6366207.296246167
198,Zimbabwe,2012,1,Male,6458476.584590002
198,Zimbabwe,2013,1,Male,6557628.346271277
198,Zimbabwe,2014,1,Male,6661874.307927278
198,Zimbabwe,2015,1,Male,6768747.206260955
198,Zimbabwe,2016,1,Male,6876839.552742747
198,Zimbabwe,2017,1,Male,6985674.12544441
198,Zimbabwe,2018,1,Male,7095430.565739193
198,Zimbabwe,2019,1,Male,7207155.330886356
198,Zimbabwe,1990,2,Female,5277907.950816234
198,Zimbabwe,1991,2,Female,5409828.849077585
198,Zimbabwe,1992,2,Female,5531986.193838278
198,Zimbabwe,1993,2,Female,5642557.194099008
198,Zimbabwe,1994,2,Female,5742348.054453145
198,Zimbabwe,1995,2,Female,5832120.904094574
198,Zimbabwe,1996,2,Female,5912568.245840045
198,Zimbabwe,1997,2,Female,5985113.496996284
198,Zimbabwe,1998,2,Female,6050158.169495687
198,Zimbabwe,1999,2,Female,6107814.421880702
198,Zimbabwe,2000,2,Female,6159446.313536452
198,Zimbabwe,2001,2,Female,6207409.701840487
198,Zimbabwe,2002,2,Female,6253824.269165595
198,Zimbabwe,2003,2,Female,6300134.153789239
198,Zimbabwe,2004,2,Female,6347439.750888045
198,Zimbabwe,2005,2,Female,6398009.876551807
198,Zimbabwe,2006,2,Female,6453857.250139659
198,Zimbabwe,2007,2,Female,6515939.482962025
198,Zimbabwe,2008,2,Female,6584413.544297462
198,Zimbabwe,2009,2,Female,6660009.272395773
198,Zimbabwe,2010,2,Female,6746379.311655099
198,Zimbabwe,2011,2,Female,6845565.086926149
198,Zimbabwe,2012,2,Female,6955057.913420031
198,Zimbabwe,2013,2,Female,7070675.9294645125
198,Zimbabwe,2014,2,Female,7189211.7070642095
198,Zimbabwe,2015,2,Female,7309501.473151308
198,Zimbabwe,2016,2,Female,7431278.856277917
198,Zimbabwe,2017,2,Female,7553996.315942004
198,Zimbabwe,2018,2,Female,7677793.699388972
198,Zimbabwe,2019,2,Female,7803696.726191616
198,Zimbabwe,1990,3,Both,10338174.974324835
198,Zimbabwe,1991,3,Both,10591899.43497868
198,Zimbabwe,1992,3,Both,10825362.746307109
198,Zimbabwe,1993,3,Both,11034629.370999336
198,Zimbabwe,1994,3,Both,11220836.29658652
198,Zimbabwe,1995,3,Both,11385026.06563647
198,Zimbabwe,1996,3,Both,11528795.543015752
198,Zimbabwe,1997,3,Both,11655751.387862291
198,Zimbabwe,1998,3,Both,11767789.754428975
198,Zimbabwe,1999,3,Both,11866331.975043569
198,Zimbabwe,2000,3,Both,11954446.492616752
198,Zimbabwe,2001,3,Both,12036733.095461586
198,Zimbabwe,2002,3,Both,12117368.757032922
198,Zimbabwe,2003,3,Both,12199234.848028025
198,Zimbabwe,2004,3,Both,12284504.275714392
198,Zimbabwe,2005,3,Both,12376652.358187834
198,Zimbabwe,2006,3,Both,12479282.205903666
198,Zimbabwe,2007,3,Both,12594633.49449888
198,Zimbabwe,2008,3,Both,12722998.51879411
198,Zimbabwe,2009,3,Both,12865739.153092138
198,Zimbabwe,2010,3,Both,13028008.968241235
198,Zimbabwe,2011,3,Both,13211772.383172316
198,Zimbabwe,2012,3,Both,13413534.498010034
198,Zimbabwe,2013,3,Both,13628304.27573579
198,Zimbabwe,2014,3,Both,13851086.014991488
198,Zimbabwe,2015,3,Both,14078248.679412264
198,Zimbabwe,2016,3,Both,14308118.409020664
198,Zimbabwe,2017,3,Both,14539670.441386417
198,Zimbabwe,2018,3,Both,14773224.265128164
198,Zimbabwe,2019,3,Both,15010852.057077972
200,Benin,1990,1,Male,2362726.021909304
200,Benin,1991,1,Male,2446104.292094117
200,Benin,1992,1,Male,2530681.8010209105
200,Benin,1993,1,Male,2616135.943836245
200,Benin,1994,1,Male,2702514.590021806
200,Benin,1995,1,Male,2790141.179885323
200,Benin,1996,1,Male,2879405.1006238903
200,Benin,1997,1,Male,2970877.831373428
200,Benin,1998,1,Male,3065253.9652725062
200,Benin,1999,1,Male,3163076.4028687947
200,Benin,2000,1,Male,3264885.0855133827
200,Benin,2001,1,Male,3371225.416666439
200,Benin,2002,1,Male,3482907.561789153
200,Benin,2003,1,Male,3600481.502537943
200,Benin,2004,1,Male,3723930.691397527
200,Benin,2005,1,Male,3853320.739497512
200,Benin,2006,1,Male,3988532.8374889833
200,Benin,2007,1,Male,4129466.318769367
200,Benin,2008,1,Male,4276192.218917853
200,Benin,2009,1,Male,4428734.38792202
200,Benin,2010,1,Male,4586874.881398675
200,Benin,2011,1,Male,4750343.322299786
200,Benin,2012,1,Male,4918915.012110083
200,Benin,2013,1,Male,5092415.371372022
200,Benin,2014,1,Male,5270617.453026811
200,Benin,2015,1,Male,5453281.150765873
200,Benin,2016,1,Male,5640120.780336624
200,Benin,2017,1,Male,5830849.109010991
200,Benin,2018,1,Male,6025791.16594131
200,Benin,2019,1,Male,6226692.566295654
200,Benin,1990,2,Female,2489921.444928916
200,Benin,1991,2,Female,2573598.8444254645
200,Benin,1992,2,Female,2659714.5561163262
200,Benin,1993,2,Female,2748136.945956985
200,Benin,1994,2,Female,2838781.150646107
200,Benin,1995,2,Female,2931746.3111673123
200,Benin,1996,2,Female,3027265.6624396886
200,Benin,1997,2,Female,3125719.833090628
200,Benin,1998,2,Female,3227566.9580707154
200,Benin,1999,2,Female,3333126.532930484
200,Benin,2000,2,Female,3442701.154849287
200,Benin,2001,2,Female,3556571.015152759
200,Benin,2002,2,Female,3675140.692235163
200,Benin,2003,2,Female,3798576.930129604
200,Benin,2004,2,Female,3926847.034085437
200,Benin,2005,2,Female,4060000.605151947
200,Benin,2006,2,Female,4198071.260741929
200,Benin,2007,2,Female,4341103.1029740535
200,Benin,2008,2,Female,4489439.97667985
200,Benin,2009,2,Female,4643360.635710147
200,Benin,2010,2,Female,4802570.295096461
200,Benin,2011,2,Female,4966728.59125581
200,Benin,2012,2,Female,5135676.997838107
200,Benin,2013,2,Female,5309263.223217331
200,Benin,2014,2,Female,5487261.782233768
200,Benin,2015,2,Female,5669466.906928312
200,Benin,2016,2,Female,5855654.547270643
200,Benin,2017,2,Female,6045530.961753846
200,Benin,2018,2,Female,6239437.334309053
200,Benin,2019,2,Female,6439058.487080769
200,Benin,1990,3,Both,4852647.466838219
200,Benin,1991,3,Both,5019703.136519582
200,Benin,1992,3,Both,5190396.357137237
200,Benin,1993,3,Both,5364272.88979323
200,Benin,1994,3,Both,5541295.740667912
200,Benin,1995,3,Both,5721887.491052635
200,Benin,1996,3,Both,5906670.763063579
200,Benin,1997,3,Both,6096597.664464056
200,Benin,1998,3,Both,6292820.923343222
200,Benin,1999,3,Both,6496202.935799278
200,Benin,2000,3,Both,6707586.240362669
200,Benin,2001,3,Both,6927796.431819198
200,Benin,2002,3,Both,7158048.254024316
200,Benin,2003,3,Both,7399058.432667547
200,Benin,2004,3,Both,7650777.725482964
200,Benin,2005,3,Both,7913321.344649458
200,Benin,2006,3,Both,8186604.098230912
200,Benin,2007,3,Both,8470569.42174342
200,Benin,2008,3,Both,8765632.195597704
200,Benin,2009,3,Both,9072095.023632169
200,Benin,2010,3,Both,9389445.176495137
200,Benin,2011,3,Both,9717071.913555596
200,Benin,2012,3,Both,10054592.00994819
200,Benin,2013,3,Both,10401678.594589353
200,Benin,2014,3,Both,10757879.235260578
200,Benin,2015,3,Both,11122748.057694184
200,Benin,2016,3,Both,11495775.327607268
200,Benin,2017,3,Both,11876380.070764838
200,Benin,2018,3,Both,12265228.500250364
200,Benin,2019,3,Both,12665751.053376423
201,Burkina Faso,1990,1,Male,4604778.839889953
201,Burkina Faso,1991,1,Male,4716452.1302424045
201,Burkina Faso,1992,1,Male,4831142.038190299
201,Burkina Faso,1993,1,Male,4949715.961964478
201,Burkina Faso,1994,1,Male,5073180.363345594
201,Burkina Faso,1995,1,Male,5202522.792560885
201,Burkina Faso,1996,1,Male,5336981.825129594
201,Burkina Faso,1997,1,Male,5479208.062780612
201,Burkina Faso,1998,1,Male,5632767.309695975
201,Burkina Faso,1999,1,Male,5796842.66734395
201,Burkina Faso,2000,1,Male,5970341.210435725
201,Burkina Faso,2001,1,Male,6153023.972977694
201,Burkina Faso,2002,1,Male,6345158.5156126
201,Burkina Faso,2003,1,Male,6547022.677291535
201,Burkina Faso,2004,1,Male,6758575.681425249
201,Burkina Faso,2005,1,Male,6979688.766703197
201,Burkina Faso,2006,1,Male,7210193.594041394
201,Burkina Faso,2007,1,Male,7449537.068593944
201,Burkina Faso,2008,1,Male,7697928.215614143
201,Burkina Faso,2009,1,Male,7955441.320649208
201,Burkina Faso,2010,1,Male,8221482.749243039
201,Burkina Faso,2011,1,Male,8496008.433029737
201,Burkina Faso,2012,1,Male,8779080.098214904
201,Burkina Faso,2013,1,Male,9070952.227492576
201,Burkina Faso,2014,1,Male,9372394.850004105
201,Burkina Faso,2015,1,Male,9683908.066728257
201,Burkina Faso,2016,1,Male,10005451.261545915
201,Burkina Faso,2017,1,Male,10337150.585237684
201,Burkina Faso,2018,1,Male,10679659.209503662
201,Burkina Faso,2019,1,Male,11034612.020145971
201,Burkina Faso,1990,2,Female,4952903.03546732
201,Burkina Faso,1991,2,Female,5068773.069749257
201,Burkina Faso,1992,2,Female,5185677.048036524
201,Burkina Faso,1993,2,Female,5305324.096629503
201,Burkina Faso,1994,2,Female,5429636.128757457
201,Burkina Faso,1995,2,Female,5560450.126360551
201,Burkina Faso,1996,2,Female,5698328.736595536
201,Burkina Faso,1997,2,Female,5846502.2474930985
201,Burkina Faso,1998,2,Female,6007393.018043771
201,Burkina Faso,1999,2,Female,6180086.1004996495
201,Burkina Faso,2000,2,Female,6363508.189915525
201,Burkina Faso,2001,2,Female,6557246.589214916
201,Burkina Faso,2002,2,Female,6761233.112308597
201,Burkina Faso,2003,2,Female,6975433.718757235
201,Burkina Faso,2004,2,Female,7199604.904145393
201,Burkina Faso,2005,2,Female,7433503.828752902
201,Burkina Faso,2006,2,Female,7676804.979479715
201,Burkina Faso,2007,2,Female,7928766.455346971
201,Burkina Faso,2008,2,Female,8189618.227331379
201,Burkina Faso,2009,2,Female,8459477.88408942
201,Burkina Faso,2010,2,Female,8737999.19266343
201,Burkina Faso,2011,2,Female,9025321.006135112
201,Burkina Faso,2012,2,Female,9321489.840855958
201,Burkina Faso,2013,2,Female,9626496.749141144
201,Burkina Faso,2014,2,Female,9940705.91142201
201,Burkina Faso,2015,2,Female,10264376.615010727
201,Burkina Faso,2016,2,Female,10597442.358698083
201,Burkina Faso,2017,2,Female,10940015.193683611
201,Burkina Faso,2018,2,Female,11292712.110973625
201,Burkina Faso,2019,2,Female,11657161.228641782
201,Burkina Faso,1990,3,Both,9557681.875357272
201,Burkina Faso,1991,3,Both,9785225.19999166
201,Burkina Faso,1992,3,Both,10016819.086226825
201,Burkina Faso,1993,3,Both,10255040.05859398
201,Burkina Faso,1994,3,Both,10502816.492103051
201,Burkina Faso,1995,3,Both,10762972.918921435
201,Burkina Faso,1996,3,Both,11035310.561725128
201,Burkina Faso,1997,3,Both,11325710.31027371
201,Burkina Faso,1998,3,Both,11640160.327739747
201,Burkina Faso,1999,3,Both,11976928.7678436
201,Burkina Faso,2000,3,Both,12333849.400351249
201,Burkina Faso,2001,3,Both,12710270.56219261
201,Burkina Faso,2002,3,Both,13106391.627921198
201,Burkina Faso,2003,3,Both,13522456.39604877
201,Burkina Faso,2004,3,Both,13958180.58557064
201,Burkina Faso,2005,3,Both,14413192.5954561
201,Burkina Faso,2006,3,Both,14886998.57352111
201,Burkina Faso,2007,3,Both,15378303.523940915
201,Burkina Faso,2008,3,Both,15887546.442945523
201,Burkina Faso,2009,3,Both,16414919.204738628
201,Burkina Faso,2010,3,Both,16959481.941906467
201,Burkina Faso,2011,3,Both,17521329.43916485
201,Burkina Faso,2012,3,Both,18100569.93907086
201,Burkina Faso,2013,3,Both,18697448.97663372
201,Burkina Faso,2014,3,Both,19313100.76142612
201,Burkina Faso,2015,3,Both,19948284.681738984
201,Burkina Faso,2016,3,Both,20602893.620244
201,Burkina Faso,2017,3,Both,21277165.77892129
201,Burkina Faso,2018,3,Both,21972371.320477284
201,Burkina Faso,2019,3,Both,22691773.24878776
202,Cameroon,1990,1,Male,5115214.282363604
202,Cameroon,1991,1,Male,5294021.817636365
202,Cameroon,1992,1,Male,5483851.544169681
202,Cameroon,1993,1,Male,5684436.647357914
202,Cameroon,1994,1,Male,5896263.451008028
202,Cameroon,1995,1,Male,6119560.172414462
202,Cameroon,1996,1,Male,6354312.308647947
202,Cameroon,1997,1,Male,6600835.605964307
202,Cameroon,1998,1,Male,6859331.094643643
202,Cameroon,1999,1,Male,7130517.842183828
202,Cameroon,2000,1,Male,7415002.953712673
202,Cameroon,2001,1,Male,7713029.300849968
202,Cameroon,2002,1,Male,8024815.958166027
202,Cameroon,2003,1,Male,8349959.896271728
202,Cameroon,2004,1,Male,8687796.210350394
202,Cameroon,2005,1,Male,9037222.087712878
202,Cameroon,2006,1,Male,9396413.21468122
202,Cameroon,2007,1,Male,9764453.411306608
202,Cameroon,2008,1,Male,10140564.012521638
202,Cameroon,2009,1,Male,10523816.751076763
202,Cameroon,2010,1,Male,10912848.843902435
202,Cameroon,2011,1,Male,11306193.117186328
202,Cameroon,2012,1,Male,11702582.30092599
202,Cameroon,2013,1,Male,12100500.464758744
202,Cameroon,2014,1,Male,12498533.94730125
202,Cameroon,2015,1,Male,12896221.447303597
202,Cameroon,2016,1,Male,13293723.848653268
202,Cameroon,2017,1,Male,13690606.562852724
202,Cameroon,2018,1,Male,14086936.62773541
202,Cameroon,2019,1,Male,14487727.577803368
202,Cameroon,1990,2,Female,5275672.5805175975
202,Cameroon,1991,2,Female,5459251.120673564
202,Cameroon,1992,2,Female,5654071.003587107
202,Cameroon,1993,2,Female,5859774.608516415
202,Cameroon,1994,2,Female,6076456.670425545
202,Cameroon,1995,2,Female,6304131.178667427
202,Cameroon,1996,2,Female,6542719.354528025
202,Cameroon,1997,2,Female,6792316.369876862
202,Cameroon,1998,2,Female,7053103.438895064
202,Cameroon,1999,2,Female,7325589.222848873
202,Cameroon,2000,2,Female,7610228.2528382735
202,Cameroon,2001,2,Female,7907371.866660574
202,Cameroon,2002,2,Female,8217218.4386432115
202,Cameroon,2003,2,Female,8539493.61366625
202,Cameroon,2004,2,Female,8873816.555286173
202,Cameroon,2005,2,Female,9219369.34495476
202,Cameroon,2006,2,Female,9574481.397228662
202,Cameroon,2007,2,Female,9938191.122334275
202,Cameroon,2008,2,Female,10309777.134215413
202,Cameroon,2009,2,Female,10688093.346198965
202,Cameroon,2010,2,Female,11071556.67166156
202,Cameroon,2011,2,Female,11458913.177895578
202,Cameroon,2012,2,Female,11849979.24041173
202,Cameroon,2013,2,Female,12243977.041137336
202,Cameroon,2014,2,Female,12638541.768803664
202,Cameroon,2015,2,Female,13032528.20669901
202,Cameroon,2016,2,Female,13426369.584057497
202,Cameroon,2017,2,Female,13820226.877040112
202,Cameroon,2018,2,Female,14214715.73516528
202,Cameroon,2019,2,Female,14614140.803769328
202,Cameroon,1990,3,Both,10390886.862881202
202,Cameroon,1991,3,Both,10753272.938309928
202,Cameroon,1992,3,Both,11137922.54775679
202,Cameroon,1993,3,Both,11544211.255874328
202,Cameroon,1994,3,Both,11972720.121433573
202,Cameroon,1995,3,Both,12423691.35108189
202,Cameroon,1996,3,Both,12897031.663175972
202,Cameroon,1997,3,Both,13393151.975841168
202,Cameroon,1998,3,Both,13912434.533538708
202,Cameroon,1999,3,Both,14456107.0650327
202,Cameroon,2000,3,Both,15025231.206550946
202,Cameroon,2001,3,Both,15620401.167510545
202,Cameroon,2002,3,Both,16242034.39680924
202,Cameroon,2003,3,Both,16889453.509937976
202,Cameroon,2004,3,Both,17561612.765636567
202,Cameroon,2005,3,Both,18256591.432667635
202,Cameroon,2006,3,Both,18970894.61190988
202,Cameroon,2007,3,Both,19702644.533640884
202,Cameroon,2008,3,Both,20450341.14673705
202,Cameroon,2009,3,Both,21211910.097275726
202,Cameroon,2010,3,Both,21984405.515563995
202,Cameroon,2011,3,Both,22765106.295081902
202,Cameroon,2012,3,Both,23552561.54133772
202,Cameroon,2013,3,Both,24344477.50589608
202,Cameroon,2014,3,Both,25137075.71610492
202,Cameroon,2015,3,Both,25928749.654002603
202,Cameroon,2016,3,Both,26720093.432710767
202,Cameroon,2017,3,Both,27510833.43989284
202,Cameroon,2018,3,Both,28301652.362900693
202,Cameroon,2019,3,Both,29101868.381572694
203,Cabo Verde,1990,1,Male,166707.93790899153
203,Cabo Verde,1991,1,Male,171243.04599507997
203,Cabo Verde,1992,1,Male,176047.8248019095
203,Cabo Verde,1993,1,Male,181088.04564929017
203,Cabo Verde,1994,1,Male,186307.87131197983
203,Cabo Verde,1995,1,Male,191608.6808339115
203,Cabo Verde,1996,1,Male,196952.4850224233
203,Cabo Verde,1997,1,Male,202278.7688223655
203,Cabo Verde,1998,1,Male,207491.8952496812
203,Cabo Verde,1999,1,Male,212536.752342858
203,Cabo Verde,2000,1,Male,217340.1316929517
203,Cabo Verde,2001,1,Male,221828.13557280795
203,Cabo Verde,2002,1,Male,226000.8502684283
203,Cabo Verde,2003,1,Male,229890.42158403344
203,Cabo Verde,2004,1,Male,233543.31199384807
203,Cabo Verde,2005,1,Male,237011.6176394397
203,Cabo Verde,2006,1,Male,240418.57720270616
203,Cabo Verde,2007,1,Male,243811.92973067315
203,Cabo Verde,2008,1,Male,247184.3946556956
203,Cabo Verde,2009,1,Male,250560.14754089288
203,Cabo Verde,2010,1,Male,253942.2059214776
203,Cabo Verde,2011,1,Male,257357.7729587523
203,Cabo Verde,2012,1,Male,260779.6064672969
203,Cabo Verde,2013,1,Male,264209.8271110024
203,Cabo Verde,2014,1,Male,267659.3290677041
203,Cabo Verde,2015,1,Male,271102.71883332497
203,Cabo Verde,2016,1,Male,274516.270807685
203,Cabo Verde,2017,1,Male,277868.92246358184
203,Cabo Verde,2018,1,Male,280947.7161301254
203,Cabo Verde,2019,1,Male,283826.0227528809
203,Cabo Verde,1990,2,Female,184903.88090256084
203,Cabo Verde,1991,2,Female,188952.3878608907
203,Cabo Verde,1992,2,Female,193359.64784485483
203,Cabo Verde,1993,2,Female,198065.2558335765
203,Cabo Verde,1994,2,Female,202986.280334279
203,Cabo Verde,1995,2,Female,207994.85573445907
203,Cabo Verde,1996,2,Female,213042.1819658203
203,Cabo Verde,1997,2,Female,218075.7670623393
203,Cabo Verde,1998,2,Female,222957.69170164844
203,Cabo Verde,1999,2,Female,227575.0161840152
203,Cabo Verde,2000,2,Female,231818.43902159843
203,Cabo Verde,2001,2,Female,235575.79389836264
203,Cabo Verde,2002,2,Female,238898.4985461842
203,Cabo Verde,2003,2,Female,241858.4056966619
203,Cabo Verde,2004,2,Female,244535.20416565024
203,Cabo Verde,2005,2,Female,247007.43447566868
203,Cabo Verde,2006,2,Female,249348.7872249988
203,Cabo Verde,2007,2,Female,251610.08362794216
203,Cabo Verde,2008,2,Female,253838.8993965301
203,Cabo Verde,2009,2,Female,256072.202080529
203,Cabo Verde,2010,2,Female,258339.0076811445
203,Cabo Verde,2011,2,Female,260664.54849633927
203,Cabo Verde,2012,2,Female,263020.70438773383
203,Cabo Verde,2013,2,Female,265420.2749314711
203,Cabo Verde,2014,2,Female,267857.0698113793
203,Cabo Verde,2015,2,Female,270288.3085644901
203,Cabo Verde,2016,2,Female,272663.2718563777
203,Cabo Verde,2017,2,Female,274999.6516166975
203,Cabo Verde,2018,2,Female,277345.6477875264
203,Cabo Verde,2019,2,Female,279737.06464203616
203,Cabo Verde,1990,3,Both,351611.8188115524
203,Cabo Verde,1991,3,Both,360195.4338559707
203,Cabo Verde,1992,3,Both,369407.4726467643
203,Cabo Verde,1993,3,Both,379153.3014828667
203,Cabo Verde,1994,3,Both,389294.1516462589
203,Cabo Verde,1995,3,Both,399603.5365683705
203,Cabo Verde,1996,3,Both,409994.6669882437
203,Cabo Verde,1997,3,Both,420354.5358847048
203,Cabo Verde,1998,3,Both,430449.58695132966
203,Cabo Verde,1999,3,Both,440111.76852687314
203,Cabo Verde,2000,3,Both,449158.57071455015
203,Cabo Verde,2001,3,Both,457403.9294711705
203,Cabo Verde,2002,3,Both,464899.3488146125
203,Cabo Verde,2003,3,Both,471748.8272806954
203,Cabo Verde,2004,3,Both,478078.5161594984
203,Cabo Verde,2005,3,Both,484019.0521151084
203,Cabo Verde,2006,3,Both,489767.36442770495
203,Cabo Verde,2007,3,Both,495422.0133586153
203,Cabo Verde,2008,3,Both,501023.29405222565
203,Cabo Verde,2009,3,Both,506632.3496214219
203,Cabo Verde,2010,3,Both,512281.2136026221
203,Cabo Verde,2011,3,Both,518022.3214550916
203,Cabo Verde,2012,3,Both,523800.3108550308
203,Cabo Verde,2013,3,Both,529630.1020424735
203,Cabo Verde,2014,3,Both,535516.3988790835
203,Cabo Verde,2015,3,Both,541391.0273978151
203,Cabo Verde,2016,3,Both,547179.5426640627
203,Cabo Verde,2017,3,Both,552868.5740802793
203,Cabo Verde,2018,3,Both,558293.3639176517
203,Cabo Verde,2019,3,Both,563563.087394917
204,Chad,1990,1,Male,2921330.043238676
204,Chad,1991,1,Male,3011925.3759286003
204,Chad,1992,1,Male,3106604.5252207043
204,Chad,1993,1,Male,3205868.8618069435
204,Chad,1994,1,Male,3309863.0870634704
204,Chad,1995,1,Male,3418520.894872343
204,Chad,1996,1,Male,3531860.909851721
204,Chad,1997,1,Male,3649739.34117533
204,Chad,1998,1,Male,3772640.852466883
204,Chad,1999,1,Male,3901421.674673094
204,Chad,2000,1,Male,4036343.0743471696
204,Chad,2001,1,Male,4177996.481604157
204,Chad,2002,1,Male,4327170.244467457
204,Chad,2003,1,Male,4483849.371066504
204,Chad,2004,1,Male,4648385.162896473
204,Chad,2005,1,Male,4821222.4977315385
204,Chad,2006,1,Male,5001750.295646566
204,Chad,2007,1,Male,5190407.217397226
204,Chad,2008,1,Male,5387635.306197449
204,Chad,2009,1,Male,5592904.1557121
204,Chad,2010,1,Male,5806384.24201949
204,Chad,2011,1,Male,6027861.157873427
204,Chad,2012,1,Male,6257643.001024525
204,Chad,2013,1,Male,6496280.025220662
204,Chad,2014,1,Male,6744132.609526913
204,Chad,2015,1,Male,7001615.254300896
204,Chad,2016,1,Male,7269254.471894318
204,Chad,2017,1,Male,7547226.758250772
204,Chad,2018,1,Male,7835890.094476993
204,Chad,2019,1,Male,8137052.611928429
204,Chad,1990,2,Female,3100682.505716359
204,Chad,1991,2,Female,3194667.980834221
204,Chad,1992,2,Female,3292575.914312944
204,Chad,1993,2,Female,3394712.5105746672
204,Chad,1994,2,Female,3501080.258840959
204,Chad,1995,2,Female,3611721.2570042135
204,Chad,1996,2,Female,3726745.5268034535
204,Chad,1997,2,Female,3846217.573073463
204,Chad,1998,2,Female,3970413.603347824
204,Chad,1999,2,Female,4099945.161582159
204,Chad,2000,2,Female,4235053.6416699095
204,Chad,2001,2,Female,4376032.5975402575
204,Chad,2002,2,Female,4523363.691831608
204,Chad,2003,2,Female,4677070.716672044
204,Chad,2004,2,Female,4837654.468410104
204,Chad,2005,2,Female,5005798.172775367
204,Chad,2006,2,Female,5181439.9632985145
204,Chad,2007,2,Female,5364964.988211356
204,Chad,2008,2,Female,5556773.278864374
204,Chad,2009,2,Female,5756882.463265059
204,Chad,2010,2,Female,5965599.313679159
204,Chad,2011,2,Female,6182697.797912552
204,Chad,2012,2,Female,6408338.051060019
204,Chad,2013,2,Female,6642926.731724147
204,Chad,2014,2,Female,6886823.200088039
204,Chad,2015,2,Female,7140553.154614276
204,Chad,2016,2,Female,7404502.441329268
204,Chad,2017,2,Female,7678752.93851612
204,Chad,2018,2,Female,7963928.568130213
204,Chad,2019,2,Female,8261807.130145684
204,Chad,1990,3,Both,6022012.548955034
204,Chad,1991,3,Both,6206593.356762822
204,Chad,1992,3,Both,6399180.439533648
204,Chad,1993,3,Both,6600581.372381611
204,Chad,1994,3,Both,6810943.345904429
204,Chad,1995,3,Both,7030242.151876557
204,Chad,1996,3,Both,7258606.436655174
204,Chad,1997,3,Both,7495956.914248792
204,Chad,1998,3,Both,7743054.455814708
204,Chad,1999,3,Both,8001366.836255252
204,Chad,2000,3,Both,8271396.716017079
204,Chad,2001,3,Both,8554029.079144415
204,Chad,2002,3,Both,8850533.936299065
204,Chad,2003,3,Both,9160920.08773855
204,Chad,2004,3,Both,9486039.631306576
204,Chad,2005,3,Both,9827020.670506906
204,Chad,2006,3,Both,10183190.25894508
204,Chad,2007,3,Both,10555372.205608582
204,Chad,2008,3,Both,10944408.585061824
204,Chad,2009,3,Both,11349786.618977156
204,Chad,2010,3,Both,11771983.555698648
204,Chad,2011,3,Both,12210558.95578598
204,Chad,2012,3,Both,12665981.052084545
204,Chad,2013,3,Both,13139206.75694481
204,Chad,2014,3,Both,13630955.80961495
204,Chad,2015,3,Both,14142168.408915171
204,Chad,2016,3,Both,14673756.913223589
204,Chad,2017,3,Both,15225979.696766892
204,Chad,2018,3,Both,15799818.662607206
204,Chad,2019,3,Both,16398859.742074111
205,Côte d'Ivoire,1990,1,Male,6249713.871174564
205,Côte d'Ivoire,1991,1,Male,6495531.652255715
205,Côte d'Ivoire,1992,1,Male,6746101.134747668
205,Côte d'Ivoire,1993,1,Male,6999595.206904775
205,Côte d'Ivoire,1994,1,Male,7254357.190743867
205,Côte d'Ivoire,1995,1,Male,7508901.207517987
205,Côte d'Ivoire,1996,1,Male,7762843.620526263
205,Côte d'Ivoire,1997,1,Male,8015912.7218942195
205,Côte d'Ivoire,1998,1,Male,8266694.035921506
205,Côte d'Ivoire,1999,1,Male,8513593.734673021
205,Côte d'Ivoire,2000,1,Male,8757312.012801418
205,Côte d'Ivoire,2001,1,Male,8998594.33689212
205,Côte d'Ivoire,2002,1,Male,9237470.629040338
205,Côte d'Ivoire,2003,1,Male,9474055.045876926
205,Côte d'Ivoire,2004,1,Male,9709243.511146056
205,Côte d'Ivoire,2005,1,Male,9944347.282599576
205,Côte d'Ivoire,2006,1,Male,10180865.097658789
205,Côte d'Ivoire,2007,1,Male,10419475.745135894
205,Côte d'Ivoire,2008,1,Male,10660623.046068951
205,Côte d'Ivoire,2009,1,Male,10904171.925773324
205,Côte d'Ivoire,2010,1,Male,11149037.099125504
205,Côte d'Ivoire,2011,1,Male,11394277.801659908
205,Côte d'Ivoire,2012,1,Male,11642089.819212236
205,Côte d'Ivoire,2013,1,Male,11894389.849210976
205,Côte d'Ivoire,2014,1,Male,12150869.27067818
205,Côte d'Ivoire,2015,1,Male,12412561.70688361
205,Côte d'Ivoire,2016,1,Male,12679469.70436366
205,Côte d'Ivoire,2017,1,Male,12950918.480934843
205,Côte d'Ivoire,2018,1,Male,13226986.456452869
205,Côte d'Ivoire,2019,1,Male,13510362.358510517
205,Côte d'Ivoire,1990,2,Female,5976775.804576713
205,Côte d'Ivoire,1991,2,Female,6218331.043136502
205,Côte d'Ivoire,1992,2,Female,6464599.262725776
205,Côte d'Ivoire,1993,2,Female,6713596.6536862245
205,Côte d'Ivoire,1994,2,Female,6963315.313186817
205,Côte d'Ivoire,1995,2,Female,7211851.33371103
205,Côte d'Ivoire,1996,2,Female,7457939.771231786
205,Côte d'Ivoire,1997,2,Female,7700325.744871959
205,Côte d'Ivoire,1998,2,Female,7937011.244598897
205,Côte d'Ivoire,1999,2,Female,8165996.138425278
205,Côte d'Ivoire,2000,2,Female,8388519.717778875
205,Côte d'Ivoire,2001,2,Female,8605842.47372656
205,Côte d'Ivoire,2002,2,Female,8818829.98388984
205,Côte d'Ivoire,2003,2,Female,9028267.6863816
205,Côte d'Ivoire,2004,2,Female,9235388.524050845
205,Côte d'Ivoire,2005,2,Female,9441863.223454868
205,Côte d'Ivoire,2006,2,Female,9649365.846897192
205,Côte d'Ivoire,2007,2,Female,9858896.74613385
205,Côte d'Ivoire,2008,2,Female,10071099.803218007
205,Côte d'Ivoire,2009,2,Female,10285898.946105098
205,Côte d'Ivoire,2010,2,Female,10502566.481008956
205,Côte d'Ivoire,2011,2,Female,10721615.957021637
205,Côte d'Ivoire,2012,2,Female,10945055.374008972
205,Côte d'Ivoire,2013,2,Female,11173363.057003817
205,Côte d'Ivoire,2014,2,Female,11406186.940935452
205,Côte d'Ivoire,2015,2,Female,11645034.436520567
205,Côte d'Ivoire,2016,2,Female,11890145.99130367
205,Côte d'Ivoire,2017,2,Female,12140874.337398188
205,Côte d'Ivoire,2018,2,Female,12397137.745458975
205,Côte d'Ivoire,2019,2,Female,12661169.243674897
205,Côte d'Ivoire,1990,3,Both,12226489.675751276
205,Côte d'Ivoire,1991,3,Both,12713862.695392216
205,Côte d'Ivoire,1992,3,Both,13210700.397473443
205,Côte d'Ivoire,1993,3,Both,13713191.860591
205,Côte d'Ivoire,1994,3,Both,14217672.503930684
205,Côte d'Ivoire,1995,3,Both,14720752.541229015
205,Côte d'Ivoire,1996,3,Both,15220783.39175805
205,Côte d'Ivoire,1997,3,Both,15716238.46676618
205,Côte d'Ivoire,1998,3,Both,16203705.280520402
205,Côte d'Ivoire,1999,3,Both,16679589.8730983
205,Côte d'Ivoire,2000,3,Both,17145831.730580293
205,Côte d'Ivoire,2001,3,Both,17604436.81061868
205,Côte d'Ivoire,2002,3,Both,18056300.61293018
205,Côte d'Ivoire,2003,3,Both,18502322.73225853
205,Côte d'Ivoire,2004,3,Both,18944632.0351969
205,Côte d'Ivoire,2005,3,Both,19386210.50605444
205,Côte d'Ivoire,2006,3,Both,19830230.94455598
205,Côte d'Ivoire,2007,3,Both,20278372.491269745
205,Côte d'Ivoire,2008,3,Both,20731722.84928696
205,Côte d'Ivoire,2009,3,Both,21190070.871878423
205,Côte d'Ivoire,2010,3,Both,21651603.580134463
205,Côte d'Ivoire,2011,3,Both,22115893.758681543
205,Côte d'Ivoire,2012,3,Both,22587145.193221208
205,Côte d'Ivoire,2013,3,Both,23067752.90621479
205,Côte d'Ivoire,2014,3,Both,23557056.21161364
205,Côte d'Ivoire,2015,3,Both,24057596.14340417
205,Côte d'Ivoire,2016,3,Both,24569615.69566733
205,Côte d'Ivoire,2017,3,Both,25091792.81833304
205,Côte d'Ivoire,2018,3,Both,25624124.201911848
205,Côte d'Ivoire,2019,3,Both,26171531.60218541
206,Gambia,1990,1,Male,495392.0843532346
206,Gambia,1991,1,Male,516215.8111640832
206,Gambia,1992,1,Male,536795.7412886854
206,Gambia,1993,1,Male,556782.3360648731
206,Gambia,1994,1,Male,575766.1026509382
206,Gambia,1995,1,Male,593756.0834981241
206,Gambia,1996,1,Male,610867.2288396806
206,Gambia,1997,1,Male,627186.3439641118
206,Gambia,1998,1,Male,642994.4428737666
206,Gambia,1999,1,Male,658616.1402651748
206,Gambia,2000,1,Male,674259.8984882171
206,Gambia,2001,1,Male,690218.2545149971
206,Gambia,2002,1,Male,706750.7319293949
206,Gambia,2003,1,Male,724136.5928930886
206,Gambia,2004,1,Male,742691.78324113
206,Gambia,2005,1,Male,762347.1244271832
206,Gambia,2006,1,Male,783033.026088101
206,Gambia,2007,1,Male,804661.5311458057
206,Gambia,2008,1,Male,827168.911291195
206,Gambia,2009,1,Male,850494.6728745892
206,Gambia,2010,1,Male,874538.9956409711
206,Gambia,2011,1,Male,899186.9520623952
206,Gambia,2012,1,Male,924288.1939166972
206,Gambia,2013,1,Male,949691.569823937
206,Gambia,2014,1,Male,975249.4929462472
206,Gambia,2015,1,Male,1000923.1390264726
206,Gambia,2016,1,Male,1026676.5638107955
206,Gambia,2017,1,Male,1052466.3117057562
206,Gambia,2018,1,Male,1078378.1877846648
206,Gambia,2019,1,Male,1104822.9545137729
206,Gambia,1990,2,Female,496560.597611086
206,Gambia,1991,2,Female,516484.1230616876
206,Gambia,1992,2,Female,536448.6217718915
206,Gambia,1993,2,Female,556207.4429019204
206,Gambia,1994,2,Female,575467.193566255
206,Gambia,1995,2,Female,594284.8749468387
206,Gambia,1996,2,Female,612759.7222964512
206,Gambia,1997,2,Female,630956.6514352995
206,Gambia,1998,2,Female,649069.9643017366
206,Gambia,1999,2,Female,667311.5192944119
206,Gambia,2000,2,Female,685785.1530154207
206,Gambia,2001,2,Female,704650.6825688856
206,Gambia,2002,2,Female,724045.7169989424
206,Gambia,2003,2,Female,744120.1403028654
206,Gambia,2004,2,Female,765047.821704821
206,Gambia,2005,2,Female,786768.857510823
206,Gambia,2006,2,Female,809229.5789690317
206,Gambia,2007,2,Female,832366.9242863482
206,Gambia,2008,2,Female,856139.5710809712
206,Gambia,2009,2,Female,880511.3381770564
206,Gambia,2010,2,Female,905434.535683514
206,Gambia,2011,2,Female,930863.0149544652
206,Gambia,2012,2,Female,956703.7968696862
206,Gambia,2013,2,Female,982799.2551587684
206,Gambia,2014,2,Female,1008988.2998703772
206,Gambia,2015,2,Female,1035230.2608573984
206,Gambia,2016,2,Female,1061503.2984570502
206,Gambia,2017,2,Female,1087785.182874933
206,Gambia,2018,2,Female,1114169.581009497
206,Gambia,2019,2,Female,1141042.75250681
206,Gambia,1990,3,Both,991952.6819643206
206,Gambia,1991,3,Both,1032699.9342257708
206,Gambia,1992,3,Both,1073244.3630605768
206,Gambia,1993,3,Both,1112989.7789667936
206,Gambia,1994,3,Both,1151233.2962171934
206,Gambia,1995,3,Both,1188040.9584449627
206,Gambia,1996,3,Both,1223626.9511361318
206,Gambia,1997,3,Both,1258142.9953994113
206,Gambia,1998,3,Both,1292064.4071755032
206,Gambia,1999,3,Both,1325927.6595595868
206,Gambia,2000,3,Both,1360045.0515036378
206,Gambia,2001,3,Both,1394868.9370838827
206,Gambia,2002,3,Both,1430796.4489283373
206,Gambia,2003,3,Both,1468256.733195954
206,Gambia,2004,3,Both,1507739.604945951
206,Gambia,2005,3,Both,1549115.9819380064
206,Gambia,2006,3,Both,1592262.605057133
206,Gambia,2007,3,Both,1637028.4554321538
206,Gambia,2008,3,Both,1683308.482372166
206,Gambia,2009,3,Both,1731006.0110516455
206,Gambia,2010,3,Both,1779973.531324485
206,Gambia,2011,3,Both,1830049.96701686
206,Gambia,2012,3,Both,1880991.990786384
206,Gambia,2013,3,Both,1932490.8249827053
206,Gambia,2014,3,Both,1984237.7928166245
206,Gambia,2015,3,Both,2036153.399883871
206,Gambia,2016,3,Both,2088179.8622678453
206,Gambia,2017,3,Both,2140251.494580689
206,Gambia,2018,3,Both,2192547.7687941617
206,Gambia,2019,3,Both,2245865.707020583
207,Ghana,1990,1,Male,7444496.474036819
207,Ghana,1991,1,Male,7623200.030214817
207,Ghana,1992,1,Male,7806442.590496974
207,Ghana,1993,1,Male,7995179.801457629
207,Ghana,1994,1,Male,8189211.772491773
207,Ghana,1995,1,Male,8389516.990748387
207,Ghana,1996,1,Male,8597503.1828474
207,Ghana,1997,1,Male,8812335.75911832
207,Ghana,1998,1,Male,9035225.615298765
207,Ghana,1999,1,Male,9267482.532918943
207,Ghana,2000,1,Male,9509051.95678984
207,Ghana,2001,1,Male,9759995.404276315
207,Ghana,2002,1,Male,10019827.040520027
207,Ghana,2003,1,Male,10288657.324421937
207,Ghana,2004,1,Male,10566362.493456297
207,Ghana,2005,1,Male,10852449.389557663
207,Ghana,2006,1,Male,11146158.34356314
207,Ghana,2007,1,Male,11446676.29240651
207,Ghana,2008,1,Male,11753258.75907492
207,Ghana,2009,1,Male,12064692.276071146
207,Ghana,2010,1,Male,12379442.894787775
207,Ghana,2011,1,Male,12696695.754763365
207,Ghana,2012,1,Male,13016859.29759007
207,Ghana,2013,1,Male,13339597.852293313
207,Ghana,2014,1,Male,13663896.309656952
207,Ghana,2015,1,Male,13989230.11402594
207,Ghana,2016,1,Male,14316028.932292754
207,Ghana,2017,1,Male,14644166.90199934
207,Ghana,2018,1,Male,14974360.40017182
207,Ghana,2019,1,Male,15310163.10716791
207,Ghana,1990,2,Female,7571962.129871533
207,Ghana,1991,2,Female,7749008.878200349
207,Ghana,1992,2,Female,7930809.183591201
207,Ghana,1993,2,Female,8118560.09851857
207,Ghana,1994,2,Female,8313101.918739363
207,Ghana,1995,2,Female,8514955.903144134
207,Ghana,1996,2,Female,8724953.688805658
207,Ghana,1997,2,Female,8943817.525075939
207,Ghana,1998,2,Female,9173557.566471549
207,Ghana,1999,2,Female,9416146.658981966
207,Ghana,2000,2,Female,9672443.710210675
207,Ghana,2001,2,Female,9943323.44841928
207,Ghana,2002,2,Female,10228041.567360288
207,Ghana,2003,2,Female,10526490.27881142
207,Ghana,2004,2,Female,10838367.225714352
207,Ghana,2005,2,Female,11162749.808014415
207,Ghana,2006,2,Female,11498257.844881264
207,Ghana,2007,2,Female,11843174.029547729
207,Ghana,2008,2,Female,12195775.09511711
207,Ghana,2009,2,Female,12554061.83308903
207,Ghana,2010,2,Female,12915670.843678748
207,Ghana,2011,2,Female,13279151.076752216
207,Ghana,2012,2,Female,13645085.753201596
207,Ghana,2013,2,Female,14012773.550899398
207,Ghana,2014,2,Female,14380718.694648182
207,Ghana,2015,2,Female,14748421.784989214
207,Ghana,2016,2,Female,15116534.150008244
207,Ghana,2017,2,Female,15484858.059281277
207,Ghana,2018,2,Female,15853679.918993684
207,Ghana,2019,2,Female,16226068.838749675
207,Ghana,1990,3,Both,15016458.603908353
207,Ghana,1991,3,Both,15372208.908415169
207,Ghana,1992,3,Both,15737251.774088174
207,Ghana,1993,3,Both,16113739.8999762
207,Ghana,1994,3,Both,16502313.691231135
207,Ghana,1995,3,Both,16904472.893892523
207,Ghana,1996,3,Both,17322456.871653058
207,Ghana,1997,3,Both,17756153.284194257
207,Ghana,1998,3,Both,18208783.18177031
207,Ghana,1999,3,Both,18683629.19190091
207,Ghana,2000,3,Both,19181495.66700052
207,Ghana,2001,3,Both,19703318.852695595
207,Ghana,2002,3,Both,20247868.60788032
207,Ghana,2003,3,Both,20815147.60323336
207,Ghana,2004,3,Both,21404729.719170645
207,Ghana,2005,3,Both,22015199.19757208
207,Ghana,2006,3,Both,22644416.1884444
207,Ghana,2007,3,Both,23289850.32195424
207,Ghana,2008,3,Both,23949033.85419204
207,Ghana,2009,3,Both,24618754.109160177
207,Ghana,2010,3,Both,25295113.738466524
207,Ghana,2011,3,Both,25975846.83151558
207,Ghana,2012,3,Both,26661945.050791662
207,Ghana,2013,3,Both,27352371.40319271
207,Ghana,2014,3,Both,28044615.00430513
207,Ghana,2015,3,Both,28737651.899015155
207,Ghana,2016,3,Both,29432563.082301
207,Ghana,2017,3,Both,30129024.96128061
207,Ghana,2018,3,Both,30828040.319165505
207,Ghana,2019,3,Both,31536231.945917584
208,Guinea,1990,1,Male,3025154.693979389
208,Guinea,1991,1,Male,3152150.888308486
208,Guinea,1992,1,Male,3247775.240788013
208,Guinea,1993,1,Male,3353077.710688507
208,Guinea,1994,1,Male,3477709.20701797
208,Guinea,1995,1,Male,3558949.912912425
208,Guinea,1996,1,Male,3634143.710119181
208,Guinea,1997,1,Male,3760854.9071929497
208,Guinea,1998,1,Male,3842681.9983499735
208,Guinea,1999,1,Male,3859422.776864951
208,Guinea,2000,1,Male,3875610.317837938
208,Guinea,2001,1,Male,3931295.145740949
208,Guinea,2002,1,Male,4018882.430189436
208,Guinea,2003,1,Male,4097898.421560446
208,Guinea,2004,1,Male,4172322.248118133
208,Guinea,2005,1,Male,4257949.138641673
208,Guinea,2006,1,Male,4350467.02939411
208,Guinea,2007,1,Male,4452322.324876741
208,Guinea,2008,1,Male,4566832.980783091
208,Guinea,2009,1,Male,4688861.857477279
208,Guinea,2010,1,Male,4816261.837732688
208,Guinea,2011,1,Male,4946791.703156161
208,Guinea,2012,1,Male,5080496.73482631
208,Guinea,2013,1,Male,5219234.03303119
208,Guinea,2014,1,Male,5361450.004774774
208,Guinea,2015,1,Male,5504311.360520472
208,Guinea,2016,1,Male,5650597.945869107
208,Guinea,2017,1,Male,5803735.227897342
208,Guinea,2018,1,Male,5962749.554392516
208,Guinea,2019,1,Male,6127235.868454101
208,Guinea,1990,2,Female,3161223.3801436964
208,Guinea,1991,2,Female,3288269.027088393
208,Guinea,1992,2,Female,3389181.329664892
208,Guinea,1993,2,Female,3499185.3697894136
208,Guinea,1994,2,Female,3626567.6100619854
208,Guinea,1995,2,Female,3718203.7507556216
208,Guinea,1996,2,Female,3805494.408913859
208,Guinea,1997,2,Female,3937439.85218636
208,Guinea,1998,2,Female,4032187.293615794
208,Guinea,1999,2,Female,4071703.037205224
208,Guinea,2000,2,Female,4109985.178200357
208,Guinea,2001,2,Female,4181610.627517524
208,Guinea,2002,2,Female,4280613.009987998
208,Guinea,2003,2,Female,4372159.8802742455
208,Guinea,2004,2,Female,4459583.854683805
208,Guinea,2005,2,Female,4556619.832470228
208,Guinea,2006,2,Female,4659532.331303072
208,Guinea,2007,2,Female,4770552.173899327
208,Guinea,2008,2,Female,4892664.555718686
208,Guinea,2009,2,Female,5021489.986549017
208,Guinea,2010,2,Female,5155269.2879014
208,Guinea,2011,2,Female,5291954.76403273
208,Guinea,2012,2,Female,5431700.476858419
208,Guinea,2013,2,Female,5576312.151024158
208,Guinea,2014,2,Female,5724138.768706843
208,Guinea,2015,2,Female,5872723.420200915
208,Guinea,2016,2,Female,6024789.418619671
208,Guinea,2017,2,Female,6183117.962645719
208,Guinea,2018,2,Female,6346835.474930274
208,Guinea,2019,2,Female,6515913.065213095
208,Guinea,1990,3,Both,6186378.074123086
208,Guinea,1991,3,Both,6440419.915396879
208,Guinea,1992,3,Both,6636956.570452904
208,Guinea,1993,3,Both,6852263.080477921
208,Guinea,1994,3,Both,7104276.817079955
208,Guinea,1995,3,Both,7277153.663668047
208,Guinea,1996,3,Both,7439638.11903304
208,Guinea,1997,3,Both,7698294.75937931
208,Guinea,1998,3,Both,7874869.291965768
208,Guinea,1999,3,Both,7931125.8140701745
208,Guinea,2000,3,Both,7985595.496038296
208,Guinea,2001,3,Both,8112905.773258473
208,Guinea,2002,3,Both,8299495.440177433
208,Guinea,2003,3,Both,8470058.301834691
208,Guinea,2004,3,Both,8631906.102801938
208,Guinea,2005,3,Both,8814568.971111901
208,Guinea,2006,3,Both,9009999.360697182
208,Guinea,2007,3,Both,9222874.498776069
208,Guinea,2008,3,Both,9459497.536501778
208,Guinea,2009,3,Both,9710351.844026295
208,Guinea,2010,3,Both,9971531.125634087
208,Guinea,2011,3,Both,10238746.467188893
208,Guinea,2012,3,Both,10512197.211684728
208,Guinea,2013,3,Both,10795546.184055349
208,Guinea,2014,3,Both,11085588.77348162
208,Guinea,2015,3,Both,11377034.780721389
208,Guinea,2016,3,Both,11675387.364488777
208,Guinea,2017,3,Both,11986853.19054306
208,Guinea,2018,3,Both,12309585.02932279
208,Guinea,2019,3,Both,12643148.933667196
209,Guinea-Bissau,1990,1,Male,487894.6649235492
209,Guinea-Bissau,1991,1,Male,499509.4319762403
209,Guinea-Bissau,1992,1,Male,511284.89310515777
209,Guinea-Bissau,1993,1,Male,523197.1864733732
209,Guinea-Bissau,1994,1,Male,535187.7596261353
209,Guinea-Bissau,1995,1,Male,547301.0994356414
209,Guinea-Bissau,1996,1,Male,559346.248185738
209,Guinea-Bissau,1997,1,Male,571357.1456873616
209,Guinea-Bissau,1998,1,Male,583488.2025512065
209,Guinea-Bissau,1999,1,Male,595658.1646053051
209,Guinea-Bissau,2000,1,Male,608310.856024513
209,Guinea-Bissau,2001,1,Male,621494.8146502575
209,Guinea-Bissau,2002,1,Male,634935.418817941
209,Guinea-Bissau,2003,1,Male,648676.2979288364
209,Guinea-Bissau,2004,1,Male,662747.4190831679
209,Guinea-Bissau,2005,1,Male,677110.6233081729
209,Guinea-Bissau,2006,1,Male,691945.6892799475
209,Guinea-Bissau,2007,1,Male,707430.0117623201
209,Guinea-Bissau,2008,1,Male,723465.7896284813
209,Guinea-Bissau,2009,1,Male,740061.9760191328
209,Guinea-Bissau,2010,1,Male,757252.5349137968
209,Guinea-Bissau,2011,1,Male,774953.9562479905
209,Guinea-Bissau,2012,1,Male,793041.0750788497
209,Guinea-Bissau,2013,1,Male,811403.3958216298
209,Guinea-Bissau,2014,1,Male,829949.354049471
209,Guinea-Bissau,2015,1,Male,848626.8159723944
209,Guinea-Bissau,2016,1,Male,867435.8358410873
209,Guinea-Bissau,2017,1,Male,886334.8143921494
209,Guinea-Bissau,2018,1,Male,905332.2046272096
209,Guinea-Bissau,2019,1,Male,924725.1920466308
209,Guinea-Bissau,1990,2,Female,519417.1386543069
209,Guinea-Bissau,1991,2,Female,530650.613652472
209,Guinea-Bissau,1992,2,Female,542147.6230099248
209,Guinea-Bissau,1993,2,Female,553889.0873018744
209,Guinea-Bissau,1994,2,Female,565825.9134584962
209,Guinea-Bissau,1995,2,Female,578000.4895542343
209,Guinea-Bissau,1996,2,Female,590247.8366574047
209,Guinea-Bissau,1997,2,Female,602590.6424671331
209,Guinea-Bissau,1998,2,Female,615284.6885103284
209,Guinea-Bissau,1999,2,Female,628194.3199915021
209,Guinea-Bissau,2000,2,Female,641527.0831826864
209,Guinea-Bissau,2001,2,Female,655418.018395904
209,Guinea-Bissau,2002,2,Female,669680.4689304669
209,Guinea-Bissau,2003,2,Female,684334.0651059023
209,Guinea-Bissau,2004,2,Female,699415.5491155345
209,Guinea-Bissau,2005,2,Female,714887.819022383
209,Guinea-Bissau,2006,2,Female,730864.0926450593
209,Guinea-Bissau,2007,2,Female,747461.7059406292
209,Guinea-Bissau,2008,2,Female,764589.7869340772
209,Guinea-Bissau,2009,2,Female,782261.1114917332
209,Guinea-Bissau,2010,2,Female,800470.6164750557
209,Guinea-Bissau,2011,2,Female,819136.2425184421
209,Guinea-Bissau,2012,2,Female,838198.7457860082
209,Guinea-Bissau,2013,2,Female,857572.4948192314
209,Guinea-Bissau,2014,2,Female,877133.1240502578
209,Guinea-Bissau,2015,2,Female,896786.3208082707
209,Guinea-Bissau,2016,2,Female,916514.491498286
209,Guinea-Bissau,2017,2,Female,936289.5409300132
209,Guinea-Bissau,2018,2,Female,956170.708378223
209,Guinea-Bissau,2019,2,Female,976466.2503526811
209,Guinea-Bissau,1990,3,Both,1007311.803577856
209,Guinea-Bissau,1991,3,Both,1030160.0456287124
209,Guinea-Bissau,1992,3,Both,1053432.516115083
209,Guinea-Bissau,1993,3,Both,1077086.2737752476
209,Guinea-Bissau,1994,3,Both,1101013.6730846316
209,Guinea-Bissau,1995,3,Both,1125301.5889898755
209,Guinea-Bissau,1996,3,Both,1149594.084843143
209,Guinea-Bissau,1997,3,Both,1173947.7881544947
209,Guinea-Bissau,1998,3,Both,1198772.8910615349
209,Guinea-Bissau,1999,3,Both,1223852.4845968073
209,Guinea-Bissau,2000,3,Both,1249837.9392071995
209,Guinea-Bissau,2001,3,Both,1276912.8330461616
209,Guinea-Bissau,2002,3,Both,1304615.887748408
209,Guinea-Bissau,2003,3,Both,1333010.3630347387
209,Guinea-Bissau,2004,3,Both,1362162.9681987024
209,Guinea-Bissau,2005,3,Both,1391998.4423305558
209,Guinea-Bissau,2006,3,Both,1422809.7819250068
209,Guinea-Bissau,2007,3,Both,1454891.7177029494
209,Guinea-Bissau,2008,3,Both,1488055.5765625583
209,Guinea-Bissau,2009,3,Both,1522323.087510866
209,Guinea-Bissau,2010,3,Both,1557723.1513888526
209,Guinea-Bissau,2011,3,Both,1594090.1987664327
209,Guinea-Bissau,2012,3,Both,1631239.820864858
209,Guinea-Bissau,2013,3,Both,1668975.8906408611
209,Guinea-Bissau,2014,3,Both,1707082.478099729
209,Guinea-Bissau,2015,3,Both,1745413.136780665
209,Guinea-Bissau,2016,3,Both,1783950.3273393733
209,Guinea-Bissau,2017,3,Both,1822624.3553221624
209,Guinea-Bissau,2018,3,Both,1861502.9130054328
209,Guinea-Bissau,2019,3,Both,1901191.442399312
210,Liberia,1990,1,Male,966930.1521404742
210,Liberia,1991,1,Male,1022565.4777833686
210,Liberia,1992,1,Male,1035539.970213746
210,Liberia,1993,1,Male,1024230.705262735
210,Liberia,1994,1,Male,1040404.6426877624
210,Liberia,1995,1,Male,1099460.869069014
210,Liberia,1996,1,Male,1190691.6984937098
210,Liberia,1997,1,Male,1262833.9202775066
210,Liberia,1998,1,Male,1331810.1205370051
210,Liberia,1999,1,Male,1408876.1166470512
210,Liberia,2000,1,Male,1464868.3131024344
210,Liberia,2001,1,Male,1486675.5704144707
210,Liberia,2002,1,Male,1480668.1605724616
210,Liberia,2003,1,Male,1495147.341575792
210,Liberia,2004,1,Male,1548675.5272271554
210,Liberia,2005,1,Male,1626528.4111279342
210,Liberia,2006,1,Male,1716899.1872711934
210,Liberia,2007,1,Male,1795328.083383408
210,Liberia,2008,1,Male,1854138.666160716
210,Liberia,2009,1,Male,1941623.480982814
210,Liberia,2010,1,Male,2046540.7671990308
210,Liberia,2011,1,Male,2095268.3797682263
210,Liberia,2012,1,Male,2117173.581684245
210,Liberia,2013,1,Male,2156962.4891790366
210,Liberia,2014,1,Male,2200902.06321398
210,Liberia,2015,1,Male,2240761.437450137
210,Liberia,2016,1,Male,2277905.859950241
210,Liberia,2017,1,Male,2319824.374409523
210,Liberia,2018,1,Male,2365649.487134417
210,Liberia,2019,1,Male,2412192.404364244
210,Liberia,1990,2,Female,997303.8259373924
210,Liberia,1991,2,Female,1048924.8128260362
210,Liberia,1992,2,Female,1062620.8512458403
210,Liberia,1993,2,Female,1055318.8471593163
210,Liberia,1994,2,Female,1072621.7618103188
210,Liberia,1995,2,Female,1127656.18159392
210,Liberia,1996,2,Female,1210572.7412846028
210,Liberia,1997,2,Female,1276580.1380663803
210,Liberia,1998,2,Female,1339192.5248789066
210,Liberia,1999,2,Female,1408572.2478633411
210,Liberia,2000,2,Female,1461047.2094769934
210,Liberia,2001,2,Female,1486354.2717864886
210,Liberia,2002,2,Female,1489410.6617251963
210,Liberia,2003,2,Female,1508855.5673500192
210,Liberia,2004,2,Female,1559922.6807383
210,Liberia,2005,2,Female,1630780.0623570017
210,Liberia,2006,2,Female,1712101.037577327
210,Liberia,2007,2,Female,1783813.5265150412
210,Liberia,2008,2,Female,1839673.076820604
210,Liberia,2009,2,Female,1918499.3897991304
210,Liberia,2010,2,Female,2011238.714863528
210,Liberia,2011,2,Female,2059519.8119357177
210,Liberia,2012,2,Female,2086386.6583000023
210,Liberia,2013,2,Female,2126909.191499149
210,Liberia,2014,2,Female,2169840.733641132
210,Liberia,2015,2,Female,2209027.3248178987
210,Liberia,2016,2,Female,2246457.473882841
210,Liberia,2017,2,Female,2287842.136495428
210,Liberia,2018,2,Female,2332397.4163651983
210,Liberia,2019,2,Female,2377714.532579553
210,Liberia,1990,3,Both,1964233.9780778664
210,Liberia,1991,3,Both,2071490.290609405
210,Liberia,1992,3,Both,2098160.8214595867
210,Liberia,1993,3,Both,2079549.552422052
210,Liberia,1994,3,Both,2113026.4044980817
210,Liberia,1995,3,Both,2227117.050662934
210,Liberia,1996,3,Both,2401264.4397783126
210,Liberia,1997,3,Both,2539414.058343887
210,Liberia,1998,3,Both,2671002.6454159115
210,Liberia,1999,3,Both,2817448.3645103923
210,Liberia,2000,3,Both,2925915.522579428
210,Liberia,2001,3,Both,2973029.842200959
210,Liberia,2002,3,Both,2970078.822297658
210,Liberia,2003,3,Both,3004002.908925812
210,Liberia,2004,3,Both,3108598.207965455
210,Liberia,2005,3,Both,3257308.473484936
210,Liberia,2006,3,Both,3429000.2248485205
210,Liberia,2007,3,Both,3579141.6098984494
210,Liberia,2008,3,Both,3693811.7429813193
210,Liberia,2009,3,Both,3860122.8707819446
210,Liberia,2010,3,Both,4057779.482062559
210,Liberia,2011,3,Both,4154788.191703945
210,Liberia,2012,3,Both,4203560.239984247
210,Liberia,2013,3,Both,4283871.680678186
210,Liberia,2014,3,Both,4370742.796855112
210,Liberia,2015,3,Both,4449788.762268036
210,Liberia,2016,3,Both,4524363.333833082
210,Liberia,2017,3,Both,4607666.510904951
210,Liberia,2018,3,Both,4698046.903499615
210,Liberia,2019,3,Both,4789906.936943796
211,Mali,1990,1,Male,4263541.405747765
211,Mali,1991,1,Male,4331550.210459901
211,Mali,1992,1,Male,4399942.616802932
211,Mali,1993,1,Male,4482850.242624449
211,Mali,1994,1,Male,4600236.847204209
211,Mali,1995,1,Male,4737345.656405673
211,Mali,1996,1,Male,4875608.942445815
211,Mali,1997,1,Male,5018176.372014873
211,Mali,1998,1,Male,5167618.316739106
211,Mali,1999,1,Male,5327837.001052492
211,Mali,2000,1,Male,5500357.898173099
211,Mali,2001,1,Male,5685481.239571109
211,Mali,2002,1,Male,5884284.450793495
211,Mali,2003,1,Male,6096407.521471738
211,Mali,2004,1,Male,6321540.038881172
211,Mali,2005,1,Male,6558818.686061543
211,Mali,2006,1,Male,6808066.840365934
211,Mali,2007,1,Male,7069738.889169563
211,Mali,2008,1,Male,7342388.552917025
211,Mali,2009,1,Male,7624622.310794903
211,Mali,2010,1,Male,7894911.964746077
211,Mali,2011,1,Male,8148704.976359298
211,Mali,2012,1,Male,8428769.829324586
211,Mali,2013,1,Male,8743145.949786441
211,Mali,2014,1,Male,9070163.317822505
211,Mali,2015,1,Male,9407867.55377386
211,Mali,2016,1,Male,9759848.552972652
211,Mali,2017,1,Male,10124572.81965228
211,Mali,2018,1,Male,10499501.841310255
211,Mali,2019,1,Male,10888753.865601158
211,Mali,1990,2,Female,4409246.754530473
211,Mali,1991,2,Female,4473744.779881782
211,Mali,1992,2,Female,4539137.611104643
211,Mali,1993,2,Female,4617954.386793679
211,Mali,1994,2,Female,4727451.240573176
211,Mali,1995,2,Female,4854990.566310576
211,Mali,1996,2,Female,4985169.873334437
211,Mali,1997,2,Female,5121735.225765953
211,Mali,1998,2,Female,5267776.79502942
211,Mali,1999,2,Female,5425779.250052375
211,Mali,2000,2,Female,5596214.70066691
211,Mali,2001,2,Female,5779955.644925552
211,Mali,2002,2,Female,5977830.003074242
211,Mali,2003,2,Female,6189484.594311773
211,Mali,2004,2,Female,6414527.640794636
211,Mali,2005,2,Female,6652221.313995412
211,Mali,2006,2,Female,6902409.479570715
211,Mali,2007,2,Female,7165405.196572944
211,Mali,2008,2,Female,7439897.331010343
211,Mali,2009,2,Female,7724565.087150746
211,Mali,2010,2,Female,8000966.884118416
211,Mali,2011,2,Female,8264919.645738891
211,Mali,2012,2,Female,8552365.856113397
211,Mali,2013,2,Female,8870214.525237339
211,Mali,2014,2,Female,9200098.335964505
211,Mali,2015,2,Female,9540424.98633013
211,Mali,2016,2,Female,9894333.446298627
211,Mali,2017,2,Female,10260675.080615146
211,Mali,2018,2,Female,10637669.55744394
211,Mali,2019,2,Female,11028713.121784404
211,Mali,1990,3,Both,8672788.160278238
211,Mali,1991,3,Both,8805294.990341682
211,Mali,1992,3,Both,8939080.227907576
211,Mali,1993,3,Both,9100804.629418127
211,Mali,1994,3,Both,9327688.087777384
211,Mali,1995,3,Both,9592336.22271625
211,Mali,1996,3,Both,9860778.81578025
211,Mali,1997,3,Both,10139911.597780826
211,Mali,1998,3,Both,10435395.111768523
211,Mali,1999,3,Both,10753616.251104867
211,Mali,2000,3,Both,11096572.59884001
211,Mali,2001,3,Both,11465436.884496665
211,Mali,2002,3,Both,11862114.453867735
211,Mali,2003,3,Both,12285892.11578351
211,Mali,2004,3,Both,12736067.679675808
211,Mali,2005,3,Both,13211040.000056954
211,Mali,2006,3,Both,13710476.31993665
211,Mali,2007,3,Both,14235144.085742503
211,Mali,2008,3,Both,14782285.883927368
211,Mali,2009,3,Both,15349187.39794565
211,Mali,2010,3,Both,15895878.848864494
211,Mali,2011,3,Both,16413624.62209819
211,Mali,2012,3,Both,16981135.68543798
211,Mali,2013,3,Both,17613360.47502378
211,Mali,2014,3,Both,18270261.65378701
211,Mali,2015,3,Both,18948292.54010399
211,Mali,2016,3,Both,19654181.99927128
211,Mali,2017,3,Both,20385247.900267422
211,Mali,2018,3,Both,21137171.398754194
211,Mali,2019,3,Both,21917466.98738556
212,Mauritania,1990,1,Male,1023553.4407078668
212,Mauritania,1991,1,Male,1049930.686038428
212,Mauritania,1992,1,Male,1076212.8679547566
212,Mauritania,1993,1,Male,1102393.455206306
212,Mauritania,1994,1,Male,1128476.7297695605
212,Mauritania,1995,1,Male,1154611.1774356856
212,Mauritania,1996,1,Male,1180993.7166146648
212,Mauritania,1997,1,Male,1207733.8518803269
212,Mauritania,1998,1,Male,1234976.7574051635
212,Mauritania,1999,1,Male,1262902.4630065188
212,Mauritania,2000,1,Male,1291662.6074668556
212,Mauritania,2001,1,Male,1321336.980959433
212,Mauritania,2002,1,Male,1351992.5739500711
212,Mauritania,2003,1,Male,1383689.994882868
212,Mauritania,2004,1,Male,1416480.1094095178
212,Mauritania,2005,1,Male,1450337.3903615377
212,Mauritania,2006,1,Male,1485304.55413184
212,Mauritania,2007,1,Male,1521340.7322135798
212,Mauritania,2008,1,Male,1558251.56471701
212,Mauritania,2009,1,Male,1595849.191688747
212,Mauritania,2010,1,Male,1633920.319095021
212,Mauritania,2011,1,Male,1672268.7855231378
212,Mauritania,2012,1,Male,1710706.3734120012
212,Mauritania,2013,1,Male,1749061.4465455404
212,Mauritania,2014,1,Male,1787183.4852928738
212,Mauritania,2015,1,Male,1825004.452867048
212,Mauritania,2016,1,Male,1862470.26154926
212,Mauritania,2017,1,Male,1899524.001598644
212,Mauritania,2018,1,Male,1936325.0468005
212,Mauritania,2019,1,Male,1973584.2184224485
212,Mauritania,1990,2,Female,1042851.3817267
212,Mauritania,1991,2,Female,1069355.8467866683
212,Mauritania,1992,2,Female,1095915.835960428
212,Mauritania,1993,2,Female,1122573.8030372576
212,Mauritania,1994,2,Female,1149393.2338248787
212,Mauritania,1995,2,Female,1176508.4099580348
212,Mauritania,1996,2,Female,1204086.6410230526
212,Mauritania,1997,2,Female,1232284.0355696396
212,Mauritania,1998,2,Female,1261266.1969196743
212,Mauritania,1999,2,Female,1291156.6984526278
212,Mauritania,2000,2,Female,1322089.1143744795
212,Mauritania,2001,2,Female,1354200.8718149222
212,Mauritania,2002,2,Female,1387491.7008636228
212,Mauritania,2003,2,Female,1421940.0619474382
212,Mauritania,2004,2,Female,1457496.8618820063
212,Mauritania,2005,2,Female,1494054.2041146331
212,Mauritania,2006,2,Female,1531547.1345592486
212,Mauritania,2007,2,Female,1569875.1919798683
212,Mauritania,2008,2,Female,1608852.3363626522
212,Mauritania,2009,2,Female,1648307.4621118638
212,Mauritania,2010,2,Female,1688085.3847259642
212,Mauritania,2011,2,Female,1728029.2122032482
212,Mauritania,2012,2,Female,1767985.1558896217
212,Mauritania,2013,2,Female,1807815.162454564
212,Mauritania,2014,2,Female,1847397.2942259428
212,Mauritania,2015,2,Female,1886662.855593716
212,Mauritania,2016,2,Female,1925550.695842188
212,Mauritania,2017,2,Female,1963994.917054498
212,Mauritania,2018,2,Female,2002149.5999617537
212,Mauritania,2019,2,Female,2040689.2316844368
212,Mauritania,1990,3,Both,2066404.822434567
212,Mauritania,1991,3,Both,2119286.5328250965
212,Mauritania,1992,3,Both,2172128.703915185
212,Mauritania,1993,3,Both,2224967.258243564
212,Mauritania,1994,3,Both,2277869.963594439
212,Mauritania,1995,3,Both,2331119.5873937206
212,Mauritania,1996,3,Both,2385080.3576377174
212,Mauritania,1997,3,Both,2440017.8874499667
212,Mauritania,1998,3,Both,2496242.9543248382
212,Mauritania,1999,3,Both,2554059.1614591465
212,Mauritania,2000,3,Both,2613751.721841336
212,Mauritania,2001,3,Both,2675537.852774355
212,Mauritania,2002,3,Both,2739484.274813694
212,Mauritania,2003,3,Both,2805630.056830306
212,Mauritania,2004,3,Both,2873976.9712915244
212,Mauritania,2005,3,Both,2944391.594476171
212,Mauritania,2006,3,Both,3016851.6886910885
212,Mauritania,2007,3,Both,3091215.924193448
212,Mauritania,2008,3,Both,3167103.901079662
212,Mauritania,2009,3,Both,3244156.653800611
212,Mauritania,2010,3,Both,3322005.7038209853
212,Mauritania,2011,3,Both,3400297.997726386
212,Mauritania,2012,3,Both,3478691.5293016224
212,Mauritania,2013,3,Both,3556876.6090001045
212,Mauritania,2014,3,Both,3634580.7795188166
212,Mauritania,2015,3,Both,3711667.308460764
212,Mauritania,2016,3,Both,3788020.957391448
212,Mauritania,2017,3,Both,3863518.9186531417
212,Mauritania,2018,3,Both,3938474.646762254
212,Mauritania,2019,3,Both,4014273.450106885
213,Niger,1990,1,Male,3977636.0294099767
213,Niger,1991,1,Male,4105020.910935465
213,Niger,1992,1,Male,4239079.838577869
213,Niger,1993,1,Male,4381013.354605123
213,Niger,1994,1,Male,4531511.941955481
213,Niger,1995,1,Male,4690196.14524753
213,Niger,1996,1,Male,4858861.055922843
213,Niger,1997,1,Male,5039119.698138391
213,Niger,1998,1,Male,5228914.789618845
213,Niger,1999,1,Male,5427365.487285813
213,Niger,2000,1,Male,5633346.948681858
213,Niger,2001,1,Male,5846463.463180213
213,Niger,2002,1,Male,6067641.191214711
213,Niger,2003,1,Male,6297199.540445203
213,Niger,2004,1,Male,6536445.480404048
213,Niger,2005,1,Male,6786241.820214429
213,Niger,2006,1,Male,7046538.0774844615
213,Niger,2007,1,Male,7317814.661911499
213,Niger,2008,1,Male,7600668.379402495
213,Niger,2009,1,Male,7895562.213545797
213,Niger,2010,1,Male,8201163.473199354
213,Niger,2011,1,Male,8517924.75399215
213,Niger,2012,1,Male,8846456.286272803
213,Niger,2013,1,Male,9187774.984732592
213,Niger,2014,1,Male,9543133.221594714
213,Niger,2015,1,Male,9913108.590674972
213,Niger,2016,1,Male,10298698.216194997
213,Niger,2017,1,Male,10701413.919333266
213,Niger,2018,1,Male,11122849.03478442
213,Niger,2019,1,Male,11565695.926977146
213,Niger,1990,2,Female,4045289.560537462
213,Niger,1991,2,Female,4169340.035267535
213,Niger,1992,2,Female,4299607.492321498
213,Niger,1993,2,Female,4437261.798387765
213,Niger,1994,2,Female,4582820.19149793
213,Niger,1995,2,Female,4735872.211152773
213,Niger,1996,2,Female,4898230.125632754
213,Niger,1997,2,Female,5071709.341915898
213,Niger,1998,2,Female,5255104.714246263
213,Niger,1999,2,Female,5448246.942786851
213,Niger,2000,2,Female,5650785.696022364
213,Niger,2001,2,Female,5862949.744128836
213,Niger,2002,2,Female,6085899.51754596
213,Niger,2003,2,Female,6319766.071622641
213,Niger,2004,2,Female,6565385.950620683
213,Niger,2005,2,Female,6823064.769871487
213,Niger,2006,2,Female,7092349.800705429
213,Niger,2007,2,Female,7373424.319721563
213,Niger,2008,2,Female,7666673.990827942
213,Niger,2009,2,Female,7972326.107897331
213,Niger,2010,2,Female,8289010.712981396
213,Niger,2011,2,Female,8616809.359551912
213,Niger,2012,2,Female,8955979.82333475
213,Niger,2013,2,Female,9307318.19218272
213,Niger,2014,2,Female,9671987.48112702
213,Niger,2015,2,Female,10050610.09867603
213,Niger,2016,2,Female,10444103.557304686
213,Niger,2017,2,Female,10853879.82226581
213,Niger,2018,2,Female,11281562.276710289
213,Niger,2019,2,Female,11729656.953566032
213,Niger,1990,3,Both,8022925.589947439
213,Niger,1991,3,Both,8274360.946203
213,Niger,1992,3,Both,8538687.330899367
213,Niger,1993,3,Both,8818275.15299289
213,Niger,1994,3,Both,9114332.133453412
213,Niger,1995,3,Both,9426068.356400304
213,Niger,1996,3,Both,9757091.181555595
213,Niger,1997,3,Both,10110829.040054288
213,Niger,1998,3,Both,10484019.503865108
213,Niger,1999,3,Both,10875612.430072663
213,Niger,2000,3,Both,11284132.644704225
213,Niger,2001,3,Both,11709413.20730905
213,Niger,2002,3,Both,12153540.708760671
213,Niger,2003,3,Both,12616965.612067845
213,Niger,2004,3,Both,13101831.43102473
213,Niger,2005,3,Both,13609306.590085916
213,Niger,2006,3,Both,14138887.878189892
213,Niger,2007,3,Both,14691238.981633062
213,Niger,2008,3,Both,15267342.370230438
213,Niger,2009,3,Both,15867888.321443127
213,Niger,2010,3,Both,16490174.18618075
213,Niger,2011,3,Both,17134734.11354406
213,Niger,2012,3,Both,17802436.109607555
213,Niger,2013,3,Both,18495093.17691531
213,Niger,2014,3,Both,19215120.702721734
213,Niger,2015,3,Both,19963718.689351004
213,Niger,2016,3,Both,20742801.773499683
213,Niger,2017,3,Both,21555293.741599075
213,Niger,2018,3,Both,22404411.311494704
213,Niger,2019,3,Both,23295352.88054318
214,Nigeria,1990,1,Male,45163069.84777605
214,Nigeria,1991,1,Male,46544950.3661223
214,Nigeria,1992,1,Male,48015279.816953406
214,Nigeria,1993,1,Male,49572849.658897385
214,Nigeria,1994,1,Male,51209768.54215439
214,Nigeria,1995,1,Male,52920999.52064036
214,Nigeria,1996,1,Male,54695474.97039201
214,Nigeria,1997,1,Male,56531505.41783182
214,Nigeria,1998,1,Male,58425675.9075944
214,Nigeria,1999,1,Male,60363333.77624437
214,Nigeria,2000,1,Male,62337283.15432961
214,Nigeria,2001,1,Male,64343453.933493264
214,Nigeria,2002,1,Male,66377769.510294415
214,Nigeria,2003,1,Male,68434933.76094413
214,Nigeria,2004,1,Male,70509483.46620882
214,Nigeria,2005,1,Male,72596185.2159915
214,Nigeria,2006,1,Male,74683614.6646978
214,Nigeria,2007,1,Male,76756026.46708606
214,Nigeria,2008,1,Male,78821206.03889836
214,Nigeria,2009,1,Male,80885269.49766283
214,Nigeria,2010,1,Male,82957324.53757478
214,Nigeria,2011,1,Male,85047241.39800037
214,Nigeria,2012,1,Male,87162792.67558132
214,Nigeria,2013,1,Male,89311370.62669605
214,Nigeria,2014,1,Male,91499521.71951891
214,Nigeria,2015,1,Male,93739063.58072716
214,Nigeria,2016,1,Male,96032878.6145596
214,Nigeria,2017,1,Male,98378192.77762142
214,Nigeria,2018,1,Male,100778448.045327
214,Nigeria,2019,1,Male,103265954.90889284
214,Nigeria,1990,2,Female,45023826.1742646
214,Nigeria,1991,2,Female,46356093.65130109
214,Nigeria,1992,2,Female,47730544.387465455
214,Nigeria,1993,2,Female,49153496.92311783
214,Nigeria,1994,2,Female,50624265.396057375
214,Nigeria,1995,2,Female,52144650.89204455
214,Nigeria,1996,2,Female,53713510.809632815
214,Nigeria,1997,2,Female,55337213.84703412
214,Nigeria,1998,2,Female,57022027.77988129
214,Nigeria,1999,2,Female,58766494.94023456
214,Nigeria,2000,2,Female,60576315.30564058
214,Nigeria,2001,2,Female,62461137.41562416
214,Nigeria,2002,2,Female,64431586.19957503
214,Nigeria,2003,2,Female,66497114.29729518
214,Nigeria,2004,2,Female,68666311.19630004
214,Nigeria,2005,2,Female,70946674.23274177
214,Nigeria,2006,2,Female,73342040.52474493
214,Nigeria,2007,2,Female,75854702.82545947
214,Nigeria,2008,2,Female,78473860.29741316
214,Nigeria,2009,2,Female,81187984.85098232
214,Nigeria,2010,2,Female,83988229.09265146
214,Nigeria,2011,2,Female,86866482.40643145
214,Nigeria,2012,2,Female,89812678.80057456
214,Nigeria,2013,2,Female,92816257.0397074
214,Nigeria,2014,2,Female,95863399.48950164
214,Nigeria,2015,2,Female,98939352.45001954
214,Nigeria,2016,2,Female,102043593.39964797
214,Nigeria,2017,2,Female,105174183.2072606
214,Nigeria,2018,2,Female,108335379.80180237
214,Nigeria,2019,2,Female,111557830.8026074
214,Nigeria,1990,3,Both,90186896.02204064
214,Nigeria,1991,3,Both,92901044.0174234
214,Nigeria,1992,3,Both,95745824.20441888
214,Nigeria,1993,3,Both,98726346.58201522
214,Nigeria,1994,3,Both,101834033.93821175
214,Nigeria,1995,3,Both,105065650.4126849
214,Nigeria,1996,3,Both,108408985.78002484
214,Nigeria,1997,3,Both,111868719.26486592
214,Nigeria,1998,3,Both,115447703.68747568
214,Nigeria,1999,3,Both,119129828.71647891
214,Nigeria,2000,3,Both,122913598.4599702
214,Nigeria,2001,3,Both,126804591.34911744
214,Nigeria,2002,3,Both,130809355.70986944
214,Nigeria,2003,3,Both,134932048.0582393
214,Nigeria,2004,3,Both,139175794.66250888
214,Nigeria,2005,3,Both,143542859.44873327
214,Nigeria,2006,3,Both,148025655.18944272
214,Nigeria,2007,3,Both,152610729.29254553
214,Nigeria,2008,3,Both,157295066.33631152
214,Nigeria,2009,3,Both,162073254.34864515
214,Nigeria,2010,3,Both,166945553.63022625
214,Nigeria,2011,3,Both,171913723.80443183
214,Nigeria,2012,3,Both,176975471.47615588
214,Nigeria,2013,3,Both,182127627.66640344
214,Nigeria,2014,3,Both,187362921.20902056
214,Nigeria,2015,3,Both,192678416.0307467
214,Nigeria,2016,3,Both,198076472.0142076
214,Nigeria,2017,3,Both,203552375.98488203
214,Nigeria,2018,3,Both,209113827.84712937
214,Nigeria,2019,3,Both,214823785.71150023
215,Sao Tome and Principe,1990,1,Male,60225.42084383591
215,Sao Tome and Principe,1991,1,Male,61443.4385687928
215,Sao Tome and Principe,1992,1,Male,62591.74056712652
215,Sao Tome and Principe,1993,1,Male,63683.80064154535
215,Sao Tome and Principe,1994,1,Male,64729.70966721602
215,Sao Tome and Principe,1995,1,Male,65734.54563012651
215,Sao Tome and Principe,1996,1,Male,66714.88886151483
215,Sao Tome and Principe,1997,1,Male,67691.52018050884
215,Sao Tome and Principe,1998,1,Male,68684.72893549385
215,Sao Tome and Principe,1999,1,Male,69719.28568360177
215,Sao Tome and Principe,2000,1,Male,70824.545193587
215,Sao Tome and Principe,2001,1,Male,72023.26125962878
215,Sao Tome and Principe,2002,1,Male,73336.10621750464
215,Sao Tome and Principe,2003,1,Male,74754.8006138988
215,Sao Tome and Principe,2004,1,Male,76272.3130248473
215,Sao Tome and Principe,2005,1,Male,77876.24947229787
215,Sao Tome and Principe,2006,1,Male,79561.47030449992
215,Sao Tome and Principe,2007,1,Male,81322.7683304623
215,Sao Tome and Principe,2008,1,Male,83137.87710371189
215,Sao Tome and Principe,2009,1,Male,85000.28908045859
215,Sao Tome and Principe,2010,1,Male,86898.91257621352
215,Sao Tome and Principe,2011,1,Male,88805.11758383624
215,Sao Tome and Principe,2012,1,Male,90694.1959956476
215,Sao Tome and Principe,2013,1,Male,92550.70690257895
215,Sao Tome and Principe,2014,1,Male,94377.49723258118
215,Sao Tome and Principe,2015,1,Male,96171.3188725254
215,Sao Tome and Principe,2016,1,Male,97926.84869361084
215,Sao Tome and Principe,2017,1,Male,99641.8991337988
215,Sao Tome and Principe,2018,1,Male,101325.78015032828
215,Sao Tome and Principe,2019,1,Male,103013.6548482363
215,Sao Tome and Principe,1990,2,Female,61307.78494596791
215,Sao Tome and Principe,1991,2,Female,62590.95035073777
215,Sao Tome and Principe,1992,2,Female,63792.99221455657
215,Sao Tome and Principe,1993,2,Female,64924.00582305344
215,Sao Tome and Principe,1994,2,Female,65997.57773299291
215,Sao Tome and Principe,1995,2,Female,67031.45981307728
215,Sao Tome and Principe,1996,2,Female,68044.7411461871
215,Sao Tome and Principe,1997,2,Female,69056.78827723232
215,Sao Tome and Principe,1998,2,Female,70088.6276936782
215,Sao Tome and Principe,1999,2,Female,71161.51990975084
215,Sao Tome and Principe,2000,2,Female,72295.77627299629
215,Sao Tome and Principe,2001,2,Female,73511.97754479942
215,Sao Tome and Principe,2002,2,Female,74827.9702874109
215,Sao Tome and Principe,2003,2,Female,76233.44067522378
215,Sao Tome and Principe,2004,2,Female,77717.77222172015
215,Sao Tome and Principe,2005,2,Female,79268.57660418726
215,Sao Tome and Principe,2006,2,Female,80880.31888054575
215,Sao Tome and Principe,2007,2,Female,82546.04107641884
215,Sao Tome and Principe,2008,2,Female,84249.06926202078
215,Sao Tome and Principe,2009,2,Female,85977.92962629658
215,Sao Tome and Principe,2010,2,Female,87718.99746567394
215,Sao Tome and Principe,2011,2,Female,89456.10272311872
215,Sao Tome and Principe,2012,2,Female,91175.10158300158
215,Sao Tome and Principe,2013,2,Female,92865.57914681111
215,Sao Tome and Principe,2014,2,Female,94527.499824955
215,Sao Tome and Principe,2015,2,Female,96157.42463250314
215,Sao Tome and Principe,2016,2,Female,97751.2835910644
215,Sao Tome and Principe,2017,2,Female,99307.5463934605
215,Sao Tome and Principe,2018,2,Female,100835.94024388323
215,Sao Tome and Principe,2019,2,Female,102371.48463466438
215,Sao Tome and Principe,1990,3,Both,121533.20578980382
215,Sao Tome and Principe,1991,3,Both,124034.38891953055
215,Sao Tome and Principe,1992,3,Both,126384.73278168308
215,Sao Tome and Principe,1993,3,Both,128607.8064645988
215,Sao Tome and Principe,1994,3,Both,130727.28740020892
215,Sao Tome and Principe,1995,3,Both,132766.0054432038
215,Sao Tome and Principe,1996,3,Both,134759.63000770193
215,Sao Tome and Principe,1997,3,Both,136748.30845774116
215,Sao Tome and Principe,1998,3,Both,138773.35662917205
215,Sao Tome and Principe,1999,3,Both,140880.80559335262
215,Sao Tome and Principe,2000,3,Both,143120.3214665833
215,Sao Tome and Principe,2001,3,Both,145535.2388044282
215,Sao Tome and Principe,2002,3,Both,148164.07650491557
215,Sao Tome and Principe,2003,3,Both,150988.24128912258
215,Sao Tome and Principe,2004,3,Both,153990.08524656744
215,Sao Tome and Principe,2005,3,Both,157144.82607648513
215,Sao Tome and Principe,2006,3,Both,160441.7891850457
215,Sao Tome and Principe,2007,3,Both,163868.80940688116
215,Sao Tome and Principe,2008,3,Both,167386.94636573267
215,Sao Tome and Principe,2009,3,Both,170978.21870675517
215,Sao Tome and Principe,2010,3,Both,174617.91004188746
215,Sao Tome and Principe,2011,3,Both,178261.22030695496
215,Sao Tome and Principe,2012,3,Both,181869.2975786492
215,Sao Tome and Principe,2013,3,Both,185416.2860493901
215,Sao Tome and Principe,2014,3,Both,188904.9970575361
215,Sao Tome and Principe,2015,3,Both,192328.7435050285
215,Sao Tome and Principe,2016,3,Both,195678.13228467523
215,Sao Tome and Principe,2017,3,Both,198949.4455272593
215,Sao Tome and Principe,2018,3,Both,202161.7203942115
215,Sao Tome and Principe,2019,3,Both,205385.13948290067
216,Senegal,1990,1,Male,3713441.923537322
216,Senegal,1991,1,Male,3819258.662404309
216,Senegal,1992,1,Male,3927916.96458416
216,Senegal,1993,1,Male,4038593.8929499607
216,Senegal,1994,1,Male,4150919.266439873
216,Senegal,1995,1,Male,4264480.88396866
216,Senegal,1996,1,Male,4379435.356968613
216,Senegal,1997,1,Male,4496053.882383603
216,Senegal,1998,1,Male,4614257.29832337
216,Senegal,1999,1,Male,4734320.941824505
216,Senegal,2000,1,Male,4856757.515383693
216,Senegal,2001,1,Male,4981717.582592124
216,Senegal,2002,1,Male,5108677.170501539
216,Senegal,2003,1,Male,5238089.27144765
216,Senegal,2004,1,Male,5370782.186262753
216,Senegal,2005,1,Male,5506351.942161316
216,Senegal,2006,1,Male,5644797.054701578
216,Senegal,2007,1,Male,5786143.285537021
216,Senegal,2008,1,Male,5930168.139243269
216,Senegal,2009,1,Male,6076271.283091724
216,Senegal,2010,1,Male,6223793.754051524
216,Senegal,2011,1,Male,6372229.588604169
216,Senegal,2012,1,Male,6521251.239731296
216,Senegal,2013,1,Male,6670751.414765763
216,Senegal,2014,1,Male,6820973.842154214
216,Senegal,2015,1,Male,6971917.943687586
216,Senegal,2016,1,Male,7123599.036495959
216,Senegal,2017,1,Male,7275883.251377772
216,Senegal,2018,1,Male,7429612.94375856
216,Senegal,2019,1,Male,7587018.870003482
216,Senegal,1990,2,Female,3907232.391851274
216,Senegal,1991,2,Female,4014784.658799164
216,Senegal,1992,2,Female,4123976.317283179
216,Senegal,1993,2,Female,4234214.038898079
216,Senegal,1994,2,Female,4345095.661220978
216,Senegal,1995,2,Female,4456318.339723757
216,Senegal,1996,2,Female,4568025.985822853
216,Senegal,1997,2,Female,4680487.421932046
216,Senegal,1998,2,Female,4793692.396676151
216,Senegal,1999,2,Female,4907787.642755627
216,Senegal,2000,2,Female,5023180.195611086
216,Senegal,2001,2,Female,5140113.239931955
216,Senegal,2002,2,Female,5258586.046911591
216,Senegal,2003,2,Female,5378833.90739332
216,Senegal,2004,2,Female,5501368.182964935
216,Senegal,2005,2,Female,5626210.360997517
216,Senegal,2006,2,Female,5753475.815527271
216,Senegal,2007,2,Female,5883343.251070057
216,Senegal,2008,2,Female,6015711.933081498
216,Senegal,2009,2,Female,6149978.314336984
216,Senegal,2010,2,Female,6285415.413468981
216,Senegal,2011,2,Female,6421626.044494465
216,Senegal,2012,2,Female,6558415.592394871
216,Senegal,2013,2,Female,6695777.34951671
216,Senegal,2014,2,Female,6834111.8035921
216,Senegal,2015,2,Female,6973551.922516622
216,Senegal,2016,2,Female,7114167.847758817
216,Senegal,2017,2,Female,7255900.134891042
216,Senegal,2018,2,Female,7399518.145235307
216,Senegal,2019,2,Female,7547048.275345775
216,Senegal,1990,3,Both,7620674.315388596
216,Senegal,1991,3,Both,7834043.321203473
216,Senegal,1992,3,Both,8051893.281867339
216,Senegal,1993,3,Both,8272807.931848039
216,Senegal,1994,3,Both,8496014.92766085
216,Senegal,1995,3,Both,8720799.223692417
216,Senegal,1996,3,Both,8947461.342791466
216,Senegal,1997,3,Both,9176541.304315647
216,Senegal,1998,3,Both,9407949.69499952
216,Senegal,1999,3,Both,9642108.58458013
216,Senegal,2000,3,Both,9879937.710994778
216,Senegal,2001,3,Both,10121830.822524078
216,Senegal,2002,3,Both,10367263.21741313
216,Senegal,2003,3,Both,10616923.17884097
216,Senegal,2004,3,Both,10872150.369227689
216,Senegal,2005,3,Both,11132562.303158833
216,Senegal,2006,3,Both,11398272.87022885
216,Senegal,2007,3,Both,11669486.536607075
216,Senegal,2008,3,Both,11945880.072324768
216,Senegal,2009,3,Both,12226249.597428707
216,Senegal,2010,3,Both,12509209.167520506
216,Senegal,2011,3,Both,12793855.633098634
216,Senegal,2012,3,Both,13079666.832126169
216,Senegal,2013,3,Both,13366528.764282472
216,Senegal,2014,3,Both,13655085.645746311
216,Senegal,2015,3,Both,13945469.866204208
216,Senegal,2016,3,Both,14237766.884254776
216,Senegal,2017,3,Both,14531783.386268811
216,Senegal,2018,3,Both,14829131.088993868
216,Senegal,2019,3,Both,15134067.14534926
217,Sierra Leone,1990,1,Male,1784155.4416347884
217,Sierra Leone,1991,1,Male,1728743.1721154032
217,Sierra Leone,1992,1,Male,1730714.331973095
217,Sierra Leone,1993,1,Male,1764130.9101472008
217,Sierra Leone,1994,1,Male,1784384.2544956603
217,Sierra Leone,1995,1,Male,1823540.0088850004
217,Sierra Leone,1996,1,Male,1848168.485770345
217,Sierra Leone,1997,1,Male,1842664.1518025168
217,Sierra Leone,1998,1,Male,1889014.5234849984
217,Sierra Leone,1999,1,Male,1989709.0783903056
217,Sierra Leone,2000,1,Male,2114699.0851507294
217,Sierra Leone,2001,1,Male,2248424.317267708
217,Sierra Leone,2002,1,Male,2372801.516488057
217,Sierra Leone,2003,1,Male,2482119.427889069
217,Sierra Leone,2004,1,Male,2574146.810486925
217,Sierra Leone,2005,1,Male,2656072.58521838
217,Sierra Leone,2006,1,Male,2734641.5069392794
217,Sierra Leone,2007,1,Male,2819787.6929191253
217,Sierra Leone,2008,1,Male,2916051.852030364
217,Sierra Leone,2009,1,Male,3017328.197723468
217,Sierra Leone,2010,1,Male,3118788.260323174
217,Sierra Leone,2011,1,Male,3220921.3134512105
217,Sierra Leone,2012,1,Male,3324843.801921568
217,Sierra Leone,2013,1,Male,3431287.476273962
217,Sierra Leone,2014,1,Male,3538936.171034857
217,Sierra Leone,2015,1,Male,3647765.405699591
217,Sierra Leone,2016,1,Male,3758977.022467558
217,Sierra Leone,2017,1,Male,3871334.415182964
217,Sierra Leone,2018,1,Male,3985128.946023842
217,Sierra Leone,2019,1,Male,4102112.856385545
217,Sierra Leone,1990,2,Female,1867926.9179252808
217,Sierra Leone,1991,2,Female,1832173.693956528
217,Sierra Leone,1992,2,Female,1844573.474840581
217,Sierra Leone,1993,2,Female,1884199.5465365783
217,Sierra Leone,1994,2,Female,1912317.4161090013
217,Sierra Leone,1995,2,Female,1957366.9798176333
217,Sierra Leone,1996,2,Female,1989388.405126661
217,Sierra Leone,1997,2,Female,1993996.6208378407
217,Sierra Leone,1998,2,Female,2045131.936026094
217,Sierra Leone,1999,2,Female,2145757.56715807
217,Sierra Leone,2000,2,Female,2267726.563545151
217,Sierra Leone,2001,2,Female,2396653.856706207
217,Sierra Leone,2002,2,Female,2516859.903879688
217,Sierra Leone,2003,2,Female,2623620.64205782
217,Sierra Leone,2004,2,Female,2715006.025264773
217,Sierra Leone,2005,2,Female,2797114.917475968
217,Sierra Leone,2006,2,Female,2875850.554803219
217,Sierra Leone,2007,2,Female,2959794.659930996
217,Sierra Leone,2008,2,Female,3052864.271003141
217,Sierra Leone,2009,2,Female,3149950.1958258343
217,Sierra Leone,2010,2,Female,3247018.0293816724
217,Sierra Leone,2011,2,Female,3344534.75851081
217,Sierra Leone,2012,2,Female,3443578.6724660816
217,Sierra Leone,2013,2,Female,3544847.912919424
217,Sierra Leone,2014,2,Female,3646854.8430875135
217,Sierra Leone,2015,2,Female,3749849.354965449
217,Sierra Leone,2016,2,Female,3855514.253646172
217,Sierra Leone,2017,2,Female,3962613.750431819
217,Sierra Leone,2018,2,Female,4071158.630236312
217,Sierra Leone,2019,2,Female,4182642.619663899
217,Sierra Leone,1990,3,Both,3652082.359560069
217,Sierra Leone,1991,3,Both,3560916.866071931
217,Sierra Leone,1992,3,Both,3575287.806813676
217,Sierra Leone,1993,3,Both,3648330.456683779
217,Sierra Leone,1994,3,Both,3696701.670604662
217,Sierra Leone,1995,3,Both,3780906.9887026334
217,Sierra Leone,1996,3,Both,3837556.8908970063
217,Sierra Leone,1997,3,Both,3836660.772640358
217,Sierra Leone,1998,3,Both,3934146.459511093
217,Sierra Leone,1999,3,Both,4135466.6455483753
217,Sierra Leone,2000,3,Both,4382425.648695881
217,Sierra Leone,2001,3,Both,4645078.173973915
217,Sierra Leone,2002,3,Both,4889661.420367745
217,Sierra Leone,2003,3,Both,5105740.06994689
217,Sierra Leone,2004,3,Both,5289152.835751698
217,Sierra Leone,2005,3,Both,5453187.502694348
217,Sierra Leone,2006,3,Both,5610492.061742499
217,Sierra Leone,2007,3,Both,5779582.352850121
217,Sierra Leone,2008,3,Both,5968916.123033505
217,Sierra Leone,2009,3,Both,6167278.393549302
217,Sierra Leone,2010,3,Both,6365806.289704846
217,Sierra Leone,2011,3,Both,6565456.07196202
217,Sierra Leone,2012,3,Both,6768422.474387649
217,Sierra Leone,2013,3,Both,6976135.389193386
217,Sierra Leone,2014,3,Both,7185791.014122372
217,Sierra Leone,2015,3,Both,7397614.760665039
217,Sierra Leone,2016,3,Both,7614491.27611373
217,Sierra Leone,2017,3,Both,7833948.165614782
217,Sierra Leone,2018,3,Both,8056287.576260154
217,Sierra Leone,2019,3,Both,8284755.476049444
218,Togo,1990,1,Male,1785639.914571647
218,Togo,1991,1,Male,1841032.3954737207
218,Togo,1992,1,Male,1897410.8963881603
218,Togo,1993,1,Male,1954660.8624540984
218,Togo,1994,1,Male,2012640.9849043947
218,Togo,1995,1,Male,2071412.810948892
218,Togo,1996,1,Male,2130986.691509304
218,Togo,1997,1,Male,2191297.781000172
218,Togo,1998,1,Male,2252611.160037053
218,Togo,1999,1,Male,2315387.173828457
218,Togo,2000,1,Male,2379767.054072416
218,Togo,2001,1,Male,2445752.661168171
218,Togo,2002,1,Male,2513469.3994893883
218,Togo,2003,1,Male,2583002.4471258805
218,Togo,2004,1,Male,2654494.6961495047
218,Togo,2005,1,Male,2727891.04600767
218,Togo,2006,1,Male,2803352.44480775
218,Togo,2007,1,Male,2880866.2247520243
218,Togo,2008,1,Male,2959970.932950027
218,Togo,2009,1,Male,3040645.0749355606
218,Togo,2010,1,Male,3122894.761376364
218,Togo,2011,1,Male,3206527.616382429
218,Togo,2012,1,Male,3291010.851248544
218,Togo,2013,1,Male,3375698.2564634434
218,Togo,2014,1,Male,3460171.7454195586
218,Togo,2015,1,Male,3544342.51187359
218,Togo,2016,1,Male,3628153.481021719
218,Togo,2017,1,Male,3711353.336142848
218,Togo,2018,1,Male,3794136.135748194
218,Togo,2019,1,Male,3877767.811803188
218,Togo,1990,2,Female,1877355.134260689
218,Togo,1991,2,Female,1935592.4695609664
218,Togo,1992,2,Female,1994844.035744029
218,Togo,1993,2,Female,2054928.001609392
218,Togo,1994,2,Female,2115662.865141256
218,Togo,1995,2,Female,2177040.369900171
218,Togo,1996,2,Female,2239055.378279221
218,Togo,1997,2,Female,2301621.396407848
218,Togo,1998,2,Female,2364972.9135835622
218,Togo,1999,2,Female,2429521.5489606783
218,Togo,2000,2,Female,2495437.724536389
218,Togo,2001,2,Female,2562894.7608545697
218,Togo,2002,2,Female,2632123.9453369216
218,Togo,2003,2,Female,2703359.99642367
218,Togo,2004,2,Female,2776844.034525254
218,Togo,2005,2,Female,2852581.6804794506
218,Togo,2006,2,Female,2930627.2898567813
218,Togo,2007,2,Female,3010789.433675648
218,Togo,2008,2,Female,3092692.773819483
218,Togo,2009,2,Female,3176296.3646092867
218,Togo,2010,2,Female,3261503.1664771684
218,Togo,2011,2,Female,3347988.096665816
218,Togo,2012,2,Female,3435239.742595358
218,Togo,2013,2,Female,3522855.9168552854
218,Togo,2014,2,Female,3610507.734528337
218,Togo,2015,2,Female,3697846.3337845
218,Togo,2016,2,Female,3784720.831065709
218,Togo,2017,2,Female,3871109.8802675614
218,Togo,2018,2,Female,3957140.177003653
218,Togo,2019,2,Female,4043758.773370363
218,Togo,1990,3,Both,3662995.048832336
218,Togo,1991,3,Both,3776624.865034688
218,Togo,1992,3,Both,3892254.9321321896
218,Togo,1993,3,Both,4009588.86406349
218,Togo,1994,3,Both,4128303.85004565
218,Togo,1995,3,Both,4248453.180849063
218,Togo,1996,3,Both,4370042.069788525
218,Togo,1997,3,Both,4492919.177408019
218,Togo,1998,3,Both,4617584.073620615
218,Togo,1999,3,Both,4744908.722789136
218,Togo,2000,3,Both,4875204.7786088055
218,Togo,2001,3,Both,5008647.42202274
218,Togo,2002,3,Both,5145593.34482631
218,Togo,2003,3,Both,5286362.443549551
218,Togo,2004,3,Both,5431338.730674759
218,Togo,2005,3,Both,5580472.726487121
218,Togo,2006,3,Both,5733979.734664531
218,Togo,2007,3,Both,5891655.658427672
218,Togo,2008,3,Both,6052663.70676951
218,Togo,2009,3,Both,6216941.439544847
218,Togo,2010,3,Both,6384397.927853532
218,Togo,2011,3,Both,6554515.713048245
218,Togo,2012,3,Both,6726250.593843902
218,Togo,2013,3,Both,6898554.173318729
218,Togo,2014,3,Both,7070679.479947896
218,Togo,2015,3,Both,7242188.84565809
218,Togo,2016,3,Both,7412874.312087428
218,Togo,2017,3,Both,7582463.216410411
218,Togo,2018,3,Both,7751276.312751847
218,Togo,2019,3,Both,7921526.585173551
298,American Samoa,1990,1,Male,24879.910018664526
298,American Samoa,1991,1,Male,25715.75633195096
298,American Samoa,1992,1,Male,26492.92748990631
298,American Samoa,1993,1,Male,27203.965164498703
298,American Samoa,1994,1,Male,27841.69909331625
298,American Samoa,1995,1,Male,28400.40780960449
298,American Samoa,1996,1,Male,28877.1651826904
298,American Samoa,1997,1,Male,29270.54828275388
298,American Samoa,1998,1,Male,29580.380557572327
298,American Samoa,1999,1,Male,29807.599990690123
298,American Samoa,2000,1,Male,29954.57841454871
298,American Samoa,2001,1,Male,30025.14593106709
298,American Samoa,2002,1,Male,30031.333190033623
298,American Samoa,2003,1,Male,29981.668689524453
298,American Samoa,2004,1,Male,29888.616246496946
298,American Samoa,2005,1,Male,29763.970849912243
298,American Samoa,2006,1,Male,29614.462923794355
298,American Samoa,2007,1,Male,29448.376948438578
298,American Samoa,2008,1,Male,29273.258826725443
298,American Samoa,2009,1,Male,29085.7155729592
298,American Samoa,2010,1,Male,28904.133923947727
298,American Samoa,2011,1,Male,28746.78269353328
298,American Samoa,2012,1,Male,28602.077143572256
298,American Samoa,2013,1,Male,28468.44557298926
298,American Samoa,2014,1,Male,28346.417941885167
298,American Samoa,2015,1,Male,28237.23416448121
298,American Samoa,2016,1,Male,28140.49504411435
298,American Samoa,2017,1,Male,28056.927031731742
298,American Samoa,2018,1,Male,27988.07124480307
298,American Samoa,2019,1,Male,27937.749737925737
298,American Samoa,1990,2,Female,23551.06609428392
298,American Samoa,1991,2,Female,24323.09539793989
298,American Samoa,1992,2,Female,25047.55798717414
298,American Samoa,1993,2,Female,25718.634950496835
298,American Samoa,1994,2,Female,26331.17948638074
298,American Samoa,1995,2,Female,26880.825952048395
298,American Samoa,1996,2,Female,27365.07192086216
298,American Samoa,1997,2,Female,27781.62029746253
298,American Samoa,1998,2,Female,28128.88763019676
298,American Samoa,1999,2,Female,28405.67646364619
298,American Samoa,2000,2,Female,28611.499886539965
298,American Samoa,2001,2,Female,28746.95163864614
298,American Samoa,2002,2,Female,28821.11048416401
298,American Samoa,2003,2,Female,28842.05298816722
298,American Samoa,2004,2,Female,28819.88741193628
298,American Samoa,2005,2,Female,28764.15116529979
298,American Samoa,2006,2,Female,28681.34942651024
298,American Samoa,2007,2,Female,28578.593905116155
298,American Samoa,2008,2,Female,28463.228854749734
298,American Samoa,2009,2,Female,28335.659069068584
298,American Samoa,2010,2,Female,28210.15014426029
298,American Samoa,2011,2,Female,28099.972633428213
298,American Samoa,2012,2,Female,27997.13333621877
298,American Samoa,2013,2,Female,27901.932720109995
298,American Samoa,2014,2,Female,27815.848327784264
298,American Samoa,2015,2,Female,27740.25286733421
298,American Samoa,2016,2,Female,27675.966277321342
298,American Samoa,2017,2,Female,27624.347108657137
298,American Samoa,2018,2,Female,27586.829777895724
298,American Samoa,2019,2,Female,27567.19609887885
298,American Samoa,1990,3,Both,48430.97611294844
298,American Samoa,1991,3,Both,50038.85172989085
298,American Samoa,1992,3,Both,51540.48547708045
298,American Samoa,1993,3,Both,52922.600114995534
298,American Samoa,1994,3,Both,54172.87857969699
298,American Samoa,1995,3,Both,55281.23376165289
298,American Samoa,1996,3,Both,56242.23710355256
298,American Samoa,1997,3,Both,57052.16858021641
298,American Samoa,1998,3,Both,57709.26818776909
298,American Samoa,1999,3,Both,58213.27645433631
298,American Samoa,2000,3,Both,58566.07830108867
298,American Samoa,2001,3,Both,58772.09756971323
298,American Samoa,2002,3,Both,58852.44367419763
298,American Samoa,2003,3,Both,58823.72167769168
298,American Samoa,2004,3,Both,58708.50365843323
298,American Samoa,2005,3,Both,58528.12201521203
298,American Samoa,2006,3,Both,58295.81235030459
298,American Samoa,2007,3,Both,58026.97085355473
298,American Samoa,2008,3,Both,57736.48768147518
298,American Samoa,2009,3,Both,57421.37464202778
298,American Samoa,2010,3,Both,57114.28406820801
298,American Samoa,2011,3,Both,56846.755326961495
298,American Samoa,2012,3,Both,56599.21047979102
298,American Samoa,2013,3,Both,56370.37829309926
298,American Samoa,2014,3,Both,56162.26626966943
298,American Samoa,2015,3,Both,55977.48703181542
298,American Samoa,2016,3,Both,55816.461321435694
298,American Samoa,2017,3,Both,55681.27414038888
298,American Samoa,2018,3,Both,55574.9010226988
298,American Samoa,2019,3,Both,55504.94583680459
305,Bermuda,1990,1,Male,28887.72262515897
305,Bermuda,1991,1,Male,29081.63034590838
305,Bermuda,1992,1,Male,29268.867360700075
305,Bermuda,1993,1,Male,29445.197683523907
305,Bermuda,1994,1,Male,29608.08642505991
305,Bermuda,1995,1,Male,29767.928514967884
305,Bermuda,1996,1,Male,29921.155763405302
305,Bermuda,1997,1,Male,30069.669751371093
305,Bermuda,1998,1,Male,30220.296647270043
305,Bermuda,1999,1,Male,30365.77193156916
305,Bermuda,2000,1,Male,30498.39644307817
305,Bermuda,2001,1,Male,30625.498332602405
305,Bermuda,2002,1,Male,30752.11778492661
305,Bermuda,2003,1,Male,30870.16223682008
305,Bermuda,2004,1,Male,30981.77930476332
305,Bermuda,2005,1,Male,31088.89878681379
305,Bermuda,2006,1,Male,31187.29082701028
305,Bermuda,2007,1,Male,31275.800503391703
305,Bermuda,2008,1,Male,31353.000619179573
305,Bermuda,2009,1,Male,31414.05959085513
305,Bermuda,2010,1,Male,31454.074229761085
305,Bermuda,2011,1,Male,31468.67676969964
305,Bermuda,2012,1,Male,31457.31780199695
305,Bermuda,2013,1,Male,31421.661572510253
305,Bermuda,2014,1,Male,31365.08692469121
305,Bermuda,2015,1,Male,31292.654766420976
305,Bermuda,2016,1,Male,31210.64718713612
305,Bermuda,2017,1,Male,31120.727900395275
305,Bermuda,2018,1,Male,31020.957608265475
305,Bermuda,2019,1,Male,30911.05321102876
305,Bermuda,1990,2,Female,30565.228471920225
305,Bermuda,1991,2,Female,30818.712045004715
305,Bermuda,1992,2,Female,31070.216299685828
305,Bermuda,1993,2,Female,31313.47874636188
305,Bermuda,1994,2,Female,31547.69738462137
305,Bermuda,1995,2,Female,31777.291342652763
305,Bermuda,1996,2,Female,32000.475919590048
305,Bermuda,1997,2,Female,32217.41456458736
305,Bermuda,1998,2,Female,32430.422151370098
305,Bermuda,1999,2,Female,32634.617776383577
305,Bermuda,2000,2,Female,32825.02634352284
305,Bermuda,2001,2,Female,33001.873220789465
305,Bermuda,2002,2,Female,33167.35782192008
305,Bermuda,2003,2,Female,33321.28482129443
305,Bermuda,2004,2,Female,33466.093595434955
305,Bermuda,2005,2,Female,33600.88383103607
305,Bermuda,2006,2,Female,33722.89572263575
305,Bermuda,2007,2,Female,33829.52893119211
305,Bermuda,2008,2,Female,33915.19361857053
305,Bermuda,2009,2,Female,33972.31297044078
305,Bermuda,2010,2,Female,33995.89003989103
305,Bermuda,2011,2,Female,33982.6114752721
305,Bermuda,2012,2,Female,33936.235887461895
305,Bermuda,2013,2,Female,33860.64894043199
305,Bermuda,2014,2,Female,33761.10291019126
305,Bermuda,2015,2,Female,33645.05419155856
305,Bermuda,2016,2,Female,33519.18130310938
305,Bermuda,2017,2,Female,33389.29211818976
305,Bermuda,2018,2,Female,33256.05195520358
305,Bermuda,2019,2,Female,33119.41937931126
305,Bermuda,1990,3,Both,59452.9510970792
305,Bermuda,1991,3,Both,59900.34239091309
305,Bermuda,1992,3,Both,60339.08366038591
305,Bermuda,1993,3,Both,60758.67642988578
305,Bermuda,1994,3,Both,61155.783809681285
305,Bermuda,1995,3,Both,61545.21985762065
305,Bermuda,1996,3,Both,61921.63168299535
305,Bermuda,1997,3,Both,62287.084315958455
305,Bermuda,1998,3,Both,62650.71879864014
305,Bermuda,1999,3,Both,63000.38970795273
305,Bermuda,2000,3,Both,63323.42278660102
305,Bermuda,2001,3,Both,63627.371553391866
305,Bermuda,2002,3,Both,63919.47560684669
305,Bermuda,2003,3,Both,64191.44705811451
305,Bermuda,2004,3,Both,64447.87290019828
305,Bermuda,2005,3,Both,64689.782617849865
305,Bermuda,2006,3,Both,64910.18654964603
305,Bermuda,2007,3,Both,65105.32943458381
305,Bermuda,2008,3,Both,65268.1942377501
305,Bermuda,2009,3,Both,65386.3725612959
305,Bermuda,2010,3,Both,65449.96426965211
305,Bermuda,2011,3,Both,65451.288244971736
305,Bermuda,2012,3,Both,65393.55368945885
305,Bermuda,2013,3,Both,65282.31051294224
305,Bermuda,2014,3,Both,65126.18983488247
305,Bermuda,2015,3,Both,64937.708957979536
305,Bermuda,2016,3,Both,64729.82849024549
305,Bermuda,2017,3,Both,64510.02001858503
305,Bermuda,2018,3,Both,64277.00956346905
305,Bermuda,2019,3,Both,64030.47259034001
320,Cook Islands,1990,1,Male,9884.106524506398
320,Cook Islands,1991,1,Male,9942.297077023988
320,Cook Islands,1992,1,Male,9983.750105462492
320,Cook Islands,1993,1,Male,10000.417434600417
320,Cook Islands,1994,1,Male,9991.93357931863
320,Cook Islands,1995,1,Male,9959.73874929293
320,Cook Islands,1996,1,Male,9905.04031541792
320,Cook Islands,1997,1,Male,9822.004177154717
320,Cook Islands,1998,1,Male,9741.204097148671
320,Cook Islands,1999,1,Male,9687.28089126465
320,Cook Islands,2000,1,Male,9666.313075496677
320,Cook Islands,2001,1,Male,9687.936103029577
320,Cook Islands,2002,1,Male,9762.085322667745
320,Cook Islands,2003,1,Male,9858.221851255286
320,Cook Islands,2004,1,Male,9951.150989107033
320,Cook Islands,2005,1,Male,10013.177553185436
320,Cook Islands,2006,1,Male,10011.435949792363
320,Cook Islands,2007,1,Male,9909.148378063968
320,Cook Islands,2008,1,Male,9740.888404817344
320,Cook Islands,2009,1,Male,9542.849300660646
320,Cook Islands,2010,1,Male,9346.491755426832
320,Cook Islands,2011,1,Male,9176.122989512964
320,Cook Islands,2012,1,Male,9053.067838393696
320,Cook Islands,2013,1,Male,8964.40192545747
320,Cook Islands,2014,1,Male,8901.506382709837
320,Cook Islands,2015,1,Male,8857.964492990572
320,Cook Islands,2016,1,Male,8828.123241345682
320,Cook Islands,2017,1,Male,8805.375411930014
320,Cook Islands,2018,1,Male,8789.026131694638
320,Cook Islands,2019,1,Male,8777.163813963796
320,Cook Islands,1990,2,Female,9137.22413040722
320,Cook Islands,1991,2,Female,9216.750678903432
320,Cook Islands,1992,2,Female,9274.75125911488
320,Cook Islands,1993,2,Female,9310.990228737122
320,Cook Islands,1994,2,Female,9326.452992494178
320,Cook Islands,1995,2,Female,9319.56089338709
320,Cook Islands,1996,2,Female,9285.998443993643
320,Cook Islands,1997,2,Female,9216.80948464078
320,Cook Islands,1998,2,Female,9138.487646789725
320,Cook Islands,1999,2,Female,9076.615010648438
320,Cook Islands,2000,2,Female,9047.668100176712
320,Cook Islands,2001,2,Female,9071.21622329646
320,Cook Islands,2002,2,Female,9166.435442063936
320,Cook Islands,2003,2,Female,9303.550456794575
320,Cook Islands,2004,2,Female,9453.312849369237
320,Cook Islands,2005,2,Female,9583.948685991169
320,Cook Islands,2006,2,Female,9660.661713081972
320,Cook Islands,2007,2,Female,9648.06691972839
320,Cook Islands,2008,2,Female,9573.086994203486
320,Cook Islands,2009,2,Female,9464.786287995254
320,Cook Islands,2010,2,Female,9350.678018905315
320,Cook Islands,2011,2,Female,9254.742523554043
320,Cook Islands,2012,2,Female,9197.532266256096
320,Cook Islands,2013,2,Female,9169.133944867292
320,Cook Islands,2014,2,Female,9161.07907696893
320,Cook Islands,2015,2,Female,9165.78280350022
320,Cook Islands,2016,2,Female,9176.497868203773
320,Cook Islands,2017,2,Female,9186.99461971168
320,Cook Islands,2018,2,Female,9197.650969240627
320,Cook Islands,2019,2,Female,9209.510467894446
320,Cook Islands,1990,3,Both,19021.330654913618
320,Cook Islands,1991,3,Both,19159.04775592742
320,Cook Islands,1992,3,Both,19258.50136457737
320,Cook Islands,1993,3,Both,19311.407663337537
320,Cook Islands,1994,3,Both,19318.386571812807
320,Cook Islands,1995,3,Both,19279.29964268002
320,Cook Islands,1996,3,Both,19191.038759411567
320,Cook Islands,1997,3,Both,19038.81366179549
320,Cook Islands,1998,3,Both,18879.691743938394
320,Cook Islands,1999,3,Both,18763.89590191309
320,Cook Islands,2000,3,Both,18713.981175673387
320,Cook Islands,2001,3,Both,18759.15232632604
320,Cook Islands,2002,3,Both,18928.52076473168
320,Cook Islands,2003,3,Both,19161.772308049865
320,Cook Islands,2004,3,Both,19404.463838476266
320,Cook Islands,2005,3,Both,19597.126239176603
320,Cook Islands,2006,3,Both,19672.097662874337
320,Cook Islands,2007,3,Both,19557.21529779236
320,Cook Islands,2008,3,Both,19313.97539902083
320,Cook Islands,2009,3,Both,19007.6355886559
320,Cook Islands,2010,3,Both,18697.16977433215
320,Cook Islands,2011,3,Both,18430.865513067005
320,Cook Islands,2012,3,Both,18250.600104649795
320,Cook Islands,2013,3,Both,18133.53587032476
320,Cook Islands,2014,3,Both,18062.585459678765
320,Cook Islands,2015,3,Both,18023.7472964908
320,Cook Islands,2016,3,Both,18004.621109549455
320,Cook Islands,2017,3,Both,17992.370031641694
320,Cook Islands,2018,3,Both,17986.677100935267
320,Cook Islands,2019,3,Both,17986.674281858242
349,Greenland,1990,1,Male,30082.049579080955
349,Greenland,1991,1,Male,29957.77426266796
349,Greenland,1992,1,Male,29741.3448588919
349,Greenland,1993,1,Male,29592.829530608728
349,Greenland,1994,1,Male,29663.090495841665
349,Greenland,1995,1,Male,29773.00643235024
349,Greenland,1996,1,Male,29875.89964636345
349,Greenland,1997,1,Male,29920.9414524417
349,Greenland,1998,1,Male,29960.21324004355
349,Greenland,1999,1,Male,30007.467704803035
349,Greenland,2000,1,Male,30069.27891635027
349,Greenland,2001,1,Male,30136.931935062403
349,Greenland,2002,1,Male,30253.5126818456
349,Greenland,2003,1,Male,30335.17429906948
349,Greenland,2004,1,Male,30405.549355285497
349,Greenland,2005,1,Male,30398.80399654068
349,Greenland,2006,1,Male,30269.476631765952
349,Greenland,2007,1,Male,30115.54309710375
349,Greenland,2008,1,Male,29997.274416533044
349,Greenland,2009,1,Male,29951.30849633585
349,Greenland,2010,1,Male,30019.040718718657
349,Greenland,2011,1,Male,30076.52927819637
349,Greenland,2012,1,Male,30109.476552910663
349,Greenland,2013,1,Male,29989.60717948452
349,Greenland,2014,1,Male,29834.370552083183
349,Greenland,2015,1,Male,29699.22367680036
349,Greenland,2016,1,Male,29653.3859468568
349,Greenland,2017,1,Male,29622.58812589669
349,Greenland,2018,1,Male,29600.61786641053
349,Greenland,2019,1,Male,29591.24650669193
349,Greenland,1990,2,Female,25495.26322311037
349,Greenland,1991,2,Female,25664.04631882624
349,Greenland,1992,2,Female,25698.302343036536
349,Greenland,1993,2,Female,25700.672029237725
349,Greenland,1994,2,Female,25812.344689407044
349,Greenland,1995,2,Female,25982.52817691764
349,Greenland,1996,2,Female,26057.438944218065
349,Greenland,1997,2,Female,26117.4154831636
349,Greenland,1998,2,Female,26157.667382272182
349,Greenland,1999,2,Female,26136.93086947056
349,Greenland,2000,2,Female,26149.53168862627
349,Greenland,2001,2,Female,26235.96573263335
349,Greenland,2002,2,Female,26350.92318228738
349,Greenland,2003,2,Female,26428.955169414083
349,Greenland,2004,2,Female,26541.69688423704
349,Greenland,2005,2,Female,26676.966599267475
349,Greenland,2006,2,Female,26729.54289699726
349,Greenland,2007,2,Female,26689.29544690265
349,Greenland,2008,2,Female,26602.81164252905
349,Greenland,2009,2,Female,26508.494228840613
349,Greenland,2010,2,Female,26587.988930747124
349,Greenland,2011,2,Female,26716.27582762899
349,Greenland,2012,2,Female,26764.40414431832
349,Greenland,2013,2,Female,26692.818232504
349,Greenland,2014,2,Female,26651.75691723741
349,Greenland,2015,2,Female,26571.3736586698
349,Greenland,2016,2,Female,26490.85844601473
349,Greenland,2017,2,Female,26510.970664135035
349,Greenland,2018,2,Female,26545.27444505932
349,Greenland,2019,2,Female,26597.148282911618
349,Greenland,1990,3,Both,55577.31280219133
349,Greenland,1991,3,Both,55621.8205814942
349,Greenland,1992,3,Both,55439.647201928434
349,Greenland,1993,3,Both,55293.50155984645
349,Greenland,1994,3,Both,55475.43518524871
349,Greenland,1995,3,Both,55755.53460926788
349,Greenland,1996,3,Both,55933.33859058152
349,Greenland,1997,3,Both,56038.3569356053
349,Greenland,1998,3,Both,56117.88062231574
349,Greenland,1999,3,Both,56144.3985742736
349,Greenland,2000,3,Both,56218.81060497654
349,Greenland,2001,3,Both,56372.89766769576
349,Greenland,2002,3,Both,56604.435864132975
349,Greenland,2003,3,Both,56764.12946848355
349,Greenland,2004,3,Both,56947.24623952254
349,Greenland,2005,3,Both,57075.77059580816
349,Greenland,2006,3,Both,56999.019528763216
349,Greenland,2007,3,Both,56804.8385440064
349,Greenland,2008,3,Both,56600.086059062094
349,Greenland,2009,3,Both,56459.80272517646
349,Greenland,2010,3,Both,56607.02964946578
349,Greenland,2011,3,Both,56792.80510582536
349,Greenland,2012,3,Both,56873.88069722898
349,Greenland,2013,3,Both,56682.42541198852
349,Greenland,2014,3,Both,56486.1274693206
349,Greenland,2015,3,Both,56270.59733547016
349,Greenland,2016,3,Both,56144.24439287152
349,Greenland,2017,3,Both,56133.55879003173
349,Greenland,2018,3,Both,56145.89231146984
349,Greenland,2019,3,Both,56188.394789603546
351,Guam,1990,1,Male,72894.55104320057
351,Guam,1991,1,Male,74349.53684233804
351,Guam,1992,1,Male,75673.73356243235
351,Guam,1993,1,Male,76857.54080282412
351,Guam,1994,1,Male,77886.38373102764
351,Guam,1995,1,Male,78770.72544291883
351,Guam,1996,1,Male,79530.12422513773
351,Guam,1997,1,Male,80093.94374795264
351,Guam,1998,1,Male,80532.92938891085
351,Guam,1999,1,Male,80933.54107941045
351,Guam,2000,1,Male,81235.80993433994
351,Guam,2001,1,Male,81465.2899401057
351,Guam,2002,1,Male,81658.5548631188
351,Guam,2003,1,Male,81866.62941124727
351,Guam,2004,1,Male,82112.08917982515
351,Guam,2005,1,Male,82389.13688010676
351,Guam,2006,1,Male,82694.75621926505
351,Guam,2007,1,Male,83023.8405010261
351,Guam,2008,1,Male,83369.43582286821
351,Guam,2009,1,Male,83727.1452377186
351,Guam,2010,1,Male,84098.5607541498
351,Guam,2011,1,Male,84493.16486816238
351,Guam,2012,1,Male,84907.69715407038
351,Guam,2013,1,Male,85329.3179241806
351,Guam,2014,1,Male,85758.22496177991
351,Guam,2015,1,Male,86199.49673739413
351,Guam,2016,1,Male,86646.1192384135
351,Guam,2017,1,Male,87086.23333998173
351,Guam,2018,1,Male,87519.65133044004
351,Guam,2019,1,Male,87953.84519773952
351,Guam,1990,2,Female,63865.642312946096
351,Guam,1991,2,Female,65356.73202603011
351,Guam,1992,2,Female,66921.26747201114
351,Guam,1993,2,Female,68527.77637506933
351,Guam,1994,2,Female,70138.92231501838
351,Guam,1995,2,Female,71715.6817635538
351,Guam,1996,2,Female,73216.74759918224
351,Guam,1997,2,Female,74558.63143362041
351,Guam,1998,2,Female,75744.76253316889
351,Guam,1999,2,Female,76787.8535892101
351,Guam,2000,2,Female,77611.90821845029
351,Guam,2001,2,Female,78202.82981559998
351,Guam,2002,2,Female,78613.83216452746
351,Guam,2003,2,Female,78907.35315397641
351,Guam,2004,2,Female,79140.07218220147
351,Guam,2005,2,Female,79350.99912916929
351,Guam,2006,2,Female,79543.11026563255
351,Guam,2007,2,Female,79713.38348452651
351,Guam,2008,2,Female,79871.84441309489
351,Guam,2009,2,Female,80027.1058440185
351,Guam,2010,2,Female,80194.92641065715
351,Guam,2011,2,Female,80395.9522130111
351,Guam,2012,2,Female,80622.71151117167
351,Guam,2013,2,Female,80865.4480229021
351,Guam,2014,2,Female,81127.19690028288
351,Guam,2015,2,Female,81412.1083478541
351,Guam,2016,2,Female,81715.87405467856
351,Guam,2017,2,Female,82029.27309065912
351,Guam,2018,2,Female,82348.39205154551
351,Guam,2019,2,Female,82673.68614010088
351,Guam,1990,3,Both,136760.19335614666
351,Guam,1991,3,Both,139706.26886836815
351,Guam,1992,3,Both,142595.0010344435
351,Guam,1993,3,Both,145385.31717789345
351,Guam,1994,3,Both,148025.30604604603
351,Guam,1995,3,Both,150486.40720647265
351,Guam,1996,3,Both,152746.87182431997
351,Guam,1997,3,Both,154652.57518157305
351,Guam,1998,3,Both,156277.69192207974
351,Guam,1999,3,Both,157721.39466862057
351,Guam,2000,3,Both,158847.7181527902
351,Guam,2001,3,Both,159668.11975570567
351,Guam,2002,3,Both,160272.38702764624
351,Guam,2003,3,Both,160773.98256522368
351,Guam,2004,3,Both,161252.1613620266
351,Guam,2005,3,Both,161740.13600927606
351,Guam,2006,3,Both,162237.8664848976
351,Guam,2007,3,Both,162737.2239855526
351,Guam,2008,3,Both,163241.28023596312
351,Guam,2009,3,Both,163754.2510817371
351,Guam,2010,3,Both,164293.48716480698
351,Guam,2011,3,Both,164889.11708117346
351,Guam,2012,3,Both,165530.40866524208
351,Guam,2013,3,Both,166194.76594708272
351,Guam,2014,3,Both,166885.4218620628
351,Guam,2015,3,Both,167611.60508524824
351,Guam,2016,3,Both,168361.99329309206
351,Guam,2017,3,Both,169115.50643064085
351,Guam,2018,3,Both,169868.04338198554
351,Guam,2019,3,Both,170627.5313378404
367,Monaco,1990,1,Male,14478.835566644086
367,Monaco,1991,1,Male,14670.991598222126
367,Monaco,1992,1,Male,14853.874264093842
367,Monaco,1993,1,Male,15023.89901944443
367,Monaco,1994,1,Male,15186.2595233943
367,Monaco,1995,1,Male,15343.352213236793
367,Monaco,1996,1,Male,15495.267454643232
367,Monaco,1997,1,Male,15645.351186696693
367,Monaco,1998,1,Male,15793.008126781127
367,Monaco,1999,1,Male,15941.32099602167
367,Monaco,2000,1,Male,16088.94529162956
367,Monaco,2001,1,Male,16235.596289319634
367,Monaco,2002,1,Male,16380.807136478334
367,Monaco,2003,1,Male,16524.037276753555
367,Monaco,2004,1,Male,16665.905547358303
367,Monaco,2005,1,Male,16806.601972824905
367,Monaco,2006,1,Male,16942.585940298628
367,Monaco,2007,1,Male,17075.48286505326
367,Monaco,2008,1,Male,17208.101366917526
367,Monaco,2009,1,Male,17336.363447148826
367,Monaco,2010,1,Male,17453.709068114724
367,Monaco,2011,1,Male,17567.87876492734
367,Monaco,2012,1,Male,17681.398416402044
367,Monaco,2013,1,Male,17786.41306102648
367,Monaco,2014,1,Male,17878.776817906826
367,Monaco,2015,1,Male,17981.76710869074
367,Monaco,2016,1,Male,18090.10319358925
367,Monaco,2017,1,Male,18149.17598308466
367,Monaco,2018,1,Male,18215.738699705795
367,Monaco,2019,1,Male,18288.29315605213
367,Monaco,1990,2,Female,15961.244921148404
367,Monaco,1991,2,Female,16074.6809225488
367,Monaco,1992,2,Female,16182.139960783848
367,Monaco,1993,2,Female,16285.294175323006
367,Monaco,1994,2,Female,16384.537472688746
367,Monaco,1995,2,Female,16481.774662343596
367,Monaco,1996,2,Female,16576.774480782486
367,Monaco,1997,2,Female,16670.109835321036
367,Monaco,1998,2,Female,16764.794083330096
367,Monaco,1999,2,Female,16862.34067092461
367,Monaco,2000,2,Female,16966.51127083169
367,Monaco,2001,2,Female,17081.784826668936
367,Monaco,2002,2,Female,17202.057174470436
367,Monaco,2003,2,Female,17327.030523610498
367,Monaco,2004,2,Female,17455.210046604203
367,Monaco,2005,2,Female,17587.006622548644
367,Monaco,2006,2,Female,17723.166146675565
367,Monaco,2007,2,Female,17861.52336212561
367,Monaco,2008,2,Female,18003.03634426595
367,Monaco,2009,2,Female,18144.309128309367
367,Monaco,2010,2,Female,18284.2492814008
367,Monaco,2011,2,Female,18419.56204220696
367,Monaco,2012,2,Female,18549.68269191131
367,Monaco,2013,2,Female,18676.82372881472
367,Monaco,2014,2,Female,18794.54508186489
367,Monaco,2015,2,Female,18908.00539857601
367,Monaco,2016,2,Female,19021.462565501693
367,Monaco,2017,2,Female,19108.60086113308
367,Monaco,2018,2,Female,19196.989156648426
367,Monaco,2019,2,Female,19283.826600591816
367,Monaco,1990,3,Both,30440.08048779249
367,Monaco,1991,3,Both,30745.672520770924
367,Monaco,1992,3,Both,31036.01422487769
367,Monaco,1993,3,Both,31309.193194767435
367,Monaco,1994,3,Both,31570.796996083045
367,Monaco,1995,3,Both,31825.126875580387
367,Monaco,1996,3,Both,32072.04193542572
367,Monaco,1997,3,Both,32315.461022017727
367,Monaco,1998,3,Both,32557.802210111226
367,Monaco,1999,3,Both,32803.661666946275
367,Monaco,2000,3,Both,33055.45656246125
367,Monaco,2001,3,Both,33317.381115988566
367,Monaco,2002,3,Both,33582.864310948775
367,Monaco,2003,3,Both,33851.06780036406
367,Monaco,2004,3,Both,34121.1155939625
367,Monaco,2005,3,Both,34393.608595373546
367,Monaco,2006,3,Both,34665.75208697419
367,Monaco,2007,3,Both,34937.00622717887
367,Monaco,2008,3,Both,35211.13771118347
367,Monaco,2009,3,Both,35480.67257545819
367,Monaco,2010,3,Both,35737.958349515524
367,Monaco,2011,3,Both,35987.4408071343
367,Monaco,2012,3,Both,36231.08110831335
367,Monaco,2013,3,Both,36463.2367898412
367,Monaco,2014,3,Both,36673.32189977171
367,Monaco,2015,3,Both,36889.772507266745
367,Monaco,2016,3,Both,37111.56575909095
367,Monaco,2017,3,Both,37257.77684421773
367,Monaco,2018,3,Both,37412.72785635421
367,Monaco,2019,3,Both,37572.11975664394
369,Nauru,1990,1,Male,5265.287431689289
369,Nauru,1991,1,Male,5285.201107277362
369,Nauru,1992,1,Male,5307.480645691833
369,Nauru,1993,1,Male,5332.323849993374
369,Nauru,1994,1,Male,5357.828849594716
369,Nauru,1995,1,Male,5382.244178641108
369,Nauru,1996,1,Male,5404.109590102023
369,Nauru,1997,1,Male,5422.561434861658
369,Nauru,1998,1,Male,5437.300693278459
369,Nauru,1999,1,Male,5447.77624503976
369,Nauru,2000,1,Male,5453.352840880776
369,Nauru,2001,1,Male,5453.289593055188
369,Nauru,2002,1,Male,5446.74809763577
369,Nauru,2003,1,Male,5432.928873765247
369,Nauru,2004,1,Male,5413.626602515906
369,Nauru,2005,1,Male,5390.586288567804
369,Nauru,2006,1,Male,5365.856714568336
369,Nauru,2007,1,Male,5341.244087262294
369,Nauru,2008,1,Male,5318.1011748237615
369,Nauru,2009,1,Male,5297.475273194423
369,Nauru,2010,1,Male,5280.348839088457
369,Nauru,2011,1,Male,5267.728072344007
369,Nauru,2012,1,Male,5260.1987932521615
369,Nauru,2013,1,Male,5257.370032635902
369,Nauru,2014,1,Male,5258.992804810126
369,Nauru,2015,1,Male,5264.806079628217
369,Nauru,2016,1,Male,5274.759554467772
369,Nauru,2017,1,Male,5288.7713298680765
369,Nauru,2018,1,Male,5306.564923350166
369,Nauru,2019,1,Male,5328.448598922756
369,Nauru,1990,2,Female,4989.501361670965
369,Nauru,1991,2,Female,5017.810614364492
369,Nauru,1992,2,Female,5043.993531251785
369,Nauru,1993,2,Female,5069.300710291036
369,Nauru,1994,2,Female,5093.951924793389
369,Nauru,1995,2,Female,5117.70098336907
369,Nauru,1996,2,Female,5140.2589762929465
369,Nauru,1997,2,Female,5160.917759358026
369,Nauru,1998,2,Female,5179.090748651746
369,Nauru,1999,2,Female,5194.210805562891
369,Nauru,2000,2,Female,5205.567764661747
369,Nauru,2001,2,Female,5212.178342062376
369,Nauru,2002,2,Female,5213.477526779966
369,Nauru,2003,2,Female,5208.84519324606
369,Nauru,2004,2,Female,5199.198001717817
369,Nauru,2005,2,Female,5185.868057388219
369,Nauru,2006,2,Female,5170.638842438291
369,Nauru,2007,2,Female,5155.307604750132
369,Nauru,2008,2,Female,5141.333080105789
369,Nauru,2009,2,Female,5129.668703467055
369,Nauru,2010,2,Female,5121.190172481248
369,Nauru,2011,2,Female,5116.714279708911
369,Nauru,2012,2,Female,5116.68276463073
369,Nauru,2013,2,Female,5120.642104604216
369,Nauru,2014,2,Female,5128.395963979375
369,Nauru,2015,2,Female,5139.81603290267
369,Nauru,2016,2,Female,5154.992337756824
369,Nauru,2017,2,Female,5173.969446668812
369,Nauru,2018,2,Female,5196.503107842756
369,Nauru,2019,2,Female,5222.85080006567
369,Nauru,1990,3,Both,10254.788793360254
369,Nauru,1991,3,Both,10303.011721641851
369,Nauru,1992,3,Both,10351.47417694362
369,Nauru,1993,3,Both,10401.62456028441
369,Nauru,1994,3,Both,10451.780774388106
369,Nauru,1995,3,Both,10499.945162010175
369,Nauru,1996,3,Both,10544.36856639497
369,Nauru,1997,3,Both,10583.479194219684
369,Nauru,1998,3,Both,10616.391441930204
369,Nauru,1999,3,Both,10641.987050602653
369,Nauru,2000,3,Both,10658.920605542524
369,Nauru,2001,3,Both,10665.467935117564
369,Nauru,2002,3,Both,10660.225624415736
369,Nauru,2003,3,Both,10641.774067011307
369,Nauru,2004,3,Both,10612.824604233723
369,Nauru,2005,3,Both,10576.454345956025
369,Nauru,2006,3,Both,10536.495557006629
369,Nauru,2007,3,Both,10496.551692012426
369,Nauru,2008,3,Both,10459.43425492955
369,Nauru,2009,3,Both,10427.143976661477
369,Nauru,2010,3,Both,10401.539011569705
369,Nauru,2011,3,Both,10384.442352052918
369,Nauru,2012,3,Both,10376.88155788289
369,Nauru,2013,3,Both,10378.012137240115
369,Nauru,2014,3,Both,10387.3887687895
369,Nauru,2015,3,Both,10404.622112530886
369,Nauru,2016,3,Both,10429.751892224596
369,Nauru,2017,3,Both,10462.740776536888
369,Nauru,2018,3,Both,10503.06803119292
369,Nauru,2019,3,Both,10551.299398988427
374,Niue,1990,1,Male,1170.3944885939115
374,Niue,1991,1,Male,1153.3938159277016
374,Niue,1992,1,Male,1140.9298448931604
374,Niue,1993,1,Male,1130.712765719042
374,Niue,1994,1,Male,1120.584178400716
374,Niue,1995,1,Male,1108.6209896028054
374,Niue,1996,1,Male,1092.997831628738
374,Niue,1997,1,Male,1071.8060233393596
374,Niue,1998,1,Male,1043.3639040903176
374,Niue,1999,1,Male,1010.0785166507928
374,Niue,2000,1,Male,974.8895918408818
374,Niue,2001,1,Male,940.3087137378668
374,Niue,2002,1,Male,907.9354314194492
374,Niue,2003,1,Male,878.8366115277508
374,Niue,2004,1,Male,853.5083616530097
374,Niue,2005,1,Male,833.0015684987608
374,Niue,2006,1,Male,818.3111225131871
374,Niue,2007,1,Male,809.7693200148402
374,Niue,2008,1,Male,805.9768372439231
374,Niue,2009,1,Male,805.7703449746288
374,Niue,2010,1,Male,808.0501789379313
374,Niue,2011,1,Male,811.6646500348077
374,Niue,2012,1,Male,815.4094577604914
374,Niue,2013,1,Male,819.2208311242307
374,Niue,2014,1,Male,823.03164277699
374,Niue,2015,1,Male,826.7931731301818
374,Niue,2016,1,Male,830.4157519769244
374,Niue,2017,1,Male,833.8353562262522
374,Niue,2018,1,Male,836.9950711656628
374,Niue,2019,1,Male,839.9122969839115
374,Niue,1990,2,Female,1156.186706834021
374,Niue,1991,2,Female,1140.4865385110654
374,Niue,1992,2,Female,1127.970842228208
374,Niue,1993,2,Female,1116.946874441848
374,Niue,1994,2,Female,1105.963103656352
374,Niue,1995,2,Female,1093.549430337261
374,Niue,1996,2,Female,1078.058342229428
374,Niue,1997,2,Female,1057.743782073943
374,Niue,1998,2,Female,1031.1728605999165
374,Niue,1999,2,Female,1000.662274722886
374,Niue,2000,2,Female,968.4047693806702
374,Niue,2001,2,Female,936.0340608390364
374,Niue,2002,2,Female,904.4707826611376
374,Niue,2003,2,Female,875.2454220468896
374,Niue,2004,2,Female,849.5432236206258
374,Niue,2005,2,Female,828.7482525927459
374,Niue,2006,2,Female,813.907609761654
374,Niue,2007,2,Female,805.4655824137585
374,Niue,2008,2,Female,801.7426004568415
374,Niue,2009,2,Female,801.4721899528851
374,Niue,2010,2,Female,803.5607580224495
374,Niue,2011,2,Female,806.8155378149349
374,Niue,2012,2,Female,810.0616007089463
374,Niue,2013,2,Female,813.3133630661889
374,Niue,2014,2,Female,816.5403166718802
374,Niue,2015,2,Female,819.7070876189885
374,Niue,2016,2,Female,822.7861001300116
374,Niue,2017,2,Female,825.7855217989851
374,Niue,2018,2,Female,828.7196387328349
374,Niue,2019,2,Female,831.6330266756754
374,Niue,1990,3,Both,2326.5811954279325
374,Niue,1991,3,Both,2293.880354438767
374,Niue,1992,3,Both,2268.9006871213683
374,Niue,1993,3,Both,2247.65964016089
374,Niue,1994,3,Both,2226.547282057068
374,Niue,1995,3,Both,2202.1704199400665
374,Niue,1996,3,Both,2171.056173858166
374,Niue,1997,3,Both,2129.5498054133027
374,Niue,1998,3,Both,2074.536764690234
374,Niue,1999,3,Both,2010.740791373679
374,Niue,2000,3,Both,1943.294361221552
374,Niue,2001,3,Both,1876.3427745769031
374,Niue,2002,3,Both,1812.4062140805868
374,Niue,2003,3,Both,1754.0820335746405
374,Niue,2004,3,Both,1703.0515852736355
374,Niue,2005,3,Both,1661.7498210915066
374,Niue,2006,3,Both,1632.2187322748412
374,Niue,2007,3,Both,1615.2349024285988
374,Niue,2008,3,Both,1607.7194377007647
374,Niue,2009,3,Both,1607.2425349275138
374,Niue,2010,3,Both,1611.6109369603807
374,Niue,2011,3,Both,1618.4801878497426
374,Niue,2012,3,Both,1625.4710584694378
374,Niue,2013,3,Both,1632.5341941904196
374,Niue,2014,3,Both,1639.5719594488703
374,Niue,2015,3,Both,1646.50026074917
374,Niue,2016,3,Both,1653.201852106936
374,Niue,2017,3,Both,1659.6208780252373
374,Niue,2018,3,Both,1665.7147098984976
374,Niue,2019,3,Both,1671.5453236595868
376,Northern Mariana Islands,1990,1,Male,23814.802291071843
376,Northern Mariana Islands,1991,1,Male,24601.208407321777
376,Northern Mariana Islands,1992,1,Male,24704.063726510893
376,Northern Mariana Islands,1993,1,Male,24544.45805406019
376,Northern Mariana Islands,1994,1,Male,24576.066710542906
376,Northern Mariana Islands,1995,1,Male,25123.55288106787
376,Northern Mariana Islands,1996,1,Male,26367.757152301805
376,Northern Mariana Islands,1997,1,Male,28162.72662116944
376,Northern Mariana Islands,1998,1,Male,30261.7827965496
376,Northern Mariana Islands,1999,1,Male,32282.72061689819
376,Northern Mariana Islands,2000,1,Male,33744.41030262629
376,Northern Mariana Islands,2001,1,Male,34239.70438351452
376,Northern Mariana Islands,2002,1,Male,33881.4504045696
376,Northern Mariana Islands,2003,1,Male,33036.82338343154
376,Northern Mariana Islands,2004,1,Male,32094.15095157356
376,Northern Mariana Islands,2005,1,Male,31285.537376730525
376,Northern Mariana Islands,2006,1,Male,30658.237803612315
376,Northern Mariana Islands,2007,1,Male,30137.011399735817
376,Northern Mariana Islands,2008,1,Male,29598.51521003896
376,Northern Mariana Islands,2009,1,Male,28929.02493364255
376,Northern Mariana Islands,2010,1,Male,28074.998439826268
376,Northern Mariana Islands,2011,1,Male,27079.57808673576
376,Northern Mariana Islands,2012,1,Male,26030.110380166177
376,Northern Mariana Islands,2013,1,Male,25044.08364563321
376,Northern Mariana Islands,2014,1,Male,24207.79483489402
376,Northern Mariana Islands,2015,1,Male,23551.1161620852
376,Northern Mariana Islands,2016,1,Male,23054.273486703416
376,Northern Mariana Islands,2017,1,Male,22665.10176167153
376,Northern Mariana Islands,2018,1,Male,22316.26908498929
376,Northern Mariana Islands,2019,1,Male,21948.684189633
376,Northern Mariana Islands,1990,2,Female,21582.338625616216
376,Northern Mariana Islands,1991,2,Female,22810.52407344879
376,Northern Mariana Islands,1992,2,Female,23199.57319478524
376,Northern Mariana Islands,1993,2,Female,23065.2488569964
376,Northern Mariana Islands,1994,2,Female,23051.90046934481
376,Northern Mariana Islands,1995,2,Female,23712.657730699026
376,Northern Mariana Islands,1996,2,Female,25405.40240638042
376,Northern Mariana Islands,1997,2,Female,28162.648530051312
376,Northern Mariana Islands,1998,2,Female,31882.78761637354
376,Northern Mariana Islands,1999,2,Female,36002.4107598938
376,Northern Mariana Islands,2000,2,Female,39073.016060931965
376,Northern Mariana Islands,2001,2,Female,39231.887057140455
376,Northern Mariana Islands,2002,2,Female,36881.030256706144
376,Northern Mariana Islands,2003,2,Female,34053.15071531537
376,Northern Mariana Islands,2004,2,Female,32081.36560942615
376,Northern Mariana Islands,2005,2,Female,30955.13677731239
376,Northern Mariana Islands,2006,2,Female,30277.79830186304
376,Northern Mariana Islands,2007,2,Female,29654.89424626967
376,Northern Mariana Islands,2008,2,Female,28825.73585511572
376,Northern Mariana Islands,2009,2,Female,27719.218051530243
376,Northern Mariana Islands,2010,2,Female,26471.90767988415
376,Northern Mariana Islands,2011,2,Female,25336.14025176349
376,Northern Mariana Islands,2012,2,Female,24437.28738928478
376,Northern Mariana Islands,2013,2,Female,23773.630876225
376,Northern Mariana Islands,2014,2,Female,23257.832481177946
376,Northern Mariana Islands,2015,2,Female,22782.91261017181
376,Northern Mariana Islands,2016,2,Female,22264.910265521485
376,Northern Mariana Islands,2017,2,Female,21683.2403876774
376,Northern Mariana Islands,2018,2,Female,21084.050312343672
376,Northern Mariana Islands,2019,2,Female,20545.792921186858
376,Northern Mariana Islands,1990,3,Both,45397.140916688055
376,Northern Mariana Islands,1991,3,Both,47411.732480770566
376,Northern Mariana Islands,1992,3,Both,47903.63692129613
376,Northern Mariana Islands,1993,3,Both,47609.70691105658
376,Northern Mariana Islands,1994,3,Both,47627.96717988771
376,Northern Mariana Islands,1995,3,Both,48836.210611766895
376,Northern Mariana Islands,1996,3,Both,51773.15955868222
376,Northern Mariana Islands,1997,3,Both,56325.375151220745
376,Northern Mariana Islands,1998,3,Both,62144.57041292314
376,Northern Mariana Islands,1999,3,Both,68285.131376792
376,Northern Mariana Islands,2000,3,Both,72817.42636355826
376,Northern Mariana Islands,2001,3,Both,73471.59144065499
376,Northern Mariana Islands,2002,3,Both,70762.48066127574
376,Northern Mariana Islands,2003,3,Both,67089.97409874691
376,Northern Mariana Islands,2004,3,Both,64175.51656099971
376,Northern Mariana Islands,2005,3,Both,62240.674154042914
376,Northern Mariana Islands,2006,3,Both,60936.03610547535
376,Northern Mariana Islands,2007,3,Both,59791.905646005485
376,Northern Mariana Islands,2008,3,Both,58424.25106515467
376,Northern Mariana Islands,2009,3,Both,56648.2429851728
376,Northern Mariana Islands,2010,3,Both,54546.90611971042
376,Northern Mariana Islands,2011,3,Both,52415.718338499246
376,Northern Mariana Islands,2012,3,Both,50467.39776945095
376,Northern Mariana Islands,2013,3,Both,48817.714521858215
376,Northern Mariana Islands,2014,3,Both,47465.627316071965
376,Northern Mariana Islands,2015,3,Both,46334.02877225701
376,Northern Mariana Islands,2016,3,Both,45319.1837522249
376,Northern Mariana Islands,2017,3,Both,44348.34214934893
376,Northern Mariana Islands,2018,3,Both,43400.31939733296
376,Northern Mariana Islands,2019,3,Both,42494.477110819855
380,Palau,1990,1,Male,7925.448387993862
380,Palau,1991,1,Male,8059.82369792931
380,Palau,1992,1,Male,8224.577849293331
380,Palau,1993,1,Male,8427.328355200276
380,Palau,1994,1,Male,8676.390871049794
380,Palau,1995,1,Male,8980.739636438871
380,Palau,1996,1,Male,9350.34252672901
380,Palau,1997,1,Male,9760.411157892224
380,Palau,1998,1,Male,10183.07983360948
380,Palau,1999,1,Male,10583.096941877751
380,Palau,2000,1,Male,10918.302868579203
380,Palau,2001,1,Male,11140.852070510504
380,Palau,2002,1,Male,11254.133794573088
380,Palau,2003,1,Male,11268.049405122809
380,Palau,2004,1,Male,11194.062814851472
380,Palau,2005,1,Male,11041.860388731777
380,Palau,2006,1,Male,10819.774011223522
380,Palau,2007,1,Male,10557.11006268126
380,Palau,2008,1,Male,10282.454398297656
380,Palau,2009,1,Male,10020.715451154996
380,Palau,2010,1,Male,9793.859918296654
380,Palau,2011,1,Male,9621.75177442589
380,Palau,2012,1,Male,9523.294581161446
380,Palau,2013,1,Male,9517.274175436296
380,Palau,2014,1,Male,9567.150772456627
380,Palau,2015,1,Male,9639.43508865352
380,Palau,2016,1,Male,9700.873478877931
380,Palau,2017,1,Male,9751.786189866354
380,Palau,2018,1,Male,9792.668262924512
380,Palau,2019,1,Male,9824.162085098518
380,Palau,1990,2,Female,7478.487447146401
380,Palau,1991,2,Female,7751.932391958299
380,Palau,1992,2,Female,8027.664575693845
380,Palau,1993,2,Female,8291.936347381334
380,Palau,1994,2,Female,8527.649546397764
380,Palau,1995,2,Female,8714.563355233078
380,Palau,1996,2,Female,8831.207945314101
380,Palau,1997,2,Female,8896.701533311078
380,Palau,1998,2,Female,8932.0412379469
380,Palau,1999,2,Female,8957.04361961899
380,Palau,2000,2,Female,8992.637921078247
380,Palau,2001,2,Female,9061.618888203866
380,Palau,2002,2,Female,9146.160157009936
380,Palau,2003,2,Female,9229.867334349725
380,Palau,2004,2,Female,9293.396671039543
380,Palau,2005,2,Female,9311.53073571838
380,Palau,2006,2,Female,9256.40611136302
380,Palau,2007,2,Female,9146.551805350831
380,Palau,2008,2,Female,9002.121010818237
380,Palau,2009,2,Female,8840.3109626423
380,Palau,2010,2,Female,8676.403591265456
380,Palau,2011,2,Female,8525.861008825199
380,Palau,2012,2,Female,8405.943451467625
380,Palau,2013,2,Female,8333.507478795194
380,Palau,2014,2,Female,8293.151747957885
380,Palau,2015,2,Female,8269.19299633325
380,Palau,2016,2,Female,8246.170539944585
380,Palau,2017,2,Female,8224.363499563668
380,Palau,2018,2,Female,8203.855716728478
380,Palau,2019,2,Female,8183.272228117436
380,Palau,1990,3,Both,15403.935835140262
380,Palau,1991,3,Both,15811.756089887607
380,Palau,1992,3,Both,16252.242424987176
380,Palau,1993,3,Both,16719.26470258161
380,Palau,1994,3,Both,17204.04041744756
380,Palau,1995,3,Both,17695.30299167195
380,Palau,1996,3,Both,18181.55047204312
380,Palau,1997,3,Both,18657.112691203303
380,Palau,1998,3,Both,19115.12107155638
380,Palau,1999,3,Both,19540.14056149674
380,Palau,2000,3,Both,19910.94078965745
380,Palau,2001,3,Both,20202.47095871437
380,Palau,2002,3,Both,20400.293951583026
380,Palau,2003,3,Both,20497.916739472534
380,Palau,2004,3,Both,20487.459485891017
380,Palau,2005,3,Both,20353.39112445016
380,Palau,2006,3,Both,20076.180122586546
380,Palau,2007,3,Both,19703.66186803209
380,Palau,2008,3,Both,19284.57540911589
380,Palau,2009,3,Both,18861.02641379729
380,Palau,2010,3,Both,18470.26350956211
380,Palau,2011,3,Both,18147.612783251087
380,Palau,2012,3,Both,17929.23803262907
380,Palau,2013,3,Both,17850.78165423149
380,Palau,2014,3,Both,17860.302520414516
380,Palau,2015,3,Both,17908.62808498677
380,Palau,2016,3,Both,17947.044018822515
380,Palau,2017,3,Both,17976.14968943002
380,Palau,2018,3,Both,17996.52397965299
380,Palau,2019,3,Both,18007.434313215956
385,Puerto Rico,1990,1,Male,1752805.403194287
385,Puerto Rico,1991,1,Male,1767678.080069856
385,Puerto Rico,1992,1,Male,1782403.343936337
385,Puerto Rico,1993,1,Male,1796902.8193965238
385,Puerto Rico,1994,1,Male,1810891.4578440853
385,Puerto Rico,1995,1,Male,1823846.0726133843
385,Puerto Rico,1996,1,Male,1835542.00878404
385,Puerto Rico,1997,1,Male,1846213.090851202
385,Puerto Rico,1998,1,Male,1855182.7713102167
385,Puerto Rico,1999,1,Male,1862549.2168204456
385,Puerto Rico,2000,1,Male,1868308.508484509
385,Puerto Rico,2001,1,Male,1870669.957848481
385,Puerto Rico,2002,1,Male,1870011.0414238789
385,Puerto Rico,2003,1,Male,1867643.8858258205
385,Puerto Rico,2004,1,Male,1863952.3950835825
385,Puerto Rico,2005,1,Male,1859010.789016923
385,Puerto Rico,2006,1,Male,1852998.6906538224
385,Puerto Rico,2007,1,Male,1846179.0388192933
385,Puerto Rico,2008,1,Male,1838669.7771646008
385,Puerto Rico,2009,1,Male,1830374.6830849708
385,Puerto Rico,2010,1,Male,1821807.8062771333
385,Puerto Rico,2011,1,Male,1813062.2712218936
385,Puerto Rico,2012,1,Male,1803984.3517718448
385,Puerto Rico,2013,1,Male,1794695.2449072828
385,Puerto Rico,2014,1,Male,1784697.6098844956
385,Puerto Rico,2015,1,Male,1774036.4248398934
385,Puerto Rico,2016,1,Male,1762536.6492621552
385,Puerto Rico,2017,1,Male,1723600.3445140035
385,Puerto Rico,2018,1,Male,1685711.129619699
385,Puerto Rico,2019,1,Male,1673435.899263179
385,Puerto Rico,1990,2,Female,1860523.803943888
385,Puerto Rico,1991,2,Female,1878657.001205224
385,Puerto Rico,1992,2,Female,1896778.6024865727
385,Puerto Rico,1993,2,Female,1914771.7772374505
385,Puerto Rico,1994,2,Female,1932205.4356283103
385,Puerto Rico,1995,2,Female,1948685.4986165524
385,Puerto Rico,1996,2,Female,1963727.458419216
385,Puerto Rico,1997,2,Female,1977307.8759252497
385,Puerto Rico,1998,2,Female,1989150.1317922748
385,Puerto Rico,1999,2,Female,1999173.8228950992
385,Puerto Rico,2000,2,Female,2007156.4672665729
385,Puerto Rico,2001,2,Female,2011823.5690894527
385,Puerto Rico,2002,2,Female,2013420.433432117
385,Puerto Rico,2003,2,Female,2012798.07168713
385,Puerto Rico,2004,2,Female,2010571.8477257949
385,Puerto Rico,2005,2,Female,2007225.4243874573
385,Puerto Rico,2006,2,Female,2002895.475790261
385,Puerto Rico,2007,2,Female,1997498.6244797544
385,Puerto Rico,2008,2,Female,1991102.689634082
385,Puerto Rico,2009,2,Female,1984030.412553297
385,Puerto Rico,2010,2,Female,1976689.7508831744
385,Puerto Rico,2011,2,Female,1968978.0777718984
385,Puerto Rico,2012,2,Female,1961003.1905049635
385,Puerto Rico,2013,2,Female,1952706.1481059068
385,Puerto Rico,2014,2,Female,1943498.2994165053
385,Puerto Rico,2015,2,Female,1933712.4635576687
385,Puerto Rico,2016,2,Female,1923105.7892972408
385,Puerto Rico,2017,2,Female,1891438.051052987
385,Puerto Rico,2018,2,Female,1860144.9224216195
385,Puerto Rico,2019,2,Female,1847995.5223913328
385,Puerto Rico,1990,3,Both,3613329.207138175
385,Puerto Rico,1991,3,Both,3646335.08127508
385,Puerto Rico,1992,3,Both,3679181.9464229103
385,Puerto Rico,1993,3,Both,3711674.596633974
385,Puerto Rico,1994,3,Both,3743096.893472396
385,Puerto Rico,1995,3,Both,3772531.571229937
385,Puerto Rico,1996,3,Both,3799269.4672032553
385,Puerto Rico,1997,3,Both,3823520.966776452
385,Puerto Rico,1998,3,Both,3844332.903102492
385,Puerto Rico,1999,3,Both,3861723.039715545
385,Puerto Rico,2000,3,Both,3875464.9757510815
385,Puerto Rico,2001,3,Both,3882493.5269379336
385,Puerto Rico,2002,3,Both,3883431.474855996
385,Puerto Rico,2003,3,Both,3880441.957512951
385,Puerto Rico,2004,3,Both,3874524.242809377
385,Puerto Rico,2005,3,Both,3866236.21340438
385,Puerto Rico,2006,3,Both,3855894.166444083
385,Puerto Rico,2007,3,Both,3843677.663299048
385,Puerto Rico,2008,3,Both,3829772.466798682
385,Puerto Rico,2009,3,Both,3814405.095638268
385,Puerto Rico,2010,3,Both,3798497.557160308
385,Puerto Rico,2011,3,Both,3782040.3489937927
385,Puerto Rico,2012,3,Both,3764987.542276808
385,Puerto Rico,2013,3,Both,3747401.3930131895
385,Puerto Rico,2014,3,Both,3728195.909301001
385,Puerto Rico,2015,3,Both,3707748.888397563
385,Puerto Rico,2016,3,Both,3685642.438559396
385,Puerto Rico,2017,3,Both,3615038.395566991
385,Puerto Rico,2018,3,Both,3545856.0520413183
385,Puerto Rico,2019,3,Both,3521431.4216545126
393,Saint Kitts and Nevis,1990,1,Male,20294.863154266
393,Saint Kitts and Nevis,1991,1,Male,20333.692635368003
393,Saint Kitts and Nevis,1992,1,Male,20444.655490899622
393,Saint Kitts and Nevis,1993,1,Male,20620.564344850576
393,Saint Kitts and Nevis,1994,1,Male,20852.3060976803
393,Saint Kitts and Nevis,1995,1,Male,21131.22181251992
393,Saint Kitts and Nevis,1996,1,Male,21453.423137230337
393,Saint Kitts and Nevis,1997,1,Male,21813.604839209464
393,Saint Kitts and Nevis,1998,1,Male,22202.968598763764
393,Saint Kitts and Nevis,1999,1,Male,22616.057265573203
393,Saint Kitts and Nevis,2000,1,Male,23047.13671779221
393,Saint Kitts and Nevis,2001,1,Male,23485.12232778495
393,Saint Kitts and Nevis,2002,1,Male,23919.46897100192
393,Saint Kitts and Nevis,2003,1,Male,24349.74008646553
393,Saint Kitts and Nevis,2004,1,Male,24775.801588090904
393,Saint Kitts and Nevis,2005,1,Male,25195.4975052698
393,Saint Kitts and Nevis,2006,1,Male,25605.616769505985
393,Saint Kitts and Nevis,2007,1,Male,26004.89879750175
393,Saint Kitts and Nevis,2008,1,Male,26394.742216065
393,Saint Kitts and Nevis,2009,1,Male,26775.642031884312
393,Saint Kitts and Nevis,2010,1,Male,27146.4552595047
393,Saint Kitts and Nevis,2011,1,Male,27506.61011578257
393,Saint Kitts and Nevis,2012,1,Male,27855.028322048147
393,Saint Kitts and Nevis,2013,1,Male,28189.89860277743
393,Saint Kitts and Nevis,2014,1,Male,28509.39992024674
393,Saint Kitts and Nevis,2015,1,Male,28812.236537658384
393,Saint Kitts and Nevis,2016,1,Male,29097.986890490218
393,Saint Kitts and Nevis,2017,1,Male,29366.44856733621
393,Saint Kitts and Nevis,2018,1,Male,29616.33483276963
393,Saint Kitts and Nevis,2019,1,Male,29842.20116981268
393,Saint Kitts and Nevis,1990,2,Female,21057.68973161766
393,Saint Kitts and Nevis,1991,2,Female,21070.940613758048
393,Saint Kitts and Nevis,1992,2,Female,21175.218427154126
393,Saint Kitts and Nevis,1993,2,Female,21334.7520293984
393,Saint Kitts and Nevis,1994,2,Female,21538.176692245685
393,Saint Kitts and Nevis,1995,2,Female,21774.76466465002
393,Saint Kitts and Nevis,1996,2,Female,22044.844018383385
393,Saint Kitts and Nevis,1997,2,Female,22349.066336872656
393,Saint Kitts and Nevis,1998,2,Female,22680.934037327806
393,Saint Kitts and Nevis,1999,2,Female,23035.006434673924
393,Saint Kitts and Nevis,2000,2,Female,23405.596068746392
393,Saint Kitts and Nevis,2001,2,Female,23783.78969410068
393,Saint Kitts and Nevis,2002,2,Female,24160.432160799806
393,Saint Kitts and Nevis,2003,2,Female,24535.471543658485
393,Saint Kitts and Nevis,2004,2,Female,24908.594259512647
393,Saint Kitts and Nevis,2005,2,Female,25278.622615439952
393,Saint Kitts and Nevis,2006,2,Female,25643.9073136096
393,Saint Kitts and Nevis,2007,2,Female,26003.4248756546
393,Saint Kitts and Nevis,2008,2,Female,26357.464512230617
393,Saint Kitts and Nevis,2009,2,Female,26705.06222612773
393,Saint Kitts and Nevis,2010,2,Female,27045.28004791409
393,Saint Kitts and Nevis,2011,2,Female,27378.09226477508
393,Saint Kitts and Nevis,2012,2,Female,27702.843701143927
393,Saint Kitts and Nevis,2013,2,Female,28018.36185761355
393,Saint Kitts and Nevis,2014,2,Female,28323.053039607414
393,Saint Kitts and Nevis,2015,2,Female,28615.73814526117
393,Saint Kitts and Nevis,2016,2,Female,28896.173601469032
393,Saint Kitts and Nevis,2017,2,Female,29164.955801820288
393,Saint Kitts and Nevis,2018,2,Female,29421.382934118425
393,Saint Kitts and Nevis,2019,2,Female,29665.96411661744
393,Saint Kitts and Nevis,1990,3,Both,41352.552885883655
393,Saint Kitts and Nevis,1991,3,Both,41404.633249126055
393,Saint Kitts and Nevis,1992,3,Both,41619.87391805375
393,Saint Kitts and Nevis,1993,3,Both,41955.31637424898
393,Saint Kitts and Nevis,1994,3,Both,42390.48278992598
393,Saint Kitts and Nevis,1995,3,Both,42905.98647716994
393,Saint Kitts and Nevis,1996,3,Both,43498.26715561372
393,Saint Kitts and Nevis,1997,3,Both,44162.67117608212
393,Saint Kitts and Nevis,1998,3,Both,44883.90263609157
393,Saint Kitts and Nevis,1999,3,Both,45651.06370024713
393,Saint Kitts and Nevis,2000,3,Both,46452.7327865386
393,Saint Kitts and Nevis,2001,3,Both,47268.91202188563
393,Saint Kitts and Nevis,2002,3,Both,48079.90113180172
393,Saint Kitts and Nevis,2003,3,Both,48885.21163012402
393,Saint Kitts and Nevis,2004,3,Both,49684.39584760356
393,Saint Kitts and Nevis,2005,3,Both,50474.12012070975
393,Saint Kitts and Nevis,2006,3,Both,51249.52408311558
393,Saint Kitts and Nevis,2007,3,Both,52008.323673156345
393,Saint Kitts and Nevis,2008,3,Both,52752.20672829562
393,Saint Kitts and Nevis,2009,3,Both,53480.70425801205
393,Saint Kitts and Nevis,2010,3,Both,54191.73530741879
393,Saint Kitts and Nevis,2011,3,Both,54884.70238055765
393,Saint Kitts and Nevis,2012,3,Both,55557.87202319208
393,Saint Kitts and Nevis,2013,3,Both,56208.26046039098
393,Saint Kitts and Nevis,2014,3,Both,56832.45295985416
393,Saint Kitts and Nevis,2015,3,Both,57427.97468291956
393,Saint Kitts and Nevis,2016,3,Both,57994.16049195925
393,Saint Kitts and Nevis,2017,3,Both,58531.4043691565
393,Saint Kitts and Nevis,2018,3,Both,59037.71776688805
393,Saint Kitts and Nevis,2019,3,Both,59508.165286430114
396,San Marino,1990,1,Male,11687.31918031344
396,San Marino,1991,1,Male,11843.72945301701
396,San Marino,1992,1,Male,12003.41483744466
396,San Marino,1993,1,Male,12166.258362284576
396,San Marino,1994,1,Male,12331.778569097763
396,San Marino,1995,1,Male,12500.323120161209
396,San Marino,1996,1,Male,12672.100711314644
396,San Marino,1997,1,Male,12846.390700549377
396,San Marino,1998,1,Male,13022.686426052567
396,San Marino,1999,1,Male,13200.1594652243
396,San Marino,2000,1,Male,13377.757409359325
396,San Marino,2001,1,Male,13555.111819220334
396,San Marino,2002,1,Male,13732.175031525456
396,San Marino,2003,1,Male,13908.24648478976
396,San Marino,2004,1,Male,14081.681311982422
396,San Marino,2005,1,Male,14251.176121649503
396,San Marino,2006,1,Male,14416.282126838
396,San Marino,2007,1,Male,14576.381973686228
396,San Marino,2008,1,Male,14730.904324987574
396,San Marino,2009,1,Male,14878.940648683803
396,San Marino,2010,1,Male,15019.597665575608
396,San Marino,2011,1,Male,15152.175056677426
396,San Marino,2012,1,Male,15276.539590519047
396,San Marino,2013,1,Male,15392.637491544016
396,San Marino,2014,1,Male,15500.583175116351
396,San Marino,2015,1,Male,15600.646878698308
396,San Marino,2016,1,Male,15693.255563389675
396,San Marino,2017,1,Male,15778.979648775205
396,San Marino,2018,1,Male,15858.512251974891
396,San Marino,2019,1,Male,15932.492672208682
396,San Marino,1990,2,Female,11868.784134884216
396,San Marino,1991,2,Female,12069.79353181461
396,San Marino,1992,2,Female,12275.873861294664
396,San Marino,1993,2,Female,12486.873893949589
396,San Marino,1994,2,Female,12702.134228392732
396,San Marino,1995,2,Female,12920.805271783638
396,San Marino,1996,2,Female,13142.788107512148
396,San Marino,1997,2,Female,13367.456768453296
396,San Marino,1998,2,Female,13593.444883794118
396,San Marino,1999,2,Female,13819.920213358708
396,San Marino,2000,2,Female,14045.863969620064
396,San Marino,2001,2,Female,14269.421928196782
396,San Marino,2002,2,Female,14489.210390859207
396,San Marino,2003,2,Female,14703.63763744708
396,San Marino,2004,2,Female,14911.466095428565
396,San Marino,2005,2,Female,15112.397251526098
396,San Marino,2006,2,Female,15306.907581174097
396,San Marino,2007,2,Female,15495.5943785356
396,San Marino,2008,2,Female,15678.066549062323
396,San Marino,2009,2,Female,15853.53694856322
396,San Marino,2010,2,Female,16021.214342141582
396,San Marino,2011,2,Female,16180.487250251335
396,San Marino,2012,2,Female,16331.300006577218
396,San Marino,2013,2,Female,16473.667486855364
396,San Marino,2014,2,Female,16607.703624158996
396,San Marino,2015,2,Female,16733.637251500557
396,San Marino,2016,2,Female,16851.892623006424
396,San Marino,2017,2,Female,16963.10028833059
396,San Marino,2018,2,Female,17068.031420374686
396,San Marino,2019,2,Female,17167.271263862025
396,San Marino,1990,3,Both,23556.10331519765
396,San Marino,1991,3,Both,23913.52298483162
396,San Marino,1992,3,Both,24279.28869873932
396,San Marino,1993,3,Both,24653.132256234167
396,San Marino,1994,3,Both,25033.91279749049
396,San Marino,1995,3,Both,25421.128391944847
396,San Marino,1996,3,Both,25814.888818826792
396,San Marino,1997,3,Both,26213.84746900267
396,San Marino,1998,3,Both,26616.13130984669
396,San Marino,1999,3,Both,27020.07967858301
396,San Marino,2000,3,Both,27423.621378979384
396,San Marino,2001,3,Both,27824.53374741712
396,San Marino,2002,3,Both,28221.38542238466
396,San Marino,2003,3,Both,28611.884122236843
396,San Marino,2004,3,Both,28993.147407410983
396,San Marino,2005,3,Both,29363.5733731756
396,San Marino,2006,3,Both,29723.18970801209
396,San Marino,2007,3,Both,30071.97635222183
396,San Marino,2008,3,Both,30408.970874049897
396,San Marino,2009,3,Both,30732.477597247023
396,San Marino,2010,3,Both,31040.812007717188
396,San Marino,2011,3,Both,31332.662306928763
396,San Marino,2012,3,Both,31607.839597096267
396,San Marino,2013,3,Both,31866.30497839938
396,San Marino,2014,3,Both,32108.286799275345
396,San Marino,2015,3,Both,32334.284130198863
396,San Marino,2016,3,Both,32545.1481863961
396,San Marino,2017,3,Both,32742.079937105795
396,San Marino,2018,3,Both,32926.54367234958
396,San Marino,2019,3,Both,33099.7639360707
413,Tokelau,1990,1,Male,828.7453186799733
413,Tokelau,1991,1,Male,812.3290390859523
413,Tokelau,1992,1,Male,799.675608381367
413,Tokelau,1993,1,Male,790.2640076182074
413,Tokelau,1994,1,Male,783.4817888486251
413,Tokelau,1995,1,Male,779.0777487628579
413,Tokelau,1996,1,Male,777.274682892037
413,Tokelau,1997,1,Male,778.5130570703474
413,Tokelau,1998,1,Male,780.4051995792148
413,Tokelau,1999,1,Male,780.324448099697
413,Tokelau,2000,1,Male,775.0789943786624
413,Tokelau,2001,1,Male,761.20521795301
413,Tokelau,2002,1,Male,735.92172837569
413,Tokelau,2003,1,Male,704.726437166946
413,Tokelau,2004,1,Male,673.1598447539889
413,Tokelau,2005,1,Male,645.9268945057079
413,Tokelau,2006,1,Male,626.5141810704736
413,Tokelau,2007,1,Male,617.3550553138391
413,Tokelau,2008,1,Male,615.856420396823
413,Tokelau,2009,1,Male,619.920131065432
413,Tokelau,2010,1,Male,627.5642021872693
413,Tokelau,2011,1,Male,636.8606593453936
413,Tokelau,2012,1,Male,646.165134318375
413,Tokelau,2013,1,Male,655.6100268078119
413,Tokelau,2014,1,Male,665.3380187245388
413,Tokelau,2015,1,Male,675.5892879222552
413,Tokelau,2016,1,Male,686.5572745877322
413,Tokelau,2017,1,Male,698.1421061746768
413,Tokelau,2018,1,Male,710.1952748906255
413,Tokelau,2019,1,Male,722.6020667683679
413,Tokelau,1990,2,Female,858.4910956504644
413,Tokelau,1991,2,Female,842.9416135863603
413,Tokelau,1992,2,Female,830.1094239248894
413,Tokelau,1993,2,Female,818.5569763152424
413,Tokelau,1994,2,Female,807.8585729058386
413,Tokelau,1995,2,Female,799.1335914630081
413,Tokelau,1996,2,Female,794.7055073617992
413,Tokelau,1997,2,Female,796.8469975544821
413,Tokelau,1998,2,Female,803.8711115069477
413,Tokelau,1999,2,Female,811.8694407452035
413,Tokelau,2000,2,Female,814.061632822595
413,Tokelau,2001,2,Female,801.7256225609106
413,Tokelau,2002,2,Female,767.4188947031372
413,Tokelau,2003,2,Female,719.4094043184857
413,Tokelau,2004,2,Female,669.950384090593
413,Tokelau,2005,2,Female,629.5749323590951
413,Tokelau,2006,2,Female,604.1104470224665
413,Tokelau,2007,2,Female,595.4798967227847
413,Tokelau,2008,2,Female,598.4772070561118
413,Tokelau,2009,2,Female,607.9449126091772
413,Tokelau,2010,2,Female,618.9546616106506
413,Tokelau,2011,2,Female,627.5182478623833
413,Tokelau,2012,2,Female,631.7406207283237
413,Tokelau,2013,2,Female,634.1269788676232
413,Tokelau,2014,2,Female,637.626287911696
413,Tokelau,2015,2,Female,644.1904406806283
413,Tokelau,2016,2,Female,654.0556712466273
413,Tokelau,2017,2,Female,665.7584355589538
413,Tokelau,2018,2,Female,677.4915718233874
413,Tokelau,2019,2,Female,688.1891974438762
413,Tokelau,1990,3,Both,1687.2364143304378
413,Tokelau,1991,3,Both,1655.2706526723125
413,Tokelau,1992,3,Both,1629.7850323062564
413,Tokelau,1993,3,Both,1608.82098393345
413,Tokelau,1994,3,Both,1591.340361754464
413,Tokelau,1995,3,Both,1578.211340225866
413,Tokelau,1996,3,Both,1571.9801902538363
413,Tokelau,1997,3,Both,1575.3600546248294
413,Tokelau,1998,3,Both,1584.2763110861629
413,Tokelau,1999,3,Both,1592.1938888449006
413,Tokelau,2000,3,Both,1589.1406272012575
413,Tokelau,2001,3,Both,1562.9308405139209
413,Tokelau,2002,3,Both,1503.340623078827
413,Tokelau,2003,3,Both,1424.1358414854317
413,Tokelau,2004,3,Both,1343.1102288445818
413,Tokelau,2005,3,Both,1275.501826864803
413,Tokelau,2006,3,Both,1230.62462809294
413,Tokelau,2007,3,Both,1212.834952036624
413,Tokelau,2008,3,Both,1214.3336274529347
413,Tokelau,2009,3,Both,1227.865043674609
413,Tokelau,2010,3,Both,1246.51886379792
413,Tokelau,2011,3,Both,1264.3789072077768
413,Tokelau,2012,3,Both,1277.9057550466987
413,Tokelau,2013,3,Both,1289.737005675435
413,Tokelau,2014,3,Both,1302.9643066362346
413,Tokelau,2015,3,Both,1319.779728602883
413,Tokelau,2016,3,Both,1340.6129458343594
413,Tokelau,2017,3,Both,1363.9005417336305
413,Tokelau,2018,3,Both,1387.6868467140127
413,Tokelau,2019,3,Both,1410.791264212244
416,Tuvalu,1990,1,Male,4488.665292556939
416,Tuvalu,1991,1,Male,4505.139943996852
416,Tuvalu,1992,1,Male,4522.9768734396375
416,Tuvalu,1993,1,Male,4542.714793568833
416,Tuvalu,1994,1,Male,4565.048114582628
416,Tuvalu,1995,1,Male,4590.062154752921
416,Tuvalu,1996,1,Male,4617.659639880762
416,Tuvalu,1997,1,Male,4648.10689950419
416,Tuvalu,1998,1,Male,4681.980892052795
416,Tuvalu,1999,1,Male,4719.993148797663
416,Tuvalu,2000,1,Male,4759.16004841932
416,Tuvalu,2001,1,Male,4803.593499437635
416,Tuvalu,2002,1,Male,4857.178986504279
416,Tuvalu,2003,1,Male,4916.497518903625
416,Tuvalu,2004,1,Male,4981.084274762757
416,Tuvalu,2005,1,Male,5050.382839434414
416,Tuvalu,2006,1,Male,5123.806262673656
416,Tuvalu,2007,1,Male,5200.610373534222
416,Tuvalu,2008,1,Male,5279.920690713957
416,Tuvalu,2009,1,Male,5360.916084083644
416,Tuvalu,2010,1,Male,5442.647246598817
416,Tuvalu,2011,1,Male,5524.20363038859
416,Tuvalu,2012,1,Male,5604.652752919028
416,Tuvalu,2013,1,Male,5683.029798093769
416,Tuvalu,2014,1,Male,5759.615225522267
416,Tuvalu,2015,1,Male,5834.697232043153
416,Tuvalu,2016,1,Male,5908.520030498984
416,Tuvalu,2017,1,Male,5981.252981301476
416,Tuvalu,2018,1,Male,6053.124262958394
416,Tuvalu,2019,1,Male,6124.702115950524
416,Tuvalu,1990,2,Female,4857.108514038149
416,Tuvalu,1991,2,Female,4853.642638357072
416,Tuvalu,1992,2,Female,4850.980787590504
416,Tuvalu,1993,2,Female,4849.431179952367
416,Tuvalu,1994,2,Female,4849.678071134821
416,Tuvalu,1995,2,Female,4851.83959523625
416,Tuvalu,1996,2,Female,4855.721115217457
416,Tuvalu,1997,2,Female,4861.698681721616
416,Tuvalu,1998,2,Female,4870.450774144763
416,Tuvalu,1999,2,Female,4882.464733959544
416,Tuvalu,2000,2,Female,4892.952156378962
416,Tuvalu,2001,2,Female,4907.548026011172
416,Tuvalu,2002,2,Female,4931.807327284385
416,Tuvalu,2003,2,Female,4961.003661705797
416,Tuvalu,2004,2,Female,4994.318806967212
416,Tuvalu,2005,2,Female,5031.055969470715
416,Tuvalu,2006,2,Female,5070.64406407139
416,Tuvalu,2007,2,Female,5112.564988536103
416,Tuvalu,2008,2,Female,5156.353248211703
416,Tuvalu,2009,2,Female,5201.63761752503
416,Tuvalu,2010,2,Female,5247.938428029387
416,Tuvalu,2011,2,Female,5294.826468729402
416,Tuvalu,2012,2,Female,5341.881549492344
416,Tuvalu,2013,2,Female,5388.669517782128
416,Tuvalu,2014,2,Female,5435.3712983093465
416,Tuvalu,2015,2,Female,5482.173529591145
416,Tuvalu,2016,2,Female,5529.21554894018
416,Tuvalu,2017,2,Female,5576.568239638827
416,Tuvalu,2018,2,Female,5624.378313515533
416,Tuvalu,2019,2,Female,5673.13239122472
416,Tuvalu,1990,3,Both,9345.773806595089
416,Tuvalu,1991,3,Both,9358.782582353922
416,Tuvalu,1992,3,Both,9373.95766103014
416,Tuvalu,1993,3,Both,9392.1459735212
416,Tuvalu,1994,3,Both,9414.726185717447
416,Tuvalu,1995,3,Both,9441.90174998917
416,Tuvalu,1996,3,Both,9473.380755098218
416,Tuvalu,1997,3,Both,9509.805581225806
416,Tuvalu,1998,3,Both,9552.431666197555
416,Tuvalu,1999,3,Both,9602.457882757208
416,Tuvalu,2000,3,Both,9652.112204798284
416,Tuvalu,2001,3,Both,9711.141525448807
416,Tuvalu,2002,3,Both,9788.986313788664
416,Tuvalu,2003,3,Both,9877.501180609424
416,Tuvalu,2004,3,Both,9975.403081729968
416,Tuvalu,2005,3,Both,10081.43880890513
416,Tuvalu,2006,3,Both,10194.450326745047
416,Tuvalu,2007,3,Both,10313.175362070326
416,Tuvalu,2008,3,Both,10436.27393892566
416,Tuvalu,2009,3,Both,10562.553701608676
416,Tuvalu,2010,3,Both,10690.585674628204
416,Tuvalu,2011,3,Both,10819.030099117992
416,Tuvalu,2012,3,Both,10946.534302411372
416,Tuvalu,2013,3,Both,11071.699315875898
416,Tuvalu,2014,3,Both,11194.986523831612
416,Tuvalu,2015,3,Both,11316.870761634298
416,Tuvalu,2016,3,Both,11437.735579439164
416,Tuvalu,2017,3,Both,11557.821220940305
416,Tuvalu,2018,3,Both,11677.502576473928
416,Tuvalu,2019,3,Both,11797.834507175245
422,United States Virgin Islands,1990,1,Male,51320.37175793695
422,United States Virgin Islands,1991,1,Male,51527.364677764745
422,United States Virgin Islands,1992,1,Male,51744.759559160215
422,United States Virgin Islands,1993,1,Male,51964.71336902563
422,United States Virgin Islands,1994,1,Male,52177.32491136705
422,United States Virgin Islands,1995,1,Male,52378.55683309658
422,United States Virgin Islands,1996,1,Male,52566.363195744736
422,United States Virgin Islands,1997,1,Male,52734.59781989
422,United States Virgin Islands,1998,1,Male,52877.26826795781
422,United States Virgin Islands,1999,1,Male,52980.86635286206
422,United States Virgin Islands,2000,1,Male,53041.45107931469
422,United States Virgin Islands,2001,1,Male,53061.10356298006
422,United States Virgin Islands,2002,1,Male,53046.44961967819
422,United States Virgin Islands,2003,1,Male,53006.80996745631
422,United States Virgin Islands,2004,1,Male,52945.94396165399
422,United States Virgin Islands,2005,1,Male,52868.81648743995
422,United States Virgin Islands,2006,1,Male,52772.47373138405
422,United States Virgin Islands,2007,1,Male,52609.62787947075
422,United States Virgin Islands,2008,1,Male,52386.79909626121
422,United States Virgin Islands,2009,1,Male,52155.89373019
422,United States Virgin Islands,2010,1,Male,51916.69870868161
422,United States Virgin Islands,2011,1,Male,51670.52873275927
422,United States Virgin Islands,2012,1,Male,51415.16305512981
422,United States Virgin Islands,2013,1,Male,51148.0525561762
422,United States Virgin Islands,2014,1,Male,50869.17306655698
422,United States Virgin Islands,2015,1,Male,50574.69118360909
422,United States Virgin Islands,2016,1,Male,50269.96339107095
422,United States Virgin Islands,2017,1,Male,49957.450602168734
422,United States Virgin Islands,2018,1,Male,49636.02460277695
422,United States Virgin Islands,2019,1,Male,49310.90374652009
422,United States Virgin Islands,1990,2,Female,54692.711764173175
422,United States Virgin Islands,1991,2,Female,54946.90915412059
422,United States Virgin Islands,1992,2,Female,55271.92958506111
422,United States Virgin Islands,1993,2,Female,55644.42335383329
422,United States Virgin Islands,1994,2,Female,56041.051867092094
422,United States Virgin Islands,1995,2,Female,56440.370606675904
422,United States Virgin Islands,1996,2,Female,56825.05907774861
422,United States Virgin Islands,1997,2,Female,57179.74408212312
422,United States Virgin Islands,1998,2,Female,57487.50775587499
422,United States Virgin Islands,1999,2,Female,57728.779606854354
422,United States Virgin Islands,2000,2,Female,57886.59905503878
422,United States Virgin Islands,2001,2,Female,57947.1027876845
422,United States Virgin Islands,2002,2,Female,57927.88504630923
422,United States Virgin Islands,2003,2,Female,57844.97687677185
422,United States Virgin Islands,2004,2,Female,57711.07170747681
422,United States Virgin Islands,2005,2,Female,57538.6925389973
422,United States Virgin Islands,2006,2,Female,57338.99816167895
422,United States Virgin Islands,2007,2,Female,57121.61018644975
422,United States Virgin Islands,2008,2,Female,56896.43047483178
422,United States Virgin Islands,2009,2,Female,56671.00423097812
422,United States Virgin Islands,2010,2,Female,56451.14277622668
422,United States Virgin Islands,2011,2,Female,56243.13398247888
422,United States Virgin Islands,2012,2,Female,56043.53574842926
422,United States Virgin Islands,2013,2,Female,55849.11894839294
422,United States Virgin Islands,2014,2,Female,55657.71255085086
422,United States Virgin Islands,2015,2,Female,55466.9170068498
422,United States Virgin Islands,2016,2,Female,55276.73205743716
422,United States Virgin Islands,2017,2,Female,55082.23949763012
422,United States Virgin Islands,2018,2,Female,54880.34022740718
422,United States Virgin Islands,2019,2,Female,54674.42375305063
422,United States Virgin Islands,1990,3,Both,106013.08352211012
422,United States Virgin Islands,1991,3,Both,106474.27383188534
422,United States Virgin Islands,1992,3,Both,107016.68914422132
422,United States Virgin Islands,1993,3,Both,107609.13672285894
422,United States Virgin Islands,1994,3,Both,108218.37677845916
422,United States Virgin Islands,1995,3,Both,108818.92743977248
422,United States Virgin Islands,1996,3,Both,109391.42227349336
422,United States Virgin Islands,1997,3,Both,109914.34190201313
422,United States Virgin Islands,1998,3,Both,110364.7760238328
422,United States Virgin Islands,1999,3,Both,110709.64595971642
422,United States Virgin Islands,2000,3,Both,110928.05013435349
422,United States Virgin Islands,2001,3,Both,111008.20635066456
422,United States Virgin Islands,2002,3,Both,110974.33466598742
422,United States Virgin Islands,2003,3,Both,110851.78684422816
422,United States Virgin Islands,2004,3,Both,110657.0156691308
422,United States Virgin Islands,2005,3,Both,110407.50902643726
422,United States Virgin Islands,2006,3,Both,110111.471893063
422,United States Virgin Islands,2007,3,Both,109731.2380659205
422,United States Virgin Islands,2008,3,Both,109283.229571093
422,United States Virgin Islands,2009,3,Both,108826.89796116811
422,United States Virgin Islands,2010,3,Both,108367.84148490828
422,United States Virgin Islands,2011,3,Both,107913.66271523814
422,United States Virgin Islands,2012,3,Both,107458.69880355906
422,United States Virgin Islands,2013,3,Both,106997.17150456914
422,United States Virgin Islands,2014,3,Both,106526.88561740784
422,United States Virgin Islands,2015,3,Both,106041.6081904589
422,United States Virgin Islands,2016,3,Both,105546.6954485081
422,United States Virgin Islands,2017,3,Both,105039.69009979886
422,United States Virgin Islands,2018,3,Both,104516.36483018412
422,United States Virgin Islands,2019,3,Both,103985.32749957072
435,South Sudan,1990,1,Male,3099587.505010743
435,South Sudan,1991,1,Male,3157047.629285317
435,South Sudan,1992,1,Male,3216140.5930397897
435,South Sudan,1993,1,Male,3277182.833267445
435,South Sudan,1994,1,Male,3340542.784239433
435,South Sudan,1995,1,Male,3406504.7572756684
435,South Sudan,1996,1,Male,3475341.709196367
435,South Sudan,1997,1,Male,3544899.5640459866
435,South Sudan,1998,1,Male,3616028.017835272
435,South Sudan,1999,1,Male,3692131.296815303
435,South Sudan,2000,1,Male,3773073.040161768
435,South Sudan,2001,1,Male,3858669.856322325
435,South Sudan,2002,1,Male,3948696.4399963273
435,South Sudan,2003,1,Male,4042870.100524689
435,South Sudan,2004,1,Male,4141553.11520854
435,South Sudan,2005,1,Male,4244898.518136021
435,South Sudan,2006,1,Male,4352225.118049172
435,South Sudan,2007,1,Male,4463788.704672547
435,South Sudan,2008,1,Male,4580325.663499038
435,South Sudan,2009,1,Male,4700955.234684242
435,South Sudan,2010,1,Male,4824626.863954625
435,South Sudan,2011,1,Male,4949828.332761798
435,South Sudan,2012,1,Male,5010798.517132207
435,South Sudan,2013,1,Male,4983584.345577106
435,South Sudan,2014,1,Male,4902472.1972612925
435,South Sudan,2015,1,Male,4647796.310558756
435,South Sudan,2016,1,Male,4390884.682220842
435,South Sudan,2017,1,Male,4402830.240985344
435,South Sudan,2018,1,Male,4539393.811803806
435,South Sudan,2019,1,Male,4659665.0522256205
435,South Sudan,1990,2,Female,2759895.943931076
435,South Sudan,1991,2,Female,2818454.794632609
435,South Sudan,1992,2,Female,2879448.933745176
435,South Sudan,1993,2,Female,2943020.0519366465
435,South Sudan,1994,2,Female,3009325.121880769
435,South Sudan,1995,2,Female,3078482.719767195
435,South Sudan,1996,2,Female,3150617.740106043
435,South Sudan,1997,2,Female,3224813.975433617
435,South Sudan,1998,2,Female,3301413.946972121
435,South Sudan,1999,2,Female,3381879.2506491207
435,South Sudan,2000,2,Female,3466237.289695912
435,South Sudan,2001,2,Female,3554500.8191847326
435,South Sudan,2002,2,Female,3646643.879681095
435,South Sudan,2003,2,Female,3742590.575945533
435,South Sudan,2004,2,Female,3842559.9322434217
435,South Sudan,2005,2,Female,3946680.260049115
435,South Sudan,2006,2,Female,4054589.103608219
435,South Sudan,2007,2,Female,4166480.584881511
435,South Sudan,2008,2,Female,4282849.676928782
435,South Sudan,2009,2,Female,4403341.481630463
435,South Sudan,2010,2,Female,4527041.809333688
435,South Sudan,2011,2,Female,4652851.040979917
435,South Sudan,2012,2,Female,4729875.9391977545
435,South Sudan,2013,2,Female,4738536.308076104
435,South Sudan,2014,2,Female,4703939.949115352
435,South Sudan,2015,2,Female,4529849.5688977605
435,South Sudan,2016,2,Female,4345398.736041947
435,South Sudan,2017,2,Female,4373772.177297145
435,South Sudan,2018,2,Female,4504769.403987719
435,South Sudan,2019,2,Female,4623297.994751297
435,South Sudan,1990,3,Both,5859483.448941818
435,South Sudan,1991,3,Both,5975502.423917926
435,South Sudan,1992,3,Both,6095589.526784966
435,South Sudan,1993,3,Both,6220202.885204092
435,South Sudan,1994,3,Both,6349867.906120202
435,South Sudan,1995,3,Both,6484987.477042863
435,South Sudan,1996,3,Both,6625959.44930241
435,South Sudan,1997,3,Both,6769713.539479604
435,South Sudan,1998,3,Both,6917441.964807392
435,South Sudan,1999,3,Both,7074010.547464423
435,South Sudan,2000,3,Both,7239310.32985768
435,South Sudan,2001,3,Both,7413170.675507057
435,South Sudan,2002,3,Both,7595340.319677422
435,South Sudan,2003,3,Both,7785460.676470223
435,South Sudan,2004,3,Both,7984113.047451961
435,South Sudan,2005,3,Both,8191578.778185136
435,South Sudan,2006,3,Both,8406814.221657392
435,South Sudan,2007,3,Both,8630269.289554058
435,South Sudan,2008,3,Both,8863175.34042782
435,South Sudan,2009,3,Both,9104296.716314703
435,South Sudan,2010,3,Both,9351668.673288312
435,South Sudan,2011,3,Both,9602679.373741714
435,South Sudan,2012,3,Both,9740674.45632996
435,South Sudan,2013,3,Both,9722120.65365321
435,South Sudan,2014,3,Both,9606412.146376643
435,South Sudan,2015,3,Both,9177645.879456516
435,South Sudan,2016,3,Both,8736283.418262789
435,South Sudan,2017,3,Both,8776602.41828249
435,South Sudan,2018,3,Both,9044163.215791523
435,South Sudan,2019,3,Both,9282963.046976916
522,Sudan,1990,1,Male,10199491.31612317
522,Sudan,1991,1,Male,10632840.348913558
522,Sudan,1992,1,Male,11038366.03764069
522,Sudan,1993,1,Male,11409270.371152028
522,Sudan,1994,1,Male,11740000.853705283
522,Sudan,1995,1,Male,12030370.19917611
522,Sudan,1996,1,Male,12378288.944564886
522,Sudan,1997,1,Male,12756350.231367975
522,Sudan,1998,1,Male,13107506.624869348
522,Sudan,1999,1,Male,13454918.817246478
522,Sudan,2000,1,Male,13789352.454435486
522,Sudan,2001,1,Male,14074833.094554735
522,Sudan,2002,1,Male,14310538.342549631
522,Sudan,2003,1,Male,14572105.533918371
522,Sudan,2004,1,Male,14894703.3040989
522,Sudan,2005,1,Male,15247780.908023112
522,Sudan,2006,1,Male,15622918.640349954
522,Sudan,2007,1,Male,16018872.727240307
522,Sudan,2008,1,Male,16411081.827246016
522,Sudan,2009,1,Male,16745125.41086728
522,Sudan,2010,1,Male,17035643.30490409
522,Sudan,2011,1,Male,17346367.504814394
522,Sudan,2012,1,Male,17690698.860210553
522,Sudan,2013,1,Male,18066047.29337173
522,Sudan,2014,1,Male,18458747.02193688
522,Sudan,2015,1,Male,18917187.802412946
522,Sudan,2016,1,Male,19448859.75230914
522,Sudan,2017,1,Male,19921621.32184257
522,Sudan,2018,1,Male,20307822.28012407
522,Sudan,2019,1,Male,20681089.51786948
522,Sudan,1990,2,Female,9999253.468688753
522,Sudan,1991,2,Female,10414188.037843147
522,Sudan,1992,2,Female,10807354.265776554
522,Sudan,1993,2,Female,11171932.487165654
522,Sudan,1994,2,Female,11500156.518516844
522,Sudan,1995,2,Female,11791233.835550915
522,Sudan,1996,2,Female,12124776.948247803
522,Sudan,1997,2,Female,12480198.05431351
522,Sudan,1998,2,Female,12812780.216886692
522,Sudan,1999,2,Female,13140863.090912422
522,Sudan,2000,2,Female,13457961.468639027
522,Sudan,2001,2,Female,13736338.930921528
522,Sudan,2002,2,Female,13975532.496989626
522,Sudan,2003,2,Female,14236499.81560539
522,Sudan,2004,2,Female,14548504.961744487
522,Sudan,2005,2,Female,14886116.075531544
522,Sudan,2006,2,Female,15242137.977109669
522,Sudan,2007,2,Female,15616884.453940364
522,Sudan,2008,2,Female,15990433.539570626
522,Sudan,2009,2,Female,16319504.530891228
522,Sudan,2010,2,Female,16615194.432373324
522,Sudan,2011,2,Female,16928056.489600293
522,Sudan,2012,2,Female,17268326.93277858
522,Sudan,2013,2,Female,17633586.367068604
522,Sudan,2014,2,Female,18013451.05257555
522,Sudan,2015,2,Female,18445741.84339676
522,Sudan,2016,2,Female,18935950.91957012
522,Sudan,2017,2,Female,19380500.24084477
522,Sudan,2018,2,Female,19758407.4425704
522,Sudan,2019,2,Female,20127335.321113206
522,Sudan,1990,3,Both,20198744.78481192
522,Sudan,1991,3,Both,21047028.386756703
522,Sudan,1992,3,Both,21845720.303417247
522,Sudan,1993,3,Both,22581202.858317684
522,Sudan,1994,3,Both,23240157.37222213
522,Sudan,1995,3,Both,23821604.034727026
522,Sudan,1996,3,Both,24503065.892812688
522,Sudan,1997,3,Both,25236548.28568149
522,Sudan,1998,3,Both,25920286.84175604
522,Sudan,1999,3,Both,26595781.908158906
522,Sudan,2000,3,Both,27247313.92307452
522,Sudan,2001,3,Both,27811172.025476266
522,Sudan,2002,3,Both,28286070.839539256
522,Sudan,2003,3,Both,28808605.349523764
522,Sudan,2004,3,Both,29443208.265843388
522,Sudan,2005,3,Both,30133896.983554658
522,Sudan,2006,3,Both,30865056.61745962
522,Sudan,2007,3,Both,31635757.18118067
522,Sudan,2008,3,Both,32401515.366816644
522,Sudan,2009,3,Both,33064629.941758502
522,Sudan,2010,3,Both,33650837.73727742
522,Sudan,2011,3,Both,34274423.99441469
522,Sudan,2012,3,Both,34959025.79298913
522,Sudan,2013,3,Both,35699633.660440326
522,Sudan,2014,3,Both,36472198.07451244
522,Sudan,2015,3,Both,37362929.64580971
522,Sudan,2016,3,Both,38384810.67187926
522,Sudan,2017,3,Both,39302121.56268735
522,Sudan,2018,3,Both,40066229.722694464
522,Sudan,2019,3,Both,40808424.83898268
142,Iran,2020,1,Male,43191697.16435962
142,Iran,2020,2,Female,41769382.40903468
142,Iran,2020,3,Both,84961079.5733943
142,Iran,2021,1,Male,43390661.06755995
142,Iran,2021,2,Female,41965217.86398582
142,Iran,2021,3,Both,85355878.93154576
212,Mauritania,2020,1,Male,2117480.5584377465
212,Mauritania,2020,2,Female,2186791.9824349005
212,Mauritania,2020,3,Both,4304272.540872647
212,Mauritania,2021,1,Male,2161959.4325058684
212,Mauritania,2021,2,Female,2234275.028240157
212,Mauritania,2021,3,Both,4396234.460746025
213,Niger,2020,1,Male,11974270.40844118
213,Niger,2020,2,Female,12127007.8605982
213,Niger,2020,3,Both,24101278.26903938
213,Niger,2021,1,Male,12439377.006393025
213,Niger,2021,2,Female,12598809.773032762
213,Niger,2021,3,Both,25038186.779425785
144,Jordan,2020,1,Male,6379682.20995256
144,Jordan,2020,2,Female,5546240.753443597
144,Jordan,2020,3,Both,11925922.963396158
144,Jordan,2021,1,Male,6599170.828750025
144,Jordan,2021,2,Female,5725404.604087181
144,Jordan,2021,3,Both,12324575.432837203
214,Nigeria,2020,1,Male,107987132.1428603
214,Nigeria,2020,2,Female,117050877.02592154
214,Nigeria,2020,3,Both,225038009.16878185
214,Nigeria,2021,1,Male,110672744.81982104
214,Nigeria,2021,2,Female,120492934.4456978
214,Nigeria,2021,3,Both,231165679.26551884
215,Sao Tome and Principe,2020,1,Male,107073.027363729
215,Sao Tome and Principe,2020,2,Female,106339.21452295149
215,Sao Tome and Principe,2020,3,Both,213412.24188668048
215,Sao Tome and Principe,2021,1,Male,108738.25161590816
215,Sao Tome and Principe,2021,2,Female,107879.77151415052
215,Sao Tome and Principe,2021,3,Both,216618.02313005872
143,Iraq,2020,1,Male,21044041.892191943
143,Iraq,2020,2,Female,19548026.03813309
143,Iraq,2020,3,Both,40592067.93032503
143,Iraq,2021,1,Male,21360655.436769232
143,Iraq,2021,2,Female,19863678.09177444
143,Iraq,2021,3,Both,41224333.52854367
74,Andorra,2020,1,Male,43366.90881664218
74,Andorra,2020,2,Female,41029.05727529532
74,Andorra,2020,3,Both,84395.96609193749
74,Andorra,2021,1,Male,44028.67098743543
74,Andorra,2021,2,Female,41564.66241362539
74,Andorra,2021,3,Both,85593.33340106082
216,Senegal,2020,1,Male,7816304.449488327
216,Senegal,2020,2,Female,7753053.2711625
216,Senegal,2020,3,Both,15569357.720650826
216,Senegal,2021,1,Male,7963769.536645194
216,Senegal,2021,2,Female,7895782.5969149405
216,Senegal,2021,3,Both,15859552.133560136
217,Sierra Leone,2020,1,Male,4278882.222470976
217,Sierra Leone,2020,2,Female,4346471.152663278
217,Sierra Leone,2020,3,Both,8625353.375134254
217,Sierra Leone,2021,1,Male,4401789.7887097765
217,Sierra Leone,2021,2,Female,4465472.402046761
217,Sierra Leone,2021,3,Both,8867262.190756537
6,China,2020,1,Male,726305338.9339732
6,China,2020,2,Female,693179441.5422232
6,China,2020,3,Both,1419484780.4761963
6,China,2021,1,Male,728103456.3177699
6,China,2021,2,Female,694642496.5348351
6,China,2021,3,Both,1422745952.8526049
218,Togo,2020,1,Male,4018071.503634505
218,Togo,2020,2,Female,4179997.019909535
218,Togo,2020,3,Both,8198068.52354404
218,Togo,2021,1,Male,4102759.219724208
218,Togo,2021,2,Female,4268170.600850459
218,Togo,2021,3,Both,8370929.820574667
146,Lebanon,2020,1,Male,2780095.9501591395
146,Lebanon,2020,2,Female,2768064.318675453
146,Lebanon,2020,3,Both,5548160.268834593
146,Lebanon,2021,1,Male,2767907.998991696
146,Lebanon,2021,2,Female,2772517.251021375
146,Lebanon,2021,3,Both,5540425.250013071
77,Cyprus,2020,1,Male,660821.5068386225
77,Cyprus,2020,2,Female,678095.9483539237
77,Cyprus,2020,3,Both,1338917.455192546
77,Cyprus,2021,1,Male,669653.2820658798
77,Cyprus,2021,2,Female,688122.6639245707
77,Cyprus,2021,3,Both,1357775.9459904504
8,Taiwan (Province of China),2020,1,Male,11713137.598060742
8,Taiwan (Province of China),2020,2,Female,11931805.96184666
8,Taiwan (Province of China),2020,3,Both,23644943.559907403
8,Taiwan (Province of China),2021,1,Male,11694822.869407471
8,Taiwan (Province of China),2021,2,Female,11941866.5202361
8,Taiwan (Province of China),2021,3,Both,23636689.38964357
148,Morocco,2020,1,Male,18607206.550782207
148,Morocco,2020,2,Female,18354966.04492896
148,Morocco,2020,3,Both,36962172.59571117
148,Morocco,2021,1,Male,18722969.83490518
148,Morocco,2021,2,Female,18453642.32584838
148,Morocco,2021,3,Both,37176612.16075356
7,North Korea,2020,1,Male,13074348.585398795
7,North Korea,2020,2,Female,13267422.6397547
7,North Korea,2020,3,Both,26341771.22515349
7,North Korea,2021,1,Male,13112760.16888327
7,North Korea,2021,2,Female,13279504.404646317
7,North Korea,2021,3,Both,26392264.573529582
78,Denmark,2020,1,Male,2901608.059151446
78,Denmark,2020,2,Female,2925364.4906618563
78,Denmark,2020,3,Both,5826972.549813302
78,Denmark,2021,1,Male,2915006.438214399
78,Denmark,2021,2,Female,2936776.9962502667
78,Denmark,2021,3,Both,5851783.434464665
147,Libya,2020,1,Male,3522381.4602980185
147,Libya,2020,2,Female,3317082.8731500227
147,Libya,2020,3,Both,6839464.333448041
147,Libya,2021,1,Male,3534585.13356138
147,Libya,2021,2,Female,3335982.114139304
147,Libya,2021,3,Both,6870567.247700684
10,Cambodia,2020,1,Male,8260116.701423938
10,Cambodia,2020,2,Female,8571590.13081624
10,Cambodia,2020,3,Both,16831706.832240175
10,Cambodia,2021,1,Male,8368072.447293608
10,Cambodia,2021,2,Female,8676004.945938509
10,Cambodia,2021,3,Both,17044077.39323212
75,Austria,2020,1,Male,4409463.659393817
75,Austria,2020,2,Female,4534409.882730789
75,Austria,2020,3,Both,8943873.542124605
75,Austria,2021,1,Male,4431648.530905368
75,Austria,2021,2,Female,4550662.987198439
75,Austria,2021,3,Both,8982311.518103808
76,Belgium,2020,1,Male,5633895.658431273
76,Belgium,2020,2,Female,5809701.068351479
76,Belgium,2020,3,Both,11443596.726782752
76,Belgium,2021,1,Male,5648274.077519055
76,Belgium,2021,2,Female,5820997.55007569
76,Belgium,2021,3,Both,11469271.627594749
150,Oman,2020,1,Male,2771511.730237391
150,Oman,2020,2,Female,1742858.386867665
150,Oman,2020,3,Both,4514370.117105056
150,Oman,2021,1,Male,2896585.248510113
150,Oman,2021,2,Female,1807175.1241174927
150,Oman,2021,3,Both,4703760.372627607
145,Kuwait,2020,1,Male,2404010.6806874373
145,Kuwait,2020,2,Female,2116820.520293973
145,Kuwait,2020,3,Both,4520831.20098141
145,Kuwait,2021,1,Male,2456538.3221638007
145,Kuwait,2021,2,Female,2193543.5260317605
145,Kuwait,2021,3,Both,4650081.848195561
12,Laos,2020,1,Male,3661319.984388798
12,Laos,2020,2,Female,3618992.060974309
12,Laos,2020,3,Both,7280312.045363107
12,Laos,2021,1,Male,3710981.109892996
12,Laos,2021,2,Female,3666570.887910922
12,Laos,2021,3,Both,7377551.997803917
11,Indonesia,2020,1,Male,139674091.1200911
11,Indonesia,2020,2,Female,136230895.05278713
11,Indonesia,2020,3,Both,275904986.1728782
11,Indonesia,2021,1,Male,141198552.3730793
11,Indonesia,2021,2,Female,137715629.81915665
11,Indonesia,2021,3,Both,278914182.19223595
522,Sudan,2020,1,Male,21700100.737229936
522,Sudan,2020,2,Female,20994224.359481946
522,Sudan,2020,3,Both,42694325.09671188
522,Sudan,2021,1,Male,22057306.191995967
522,Sudan,2021,2,Female,21361739.614227355
522,Sudan,2021,3,Both,43419045.80622332
152,Saudi Arabia,2020,1,Male,21582359.235097464
152,Saudi Arabia,2020,2,Female,15397009.43442754
152,Saudi Arabia,2020,3,Both,36979368.669525005
152,Saudi Arabia,2021,1,Male,22029373.84408611
152,Saudi Arabia,2021,2,Female,15674814.134030942
152,Saudi Arabia,2021,3,Both,37704187.978117056
151,Qatar,2020,1,Male,2072463.6476050413
151,Qatar,2020,2,Female,830574.5711862058
151,Qatar,2020,3,Both,2903038.218791248
151,Qatar,2021,1,Male,2099772.574648733
151,Qatar,2021,2,Female,877289.0835038717
151,Qatar,2021,3,Both,2977061.6581526045
14,Maldives,2020,1,Male,306776.5395226624
14,Maldives,2020,2,Female,195929.89893438588
14,Maldives,2020,3,Both,502706.4384570483
14,Maldives,2021,1,Male,318695.9404823439
14,Maldives,2021,2,Female,198511.76900670832
14,Maldives,2021,3,Both,517207.7094890522
82,Greece,2020,1,Male,4982716.407298002
82,Greece,2020,2,Female,5267611.395462837
82,Greece,2020,3,Both,10250327.80276084
82,Greece,2021,1,Male,4941889.094172108
82,Greece,2021,2,Female,5233021.221408219
82,Greece,2021,3,Both,10174910.315580329
16,Philippines,2020,1,Male,56746467.31973511
16,Philippines,2020,2,Female,55162449.93481776
16,Philippines,2020,3,Both,111908917.25455289
16,Philippines,2021,1,Male,57417451.9549401
16,Philippines,2021,2,Female,55832083.8042149
16,Philippines,2021,3,Both,113249535.759155
154,Tunisia,2020,1,Male,5869103.578637035
154,Tunisia,2020,2,Female,5914850.90323487
154,Tunisia,2020,3,Both,11783954.481871905
154,Tunisia,2021,1,Male,5895181.090850831
154,Tunisia,2021,2,Female,5947396.830885303
154,Tunisia,2021,3,Both,11842577.921736134
81,Germany,2020,1,Male,42394967.90892592
81,Germany,2020,2,Female,42807460.57120842
81,Germany,2020,3,Both,85202428.48013434
81,Germany,2021,1,Male,42528486.91824127
81,Germany,2021,2,Female,42843360.59789978
81,Germany,2021,3,Both,85371847.51614104
80,France,2020,1,Male,32137414.91093713
80,France,2020,2,Female,34144369.142231554
80,France,2020,3,Both,66281784.05316869
80,France,2021,1,Male,32184656.470288973
80,France,2021,2,Female,34205220.26638662
80,France,2021,3,Both,66389876.7366756
15,Myanmar,2020,1,Male,26974710.12863762
15,Myanmar,2020,2,Female,28902875.382567115
15,Myanmar,2020,3,Both,55877585.511204734
15,Myanmar,2021,1,Male,27231303.280496784
15,Myanmar,2021,2,Female,29188366.51951932
15,Myanmar,2021,3,Both,56419669.800016105
79,Finland,2020,1,Male,2731870.597638574
79,Finland,2020,2,Female,2802090.810398504
79,Finland,2020,3,Both,5533961.408037078
79,Finland,2021,1,Male,2733970.118128086
79,Finland,2021,2,Female,2801955.239745637
79,Finland,2021,3,Both,5535925.357873723
156,United Arab Emirates,2020,1,Male,6918926.546945103
156,United Arab Emirates,2020,2,Female,2652305.2650451344
156,United Arab Emirates,2020,3,Both,9571231.811990237
156,United Arab Emirates,2021,1,Male,6945687.589462036
156,United Arab Emirates,2021,2,Female,2685463.216943385
156,United Arab Emirates,2021,3,Both,9631150.80640542
149,Palestine,2020,1,Male,2575274.799263739
149,Palestine,2020,2,Female,2479043.185270952
149,Palestine,2020,3,Both,5054317.984534691
149,Palestine,2021,1,Male,2617158.915746896
149,Palestine,2021,2,Female,2518429.2261123434
149,Palestine,2021,3,Both,5135588.141859239
18,Thailand,2020,1,Male,32249461.12374242
18,Thailand,2020,2,Female,34478569.5636597
18,Thailand,2020,3,Both,66728030.68740212
18,Thailand,2021,1,Male,32189474.049014896
18,Thailand,2021,2,Female,34493772.18060433
18,Thailand,2021,3,Both,66683246.22961923
155,Turkey,2020,1,Male,41759190.949007474
155,Turkey,2020,2,Female,41441855.36166619
155,Turkey,2020,3,Both,83201046.31067365
155,Turkey,2021,1,Male,41932635.93137034
155,Turkey,2021,2,Female,41679408.85366339
155,Turkey,2021,3,Both,83612044.78503373
298,American Samoa,2020,1,Male,25776.17569790928
298,American Samoa,2020,2,Female,24662.7766842254
298,American Samoa,2020,3,Both,50438.95238213468
298,American Samoa,2021,1,Male,25449.49782297409
298,American Samoa,2021,2,Female,24309.142435060287
298,American Samoa,2021,3,Both,49758.64025803438
20,Vietnam,2020,1,Male,49549316.963822044
20,Vietnam,2020,2,Female,49843877.34856757
20,Vietnam,2020,3,Both,99393194.3123896
20,Vietnam,2021,1,Male,50014442.73583657
20,Vietnam,2021,2,Female,50253411.52533247
20,Vietnam,2021,3,Both,100267854.26116905
22,Fiji,2020,1,Male,466840.91015438375
22,Fiji,2020,2,Female,454184.0248621015
22,Fiji,2020,3,Both,921024.9350164852
22,Fiji,2021,1,Male,468220.1750458749
22,Fiji,2021,2,Female,456253.8096667769
22,Fiji,2021,3,Both,924473.9847126518
84,Ireland,2020,1,Male,2435057.1032330543
84,Ireland,2020,2,Female,2487979.110848675
84,Ireland,2020,3,Both,4923036.214081729
84,Ireland,2021,1,Male,2443551.191253168
84,Ireland,2021,2,Female,2497823.082649404
84,Ireland,2021,3,Both,4941374.273902571
86,Italy,2020,1,Male,29240092.974690583
86,Italy,2020,2,Female,30833158.257881187
86,Italy,2020,3,Both,60073251.23257177
86,Italy,2021,1,Male,29124822.74671848
86,Italy,2021,2,Female,30686629.65926547
86,Italy,2021,3,Both,59811452.40598395
162,Bhutan,2020,1,Male,394131.21743820986
162,Bhutan,2020,2,Female,364156.4755786413
162,Bhutan,2020,3,Both,758287.6930168511
162,Bhutan,2021,1,Male,392507.39720590814
162,Bhutan,2021,2,Female,364392.6976503327
162,Bhutan,2021,3,Both,756900.0948562409
19,Timor-Leste,2020,1,Male,693126.3357514621
19,Timor-Leste,2020,2,Female,676204.7155380282
19,Timor-Leste,2020,3,Both,1369331.0512894902
19,Timor-Leste,2021,1,Male,706939.4335442914
19,Timor-Leste,2021,2,Female,690793.9244019383
19,Timor-Leste,2021,3,Both,1397733.35794623
24,Marshall Islands,2020,1,Male,28701.3902335616
24,Marshall Islands,2020,2,Female,27408.05241634818
24,Marshall Islands,2020,3,Both,56109.442649909775
24,Marshall Islands,2021,1,Male,28776.130512297324
24,Marshall Islands,2021,2,Female,27496.970340546726
24,Marshall Islands,2021,3,Both,56273.10085284405
83,Iceland,2020,1,Male,175915.11352728654
83,Iceland,2020,2,Female,171530.55006240515
83,Iceland,2020,3,Both,347445.6635896917
83,Iceland,2021,1,Male,177532.97738022413
83,Iceland,2021,2,Female,172852.96198981383
83,Iceland,2021,3,Both,350385.939370038
26,Papua New Guinea,2020,1,Male,5278440.513259498
26,Papua New Guinea,2020,2,Female,4896301.593793578
26,Papua New Guinea,2020,3,Both,10174742.107053077
26,Papua New Guinea,2021,1,Male,5425374.293340311
26,Papua New Guinea,2021,2,Female,5036197.259744421
26,Papua New Guinea,2021,3,Both,10461571.553084731
320,Cook Islands,2020,1,Male,8635.763064532373
320,Cook Islands,2020,2,Female,9120.008535633517
320,Cook Islands,2020,3,Both,17755.771600165892
320,Cook Islands,2021,1,Male,8618.03601787033
320,Cook Islands,2021,2,Female,9129.479058051737
320,Cook Islands,2021,3,Both,17747.515075922067
351,Guam,2020,1,Male,81151.30422925313
351,Guam,2020,2,Female,78785.86246296289
351,Guam,2020,3,Both,159937.16669221604
351,Guam,2021,1,Male,80632.40194143151
351,Guam,2021,2,Female,78563.9939935946
351,Guam,2021,3,Both,159196.3959350261
160,Afghanistan,2020,1,Male,15441194.52368009
160,Afghanistan,2020,2,Female,14786549.45655832
160,Afghanistan,2020,3,Both,30227743.98023841
160,Afghanistan,2021,1,Male,15956814.693991007
160,Afghanistan,2021,2,Female,15265381.0684246
160,Afghanistan,2021,3,Both,31222195.762415607
88,Malta,2020,1,Male,220592.9864487541
88,Malta,2020,2,Female,220606.2267750016
88,Malta,2020,3,Both,441199.2132237557
88,Malta,2021,1,Male,221261.6564880616
88,Malta,2021,2,Female,220957.45299434345
88,Malta,2021,3,Both,442219.10948240495
23,Kiribati,2020,1,Male,58616.28871930817
23,Kiribati,2020,2,Female,61055.92016906269
23,Kiribati,2020,3,Both,119672.20888837086
23,Kiribati,2021,1,Male,59319.029585102224
23,Kiribati,2021,2,Female,61841.94321741825
23,Kiribati,2021,3,Both,121160.97280252048
349,Greenland,2020,1,Male,29468.73249316544
349,Greenland,2020,2,Female,26588.31668837213
349,Greenland,2020,3,Both,56057.049181537564
349,Greenland,2021,1,Male,29456.938548813043
349,Greenland,2021,2,Female,26645.5746747662
349,Greenland,2021,3,Both,56102.51322357924
85,Israel,2020,1,Male,4699861.845061143
85,Israel,2020,2,Female,4739580.177354491
85,Israel,2020,3,Both,9439442.022415634
85,Israel,2021,1,Male,4778217.87798989
85,Israel,2021,2,Female,4815718.239073556
85,Israel,2021,3,Both,9593936.117063446
153,Syria,2020,1,Male,6725756.781409675
153,Syria,2020,2,Female,7262503.175447152
153,Syria,2020,3,Both,13988259.956856828
153,Syria,2021,1,Male,6744196.176283695
153,Syria,2021,2,Female,7286240.087331568
153,Syria,2021,3,Both,14030436.263615264
369,Nauru,2020,1,Male,5526.723892457785
369,Nauru,2020,2,Female,5430.843166267427
369,Nauru,2020,3,Both,10957.567058725212
369,Nauru,2021,1,Male,5559.25849876917
369,Nauru,2021,2,Female,5465.176079997712
369,Nauru,2021,3,Both,11024.434578766884
90,Norway,2020,1,Male,2717318.660119976
90,Norway,2020,2,Female,2665918.4700224493
90,Norway,2020,3,Both,5383237.130142425
90,Norway,2021,1,Male,2736594.01131916
90,Norway,2021,2,Female,2681476.1753773857
90,Norway,2021,3,Both,5418070.186696545
28,Solomon Islands,2020,1,Male,342193.59055028576
28,Solomon Islands,2020,2,Female,328318.0753677264
28,Solomon Islands,2020,3,Both,670511.6659180121
28,Solomon Islands,2021,1,Male,348726.7503491768
28,Solomon Islands,2021,2,Female,334837.55919911055
28,Solomon Islands,2021,3,Both,683564.3095482873
164,Nepal,2020,1,Male,14694251.684752053
164,Nepal,2020,2,Female,16143681.509677349
164,Nepal,2020,3,Both,30837933.1944294
164,Nepal,2021,1,Male,14805607.334220331
164,Nepal,2021,2,Female,16324204.430281809
164,Nepal,2021,3,Both,31129811.76450214
13,Malaysia,2020,1,Male,16319176.45517812
13,Malaysia,2020,2,Female,15220905.658119546
13,Malaysia,2020,3,Both,31540082.113297667
13,Malaysia,2021,1,Male,16458673.351369135
13,Malaysia,2021,2,Female,15353552.21465088
13,Malaysia,2021,3,Both,31812225.56602002
27,Samoa,2020,1,Male,108541.2240986399
27,Samoa,2020,2,Female,102401.0601395262
27,Samoa,2020,3,Both,210942.2842381661
27,Samoa,2021,1,Male,109891.84815582952
27,Samoa,2021,2,Female,103748.00698631776
27,Samoa,2021,3,Both,213639.85514214728
163,India,2020,1,Male,718457145.4564515
163,India,2020,2,Female,683904537.180178
163,India,2020,3,Both,1402361682.6366296
163,India,2021,1,Male,724235286.5399119
163,India,2021,2,Female,690259688.2199277
163,India,2021,3,Both,1414494974.7598395
367,Monaco,2020,1,Male,18372.440523885954
367,Monaco,2020,2,Female,19413.173875937817
367,Monaco,2020,3,Both,37785.614399823775
367,Monaco,2021,1,Male,18395.33138416949
367,Monaco,2021,2,Female,19468.1189578886
367,Monaco,2021,3,Both,37863.4503420581
305,Bermuda,2020,1,Male,30874.23782503251
305,Bermuda,2020,2,Female,33001.78428305152
305,Bermuda,2020,3,Both,63876.02210808403
305,Bermuda,2021,1,Male,30715.03344987651
305,Bermuda,2021,2,Female,32825.814383133744
305,Bermuda,2021,3,Both,63540.84783301026
30,Vanuatu,2020,1,Male,154880.84864329651
30,Vanuatu,2020,2,Female,151702.26769773502
30,Vanuatu,2020,3,Both,306583.1163410316
30,Vanuatu,2021,1,Male,157997.7772467608
30,Vanuatu,2021,2,Female,154984.10913938575
30,Vanuatu,2021,3,Both,312981.88638614654
92,Spain,2020,1,Male,22389354.540305577
92,Spain,2020,2,Female,23391505.79724432
92,Spain,2020,3,Both,45780860.337549895
92,Spain,2021,1,Male,22259744.99862999
92,Spain,2021,2,Female,23289583.18576683
92,Spain,2021,3,Both,45549328.184396826
87,Luxembourg,2020,1,Male,317709.2989169519
87,Luxembourg,2020,2,Female,313659.78127386153
87,Luxembourg,2020,3,Both,631369.0801908135
87,Luxembourg,2021,1,Male,324398.8509743753
87,Luxembourg,2021,2,Female,319867.49663068604
87,Luxembourg,2021,3,Both,644266.3476050614
94,Switzerland,2020,1,Male,4411662.356044203
94,Switzerland,2020,2,Female,4439628.511880598
94,Switzerland,2020,3,Both,8851290.867924802
94,Switzerland,2021,1,Male,4450242.785612492
94,Switzerland,2021,2,Female,4472568.82205655
94,Switzerland,2021,3,Both,8922811.60766904
385,Puerto Rico,2020,1,Male,1586077.3275529991
385,Puerto Rico,2020,2,Female,1751970.7012635728
385,Puerto Rico,2020,3,Both,3338048.028816572
385,Puerto Rico,2021,1,Male,1564110.736236984
385,Puerto Rico,2021,2,Female,1730234.74202132
385,Puerto Rico,2021,3,Both,3294345.478258304
170,Congo,2020,1,Male,2635866.5531743933
170,Congo,2020,2,Female,2665256.932582376
170,Congo,2020,3,Both,5301123.485756769
170,Congo,2021,1,Male,2680255.667182794
170,Congo,2021,2,Female,2711347.022271601
170,Congo,2021,3,Both,5391602.689454394
168,Angola,2020,1,Male,15368829.890165426
168,Angola,2020,2,Female,16309093.091759091
168,Angola,2020,3,Both,31677922.98192452
168,Angola,2021,1,Male,15865245.330141371
168,Angola,2021,2,Female,16841206.79765695
168,Angola,2021,3,Both,32706452.127798323
380,Palau,2020,1,Male,9935.976012119583
380,Palau,2020,2,Female,8149.574196375938
380,Palau,2020,3,Both,18085.55020849552
380,Palau,2021,1,Male,9965.370809696911
380,Palau,2021,2,Female,8131.474677382682
380,Palau,2021,3,Both,18096.8454870796
89,Netherlands,2020,1,Male,8525444.865513336
89,Netherlands,2020,2,Female,8650671.922028549
89,Netherlands,2020,3,Both,17176116.787541885
89,Netherlands,2021,1,Male,8544341.203028731
89,Netherlands,2021,2,Female,8666320.594994972
89,Netherlands,2021,3,Both,17210661.798023704
34,Azerbaijan,2020,1,Male,5227610.325007492
34,Azerbaijan,2020,2,Female,5209066.041793621
34,Azerbaijan,2020,3,Both,10436676.366801113
34,Azerbaijan,2021,1,Male,5260640.273125848
34,Azerbaijan,2021,2,Female,5239528.1082246415
34,Azerbaijan,2021,3,Both,10500168.38135049
17,Sri Lanka,2020,1,Male,10692106.913806835
17,Sri Lanka,2020,2,Female,11455004.474660216
17,Sri Lanka,2020,3,Both,22147111.38846705
17,Sri Lanka,2021,1,Male,10746545.726464553
17,Sri Lanka,2021,2,Female,11523508.874228708
17,Sri Lanka,2021,3,Both,22270054.60069326
157,Yemen,2020,1,Male,16655669.750134742
157,Yemen,2020,2,Female,16312860.87427721
157,Yemen,2020,3,Both,32968530.62441195
157,Yemen,2021,1,Male,16982304.832808863
157,Yemen,2021,2,Female,16661167.67540487
157,Yemen,2021,3,Both,33643472.508213736
36,Kazakhstan,2020,1,Male,9073311.32966347
36,Kazakhstan,2020,2,Female,9643580.140180796
36,Kazakhstan,2020,3,Both,18716891.469844263
36,Kazakhstan,2021,1,Male,9192295.6940461
36,Kazakhstan,2021,2,Female,9763225.506797967
36,Kazakhstan,2021,3,Both,18955521.200844068
416,Tuvalu,2020,1,Male,6352.685045970503
416,Tuvalu,2020,2,Female,5860.10947469334
416,Tuvalu,2020,3,Both,12212.794520663843
416,Tuvalu,2021,1,Male,6441.310748221526
416,Tuvalu,2021,2,Female,5925.777489130361
416,Tuvalu,2021,3,Both,12367.088237351889
35,Georgia,2020,1,Male,1745433.680715523
35,Georgia,2020,2,Female,1899410.3566621144
35,Georgia,2020,3,Both,3644844.037377637
35,Georgia,2021,1,Male,1729041.3941478736
35,Georgia,2021,2,Female,1878244.8992468289
35,Georgia,2021,3,Both,3607286.293394704
98,Chile,2020,1,Male,9182816.39145556
98,Chile,2020,2,Female,9478061.165483749
98,Chile,2020,3,Both,18660877.556939304
98,Chile,2021,1,Male,9250785.133234164
98,Chile,2021,2,Female,9547062.10872409
98,Chile,2021,3,Both,18797847.241958253
171,Democratic Republic of the Congo,2020,1,Male,44391398.95985007
171,Democratic Republic of the Congo,2020,2,Female,43566095.52847687
171,Democratic Republic of the Congo,2020,3,Both,87957494.48832694
171,Democratic Republic of the Congo,2021,1,Male,45426719.21770252
171,Democratic Republic of the Congo,2021,2,Female,44591044.437931806
171,Democratic Republic of the Congo,2021,3,Both,90017763.65563431
172,Equatorial Guinea,2020,1,Male,797814.7751560911
172,Equatorial Guinea,2020,2,Female,674844.971259186
172,Equatorial Guinea,2020,3,Both,1472659.7464152772
172,Equatorial Guinea,2021,1,Male,820922.5488026057
172,Equatorial Guinea,2021,2,Female,691389.3694451848
172,Equatorial Guinea,2021,3,Both,1512311.9182477903
376,Northern Mariana Islands,2020,1,Male,25603.21658706555
376,Northern Mariana Islands,2020,2,Female,23131.78010883061
376,Northern Mariana Islands,2020,3,Both,48734.99669589617
376,Northern Mariana Islands,2021,1,Male,25467.926020977025
376,Northern Mariana Islands,2021,2,Female,23024.235611890803
376,Northern Mariana Islands,2021,3,Both,48492.16163286782
435,South Sudan,2020,1,Male,4720634.708531945
435,South Sudan,2020,2,Female,4692225.291999063
435,South Sudan,2020,3,Both,9412860.000531008
435,South Sudan,2021,1,Male,4850739.623568401
435,South Sudan,2021,2,Female,4821782.758411659
435,South Sudan,2021,3,Both,9672522.38198006
413,Tokelau,2020,1,Male,693.2573748736045
413,Tokelau,2020,2,Female,667.8837662906184
413,Tokelau,2020,3,Both,1361.141141164223
413,Tokelau,2021,1,Male,699.1673126531942
413,Tokelau,2021,2,Female,671.7986506635203
413,Tokelau,2021,3,Both,1370.9659633167146
102,United States,2020,1,Male,162987913.71014982
102,United States,2020,2,Female,168512836.83224982
102,United States,2020,3,Both,331500750.54239964
102,United States,2021,1,Male,163465343.02071914
102,United States,2021,2,Female,169178080.6890509
102,United States,2021,3,Both,332643423.7097701
91,Portugal,2020,1,Male,5058196.6308800485
91,Portugal,2020,2,Female,5584900.05465933
91,Portugal,2020,3,Both,10643096.685539378
91,Portugal,2021,1,Male,5038288.197183259
91,Portugal,2021,2,Female,5569560.504721606
91,Portugal,2021,3,Both,10607848.701904863
178,Eritrea,2020,1,Male,3277784.7092750594
178,Eritrea,2020,2,Female,3177897.4156455128
178,Eritrea,2020,3,Both,6455682.124920572
178,Eritrea,2021,1,Male,3350953.785840381
178,Eritrea,2021,2,Female,3246954.3660608763
178,Eritrea,2021,3,Both,6597908.151901257
38,Mongolia,2020,1,Male,1620026.982578667
38,Mongolia,2020,2,Female,1660600.2733598012
38,Mongolia,2020,3,Both,3280627.255938468
38,Mongolia,2021,1,Male,1646849.0339554378
38,Mongolia,2021,2,Female,1689443.8755376546
38,Mongolia,2021,3,Both,3336292.9094930924
40,Turkmenistan,2020,1,Male,2612203.643329752
40,Turkmenistan,2020,2,Female,2502067.252324136
40,Turkmenistan,2020,3,Both,5114270.895653888
40,Turkmenistan,2021,1,Male,2634974.054110079
40,Turkmenistan,2021,2,Female,2523398.8254336403
40,Turkmenistan,2021,3,Both,5158372.87954372
175,Burundi,2020,1,Male,6408223.1952146925
175,Burundi,2020,2,Female,6395134.339110929
175,Burundi,2020,3,Both,12803357.534325622
175,Burundi,2021,1,Male,6620320.6527800765
175,Burundi,2021,2,Female,6599973.793579825
175,Burundi,2021,3,Both,13220294.446359904
39,Tajikistan,2020,1,Male,5040372.4501410965
39,Tajikistan,2020,2,Female,4906284.053875065
39,Tajikistan,2020,3,Both,9946656.50401616
39,Tajikistan,2021,1,Male,5148302.957320453
39,Tajikistan,2021,2,Female,5011639.191982731
39,Tajikistan,2021,3,Both,10159942.149303185
176,Comoros,2020,1,Male,367259.118826603
176,Comoros,2020,2,Female,368605.046483015
176,Comoros,2020,3,Both,735864.165309618
176,Comoros,2021,1,Male,371544.7988541576
176,Comoros,2021,2,Female,372829.3446357112
176,Comoros,2021,3,Both,744374.1434898687
161,Bangladesh,2020,1,Male,80544107.0377164
161,Bangladesh,2020,2,Female,82914330.06019793
161,Bangladesh,2020,3,Both,163458437.09791434
161,Bangladesh,2021,1,Male,80978274.68518254
161,Bangladesh,2021,2,Female,83657841.7797741
161,Bangladesh,2021,3,Both,164636116.46495664
182,Malawi,2020,1,Male,9265859.699257052
182,Malawi,2020,2,Female,9751708.692466822
182,Malawi,2020,3,Both,19017568.39172387
182,Malawi,2021,1,Male,9473099.114380764
182,Malawi,2021,2,Female,9974741.415600397
182,Malawi,2021,3,Both,19447840.52998116
396,San Marino,2020,1,Male,15816.636969661497
396,San Marino,2020,2,Female,16864.04260167162
396,San Marino,2020,3,Both,32680.67957133312
396,San Marino,2021,1,Male,15844.335514238272
396,San Marino,2021,2,Female,16895.73854998167
396,San Marino,2021,3,Both,32740.07406421994
106,The Bahamas,2020,1,Male,186825.1358225348
106,The Bahamas,2020,2,Female,199740.3187151001
106,The Bahamas,2020,3,Both,386565.45453763497
106,The Bahamas,2021,1,Male,187309.41289096093
106,The Bahamas,2021,2,Female,200656.30393452224
106,The Bahamas,2021,3,Both,387965.7168254832
95,United Kingdom,2020,1,Male,33192039.37411481
95,United Kingdom,2020,2,Female,34386937.180455804
95,United Kingdom,2020,3,Both,67578976.55457062
95,United Kingdom,2021,1,Male,33305061.68325884
95,United Kingdom,2021,2,Female,34543328.417402975
95,United Kingdom,2021,3,Both,67848390.10066181
186,Seychelles,2020,1,Male,55023.09171301943
186,Seychelles,2020,2,Female,49461.11416537417
186,Seychelles,2020,3,Both,104484.2058783936
186,Seychelles,2021,1,Male,55563.45880296177
186,Seychelles,2021,2,Female,49868.037049647966
186,Seychelles,2021,3,Both,105431.49585260972
93,Sweden,2020,1,Male,5179133.089124794
93,Sweden,2020,2,Female,5120892.301415534
93,Sweden,2020,3,Both,10300025.390540328
93,Sweden,2021,1,Male,5220251.74592545
93,Sweden,2021,2,Female,5153261.477495403
93,Sweden,2021,3,Both,10373513.223420853
179,Ethiopia,2020,1,Male,53816627.91724869
179,Ethiopia,2020,2,Female,52905207.79144432
179,Ethiopia,2020,3,Both,106721835.708693
179,Ethiopia,2021,1,Male,54906049.47638715
179,Ethiopia,2021,2,Female,54031950.12227552
179,Ethiopia,2021,3,Both,108937999.59866266
180,Kenya,2020,1,Male,24530517.25221281
180,Kenya,2020,2,Female,24831804.709853817
180,Kenya,2020,3,Both,49362321.96206663
180,Kenya,2021,1,Male,24862120.26969144
180,Kenya,2021,2,Female,25200275.706911296
180,Kenya,2021,3,Both,50062395.97660273
44,Bosnia and Herzegovina,2020,1,Male,1638763.5650268225
44,Bosnia and Herzegovina,2020,2,Female,1710993.237114433
44,Bosnia and Herzegovina,2020,3,Both,3349756.8021412552
44,Bosnia and Herzegovina,2021,1,Male,1614401.9783417168
44,Bosnia and Herzegovina,2021,2,Female,1688461.7169037294
44,Bosnia and Herzegovina,2021,3,Both,3302863.695245446
110,Dominica,2020,1,Male,34199.50695113916
110,Dominica,2020,2,Female,33127.527080772066
110,Dominica,2020,3,Both,67327.03403191121
110,Dominica,2021,1,Male,34092.15193866303
110,Dominica,2021,2,Female,32984.69721106291
110,Dominica,2021,3,Both,67076.84914972594
43,Albania,2020,1,Male,1352126.896686047
43,Albania,2020,2,Female,1336537.9450330306
43,Albania,2020,3,Both,2688664.841719077
43,Albania,2021,1,Male,1340854.675579167
43,Albania,2021,2,Female,1327007.2864634097
43,Albania,2021,3,Both,2667861.9620425766
46,Croatia,2020,1,Male,2053434.689274028
46,Croatia,2020,2,Female,2179901.1703441017
46,Croatia,2020,3,Both,4233335.859618129
46,Croatia,2021,1,Male,2041972.4808432427
46,Croatia,2021,2,Female,2166666.944369849
46,Croatia,2021,3,Both,4208639.425213091
374,Niue,2020,1,Male,838.6245940286319
374,Niue,2020,2,Female,828.613183609512
374,Niue,2020,3,Both,1667.2377776381438
374,Niue,2021,1,Male,840.7977253083965
374,Niue,2021,2,Female,830.8747998617073
374,Niue,2021,3,Both,1671.672525170104
108,Belize,2020,1,Male,209222.14300179688
108,Belize,2020,2,Female,211758.6312878136
108,Belize,2020,3,Both,420980.7742896105
108,Belize,2021,1,Male,213104.89030924425
108,Belize,2021,2,Female,215969.8144645336
108,Belize,2021,3,Both,429074.7047737778
48,Hungary,2020,1,Male,4598858.026868697
48,Hungary,2020,2,Female,5050939.679139934
48,Hungary,2020,3,Both,9649797.70600863
48,Hungary,2021,1,Male,4575107.641704787
48,Hungary,2021,2,Female,5022202.731487983
48,Hungary,2021,3,Both,9597310.37319277
191,Zambia,2020,1,Male,9424500.772231854
191,Zambia,2020,2,Female,9603192.876281952
191,Zambia,2020,3,Both,19027693.64851381
191,Zambia,2021,1,Male,9663609.448898643
191,Zambia,2021,2,Female,9851661.37070582
191,Zambia,2021,3,Both,19515270.819604464
99,Uruguay,2020,1,Male,1635160.300925827
99,Uruguay,2020,2,Female,1775433.7248622417
99,Uruguay,2020,3,Both,3410594.0257880683
99,Uruguay,2021,1,Male,1632215.082629524
99,Uruguay,2021,2,Female,1773403.2060355777
99,Uruguay,2021,3,Both,3405618.2886651014
183,Mauritius,2020,1,Male,628673.5319090498
183,Mauritius,2020,2,Female,644707.252807179
183,Mauritius,2020,3,Both,1273380.784716229
183,Mauritius,2021,1,Male,627637.4071998685
183,Mauritius,2021,2,Female,644326.1551135369
183,Mauritius,2021,3,Both,1271963.562313405
184,Mozambique,2020,1,Male,14579673.435021522
184,Mozambique,2020,2,Female,15710100.93261118
184,Mozambique,2020,3,Both,30289774.367632706
184,Mozambique,2021,1,Male,14953675.114489274
184,Mozambique,2021,2,Female,16118979.03051411
184,Mozambique,2021,3,Both,31072654.145003386
47,Czech Republic,2020,1,Male,5241015.319393164
47,Czech Republic,2020,2,Female,5406054.111601921
47,Czech Republic,2020,3,Both,10647069.430995084
47,Czech Republic,2021,1,Male,5233241.706265884
47,Czech Republic,2021,2,Female,5399141.459281851
47,Czech Republic,2021,3,Both,10632383.165547736
114,Haiti,2020,1,Male,6188885.614308138
114,Haiti,2020,2,Female,6442607.144005564
114,Haiti,2020,3,Both,12631492.758313702
114,Haiti,2021,1,Male,6301657.258940336
114,Haiti,2021,2,Female,6562370.971933177
114,Haiti,2021,3,Both,12864028.230873512
165,Pakistan,2020,1,Male,118101140.15880673
165,Pakistan,2020,2,Female,112453831.69072364
165,Pakistan,2020,3,Both,230554971.8495304
165,Pakistan,2021,1,Male,120564348.34395882
165,Pakistan,2021,2,Female,114989259.92416808
165,Pakistan,2021,3,Both,235553608.2681269
50,Montenegro,2020,1,Male,306824.220064805
50,Montenegro,2020,2,Female,313981.27558699355
50,Montenegro,2020,3,Both,620805.4956517986
50,Montenegro,2021,1,Male,305233.25905795395
50,Montenegro,2021,2,Female,312827.0536935844
50,Montenegro,2021,3,Both,618060.3127515384
97,Argentina,2020,1,Male,22086289.922555704
97,Argentina,2020,2,Female,23197689.725093104
97,Argentina,2020,3,Both,45283979.64764881
97,Argentina,2021,1,Male,22181231.90550919
97,Argentina,2021,2,Female,23305985.43956282
97,Argentina,2021,3,Both,45487217.34507201
112,Grenada,2020,1,Male,52784.95002732398
112,Grenada,2020,2,Female,50361.282962647296
112,Grenada,2020,3,Both,103146.23298997128
112,Grenada,2021,1,Male,52561.060519883904
112,Grenada,2021,2,Female,50065.44249769515
112,Grenada,2021,3,Both,102626.50301757905
195,Namibia,2020,1,Male,1166559.648279382
195,Namibia,2020,2,Female,1239248.5562943846
195,Namibia,2020,3,Both,2405808.204573767
195,Namibia,2021,1,Male,1178223.128982591
195,Namibia,2021,2,Female,1252947.3515459218
195,Namibia,2021,3,Both,2431170.480528513
25,Federated States of Micronesia,2020,1,Male,52330.69882446046
25,Federated States of Micronesia,2020,2,Female,50368.57229703439
25,Federated States of Micronesia,2020,3,Both,102699.27112149484
25,Federated States of Micronesia,2021,1,Male,52265.99754558083
25,Federated States of Micronesia,2021,2,Female,50311.77113239253
25,Federated States of Micronesia,2021,3,Both,102577.76867797336
52,Romania,2020,1,Male,9299169.600181893
52,Romania,2020,2,Female,9818491.96003577
52,Romania,2020,3,Both,19117661.56021766
52,Romania,2021,1,Male,9206965.055161996
52,Romania,2021,2,Female,9731590.093923748
52,Romania,2021,3,Both,18938555.14908574
51,Poland,2020,1,Male,18576351.171952903
51,Poland,2020,2,Female,19796342.929045685
51,Poland,2020,3,Both,38372694.10099859
51,Poland,2021,1,Male,18507417.819356546
51,Poland,2021,2,Female,19731037.7038878
51,Poland,2021,3,Both,38238455.52324434
189,Tanzania,2020,1,Male,27816618.33502664
189,Tanzania,2020,2,Female,29359943.502299383
189,Tanzania,2020,3,Both,57176561.83732602
189,Tanzania,2021,1,Male,28421749.95045765
189,Tanzania,2021,2,Female,30026102.28055301
189,Tanzania,2021,3,Both,58447852.23101066
54,Slovakia,2020,1,Male,2654909.499319921
54,Slovakia,2020,2,Female,2784228.189933832
54,Slovakia,2020,3,Both,5439137.689253752
54,Slovakia,2021,1,Male,2650620.8057795744
54,Slovakia,2021,2,Female,2778834.2740663523
54,Slovakia,2021,3,Both,5429455.079845927
116,Saint Lucia,2020,1,Male,88685.48583893177
116,Saint Lucia,2020,2,Female,88635.68561836838
116,Saint Lucia,2020,3,Both,177321.17145730017
116,Saint Lucia,2021,1,Male,88772.39401223243
116,Saint Lucia,2021,2,Female,88740.00288423461
116,Saint Lucia,2021,3,Both,177512.39689646702
393,Saint Kitts and Nevis,2020,1,Male,29174.46314117951
393,Saint Kitts and Nevis,2020,2,Female,29166.460499676607
393,Saint Kitts and Nevis,2020,3,Both,58340.92364085612
393,Saint Kitts and Nevis,2021,1,Male,29306.07768316541
393,Saint Kitts and Nevis,2021,2,Female,29339.21285883958
393,Saint Kitts and Nevis,2021,3,Both,58645.290542004994
187,Somalia,2020,1,Male,10637296.10885272
187,Somalia,2020,2,Female,10166214.351150326
187,Somalia,2020,3,Both,20803510.460003044
187,Somalia,2021,1,Male,11049993.360691452
187,Somalia,2021,2,Female,10556527.375512276
187,Somalia,2021,3,Both,21606520.73620373
118,Suriname,2020,1,Male,285144.3117933106
118,Suriname,2020,2,Female,291978.9122030877
118,Suriname,2020,3,Both,577123.2239963984
118,Suriname,2021,1,Male,285812.27917776926
118,Suriname,2021,2,Female,293434.83871455176
118,Suriname,2021,3,Both,579247.1178923211
55,Slovenia,2020,1,Male,1029199.9630741888
55,Slovenia,2020,2,Female,1043358.0675231676
55,Slovenia,2020,3,Both,2072558.0305973568
55,Slovenia,2021,1,Male,1028058.0756538522
55,Slovenia,2021,2,Female,1041593.3996724762
55,Slovenia,2021,3,Both,2069651.4753263283
101,Canada,2020,1,Male,18315329.70711341
101,Canada,2020,2,Female,18829107.947143897
101,Canada,2020,3,Both,37144437.65425731
101,Canada,2021,1,Male,18484740.85745574
101,Canada,2021,2,Female,18984466.118359976
101,Canada,2021,3,Both,37469206.97581572
193,Botswana,2020,1,Male,1167092.3416070282
193,Botswana,2020,2,Female,1196058.412621705
193,Botswana,2020,3,Both,2363150.754228733
193,Botswana,2021,1,Male,1182195.1097036365
193,Botswana,2021,2,Female,1211061.0115140802
193,Botswana,2021,3,Both,2393256.1212177165
29,Tonga,2020,1,Male,52912.87273462762
29,Tonga,2020,2,Female,53154.10075406607
29,Tonga,2020,3,Both,106066.9734886937
29,Tonga,2021,1,Male,52992.34361133885
29,Tonga,2021,2,Female,53307.169352927885
29,Tonga,2021,3,Both,106299.51296426676
58,Estonia,2020,1,Male,619250.2793430153
58,Estonia,2020,2,Female,694528.8554698084
58,Estonia,2020,3,Both,1313779.1348128235
58,Estonia,2021,1,Male,618640.1898774558
58,Estonia,2021,2,Female,692193.6933196359
58,Estonia,2021,3,Both,1310833.8831970918
59,Latvia,2020,1,Male,871276.9277835503
59,Latvia,2020,2,Female,1021580.2701003508
59,Latvia,2020,3,Both,1892857.1978839007
59,Latvia,2021,1,Male,861394.2891656414
59,Latvia,2021,2,Female,1008933.598641432
59,Latvia,2021,3,Both,1870327.8878070733
107,Barbados,2020,1,Male,143718.76872948647
107,Barbados,2020,2,Female,154414.08909406772
107,Barbados,2020,3,Both,298132.8578235542
107,Barbados,2021,1,Male,144132.80773132504
107,Barbados,2021,2,Female,154891.98874015527
107,Barbados,2021,3,Both,299024.7964714803
203,Cape Verde,2020,1,Male,280206.54693374946
203,Cape Verde,2020,2,Female,275660.916653341
203,Cape Verde,2020,3,Both,555867.4635870905
203,Cape Verde,2021,1,Male,282100.53541116527
203,Cape Verde,2021,2,Female,277161.48595702497
203,Cape Verde,2021,3,Both,559262.0213681902
60,Lithuania,2020,1,Male,1273269.4973299704
60,Lithuania,2020,2,Female,1490011.302258273
60,Lithuania,2020,3,Both,2763280.799588243
60,Lithuania,2021,1,Male,1257015.5341888051
60,Lithuania,2021,2,Female,1471284.9034094815
60,Lithuania,2021,3,Both,2728300.437598287
169,Central African Republic,2020,1,Male,2649163.7806611
169,Central African Republic,2020,2,Female,2744770.5006303494
169,Central African Republic,2020,3,Both,5393934.281291449
169,Central African Republic,2021,1,Male,2690475.6071912698
169,Central African Republic,2021,2,Female,2793659.333904832
169,Central African Republic,2021,3,Both,5484134.941096101
122,Ecuador,2020,1,Male,8871045.041673487
122,Ecuador,2020,2,Female,8967668.447699608
122,Ecuador,2020,3,Both,17838713.489373095
122,Ecuador,2021,1,Male,8980610.768589783
122,Ecuador,2021,2,Female,9084778.34961312
122,Ecuador,2021,3,Both,18065389.118202902
105,Antigua and Barbuda,2020,1,Male,43622.42552045405
105,Antigua and Barbuda,2020,2,Female,45567.0614760492
105,Antigua and Barbuda,2020,3,Both,89189.48699650326
105,Antigua and Barbuda,2021,1,Male,43788.999491135
105,Antigua and Barbuda,2021,2,Female,45606.66679802807
105,Antigua and Barbuda,2021,3,Both,89395.66628916307
197,Swaziland,2020,1,Male,562915.7572498355
197,Swaziland,2020,2,Female,586781.6213254463
197,Swaziland,2020,3,Both,1149697.378575282
197,Swaziland,2021,1,Male,566543.5552644298
197,Swaziland,2021,2,Female,588692.7788736661
197,Swaziland,2021,3,Both,1155236.3341380958
126,Costa Rica,2020,1,Male,2287796.035285274
126,Costa Rica,2020,2,Female,2442960.414958599
126,Costa Rica,2020,3,Both,4730756.4502438735
126,Costa Rica,2021,1,Male,2292574.0089086303
126,Costa Rica,2021,2,Female,2455321.7326699016
126,Costa Rica,2021,3,Both,4747895.741578532
196,South Africa,2020,1,Male,27693448.82362426
196,South Africa,2020,2,Female,28812010.58992413
196,South Africa,2020,3,Both,56505459.4135484
196,South Africa,2021,1,Male,27863356.20755596
196,South Africa,2021,2,Female,28991034.67435535
196,South Africa,2021,3,Both,56854390.8819113
111,Dominican Republic,2020,1,Male,5480326.265921639
111,Dominican Republic,2020,2,Female,5418503.049329759
111,Dominican Republic,2020,3,Both,10898829.3152514
111,Dominican Republic,2021,1,Male,5536252.4136582045
111,Dominican Republic,2021,2,Female,5476647.153651745
111,Dominican Republic,2021,3,Both,11012899.56730995
422,"Virgin Islands, U.S.",2020,1,Male,42690.95790110785
422,"Virgin Islands, U.S.",2020,2,Female,45307.41068647187
422,"Virgin Islands, U.S.",2020,3,Both,87998.36858757972
422,"Virgin Islands, U.S.",2021,1,Male,41685.75986347965
422,"Virgin Islands, U.S.",2021,2,Female,44216.1399165548
422,"Virgin Islands, U.S.",2021,3,Both,85901.89978003445
207,Ghana,2020,1,Male,16284645.425991168
207,Ghana,2020,2,Female,17160622.234290633
207,Ghana,2020,3,Both,33445267.6602818
207,Ghana,2021,1,Male,16668991.144226108
207,Ghana,2021,2,Female,17576948.329113685
207,Ghana,2021,3,Both,34245939.4733398
62,Russian Federation,2020,1,Male,67752012.73840383
62,Russian Federation,2020,2,Female,77822302.40592252
62,Russian Federation,2020,3,Both,145574315.14432633
62,Russian Federation,2021,1,Male,67449418.84194316
62,Russian Federation,2021,2,Female,77404419.90823093
62,Russian Federation,2021,3,Both,144853838.7501741
128,Guatemala,2020,1,Male,7573483.547588432
128,Guatemala,2020,2,Female,8047410.876630394
128,Guatemala,2020,3,Both,15620894.424218826
128,Guatemala,2021,1,Male,7638826.594191343
128,Guatemala,2021,2,Female,8128545.053818032
128,Guatemala,2021,3,Both,15767371.648009377
63,Ukraine,2020,1,Male,20155432.334617868
63,Ukraine,2020,2,Female,23348716.87833604
63,Ukraine,2020,3,Both,43504149.2129539
63,Ukraine,2021,1,Male,19956592.7325118
63,Ukraine,2021,2,Female,23121217.899436194
63,Ukraine,2021,3,Both,43077810.631948
173,Gabon,2020,1,Male,863151.0697513564
173,Gabon,2020,2,Female,928182.7343331702
173,Gabon,2020,3,Both,1791333.8040845266
173,Gabon,2021,1,Male,874012.2475105497
173,Gabon,2021,2,Female,942072.1623615632
173,Gabon,2021,3,Both,1816084.409872113
33,Armenia,2020,1,Male,1451175.5072293673
33,Armenia,2020,2,Female,1560296.676309534
33,Armenia,2020,3,Both,3011472.183538901
33,Armenia,2021,1,Male,1442695.7831993266
33,Armenia,2021,2,Female,1552583.9303880425
33,Armenia,2021,3,Both,2995279.7135873693
201,Burkina Faso,2020,1,Male,10724349.846682088
201,Burkina Faso,2020,2,Female,11431864.823019637
201,Burkina Faso,2020,3,Both,22156214.66970172
201,Burkina Faso,2021,1,Male,11014484.267487967
201,Burkina Faso,2021,2,Female,11746645.806738146
201,Burkina Faso,2021,3,Both,22761130.07422611
109,Cuba,2020,1,Male,5634949.240108549
109,Cuba,2020,2,Female,5695650.384239408
109,Cuba,2020,3,Both,11330599.624347957
109,Cuba,2021,1,Male,5597978.724027449
109,Cuba,2021,2,Female,5671550.526655118
109,Cuba,2021,3,Both,11269529.250682566
200,Benin,2020,1,Male,6439151.203713639
200,Benin,2020,2,Female,6647514.276236611
200,Benin,2020,3,Both,13086665.479950253
200,Benin,2021,1,Male,6644849.160180884
200,Benin,2021,2,Female,6854325.364369791
200,Benin,2021,3,Both,13499174.524550674
211,Mali,2020,1,Male,11564079.64668804
211,Mali,2020,2,Female,11687242.12764061
211,Mali,2020,3,Both,23251321.774328653
211,Mali,2021,1,Male,11985862.78783507
211,Mali,2021,2,Female,12118285.97733881
211,Mali,2021,3,Both,24104148.76517388
66,Brunei,2020,1,Male,235275.76806479425
66,Brunei,2020,2,Female,211283.88134467893
66,Brunei,2020,3,Both,446559.6494094732
66,Brunei,2021,1,Male,238021.968883186
66,Brunei,2021,2,Female,213113.78244413907
66,Brunei,2021,3,Both,451135.751327325
132,Panama,2020,1,Male,2134687.5482392586
132,Panama,2020,2,Female,2099443.989105687
132,Panama,2020,3,Both,4234131.537344946
132,Panama,2021,1,Male,2163347.903271707
132,Panama,2021,2,Female,2128653.202124764
132,Panama,2021,3,Both,4292001.10539647
115,Jamaica,2020,1,Male,1389680.807730548
115,Jamaica,2020,2,Female,1410877.5261692272
115,Jamaica,2020,3,Both,2800558.3338997755
115,Jamaica,2021,1,Male,1389501.642718131
115,Jamaica,2021,2,Female,1410391.9591165
115,Jamaica,2021,3,Both,2799893.601834631
130,Mexico,2020,1,Male,62810121.49970708
130,Mexico,2020,2,Female,65754674.22771217
130,Mexico,2020,3,Both,128564795.72741926
130,Mexico,2021,1,Male,63091320.07073077
130,Mexico,2021,2,Female,66184678.482588194
130,Mexico,2021,3,Both,129275998.55331896
177,Djibouti,2020,1,Male,662027.1918442796
177,Djibouti,2020,2,Female,565744.4815472987
177,Djibouti,2020,3,Both,1227771.6733915785
177,Djibouti,2021,1,Male,678531.0396643477
177,Djibouti,2021,2,Female,580155.490441081
177,Djibouti,2021,3,Both,1258686.5301054288
37,Kyrgyzstan,2020,1,Male,3339107.97748331
37,Kyrgyzstan,2020,2,Female,3422561.0282154446
37,Kyrgyzstan,2020,3,Both,6761669.005698754
37,Kyrgyzstan,2021,1,Male,3388940.962922922
37,Kyrgyzstan,2021,2,Female,3474143.4682297846
37,Kyrgyzstan,2021,3,Both,6863084.431152706
67,Japan,2020,1,Male,62405105.90113565
67,Japan,2020,2,Female,65672065.7633518
67,Japan,2020,3,Both,128077171.66448744
67,Japan,2021,1,Male,62215092.54432769
67,Japan,2021,2,Female,65482367.4555139
67,Japan,2021,3,Both,127697459.9998416
113,Guyana,2020,1,Male,379895.41571319575
113,Guyana,2020,2,Female,388655.9124590549
113,Guyana,2020,3,Both,768551.3281722507
113,Guyana,2021,1,Male,377173.1973668691
113,Guyana,2021,2,Female,387566.73861102114
113,Guyana,2021,3,Both,764739.9359778903
204,Chad,2020,1,Male,8506112.381251981
204,Chad,2020,2,Female,8601852.972589726
204,Chad,2020,3,Both,17107965.353841707
204,Chad,2021,1,Male,8826605.084522307
204,Chad,2021,2,Female,8922753.54526893
204,Chad,2021,3,Both,17749358.629791237
68,South Korea,2020,1,Male,25969379.565322667
68,South Korea,2020,2,Female,25753212.047822163
68,South Korea,2020,3,Both,51722591.61314483
68,South Korea,2021,1,Male,25882694.59083491
68,South Korea,2021,2,Female,25687785.29585288
68,South Korea,2021,3,Both,51570479.88668778
205,Cote d'Ivoire,2020,1,Male,14067988.460920392
205,Cote d'Ivoire,2020,2,Female,13170171.308250858
205,Cote d'Ivoire,2020,3,Both,27238159.76917125
205,Cote d'Ivoire,2021,1,Male,14387461.931960665
205,Cote d'Ivoire,2021,2,Female,13474413.604151534
205,Cote d'Ivoire,2021,3,Both,27861875.5361122
181,Madagascar,2020,1,Male,13791465.383281108
181,Madagascar,2020,2,Female,14156149.113269117
181,Madagascar,2020,3,Both,27947614.496550225
181,Madagascar,2021,1,Male,14086586.712353636
181,Madagascar,2021,2,Female,14470837.829569686
181,Madagascar,2021,3,Both,28557424.54192332
41,Uzbekistan,2020,1,Male,16795924.978857696
41,Uzbekistan,2020,2,Female,16871364.91198352
41,Uzbekistan,2020,3,Both,33667289.890841216
41,Uzbekistan,2021,1,Male,17085622.030472085
41,Uzbekistan,2021,2,Female,17147246.929458
41,Uzbekistan,2021,3,Both,34232868.959930085
119,Trinidad and Tobago,2020,1,Male,698965.9822249626
119,Trinidad and Tobago,2020,2,Female,695488.3616580715
119,Trinidad and Tobago,2020,3,Both,1394454.343883034
119,Trinidad and Tobago,2021,1,Male,697621.5257040239
119,Trinidad and Tobago,2021,2,Female,695514.0164681766
119,Trinidad and Tobago,2021,3,Both,1393135.5421722005
136,Paraguay,2020,1,Male,3582208.2850896977
136,Paraguay,2020,2,Female,3507023.3936113287
136,Paraguay,2020,3,Both,7089231.678701026
136,Paraguay,2021,1,Male,3620847.42433532
136,Paraguay,2021,2,Female,3547993.3916405896
136,Paraguay,2021,3,Both,7168840.81597591
117,Saint Vincent and the Grenadines,2020,1,Male,58308.76193155821
117,Saint Vincent and the Grenadines,2020,2,Female,55845.074291524215
117,Saint Vincent and the Grenadines,2020,3,Both,114153.83622308244
117,Saint Vincent and the Grenadines,2021,1,Male,58259.80031067837
117,Saint Vincent and the Grenadines,2021,2,Female,55815.46350528042
117,Saint Vincent and the Grenadines,2021,3,Both,114075.2638159588
72,New Zealand,2020,1,Male,2538640.847580271
72,New Zealand,2020,2,Female,2554163.956004573
72,New Zealand,2020,3,Both,5092804.803584845
72,New Zealand,2021,1,Male,2581641.626212428
72,New Zealand,2021,2,Female,2587871.909436869
72,New Zealand,2021,3,Both,5169513.535649297
185,Rwanda,2020,1,Male,6323227.817663599
185,Rwanda,2020,2,Female,6678624.140450962
185,Rwanda,2020,3,Both,13001851.95811456
185,Rwanda,2021,1,Male,6458276.988670371
185,Rwanda,2021,2,Female,6811755.620218606
185,Rwanda,2021,3,Both,13270032.608888976
45,Bulgaria,2020,1,Male,3332310.508647849
45,Bulgaria,2020,2,Female,3540599.417873333
45,Bulgaria,2020,3,Both,6872909.926521182
45,Bulgaria,2021,1,Male,3287295.881809213
45,Bulgaria,2021,2,Female,3499637.179336476
45,Bulgaria,2021,3,Both,6786933.061145688
71,Australia,2020,1,Male,12537369.87562464
71,Australia,2020,2,Female,12832627.3814134
71,Australia,2020,3,Both,25369997.25703804
71,Australia,2021,1,Male,12743912.30223322
71,Australia,2021,2,Female,13048034.110810457
71,Australia,2021,3,Both,25791946.41304368
208,Guinea,2020,1,Male,6352318.257902024
208,Guinea,2020,2,Female,6732401.455781459
208,Guinea,2020,3,Both,13084719.713683484
208,Guinea,2021,1,Male,6520425.662384724
208,Guinea,2021,2,Female,6909325.171249678
208,Guinea,2021,3,Both,13429750.833634404
190,Uganda,2020,1,Male,20853168.183378786
190,Uganda,2020,2,Female,21450435.468193207
190,Uganda,2020,3,Both,42303603.651572
190,Uganda,2021,1,Male,21356160.40234709
190,Uganda,2021,2,Female,21958892.596068487
190,Uganda,2021,3,Both,43315052.99841558
121,Bolivia,2020,1,Male,5843444.396719747
121,Bolivia,2020,2,Female,5836791.379662385
121,Bolivia,2020,3,Both,11680235.776382132
121,Bolivia,2021,1,Male,5896938.485508182
121,Bolivia,2021,2,Female,5900189.686320055
121,Bolivia,2021,3,Both,11797128.171828238
49,Macedonia,2020,1,Male,1108260.2400017406
49,Macedonia,2020,2,Female,1075011.27104965
49,Macedonia,2020,3,Both,2183271.511051391
49,Macedonia,2021,1,Male,1104349.204086635
49,Macedonia,2021,2,Female,1072085.7995180988
49,Macedonia,2021,3,Both,2176435.003604734
140,Bahrain,2020,1,Male,953679.1253056412
140,Bahrain,2020,2,Female,560278.1381829872
140,Bahrain,2020,3,Both,1513957.2634886284
140,Bahrain,2021,1,Male,962960.2957702816
140,Bahrain,2021,2,Female,566636.3298168449
140,Bahrain,2021,3,Both,1529596.6255871265
123,Peru,2020,1,Male,17961003.9753819
123,Peru,2020,2,Female,17724161.313318077
123,Peru,2020,3,Both,35685165.28869998
123,Peru,2021,1,Male,18247974.668316785
123,Peru,2021,2,Female,18022806.807592627
123,Peru,2021,3,Both,36270781.47590941
194,Lesotho,2020,1,Male,908351.609054502
194,Lesotho,2020,2,Female,965302.5302380988
194,Lesotho,2020,3,Both,1873654.1392926008
194,Lesotho,2021,1,Male,909556.1855098242
194,Lesotho,2021,2,Female,964828.6727978234
194,Lesotho,2021,3,Both,1874384.8583076475
209,Guinea-Bissau,2020,1,Male,985287.5540146424
209,Guinea-Bissau,2020,2,Female,1033341.4697218958
209,Guinea-Bissau,2020,3,Both,2018629.023736538
209,Guinea-Bissau,2021,1,Male,1007308.0948406354
209,Guinea-Bissau,2021,2,Female,1056603.1260513838
209,Guinea-Bissau,2021,3,Both,2063911.22089202
125,Colombia,2020,1,Male,23922659.687864803
125,Colombia,2020,2,Female,24860101.41732787
125,Colombia,2020,3,Both,48782761.10519268
125,Colombia,2021,1,Male,24044937.890116148
125,Colombia,2021,2,Female,25015487.796207845
125,Colombia,2021,3,Both,49060425.68632399
53,Serbia,2020,1,Male,4475585.037429744
53,Serbia,2020,2,Female,4500229.032475468
53,Serbia,2020,3,Both,8975814.069905212
53,Serbia,2021,1,Male,4450530.495114752
53,Serbia,2021,2,Female,4468978.46975651
53,Serbia,2021,3,Both,8919508.964871261
198,Zimbabwe,2020,1,Male,7403152.550263087
198,Zimbabwe,2020,2,Female,7976141.714059847
198,Zimbabwe,2020,3,Both,15379294.264322937
198,Zimbabwe,2021,1,Male,7502404.054485107
198,Zimbabwe,2021,2,Female,8092969.664981262
198,Zimbabwe,2021,3,Both,15595373.71946637
57,Belarus,2020,1,Male,4376596.2641323
57,Belarus,2020,2,Female,5021989.866140005
57,Belarus,2020,3,Both,9398586.130272305
57,Belarus,2021,1,Male,4341358.752208726
57,Belarus,2021,2,Female,4983298.715480755
57,Belarus,2021,3,Both,9324657.46768948
129,Honduras,2020,1,Male,4828166.327656287
129,Honduras,2020,2,Female,5104364.797574365
129,Honduras,2020,3,Both,9932531.125230651
129,Honduras,2021,1,Male,4910395.5113060605
129,Honduras,2021,2,Female,5199760.298045282
129,Honduras,2021,3,Both,10110155.809351342
127,El Salvador,2020,1,Male,3014772.4086206607
127,El Salvador,2020,2,Female,3413008.2189271995
127,El Salvador,2020,3,Both,6427780.62754786
127,El Salvador,2021,1,Male,3023110.290960068
127,El Salvador,2021,2,Female,3427118.4768161094
127,El Salvador,2021,3,Both,6450228.767776177
202,Cameroon,2020,1,Male,15421338.169880977
202,Cameroon,2020,2,Female,15464420.45482991
202,Cameroon,2020,3,Both,30885758.624710888
202,Cameroon,2021,1,Male,15867605.78722882
202,Cameroon,2021,2,Female,15912026.86663374
202,Cameroon,2021,3,Both,31779632.65386256
61,Moldova,2020,1,Male,1726732.7549893148
61,Moldova,2020,2,Female,1897703.572997152
61,Moldova,2020,3,Both,3624436.327986466
61,Moldova,2021,1,Male,1710622.1645929078
61,Moldova,2021,2,Female,1882822.04081258
61,Moldova,2021,3,Both,3593444.205405488
133,Venezuela,2020,1,Male,13114468.761991708
133,Venezuela,2020,2,Female,13901641.91553283
133,Venezuela,2020,3,Both,27016110.677524537
133,Venezuela,2021,1,Male,12878999.424232656
133,Venezuela,2021,2,Female,13749840.666658986
133,Venezuela,2021,3,Both,26628840.09089164
206,The Gambia,2020,1,Male,1151625.7778965677
206,The Gambia,2020,2,Female,1186840.6684539055
206,The Gambia,2020,3,Both,2338466.446350473
206,The Gambia,2021,1,Male,1178963.178191159
206,The Gambia,2021,2,Female,1215191.361129316
206,The Gambia,2021,3,Both,2394154.539320475
210,Liberia,2020,1,Male,2700913.737301003
210,Liberia,2020,2,Female,2626511.5347967567
210,Liberia,2020,3,Both,5327425.27209776
210,Liberia,2021,1,Male,2768687.1526931496
210,Liberia,2021,2,Female,2690794.1114190808
210,Liberia,2021,3,Both,5459481.26411223
131,Nicaragua,2020,1,Male,3259341.2421093043
131,Nicaragua,2020,2,Female,3339122.9346361505
131,Nicaragua,2020,3,Both,6598464.176745455
131,Nicaragua,2021,1,Male,3292565.995523992
131,Nicaragua,2021,2,Female,3376410.1282696533
131,Nicaragua,2021,3,Both,6668976.123793645
69,Singapore,2020,1,Male,2904341.3771938225
69,Singapore,2020,2,Female,2793575.731284437
69,Singapore,2020,3,Both,5697917.108478259
69,Singapore,2021,1,Male,2914074.802296519
69,Singapore,2021,2,Female,2813210.9125432414
69,Singapore,2021,3,Both,5727285.71483976
141,Egypt,2020,1,Male,53847954.50277258
141,Egypt,2020,2,Female,50188610.00031989
141,Egypt,2020,3,Both,104036564.50309248
141,Egypt,2021,1,Male,54676450.96660865
141,Egypt,2021,2,Female,50950994.168635465
141,Egypt,2021,3,Both,105627445.13524412
135,Brazil,2020,1,Male,106798442.86332811
135,Brazil,2020,2,Female,111900120.31961615
135,Brazil,2020,3,Both,218698563.1829443
135,Brazil,2021,1,Male,107550395.6658368
135,Brazil,2021,2,Female,112805644.14655784
135,Brazil,2021,3,Both,220356039.81239465
139,Algeria,2020,1,Male,22135414.04659012
139,Algeria,2020,2,Female,21451023.89586297
139,Algeria,2020,3,Both,43586437.94245309
139,Algeria,2021,1,Male,22439305.629168782
139,Algeria,2021,2,Female,21758645.064961985
139,Algeria,2021,3,Both,44197950.69413077
