location_id,location_name,sex_id,sex_name,year_id,value
7,Democratic People's Republic of Korea,1,Male,1990,49.7952463627296
7,Democratic People's Republic of Korea,2,Female,1990,38.541142393908686
7,Democratic People's Republic of Korea,3,Both,1990,43.8321947975322
6,China,1,Male,1990,54.456269852581975
6,China,2,Female,1990,45.90216665435224
6,China,3,Both,1990,50.31453539089888
10,Cambodia,1,Male,1990,49.98286392494049
10,Cambodia,2,Female,1990,37.93110812161581
10,Cambodia,3,Both,1990,43.65104507981897
217,Sierra Leone,1,Male,1990,34.86742224022466
217,Sierra Leone,2,Female,1990,33.508803845659266
217,Sierra Leone,3,Both,1990,34.17651955754146
11,Indonesia,1,Male,1990,45.0745318345967
11,Indonesia,2,Female,1990,42.72039077852605
11,Indonesia,3,Both,1990,43.895007830623776
6,China,1,Male,1993,54.56463330463479
6,China,2,Female,1993,45.812978894851405
6,China,3,Both,1993,50.3368608414027
212,Mauritania,1,Male,1993,35.71854700564129
212,Mauritania,2,Female,1993,35.42920889375551
212,Mauritania,3,Both,1993,35.57261918511773
12,Lao People's Democratic Republic,1,Male,1990,48.05988725373135
12,Lao People's Democratic Republic,2,Female,1990,42.2490434635097
12,Lao People's Democratic Republic,3,Both,1990,45.10192415904951
139,Algeria,1,Male,1999,41.56769279428623
139,Algeria,2,Female,1999,32.70083702492685
139,Algeria,3,Both,1999,37.18649599579149
171,Democratic Republic of the Congo,1,Male,1996,22.116646755767
171,Democratic Republic of the Congo,2,Female,1996,19.70142301317533
171,Democratic Republic of the Congo,3,Both,1996,20.90201728017324
216,Senegal,1,Male,1993,36.89311921830038
216,Senegal,2,Female,1993,33.96006796853375
216,Senegal,3,Both,1993,35.392873240834746
15,Myanmar,1,Male,1990,50.48435640267211
15,Myanmar,2,Female,1990,50.10969653294226
15,Myanmar,3,Both,1990,50.29431022226143
7,Democratic People's Republic of Korea,1,Male,1993,50.507916940553535
7,Democratic People's Republic of Korea,2,Female,1993,38.82147263602142
7,Democratic People's Republic of Korea,3,Both,1993,44.34385151863696
298,American Samoa,1,Male,1990,43.60886295724184
298,American Samoa,2,Female,1990,41.225148446461866
298,American Samoa,3,Both,1990,42.45138156237102
197,Eswatini,1,Male,1993,22.20724895274334
197,Eswatini,2,Female,1993,19.62742849392383
197,Eswatini,3,Both,1993,20.85397702250911
6,China,1,Male,1996,54.24468075746318
6,China,2,Female,1996,43.11389289077835
6,China,3,Both,1996,48.86618357786208
61,Republic of Moldova,1,Male,1992,48.89007783262448
61,Republic of Moldova,2,Female,1992,26.87623372878526
61,Republic of Moldova,3,Both,1992,37.39146191585064
16,Philippines,1,Male,1990,51.99112237898705
16,Philippines,2,Female,1990,47.9286669419639
16,Philippines,3,Both,1990,49.9754219742489
143,Iraq,1,Male,1999,50.04617254778421
143,Iraq,2,Female,1999,43.2144639559805
143,Iraq,3,Both,1999,46.76722789540241
89,Netherlands,1,Male,1997,42.28214603891208
89,Netherlands,2,Female,1997,37.32703996102588
89,Netherlands,3,Both,1997,39.776899040945366
10,Cambodia,1,Male,1993,51.34456881842113
10,Cambodia,2,Female,1993,40.21458101068649
10,Cambodia,3,Both,1993,45.54103836896876
207,Ghana,1,Male,1993,11.86521913741916
207,Ghana,2,Female,1993,9.79154720681629
207,Ghana,3,Both,1993,10.82173641929395
139,Algeria,1,Male,1991,43.36393788275572
139,Algeria,2,Female,1991,36.4969124705561
139,Algeria,3,Both,1991,39.97388385356373
11,Indonesia,1,Male,1993,45.06370662261512
11,Indonesia,2,Female,1993,42.450296827873466
11,Indonesia,3,Both,1993,43.754202060292606
19,Timor-Leste,1,Male,1990,48.10998252162533
19,Timor-Leste,2,Female,1990,49.730871000196416
19,Timor-Leste,3,Both,1990,48.89354283564507
211,Mali,1,Male,1993,21.23357700217925
211,Mali,2,Female,1993,18.84702397503408
211,Mali,3,Both,1993,20.02437886842328
175,Burundi,1,Male,1996,18.07901646598925
175,Burundi,2,Female,1996,16.31513263010117
175,Burundi,3,Both,1996,17.17364985492906
12,Lao People's Democratic Republic,1,Male,1993,47.54815300115289
12,Lao People's Democratic Republic,2,Female,1993,41.4395739513244
12,Lao People's Democratic Republic,3,Both,1993,44.45244758617964
6,China,1,Male,1999,52.734497412615454
6,China,2,Female,1999,39.014264620335496
6,China,3,Both,1999,46.08903809531425
7,Democratic People's Republic of Korea,1,Male,1998,50.85272752848875
7,Democratic People's Republic of Korea,2,Female,1998,37.3529207417038
7,Democratic People's Republic of Korea,3,Both,1998,43.80727174560667
298,American Samoa,1,Male,1993,43.48696116975895
298,American Samoa,2,Female,1993,40.82976289581909
298,American Samoa,3,Both,1993,42.19748804230003
7,Democratic People's Republic of Korea,1,Male,2006,48.18298513553
7,Democratic People's Republic of Korea,2,Female,2006,32.206464097793166
7,Democratic People's Republic of Korea,3,Both,2006,39.97734830689842
141,Egypt,1,Male,1991,45.72398017930781
141,Egypt,2,Female,1991,34.87573199372701
141,Egypt,3,Both,1991,40.43518254121124
125,Colombia,1,Male,2000,26.17999778228563
125,Colombia,2,Female,2000,21.71028973935461
125,Colombia,3,Both,2000,23.90752614075965
63,Ukraine,1,Male,1992,52.55643632976109
63,Ukraine,2,Female,1992,30.271424789841223
63,Ukraine,3,Both,1992,40.60950712198901
305,Bermuda,1,Male,1990,22.23682539684086
305,Bermuda,2,Female,1990,16.49948334063081
305,Bermuda,3,Both,1990,19.28857886979225
99,Uruguay,1,Male,1997,45.91552310958328
99,Uruguay,2,Female,1997,35.99545383566965
99,Uruguay,3,Both,1997,40.80582483013216
14,Maldives,1,Male,1993,50.74793888392757
14,Maldives,2,Female,1993,47.93123091729628
14,Maldives,3,Both,1993,49.36562815167524
58,Estonia,1,Male,1992,47.64366836739164
58,Estonia,2,Female,1992,31.65387247380036
58,Estonia,3,Both,1992,39.11805528834138
36,Kazakhstan,1,Male,1995,45.802325393729134
36,Kazakhstan,2,Female,1995,32.791700243599394
36,Kazakhstan,3,Both,1995,39.079936857334815
69,Singapore,1,Male,1992,32.74664464531661
69,Singapore,2,Female,1992,22.8799118710049
69,Singapore,3,Both,1992,27.862396843628765
147,Libya,1,Male,1999,46.57278325895948
147,Libya,2,Female,1999,36.97732859384885
147,Libya,3,Both,1999,41.88482038848802
144,Jordan,1,Male,2002,54.134043771271415
144,Jordan,2,Female,2002,47.68396350619436
144,Jordan,3,Both,2002,51.012616131900046
15,Myanmar,1,Male,1993,48.38664761992257
15,Myanmar,2,Female,1993,46.57503199410183
15,Myanmar,3,Both,1993,47.4637167011298
23,Kiribati,1,Male,1990,53.821870730970254
23,Kiribati,2,Female,1990,57.574810886475206
23,Kiribati,3,Both,1990,55.713247572955815
114,Haiti,1,Male,2002,17.00945242492268
114,Haiti,2,Female,2002,14.59797410983107
114,Haiti,3,Both,2002,15.76890761490014
119,Trinidad and Tobago,1,Male,1994,32.24897629084451
119,Trinidad and Tobago,2,Female,1994,26.9139793084468
119,Trinidad and Tobago,3,Both,1994,29.586425531579145
93,Sweden,1,Male,1997,29.02928286082726
93,Sweden,2,Female,1997,27.8249703299971
93,Sweden,3,Both,1997,28.41986533125352
143,Iraq,1,Male,1991,52.68802949634369
143,Iraq,2,Female,1991,46.773225777090346
143,Iraq,3,Both,1991,49.81683252031554
201,Burkina Faso,1,Male,1993,25.13542823752865
201,Burkina Faso,2,Female,1993,22.68565146792745
201,Burkina Faso,3,Both,1993,23.8708980042364
351,Guam,1,Male,1990,37.51018262240749
351,Guam,2,Female,1990,31.289010003186167
351,Guam,3,Both,1990,34.607042750649455
183,Mauritius,1,Male,2005,32.89123164927406
183,Mauritius,2,Female,2005,25.48155006939503
183,Mauritius,3,Both,2005,29.14924146762174
19,Timor-Leste,1,Male,1993,47.92570634409696
19,Timor-Leste,2,Female,1993,48.76414533724452
19,Timor-Leste,3,Both,1993,48.33148382775984
349,Greenland,1,Male,1990,51.09793435360166
349,Greenland,2,Female,1990,56.04015132567012
349,Greenland,3,Both,1990,53.36679318341184
305,Bermuda,1,Male,2006,21.70047713671168
305,Bermuda,2,Female,2006,15.6189467530356
305,Bermuda,3,Both,2006,18.54294465720563
112,Grenada,1,Male,2003,22.04708099177909
112,Grenada,2,Female,2003,16.23805931117279
112,Grenada,3,Both,2003,19.105475152348568
197,Eswatini,1,Male,2009,17.78938403974295
197,Eswatini,2,Female,2009,14.45286705599092
197,Eswatini,3,Both,2009,16.04547283310813
67,Japan,1,Male,1992,49.852674753694856
67,Japan,2,Female,1992,33.39351188173893
67,Japan,3,Both,1992,41.4812075081407
178,Eritrea,1,Male,2008,18.23439642927108
178,Eritrea,2,Female,2008,12.37878472908133
178,Eritrea,3,Both,2008,15.33444040444088
215,Sao Tome and Principe,1,Male,1993,9.64546721816327
215,Sao Tome and Principe,2,Female,1993,6.74624847726089
215,Sao Tome and Principe,3,Both,1993,8.1800617564716
20,Viet Nam,1,Male,1990,51.665732961903664
20,Viet Nam,2,Female,1990,46.75208151785431
20,Viet Nam,3,Both,1990,49.13797665895779
135,Brazil,1,Male,1991,48.38883947111001
135,Brazil,2,Female,1991,44.5869156471696
135,Brazil,3,Both,1991,46.46482075450691
60,Lithuania,1,Male,1998,42.94890808447373
60,Lithuania,2,Female,1998,25.70694257226544
60,Lithuania,3,Both,1998,33.78451011696915
16,Philippines,1,Male,1993,51.23513334979353
16,Philippines,2,Female,1993,46.37322586848473
16,Philippines,3,Both,1993,48.82551429185308
204,Chad,1,Male,1996,22.5589107494951
204,Chad,2,Female,1996,20.0029973066795
204,Chad,3,Both,1996,21.24815569390817
369,Nauru,1,Male,1990,49.05173444635599
369,Nauru,2,Female,1990,48.19030142191118
369,Nauru,3,Both,1990,48.63619847443994
89,Netherlands,1,Male,2005,38.04626444347292
89,Netherlands,2,Female,2005,33.58373865645357
89,Netherlands,3,Both,2005,35.790684461036136
114,Haiti,1,Male,1994,19.90409342301049
114,Haiti,2,Female,1994,17.88508628489809
114,Haiti,3,Both,1994,18.86591341639883
12,Lao People's Democratic Republic,1,Male,1998,47.20447477830552
12,Lao People's Democratic Republic,2,Female,1998,41.10609168125231
12,Lao People's Democratic Republic,3,Both,1998,44.13550430725006
198,Zimbabwe,1,Male,1993,29.69769349605234
198,Zimbabwe,2,Female,1993,24.86377743542372
198,Zimbabwe,3,Both,1993,27.22859892279788
151,Qatar,1,Male,1999,31.839008780357407
151,Qatar,2,Female,1999,22.29970315149811
151,Qatar,3,Both,1999,28.49845740390268
7,Democratic People's Republic of Korea,1,Male,2009,46.73624195036701
7,Democratic People's Republic of Korea,2,Female,2009,30.947618334535942
7,Democratic People's Republic of Korea,3,Both,2009,38.66740293253358
114,Haiti,1,Male,2010,14.07234352771092
114,Haiti,2,Female,2010,11.52006852769808
114,Haiti,3,Both,2010,12.76494949431244
206,Gambia,1,Male,2004,32.66095950722346
206,Gambia,2,Female,2004,29.0619118144806
206,Gambia,3,Both,2004,30.83629116351
23,Kiribati,1,Male,1993,55.00920758697183
23,Kiribati,2,Female,1993,58.94730312831459
23,Kiribati,3,Both,1993,56.99420546724482
305,Bermuda,1,Male,1998,21.99329127596035
305,Bermuda,2,Female,1998,16.09715512699635
305,Bermuda,3,Both,1998,18.9430176684782
200,Benin,1,Male,1999,18.87541471544279
200,Benin,2,Female,1999,16.70729429041312
200,Benin,3,Both,1999,17.763832856259203
186,Seychelles,1,Male,2002,39.35984780210649
186,Seychelles,2,Female,2002,27.26420546010492
186,Seychelles,3,Both,2002,33.34767829973388
171,Democratic Republic of the Congo,1,Male,2004,20.70875553156446
171,Democratic Republic of the Congo,2,Female,2004,17.792392966293942
171,Democratic Republic of the Congo,3,Both,2004,19.25181704454802
129,Honduras,1,Male,2000,29.079610313224254
129,Honduras,2,Female,2000,25.67314648919168
129,Honduras,3,Both,2000,27.36260932745959
36,Kazakhstan,1,Male,2003,44.41826425072514
36,Kazakhstan,2,Female,2003,30.80596537976763
36,Kazakhstan,3,Both,2003,37.35658460123472
35,Georgia,1,Male,2007,51.40788684304694
35,Georgia,2,Female,2007,29.45846053920439
35,Georgia,3,Both,2007,39.81677491886345
40,Turkmenistan,1,Male,1995,47.32559020163792
40,Turkmenistan,2,Female,1995,36.9580937872751
40,Turkmenistan,3,Both,1995,42.11739403893428
61,Republic of Moldova,1,Male,2008,48.21810652168968
61,Republic of Moldova,2,Female,2008,23.26596289522766
61,Republic of Moldova,3,Both,2008,35.204657791386616
118,Suriname,1,Male,2002,39.52303266107755
118,Suriname,2,Female,2002,33.29809211656359
118,Suriname,3,Both,2002,36.431661995604856
27,Samoa,1,Male,1990,44.98548692104861
27,Samoa,2,Female,1990,40.16336085355098
27,Samoa,3,Both,1990,42.69254530411491
205,Côte d'Ivoire,1,Male,1993,26.213404718965734
205,Côte d'Ivoire,2,Female,1993,23.51922405311245
205,Côte d'Ivoire,3,Both,1993,24.89507407299791
77,Cyprus,1,Male,1992,52.00782556829155
77,Cyprus,2,Female,1992,40.74673924623476
77,Cyprus,3,Both,1992,46.41702772482583
20,Viet Nam,1,Male,1993,52.43000542635336
20,Viet Nam,2,Female,1993,47.17175339094678
20,Viet Nam,3,Both,1993,49.73450896264968
180,Kenya,1,Male,1996,28.97314525860652
180,Kenya,2,Female,1996,25.58667606171777
180,Kenya,3,Both,1996,27.26583524404282
155,Turkey,1,Male,1999,58.35002858993178
155,Turkey,2,Female,1999,47.08745233542902
155,Turkey,3,Both,1999,52.78832359588919
16,Philippines,1,Male,1998,49.82772821224066
16,Philippines,2,Female,1998,43.62797785400565
16,Philippines,3,Both,1998,46.7582693985064
12,Lao People's Democratic Republic,1,Male,2006,46.25539131046063
12,Lao People's Democratic Republic,2,Female,2006,39.83572028984596
12,Lao People's Democratic Republic,3,Both,2006,43.04381091392587
118,Suriname,1,Male,1994,40.57495372021711
118,Suriname,2,Female,1994,35.01837395519303
118,Suriname,3,Both,1994,37.803691722646
98,Chile,1,Male,1997,45.15036470581813
98,Chile,2,Female,1997,43.43742797836417
98,Chile,3,Both,1997,44.28276151838258
118,Suriname,1,Male,2010,34.53106555722445
118,Suriname,2,Female,2010,27.11369625552341
118,Suriname,3,Both,2010,30.826926907161678
201,Burkina Faso,1,Male,2009,21.33071513474247
201,Burkina Faso,2,Female,2009,19.47532409311047
201,Burkina Faso,3,Both,2009,20.37467951689602
147,Libya,1,Male,1991,47.76427859195036
147,Libya,2,Female,1991,40.22241762688425
147,Libya,3,Both,1991,44.134178508129615
374,Niue,1,Male,1998,34.14105294017572
374,Niue,2,Female,1998,23.9880483985735
374,Niue,3,Both,1998,29.09109276377702
122,Ecuador,1,Male,1994,22.43071586905161
122,Ecuador,2,Female,1994,18.51590321267923
122,Ecuador,3,Both,1994,20.46199097878967
122,Ecuador,1,Male,2002,19.20494911873728
122,Ecuador,2,Female,2002,14.940394596523522
122,Ecuador,3,Both,2002,17.05930420096186
175,Burundi,1,Male,2004,15.37577875423738
175,Burundi,2,Female,2004,12.83861329603844
175,Burundi,3,Both,2004,14.079248710465713
81,Germany,1,Male,1992,43.16184277808398
81,Germany,2,Female,1992,32.18484924471882
81,Germany,3,Both,1992,37.50822383374786
385,Puerto Rico,1,Male,1990,19.88326236549577
385,Puerto Rico,2,Female,1990,15.55981919517889
385,Puerto Rico,3,Both,1990,17.65757840328598
376,Northern Mariana Islands,1,Male,1998,38.08574013165174
376,Northern Mariana Islands,2,Female,1998,36.61927310324142
376,Northern Mariana Islands,3,Both,1998,37.33353530552892
151,Qatar,1,Male,1991,33.59113986440193
151,Qatar,2,Female,1991,24.83878962124079
151,Qatar,3,Both,1991,30.67211856712332
68,Republic of Korea,1,Male,1992,52.8865569784606
68,Republic of Korea,2,Female,1992,40.65407416538648
68,Republic of Korea,3,Both,1992,46.80009215601388
20,Viet Nam,1,Male,1998,52.07700110253146
20,Viet Nam,2,Female,1998,44.99528610642069
20,Viet Nam,3,Both,1998,48.47214902933566
190,Uganda,1,Male,2007,19.81211748649089
190,Uganda,2,Female,2007,18.56717990081824
190,Uganda,3,Both,2007,19.177053826008112
374,Niue,1,Male,2006,31.36398281083853
374,Niue,2,Female,2006,21.403102680904908
374,Niue,3,Both,2006,26.39806489752709
101,Canada,1,Male,2009,32.7934804028087
101,Canada,2,Female,2009,27.670259622892303
101,Canada,3,Both,2009,30.18346950333697
142,Iran (Islamic Republic of),1,Male,1991,32.94901167910263
142,Iran (Islamic Republic of),2,Female,1991,23.12913858738506
142,Iran (Islamic Republic of),3,Both,1991,28.13795141949045
136,Paraguay,1,Male,1994,40.4224991593376
136,Paraguay,2,Female,1994,34.6956273467841
136,Paraguay,3,Both,1994,37.57920644577109
25,Micronesia (Federated States of),1,Male,1998,49.7013616811456
25,Micronesia (Federated States of),2,Female,1998,50.53927670922664
25,Micronesia (Federated States of),3,Both,1998,50.11340006734349
44,Bosnia and Herzegovina,1,Male,1995,50.425428470814325
44,Bosnia and Herzegovina,2,Female,1995,37.945368268055226
44,Bosnia and Herzegovina,3,Both,1995,44.05557727101112
133,Venezuela (Bolivarian Republic of),1,Male,1997,32.5554769496844
133,Venezuela (Bolivarian Republic of),2,Female,1997,28.762644425737548
133,Venezuela (Bolivarian Republic of),3,Both,1997,30.6407070675656
102,United States of America,1,Male,1997,38.915272930557634
102,United States of America,2,Female,1997,33.94108898955987
102,United States of America,3,Both,1997,36.38047390588547
40,Turkmenistan,1,Male,2003,45.9260403137613
40,Turkmenistan,2,Female,2003,34.377103648997945
40,Turkmenistan,3,Both,2003,40.19609693915931
209,Guinea-Bissau,1,Male,1993,11.00603687173188
209,Guinea-Bissau,2,Female,1993,8.30091306648407
209,Guinea-Bissau,3,Both,1993,9.61482492421309
148,Morocco,1,Male,2002,37.58979080488074
148,Morocco,2,Female,2002,29.06430101178239
148,Morocco,3,Both,2002,33.27867082619509
187,Somalia,1,Male,2005,23.740207889585218
187,Somalia,2,Female,2005,20.09246997883772
187,Somalia,3,Both,2005,21.966397583106552
184,Mozambique,1,Male,1996,24.66236511021734
184,Mozambique,2,Female,1996,22.03235433274405
184,Mozambique,3,Both,1996,23.29670185910469
93,Sweden,1,Male,2005,26.512344675056998
93,Sweden,2,Female,2005,25.3456603971285
93,Sweden,3,Both,2005,25.92407130866113
416,Tuvalu,1,Male,1990,43.80605942188057
416,Tuvalu,2,Female,1990,38.83923111861003
416,Tuvalu,3,Both,1990,41.23944093538542
24,Marshall Islands,1,Male,1993,40.68093276722916
24,Marshall Islands,2,Female,1993,37.27028512299871
24,Marshall Islands,3,Both,1993,39.0169725853796
139,Algeria,1,Male,2007,39.66659381085645
139,Algeria,2,Female,2007,29.562193743164
139,Algeria,3,Both,2007,34.67728906247605
205,Côte d'Ivoire,1,Male,2009,25.97376421552571
205,Côte d'Ivoire,2,Female,2009,23.0290100398924
205,Côte d'Ivoire,3,Both,2009,24.54457079120119
69,Singapore,1,Male,2008,27.15480284506312
69,Singapore,2,Female,2008,17.34333415690233
69,Singapore,3,Both,2008,22.45734767837133
163,India,1,Male,1999,37.10540382890341
163,India,2,Female,1999,30.9533767680232
163,India,3,Both,1999,34.14811556637441
38,Mongolia,1,Male,2004,41.19076942455111
38,Mongolia,2,Female,2004,35.37899827129929
38,Mongolia,3,Both,2004,38.27270609400678
351,Guam,1,Male,1993,37.43153252490175
351,Guam,2,Female,1993,31.3418133997731
351,Guam,3,Both,1993,34.56454897164073
16,Philippines,1,Male,2006,47.15961587049173
16,Philippines,2,Female,2006,40.18422868062582
16,Philippines,3,Both,2006,43.71673229945335
61,Republic of Moldova,1,Male,2000,48.552503387211246
61,Republic of Moldova,2,Female,2000,25.12782322692724
61,Republic of Moldova,3,Both,2000,36.33745619525382
393,Saint Kitts and Nevis,1,Male,2006,19.48808652731111
393,Saint Kitts and Nevis,2,Female,2006,12.12124273826506
393,Saint Kitts and Nevis,3,Both,2006,15.80354136332062
85,Israel,1,Male,1992,44.39370739838069
85,Israel,2,Female,1992,38.88457326336096
85,Israel,3,Both,1992,41.60761889608138
14,Maldives,1,Male,1990,51.06635696068449
14,Maldives,2,Female,1990,49.31203077456054
14,Maldives,3,Both,1990,50.21058455554756
18,Thailand,1,Male,1990,45.9116085293863
18,Thailand,2,Female,1990,39.32656899758782
18,Thailand,3,Both,1990,42.59179381386725
155,Turkey,1,Male,1991,60.08921433434803
155,Turkey,2,Female,1991,50.36090887058905
155,Turkey,3,Both,1991,55.28956048625544
179,Ethiopia,1,Male,2008,11.93312190205245
179,Ethiopia,2,Female,2008,9.547661333394167
179,Ethiopia,3,Both,2008,10.75243138236919
122,Ecuador,1,Male,2010,17.34561471658632
122,Ecuador,2,Female,2010,12.05685766101437
122,Ecuador,3,Both,2010,14.68074448231794
24,Marshall Islands,1,Male,1998,40.06071141434685
24,Marshall Islands,2,Female,1998,37.36813613191013
24,Marshall Islands,3,Both,1998,38.74735564142326
12,Lao People's Democratic Republic,1,Male,2009,46.08396922544891
12,Lao People's Democratic Republic,2,Female,2009,39.83050954384605
12,Lao People's Democratic Republic,3,Both,2009,42.96132322032883
126,Costa Rica,1,Male,2002,28.16983691668672
126,Costa Rica,2,Female,2002,23.149862473910076
126,Costa Rica,3,Both,2002,25.65176082690227
35,Georgia,1,Male,1990,50.89268401900549
35,Georgia,2,Female,1990,31.783126045703707
35,Georgia,3,Both,1990,40.84474068935226
171,Democratic Republic of the Congo,1,Male,1999,21.6860256679518
171,Democratic Republic of the Congo,2,Female,1999,18.95276491829562
171,Democratic Republic of the Congo,3,Both,1999,20.31447850903205
180,Kenya,1,Male,2004,25.41805413825744
180,Kenya,2,Female,2004,21.91043603797761
180,Kenya,3,Both,2004,23.65250981325571
213,Niger,1,Male,1993,17.83318097644819
213,Niger,2,Female,1993,16.03409161614749
213,Niger,3,Both,1993,16.92859593571114
33,Armenia,1,Male,2009,55.5893000649653
33,Armenia,2,Female,2009,32.62989718517856
33,Armenia,3,Both,2009,43.64901356101907
24,Marshall Islands,1,Male,1990,40.88746508487866
24,Marshall Islands,2,Female,1990,37.33541606310506
24,Marshall Islands,3,Both,1990,39.15540532351932
117,Saint Vincent and the Grenadines,1,Male,2003,21.699669429044015
117,Saint Vincent and the Grenadines,2,Female,2003,16.121474037974153
117,Saint Vincent and the Grenadines,3,Both,2003,18.942573277795592
140,Bahrain,1,Male,1991,35.02228172154273
140,Bahrain,2,Female,1991,25.849169244228843
140,Bahrain,3,Both,1991,31.156149687614025
44,Bosnia and Herzegovina,1,Male,2003,55.97731934322647
44,Bosnia and Herzegovina,2,Female,2003,42.37948069992903
44,Bosnia and Herzegovina,3,Both,2003,49.04109749944004
189,United Republic of Tanzania,1,Male,1996,32.62663774748621
189,United Republic of Tanzania,2,Female,1996,29.44848545861216
189,United Republic of Tanzania,3,Both,1996,31.00066410914286
173,Gabon,1,Male,2008,22.74716399580604
173,Gabon,2,Female,2008,19.79963805426215
173,Gabon,3,Both,2008,21.24122508836783
48,Hungary,1,Male,1995,52.21583512619393
48,Hungary,2,Female,1995,39.85441554346783
48,Hungary,3,Both,1995,45.76045343076215
126,Costa Rica,1,Male,1994,31.85738373648512
126,Costa Rica,2,Female,1994,26.378120378098608
126,Costa Rica,3,Both,1994,29.120824516544857
72,New Zealand,1,Male,1992,37.367508881170906
72,New Zealand,2,Female,1992,33.61389377502689
72,New Zealand,3,Both,1992,35.465272177580474
367,Monaco,1,Male,1990,42.28686182305514
367,Monaco,2,Female,1990,31.51758573652104
367,Monaco,3,Both,1990,36.64000195544629
10,Cambodia,1,Male,1996,52.62601094992583
10,Cambodia,2,Female,1996,41.98223922554637
10,Cambodia,3,Both,1996,47.105738473474304
380,Palau,1,Male,2010,27.88277937883456
380,Palau,2,Female,2010,19.74469835886058
380,Palau,3,Both,2010,24.07073737196048
7,Democratic People's Republic of Korea,1,Male,2001,50.41266077375399
7,Democratic People's Republic of Korea,2,Female,2001,35.34465857249044
7,Democratic People's Republic of Korea,3,Both,2001,42.60051923880744
69,Singapore,1,Male,2000,29.31285230025062
69,Singapore,2,Female,2000,19.34121361903081
69,Singapore,3,Both,2000,24.45639672249211
209,Guinea-Bissau,1,Male,2009,11.9060356802939
209,Guinea-Bissau,2,Female,2009,9.34627608838256
209,Guinea-Bissau,3,Both,2009,10.59245450898165
106,Bahamas,1,Male,1997,20.45920141357616
106,Bahamas,2,Female,1997,12.75557604644248
106,Bahamas,3,Both,1997,16.51568596354156
175,Burundi,1,Male,1999,16.74809512844287
175,Burundi,2,Female,1999,14.2800391294436
175,Burundi,3,Both,1999,15.47881561661274
164,Nepal,1,Male,1999,50.989343500868415
164,Nepal,2,Female,1999,50.13387909833359
164,Nepal,3,Both,1999,50.5627514957869
89,Netherlands,1,Male,1992,46.054122700323056
89,Netherlands,2,Female,1992,41.17954347195188
89,Netherlands,3,Both,1992,43.588553280054185
7,Democratic People's Republic of Korea,1,Male,1996,50.83262033963371
7,Democratic People's Republic of Korea,2,Female,1996,38.202476500981255
7,Democratic People's Republic of Korea,3,Both,1996,44.21102330928877
393,Saint Kitts and Nevis,1,Male,1998,20.59158126585497
393,Saint Kitts and Nevis,2,Female,1998,13.04504942812544
393,Saint Kitts and Nevis,3,Both,1998,16.78589969515681
20,Viet Nam,1,Male,2006,47.31583991538312
20,Viet Nam,2,Female,2006,36.05311425215069
20,Viet Nam,3,Both,2006,41.61810898061708
7,Democratic People's Republic of Korea,1,Male,1999,50.80561506081914
7,Democratic People's Republic of Korea,2,Female,1999,36.827172713270265
7,Democratic People's Republic of Korea,3,Both,1999,43.52693176893281
62,Russian Federation,1,Male,1992,50.28679161617912
62,Russian Federation,2,Female,1992,30.08058146735288
62,Russian Federation,3,Both,1992,39.5606702916464
39,Tajikistan,1,Male,1990,42.23924149569304
39,Tajikistan,2,Female,1990,35.898267702298966
39,Tajikistan,3,Both,1990,39.053998481291465
422,United States Virgin Islands,1,Male,2006,19.014099028803876
422,United States Virgin Islands,2,Female,2006,12.62590152886812
422,United States Virgin Islands,3,Both,2006,15.676071044668069
77,Cyprus,1,Male,2008,50.074223923300224
77,Cyprus,2,Female,2008,37.839710162977454
77,Cyprus,3,Both,2008,43.93889174582087
217,Sierra Leone,1,Male,1993,34.85618605289584
217,Sierra Leone,2,Female,1993,32.73500879746797
217,Sierra Leone,3,Both,1993,33.76647125450532
16,Philippines,1,Male,2009,44.84746680566411
16,Philippines,2,Female,2009,37.6948828364899
16,Philippines,3,Both,2009,41.31737530596329
126,Costa Rica,1,Male,2010,22.96240228973588
126,Costa Rica,2,Female,2010,16.98921619358952
126,Costa Rica,3,Both,2010,19.92350016563753
93,Sweden,1,Male,1992,31.13648600517276
93,Sweden,2,Female,1992,29.048737433536807
93,Sweden,3,Both,1992,30.079541193762587
435,South Sudan,1,Male,1990,23.22831156568102
435,South Sudan,2,Female,1990,22.36796502821338
435,South Sudan,3,Both,1990,22.8232005717504
28,Solomon Islands,1,Male,1993,45.54750551965443
28,Solomon Islands,2,Female,1993,44.803609509589606
28,Solomon Islands,3,Both,1993,45.189433657068726
81,Germany,1,Male,2008,37.25547857667371
81,Germany,2,Female,2008,27.00394879117357
81,Germany,3,Both,2008,32.0271851860873
163,India,1,Male,1991,39.81908785967835
163,India,2,Female,1991,34.10981127781519
163,India,3,Both,1991,37.08132511095017
28,Solomon Islands,1,Male,1998,44.36478059620629
28,Solomon Islands,2,Female,1998,43.41826280648992
28,Solomon Islands,3,Both,1998,43.90828522074271
184,Mozambique,1,Male,2004,25.18991344821305
184,Mozambique,2,Female,2004,22.38748601762844
184,Mozambique,3,Both,2004,23.73749571339581
196,South Africa,1,Male,2002,36.27861778731107
196,South Africa,2,Female,2002,30.36268931313516
196,South Africa,3,Both,2002,33.205223980660584
6,China,1,Male,2008,50.61246005970137
6,China,2,Female,2008,32.14421595563591
6,China,3,Both,2008,41.59502849293792
98,Chile,1,Male,2005,41.20746478360354
98,Chile,2,Female,2005,38.45645410595628
98,Chile,3,Both,2005,39.811046861529285
6,China,1,Male,2005,50.55112981838296
6,China,2,Female,2005,32.66608283745784
6,China,3,Both,2005,41.83907591298596
39,Tajikistan,1,Male,2007,33.774778588060386
39,Tajikistan,2,Female,2007,24.97453773126644
39,Tajikistan,3,Both,2007,29.41130051573573
43,Albania,1,Male,1990,49.89144882021538
43,Albania,2,Female,1990,37.1274800621124
43,Albania,3,Both,1990,43.6969101577882
197,Eswatini,1,Male,2001,21.14607710465534
197,Eswatini,2,Female,2001,17.94392563128728
197,Eswatini,3,Both,2001,19.46228005908192
24,Marshall Islands,1,Male,2006,38.01184693601587
24,Marshall Islands,2,Female,2006,35.48434435317055
24,Marshall Islands,3,Both,2006,36.78125610554412
193,Botswana,1,Male,1996,35.53523971723059
193,Botswana,2,Female,1996,29.49461992107042
193,Botswana,3,Both,1996,32.41015730419326
213,Niger,1,Male,2009,15.22012706896034
213,Niger,2,Female,2009,13.82632571886138
213,Niger,3,Both,2009,14.520099092745587
47,Czechia,1,Male,1990,48.98718675521428
47,Czechia,2,Female,1990,37.46451836211318
47,Czechia,3,Both,1990,43.0535614691881
27,Samoa,1,Male,1993,45.27040749392552
27,Samoa,2,Female,1993,40.8643431315578
27,Samoa,3,Both,1993,43.16853953832317
130,Mexico,1,Male,2002,28.92667660482629
130,Mexico,2,Female,2002,24.16005062788938
130,Mexico,3,Both,2002,26.489805174559887
422,United States Virgin Islands,1,Male,1998,20.59698968649867
422,United States Virgin Islands,2,Female,1998,14.17921223800034
422,United States Virgin Islands,3,Both,1998,17.25850098445422
110,Dominica,1,Male,1997,22.17423147510819
110,Dominica,2,Female,1997,15.195445241453507
110,Dominica,3,Both,1997,18.6509926796121
143,Iraq,1,Male,2007,46.40524188286548
143,Iraq,2,Female,2007,37.88296374717326
143,Iraq,3,Both,2007,42.30391668293853
48,Hungary,1,Male,2003,49.271690950413735
48,Hungary,2,Female,2003,38.16072388770234
48,Hungary,3,Both,2003,43.442024341964505
20,Viet Nam,1,Male,2009,45.495005824775845
20,Viet Nam,2,Female,2009,32.63103942834224
20,Viet Nam,3,Both,2009,38.9942847892599
77,Cyprus,1,Male,2000,50.92239414176981
77,Cyprus,2,Female,2000,38.52752985181306
77,Cyprus,3,Both,2000,44.7567269173736
52,Romania,1,Male,1995,47.20445119973373
52,Romania,2,Female,1995,34.12378141703366
52,Romania,3,Both,1995,40.54820850046833
85,Israel,1,Male,2008,38.64680793186179
85,Israel,2,Female,2008,31.062615774058848
85,Israel,3,Both,2008,34.81955062437588
142,Iran (Islamic Republic of),1,Male,1994,32.17693776385535
142,Iran (Islamic Republic of),2,Female,1994,22.09706226203188
142,Iran (Islamic Republic of),3,Both,1994,27.222042828379912
51,Poland,1,Male,1990,57.90391533105444
51,Poland,2,Female,1990,46.07703886464801
51,Poland,3,Both,1990,51.836348492589245
6,China,1,Male,2002,51.4568606301541
6,China,2,Female,2002,35.077190145753114
6,China,3,Both,2002,43.50083484766315
369,Nauru,1,Male,1993,49.52305109784053
369,Nauru,2,Female,1993,48.53787628922814
369,Nauru,3,Both,1993,49.04491340027552
180,Kenya,1,Male,1999,28.102132969545774
180,Kenya,2,Female,1999,24.66876192553625
180,Kenya,3,Both,1999,26.37093827892877
197,Eswatini,1,Male,1996,21.94330005867925
197,Eswatini,2,Female,1996,18.96369098576504
197,Eswatini,3,Both,1996,20.37971233046172
189,United Republic of Tanzania,1,Male,2004,28.95999519330845
189,United Republic of Tanzania,2,Female,2004,25.92680659245949
189,United Republic of Tanzania,3,Both,2004,27.411141674759985
36,Kazakhstan,1,Male,1998,45.06126450847428
36,Kazakhstan,2,Female,1998,31.662224496051174
36,Kazakhstan,3,Both,1998,38.11939817642279
217,Sierra Leone,1,Male,2009,33.1555984095217
217,Sierra Leone,2,Female,2009,30.18790892565927
217,Sierra Leone,3,Both,2009,31.64066601778972
26,Papua New Guinea,1,Male,2010,43.74623085585588
26,Papua New Guinea,2,Female,2010,45.10336992641232
26,Papua New Guinea,3,Both,2010,44.39838741674137
128,Guatemala,1,Male,1997,20.69414731844341
128,Guatemala,2,Female,1997,17.977658644403622
128,Guatemala,3,Both,1997,19.31085065849123
374,Niue,1,Male,1990,35.94792197281821
374,Niue,2,Female,1990,25.08425418711449
374,Niue,3,Both,1990,30.543906702661538
107,Barbados,1,Male,1997,17.11055436030695
107,Barbados,2,Female,1997,10.8665233110366
107,Barbados,3,Both,1997,13.86787252824332
28,Solomon Islands,1,Male,2006,43.65957669081593
28,Solomon Islands,2,Female,2006,43.03455457145552
28,Solomon Islands,3,Both,2006,43.35614280200052
130,Mexico,1,Male,1994,37.46541343814005
130,Mexico,2,Female,1994,35.20729374282306
130,Mexico,3,Both,1994,36.318517200721104
52,Romania,1,Male,2003,45.77969812799992
52,Romania,2,Female,2003,31.8487915409799
52,Romania,3,Both,2003,38.64669803351967
102,United States of America,1,Male,2005,33.472672990251326
102,United States of America,2,Female,2005,29.12290218318661
102,United States of America,3,Both,2005,31.26432249591815
36,Kazakhstan,1,Male,1993,46.30587695369769
36,Kazakhstan,2,Female,1993,33.70445233716591
36,Kazakhstan,3,Both,1993,39.80444291891254
201,Burkina Faso,1,Male,1996,24.64424085602174
201,Burkina Faso,2,Female,1996,22.362303628903803
201,Burkina Faso,3,Both,1996,23.466511929857088
184,Mozambique,1,Male,1999,24.84142669951851
184,Mozambique,2,Female,1999,22.13057885222805
184,Mozambique,3,Both,1999,23.43453152559691
24,Marshall Islands,1,Male,2009,37.28302357173422
24,Marshall Islands,2,Female,2009,34.14993272596728
24,Marshall Islands,3,Both,2009,35.75733693036981
89,Netherlands,1,Male,2008,35.606839414149846
89,Netherlands,2,Female,2008,31.672412160252374
89,Netherlands,3,Both,2008,33.6181975334287
147,Libya,1,Male,2007,47.56232895970904
147,Libya,2,Female,2007,37.17110825755023
147,Libya,3,Both,2007,42.56739913377652
130,Mexico,1,Male,2010,22.43592915153975
130,Mexico,2,Female,2010,16.78620689413195
130,Mexico,3,Both,2010,19.54834861040842
201,Burkina Faso,1,Male,2001,23.4993077720755
201,Burkina Faso,2,Female,2001,21.36952256038663
201,Burkina Faso,3,Both,2001,22.40027032266826
171,Democratic Republic of the Congo,1,Male,1991,22.63884262535922
171,Democratic Republic of the Congo,2,Female,1991,20.915873320558106
171,Democratic Republic of the Congo,3,Both,1991,21.7681565866269
114,Haiti,1,Male,1997,19.00380734652941
114,Haiti,2,Female,1997,16.82602599638859
114,Haiti,3,Both,1997,17.88367180453142
139,Algeria,1,Male,2002,40.77392876118332
139,Algeria,2,Female,2002,31.3003258144685
139,Algeria,3,Both,2002,36.09298896144283
53,Serbia,1,Male,2003,54.126257029659065
53,Serbia,2,Female,2003,42.99434598273456
53,Serbia,3,Both,2003,48.43682952795823
106,Bahamas,1,Male,2005,19.90845942355569
106,Bahamas,2,Female,2005,12.20243274746021
106,Bahamas,3,Both,2005,15.94669217115388
81,Germany,1,Male,2000,41.05227137614331
81,Germany,2,Female,2000,30.27254168375209
81,Germany,3,Both,2000,35.53546039517343
218,Togo,1,Male,1990,24.0427232562437
218,Togo,2,Female,1990,20.59613642563814
218,Togo,3,Both,1990,22.2770391389642
109,Cuba,1,Male,2006,39.16788618612677
109,Cuba,2,Female,2006,29.58456204108345
109,Cuba,3,Both,2006,34.38050799835118
40,Turkmenistan,1,Male,1998,47.07181341423589
40,Turkmenistan,2,Female,1998,36.19178721182895
40,Turkmenistan,3,Both,1998,41.63267753451725
7,Democratic People's Republic of Korea,1,Male,1991,50.04839556983271
7,Democratic People's Republic of Korea,2,Female,1991,38.71476581334038
7,Democratic People's Republic of Korea,3,Both,1991,44.05127093933767
151,Qatar,1,Male,2007,31.44226744221227
151,Qatar,2,Female,2007,22.58196085827768
151,Qatar,3,Both,2007,28.86513855369594
36,Kazakhstan,1,Male,2006,44.44938711812416
36,Kazakhstan,2,Female,2006,31.332001396508304
36,Kazakhstan,3,Both,2006,37.64647209358933
53,Serbia,1,Male,1995,52.43772841920556
53,Serbia,2,Female,1995,42.93293491113784
53,Serbia,3,Both,1995,47.62352677935492
193,Botswana,1,Male,2004,33.42748280916606
193,Botswana,2,Female,2004,27.00574018981001
193,Botswana,3,Both,2004,30.12000123404681
118,Suriname,1,Male,1997,40.60716662620919
118,Suriname,2,Female,1997,34.73317010351708
118,Suriname,3,Both,1997,37.68244345729775
305,Bermuda,1,Male,1993,22.13879822492807
305,Bermuda,2,Female,1993,16.33835871864574
305,Bermuda,3,Both,1993,19.15097818312729
205,Côte d'Ivoire,1,Male,2001,29.481819480286497
205,Côte d'Ivoire,2,Female,2001,26.71713065674366
205,Côte d'Ivoire,3,Both,2001,28.13077845369213
44,Bosnia and Herzegovina,1,Male,1998,51.99362045051036
44,Bosnia and Herzegovina,2,Female,1998,38.54101288073954
44,Bosnia and Herzegovina,3,Both,1998,45.06914369905643
98,Chile,1,Male,1992,46.45094668342257
98,Chile,2,Female,1992,45.04173642660192
98,Chile,3,Both,1992,45.73472617912476
40,Turkmenistan,1,Male,2006,44.5488768721186
40,Turkmenistan,2,Female,2006,32.82618902919441
40,Turkmenistan,3,Both,2006,38.75383774005169
57,Belarus,1,Male,1995,49.21811024389786
57,Belarus,2,Female,1995,29.16664932994625
57,Belarus,3,Both,1995,38.60117676310906
189,United Republic of Tanzania,1,Male,1999,31.5821456903312
189,United Republic of Tanzania,2,Female,1999,28.45494534545484
189,United Republic of Tanzania,3,Both,1999,29.984522669300866
93,Sweden,1,Male,2008,25.707607327843927
93,Sweden,2,Female,2008,23.819643093892
93,Sweden,3,Both,2008,24.757889142238
12,Lao People's Democratic Republic,1,Male,2001,47.00507253292416
12,Lao People's Democratic Republic,2,Female,2001,40.87375355059729
12,Lao People's Democratic Republic,3,Both,2001,43.9286566744503
139,Algeria,1,Male,1994,42.83263076208622
139,Algeria,2,Female,1994,35.30809278308975
139,Algeria,3,Both,1994,39.11744665725638
110,Dominica,1,Male,2005,20.401175777917
110,Dominica,2,Female,2005,13.33698988741159
110,Dominica,3,Both,2005,16.84190596315133
122,Ecuador,1,Male,1997,21.00677635276066
122,Ecuador,2,Female,1997,16.97553694029991
122,Ecuador,3,Both,1997,18.979189135899528
209,Guinea-Bissau,1,Male,2001,10.45843893450028
209,Guinea-Bissau,2,Female,2001,7.89226370110028
209,Guinea-Bissau,3,Both,2001,9.14198449208728
139,Algeria,1,Male,2010,39.26465052617488
139,Algeria,2,Female,2010,28.90696679318256
139,Algeria,3,Both,2010,34.15401721255314
44,Bosnia and Herzegovina,1,Male,2006,57.32413224802162
44,Bosnia and Herzegovina,2,Female,2006,43.92192116608071
44,Bosnia and Herzegovina,3,Both,2006,50.516886988632
193,Botswana,1,Male,1999,35.01505945580893
193,Botswana,2,Female,1999,28.71811550180576
193,Botswana,3,Both,1999,31.76195705446418
28,Solomon Islands,1,Male,2009,44.34708236469947
28,Solomon Islands,2,Female,2009,43.90621667523051
28,Solomon Islands,3,Both,2009,44.13252081254482
85,Israel,1,Male,2000,41.72876742274757
85,Israel,2,Female,2000,35.53767687080747
85,Israel,3,Both,2000,38.59798364053624
205,Côte d'Ivoire,1,Male,1996,27.59154397622323
205,Côte d'Ivoire,2,Female,1996,24.73551762522116
205,Côte d'Ivoire,3,Both,1996,26.19294542551736
213,Niger,1,Male,2001,17.18859730325211
213,Niger,2,Female,2001,16.10420532787947
213,Niger,3,Both,2001,16.64589713573205
155,Turkey,1,Male,2007,52.9322163531164
155,Turkey,2,Female,2007,39.82049059913826
155,Turkey,3,Both,2007,46.43068038115459
48,Hungary,1,Male,1998,51.465796774862895
48,Hungary,2,Female,1998,39.6887025683475
48,Hungary,3,Both,1998,45.30180606298606
175,Burundi,1,Male,1991,20.32315113474992
175,Burundi,2,Female,1991,20.81299941616415
175,Burundi,3,Both,1991,20.57444969326395
71,Australia,1,Male,1992,38.97893443112841
71,Australia,2,Female,1992,34.20508105104858
71,Australia,3,Both,1992,36.57566164831472
145,Kuwait,1,Male,1991,45.28619374450314
145,Kuwait,2,Female,1991,42.01705626148024
145,Kuwait,3,Both,1991,43.89312010551857
114,Haiti,1,Male,2005,15.6618778539736
114,Haiti,2,Female,2005,13.19331674685542
114,Haiti,3,Both,2005,14.39293457600267
61,Republic of Moldova,1,Male,1995,49.10005347242096
61,Republic of Moldova,2,Female,1995,26.346808285328077
61,Republic of Moldova,3,Both,1995,37.22627140980134
126,Costa Rica,1,Male,1997,30.35778203527228
126,Costa Rica,2,Female,1997,24.86850098069683
126,Costa Rica,3,Both,1997,27.61499006771548
16,Philippines,1,Male,2001,49.33452902548887
16,Philippines,2,Female,2001,42.74250901379431
16,Philippines,3,Both,2001,46.0742253467951
143,Iraq,1,Male,2010,45.4044972529448
143,Iraq,2,Female,2010,36.53103062770586
143,Iraq,3,Both,2010,41.12595540690473
52,Romania,1,Male,1998,46.91233851408886
52,Romania,2,Female,1998,33.69799319395927
52,Romania,3,Both,1998,40.16711637845834
36,Kazakhstan,1,Male,2009,44.04975242474496
36,Kazakhstan,2,Female,2009,31.47148237442708
36,Kazakhstan,3,Both,2009,37.5303500591751
60,Lithuania,1,Male,1990,44.74623003861134
60,Lithuania,2,Female,1990,28.86716196920267
60,Lithuania,3,Both,1990,36.37483348371689
197,Eswatini,1,Male,1999,21.53670973844852
197,Eswatini,2,Female,1999,18.32932422748666
197,Eswatini,3,Both,1999,19.85139274318498
57,Belarus,1,Male,2003,46.88091573482601
57,Belarus,2,Female,2003,25.882932901873215
57,Belarus,3,Both,2003,35.72728459430498
40,Turkmenistan,1,Male,1993,47.71584585984333
40,Turkmenistan,2,Female,1993,37.94242443011357
40,Turkmenistan,3,Both,1993,42.78951687440528
48,Hungary,1,Male,2006,47.49166150111992
48,Hungary,2,Female,2006,36.57397240473226
48,Hungary,3,Both,2006,41.75811966047076
8,Taiwan (Province of China),1,Male,2001,46.83942678548812
8,Taiwan (Province of China),2,Female,2001,31.286523335325317
8,Taiwan (Province of China),3,Both,2001,39.230372435902
20,Viet Nam,1,Male,2001,50.95229266622648
20,Viet Nam,2,Female,2001,42.57837306814245
20,Viet Nam,3,Both,2001,46.70387202437514
89,Netherlands,1,Male,2000,40.486903671689525
89,Netherlands,2,Female,2000,35.574134851982805
89,Netherlands,3,Both,2000,38.00376485225281
44,Bosnia and Herzegovina,1,Male,1993,50.020883620562586
44,Bosnia and Herzegovina,2,Female,1993,38.26239595947542
44,Bosnia and Herzegovina,3,Both,1993,44.109017027615536
143,Iraq,1,Male,2002,48.63856116796793
143,Iraq,2,Female,2002,41.29992891312881
143,Iraq,3,Both,2002,45.12502604410915
51,Poland,1,Male,2001,47.24937003865181
51,Poland,2,Female,2001,37.32330950689684
51,Poland,3,Both,2001,42.133221286312086
69,Singapore,1,Male,1995,31.4131833990284
69,Singapore,2,Female,1995,21.31412902314395
69,Singapore,3,Both,1995,26.44282073576838
40,Turkmenistan,1,Male,2009,42.55293816304079
40,Turkmenistan,2,Female,2009,31.12053832720514
40,Turkmenistan,3,Both,2009,36.9191597767353
217,Sierra Leone,1,Male,2001,35.49782102618958
217,Sierra Leone,2,Female,2001,32.33386231464736
217,Sierra Leone,3,Both,2001,33.86142325416359
143,Iraq,1,Male,1994,51.90795126821971
143,Iraq,2,Female,1994,45.682839696863134
143,Iraq,3,Both,1994,48.90231779583687
102,United States of America,1,Male,1992,41.38417908369817
102,United States of America,2,Female,1992,35.95593347309754
102,United States of America,3,Both,1992,38.60984300633557
118,Suriname,1,Male,2005,38.05673997624323
118,Suriname,2,Female,2005,31.66859915804355
118,Suriname,3,Both,2005,34.88297694482256
10,Cambodia,1,Male,1999,53.43349446082774
10,Cambodia,2,Female,1999,42.83932442523631
10,Cambodia,3,Both,1999,47.96243607957683
209,Guinea-Bissau,1,Male,1996,10.65099684207376
209,Guinea-Bissau,2,Female,1996,7.99313503297681
209,Guinea-Bissau,3,Both,1996,9.28649546997187
53,Serbia,1,Male,1998,53.67832843722285
53,Serbia,2,Female,1998,43.60304569500908
53,Serbia,3,Both,1998,48.57194311202407
197,Eswatini,1,Male,2004,20.04366135227006
197,Eswatini,2,Female,2004,16.72427019969844
197,Eswatini,3,Both,2004,18.29857060039761
208,Guinea,1,Male,1996,25.53287951275755
208,Guinea,2,Female,1996,22.37906363617201
208,Guinea,3,Both,1996,23.92133463731925
147,Libya,1,Male,2002,46.72275657531928
147,Libya,2,Female,2002,36.52096179718836
147,Libya,3,Both,2002,41.776749515452885
130,Mexico,1,Male,1997,34.248968454786386
130,Mexico,2,Female,1997,30.80935513570798
130,Mexico,3,Both,1997,32.49802037168043
396,San Marino,1,Male,1998,39.14827182516455
396,San Marino,2,Female,1998,30.75888290911295
396,San Marino,3,Both,1998,34.83772226213049
123,Peru,1,Male,1994,20.56397093240629
123,Peru,2,Female,1994,17.07164307059747
123,Peru,3,Both,1994,18.80908262692179
22,Fiji,1,Male,1990,37.4970251018848
22,Fiji,2,Female,1990,33.71064513876362
22,Fiji,3,Both,1990,35.63289800237447
11,Indonesia,1,Male,1996,45.05555380060225
11,Indonesia,2,Female,1996,42.3407993998767
11,Indonesia,3,Both,1996,43.69554767853934
122,Ecuador,1,Male,2005,18.3981907703071
122,Ecuador,2,Female,2005,13.78436718621144
122,Ecuador,3,Both,2005,16.07553052200185
180,Kenya,1,Male,1991,29.39308204209864
180,Kenya,2,Female,1991,26.0364121985094
180,Kenya,3,Both,1991,27.70297573882955
147,Libya,1,Male,1994,47.02148027279204
147,Libya,2,Female,1994,38.54577890119895
147,Libya,3,Both,1994,42.87016212120048
106,Bahamas,1,Male,1992,21.11238442667065
106,Bahamas,2,Female,1992,13.559362168109148
106,Bahamas,3,Both,1992,17.26200836109821
151,Qatar,1,Male,2002,31.21190049387379
151,Qatar,2,Female,2002,21.68633728284592
151,Qatar,3,Both,2002,27.89638746425829
48,Hungary,1,Male,1993,52.74125320655229
48,Hungary,2,Female,1993,40.25542982270617
48,Hungary,3,Both,1993,46.23495308927391
61,Republic of Moldova,1,Male,2003,48.34608763174296
61,Republic of Moldova,2,Female,2003,24.29885198711435
61,Republic of Moldova,3,Both,2003,35.81116155117695
183,Mauritius,1,Male,2008,32.85007947357742
183,Mauritius,2,Female,2008,24.918100814273263
183,Mauritius,3,Both,2008,28.84341140906128
213,Niger,1,Male,1996,17.78003354670974
213,Niger,2,Female,1996,16.330224741867088
213,Niger,3,Both,1996,17.05266747987687
98,Chile,1,Male,2008,39.72100997636573
98,Chile,2,Female,2008,36.51009536961666
98,Chile,3,Both,2008,38.088754839356646
133,Venezuela (Bolivarian Republic of),1,Male,2000,31.213291672574822
133,Venezuela (Bolivarian Republic of),2,Female,2000,27.32411696225633
133,Venezuela (Bolivarian Republic of),3,Both,2000,29.25111369997628
305,Bermuda,1,Male,2009,21.33220858648632
305,Bermuda,2,Female,2009,15.205972276565111
305,Bermuda,3,Both,2009,18.15030928415431
385,Puerto Rico,1,Male,1993,19.58496493429307
385,Puerto Rico,2,Female,1993,15.1028295419371
385,Puerto Rico,3,Both,1993,17.2733376746129
163,India,1,Male,2007,33.11993081391979
163,India,2,Female,2007,27.192512695737893
163,India,3,Both,2007,30.25212506122874
121,Bolivia (Plurinational State of),1,Male,2003,18.61028369230768
121,Bolivia (Plurinational State of),2,Female,2003,15.60107889866535
121,Bolivia (Plurinational State of),3,Both,2003,17.10189893881555
68,Republic of Korea,1,Male,1995,52.23296971577135
68,Republic of Korea,2,Female,1995,38.359023577870985
68,Republic of Korea,3,Both,1995,45.33050501492218
76,Belgium,1,Male,1992,45.79084457005102
76,Belgium,2,Female,1992,37.0383655686079
76,Belgium,3,Both,1992,41.32637072540991
147,Libya,1,Male,2010,47.75177741079985
147,Libya,2,Female,2010,37.11498150684097
147,Libya,3,Both,2010,42.63480082523324
24,Marshall Islands,1,Male,2001,39.44496070525068
24,Marshall Islands,2,Female,2001,37.10242851509432
24,Marshall Islands,3,Both,2001,38.303116714948686
374,Niue,1,Male,1993,35.28457352300311
374,Niue,2,Female,1993,24.74555090234449
374,Niue,3,Both,1993,30.04090144540178
52,Romania,1,Male,2006,44.47123295985542
52,Romania,2,Female,2006,30.332321401972067
52,Romania,3,Both,2006,37.227106699636856
201,Burkina Faso,1,Male,1999,24.01113292164921
201,Burkina Faso,2,Female,1999,21.84361291457878
201,Burkina Faso,3,Both,1999,22.89241344410975
184,Mozambique,1,Male,1991,24.81341391807225
184,Mozambique,2,Female,1991,22.85425714544726
184,Mozambique,3,Both,1991,23.79045011211663
11,Indonesia,1,Male,1999,45.12259350243187
11,Indonesia,2,Female,1999,42.09336630516505
11,Indonesia,3,Both,1999,43.60651381334424
105,Antigua and Barbuda,1,Male,2009,19.49269392496321
105,Antigua and Barbuda,2,Female,2009,11.977812940278309
105,Antigua and Barbuda,3,Both,2009,15.562729423969
6,China,1,Male,1991,54.51718303971421
6,China,2,Female,1991,46.210552408495445
6,China,3,Both,1991,50.49918402894807
212,Mauritania,1,Male,1996,35.568146771366884
212,Mauritania,2,Female,1996,34.35978141617289
212,Mauritania,3,Both,1996,34.95839310873014
196,South Africa,1,Male,2005,34.66088000195225
196,South Africa,2,Female,2005,28.643487804979788
196,South Africa,3,Both,2005,31.54611383458425
217,Sierra Leone,1,Male,1996,35.20834836609259
217,Sierra Leone,2,Female,1996,32.62886746860701
217,Sierra Leone,3,Both,1996,33.8767905920709
26,Papua New Guinea,1,Male,1990,44.461746972027264
26,Papua New Guinea,2,Female,1990,44.88016936470301
26,Papua New Guinea,3,Both,1990,44.66260335921931
57,Belarus,1,Male,1998,48.21284972316252
57,Belarus,2,Female,1998,27.854529501093527
57,Belarus,3,Both,1998,37.43077537124195
77,Cyprus,1,Male,1995,51.69865476152366
77,Cyprus,2,Female,1995,39.96027242212879
77,Cyprus,3,Both,1995,45.87397753135815
110,Dominica,1,Male,1992,23.26095193357743
110,Dominica,2,Female,1992,16.367438122416768
110,Dominica,3,Both,1992,19.79411624842
52,Romania,1,Male,1993,47.5171080170079
52,Romania,2,Female,1993,34.45744668536076
52,Romania,3,Both,1993,40.88215979817448
15,Myanmar,1,Male,1996,46.4417205498108
15,Myanmar,2,Female,1996,43.21037889482421
15,Myanmar,3,Both,1996,44.78856790363766
151,Qatar,1,Male,2010,31.82828170364635
151,Qatar,2,Female,2010,23.40446025965173
151,Qatar,3,Both,2010,29.74993997155191
125,Colombia,1,Male,2003,24.96932394791347
125,Colombia,2,Female,2003,20.60985309470324
125,Colombia,3,Both,2003,22.750963735993828
146,Lebanon,1,Male,1991,49.840937718736775
146,Lebanon,2,Female,1991,39.220809379241054
146,Lebanon,3,Both,1991,44.49024334112285
43,Albania,1,Male,2007,49.33448829795712
43,Albania,2,Female,2007,29.53746674635665
43,Albania,3,Both,2007,39.42839753142592
155,Turkey,1,Male,2002,56.71645324276321
155,Turkey,2,Female,2002,44.74011380563593
155,Turkey,3,Both,2002,50.79874649492441
204,Chad,1,Male,1999,22.40569581770182
204,Chad,2,Female,1999,19.89051386284261
204,Chad,3,Both,1999,21.11853715870736
393,Saint Kitts and Nevis,1,Male,1993,20.54110095743536
393,Saint Kitts and Nevis,2,Female,1993,12.872330081981758
393,Saint Kitts and Nevis,3,Both,1993,16.647936840324252
187,Somalia,1,Male,2008,23.168951553625263
187,Somalia,2,Female,2008,19.40785842293857
187,Somalia,3,Both,2008,21.338382724309778
374,Niue,1,Male,2009,30.68231184548273
374,Niue,2,Female,2009,20.70901097979875
374,Niue,3,Both,2009,25.710096965708814
69,Singapore,1,Male,2003,28.58381721918001
69,Singapore,2,Female,2003,18.54384590518796
69,Singapore,3,Both,2003,23.62174911593275
380,Palau,1,Male,1990,33.18506657081443
380,Palau,2,Female,1990,25.19731771758334
380,Palau,3,Both,1990,29.31483801889998
200,Benin,1,Male,2005,16.56901445136564
200,Benin,2,Female,2005,14.67048955376632
200,Benin,3,Both,2005,15.59582110344585
201,Burkina Faso,1,Male,2004,22.6787217994649
201,Burkina Faso,2,Female,2004,20.71391903621575
201,Burkina Faso,3,Both,2004,21.665420795270546
53,Serbia,1,Male,2006,53.624574246930656
53,Serbia,2,Female,2006,42.06798743978975
53,Serbia,3,Both,2006,47.707532753752766
44,Bosnia and Herzegovina,1,Male,2009,57.56181070516792
44,Bosnia and Herzegovina,2,Female,2009,44.40794088551775
44,Bosnia and Herzegovina,3,Both,2009,50.88035199872824
171,Democratic Republic of the Congo,1,Male,2007,20.15523371371247
171,Democratic Republic of the Congo,2,Female,2007,17.44877646005161
171,Democratic Republic of the Congo,3,Both,2007,18.80678263281638
146,Lebanon,1,Male,1994,51.64404921619878
146,Lebanon,2,Female,1994,41.23930719641989
146,Lebanon,3,Both,1994,46.41543563835464
200,Benin,1,Male,2002,17.984973079930942
200,Benin,2,Female,2002,16.00053756337422
200,Benin,3,Both,2002,16.96694142072028
113,Guyana,1,Male,2006,24.92488519773203
113,Guyana,2,Female,2006,20.05213813010857
113,Guyana,3,Both,2006,22.493375981288168
152,Saudi Arabia,1,Male,2002,35.9679309924355
152,Saudi Arabia,2,Female,2002,26.16877157989214
152,Saudi Arabia,3,Both,2002,31.600643080203312
93,Sweden,1,Male,2000,27.9745263447558
93,Sweden,2,Female,2000,27.10696231537892
93,Sweden,3,Both,2000,27.53581552624942
216,Senegal,1,Male,1996,36.52226642676381
216,Senegal,2,Female,1996,33.50068410098724
216,Senegal,3,Both,1996,34.98066081079667
7,Democratic People's Republic of Korea,1,Male,2004,49.13299099667689
7,Democratic People's Republic of Korea,2,Female,2004,33.227008052104004
7,Democratic People's Republic of Korea,3,Both,2004,40.934302467431486
28,Solomon Islands,1,Male,2001,43.82620533185843
28,Solomon Islands,2,Female,2001,42.73762152920112
28,Solomon Islands,3,Both,2001,43.30005536897208
205,Côte d'Ivoire,1,Male,1999,28.91584908257503
205,Côte d'Ivoire,2,Female,1999,26.0242599393773
205,Côte d'Ivoire,3,Both,1999,27.50086682728844
8,Taiwan (Province of China),1,Male,1990,51.10960314198082
8,Taiwan (Province of China),2,Female,1990,39.53562346537146
8,Taiwan (Province of China),3,Both,1990,45.51703526924315
102,United States of America,1,Male,2008,31.44629791575524
102,United States of America,2,Female,2008,27.37489281570939
102,United States of America,3,Both,2008,29.37979184651814
416,Tuvalu,1,Male,2010,41.73420677996268
416,Tuvalu,2,Female,2010,38.839549403995264
416,Tuvalu,3,Both,2010,40.31463773831733
81,Germany,1,Male,1995,42.34456030137141
81,Germany,2,Female,1995,31.161841578431744
81,Germany,3,Both,1995,36.60535504048579
151,Qatar,1,Male,1994,32.9328025866123
151,Qatar,2,Female,1994,23.6271528089182
151,Qatar,3,Both,1994,29.778886991554582
8,Taiwan (Province of China),1,Male,1993,50.06877803377074
8,Taiwan (Province of China),2,Female,1993,37.03624518191886
8,Taiwan (Province of China),3,Both,1993,43.75503226619472
422,United States Virgin Islands,1,Male,1993,21.095928319803487
422,United States Virgin Islands,2,Female,1993,14.574654871729608
422,United States Virgin Islands,3,Both,1993,17.727786653533308
126,Costa Rica,1,Male,2005,26.35075789767073
126,Costa Rica,2,Female,2005,21.02525209839284
126,Costa Rica,3,Both,2005,23.66685758291169
53,Serbia,1,Male,1993,51.99907697258554
53,Serbia,2,Female,1993,42.632886133473605
53,Serbia,3,Both,1993,47.24860701801059
57,Belarus,1,Male,2006,46.47411215740407
57,Belarus,2,Female,2006,25.261356886384306
57,Belarus,3,Both,2006,35.174433883346
61,Republic of Moldova,1,Male,1998,48.90270273483241
61,Republic of Moldova,2,Female,1998,25.72095556776082
61,Republic of Moldova,3,Both,1998,36.8120991475882
68,Republic of Korea,1,Male,1990,52.83871750002175
68,Republic of Korea,2,Female,1990,41.8450704715909
68,Republic of Korea,3,Both,1990,47.36599956149798
116,Saint Lucia,1,Male,2003,22.06645744420774
116,Saint Lucia,2,Female,2003,16.4364603613374
116,Saint Lucia,3,Both,2003,19.20997343791295
191,Zambia,1,Male,2002,27.681753237994087
191,Zambia,2,Female,2002,25.687472777013493
191,Zambia,3,Both,2002,26.67141995970442
68,Republic of Korea,1,Male,1998,50.6926094438282
68,Republic of Korea,2,Female,1998,35.32538026718113
68,Republic of Korea,3,Both,1998,43.04683797691351
109,Cuba,1,Male,2009,36.41663375129091
109,Cuba,2,Female,2009,26.717371594200117
109,Cuba,3,Both,2009,31.5657553498088
35,Georgia,1,Male,1993,49.8949505256587
35,Georgia,2,Female,1993,30.029864426861653
35,Georgia,3,Both,1993,39.42584856070756
114,Haiti,1,Male,1992,20.41127776289908
114,Haiti,2,Female,1992,18.49319029991569
114,Haiti,3,Both,1992,19.42524792225888
305,Bermuda,1,Male,2001,21.91471592729718
305,Bermuda,2,Female,2001,15.92836971655042
305,Bermuda,3,Both,2001,18.81205138324524
393,Saint Kitts and Nevis,1,Male,2009,18.36411879529533
393,Saint Kitts and Nevis,2,Female,2009,11.16941604984014
393,Saint Kitts and Nevis,3,Both,2009,14.77065018194075
205,Côte d'Ivoire,1,Male,2004,29.13524153580347
205,Côte d'Ivoire,2,Female,2004,26.28164148670883
205,Côte d'Ivoire,3,Both,2004,27.744399802909857
12,Lao People's Democratic Republic,1,Male,1999,47.15130297565488
12,Lao People's Democratic Republic,2,Female,1999,41.06151952892301
12,Lao People's Democratic Republic,3,Both,1999,44.09001043689456
195,Namibia,1,Male,1999,34.89936180112578
195,Namibia,2,Female,1999,32.06180360420236
195,Namibia,3,Both,1999,33.44311639710163
177,Djibouti,1,Male,2008,42.09122214529077
177,Djibouti,2,Female,2008,39.31115473190419
177,Djibouti,3,Both,2008,40.8007329497443
209,Guinea-Bissau,1,Male,2004,10.78073801997562
209,Guinea-Bissau,2,Female,2004,8.22095030326527
209,Guinea-Bissau,3,Both,2004,9.46752473766387
57,Belarus,1,Male,1993,49.80533979883502
57,Belarus,2,Female,1993,30.09789483999432
57,Belarus,3,Both,1993,39.36568715930438
209,Guinea-Bissau,1,Male,1999,10.42589378798671
209,Guinea-Bissau,2,Female,1999,7.84078415991078
209,Guinea-Bissau,3,Both,1999,9.09940267461659
106,Bahamas,1,Male,2008,19.79953968235221
106,Bahamas,2,Female,2008,12.03879585965554
106,Bahamas,3,Both,2008,15.806516872144998
155,Turkey,1,Male,2010,50.57059432416564
155,Turkey,2,Female,2010,36.52842549155272
155,Turkey,3,Both,2010,43.587416990483256
175,Burundi,1,Male,2007,14.923765833543207
175,Burundi,2,Female,2007,12.534860371405149
175,Burundi,3,Both,2007,13.7111452497014
19,Timor-Leste,1,Male,1996,47.814957203761374
19,Timor-Leste,2,Female,1996,48.12999203065204
19,Timor-Leste,3,Both,1996,47.96805901723664
80,France,1,Male,1992,42.553381190332864
80,France,2,Female,1992,32.95812924791919
80,France,3,Both,1992,37.63329223822297
142,Iran (Islamic Republic of),1,Male,1997,31.7843748198768
142,Iran (Islamic Republic of),2,Female,1997,21.3682869972552
142,Iran (Islamic Republic of),3,Both,1997,26.662981761885167
435,South Sudan,1,Male,2010,21.26779213521447
435,South Sudan,2,Female,2010,18.1047595757196
435,South Sudan,3,Both,2010,19.74109954922469
422,United States Virgin Islands,1,Male,2009,18.12390545149165
422,United States Virgin Islands,2,Female,2009,11.8060426593048
422,United States Virgin Islands,3,Both,2009,14.829296208962962
77,Cyprus,1,Male,2003,50.47124388829231
77,Cyprus,2,Female,2003,37.95938395807371
77,Cyprus,3,Both,2003,44.231216748169935
139,Algeria,1,Male,1997,42.08444542219289
139,Algeria,2,Female,1997,33.68027683475122
139,Algeria,3,Both,1997,37.9329866521139
81,Germany,1,Male,2003,39.75274592510195
81,Germany,2,Female,2003,29.09334456400614
81,Germany,3,Both,2003,34.305512217860766
48,Hungary,1,Male,2009,45.72596770926178
48,Hungary,2,Female,2009,34.87398923117514
48,Hungary,3,Both,2009,40.02433034888184
189,United Republic of Tanzania,1,Male,1991,33.09436789196779
189,United Republic of Tanzania,2,Female,1991,29.87445161936512
189,United Republic of Tanzania,3,Both,1991,31.4424923097311
69,Singapore,1,Male,1998,30.03300420254406
69,Singapore,2,Female,1998,19.88292718667924
69,Singapore,3,Both,1998,25.15307930173243
118,Suriname,1,Male,1992,40.32666345645487
118,Suriname,2,Female,1992,35.041214869978724
118,Suriname,3,Both,1992,37.69551035578821
85,Israel,1,Male,2003,40.783998863644335
85,Israel,2,Female,2003,34.16625124230876
85,Israel,3,Both,2003,37.43937006715566
61,Republic of Moldova,1,Male,2006,48.382714362616206
61,Republic of Moldova,2,Female,2006,23.90756110521106
61,Republic of Moldova,3,Both,2006,35.62053283177513
43,Albania,1,Male,2004,48.84515572750889
43,Albania,2,Female,2004,30.05253157713423
43,Albania,3,Both,2004,39.42182060763133
416,Tuvalu,1,Male,1993,43.6207645073034
416,Tuvalu,2,Female,1993,38.376689805446205
416,Tuvalu,3,Both,1993,40.92679428334197
30,Vanuatu,1,Male,1990,32.15418592076824
30,Vanuatu,2,Female,1990,31.55050589366671
30,Vanuatu,3,Both,1990,31.861021897526783
413,Tokelau,1,Male,1990,40.45181274288894
413,Tokelau,2,Female,1990,33.02724089177547
413,Tokelau,3,Both,1990,36.74802276083912
155,Turkey,1,Male,1994,59.75329123176628
155,Turkey,2,Female,1994,49.300735735033605
155,Turkey,3,Both,1994,54.59500773915343
15,Myanmar,1,Male,1999,44.64600403569752
15,Myanmar,2,Female,1999,40.362810289424026
15,Myanmar,3,Both,1999,42.44683495184012
85,Israel,1,Male,1995,43.08739854472391
85,Israel,2,Female,1995,37.37941064854631
85,Israel,3,Both,1995,40.19881394760045
36,Kazakhstan,1,Male,2001,44.53685492503328
36,Kazakhstan,2,Female,2001,30.893959780959506
36,Kazakhstan,3,Both,2001,37.45975679282319
213,Niger,1,Male,1999,17.516844488825107
213,Niger,2,Female,1999,16.323819905660688
213,Niger,3,Both,1999,16.91950602494811
213,Niger,1,Male,2004,16.46072037052997
213,Niger,2,Female,2004,15.31265595640876
213,Niger,3,Both,2004,15.88561901447366
46,Croatia,1,Male,2001,48.57657398671979
46,Croatia,2,Female,2001,36.68691848993158
46,Croatia,3,Both,2001,42.41725216154179
122,Ecuador,1,Male,1992,23.49687847728367
122,Ecuador,2,Female,1992,19.63906398800162
122,Ecuador,3,Both,1992,21.55695507016209
193,Botswana,1,Male,1991,36.30802247958148
193,Botswana,2,Female,1991,31.07226597544229
193,Botswana,3,Both,1991,33.58264380211881
202,Cameroon,1,Male,1993,23.00148627481137
202,Cameroon,2,Female,1993,20.23988306749916
202,Cameroon,3,Both,1993,21.60100793453979
66,Brunei Darussalam,1,Male,2003,37.00269864010727
66,Brunei Darussalam,2,Female,2003,26.509621020851508
66,Brunei Darussalam,3,Both,2003,31.83826249015076
163,India,1,Male,2002,36.17261245441854
163,India,2,Female,2002,30.109053593574792
163,India,3,Both,2002,33.25121624232787
77,Cyprus,1,Male,1998,51.23529727931262
77,Cyprus,2,Female,1998,39.03492792716783
77,Cyprus,3,Both,1998,45.172973640187
217,Sierra Leone,1,Male,1999,35.52533587668485
217,Sierra Leone,2,Female,1999,32.6409488017536
217,Sierra Leone,3,Both,1999,34.03250799726341
61,Republic of Moldova,1,Male,1993,48.97608687520107
61,Republic of Moldova,2,Female,1993,26.66729151302803
61,Republic of Moldova,3,Both,1993,37.32797570729863
305,Bermuda,1,Male,1996,22.03613253584781
305,Bermuda,2,Female,1996,16.1806303985542
305,Bermuda,3,Both,1996,19.01180946445599
72,New Zealand,1,Male,1990,38.554225971080506
72,New Zealand,2,Female,1990,34.898254621339255
72,New Zealand,3,Both,1990,36.70438055828989
143,Iraq,1,Male,1997,50.90908250485482
143,Iraq,2,Female,1997,44.38534907964527
143,Iraq,3,Both,1997,47.77264328521222
110,Dominica,1,Male,2008,20.11028244868644
110,Dominica,2,Female,2008,13.1841379169514
110,Dominica,3,Both,2008,16.63894467846358
98,Chile,1,Male,2000,43.91905454314659
98,Chile,2,Female,2000,41.94410012120053
98,Chile,3,Both,2000,42.91896415668004
81,Germany,1,Male,1998,41.665396699299286
81,Germany,2,Female,1998,30.705881561337
81,Germany,3,Both,1998,36.05071368609301
60,Lithuania,1,Male,2001,42.24080778526812
60,Lithuania,2,Female,2001,24.4229144837795
60,Lithuania,3,Both,2001,32.75123880228238
47,Czechia,1,Male,2007,42.2044682521968
47,Czechia,2,Female,2007,30.30748712695409
47,Czechia,3,Both,2007,36.125591643711054
163,India,1,Male,2010,31.01315000093306
163,India,2,Female,2010,24.90545350806086
163,India,3,Both,2010,28.050504991635577
150,Oman,1,Male,1991,31.26531725263188
150,Oman,2,Female,1991,24.96710480408501
150,Oman,3,Both,1991,28.662675655699548
150,Oman,1,Male,1994,30.03263827829641
150,Oman,2,Female,1994,23.37914344394006
150,Oman,3,Both,1994,27.2326251454934
210,Liberia,1,Male,2004,17.142217049185298
210,Liberia,2,Female,2004,14.27207028183806
210,Liberia,3,Both,2004,15.70120210502069
10,Cambodia,1,Male,2005,51.054238011717615
10,Cambodia,2,Female,2005,39.96394603303643
10,Cambodia,3,Both,2005,45.35974550201557
111,Dominican Republic,1,Male,1997,24.815161514419128
111,Dominican Republic,2,Female,1997,21.99679631119823
111,Dominican Republic,3,Both,1997,23.38331157493287
30,Vanuatu,1,Male,2010,29.37217103217147
30,Vanuatu,2,Female,2010,25.60385143358509
30,Vanuatu,3,Both,2010,27.5199182561927
59,Latvia,1,Male,1995,49.13383243163453
59,Latvia,2,Female,1995,30.83113529446413
59,Latvia,3,Both,1995,39.29281072838265
23,Kiribati,1,Male,1996,56.632570537361424
23,Kiribati,2,Female,1996,60.65601783140887
23,Kiribati,3,Both,1996,58.664421874115455
204,Chad,1,Male,2002,22.09109841585916
204,Chad,2,Female,2002,19.70151822892407
204,Chad,3,Both,2002,20.87139036395613
12,Lao People's Democratic Republic,1,Male,1996,47.29959046668769
12,Lao People's Democratic Republic,2,Female,1996,41.20116951060374
12,Lao People's Democratic Republic,3,Both,1996,44.22304096027125
89,Netherlands,1,Male,2003,39.09724710169063
89,Netherlands,2,Female,2003,34.363475751508986
89,Netherlands,3,Both,2003,36.7048434390839
130,Mexico,1,Male,2005,25.961069365116103
130,Mexico,2,Female,2005,20.75254333376636
130,Mexico,3,Both,2005,23.29683840360851
52,Romania,1,Male,2009,42.52177414519519
52,Romania,2,Female,2009,28.6851136889488
52,Romania,3,Both,2009,35.431696599354666
34,Azerbaijan,1,Male,2007,50.95536126873973
34,Azerbaijan,2,Female,2007,34.799535112534954
34,Azerbaijan,3,Both,2007,42.779332526792565
72,New Zealand,1,Male,1998,35.35903539786354
72,New Zealand,2,Female,1998,31.91962102278551
72,New Zealand,3,Both,1998,33.61464597452425
89,Netherlands,1,Male,1995,43.62361709201968
89,Netherlands,2,Female,1995,38.71428085177625
89,Netherlands,3,Both,1995,41.14097481394392
72,New Zealand,1,Male,1995,36.13289684793196
72,New Zealand,2,Female,1995,32.48952330953744
72,New Zealand,3,Both,1995,34.28574674301806
217,Sierra Leone,1,Male,2004,35.236772592785535
217,Sierra Leone,2,Female,2004,32.11985371712723
217,Sierra Leone,3,Both,2004,33.63773904626114
196,South Africa,1,Male,2008,32.8694639216706
196,South Africa,2,Female,2008,26.655799433483303
196,South Africa,3,Both,2008,29.66723439807076
163,India,1,Male,1994,38.78375295774132
163,India,2,Female,1994,32.84248020041724
163,India,3,Both,1994,35.93468256417286
16,Philippines,1,Male,1996,50.32180820806295
16,Philippines,2,Female,1996,44.55950688856696
16,Philippines,3,Both,1996,47.46793696083445
197,Eswatini,1,Male,1991,22.351011938262992
197,Eswatini,2,Female,1991,20.14887815925024
197,Eswatini,3,Both,1991,21.19556375534959
102,United States of America,1,Male,2000,37.13280120213485
102,United States of America,2,Female,2000,32.347567072311165
102,United States of America,3,Both,2000,34.69883275236844
69,Singapore,1,Male,2006,27.83493334571479
69,Singapore,2,Female,2006,17.74694235152689
69,Singapore,3,Both,2006,22.872963249265226
126,Costa Rica,1,Male,1992,33.06010506070654
126,Costa Rica,2,Female,1992,27.69014661680103
126,Costa Rica,3,Both,1992,30.37811120986566
34,Azerbaijan,1,Male,1990,48.49424264436513
34,Azerbaijan,2,Female,1990,35.06267178797914
34,Azerbaijan,3,Both,1990,41.61454811763552
208,Guinea,1,Male,1999,24.96802694019762
208,Guinea,2,Female,1999,21.73030872237201
208,Guinea,3,Both,1999,23.30701680434109
435,South Sudan,1,Male,1993,22.99775576317493
435,South Sudan,2,Female,1993,21.9548510209227
435,South Sudan,3,Both,1993,22.50468857734695
146,Lebanon,1,Male,1997,53.80799484997999
146,Lebanon,2,Female,1997,43.95075420956106
146,Lebanon,3,Both,1997,48.86637405825867
41,Uzbekistan,1,Male,1995,28.297487426439535
41,Uzbekistan,2,Female,1995,20.14988586403846
41,Uzbekistan,3,Both,1995,24.18266382120768
18,Thailand,1,Male,1993,43.75168077231176
18,Thailand,2,Female,1993,36.27940081861691
18,Thailand,3,Both,1993,39.9764525906968
154,Tunisia,1,Male,1994,53.30817694773112
154,Tunisia,2,Female,1994,44.645632226336026
154,Tunisia,3,Both,1994,49.02572306029216
204,Chad,1,Male,2005,21.36634191208437
204,Chad,2,Female,2005,19.277362367793
204,Chad,3,Both,2005,20.3035739032077
374,Niue,1,Male,2001,33.20333446105985
374,Niue,2,Female,2001,23.03446276077354
374,Niue,3,Both,2001,28.13007769683656
7,Democratic People's Republic of Korea,1,Male,2002,50.0646656528974
7,Democratic People's Republic of Korea,2,Female,2002,34.56752919799171
7,Democratic People's Republic of Korea,3,Both,2002,42.04621164769798
40,Turkmenistan,1,Male,2001,46.59505880855159
40,Turkmenistan,2,Female,2001,35.308710189266264
40,Turkmenistan,3,Both,2001,40.978823771728976
171,Democratic Republic of the Congo,1,Male,2002,21.1401924293772
171,Democratic Republic of the Congo,2,Female,2002,18.20249936909583
171,Democratic Republic of the Congo,3,Both,2002,19.66995355221729
171,Democratic Republic of the Congo,1,Male,1994,22.351107001953423
171,Democratic Republic of the Congo,2,Female,1994,20.19482284889029
171,Democratic Republic of the Congo,3,Both,1994,21.264802617712363
106,Bahamas,1,Male,2000,20.12668199333173
106,Bahamas,2,Female,2000,12.47196545676026
106,Bahamas,3,Both,2000,16.19914341168874
20,Viet Nam,1,Male,1996,52.4418702939147
20,Viet Nam,2,Female,1996,46.1229195233478
20,Viet Nam,3,Both,1996,49.216417611092936
10,Cambodia,1,Male,2002,52.90110418242433
10,Cambodia,2,Female,2002,42.25824496780357
10,Cambodia,3,Both,2002,47.42477245613394
53,Serbia,1,Male,2009,52.32121393620036
53,Serbia,2,Female,2009,41.4931460657746
53,Serbia,3,Both,2009,46.7893715839645
374,Niue,1,Male,1996,34.69270721287359
374,Niue,2,Female,1996,24.53574967667866
374,Niue,3,Both,1996,29.64421335357853
93,Sweden,1,Male,2003,27.038102136138654
93,Sweden,2,Female,2003,26.14224500926408
93,Sweden,3,Both,2003,26.58583010339866
113,Guyana,1,Male,2009,24.33862367764392
113,Guyana,2,Female,2009,19.22607798471162
113,Guyana,3,Both,2009,21.77921016688543
129,Honduras,1,Male,2003,28.14010170347383
129,Honduras,2,Female,2003,24.753980266775876
129,Honduras,3,Both,2003,26.428932623863933
114,Haiti,1,Male,2008,14.59165598411565
114,Haiti,2,Female,2008,12.07195921969875
114,Haiti,3,Both,2008,13.297600459587718
76,Belgium,1,Male,1990,46.58864821056723
76,Belgium,2,Female,1990,37.72614381368486
76,Belgium,3,Both,1990,42.06744631773367
141,Egypt,1,Male,1994,45.77307564535837
141,Egypt,2,Female,1994,34.55002951559627
141,Egypt,3,Both,1994,40.29857092734564
147,Libya,1,Male,1997,46.64318860774565
147,Libya,2,Female,1997,37.49221018801536
147,Libya,3,Both,1997,42.1504202895427
393,Saint Kitts and Nevis,1,Male,2001,20.45122118733747
393,Saint Kitts and Nevis,2,Female,2001,12.98398735813054
393,Saint Kitts and Nevis,3,Both,2001,16.7001508135665
201,Burkina Faso,1,Male,1991,25.53008521535575
201,Burkina Faso,2,Female,1991,23.06226602055495
201,Burkina Faso,3,Both,1991,24.256036936715088
44,Bosnia and Herzegovina,1,Male,2001,54.25225870206296
44,Bosnia and Herzegovina,2,Female,2001,40.912696485379776
44,Bosnia and Herzegovina,3,Both,2001,47.43895129039799
24,Marshall Islands,1,Male,1996,40.39361355713549
24,Marshall Islands,2,Female,1996,37.46725532093074
24,Marshall Islands,3,Both,1996,38.96599381117092
57,Belarus,1,Male,2009,46.59327004988579
57,Belarus,2,Female,2009,25.08782064911685
57,Belarus,3,Both,2009,35.11223876298268
171,Democratic Republic of the Congo,1,Male,2010,19.67995555222831
171,Democratic Republic of the Congo,2,Female,2010,17.204997444749328
171,Democratic Republic of the Congo,3,Both,2010,18.44955934318836
69,Singapore,1,Male,1993,32.2820025931982
69,Singapore,2,Female,1993,22.39114928334993
69,Singapore,3,Both,1993,27.390508592221614
393,Saint Kitts and Nevis,1,Male,1996,20.56604634836153
393,Saint Kitts and Nevis,2,Female,1996,12.97625363703206
393,Saint Kitts and Nevis,3,Both,1996,16.72798755216406
35,Georgia,1,Male,2010,52.5451290842806
35,Georgia,2,Female,2010,30.16002301890061
35,Georgia,3,Both,2010,40.75054564994764
205,Côte d'Ivoire,1,Male,1991,25.32562298162057
205,Côte d'Ivoire,2,Female,1991,22.74049529603856
205,Côte d'Ivoire,3,Both,1991,24.06185672938798
48,Hungary,1,Male,2001,50.37400968592557
48,Hungary,2,Female,2001,39.01832189082921
48,Hungary,3,Both,2001,44.42050993739649
77,Cyprus,1,Male,2006,50.18675967014987
77,Cyprus,2,Female,2006,37.81504247649804
77,Cyprus,3,Both,2006,43.99640703569815
110,Dominica,1,Male,2000,21.345131140521207
110,Dominica,2,Female,2000,14.28008565723175
110,Dominica,3,Both,2000,17.77263073599525
85,Israel,1,Male,1998,42.21462633695224
85,Israel,2,Female,1998,36.23789060767668
85,Israel,3,Both,1998,39.1908710717511
14,Maldives,1,Male,1996,50.00420911527546
14,Maldives,2,Female,1996,45.81613315096948
14,Maldives,3,Both,1996,47.94398840316696
142,Iran (Islamic Republic of),1,Male,2000,31.640495978320534
142,Iran (Islamic Republic of),2,Female,2000,21.19785852734831
142,Iran (Islamic Republic of),3,Both,2000,26.51720585425988
93,Sweden,1,Male,1995,29.85553478214612
93,Sweden,2,Female,1995,28.30243590194042
93,Sweden,3,Both,1995,29.06953378886945
522,Sudan,1,Male,2003,32.55073806509045
522,Sudan,2,Female,2003,24.560477297846735
522,Sudan,3,Both,2003,28.606888984536425
175,Burundi,1,Male,2002,15.82176550560604
175,Burundi,2,Female,2002,13.188904031089413
175,Burundi,3,Both,2002,14.47189500940496
139,Algeria,1,Male,2005,40.00389108978419
139,Algeria,2,Female,2005,30.09725603251522
139,Algeria,3,Both,2005,35.11053734689137
422,United States Virgin Islands,1,Male,1996,20.81364222530085
422,United States Virgin Islands,2,Female,1996,14.38455256113251
422,United States Virgin Islands,3,Both,1996,17.47894190368619
61,Republic of Moldova,1,Male,2009,48.13327908207822
61,Republic of Moldova,2,Female,2009,22.99208936291679
61,Republic of Moldova,3,Both,2009,35.01880898893473
422,United States Virgin Islands,1,Male,2001,20.160797438588173
422,United States Virgin Islands,2,Female,2001,13.74472230093469
422,United States Virgin Islands,3,Both,2001,16.812833671456907
180,Kenya,1,Male,2007,22.75441799038229
180,Kenya,2,Female,2007,19.06392656200346
180,Kenya,3,Both,2007,20.89943685978214
114,Haiti,1,Male,2000,17.92638877530808
114,Haiti,2,Female,2000,15.64328026790914
114,Haiti,3,Both,2000,16.75177705151837
81,Germany,1,Male,2006,38.2596698913119
81,Germany,2,Female,2006,27.738160790278748
81,Germany,3,Both,2006,32.88992314904224
39,Tajikistan,1,Male,1993,40.62608014035611
39,Tajikistan,2,Female,1993,33.31921958231076
39,Tajikistan,3,Both,1993,36.9610445997335
80,France,1,Male,1990,43.23245276171878
80,France,2,Female,1990,33.460356531399185
80,France,3,Both,1990,38.22274243541886
175,Burundi,1,Male,1994,18.94519778213154
175,Burundi,2,Female,1994,17.93082436016434
175,Burundi,3,Both,1994,18.422848611475658
175,Burundi,1,Male,2010,14.64176404815952
175,Burundi,2,Female,2010,12.31401329565081
175,Burundi,3,Both,2010,13.47057513119293
305,Bermuda,1,Male,1999,21.97747298366309
305,Bermuda,2,Female,1999,16.05126856822906
305,Bermuda,3,Both,1999,18.90954349514463
144,Jordan,1,Male,1991,57.003012212832935
144,Jordan,2,Female,1991,52.40572283707831
144,Jordan,3,Both,1991,54.81160843713913
76,Belgium,1,Male,1995,44.55539832603765
76,Belgium,2,Female,1995,35.8250349031548
76,Belgium,3,Both,1995,40.10008897941717
84,Ireland,1,Male,1992,45.68069225864412
84,Ireland,2,Female,1992,41.217873155355925
84,Ireland,3,Both,1992,43.43876145056087
12,Lao People's Democratic Republic,1,Male,1991,47.8471329547172
12,Lao People's Democratic Republic,2,Female,1991,41.85941964410906
12,Lao People's Democratic Republic,3,Both,1991,44.80280311785243
47,Czechia,1,Male,2004,43.32452055092679
47,Czechia,2,Female,2004,31.65241452992681
47,Czechia,3,Both,2004,37.347218500752746
51,Poland,1,Male,2007,42.78844605033028
51,Poland,2,Female,2007,34.34597610346399
51,Poland,3,Both,2007,38.42988256761019
143,Iraq,1,Male,2005,47.207224432825726
143,Iraq,2,Female,2005,39.21358440545552
143,Iraq,3,Both,2005,43.38226333262482
84,Ireland,1,Male,1990,46.53467364046376
84,Ireland,2,Female,1990,42.594698539087
84,Ireland,3,Both,1990,44.55815277797889
151,Qatar,1,Male,1997,32.33304403199707
151,Qatar,2,Female,1997,22.75059275830793
151,Qatar,3,Both,1997,29.0201844590127
28,Solomon Islands,1,Male,1996,44.8836261436658
28,Solomon Islands,2,Female,1996,44.04990332937485
28,Solomon Islands,3,Both,1996,44.48196875412527
208,Guinea,1,Male,2002,24.09089021813958
208,Guinea,2,Female,2002,20.83071980997237
208,Guinea,3,Both,2002,22.41100835086325
38,Mongolia,1,Male,1990,42.12306527087566
38,Mongolia,2,Female,1990,38.47315124227877
38,Mongolia,3,Both,1990,40.29580525798872
180,Kenya,1,Male,1994,29.33279401053251
180,Kenya,2,Female,1994,25.96768128254345
180,Kenya,3,Both,1994,27.636962179065023
180,Kenya,1,Male,2002,26.7751552223938
180,Kenya,2,Female,2002,23.35163155739532
180,Kenya,3,Both,2002,25.05030159668716
184,Mozambique,1,Male,2007,24.95259542498351
184,Mozambique,2,Female,2007,22.2580665229548
184,Mozambique,3,Both,2007,23.55708448463914
298,American Samoa,1,Male,1996,43.35552829320139
298,American Samoa,2,Female,1996,40.414097997436734
298,American Samoa,3,Both,1996,41.92626356527891
180,Kenya,1,Male,2010,20.31028805727127
180,Kenya,2,Female,2010,16.56148354430817
180,Kenya,3,Both,2010,18.42778188181436
19,Timor-Leste,1,Male,1999,47.77416283047989
19,Timor-Leste,2,Female,1999,47.75883019979857
19,Timor-Leste,3,Both,1999,47.76666698838364
200,Benin,1,Male,2008,14.759631146895092
200,Benin,2,Female,2008,12.770519097242088
200,Benin,3,Both,2008,13.741796025636749
108,Belize,1,Male,2006,21.8977683015777
108,Belize,2,Female,2006,18.60845829695445
108,Belize,3,Both,2006,20.25655264838235
305,Bermuda,1,Male,2004,21.83294049211954
305,Bermuda,2,Female,2004,15.77099085785956
305,Bermuda,3,Both,2004,18.68766773848046
130,Mexico,1,Male,1992,39.2585020301048
130,Mexico,2,Female,1992,37.65830434249577
130,Mexico,3,Both,1992,38.44617205674509
413,Tokelau,1,Male,2010,36.38932075521562
413,Tokelau,2,Female,2010,28.82662201396218
413,Tokelau,3,Both,2010,32.62462779686703
69,Singapore,1,Male,2009,26.750159907834043
69,Singapore,2,Female,2009,16.96672970381258
69,Singapore,3,Both,2009,22.07073884430981
147,Libya,1,Male,2005,47.1837599002434
147,Libya,2,Female,2005,36.91178239433755
147,Libya,3,Both,2005,42.2363386597171
86,Italy,1,Male,2000,40.1591626905899
86,Italy,2,Female,2000,30.116473419186267
86,Italy,3,Both,2000,34.976296213287924
52,Romania,1,Male,2001,46.47813698246592
52,Romania,2,Female,2001,32.72755507809252
52,Romania,3,Both,2001,39.44539815712417
11,Indonesia,1,Male,2002,45.08503409172568
11,Indonesia,2,Female,2002,41.43326286061322
11,Indonesia,3,Both,2002,43.260594223035085
212,Mauritania,1,Male,1999,35.200820149008564
212,Mauritania,2,Female,1999,33.02037913573203
212,Mauritania,3,Both,1999,34.09944945626806
133,Venezuela (Bolivarian Republic of),1,Male,2003,30.04358829422985
133,Venezuela (Bolivarian Republic of),2,Female,2003,25.78085850658109
133,Venezuela (Bolivarian Republic of),3,Both,2003,27.896942325182227
209,Guinea-Bissau,1,Male,1991,11.29834476903763
209,Guinea-Bissau,2,Female,1991,8.57841667188052
209,Guinea-Bissau,3,Both,1991,9.89727367304419
27,Samoa,1,Male,1996,45.72835181340677
27,Samoa,2,Female,1996,41.76045047357813
27,Samoa,3,Both,1996,43.83136479454648
117,Saint Vincent and the Grenadines,1,Male,2009,20.5244775510623
117,Saint Vincent and the Grenadines,2,Female,2009,14.28774008001518
117,Saint Vincent and the Grenadines,3,Both,2009,17.45825073746872
68,Republic of Korea,1,Male,2001,48.83001730998085
68,Republic of Korea,2,Female,2001,31.851888335194516
68,Republic of Korea,3,Both,2001,40.372988626239184
89,Netherlands,1,Male,1998,41.645058040748914
89,Netherlands,2,Female,1998,36.66907215739015
89,Netherlands,3,Both,1998,39.12952517466136
43,Albania,1,Male,1993,49.60943833227148
43,Albania,2,Female,1993,35.75745077284749
43,Albania,3,Both,1993,42.82870992133882
36,Kazakhstan,1,Male,1996,45.566400437504726
36,Kazakhstan,2,Female,1996,32.42379190574328
36,Kazakhstan,3,Both,1996,38.76906536383056
77,Cyprus,1,Male,1993,51.92119895321141
77,Cyprus,2,Female,1993,40.51330838000001
77,Cyprus,3,Both,1993,46.259694911277336
118,Suriname,1,Male,2008,35.96032617765788
118,Suriname,2,Female,2008,28.996322294962813
118,Suriname,3,Both,2008,32.49022106723528
155,Turkey,1,Male,1997,59.13925187772237
155,Turkey,2,Female,1997,48.09917320262453
155,Turkey,3,Both,1997,53.6887422120327
118,Suriname,1,Male,2000,40.23264164185793
118,Suriname,2,Female,2000,34.153478773348475
118,Suriname,3,Both,2000,37.21087906850954
77,Cyprus,1,Male,2009,49.96733735493004
77,Cyprus,2,Female,2009,37.75408028069608
77,Cyprus,3,Both,2009,43.83614604736875
184,Mozambique,1,Male,2010,24.13637496508429
184,Mozambique,2,Female,2010,21.34814049848488
184,Mozambique,3,Both,2010,22.69226200260768
189,United Republic of Tanzania,1,Male,2007,27.00673681187007
189,United Republic of Tanzania,2,Female,2007,23.8870275696183
189,United Republic of Tanzania,3,Both,2007,25.41231051598041
139,Algeria,1,Male,1992,43.209959744416985
139,Algeria,2,Female,1992,36.1672922119873
139,Algeria,3,Both,1992,39.73319241042082
203,Cabo Verde,1,Male,1996,20.23018933843963
203,Cabo Verde,2,Female,1996,15.16308362753791
203,Cabo Verde,3,Both,1996,17.60046578547534
98,Chile,1,Male,2003,42.350332598704135
98,Chile,2,Female,2003,39.96518278481006
98,Chile,3,Both,2003,41.14089608219058
154,Tunisia,1,Male,1991,53.61612216519881
154,Tunisia,2,Female,1991,46.09088875536813
154,Tunisia,3,Both,1991,49.90289567502144
150,Oman,1,Male,1997,28.62317187206569
150,Oman,2,Female,1997,21.5236935633868
150,Oman,3,Both,1997,25.57366719080131
6,China,1,Male,1997,53.83088783295415
6,China,2,Female,1997,41.82428114342358
6,China,3,Both,1997,48.02546239420785
212,Mauritania,1,Male,2002,34.90044995462598
212,Mauritania,2,Female,2002,31.9551742407814
212,Mauritania,3,Both,2002,33.41091423126842
51,Poland,1,Male,2004,44.52931325843058
51,Poland,2,Female,2004,35.42414970969816
51,Poland,3,Both,2004,39.83235026400852
80,France,1,Male,1995,41.5842440722299
80,France,2,Female,1995,32.19175205429531
80,France,3,Both,1995,36.76582615413131
117,Saint Vincent and the Grenadines,1,Male,2006,21.07333585589
117,Saint Vincent and the Grenadines,2,Female,2006,15.14906518595768
117,Saint Vincent and the Grenadines,3,Both,2006,18.15226374886317
60,Lithuania,1,Male,2007,40.37480968303285
60,Lithuania,2,Female,2007,22.36690070782569
60,Lithuania,3,Both,2007,30.722977576601867
76,Belgium,1,Male,1998,43.29171445518072
76,Belgium,2,Female,1998,34.67180685315478
76,Belgium,3,Both,1998,38.88989858852941
162,Bhutan,1,Male,1994,24.54379581994767
162,Bhutan,2,Female,1994,18.8269490486729
162,Bhutan,3,Both,1994,21.818716235211248
10,Cambodia,1,Male,1991,50.41002415249527
10,Cambodia,2,Female,1991,38.691629889615584
10,Cambodia,3,Both,1991,44.26985937311707
11,Indonesia,1,Male,2005,44.98581203670787
11,Indonesia,2,Female,2005,40.30991894451676
11,Indonesia,3,Both,2005,42.65545001233873
208,Guinea,1,Male,2005,23.30951422621303
208,Guinea,2,Female,2005,20.14879389644985
208,Guinea,3,Both,2005,21.67822551350527
10,Cambodia,1,Male,2008,48.78434354174897
10,Cambodia,2,Female,2008,37.347158367118624
10,Cambodia,3,Both,2008,42.92041185474354
23,Kiribati,1,Male,1999,58.50596357335045
23,Kiribati,2,Female,1999,62.33731535562816
23,Kiribati,3,Both,1999,60.44626966401586
182,Malawi,1,Male,2005,22.58715363384691
182,Malawi,2,Female,2005,19.64997966139821
182,Malawi,3,Both,2005,21.08840101973582
88,Malta,1,Male,1992,48.800858380025566
88,Malta,2,Female,1992,39.29598151614403
88,Malta,3,Both,1992,43.99189262947182
374,Niue,1,Male,1999,33.84976136083659
374,Niue,2,Female,1999,23.66501613374595
374,Niue,3,Both,1999,28.77891887524507
149,Palestine,1,Male,1991,50.10998670287017
149,Palestine,2,Female,1991,42.40947604337292
149,Palestine,3,Both,1991,46.28505352393714
184,Mozambique,1,Male,2002,25.09593539695035
184,Mozambique,2,Female,2002,22.24900101458052
184,Mozambique,3,Both,2002,23.6194747264463
146,Lebanon,1,Male,2000,55.2542177442968
146,Lebanon,2,Female,2000,45.64527346727925
146,Lebanon,3,Both,2000,50.441134611459006
88,Malta,1,Male,1990,49.78790511422993
88,Malta,2,Female,1990,40.75561014878371
88,Malta,3,Both,1990,45.21585425668095
121,Bolivia (Plurinational State of),1,Male,2009,18.94019087331941
121,Bolivia (Plurinational State of),2,Female,2009,16.02373933370295
121,Bolivia (Plurinational State of),3,Both,2009,17.48119077531923
216,Senegal,1,Male,1999,36.01998148438248
216,Senegal,2,Female,1999,33.10153190610909
216,Senegal,3,Both,1999,34.535685501437854
46,Croatia,1,Male,1990,56.43249072612615
46,Croatia,2,Female,1990,46.27240417420258
46,Croatia,3,Both,1990,51.21358523657702
39,Tajikistan,1,Male,2010,32.21309951156445
39,Tajikistan,2,Female,2010,23.438090081953337
39,Tajikistan,3,Both,2010,27.86858584734713
84,Ireland,1,Male,1995,44.3675960553971
84,Ireland,2,Female,1995,39.45740614233287
84,Ireland,3,Both,1995,41.89812395570952
102,United States of America,1,Male,2003,34.94302657467703
102,United States of America,2,Female,2003,30.4012897551435
102,United States of America,3,Both,2003,32.6360035659906
154,Tunisia,1,Male,1997,52.905176685822966
154,Tunisia,2,Female,1997,43.08797991924089
154,Tunisia,3,Both,1997,48.04212424383601
15,Myanmar,1,Male,2002,42.76176246718455
15,Myanmar,2,Female,2002,37.70073281062625
15,Myanmar,3,Both,2002,40.15627921961549
27,Samoa,1,Male,1999,46.29234632318711
27,Samoa,2,Female,1999,42.643396608451326
27,Samoa,3,Both,1999,44.54493573451608
15,Myanmar,1,Male,2005,40.51005123566483
15,Myanmar,2,Female,2005,34.954285096461305
15,Myanmar,3,Both,2005,37.64470675554003
47,Czechia,1,Male,1993,48.16051068253087
47,Czechia,2,Female,1993,36.72065440648416
47,Czechia,3,Both,1993,42.27194083799118
216,Senegal,1,Male,2002,35.07836197224576
216,Senegal,2,Female,2002,32.14647803801545
216,Senegal,3,Both,2002,33.59270994701258
162,Bhutan,1,Male,1991,25.76772971314863
162,Bhutan,2,Female,1991,19.88531662344236
162,Bhutan,3,Both,1991,23.00323898902246
522,Sudan,1,Male,2006,31.705905340787787
522,Sudan,2,Female,2006,23.75160958181626
522,Sudan,3,Both,2006,27.779827925360788
172,Equatorial Guinea,1,Male,2010,34.104664888067795
172,Equatorial Guinea,2,Female,2010,30.68572399270037
172,Equatorial Guinea,3,Both,2010,32.46808923846757
85,Israel,1,Male,2006,39.56296035537374
85,Israel,2,Female,2006,32.32825380175465
85,Israel,3,Both,2006,35.90938486174545
351,Guam,1,Male,1996,37.53700544694779
351,Guam,2,Female,1996,31.338375314226557
351,Guam,3,Both,1996,34.56954564932495
50,Montenegro,1,Male,1990,60.37496992481204
50,Montenegro,2,Female,1990,49.61049449155572
50,Montenegro,3,Both,1990,54.97210411064366
150,Oman,1,Male,2000,27.265354785190187
150,Oman,2,Female,2000,19.38445170017341
150,Oman,3,Both,2000,23.82533367538227
88,Malta,1,Male,1995,46.92705425373927
88,Malta,2,Female,1995,36.87611467938081
88,Malta,3,Both,1995,41.84625520475656
106,Bahamas,1,Male,2003,19.96893453226186
106,Bahamas,2,Female,2003,12.29600198370084
106,Bahamas,3,Both,2003,16.026138460958432
122,Ecuador,1,Male,2000,19.81949281035094
122,Ecuador,2,Female,2000,15.69002602292218
122,Ecuador,3,Both,2000,17.74221462631714
29,Tonga,1,Male,1998,46.1239662654209
29,Tonga,2,Female,1998,44.82387921121423
29,Tonga,3,Both,1998,45.48332656347094
151,Qatar,1,Male,2005,31.127634072460197
151,Qatar,2,Female,2005,21.835878040860425
151,Qatar,3,Both,2005,28.12936885840735
72,New Zealand,1,Male,2001,34.29617296798103
72,New Zealand,2,Female,2001,30.95036036760853
72,New Zealand,3,Both,2001,32.59108511317127
212,Mauritania,1,Male,2005,34.4959496693161
212,Mauritania,2,Female,2005,31.56236293205905
212,Mauritania,3,Both,2005,33.01037802151746
51,Poland,1,Male,1993,55.81817841487467
51,Poland,2,Female,1993,44.27403886496019
51,Poland,3,Both,1993,49.88629811212473
53,Serbia,1,Male,2001,54.2688172026224
53,Serbia,2,Female,2001,43.61072842425656
53,Serbia,3,Both,2001,48.84685661376681
81,Germany,1,Male,2009,36.77007219291353
81,Germany,2,Female,2009,26.66847409172008
81,Germany,3,Both,2009,31.61890379770108
108,Belize,1,Male,2009,21.440714764449968
108,Belize,2,Female,2009,18.17601731398026
108,Belize,3,Both,2009,19.80905567808524
93,Sweden,1,Male,1998,28.65171162537092
93,Sweden,2,Female,1998,27.59730904171359
93,Sweden,3,Both,1998,28.11820956851601
121,Bolivia (Plurinational State of),1,Male,2006,18.64642235215911
121,Bolivia (Plurinational State of),2,Female,2006,15.69787269718242
121,Bolivia (Plurinational State of),3,Both,2006,17.17035919234888
11,Indonesia,1,Male,2008,45.11478381515503
11,Indonesia,2,Female,2008,39.3463096852054
11,Indonesia,3,Both,2008,42.246815308720606
374,Niue,1,Male,2004,32.01969067485847
374,Niue,2,Female,2004,21.98274466516452
374,Niue,3,Both,2004,27.01375245964589
204,Chad,1,Male,2008,20.131425966761174
204,Chad,2,Female,2008,18.20528092238521
204,Chad,3,Both,2008,19.15461893112174
6,China,1,Male,1994,54.52909292861445
6,China,2,Female,1994,45.11938625474846
6,China,3,Both,1994,49.98445535093433
98,Chile,1,Male,1995,45.81345263921292
98,Chile,2,Female,1995,44.27086959608983
98,Chile,3,Both,1995,45.03132719895903
19,Timor-Leste,1,Male,2005,48.3961769381878
19,Timor-Leste,2,Female,2005,48.65321488560776
19,Timor-Leste,3,Both,2005,48.52232147568937
35,Georgia,1,Male,1996,49.32507239184323
35,Georgia,2,Female,1996,28.753291026362536
35,Georgia,3,Both,1996,38.44931416591539
154,Tunisia,1,Male,2000,52.33076097472688
154,Tunisia,2,Female,2000,41.72374366908461
154,Tunisia,3,Both,2000,47.06214783123386
122,Ecuador,1,Male,2008,17.72265504214338
122,Ecuador,2,Female,2008,12.71198029641208
122,Ecuador,3,Both,2008,15.198621364404149
76,Belgium,1,Male,2001,41.95353143156922
76,Belgium,2,Female,2001,33.445053691623414
76,Belgium,3,Both,2001,37.60666658332832
189,United Republic of Tanzania,1,Male,2002,30.074356611192883
189,United Republic of Tanzania,2,Female,2002,26.97238071678137
189,United Republic of Tanzania,3,Both,2002,28.49059187517526
125,Colombia,1,Male,2006,23.19460139402946
125,Colombia,2,Female,2006,18.642100183938528
125,Colombia,3,Both,2006,20.87693464789983
81,Germany,1,Male,1993,42.87543228058606
81,Germany,2,Female,1993,31.801183388674147
81,Germany,3,Both,1993,37.180462897378405
6,China,1,Male,2000,52.249301546146654
6,China,2,Female,2000,37.60855901337362
6,China,3,Both,2000,45.1511769566755
184,Mozambique,1,Male,1994,24.54809675347683
184,Mozambique,2,Female,1994,22.00253769940121
184,Mozambique,3,Both,1994,23.21975151877927
43,Albania,1,Male,2010,50.46183276157746
43,Albania,2,Female,2010,29.781970116354916
43,Albania,3,Both,2010,40.14540486619992
89,Netherlands,1,Male,2006,37.33931196823671
89,Netherlands,2,Female,2006,33.05966299958363
89,Netherlands,3,Both,2006,35.17608080287401
126,Costa Rica,1,Male,2000,29.12323178484294
126,Costa Rica,2,Female,2000,23.933173783136848
126,Costa Rica,3,Both,2000,26.52549877869753
57,Belarus,1,Male,2001,47.37505046009009
57,Belarus,2,Female,2001,26.646836542189128
57,Belarus,3,Both,2001,36.38331025230741
216,Senegal,1,Male,2005,32.91109709382636
216,Senegal,2,Female,2005,29.70770014102362
216,Senegal,3,Both,2005,31.2941956057096
19,Timor-Leste,1,Male,2002,47.99359658209606
19,Timor-Leste,2,Female,2002,47.90921286629192
19,Timor-Leste,3,Both,2002,47.95217929498646
80,France,1,Male,1998,40.75069323075945
80,France,2,Female,1998,31.716844700170338
80,France,3,Both,1998,36.11318111573327
60,Lithuania,1,Male,2004,41.32506008795211
60,Lithuania,2,Female,2004,23.22573097659995
60,Lithuania,3,Both,2004,31.66128900465744
40,Turkmenistan,1,Male,1996,47.21102825840945
40,Turkmenistan,2,Female,1996,36.6320747657037
40,Turkmenistan,3,Both,1996,41.90572022918448
92,Spain,1,Male,1992,55.751145970755466
92,Spain,2,Female,1992,38.10082099179676
92,Spain,3,Both,1992,46.73964643818917
125,Colombia,1,Male,2009,21.15966920463571
125,Colombia,2,Female,2009,16.48535273740535
125,Colombia,3,Both,2009,18.77817323056841
393,Saint Kitts and Nevis,1,Male,1999,20.58772319968287
393,Saint Kitts and Nevis,2,Female,1999,13.05754081753833
393,Saint Kitts and Nevis,3,Both,1999,16.79541709145945
102,United States of America,1,Male,1995,39.975640057394415
102,United States of America,2,Female,1995,34.82916363561793
102,United States of America,3,Both,1995,37.34979183054188
163,India,1,Male,1997,37.74534219825595
163,India,2,Female,1997,31.615864619645063
163,India,3,Both,1997,34.80266883048958
369,Nauru,1,Male,1996,50.10712287287406
369,Nauru,2,Female,1996,49.23397487024703
369,Nauru,3,Both,1996,49.68173377638871
93,Sweden,1,Male,2006,26.24428283452617
93,Sweden,2,Female,2006,24.87359315078618
93,Sweden,3,Both,2006,25.55363546596367
208,Guinea,1,Male,2008,22.74212726945084
208,Guinea,2,Female,2008,19.75592323248952
208,Guinea,3,Both,2008,21.19957152128708
189,United Republic of Tanzania,1,Male,1994,33.03099313093728
189,United Republic of Tanzania,2,Female,1994,30.017532992455447
189,United Republic of Tanzania,3,Both,1994,31.48745300065351
126,Costa Rica,1,Male,2008,24.15639866020226
126,Costa Rica,2,Female,2008,18.30411267118414
126,Costa Rica,3,Both,2008,21.19034417452012
85,Israel,1,Male,1993,43.91841726545127
85,Israel,2,Female,1993,38.33978063555172
85,Israel,3,Both,1993,41.09624081673728
15,Myanmar,1,Male,2008,38.16455916099294
15,Myanmar,2,Female,2008,32.21656351724741
15,Myanmar,3,Both,2008,35.09392376347349
155,Turkey,1,Male,2005,54.54495956588213
155,Turkey,2,Female,2005,41.92880173523244
155,Turkey,3,Both,2005,48.30022849670911
193,Botswana,1,Male,2002,34.16194528946714
193,Botswana,2,Female,2002,27.77374717227872
193,Botswana,3,Both,2002,30.86657790968251
213,Niger,1,Male,1991,17.77499770072696
213,Niger,2,Female,1991,15.763366709560888
213,Niger,3,Both,1991,16.762099612865942
61,Republic of Moldova,1,Male,2001,48.40056761086132
61,Republic of Moldova,2,Female,2001,24.80567753873885
61,Republic of Moldova,3,Both,2001,36.09826595426257
92,Spain,1,Male,1990,57.15803489387356
92,Spain,2,Female,1990,39.26127406238585
92,Spain,3,Both,1990,48.03033921971628
110,Dominica,1,Male,2003,20.68735555993017
110,Dominica,2,Female,2003,13.57193597603395
110,Dominica,3,Both,2003,17.093570986335692
393,Saint Kitts and Nevis,1,Male,2004,19.97317275880687
393,Saint Kitts and Nevis,2,Female,2004,12.608718053781889
393,Saint Kitts and Nevis,3,Both,2004,16.28510985000942
130,Mexico,1,Male,2000,31.03136784477346
130,Mexico,2,Female,2000,26.71529051688264
130,Mexico,3,Both,2000,28.82750795096662
75,Austria,1,Male,1992,41.96212491749206
75,Austria,2,Female,1992,31.99920245100226
75,Austria,3,Both,1992,36.80096903383346
193,Botswana,1,Male,2007,32.31351045397134
193,Botswana,2,Female,2007,25.74758285440719
193,Botswana,3,Both,2007,28.9392739421356
171,Democratic Republic of the Congo,1,Male,1997,21.98519073296642
171,Democratic Republic of the Congo,2,Female,1997,19.4535396872139
171,Democratic Republic of the Congo,3,Both,1997,20.71281653163016
106,Bahamas,1,Male,1995,20.73160782492576
106,Bahamas,2,Female,1995,13.04684751003278
106,Bahamas,3,Both,1995,16.80580740471416
130,Mexico,1,Male,2008,23.61460773177839
130,Mexico,2,Female,2008,18.0826752477548
130,Mexico,3,Both,2008,20.78620820365477
182,Malawi,1,Male,2008,22.42846292882933
182,Malawi,2,Female,2008,19.2551864505864
182,Malawi,3,Both,2008,20.80601521193796
92,Spain,1,Male,1995,53.77971287281118
92,Spain,2,Female,1995,36.5556412173018
92,Spain,3,Both,1995,44.97654036104503
85,Israel,1,Male,2009,38.18321933128963
85,Israel,2,Female,2009,30.45140018169817
85,Israel,3,Both,2009,34.28293204424635
193,Botswana,1,Male,1994,35.87370434237463
193,Botswana,2,Female,1994,30.18824747522001
193,Botswana,3,Both,1994,32.926369029604494
46,Croatia,1,Male,2004,48.50434069311721
46,Croatia,2,Female,2004,36.51827977616209
46,Croatia,3,Both,2004,42.292296614098426
217,Sierra Leone,1,Male,1991,34.94132250463975
217,Sierra Leone,2,Female,1991,33.41650788714253
217,Sierra Leone,3,Both,1991,34.16511281110618
44,Bosnia and Herzegovina,1,Male,1996,50.766766499390414
44,Bosnia and Herzegovina,2,Female,1996,37.89015119887655
44,Bosnia and Herzegovina,3,Both,1996,44.15598732872944
112,Grenada,1,Male,2006,21.50541965015087
112,Grenada,2,Female,2006,15.59095464856244
112,Grenada,3,Both,2006,18.52863038625569
175,Burundi,1,Male,1997,17.573628842612727
175,Burundi,2,Female,1997,15.466066658703
175,Burundi,3,Both,1997,16.48932983027667
197,Eswatini,1,Male,2002,20.85053362166731
197,Eswatini,2,Female,2002,17.614236759507527
197,Eswatini,3,Both,2002,19.14848018717784
522,Sudan,1,Male,2009,30.804663264656263
522,Sudan,2,Female,2009,22.83121175734873
522,Sudan,3,Both,2009,26.87549825417852
194,Lesotho,1,Male,2007,33.91520617425062
194,Lesotho,2,Female,2007,26.946915943610826
194,Lesotho,3,Both,2007,30.235363485071392
195,Namibia,1,Male,2002,33.8779781724854
195,Namibia,2,Female,2002,31.062662283267624
195,Namibia,3,Both,2002,32.433760416722215
116,Saint Lucia,1,Male,2006,21.08922090177573
116,Saint Lucia,2,Female,2006,15.09577683487886
116,Saint Lucia,3,Both,2006,18.0598182174162
142,Iran (Islamic Republic of),1,Male,2003,31.696408657351476
142,Iran (Islamic Republic of),2,Female,2003,21.23652781423581
142,Iran (Islamic Republic of),3,Both,2003,26.567873784434894
39,Tajikistan,1,Male,1996,38.94957716406224
39,Tajikistan,2,Female,1996,30.73407931860469
39,Tajikistan,3,Both,1996,34.834883034071204
18,Thailand,1,Male,1996,41.74399911719468
18,Thailand,2,Female,1996,33.52460089026637
18,Thailand,3,Both,1996,37.58357522107392
23,Kiribati,1,Male,2005,59.23526733190096
23,Kiribati,2,Female,2005,63.3825041532426
23,Kiribati,3,Both,2005,61.33069586717871
145,Kuwait,1,Male,1994,44.37426498122114
145,Kuwait,2,Female,1994,40.05116604464074
145,Kuwait,3,Both,1994,42.56370266771517
132,Panama,1,Male,1997,21.75464361186679
132,Panama,2,Female,1997,17.82268248188705
132,Panama,3,Both,1997,19.80988690043071
80,France,1,Male,2001,39.949853350869965
80,France,2,Female,2001,31.41469645478517
80,France,3,Both,2001,35.56428041031441
186,Seychelles,1,Male,2005,38.22548249953629
186,Seychelles,2,Female,2005,25.56271356669359
186,Seychelles,3,Both,2005,31.997668035326587
203,Cabo Verde,1,Male,1999,19.76709358646344
203,Cabo Verde,2,Female,1999,14.51932881774983
203,Cabo Verde,3,Both,1999,17.05584756180653
50,Montenegro,1,Male,2004,62.99746595152833
50,Montenegro,2,Female,2004,52.55021394498096
50,Montenegro,3,Both,2004,57.70689035020781
79,Finland,1,Male,1992,36.59461716799055
79,Finland,2,Female,1992,28.93479066528269
79,Finland,3,Both,1992,32.65458875902629
22,Fiji,1,Male,1993,36.37309331574483
22,Fiji,2,Female,1993,32.010732045535214
22,Fiji,3,Both,1993,34.22766018970575
89,Netherlands,1,Male,1993,45.1097790740725
89,Netherlands,2,Female,1993,40.19541387188792
89,Netherlands,3,Both,1993,42.62420456911703
50,Montenegro,1,Male,2001,63.14811382223148
50,Montenegro,2,Female,2001,52.46384482365794
50,Montenegro,3,Both,2001,57.74326918549103
153,Syrian Arab Republic,1,Male,1991,52.64087265515989
153,Syrian Arab Republic,2,Female,1991,49.40989983512861
153,Syrian Arab Republic,3,Both,1991,51.0618304067617
128,Guatemala,1,Male,2003,20.781822862851527
128,Guatemala,2,Female,2003,18.180086644674105
128,Guatemala,3,Both,2003,19.45379360287365
143,Iraq,1,Male,1992,52.4600481737664
143,Iraq,2,Female,1992,46.29223488145584
143,Iraq,3,Both,1992,49.46645049143964
162,Bhutan,1,Male,2000,22.88138694401039
162,Bhutan,2,Female,2000,17.236604335721058
162,Bhutan,3,Both,2000,20.20676966146657
47,Czechia,1,Male,2010,41.18253552161272
47,Czechia,2,Female,2010,29.08659289362464
47,Czechia,3,Both,2010,35.0154393119954
163,India,1,Male,2005,34.51419013667924
163,India,2,Female,2005,28.62172651906565
163,India,3,Both,2005,31.66797298270027
189,United Republic of Tanzania,1,Male,2010,24.76706566491781
189,United Republic of Tanzania,2,Female,2010,21.19386834902701
189,United Republic of Tanzania,3,Both,2010,22.93842169985256
34,Azerbaijan,1,Male,2010,50.831291808145615
34,Azerbaijan,2,Female,2010,34.92896890986907
34,Azerbaijan,3,Both,2010,42.81544350893249
110,Dominica,1,Male,1995,22.702540237977832
110,Dominica,2,Female,1995,15.7932257922641
110,Dominica,3,Both,1995,19.2206427412449
212,Mauritania,1,Male,2008,33.75419604655276
212,Mauritania,2,Female,2008,30.945930974229668
212,Mauritania,3,Both,2008,32.3305362723467
93,Sweden,1,Male,1993,30.702695214645647
93,Sweden,2,Female,1993,28.79589679740941
93,Sweden,3,Both,1993,29.73750929598638
320,Cook Islands,1,Male,1990,41.35590177313151
320,Cook Islands,2,Female,1990,36.24043852916377
320,Cook Islands,3,Both,1990,38.90187660019625
170,Congo,1,Male,1994,19.63025409807131
170,Congo,2,Female,1994,14.3597155756186
170,Congo,3,Both,1994,16.94540088675218
207,Ghana,1,Male,1996,10.89023240795116
207,Ghana,2,Female,1996,8.876567423876331
207,Ghana,3,Both,1996,9.87713028133756
89,Netherlands,1,Male,2009,34.68731080363049
89,Netherlands,2,Female,2009,30.88016462725799
89,Netherlands,3,Both,2009,32.76317310001231
139,Algeria,1,Male,2000,41.31261694113148
139,Algeria,2,Female,2000,32.21126269747355
139,Algeria,3,Both,2000,36.81542667266892
193,Botswana,1,Male,2010,31.16750680904402
193,Botswana,2,Female,2010,24.04285500399031
193,Botswana,3,Both,2010,27.52090645468731
168,Angola,1,Male,1999,16.45482507633109
168,Angola,2,Female,1999,12.00288968354178
168,Angola,3,Both,1999,14.20124294210797
66,Brunei Darussalam,1,Male,1992,45.33906640968421
66,Brunei Darussalam,2,Female,1992,40.94173005374436
66,Brunei Darussalam,3,Both,1992,43.25803300637071
48,Hungary,1,Male,1996,51.94880409268009
48,Hungary,2,Female,1996,39.73772825014013
48,Hungary,3,Both,1996,45.5664738379738
127,El Salvador,1,Male,1994,15.22464146686163
127,El Salvador,2,Female,1994,11.18200323579896
127,El Salvador,3,Both,1994,13.141912339601818
114,Haiti,1,Male,2003,16.54451928747352
114,Haiti,2,Female,2003,14.1025267935857
114,Haiti,3,Both,2003,15.28845955016974
93,Sweden,1,Male,2009,25.47411521458326
93,Sweden,2,Female,2009,23.34157588299822
93,Sweden,3,Both,2009,24.40226689720828
147,Libya,1,Male,1992,47.4755592417352
147,Libya,2,Female,1992,39.63214168321029
147,Libya,3,Both,1992,43.67669901381587
19,Timor-Leste,1,Male,2008,48.86275504119507
19,Timor-Leste,2,Female,2008,49.73627869695528
19,Timor-Leste,3,Both,2008,49.29046817817826
143,Iraq,1,Male,2000,49.59149100506808
143,Iraq,2,Female,2000,42.59260872316773
143,Iraq,3,Both,2000,46.23555392981823
7,Democratic People's Republic of Korea,1,Male,1994,50.66613235753158
7,Democratic People's Republic of Korea,2,Female,1994,38.71804156852813
7,Democratic People's Republic of Korea,3,Both,1994,44.37605369073505
422,United States Virgin Islands,1,Male,2004,19.49807687893418
422,United States Virgin Islands,2,Female,2004,13.097025253204167
422,United States Virgin Islands,3,Both,2004,16.15348724085582
197,Eswatini,1,Male,1994,22.12587548467199
197,Eswatini,2,Female,1994,19.38295254604711
197,Eswatini,3,Both,1994,20.68703338204963
139,Algeria,1,Male,2008,39.5246970543964
139,Algeria,2,Female,2008,29.33497300581005
139,Algeria,3,Both,2008,34.49434419047733
171,Democratic Republic of the Congo,1,Male,2005,20.51208188167806
171,Democratic Republic of the Congo,2,Female,2005,17.66305524217734
171,Democratic Republic of the Congo,3,Both,2005,19.09009735104152
69,Singapore,1,Male,2001,29.044875341251142
69,Singapore,2,Female,2001,19.14880853196189
69,Singapore,3,Both,2001,24.21857217227407
98,Chile,1,Male,1998,44.762978719692406
98,Chile,2,Female,1998,42.96940505483845
98,Chile,3,Both,1998,43.85478484033064
128,Guatemala,1,Male,2000,20.78837603096311
128,Guatemala,2,Female,2000,18.13010129612857
128,Guatemala,3,Both,2000,19.43313542539315
63,Ukraine,1,Male,1995,51.756955916434
63,Ukraine,2,Female,1995,29.271800232188472
63,Ukraine,3,Both,1995,39.71792039907938
13,Malaysia,1,Male,1990,44.25963993622603
13,Malaysia,2,Female,1990,37.75835506496776
13,Malaysia,3,Both,1990,41.0393782067388
111,Dominican Republic,1,Male,2008,22.73148034067059
111,Dominican Republic,2,Female,2008,19.56845810346093
111,Dominican Republic,3,Both,2008,21.15544891122116
197,Eswatini,1,Male,2007,18.65044364742289
197,Eswatini,2,Female,2007,15.34109294389346
197,Eswatini,3,Both,2007,16.915826718797717
422,United States Virgin Islands,1,Male,1999,20.47726611939726
422,United States Virgin Islands,2,Female,1999,14.05467524880648
422,United States Virgin Islands,3,Both,1999,17.13205665269922
38,Mongolia,1,Male,2007,41.05474697247336
38,Mongolia,2,Female,2007,34.61069601214375
38,Mongolia,3,Both,2007,37.818068324988765
191,Zambia,1,Male,2005,27.837678240669288
191,Zambia,2,Female,2005,26.119875778614883
191,Zambia,3,Both,2005,26.96798438018908
180,Kenya,1,Male,1997,28.713685116623424
180,Kenya,2,Female,1997,25.31832090651068
180,Kenya,3,Both,1997,27.00167589108593
97,Argentina,1,Male,1990,44.50074752745956
97,Argentina,2,Female,1990,39.14791922394303
97,Argentina,3,Both,1990,41.76735207143855
98,Chile,1,Male,2006,40.676711500837534
98,Chile,2,Female,2006,37.738053222180966
98,Chile,3,Both,2006,39.18429077005673
201,Burkina Faso,1,Male,2007,21.894503604842992
201,Burkina Faso,2,Female,2007,20.10659003404998
201,Burkina Faso,3,Both,2007,20.97300718854808
147,Libya,1,Male,2000,46.580539093680926
147,Libya,2,Female,2000,36.728767280243765
147,Libya,3,Both,2000,41.78010755534327
102,United States of America,1,Male,1998,38.32858110723477
102,United States of America,2,Female,1998,33.41456005560471
102,United States of America,3,Both,1998,35.82606475999044
68,Republic of Korea,1,Male,2007,43.90706563169177
68,Republic of Korea,2,Female,2007,24.63720707658593
68,Republic of Korea,3,Both,2007,34.24274207428362
146,Lebanon,1,Male,2003,55.17572622998813
146,Lebanon,2,Female,2003,45.64485782650125
146,Lebanon,3,Both,2003,50.3915055116152
129,Honduras,1,Male,2006,27.017907983020763
129,Honduras,2,Female,2006,23.14991037380835
129,Honduras,3,Both,2006,25.05684368875586
83,Iceland,1,Male,1992,46.44459673838905
83,Iceland,2,Female,1992,37.82543069465554
83,Iceland,3,Both,1992,42.14986265783162
112,Grenada,1,Male,2009,20.92788978433298
112,Grenada,2,Female,2009,14.845806320505869
112,Grenada,3,Both,2009,17.89010071464148
157,Yemen,1,Male,1991,45.96038539185452
157,Yemen,2,Female,1991,38.69099475318946
157,Yemen,3,Both,1991,42.400417316627845
186,Seychelles,1,Male,2008,37.42754350234084
186,Seychelles,2,Female,2008,24.5435937373743
186,Seychelles,3,Both,2008,31.161797450448542
349,Greenland,1,Male,1993,50.36471876117445
349,Greenland,2,Female,1993,55.14269660308533
349,Greenland,3,Both,1993,52.58796148513903
156,United Arab Emirates,1,Male,2002,34.51982481591455
156,United Arab Emirates,2,Female,2002,31.04089815205693
156,United Arab Emirates,3,Both,2002,33.398650279553884
13,Malaysia,1,Male,2001,43.54804942594722
13,Malaysia,2,Female,2001,36.18148462350882
13,Malaysia,3,Both,2001,39.93940563748868
37,Kyrgyzstan,1,Male,2009,48.18948371999544
37,Kyrgyzstan,2,Female,2009,35.45100034210197
37,Kyrgyzstan,3,Both,2009,41.74232686433201
28,Solomon Islands,1,Male,1990,46.48219325961037
28,Solomon Islands,2,Female,1990,46.170690379730175
28,Solomon Islands,3,Both,1990,46.33225550370189
55,Slovenia,1,Male,1998,43.745694407607374
55,Slovenia,2,Female,1998,32.30477404234663
55,Slovenia,3,Both,1998,37.87787927285295
51,Poland,1,Male,2010,41.383806777146695
51,Poland,2,Female,2010,33.467904440183574
51,Poland,3,Both,2010,37.29635606697574
136,Paraguay,1,Male,1997,39.21946103994275
136,Paraguay,2,Female,1997,33.21709828440479
136,Paraguay,3,Both,1997,36.24215093296627
211,Mali,1,Male,1996,22.29121790876178
211,Mali,2,Female,1996,19.90365903639512
211,Mali,3,Both,1996,21.08452500651888
46,Croatia,1,Male,2007,48.491181042760864
46,Croatia,2,Female,2007,36.81702867334387
46,Croatia,3,Both,2007,42.44416943032154
203,Cabo Verde,1,Male,2002,19.3115593229448
203,Cabo Verde,2,Female,2002,13.915761119408629
203,Cabo Verde,3,Both,2002,16.53993579089585
376,Northern Mariana Islands,1,Male,1990,38.69561522192136
376,Northern Mariana Islands,2,Female,1990,39.49278460150883
376,Northern Mariana Islands,3,Both,1990,39.07456319536769
17,Sri Lanka,1,Male,1990,36.55673092342743
17,Sri Lanka,2,Female,1990,33.54130662883063
17,Sri Lanka,3,Both,1990,35.05711867190015
97,Argentina,1,Male,1995,43.76670189208195
97,Argentina,2,Female,1995,38.414099359425066
97,Argentina,3,Both,1995,41.0274917724363
6,China,1,Male,2003,51.07526083831505
6,China,2,Female,2003,34.01598450762871
6,China,3,Both,2003,42.78128546536952
116,Saint Lucia,1,Male,2009,19.71000173827333
116,Saint Lucia,2,Female,2009,13.38180269932186
116,Saint Lucia,3,Both,2009,16.52278692041933
132,Panama,1,Male,2003,18.46752971643949
132,Panama,2,Female,2003,14.22188418495615
132,Panama,3,Both,2003,16.36258690373008
67,Japan,1,Male,1995,48.50196161039691
67,Japan,2,Female,1995,32.00261294875196
67,Japan,3,Both,1995,40.10277709700586
38,Mongolia,1,Male,2010,41.12062921333981
38,Mongolia,2,Female,2010,34.324791181970696
38,Mongolia,3,Both,2010,37.70155498653846
132,Panama,1,Male,2000,20.33326560992383
132,Panama,2,Female,2000,16.32380339269844
132,Panama,3,Both,2000,18.34776661748013
55,Slovenia,1,Male,2001,43.37842685882572
55,Slovenia,2,Female,2001,32.01723830435374
55,Slovenia,3,Both,2001,37.564549067568805
55,Slovenia,1,Male,2004,44.23475490119845
55,Slovenia,2,Female,2004,32.95917390560257
55,Slovenia,3,Both,2004,38.47971201668635
22,Fiji,1,Male,1996,35.26985035183708
22,Fiji,2,Female,1996,30.4945964661692
22,Fiji,3,Both,1996,32.92461205251816
26,Papua New Guinea,1,Male,1993,45.06642151367478
26,Papua New Guinea,2,Female,1993,45.76306061881037
26,Papua New Guinea,3,Both,1993,45.40160745994198
161,Bangladesh,1,Male,1991,45.18810249751995
161,Bangladesh,2,Female,1991,41.5015826153054
161,Bangladesh,3,Both,1991,43.39732329246876
191,Zambia,1,Male,2008,27.080250511730668
191,Zambia,2,Female,2008,25.54828484071896
191,Zambia,3,Both,2008,26.304964825373013
162,Bhutan,1,Male,1997,23.69319414288128
162,Bhutan,2,Female,1997,18.01679757970208
162,Bhutan,3,Both,1997,20.9922526732555
170,Congo,1,Male,1991,19.75162496930436
170,Congo,2,Female,1991,14.54601695165344
170,Congo,3,Both,1991,17.09460744947402
129,Honduras,1,Male,2009,26.13410817814203
129,Honduras,2,Female,2009,22.12113511950847
129,Honduras,3,Both,2009,24.09299302023518
149,Palestine,1,Male,1994,50.39946296810934
149,Palestine,2,Female,1994,43.01705912695701
149,Palestine,3,Both,1994,46.75300765517299
195,Namibia,1,Male,2005,32.4781150306254
195,Namibia,2,Female,2005,29.61709120467612
195,Namibia,3,Both,2005,31.01078880216293
71,Australia,1,Male,1995,37.44811463007388
71,Australia,2,Female,1995,32.51542209753124
71,Australia,3,Both,1995,34.96045384382311
50,Montenegro,1,Male,2007,62.0342061902193
50,Montenegro,2,Female,2007,51.56047182781609
50,Montenegro,3,Both,2007,56.726798951031846
59,Latvia,1,Male,1998,48.19818191457466
59,Latvia,2,Female,1998,29.20420582569228
59,Latvia,3,Both,1998,37.96090255538344
77,Cyprus,1,Male,2001,50.73931808756985
77,Cyprus,2,Female,2001,38.29765444580596
77,Cyprus,3,Both,2001,44.54606445358361
14,Maldives,1,Male,2005,45.87535456940306
14,Maldives,2,Female,2005,38.39648754750077
14,Maldives,3,Both,2005,42.17911727676368
52,Romania,1,Male,1996,47.04988289617558
52,Romania,2,Female,1996,34.02502278951244
52,Romania,3,Both,1996,40.41532535378848
320,Cook Islands,1,Male,2001,39.25583354062962
320,Cook Islands,2,Female,2001,34.40411338238016
320,Cook Islands,3,Both,2001,36.91232772501108
367,Monaco,1,Male,1993,41.248288378444606
367,Monaco,2,Female,1993,30.67174135397111
367,Monaco,3,Both,1993,35.74661484769047
305,Bermuda,1,Male,1991,22.20498929818048
305,Bermuda,2,Female,1991,16.45060147265349
305,Bermuda,3,Both,1991,19.24586873305531
143,Iraq,1,Male,2008,46.02261246083617
143,Iraq,2,Female,2008,37.2588837276639
143,Iraq,3,Both,2008,41.792752901730914
102,United States of America,1,Male,2006,32.78959480269603
102,United States of America,2,Female,2006,28.54283821190605
102,United States of America,3,Both,2006,30.63384649851475
151,Qatar,1,Male,1992,33.373355880867976
151,Qatar,2,Female,1992,24.4000244797135
151,Qatar,3,Both,1992,30.3654828455735
184,Mozambique,1,Male,1997,24.71044885468363
184,Mozambique,2,Female,1997,22.05576435213141
184,Mozambique,3,Both,1997,23.332325008327988
98,Chile,1,Male,1993,46.28391457675424
98,Chile,2,Female,1993,44.85068539223493
98,Chile,3,Both,1993,45.556115872970224
175,Burundi,1,Male,2005,15.19581110995396
175,Burundi,2,Female,2005,12.71875748674808
175,Burundi,3,Both,2005,13.93248120969752
72,New Zealand,1,Male,2007,31.468750066160787
72,New Zealand,2,Female,2007,27.15874242934308
72,New Zealand,3,Both,2007,29.26899794820399
101,Canada,1,Male,1990,45.206068384065176
101,Canada,2,Female,1990,42.49859903918271
101,Canada,3,Both,1990,43.8344511716932
118,Suriname,1,Male,2003,39.06894337716636
118,Suriname,2,Female,2003,32.80041344628168
118,Suriname,3,Both,2003,35.95646927955486
114,Haiti,1,Male,1995,19.61954868353345
114,Haiti,2,Female,1995,17.53560498134543
114,Haiti,3,Both,1995,18.547923850492552
133,Venezuela (Bolivarian Republic of),1,Male,2006,28.976936254273895
133,Venezuela (Bolivarian Republic of),2,Female,2006,24.16013054426803
133,Venezuela (Bolivarian Republic of),3,Both,2006,26.55647587040312
23,Kiribati,1,Male,2002,59.42995105116692
23,Kiribati,2,Female,2002,63.35195258761222
23,Kiribati,3,Both,2002,61.415666714713126
136,Paraguay,1,Male,2000,37.8149820671755
136,Paraguay,2,Female,2000,31.658216787530343
136,Paraguay,3,Both,2000,34.76421684418294
35,Georgia,1,Male,1999,49.39792774262984
35,Georgia,2,Female,1999,28.48223598609068
35,Georgia,3,Both,1999,38.31669792318991
6,China,1,Male,2006,50.46813324189967
6,China,2,Female,2006,32.35682918988798
6,China,3,Both,2006,41.63818310371652
141,Egypt,1,Male,1997,45.994102119156935
141,Egypt,2,Female,1997,34.31794583457075
141,Egypt,3,Both,1997,40.29326562862015
59,Latvia,1,Male,2004,46.88993380058873
59,Latvia,2,Female,2004,27.478328147291407
59,Latvia,3,Both,2004,36.39819172771013
90,Norway,1,Male,2000,39.55502539243009
90,Norway,2,Female,2000,34.69175807956903
90,Norway,3,Both,2000,37.09733509104646
207,Ghana,1,Male,1999,10.55768814441558
207,Ghana,2,Female,1999,8.535324987139461
207,Ghana,3,Both,1999,9.53931048876517
81,Germany,1,Male,2001,40.67397467298674
81,Germany,2,Female,2001,29.949222542883614
81,Germany,3,Both,2001,35.18813848153491
201,Burkina Faso,1,Male,1994,24.96593648266424
201,Burkina Faso,2,Female,1994,22.56433325068783
201,Burkina Faso,3,Both,1994,23.72637437293436
151,Qatar,1,Male,2000,31.60772304101675
151,Qatar,2,Female,2000,22.06214534465816
151,Qatar,3,Both,2000,28.25583321585954
97,Argentina,1,Male,1992,44.183749543951066
97,Argentina,2,Female,1992,38.8305795547215
97,Argentina,3,Both,1992,41.44774563038794
54,Slovakia,1,Male,2006,39.40225215704599
54,Slovakia,2,Female,2006,29.0110197854544
54,Slovakia,3,Both,2006,34.05673676879737
87,Luxembourg,1,Male,1992,43.56070658987283
87,Luxembourg,2,Female,1992,36.18143930717567
87,Luxembourg,3,Both,1992,39.80136812350782
98,Chile,1,Male,2009,39.30824171753904
98,Chile,2,Female,2009,35.980328508325584
98,Chile,3,Both,2009,37.61570769196023
181,Madagascar,1,Male,1996,33.10881647341926
181,Madagascar,2,Female,1996,33.740735976277506
181,Madagascar,3,Both,1996,33.426206639914255
155,Turkey,1,Male,1992,59.99027571795283
155,Turkey,2,Female,1992,50.0088411451448
155,Turkey,3,Both,1992,55.065440169624814
14,Maldives,1,Male,2002,47.21596450143042
14,Maldives,2,Female,2002,40.11964666089008
14,Maldives,3,Both,2002,43.70999621187821
393,Saint Kitts and Nevis,1,Male,1990,20.54173958149399
393,Saint Kitts and Nevis,2,Female,1990,12.823497806319589
393,Saint Kitts and Nevis,3,Both,1990,16.60801846389532
206,Gambia,1,Male,1993,34.0909015231057
206,Gambia,2,Female,1993,34.27907877615179
206,Gambia,3,Both,1993,34.18486014401228
128,Guatemala,1,Male,2006,20.664603683383127
128,Guatemala,2,Female,2006,18.20205189524504
128,Guatemala,3,Both,2006,19.40513691296698
201,Burkina Faso,1,Male,2002,23.23425595282249
201,Burkina Faso,2,Female,2002,21.12511230165542
201,Burkina Faso,3,Both,2002,22.146046062743928
106,Bahamas,1,Male,2006,19.88039895032173
106,Bahamas,2,Female,2006,12.1496785251337
106,Bahamas,3,Both,2006,15.90496256014142
131,Nicaragua,1,Male,2005,27.503838585319578
131,Nicaragua,2,Female,2005,26.241247675020556
131,Nicaragua,3,Both,2005,26.864414596860986
46,Croatia,1,Male,2010,48.25457921387655
46,Croatia,2,Female,2010,37.09007737229421
46,Croatia,3,Both,2010,42.47763469471428
75,Austria,1,Male,1995,42.90338916401278
75,Austria,2,Female,1995,32.94501784722325
75,Austria,3,Both,1995,37.75607956249492
122,Ecuador,1,Male,2003,18.93266628612473
122,Ecuador,2,Female,2003,14.58495961225535
122,Ecuador,3,Both,2003,16.74485380046269
106,Bahamas,1,Male,1998,20.32589153967092
106,Bahamas,2,Female,1998,12.64578390819142
106,Bahamas,3,Both,1998,16.39096029812025
89,Netherlands,1,Male,2021,29.268066644210577
89,Netherlands,2,Female,2021,24.14100400024646
89,Netherlands,3,Both,2021,26.68636646878108
147,Libya,1,Male,2008,47.69443425733997
147,Libya,2,Female,2008,37.28239401584631
147,Libya,3,Both,2008,42.689170846506094
118,Suriname,1,Male,1995,40.61736990163937
118,Suriname,2,Female,1995,34.92828924831924
118,Suriname,3,Both,1995,37.78087475676632
102,United States of America,1,Male,1993,40.93012527867885
102,United States of America,2,Female,1993,35.59556237485877
102,United States of America,3,Both,1993,38.20520732392997
79,Finland,1,Male,1995,35.3456470718487
79,Finland,2,Female,1995,27.30487840162733
79,Finland,3,Both,1995,31.21731421499011
145,Kuwait,1,Male,1997,43.39720112869051
145,Kuwait,2,Female,1997,38.498355880319615
145,Kuwait,3,Both,1997,41.37998999116153
30,Vanuatu,1,Male,1993,32.13693523873117
30,Vanuatu,2,Female,1993,31.53454623029226
30,Vanuatu,3,Both,1993,31.8436047545536
153,Syrian Arab Republic,1,Male,1994,52.21256158054109
153,Syrian Arab Republic,2,Female,1994,48.47636252453293
153,Syrian Arab Republic,3,Both,1994,50.38786425590973
205,Côte d'Ivoire,1,Male,2002,29.54565218146091
205,Côte d'Ivoire,2,Female,2002,26.75545561987495
205,Côte d'Ivoire,3,Both,2002,28.183283302089578
207,Ghana,1,Male,2002,10.7251902900103
207,Ghana,2,Female,2002,8.61561937180582
207,Ghana,3,Both,2002,9.6601899182036
155,Turkey,1,Male,2000,57.881478714559975
155,Turkey,2,Female,2000,46.417441514970506
155,Turkey,3,Both,2000,52.21967086779139
205,Côte d'Ivoire,1,Male,2007,27.41409219368281
205,Côte d'Ivoire,2,Female,2007,24.47673970130094
205,Côte d'Ivoire,3,Both,2007,25.98622334859786
180,Kenya,1,Male,2005,24.58648588581104
180,Kenya,2,Female,2005,21.020800405781028
180,Kenya,3,Both,2005,22.79260658155832
195,Namibia,1,Male,2008,30.6416099707256
195,Namibia,2,Female,2008,27.557129950754277
195,Namibia,3,Both,2008,29.05816270730211
126,Costa Rica,1,Male,2003,27.64727733587219
126,Costa Rica,2,Female,2003,22.64986930029339
126,Costa Rica,3,Both,2003,25.13698337419667
205,Côte d'Ivoire,1,Male,1994,26.68378225150885
205,Côte d'Ivoire,2,Female,1994,23.95833103878367
205,Côte d'Ivoire,3,Both,1994,25.34966085825171
110,Dominica,1,Male,2006,20.31739459769848
110,Dominica,2,Female,2006,13.30234005866842
110,Dominica,3,Both,2006,16.78855841507739
53,Serbia,1,Male,1996,52.78261928964741
53,Serbia,2,Female,1996,43.16236577632379
53,Serbia,3,Both,1996,47.9132886603347
105,Antigua and Barbuda,1,Male,1990,21.07638290465016
105,Antigua and Barbuda,2,Female,1990,13.226001463934187
105,Antigua and Barbuda,3,Both,1990,17.0145862305296
93,Sweden,1,Male,2021,24.532656878394494
93,Sweden,2,Female,2021,21.51974373607257
93,Sweden,3,Both,2021,23.0359287307586
55,Slovenia,1,Male,1990,48.62545759988278
55,Slovenia,2,Female,1990,38.020703937759095
55,Slovenia,3,Both,1990,43.16934516639636
122,Ecuador,1,Male,1995,21.93952808305284
122,Ecuador,2,Female,1995,17.99787521599628
122,Ecuador,3,Both,1995,19.95722408209857
374,Niue,1,Male,1991,35.72905077311793
374,Niue,2,Female,1991,24.89276617455331
374,Niue,3,Both,1991,30.335471067392927
110,Dominica,1,Male,1998,21.87021154614337
110,Dominica,2,Female,1998,14.846695757777862
110,Dominica,3,Both,1998,18.32159120970803
189,United Republic of Tanzania,1,Male,1997,32.33732713322553
189,United Republic of Tanzania,2,Female,1997,29.18805659623166
189,United Republic of Tanzania,3,Both,1997,30.726995360721748
209,Guinea-Bissau,1,Male,1994,10.87420686047732
209,Guinea-Bissau,2,Female,1994,8.18275182907451
209,Guinea-Bissau,3,Both,1994,9.49096181071051
114,Haiti,1,Male,2006,15.28163705941882
114,Haiti,2,Female,2006,12.78885404451842
114,Haiti,3,Both,2006,14.00064204112137
102,United States of America,1,Male,2009,30.821886954550457
102,United States of America,2,Female,2009,26.83168384716325
102,United States of America,3,Both,2009,28.79657433986587
151,Qatar,1,Male,2008,31.59469433496994
151,Qatar,2,Female,2008,22.972570562271912
151,Qatar,3,Both,2008,29.232720637915588
197,Eswatini,1,Male,2010,17.42876526404165
197,Eswatini,2,Female,2010,14.097168424487167
197,Eswatini,3,Both,2010,15.69036397818519
193,Botswana,1,Male,1997,35.36162393288432
193,Botswana,2,Female,1997,29.196709877484327
193,Botswana,3,Both,1997,32.17446070275866
184,Mozambique,1,Male,2005,25.184637804279408
184,Mozambique,2,Female,2005,22.46982202149989
184,Mozambique,3,Both,2005,23.778050612696187
118,Suriname,1,Male,2006,37.444303605436815
118,Suriname,2,Female,2006,30.930710082577217
118,Suriname,3,Both,2006,34.2059939934674
8,Taiwan (Province of China),1,Male,1996,49.01557402586655
8,Taiwan (Province of China),2,Female,1996,34.84844367496487
8,Taiwan (Province of China),3,Both,1996,42.130169483281534
106,Bahamas,1,Male,1993,20.973503037076068
106,Bahamas,2,Female,1993,13.38594181425124
106,Bahamas,3,Both,1993,17.104060530149077
209,Guinea-Bissau,1,Male,2007,11.34999021998444
209,Guinea-Bissau,2,Female,2007,8.81973981637883
209,Guinea-Bissau,3,Both,2007,10.05154899754977
114,Haiti,1,Male,1998,18.66347667174721
114,Haiti,2,Female,1998,16.44517647088598
114,Haiti,3,Both,1998,17.52235384706001
57,Belarus,1,Male,1996,48.89730589171984
57,Belarus,2,Female,1996,28.72021778446222
57,Belarus,3,Both,1996,38.21407487398495
11,Indonesia,1,Male,1991,45.077526879744525
11,Indonesia,2,Female,1991,42.646901683283325
11,Indonesia,3,Both,1991,43.85968226942417
59,Latvia,1,Male,2001,47.48503462065596
59,Latvia,2,Female,2001,28.11721516381871
59,Latvia,3,Both,2001,37.0301125081591
396,San Marino,1,Male,1990,43.1861475700613
396,San Marino,2,Female,1990,35.24408501746622
396,San Marino,3,Both,1990,39.1562277135704
201,Burkina Faso,1,Male,2010,21.09400796036665
201,Burkina Faso,2,Female,2010,19.2073814302474
201,Burkina Faso,3,Both,2010,20.12190975195241
155,Turkey,1,Male,2008,52.10634732589045
155,Turkey,2,Female,2008,38.7033541780251
155,Turkey,3,Both,2008,45.45413338802668
109,Cuba,1,Male,1990,42.92203351405263
109,Cuba,2,Female,1990,35.725836695525906
109,Cuba,3,Both,1990,39.34727684750436
126,Costa Rica,1,Male,1995,31.31377119035936
126,Costa Rica,2,Female,1995,25.79817065264332
126,Costa Rica,3,Both,1995,28.558900226009087
209,Guinea-Bissau,1,Male,2002,10.54395626582479
209,Guinea-Bissau,2,Female,2002,7.974935977253369
209,Guinea-Bissau,3,Both,2002,9.2261051997808
63,Ukraine,1,Male,2004,50.40051133403001
63,Ukraine,2,Female,2004,27.8615628400038
63,Ukraine,3,Both,2004,38.30633111043013
215,Sao Tome and Principe,1,Male,1996,9.447251023771573
215,Sao Tome and Principe,2,Female,1996,6.64909807709953
215,Sao Tome and Principe,3,Both,1996,8.03333255061025
380,Palau,1,Male,1993,32.1842746795191
380,Palau,2,Female,1993,24.03977017007444
380,Palau,3,Both,1993,28.15540674784552
14,Maldives,1,Male,1999,48.7126622208281
14,Maldives,2,Female,1999,43.0320078634384
14,Maldives,3,Both,1999,45.918694654035306
136,Paraguay,1,Male,2003,35.760843589015465
136,Paraguay,2,Female,2003,29.060340233342107
136,Paraguay,3,Both,2003,32.4437563562549
76,Belgium,1,Male,2007,38.91112516881264
76,Belgium,2,Female,2007,30.63874594418547
76,Belgium,3,Both,2007,34.68830640993286
298,American Samoa,1,Male,1999,43.071962148046175
298,American Samoa,2,Female,1999,39.76149515335794
298,American Samoa,3,Both,1999,41.45853645155284
213,Niger,1,Male,1994,17.83673959490718
213,Niger,2,Female,1994,16.15261598366013
213,Niger,3,Both,1994,16.9905499443
110,Dominica,1,Male,1993,23.08391126290286
110,Dominica,2,Female,1993,16.19802795312777
110,Dominica,3,Both,1993,19.61918022434428
413,Tokelau,1,Male,1993,40.15029278840241
413,Tokelau,2,Female,1993,33.109876768162025
413,Tokelau,3,Both,1993,36.62174921184239
118,Suriname,1,Male,1998,40.56917967379094
118,Suriname,2,Female,1998,34.61321240948409
118,Suriname,3,Both,1998,37.605218818652
98,Chile,1,Male,2021,34.7121551146364
98,Chile,2,Female,2021,29.45523461005241
98,Chile,3,Both,2021,32.0422671262999
157,Yemen,1,Male,1994,45.99703922019358
157,Yemen,2,Female,1994,38.49409275137902
157,Yemen,3,Both,1994,42.33508344190699
26,Papua New Guinea,1,Male,1996,45.7296354809064
26,Papua New Guinea,2,Female,1996,46.81679041558558
26,Papua New Guinea,3,Both,1996,46.25331191328513
197,Eswatini,1,Male,1997,21.827969396674497
197,Eswatini,2,Female,1997,18.75739274908464
197,Eswatini,3,Both,1997,20.21603302627691
55,Slovenia,1,Male,2007,44.93844941399169
55,Slovenia,2,Female,2007,33.95351617178769
55,Slovenia,3,Both,2007,39.35262882450723
45,Bulgaria,1,Male,1995,58.61748110733671
45,Bulgaria,2,Female,1995,42.465506182264825
45,Bulgaria,3,Both,1995,50.37594695544549
172,Equatorial Guinea,1,Male,1999,35.06983956618492
172,Equatorial Guinea,2,Female,1999,30.62621438037229
172,Equatorial Guinea,3,Both,1999,32.81060612153147
122,Ecuador,1,Male,2006,18.15666562857934
122,Ecuador,2,Female,2006,13.42117695018635
122,Ecuador,3,Both,2006,15.772221345144647
25,Micronesia (Federated States of),1,Male,1990,49.75478058979892
25,Micronesia (Federated States of),2,Female,1990,50.84247121814494
25,Micronesia (Federated States of),3,Both,1990,50.28481274976292
130,Mexico,1,Male,2003,27.89155218350109
130,Mexico,2,Female,2003,22.97939414415009
130,Mexico,3,Both,2003,25.379427447505226
203,Cabo Verde,1,Male,2005,18.7634107839463
203,Cabo Verde,2,Female,2005,13.32835829795927
203,Cabo Verde,3,Both,2005,15.99040305456764
133,Venezuela (Bolivarian Republic of),1,Male,2009,27.821735519041912
133,Venezuela (Bolivarian Republic of),2,Female,2009,22.42775815324766
133,Venezuela (Bolivarian Republic of),3,Both,2009,25.11326690919527
211,Mali,1,Male,1999,23.56345306728756
211,Mali,2,Female,1999,21.34096548849125
211,Mali,3,Both,1999,22.44265124020638
63,Ukraine,1,Male,1998,51.36015989814331
63,Ukraine,2,Female,1998,28.74595572408388
63,Ukraine,3,Both,1998,39.25008968513188
27,Samoa,1,Male,2002,46.19279296877779
27,Samoa,2,Female,2002,42.58528699241939
27,Samoa,3,Both,2002,44.46175087464032
27,Samoa,1,Male,2005,45.21184572207486
27,Samoa,2,Female,2005,41.0769318345694
27,Samoa,3,Both,2005,43.22288198732595
67,Japan,1,Male,2004,42.67825742278676
67,Japan,2,Female,2004,25.934417055540536
67,Japan,3,Both,2004,34.120433599413744
213,Niger,1,Male,2007,15.69388391616867
213,Niger,2,Female,2007,14.42915952173493
213,Niger,3,Both,2007,15.0593187484287
393,Saint Kitts and Nevis,1,Male,1991,20.535388170851828
393,Saint Kitts and Nevis,2,Female,1991,12.8344069115088
393,Saint Kitts and Nevis,3,Both,1991,16.61610111693853
60,Lithuania,1,Male,1993,43.87041387171989
60,Lithuania,2,Female,1993,27.261064207837848
60,Lithuania,3,Both,1993,35.09113371583638
150,Oman,1,Male,2003,26.963752840075134
150,Oman,2,Female,2003,18.93837491940528
150,Oman,3,Both,2003,23.4428767735608
213,Niger,1,Male,2002,16.96436054076304
213,Niger,2,Female,2002,15.87301111698973
213,Niger,3,Both,2002,16.41810255868786
126,Costa Rica,1,Male,2006,25.643673251849307
126,Costa Rica,2,Female,2006,20.13768506681373
126,Costa Rica,3,Both,2006,22.86381589353897
102,United States of America,1,Male,2021,25.88420257546915
102,United States of America,2,Female,2021,21.79295943252638
102,United States of America,3,Both,2021,23.80344999411286
163,India,1,Male,2000,36.81926176654147
163,India,2,Female,2000,30.67138992690109
163,India,3,Both,2000,33.86190247605044
122,Ecuador,1,Male,1998,20.58767250999421
122,Ecuador,2,Female,1998,16.54573910820953
122,Ecuador,3,Both,1998,18.55463467956895
217,Sierra Leone,1,Male,2007,34.154889347229
217,Sierra Leone,2,Female,2007,31.13806363905819
217,Sierra Leone,3,Both,2007,32.61159873226408
85,Israel,1,Male,2001,41.44433478355468
85,Israel,2,Female,2001,35.11862653681292
85,Israel,3,Both,2001,38.24618302739783
61,Republic of Moldova,1,Male,1996,49.09606902818667
61,Republic of Moldova,2,Female,1996,26.19926347155454
61,Republic of Moldova,3,Both,1996,37.14923463506596
211,Mali,1,Male,2002,24.77889945104496
211,Mali,2,Female,2002,22.97088665903185
211,Mali,3,Both,2002,23.86824556897133
132,Panama,1,Male,2006,16.80342208716467
132,Panama,2,Female,2006,12.53528406999432
132,Panama,3,Both,2006,14.68568189979672
161,Bangladesh,1,Male,1994,44.653793267999056
161,Bangladesh,2,Female,1994,40.79718884567548
161,Bangladesh,3,Both,1994,42.78385052730816
34,Azerbaijan,1,Male,1993,49.150298519499216
34,Azerbaijan,2,Female,1993,35.04432802164843
34,Azerbaijan,3,Both,1993,41.91310268665615
83,Iceland,1,Male,1995,44.74622982092432
83,Iceland,2,Female,1995,36.175683244971566
83,Iceland,3,Both,1995,40.47207808353372
128,Guatemala,1,Male,2009,20.31851124229125
128,Guatemala,2,Female,2009,17.89982974242287
128,Guatemala,3,Both,2009,19.07863115229668
422,United States Virgin Islands,1,Male,1990,21.35238820326839
422,United States Virgin Islands,2,Female,1990,14.67660690201014
422,United States Virgin Islands,3,Both,1990,17.9104667258089
63,Ukraine,1,Male,2001,50.9579453712332
63,Ukraine,2,Female,2001,28.25132951785509
63,Ukraine,3,Both,2001,38.78993394388119
203,Cabo Verde,1,Male,2008,18.03898805369189
203,Cabo Verde,2,Female,2008,12.707359981309372
203,Cabo Verde,3,Both,2008,15.338356499037667
141,Egypt,1,Male,2003,46.95125469837722
141,Egypt,2,Female,2003,34.93368755499771
141,Egypt,3,Both,2003,41.07909940257604
14,Maldives,1,Male,2008,44.79275793476299
14,Maldives,2,Female,2008,38.11209106387122
14,Maldives,3,Both,2008,41.56513532636058
207,Ghana,1,Male,2005,10.97217020507064
207,Ghana,2,Female,2005,8.77160584459578
207,Ghana,3,Both,2005,9.85699211082135
91,Portugal,1,Male,1992,40.47454110230003
91,Portugal,2,Female,1992,28.02111355662905
91,Portugal,3,Both,1992,34.034537671066175
50,Montenegro,1,Male,2010,60.25402455030805
50,Montenegro,2,Female,2010,50.19666613119891
50,Montenegro,3,Both,2010,55.16104290542364
67,Japan,1,Male,1998,46.91428481221066
67,Japan,2,Female,1998,30.504705402988257
67,Japan,3,Both,1998,38.55116245266596
84,Ireland,1,Male,1998,43.00133217886003
84,Ireland,2,Female,1998,37.9669263165539
84,Ireland,3,Both,1998,40.46832498675015
165,Pakistan,1,Male,1991,48.44965479181665
165,Pakistan,2,Female,1991,41.42993070993239
165,Pakistan,3,Both,1991,45.10649608698407
13,Malaysia,1,Male,1993,43.88779129663042
13,Malaysia,2,Female,1993,36.9112786328258
13,Malaysia,3,Both,1993,40.44195026881532
149,Palestine,1,Male,1997,50.69673779543616
149,Palestine,2,Female,1997,43.62155466778786
149,Palestine,3,Both,1997,47.21803078540547
215,Sao Tome and Principe,1,Male,2002,9.13407640645975
215,Sao Tome and Principe,2,Female,2002,6.483332649620991
215,Sao Tome and Principe,3,Both,2002,7.795820413511061
217,Sierra Leone,1,Male,2002,35.49859354430831
217,Sierra Leone,2,Female,2002,32.34274756524207
217,Sierra Leone,3,Both,2002,33.872006458283224
422,United States Virgin Islands,1,Male,1991,21.26639453264254
422,United States Virgin Islands,2,Female,1991,14.65141383334334
422,United States Virgin Islands,3,Both,1991,17.85544330975133
38,Mongolia,1,Male,1993,41.95768185766375
38,Mongolia,2,Female,1993,38.13872213508304
38,Mongolia,3,Both,1993,40.042431460238106
18,Thailand,1,Male,1999,39.72773060949137
18,Thailand,2,Female,1999,30.507516383469728
18,Thailand,3,Both,1999,35.055263144361035
132,Panama,1,Male,2009,15.46222057177224
132,Panama,2,Female,2009,11.26577618086939
132,Panama,3,Both,2009,13.37841544420127
215,Sao Tome and Principe,1,Male,1999,9.28591476233011
215,Sao Tome and Principe,2,Female,1999,6.58152922087757
215,Sao Tome and Principe,3,Both,1999,7.91951067896728
71,Australia,1,Male,1998,35.951371334627765
71,Australia,2,Female,1998,30.67770481300946
71,Australia,3,Both,1998,33.287821701521366
22,Fiji,1,Male,1999,34.30461919531832
22,Fiji,2,Female,1999,29.430286636215907
22,Fiji,3,Both,1999,31.914896288992068
141,Egypt,1,Male,2000,46.54590732056768
141,Egypt,2,Female,2000,34.5975344939625
141,Egypt,3,Both,2000,40.708067832886194
68,Republic of Korea,1,Male,2004,46.3540970584989
68,Republic of Korea,2,Female,2004,27.95336840198728
68,Republic of Korea,3,Both,2004,37.157275283036064
385,Puerto Rico,1,Male,1996,19.23523594003975
385,Puerto Rico,2,Female,1996,14.613553038370693
385,Puerto Rico,3,Both,1996,16.84695900917231
163,India,1,Male,2008,32.35932850442752
163,India,2,Female,2008,26.31248791148292
163,India,3,Both,2008,29.431237555243374
205,Côte d'Ivoire,1,Male,2010,25.26008048204698
205,Côte d'Ivoire,2,Female,2010,22.30522301221437
205,Côte d'Ivoire,3,Both,2010,23.8270913390054
522,Sudan,1,Male,1992,33.96388051382926
522,Sudan,2,Female,1992,25.59572966449239
522,Sudan,3,Both,1992,29.82398116774574
214,Nigeria,1,Male,2004,11.50528905941644
214,Nigeria,2,Female,2004,9.70366690344073
214,Nigeria,3,Both,2004,10.61652966247847
74,Andorra,1,Male,2003,40.88130834129008
74,Andorra,2,Female,2003,32.637577433034544
74,Andorra,3,Both,2003,36.92165454390079
165,Pakistan,1,Male,1994,48.14976384404995
165,Pakistan,2,Female,1994,41.28431146937055
165,Pakistan,3,Both,1994,44.87215009988607
29,Tonga,1,Male,1990,46.8842592297936
29,Tonga,2,Female,1990,44.47600859397742
29,Tonga,3,Both,1990,45.69032655666574
211,Mali,1,Male,2005,25.26115265208128
211,Mali,2,Female,2005,23.77089560615898
211,Mali,3,Both,2005,24.51124473532466
145,Kuwait,1,Male,2003,41.57341573156698
145,Kuwait,2,Female,2003,35.99716105349183
145,Kuwait,3,Both,2003,39.32919540131446
217,Sierra Leone,1,Male,1994,34.95828665739994
217,Sierra Leone,2,Female,1994,32.67623833132183
217,Sierra Leone,3,Both,1994,33.78372356119253
39,Tajikistan,1,Male,1999,37.21259340187333
39,Tajikistan,2,Female,1999,28.315922146512268
39,Tajikistan,3,Both,1999,32.767489397462754
43,Albania,1,Male,1996,49.4264170058644
43,Albania,2,Female,1996,34.39630475394363
43,Albania,3,Both,1996,41.992929971890106
12,Lao People's Democratic Republic,1,Male,2004,46.5911080602755
12,Lao People's Democratic Republic,2,Female,2004,40.31166361852157
12,Lao People's Democratic Republic,3,Both,2004,43.44680759893696
216,Senegal,1,Male,2008,29.98594945551321
216,Senegal,2,Female,2008,26.20644014718466
216,Senegal,3,Both,2008,28.085106323372173
178,Eritrea,1,Male,1994,18.51770739214873
178,Eritrea,2,Female,1994,13.68965239388911
178,Eritrea,3,Both,1994,16.10577109027608
106,Bahamas,1,Male,2009,19.74976313702028
106,Bahamas,2,Female,2009,11.98092585823642
106,Bahamas,3,Both,2009,15.751375873928913
7,Democratic People's Republic of Korea,1,Male,2005,48.66336439035927
7,Democratic People's Republic of Korea,2,Female,2005,32.69386198591932
7,Democratic People's Republic of Korea,3,Both,2005,40.44684579931888
16,Philippines,1,Male,1999,49.64036654207068
16,Philippines,2,Female,1999,43.271392863600376
16,Philippines,3,Both,1999,46.48791094635142
7,Democratic People's Republic of Korea,1,Male,1992,50.29113885040124
7,Democratic People's Republic of Korea,2,Female,1992,38.81671854226954
7,Democratic People's Republic of Korea,3,Both,1992,44.22867149387731
522,Sudan,1,Male,1995,33.77238659795115
522,Sudan,2,Female,1995,25.46488927698337
522,Sudan,3,Both,1995,29.66280038387663
7,Democratic People's Republic of Korea,1,Male,2008,47.19955338339453
7,Democratic People's Republic of Korea,2,Female,2008,31.352632222218208
7,Democratic People's Republic of Korea,3,Both,2008,39.08797569902458
113,Guyana,1,Male,1990,28.062875642138614
113,Guyana,2,Female,1990,23.75310026002031
113,Guyana,3,Both,1990,25.88775290923954
163,India,1,Male,1992,39.50779060742093
163,India,2,Female,1992,33.7251509491271
163,India,3,Both,1992,36.73524466192141
106,Bahamas,1,Male,2021,18.96367475999457
106,Bahamas,2,Female,2021,11.09892445050219
106,Bahamas,3,Both,2021,14.896017077806889
189,United Republic of Tanzania,1,Male,2005,28.36558646431303
189,United Republic of Tanzania,2,Female,2005,25.350957790630552
189,United Republic of Tanzania,3,Both,2005,26.82590377719253
171,Democratic Republic of the Congo,1,Male,2000,21.53036762968897
171,Democratic Republic of the Congo,2,Female,2000,18.71590221709717
171,Democratic Republic of the Congo,3,Both,2000,20.11925710972924
130,Mexico,1,Male,1995,36.437390663595096
130,Mexico,2,Female,1995,33.74402327112309
130,Mexico,3,Both,1995,35.06873066243912
201,Burkina Faso,1,Male,1997,24.45792307074307
201,Burkina Faso,2,Female,1997,22.21610620432568
201,Burkina Faso,3,Both,1997,23.30082690129944
87,Luxembourg,1,Male,1995,42.63255435165052
87,Luxembourg,2,Female,1995,35.7946888004381
87,Luxembourg,3,Both,1995,39.15482265166252
67,Japan,1,Male,2001,45.11077010250892
67,Japan,2,Female,2001,28.49875822031037
67,Japan,3,Both,2001,36.6326099983203
8,Taiwan (Province of China),1,Male,2004,45.21002462271009
8,Taiwan (Province of China),2,Female,2004,29.05719554116923
8,Taiwan (Province of China),3,Both,2004,37.27298790198787
16,Philippines,1,Male,2004,48.382022054393694
16,Philippines,2,Female,2004,41.5888131361589
16,Philippines,3,Both,2004,45.02706429638743
114,Haiti,1,Male,1993,20.17156969407522
114,Haiti,2,Female,1993,18.2078456588469
114,Haiti,3,Both,1993,19.16193136442439
59,Latvia,1,Male,1990,51.6122567700784
59,Latvia,2,Female,1990,34.382438759279395
59,Latvia,3,Both,1990,42.39104926792922
60,Lithuania,1,Male,2010,39.23908517141199
60,Lithuania,2,Female,2010,21.45973629307648
60,Lithuania,3,Both,2010,29.674021556562767
170,Congo,1,Male,2000,19.19930253731098
170,Congo,2,Female,2000,14.14762791081404
170,Congo,3,Both,2000,16.63052659230172
153,Syrian Arab Republic,1,Male,1997,51.81244458185782
153,Syrian Arab Republic,2,Female,1997,47.61643056086417
153,Syrian Arab Republic,3,Both,1997,49.76498824985478
139,Algeria,1,Male,2003,40.47498264035145
139,Algeria,2,Female,2003,30.802619716943468
139,Algeria,3,Both,2003,35.69617594941032
136,Paraguay,1,Male,2006,33.618769990555734
136,Paraguay,2,Female,2006,26.54991860079753
136,Paraguay,3,Both,2006,30.12170717516649
89,Netherlands,1,Male,2001,39.9916489172316
89,Netherlands,2,Female,2001,35.11682471090536
89,Netherlands,3,Both,2001,37.52785494197117
126,Costa Rica,1,Male,1998,29.93058408900866
126,Costa Rica,2,Female,1998,24.51891943456383
126,Costa Rica,3,Both,1998,27.225525764736204
160,Afghanistan,1,Male,2002,23.74404413121604
160,Afghanistan,2,Female,2002,17.07230382904661
160,Afghanistan,3,Both,2002,20.41483306995742
110,Dominica,1,Male,2009,19.99602072348879
110,Dominica,2,Female,2009,13.10370134393711
110,Dominica,3,Both,2009,16.54834511849964
117,Saint Vincent and the Grenadines,1,Male,1990,24.03033139563956
117,Saint Vincent and the Grenadines,2,Female,1990,20.08910387933801
117,Saint Vincent and the Grenadines,3,Both,1990,22.05449872500804
115,Jamaica,1,Male,2008,25.493709088043147
115,Jamaica,2,Female,2008,19.00384381273424
115,Jamaica,3,Both,2008,22.21725577663769
178,Eritrea,1,Male,1991,18.809682095962472
178,Eritrea,2,Female,1991,14.16393823530556
178,Eritrea,3,Both,1991,16.48339579301356
298,American Samoa,1,Male,2005,41.95925082691626
298,American Samoa,2,Female,2005,37.94820270616225
298,American Samoa,3,Both,2005,39.98862218862637
101,Canada,1,Male,1992,44.30529504469179
101,Canada,2,Female,1992,41.39505605874273
101,Canada,3,Both,1992,42.82995379377265
298,American Samoa,1,Male,2002,42.61791669505756
298,American Samoa,2,Female,2002,38.9507538154198
298,American Samoa,3,Both,2002,40.82351477731946
15,Myanmar,1,Male,1991,49.77186234199104
15,Myanmar,2,Female,1991,48.93500546959528
15,Myanmar,3,Both,1991,49.34676346570885
78,Denmark,1,Male,2003,41.56077816360188
78,Denmark,2,Female,2003,36.77335511764465
78,Denmark,3,Both,2003,39.14024327662437
209,Guinea-Bissau,1,Male,2010,12.18650779566964
209,Guinea-Bissau,2,Female,2010,9.62666638935645
209,Guinea-Bissau,3,Both,2010,10.87301525782582
193,Botswana,1,Male,2005,33.06097379289515
193,Botswana,2,Female,2005,26.60367273674699
193,Botswana,3,Both,2005,29.73764323688971
69,Singapore,1,Male,1996,30.96984741865889
69,Singapore,2,Female,1996,20.80895010125684
69,Singapore,3,Both,1996,26.023275130331903
176,Comoros,1,Male,2010,26.4974284320743
176,Comoros,2,Female,2010,21.870023576473574
176,Comoros,3,Both,2010,24.17234397445892
115,Jamaica,1,Male,1997,31.348353556940552
115,Jamaica,2,Female,1997,25.53529296497712
115,Jamaica,3,Both,1997,28.39325514417433
41,Uzbekistan,1,Male,2009,34.5174102184191
41,Uzbekistan,2,Female,2009,24.45781602237523
41,Uzbekistan,3,Both,2009,29.45252559939981
171,Democratic Republic of the Congo,1,Male,2008,19.99085337262132
171,Democratic Republic of the Congo,2,Female,2008,17.3543099435196
171,Democratic Republic of the Congo,3,Both,2008,18.67828845530507
171,Democratic Republic of the Congo,1,Male,1992,22.54647398414269
171,Democratic Republic of the Congo,2,Female,1992,20.67797853144872
171,Democratic Republic of the Congo,3,Both,1992,21.60323092912933
185,Rwanda,1,Male,1996,20.3452793865814
185,Rwanda,2,Female,1996,17.30429385528803
185,Rwanda,3,Both,1996,18.73742167538636
23,Kiribati,1,Male,2008,58.08261123421852
23,Kiribati,2,Female,2008,61.92094364397413
23,Kiribati,3,Both,2008,60.02138246220314
84,Ireland,1,Male,2001,41.36008162783114
84,Ireland,2,Female,2001,36.59201156342502
84,Ireland,3,Both,2001,38.96384369370541
30,Vanuatu,1,Male,1996,32.27594498985691
30,Vanuatu,2,Female,1996,32.15397083855597
30,Vanuatu,3,Both,1996,32.21648883292561
49,North Macedonia,1,Male,1995,60.98561352439733
49,North Macedonia,2,Female,1995,49.23865241466107
49,North Macedonia,3,Both,1995,55.12367345305959
130,Mexico,1,Male,1998,33.16378903911984
130,Mexico,2,Female,1998,29.41999810172905
130,Mexico,3,Both,1998,31.25593791660567
20,Viet Nam,1,Male,1999,51.79145008048957
20,Viet Nam,2,Female,1999,44.3111606656672
20,Viet Nam,3,Both,1999,47.988423387460486
20,Viet Nam,1,Male,2004,48.79094643593623
20,Viet Nam,2,Female,2004,38.785900409713584
20,Viet Nam,3,Both,2004,43.72522175583201
213,Niger,1,Male,2010,15.02804366115582
213,Niger,2,Female,2010,13.5766605106075
213,Niger,3,Both,2010,14.29876219325356
130,Mexico,1,Male,2006,25.1277760735732
130,Mexico,2,Female,2006,19.78935992157509
130,Mexico,3,Both,2006,22.39731686396835
175,Burundi,1,Male,2000,16.40736571407393
175,Burundi,2,Female,2000,13.83969106506219
175,Burundi,3,Both,2000,15.08815459197975
175,Burundi,1,Male,2008,14.80840869235998
175,Burundi,2,Female,2008,12.44526501918198
175,Burundi,3,Both,2008,13.611949828672982
121,Bolivia (Plurinational State of),1,Male,1990,23.49331342388169
121,Bolivia (Plurinational State of),2,Female,1990,22.02024182228782
121,Bolivia (Plurinational State of),3,Both,1990,22.74873110657284
71,Australia,1,Male,2004,33.48069402491175
71,Australia,2,Female,2004,27.924598688720295
71,Australia,3,Both,2004,30.670632193565872
55,Slovenia,1,Male,2010,45.12392940907884
55,Slovenia,2,Female,2010,34.39024843914313
55,Slovenia,3,Both,2010,39.68445753855271
10,Cambodia,1,Male,1994,51.81682616542971
10,Cambodia,2,Female,1994,40.94048797167184
10,Cambodia,3,Both,1994,46.1575283817033
101,Canada,1,Male,1995,42.75412245593575
101,Canada,2,Female,1995,39.64394478851519
101,Canada,3,Both,1995,41.17483633012644
170,Congo,1,Male,1997,19.44349296849651
170,Congo,2,Female,1997,14.1668866922089
170,Congo,3,Both,1997,16.75922166805693
63,Ukraine,1,Male,1990,53.225527207497
63,Ukraine,2,Female,1990,31.34531166718949
63,Ukraine,3,Both,1990,41.475574212410606
33,Armenia,1,Male,1998,58.37175339881173
33,Armenia,2,Female,1998,36.34547052327223
33,Armenia,3,Both,1998,47.0018416564668
143,Iraq,1,Male,2003,48.14511795910093
143,Iraq,2,Female,2003,40.61598142817126
143,Iraq,3,Both,2003,44.54193443926526
114,Haiti,1,Male,2009,14.3091780218803
114,Haiti,2,Female,2009,11.77815711650497
114,Haiti,3,Both,2009,13.00968798783392
217,Sierra Leone,1,Male,2010,32.552917280601726
217,Sierra Leone,2,Female,2010,29.49104518450987
217,Sierra Leone,3,Both,2010,30.99209508333639
24,Marshall Islands,1,Male,1999,39.89182702433154
24,Marshall Islands,2,Female,1999,37.32964855718724
24,Marshall Islands,3,Both,1999,38.64226068969877
205,Côte d'Ivoire,1,Male,1997,28.04814265404605
205,Côte d'Ivoire,2,Female,1997,25.14465489497924
205,Côte d'Ivoire,3,Both,1997,26.6263682548825
139,Algeria,1,Male,1995,42.6037499192141
139,Algeria,2,Female,1995,34.75915936630491
139,Algeria,3,Both,1995,38.729947366544
24,Marshall Islands,1,Male,2004,38.61869148776289
24,Marshall Islands,2,Female,2004,36.3356382931607
24,Marshall Islands,3,Both,2004,37.50677569651819
118,Suriname,1,Male,1993,40.47044906445299
118,Suriname,2,Female,1993,35.064504918342095
118,Suriname,3,Both,1993,37.77635136606012
91,Portugal,1,Male,1995,39.59386437699845
91,Portugal,2,Female,1995,26.52978046299816
91,Portugal,3,Both,1995,32.84244018576789
77,Cyprus,1,Male,1996,51.55612945108147
77,Cyprus,2,Female,1996,39.64191321056328
77,Cyprus,3,Both,1996,45.642009409610864
197,Eswatini,1,Male,2005,19.586190849844808
197,Eswatini,2,Female,2005,16.277230013572318
197,Eswatini,3,Both,2005,17.847761604131428
122,Ecuador,1,Male,1993,22.95260963828744
122,Ecuador,2,Female,1993,19.0697495713086
122,Ecuador,3,Both,1993,21.00001557215519
80,France,1,Male,2007,38.09338463511629
80,France,2,Female,2007,30.42778720786996
80,France,3,Both,2007,34.148736143402395
142,Iran (Islamic Republic of),1,Male,2006,31.64008687659526
142,Iran (Islamic Republic of),2,Female,2006,21.47183491761264
142,Iran (Islamic Republic of),3,Both,2006,26.645901678803614
93,Sweden,1,Male,2001,27.666820252279862
93,Sweden,2,Female,2001,26.82389916264796
93,Sweden,3,Both,2001,27.2407804125726
305,Bermuda,1,Male,2007,21.57384048177571
305,Bermuda,2,Female,2007,15.46895665536448
305,Bermuda,3,Both,2007,18.40338872305061
175,Burundi,1,Male,1992,19.910054308073192
175,Burundi,2,Female,1992,19.96842632087986
175,Burundi,3,Both,1992,19.93996558919845
180,Kenya,1,Male,2000,27.74149682849632
180,Kenya,2,Female,2000,24.30662996057155
180,Kenya,3,Both,2000,26.0098203833533
28,Solomon Islands,1,Male,1999,44.13857527653262
28,Solomon Islands,2,Female,1999,43.12873561293109
28,Solomon Islands,3,Both,1999,43.65121543056884
143,Iraq,1,Male,1995,51.59250769829804
143,Iraq,2,Female,1995,45.31978298489258
143,Iraq,3,Both,1995,48.57043665704788
125,Colombia,1,Male,1990,30.6374138643931
125,Colombia,2,Female,1990,26.42771420601429
125,Colombia,3,Both,1990,28.50776104536768
81,Germany,1,Male,1996,42.12323619485935
81,Germany,2,Female,1996,30.97490779079544
81,Germany,3,Both,1996,36.40553401375612
305,Bermuda,1,Male,1994,22.10350035835884
305,Bermuda,2,Female,1994,16.28098843695518
305,Bermuda,3,Both,1994,19.10173099993118
139,Algeria,1,Male,2006,39.82106061802259
139,Algeria,2,Female,2006,29.79136399634239
139,Algeria,3,Both,2006,34.86772120520445
33,Armenia,1,Male,1990,59.45830717253644
33,Armenia,2,Female,1990,41.99152945885456
33,Armenia,3,Both,1990,50.54709840632145
184,Mozambique,1,Male,2000,24.92919172974308
184,Mozambique,2,Female,2000,22.17390623858747
184,Mozambique,3,Both,2000,23.49951715752878
179,Ethiopia,1,Male,1994,13.333757750462093
179,Ethiopia,2,Female,1994,10.75342631857026
179,Ethiopia,3,Both,1994,12.0537151575828
305,Bermuda,1,Male,2002,21.88622107712035
305,Bermuda,2,Female,2002,15.86770037674409
305,Bermuda,3,Both,2002,18.76569487697597
298,American Samoa,1,Male,2008,41.17257361568094
298,American Samoa,2,Female,2008,36.63079133648168
298,American Samoa,3,Both,2008,38.93445561026554
35,Georgia,1,Male,2005,50.72353312890729
35,Georgia,2,Female,2005,29.147602058919
35,Georgia,3,Both,2005,39.32088934971139
28,Solomon Islands,1,Male,2004,43.62962976255592
28,Solomon Islands,2,Female,2004,42.78103996876233
28,Solomon Islands,3,Both,2004,43.21840306632897
85,Israel,1,Male,1996,42.75940302786171
85,Israel,2,Female,1996,36.97191835885993
85,Israel,3,Both,1996,39.83064179216607
72,New Zealand,1,Male,2004,33.00405490183333
72,New Zealand,2,Female,2004,29.24930699719144
72,New Zealand,3,Both,2004,31.09082328802574
376,Northern Mariana Islands,1,Male,2001,38.2784698457112
376,Northern Mariana Islands,2,Female,2001,37.00181834485985
376,Northern Mariana Islands,3,Both,2001,37.5973817629456
118,Suriname,1,Male,2009,35.21322138395886
118,Suriname,2,Female,2009,28.01419197435028
118,Suriname,3,Both,2009,31.6213698672782
119,Trinidad and Tobago,1,Male,2008,28.06803567255768
119,Trinidad and Tobago,2,Female,2008,22.41321888618236
119,Trinidad and Tobago,3,Both,2008,25.25351004617102
74,Andorra,1,Male,1992,45.6441272151276
74,Andorra,2,Female,1992,39.171837861097856
74,Andorra,3,Both,1992,42.61265462691484
94,Switzerland,1,Male,2000,39.979150633559065
94,Switzerland,2,Female,2000,32.54017997449789
94,Switzerland,3,Both,2000,36.18052809350406
131,Nicaragua,1,Male,1994,31.51947816903154
131,Nicaragua,2,Female,1994,30.00263038404814
131,Nicaragua,3,Both,1994,30.74936559040679
210,Liberia,1,Male,1993,17.1965220209747
210,Liberia,2,Female,1993,14.269204301980407
210,Liberia,3,Both,1993,15.70839718313233
176,Comoros,1,Male,1999,29.70102444738542
176,Comoros,2,Female,1999,25.192013147507392
176,Comoros,3,Both,1999,27.427436536067813
143,Iraq,1,Male,2006,46.78688668921503
143,Iraq,2,Female,2006,38.52124174828433
143,Iraq,3,Both,2006,42.82591787146494
215,Sao Tome and Principe,1,Male,2005,8.96840324132792
215,Sao Tome and Principe,2,Female,2005,6.28724466176714
215,Sao Tome and Principe,3,Both,2005,7.61699752129521
169,Central African Republic,1,Male,1991,20.85523810427555
169,Central African Republic,2,Female,1991,17.73829326277409
169,Central African Republic,3,Both,1991,19.27343662631279
349,Greenland,1,Male,1996,49.59460688599568
349,Greenland,2,Female,1996,54.30367497526145
349,Greenland,3,Both,1996,51.791476873932
189,United Republic of Tanzania,1,Male,2000,31.112282144798208
189,United Republic of Tanzania,2,Female,2000,27.98356396456135
189,United Republic of Tanzania,3,Both,2000,29.51438680793496
201,Burkina Faso,1,Male,2005,22.41846486349561
201,Burkina Faso,2,Female,2005,20.52887953001999
201,Burkina Faso,3,Both,2005,21.44417726794881
147,Libya,1,Male,1995,46.86665730835406
147,Libya,2,Female,1995,38.12913691095243
147,Libya,3,Both,1995,42.57191152607684
68,Republic of Korea,1,Male,2010,41.817787382545816
68,Republic of Korea,2,Female,2010,21.9363199016341
68,Republic of Korea,3,Both,2010,31.84241196681169
126,Costa Rica,1,Male,1993,32.44249852410797
126,Costa Rica,2,Female,1993,27.0089402551957
126,Costa Rica,3,Both,1993,29.72875889017283
122,Ecuador,1,Male,2009,17.52659895632895
122,Ecuador,2,Female,2009,12.37368508419269
122,Ecuador,3,Both,2009,14.93049520199276
180,Kenya,1,Male,1992,29.44171934883626
180,Kenya,2,Female,1992,26.09513237122179
180,Kenya,3,Both,1992,27.75621068713784
374,Niue,1,Male,2002,32.79253572267562
374,Niue,2,Female,2002,22.66937322177274
374,Niue,3,Both,2002,27.74080490368005
43,Albania,1,Male,1999,49.25365587349039
43,Albania,2,Female,1999,32.9826875381073
43,Albania,3,Both,1999,41.13511944326123
35,Georgia,1,Male,2002,49.82850599302232
35,Georgia,2,Female,2002,28.55875647456383
35,Georgia,3,Both,2002,38.56121242919736
47,Czechia,1,Male,1996,46.98213600327218
47,Czechia,2,Female,1996,35.76040330457309
47,Czechia,3,Both,1996,41.21218764776391
67,Japan,1,Male,1990,50.69191488452947
67,Japan,2,Female,1990,34.38586854936963
67,Japan,3,Both,1990,42.40222754498614
36,Kazakhstan,1,Male,2004,44.454739453969886
36,Kazakhstan,2,Female,2004,30.979690616404792
36,Kazakhstan,3,Both,2004,37.46485467140728
105,Antigua and Barbuda,1,Male,1995,21.02689964690189
105,Antigua and Barbuda,2,Female,1995,13.29206420642553
105,Antigua and Barbuda,3,Both,1995,16.96726901658422
193,Botswana,1,Male,2000,34.83434819879819
193,Botswana,2,Female,2000,28.49720632837754
193,Botswana,3,Both,2000,31.56160410852213
416,Tuvalu,1,Male,1996,43.50824663916884
416,Tuvalu,2,Female,1996,38.33426054092291
416,Tuvalu,3,Both,1996,40.868324870379865
6,China,1,Male,2009,50.69986207878756
6,China,2,Female,2009,32.11047240219465
6,China,3,Both,2009,41.61732429938193
7,Democratic People's Republic of Korea,1,Male,1995,50.77744162430072
7,Democratic People's Republic of Korea,2,Female,1995,38.50891817072095
7,Democratic People's Republic of Korea,3,Both,1995,44.33171769672351
7,Democratic People's Republic of Korea,1,Male,2007,47.68917231838824
7,Democratic People's Republic of Korea,2,Female,2007,31.77212098670348
7,Democratic People's Republic of Korea,3,Both,2007,39.528114602094576
7,Democratic People's Republic of Korea,1,Male,1997,50.85977903482273
7,Democratic People's Republic of Korea,2,Female,1997,37.81481521639181
7,Democratic People's Republic of Korea,3,Both,1997,44.03606886734151
26,Papua New Guinea,1,Male,1999,45.94056383991414
26,Papua New Guinea,2,Female,1999,47.29853284629488
26,Papua New Guinea,3,Both,1999,46.59455411546304
126,Costa Rica,1,Male,2009,23.52174936456138
126,Costa Rica,2,Female,2009,17.62157608273869
126,Costa Rica,3,Both,2009,20.52570852033675
147,Libya,1,Male,2006,47.36761916259586
147,Libya,2,Female,2006,37.06967755868091
147,Libya,3,Both,2006,42.41529021249805
374,Niue,1,Male,1994,35.09689028347183
374,Niue,2,Female,1994,24.73923999573904
374,Niue,3,Both,1994,29.945858494753768
12,Lao People's Democratic Republic,1,Male,2002,46.89759254147372
12,Lao People's Democratic Republic,2,Female,2002,40.72935632720149
12,Lao People's Democratic Republic,3,Both,2002,43.80502103599544
130,Mexico,1,Male,1993,38.42709870140525
130,Mexico,2,Female,1993,36.55759571672546
130,Mexico,3,Both,1993,37.477881505853375
89,Netherlands,1,Male,1996,42.97724351965046
89,Netherlands,2,Female,1996,38.07235848777471
89,Netherlands,3,Both,1996,40.49709013385685
147,Libya,1,Male,2003,46.846706499656335
147,Libya,2,Female,2003,36.57300229695368
147,Libya,3,Both,2003,41.87731364544422
148,Morocco,1,Male,1991,42.02763291442969
148,Morocco,2,Female,1991,34.27066907264052
148,Morocco,3,Both,1991,38.138168098915344
305,Bermuda,1,Male,2010,21.225079931183146
305,Bermuda,2,Female,2010,15.07662547861887
305,Bermuda,3,Both,2010,18.03224462507368
17,Sri Lanka,1,Male,2001,30.8788444706128
17,Sri Lanka,2,Female,2001,23.58656980758896
17,Sri Lanka,3,Both,2001,27.1745921141066
36,Kazakhstan,1,Male,1999,44.84655143700259
36,Kazakhstan,2,Female,1999,31.35709456426259
36,Kazakhstan,3,Both,1999,37.85399264000944
184,Mozambique,1,Male,1992,24.68730738291366
184,Mozambique,2,Female,1992,22.53672276052749
184,Mozambique,3,Both,1992,23.5632598822316
40,Turkmenistan,1,Male,2004,45.51528202495751
40,Turkmenistan,2,Female,2004,33.87630995846963
40,Turkmenistan,3,Both,2004,39.74810435406998
180,Kenya,1,Male,2008,21.83109064004641
180,Kenya,2,Female,2008,18.10328497956177
180,Kenya,3,Both,2008,19.9580594957412
393,Saint Kitts and Nevis,1,Male,2002,20.32972455024908
393,Saint Kitts and Nevis,2,Female,2002,12.9048881509355
393,Saint Kitts and Nevis,3,Both,2002,16.60426323970819
351,Guam,1,Male,1999,37.5017191598692
351,Guam,2,Female,1999,30.79565343610437
351,Guam,3,Both,1999,34.237696289448785
151,Qatar,1,Male,2003,31.0896778349496
151,Qatar,2,Female,2003,21.59455584157242
151,Qatar,3,Both,2003,27.832766904022684
110,Dominica,1,Male,2021,18.56379149147808
110,Dominica,2,Female,2021,11.66949376309914
110,Dominica,3,Both,2021,15.17355587462773
18,Thailand,1,Male,2005,35.718896138232644
18,Thailand,2,Female,2005,23.71143933355269
18,Thailand,3,Both,2005,29.60702496187141
59,Latvia,1,Male,2007,46.08524972074991
59,Latvia,2,Female,2007,26.95531200651046
59,Latvia,3,Both,2007,35.72585458878436
88,Malta,1,Male,1998,44.54774458127699
88,Malta,2,Female,1998,34.07205332803223
88,Malta,3,Both,1998,39.25773641729518
93,Sweden,1,Male,1996,29.43301660342389
93,Sweden,2,Female,1996,28.053719660366223
93,Sweden,3,Both,1996,28.7350093916517
40,Turkmenistan,1,Male,1999,46.96829203446671
40,Turkmenistan,2,Female,1999,35.961522222945504
40,Turkmenistan,3,Both,1999,41.47411235189495
173,Gabon,1,Male,1991,23.29472646323055
173,Gabon,2,Female,1991,18.98186533463642
173,Gabon,3,Both,1991,21.11720903085777
129,Honduras,1,Male,1990,30.904716619038357
129,Honduras,2,Female,1990,27.04747667418153
129,Honduras,3,Both,1990,28.964275347577
139,Algeria,1,Male,1998,41.82391330950337
139,Algeria,2,Female,1998,33.18254171931455
139,Algeria,3,Both,1998,37.55451945123645
152,Saudi Arabia,1,Male,1991,36.1400009028161
152,Saudi Arabia,2,Female,1991,25.4866145636212
152,Saudi Arabia,3,Both,1991,31.45133782211879
98,Chile,1,Male,2001,43.45182583991381
98,Chile,2,Female,2001,41.3779122177729
98,Chile,3,Both,2001,42.40126599669755
27,Samoa,1,Male,2008,43.847697135570094
27,Samoa,2,Female,2008,39.26708708656206
27,Samoa,3,Both,2008,41.63940921627723
179,Ethiopia,1,Male,1991,13.848488091372928
179,Ethiopia,2,Female,1991,11.32734812002457
179,Ethiopia,3,Both,1991,12.592816881102811
422,United States Virgin Islands,1,Male,2002,19.95699090009823
422,United States Virgin Islands,2,Female,2002,13.547588023615988
422,United States Virgin Islands,3,Both,2002,16.61045757024367
351,Guam,1,Male,2005,35.88661031619635
351,Guam,2,Female,2005,27.996017049287968
351,Guam,3,Both,2005,32.01836012275185
44,Bosnia and Herzegovina,1,Male,2004,56.64438267459706
44,Bosnia and Herzegovina,2,Female,2004,43.01388933215572
44,Bosnia and Herzegovina,3,Both,2004,49.70333961292955
374,Niue,1,Male,2007,31.05336560564392
374,Niue,2,Female,2007,21.119665275247048
374,Niue,3,Both,2007,26.10081350366163
157,Yemen,1,Male,1997,46.08117415824773
157,Yemen,2,Female,1997,38.4291148013154
157,Yemen,3,Both,1997,42.3493880741402
75,Austria,1,Male,1998,44.25197263429553
75,Austria,2,Female,1998,34.16977003627997
75,Austria,3,Both,1998,39.04640644300109
205,Côte d'Ivoire,1,Male,2005,28.68143329808997
205,Côte d'Ivoire,2,Female,2005,25.80537822728801
205,Côte d'Ivoire,3,Both,2005,27.28091898739488
46,Croatia,1,Male,1993,52.725622676169415
46,Croatia,2,Female,1993,42.10450103882213
46,Croatia,3,Both,1993,47.25749269150924
393,Saint Kitts and Nevis,1,Male,1994,20.543330495620676
393,Saint Kitts and Nevis,2,Female,1994,12.89949175408848
393,Saint Kitts and Nevis,3,Both,1994,16.66777356734227
184,Mozambique,1,Male,2008,24.71199399000254
184,Mozambique,2,Female,2008,21.99219143829116
184,Mozambique,3,Both,2008,23.30345749651142
133,Venezuela (Bolivarian Republic of),1,Male,1990,36.506879369173575
133,Venezuela (Bolivarian Republic of),2,Female,1990,33.0096642845112
133,Venezuela (Bolivarian Republic of),3,Both,1990,34.752789994169135
143,Iraq,1,Male,1998,50.488353564208175
143,Iraq,2,Female,1998,43.80909344841995
143,Iraq,3,Both,1998,47.27965583300784
135,Brazil,1,Male,2005,34.7582601658686
135,Brazil,2,Female,2005,30.15168088408653
135,Brazil,3,Both,2005,32.42002380155363
44,Bosnia and Herzegovina,1,Male,1999,52.75151717375011
44,Bosnia and Herzegovina,2,Female,1999,39.3833186333037
44,Bosnia and Herzegovina,3,Both,1999,45.90043880195598
209,Guinea-Bissau,1,Male,1997,10.5586693206661
209,Guinea-Bissau,2,Female,1997,7.922410506495391
209,Guinea-Bissau,3,Both,1997,9.20577250076786
39,Tajikistan,1,Male,2005,34.64375595113049
39,Tajikistan,2,Female,2005,25.56256552903131
39,Tajikistan,3,Both,2005,30.13441611866466
178,Eritrea,1,Male,1997,18.39032726687757
178,Eritrea,2,Female,1997,13.33636749995736
178,Eritrea,3,Both,1997,15.871968202881332
178,Eritrea,1,Male,2000,18.33441662364455
178,Eritrea,2,Female,2000,13.09236363262825
178,Eritrea,3,Both,2000,15.722651182321028
218,Togo,1,Male,2004,21.31656085308715
218,Togo,2,Female,2004,17.24673110348874
218,Togo,3,Both,2004,19.23653452905529
155,Turkey,1,Male,2003,56.04267264023864
155,Turkey,2,Female,2003,43.81105209387143
155,Turkey,3,Both,2003,49.99572127375587
51,Poland,1,Male,1996,52.92983739656388
51,Poland,2,Female,1996,41.9929676297905
51,Poland,3,Both,1996,47.30293201536721
130,Mexico,1,Male,2009,22.983628619476228
130,Mexico,2,Female,2009,17.397917981016402
130,Mexico,3,Both,2009,20.12825955707048
48,Hungary,1,Male,2004,48.64570156718999
48,Hungary,2,Female,2004,37.61823680679816
48,Hungary,3,Both,2004,42.858101736796826
374,Niue,1,Male,2010,30.596375303731083
374,Niue,2,Female,2010,20.56193581372417
374,Niue,3,Both,2010,25.5943174236546
189,United Republic of Tanzania,1,Male,1992,33.14775182147838
189,United Republic of Tanzania,2,Female,1992,30.05642133635616
189,United Republic of Tanzania,3,Both,1992,31.56256524618264
114,Haiti,1,Male,2021,13.621063356503427
114,Haiti,2,Female,2021,10.49955613027507
114,Haiti,3,Both,2021,12.02867813762479
136,Paraguay,1,Male,2009,31.6204205369662
136,Paraguay,2,Female,2009,24.49877928748671
136,Paraguay,3,Both,2009,28.09887517071314
151,Qatar,1,Male,1995,32.74292565657807
151,Qatar,2,Female,1995,23.299099553855356
151,Qatar,3,Both,1995,29.52228829238028
207,Ghana,1,Male,2008,11.21396503327747
207,Ghana,2,Female,2008,8.936920962389259
207,Ghana,3,Both,2008,10.05526898043135
189,United Republic of Tanzania,1,Male,2008,26.24265255209276
189,United Republic of Tanzania,2,Female,2008,22.97581099217213
189,United Republic of Tanzania,3,Both,2008,24.572300104294985
48,Hungary,1,Male,1999,51.18044124929789
48,Hungary,2,Female,1999,39.58717872079922
48,Hungary,3,Both,1999,45.1084296294496
169,Central African Republic,1,Male,1994,20.42277193502442
169,Central African Republic,2,Female,1994,17.09400606062974
169,Central African Republic,3,Both,1994,18.73890587584278
149,Palestine,1,Male,2003,50.08228424799172
149,Palestine,2,Female,2003,42.6837023889313
149,Palestine,3,Both,2003,46.44949439384998
164,Nepal,1,Male,2002,49.02613260117305
164,Nepal,2,Female,2002,48.047778022507806
164,Nepal,3,Both,2002,48.53649834586396
37,Kyrgyzstan,1,Male,1998,41.90645779825286
37,Kyrgyzstan,2,Female,1998,32.5294773384552
37,Kyrgyzstan,3,Both,1998,37.149524052548735
198,Zimbabwe,1,Male,2007,28.73418027589517
198,Zimbabwe,2,Female,2007,23.53426642616926
198,Zimbabwe,3,Both,2007,26.050294557187968
190,Uganda,1,Male,1996,20.94661845518673
190,Uganda,2,Female,1996,20.08048096020671
190,Uganda,3,Both,1996,20.50462412394545
25,Micronesia (Federated States of),1,Male,2001,49.48096183951191
25,Micronesia (Federated States of),2,Female,2001,50.38226969219055
25,Micronesia (Federated States of),3,Both,2001,49.92515572421825
197,Eswatini,1,Male,2000,21.36663144110509
197,Eswatini,2,Female,2000,18.143611244783585
197,Eswatini,3,Both,2000,19.67242108551418
58,Estonia,1,Male,2006,47.11846694495807
58,Estonia,2,Female,2006,29.67669373904463
58,Estonia,3,Both,2006,37.78604116537679
119,Trinidad and Tobago,1,Male,1997,31.713729168414623
119,Trinidad and Tobago,2,Female,1997,26.037220554733096
119,Trinidad and Tobago,3,Both,1997,28.88391986395759
82,Greece,1,Male,2003,56.73024410912328
82,Greece,2,Female,2003,41.7438290182499
82,Greece,3,Both,2003,49.18059129223983
209,Guinea-Bissau,1,Male,2005,10.931921023167911
209,Guinea-Bissau,2,Female,2005,8.39110083274554
209,Guinea-Bissau,3,Both,2005,9.62828627792
18,Thailand,1,Male,2002,37.59690830730016
18,Thailand,2,Female,2002,26.925282677655936
18,Thailand,3,Both,2002,32.17945300469936
59,Latvia,1,Male,2010,44.96318128618658
59,Latvia,2,Female,2010,26.389298674183948
59,Latvia,3,Both,2010,34.88935195832439
156,United Arab Emirates,1,Male,1991,34.16970948543031
156,United Arab Emirates,2,Female,1991,30.08263155380444
156,United Arab Emirates,3,Both,1991,32.73944042878356
183,Mauritius,1,Male,1994,38.51124512835285
183,Mauritius,2,Female,1994,34.63372123206146
183,Mauritius,3,Both,1994,36.568751513687744
36,Kazakhstan,1,Male,1990,47.31422491878795
36,Kazakhstan,2,Female,1990,35.67141217615692
36,Kazakhstan,3,Both,1990,41.3138223963769
105,Antigua and Barbuda,1,Male,1992,21.07654721080505
105,Antigua and Barbuda,2,Female,1992,13.279858805592252
105,Antigua and Barbuda,3,Both,1992,17.02224098728259
396,San Marino,1,Male,2001,37.64064025501087
396,San Marino,2,Female,2001,29.1605785251079
396,San Marino,3,Both,2001,33.27123897542324
351,Guam,1,Male,2008,34.64824509252427
351,Guam,2,Female,2008,26.21397897347675
351,Guam,3,Both,2008,30.52799119916676
151,Qatar,1,Male,2006,31.26734336571806
151,Qatar,2,Female,2006,22.13341027536344
151,Qatar,3,Both,2006,28.45751514229437
45,Bulgaria,1,Male,2009,52.83400377886248
45,Bulgaria,2,Female,2009,35.95953000469473
45,Bulgaria,3,Both,2009,44.14379473130078
154,Tunisia,1,Male,2003,51.32495718308638
154,Tunisia,2,Female,2003,40.06300339921333
154,Tunisia,3,Both,2003,45.71330063746409
142,Iran (Islamic Republic of),1,Male,2009,31.208203356967363
142,Iran (Islamic Republic of),2,Female,2009,20.98970499354328
142,Iran (Islamic Republic of),3,Both,2009,26.1672220495046
147,Libya,1,Male,1998,46.59374378199883
147,Libya,2,Female,1998,37.21743715896651
147,Libya,3,Both,1998,42.00095450063376
78,Denmark,1,Male,1992,49.16435067023116
78,Denmark,2,Female,1992,47.150720240569
78,Denmark,3,Both,1992,48.14320224740106
123,Peru,1,Male,2008,16.29305416470737
123,Peru,2,Female,2008,11.72400561772433
123,Peru,3,Both,2008,14.01342877649846
422,United States Virgin Islands,1,Male,1994,21.00359074587294
422,United States Virgin Islands,2,Female,1994,14.522617021725278
422,United States Virgin Islands,3,Both,1994,17.651831106984588
102,United States of America,1,Male,2001,36.4689593561074
102,United States of America,2,Female,2001,31.76667920460512
102,United States of America,3,Both,2001,34.07843179273114
71,Australia,1,Male,2001,34.67327391622449
71,Australia,2,Female,2001,29.17516841407685
71,Australia,3,Both,2001,31.89368868873624
75,Austria,1,Male,2004,44.1993970496533
75,Austria,2,Female,2004,34.11191028905995
75,Austria,3,Both,2004,39.01247321976843
34,Azerbaijan,1,Male,1996,49.72426119138367
34,Azerbaijan,2,Female,1996,34.75444781951049
34,Azerbaijan,3,Both,1996,42.04199838433623
181,Madagascar,1,Male,2010,24.017888174042053
181,Madagascar,2,Female,2010,22.799579645392427
181,Madagascar,3,Both,2010,23.40256544271812
54,Slovakia,1,Male,1995,44.57314834809477
54,Slovakia,2,Female,1995,35.10327060931927
54,Slovakia,3,Both,1995,39.71189812333039
194,Lesotho,1,Male,1996,30.5875678893475
194,Lesotho,2,Female,1996,22.99933523236655
194,Lesotho,3,Both,1996,26.5104708535916
393,Saint Kitts and Nevis,1,Male,2007,19.14289605024648
393,Saint Kitts and Nevis,2,Female,2007,11.8328214334951
393,Saint Kitts and Nevis,3,Both,2007,15.4887003162736
213,Niger,1,Male,1997,17.72253208046952
213,Niger,2,Female,1997,16.376582674739872
213,Niger,3,Both,1997,17.04780249314728
155,Turkey,1,Male,2006,53.753008336444985
155,Turkey,2,Female,2006,40.90081356865383
155,Turkey,3,Both,2006,47.38617244093918
52,Romania,1,Male,1999,46.84979941931125
52,Romania,2,Female,1999,33.431206670964784
52,Romania,3,Both,1999,39.99522297816595
393,Saint Kitts and Nevis,1,Male,2010,18.00693846449337
393,Saint Kitts and Nevis,2,Female,2010,10.86142707754285
393,Saint Kitts and Nevis,3,Both,2010,14.43921684830864
141,Egypt,1,Male,2006,47.0062793989806
141,Egypt,2,Female,2006,35.12435667848473
141,Egypt,3,Both,2006,41.2084402574107
139,Algeria,1,Male,2009,39.39339907775948
139,Algeria,2,Female,2009,29.12322153336636
139,Algeria,3,Both,2009,34.32456101862224
145,Kuwait,1,Male,2000,42.42449788525582
145,Kuwait,2,Female,2000,37.1624601060804
145,Kuwait,3,Both,2000,40.29800477383038
193,Botswana,1,Male,2008,31.912620076137287
193,Botswana,2,Female,2008,25.17743511265159
193,Botswana,3,Both,2008,28.45541969520126
13,Malaysia,1,Male,2004,42.79838020152031
13,Malaysia,2,Female,2004,35.19536432241038
13,Malaysia,3,Both,2004,39.08613487884689
17,Sri Lanka,1,Male,1993,35.50105464893532
17,Sri Lanka,2,Female,1993,31.246827652329262
17,Sri Lanka,3,Both,1993,33.37270241147261
95,United Kingdom,1,Male,2000,39.19635760664692
95,United Kingdom,2,Female,2000,35.41710477667038
95,United Kingdom,3,Both,2000,37.259418204123726
123,Peru,1,Male,1997,20.94748663038968
123,Peru,2,Female,1997,17.326879523709348
123,Peru,3,Both,1997,19.13090955107743
135,Brazil,1,Male,1994,45.85828054655686
135,Brazil,2,Female,1994,42.13109577597784
135,Brazil,3,Both,1994,43.96951730793843
168,Angola,1,Male,2002,16.46339351562238
168,Angola,2,Female,2002,11.83538635558668
168,Angola,3,Both,2002,14.1077873618113
153,Syrian Arab Republic,1,Male,2003,49.93353440349852
153,Syrian Arab Republic,2,Female,2003,44.12351734313365
153,Syrian Arab Republic,3,Both,2003,47.10516689852558
349,Greenland,1,Male,2002,47.81249182297357
349,Greenland,2,Female,2002,53.04038552943844
349,Greenland,3,Both,2002,50.25023049730997
522,Sudan,1,Male,1990,34.085196676421106
522,Sudan,2,Female,1990,25.73105641332305
522,Sudan,3,Both,1990,29.94886330868955
213,Niger,1,Male,2005,16.20170489481044
213,Niger,2,Female,2005,15.018485207660229
213,Niger,3,Both,2005,15.60867751884848
141,Egypt,1,Male,2009,47.00410695667543
141,Egypt,2,Female,2009,35.22200011402904
141,Egypt,3,Both,2009,41.271904547479785
193,Botswana,1,Male,1992,36.172949377154254
193,Botswana,2,Female,1992,30.80308742727169
193,Botswana,3,Both,1992,33.38185549366623
106,Bahamas,1,Male,2001,20.048376677611408
106,Bahamas,2,Female,2001,12.39889565103177
106,Bahamas,3,Both,2001,16.12111658278381
30,Vanuatu,1,Male,1999,32.14760496807202
30,Vanuatu,2,Female,1999,31.95589524094779
30,Vanuatu,3,Both,1999,32.05410893332249
422,United States Virgin Islands,1,Male,2007,18.71976678574054
422,United States Virgin Islands,2,Female,2007,12.35477523283066
422,United States Virgin Islands,3,Both,2007,15.3950304287392
79,Finland,1,Male,1998,34.40913755374178
79,Finland,2,Female,1998,25.90965720760172
79,Finland,3,Both,1998,30.0517131566872
52,Romania,1,Male,2004,45.37571460764307
52,Romania,2,Female,2004,31.34963238005548
52,Romania,3,Both,2004,38.19115737075457
49,North Macedonia,1,Male,2009,57.42015062185229
49,North Macedonia,2,Female,2009,44.506171005147536
49,North Macedonia,3,Both,2009,51.02565169672901
127,El Salvador,1,Male,2008,17.613028433302592
127,El Salvador,2,Female,2008,12.802741505687129
127,El Salvador,3,Both,2008,15.08346625644997
41,Uzbekistan,1,Male,1998,30.20498765450412
41,Uzbekistan,2,Female,1998,22.1753917781557
41,Uzbekistan,3,Both,1998,26.152740994354467
143,Iraq,1,Male,2009,45.69061776622239
143,Iraq,2,Female,2009,36.84548035360119
143,Iraq,3,Both,2009,41.42260697818707
37,Kyrgyzstan,1,Male,1990,45.821695461152416
37,Kyrgyzstan,2,Female,1990,39.06901524386977
37,Kyrgyzstan,3,Both,1990,42.37054395036855
435,South Sudan,1,Male,1996,22.66719003569313
435,South Sudan,2,Female,1996,21.26916756422445
435,South Sudan,3,Both,1996,22.00340315659212
88,Malta,1,Male,2001,42.10010630446121
88,Malta,2,Female,2001,31.28269527302004
88,Malta,3,Both,2001,36.64373087536433
53,Serbia,1,Male,1999,54.05156753097442
53,Serbia,2,Female,1999,43.697519381719744
53,Serbia,3,Both,1999,48.79762882888149
139,Algeria,1,Male,1993,43.03446616653806
139,Algeria,2,Female,1993,35.77715319065128
139,Algeria,3,Both,1993,39.451576218739135
151,Qatar,1,Male,1998,32.09289831937612
151,Qatar,2,Female,1998,22.52679269146561
151,Qatar,3,Both,1998,28.76192725946475
10,Cambodia,1,Male,2000,53.47857267757509
10,Cambodia,2,Female,2000,42.88982505725301
10,Cambodia,3,Both,2000,48.01861434137903
40,Turkmenistan,1,Male,1990,48.61586393770744
40,Turkmenistan,2,Female,1990,39.93129091764072
40,Turkmenistan,3,Both,1990,44.21892648433723
10,Cambodia,1,Male,1997,52.97383953378023
10,Cambodia,2,Female,1997,42.36553305257465
10,Cambodia,3,Both,1997,47.47959894056692
214,Nigeria,1,Male,1993,12.30098221061625
214,Nigeria,2,Female,1993,10.89413533566086
214,Nigeria,3,Both,1993,11.60043882369719
82,Greece,1,Male,1992,61.18471711585241
82,Greece,2,Female,1992,43.155759797895385
82,Greece,3,Both,1992,52.065866369495104
160,Afghanistan,1,Male,1991,21.80622628869156
160,Afghanistan,2,Female,1991,13.076664324184058
160,Afghanistan,3,Both,1991,17.329560860282488
110,Dominica,1,Male,2001,21.09668487859227
110,Dominica,2,Female,2001,13.99505757499865
110,Dominica,3,Both,2001,17.5058988872871
146,Lebanon,1,Male,2006,54.58708996401893
146,Lebanon,2,Female,2006,44.83695836345041
146,Lebanon,3,Both,2006,49.67831178859873
22,Fiji,1,Male,2005,32.18458483698579
22,Fiji,2,Female,2005,27.43995226349199
22,Fiji,3,Both,2005,29.86165471386456
50,Montenegro,1,Male,1993,60.9964821267066
50,Montenegro,2,Female,1993,50.12412206833563
50,Montenegro,3,Both,1993,55.52953229174539
173,Gabon,1,Male,1994,23.35728475879292
173,Gabon,2,Female,1994,19.23969014005247
173,Gabon,3,Both,1994,21.27740627069423
8,Taiwan (Province of China),1,Male,2007,43.7443005313389
8,Taiwan (Province of China),2,Female,2007,26.7310244782674
8,Taiwan (Province of China),3,Both,2007,35.33408752163905
38,Mongolia,1,Male,1996,41.80312889022062
38,Mongolia,2,Female,1996,37.70069026390921
38,Mongolia,3,Both,1996,39.74185194247712
349,Greenland,1,Male,1999,48.60591403671129
349,Greenland,2,Female,1999,53.49920635750362
349,Greenland,3,Both,1999,50.88757809134681
6,China,1,Male,1998,53.298436716795706
6,China,2,Female,1998,40.43525428508874
6,China,3,Both,1998,47.07376985990928
183,Mauritius,1,Male,1991,39.845414413424
183,Mauritius,2,Female,1991,37.0864365170963
183,Mauritius,3,Both,1991,38.4657094574919
161,Bangladesh,1,Male,1997,44.10453251950292
161,Bangladesh,2,Female,1997,40.118783703714726
161,Bangladesh,3,Both,1997,42.17443819266147
185,Rwanda,1,Male,2010,20.800320463504956
185,Rwanda,2,Female,2010,17.12981734329479
185,Rwanda,3,Both,2010,18.90293906732814
57,Belarus,1,Male,1999,47.89583354391438
57,Belarus,2,Female,1999,27.452012085312933
57,Belarus,3,Both,1999,37.06461016954345
422,United States Virgin Islands,1,Male,2010,17.879848812686287
422,United States Virgin Islands,2,Female,2010,11.588387590133491
422,United States Virgin Islands,3,Both,2010,14.60264506594867
155,Turkey,1,Male,1995,59.6241494057401
155,Turkey,2,Female,1995,48.90478779148897
155,Turkey,3,Both,1995,54.3335194577921
118,Suriname,1,Male,2021,30.14674521583489
118,Suriname,2,Female,2021,21.02433593924199
118,Suriname,3,Both,2021,25.525517742998687
114,Haiti,1,Male,2001,17.47705970158904
114,Haiti,2,Female,2001,15.11667159202433
114,Haiti,3,Both,2001,16.262703079087988
190,Uganda,1,Male,2010,18.184836519045188
190,Uganda,2,Female,2010,16.73732177567067
190,Uganda,3,Both,2010,17.44770831693205
187,Somalia,1,Male,1994,24.24213411109458
187,Somalia,2,Female,1994,20.70416265436987
187,Somalia,3,Both,1994,22.5171897691371
217,Sierra Leone,1,Male,2005,34.954412097062246
217,Sierra Leone,2,Female,2005,31.84230396645772
217,Sierra Leone,3,Both,2005,33.36003577343083
68,Republic of Korea,1,Male,1993,52.79141577647331
68,Republic of Korea,2,Female,1993,39.94710242654162
68,Republic of Korea,3,Both,1993,46.40116991089195
351,Guam,1,Male,2002,36.96066318282463
351,Guam,2,Female,2002,29.690946149402954
351,Guam,3,Both,2002,33.39666927918853
84,Ireland,1,Male,2007,36.427183944865774
84,Ireland,2,Female,2007,33.012541519419855
84,Ireland,3,Both,2007,34.719597773098535
92,Spain,1,Male,1998,52.08031255464485
92,Spain,2,Female,1998,35.71635417399829
92,Spain,3,Both,1998,43.7204308157999
18,Thailand,1,Male,2008,34.71211248790203
18,Thailand,2,Female,2008,21.8739729849358
18,Thailand,3,Both,2008,28.16874254786988
19,Timor-Leste,1,Male,1991,48.05396918809116
19,Timor-Leste,2,Female,1991,49.40803255366652
19,Timor-Leste,3,Both,1991,48.70846550395008
201,Burkina Faso,1,Male,2000,23.7534994317988
201,Burkina Faso,2,Female,2000,21.60429784117413
201,Burkina Faso,3,Both,2000,22.64431599156142
86,Italy,1,Male,1992,44.98178110979952
86,Italy,2,Female,1992,35.43641863633308
86,Italy,3,Both,1992,40.065802548087184
53,Serbia,1,Male,2004,54.023507673089846
53,Serbia,2,Female,2004,42.689652888013576
53,Serbia,3,Both,2004,48.22399939070396
58,Estonia,1,Male,1995,47.00762077097738
58,Estonia,2,Female,1995,30.33195383574136
58,Estonia,3,Both,1995,38.05948733626897
202,Cameroon,1,Male,2007,18.769073988763648
202,Cameroon,2,Female,2007,16.13847803707682
202,Cameroon,3,Both,2007,17.44368777752371
29,Tonga,1,Male,2001,45.64462247798356
29,Tonga,2,Female,2001,44.44483059375658
29,Tonga,3,Both,2001,45.05428047524613
62,Russian Federation,1,Male,2006,51.92125965112863
62,Russian Federation,2,Female,2006,30.71164603475006
62,Russian Federation,3,Both,2006,40.56594229481804
99,Uruguay,1,Male,2000,45.85010228276426
99,Uruguay,2,Female,2000,36.30836476115825
99,Uruguay,3,Both,2000,40.93294728696056
108,Belize,1,Male,1992,24.35494973510762
108,Belize,2,Female,1992,21.23852036821804
108,Belize,3,Both,1992,22.81487474466736
217,Sierra Leone,1,Male,1997,35.38416656669382
217,Sierra Leone,2,Female,1997,32.77583049849593
217,Sierra Leone,3,Both,1997,34.03702791745486
14,Maldives,1,Male,1991,51.02682032024904
14,Maldives,2,Female,1991,49.02230432469662
14,Maldives,3,Both,1991,50.0467537535633
118,Suriname,1,Male,2001,39.91653310229592
118,Suriname,2,Female,2001,33.73666834651567
118,Suriname,3,Both,2001,36.84623595408469
98,Chile,1,Male,1996,45.49429060944446
98,Chile,2,Female,1996,43.87075362594256
98,Chile,3,Both,1996,44.671602210277975
17,Sri Lanka,1,Male,2004,28.96649614487752
17,Sri Lanka,2,Female,2004,21.14527002507601
17,Sri Lanka,3,Both,2004,24.97669107120116
320,Cook Islands,1,Male,2004,38.494912620127145
320,Cook Islands,2,Female,2004,32.98332483203661
320,Cook Islands,3,Both,2004,35.81148085913501
45,Bulgaria,1,Male,1998,57.502956110692736
45,Bulgaria,2,Female,1998,40.92254218034655
45,Bulgaria,3,Both,1998,49.01756797038272
86,Italy,1,Male,2003,38.39255803350651
86,Italy,2,Female,2003,29.00921275368828
86,Italy,3,Both,2003,33.55604518205466
205,Côte d'Ivoire,1,Male,2000,29.270837647397716
205,Côte d'Ivoire,2,Female,2000,26.471088334404968
205,Côte d'Ivoire,3,Both,2000,27.90163464486552
44,Bosnia and Herzegovina,1,Male,1990,49.85364480294926
44,Bosnia and Herzegovina,2,Female,1990,38.25916206509523
44,Bosnia and Herzegovina,3,Both,1990,44.05239971450616
54,Slovakia,1,Male,2009,38.524405920755015
54,Slovakia,2,Female,2009,27.52675787589563
54,Slovakia,3,Both,2009,32.87099926737314
57,Belarus,1,Male,2004,46.67822744962889
57,Belarus,2,Female,2004,25.60855680287663
57,Belarus,3,Both,2004,35.4764016293842
25,Micronesia (Federated States of),1,Male,1993,49.68601938020252
25,Micronesia (Federated States of),2,Female,1993,50.48035950916062
25,Micronesia (Federated States of),3,Both,1993,50.07418317418984
197,Eswatini,1,Male,2008,18.198642313055828
197,Eswatini,2,Female,2008,14.866037655415193
197,Eswatini,3,Both,2008,16.45421464747891
218,Togo,1,Male,1993,23.75676597387083
218,Togo,2,Female,1993,19.950643092168
218,Togo,3,Both,1993,21.80680991684779
131,Nicaragua,1,Male,2008,26.938860673985747
131,Nicaragua,2,Female,2008,25.46226727472488
131,Nicaragua,3,Both,2008,26.191226715044607
181,Madagascar,1,Male,1999,30.60245172827648
181,Madagascar,2,Female,1999,30.25952906553965
181,Madagascar,3,Both,1999,30.43001359280711
197,Eswatini,1,Male,1992,22.28517366656353
197,Eswatini,2,Female,1992,19.89371528665595
197,Eswatini,3,Both,1992,21.03060002963974
147,Libya,1,Male,2009,47.78488044680815
147,Libya,2,Female,2009,37.358581145351486
147,Libya,3,Both,2009,42.771323336343
66,Brunei Darussalam,1,Male,2006,35.76538857754903
66,Brunei Darussalam,2,Female,2006,24.72016013705515
66,Brunei Darussalam,3,Both,2006,30.35309147148097
140,Bahrain,1,Male,2005,32.017324026928115
140,Bahrain,2,Female,2005,21.63851781513146
140,Bahrain,3,Both,2005,27.81133240977116
198,Zimbabwe,1,Male,1996,29.30998430383885
198,Zimbabwe,2,Female,1996,23.94103049800994
198,Zimbabwe,3,Both,1996,26.55980236605322
142,Iran (Islamic Republic of),1,Male,1990,33.22632047163287
142,Iran (Islamic Republic of),2,Female,1990,23.43690356370142
142,Iran (Islamic Republic of),3,Both,1990,28.427227019020616
164,Nepal,1,Male,1991,51.83860879739627
164,Nepal,2,Female,1991,50.85036427932891
164,Nepal,3,Both,1991,51.34530300487717
122,Ecuador,1,Male,2001,19.49101714123332
122,Ecuador,2,Female,2001,15.29903624639958
122,Ecuador,3,Both,2001,17.38212731854303
172,Equatorial Guinea,1,Male,2002,34.82817857621452
172,Equatorial Guinea,2,Female,2002,30.228633308415443
172,Equatorial Guinea,3,Both,2002,32.5222580005168
127,El Salvador,1,Male,1997,15.60795855308908
127,El Salvador,2,Female,1997,11.41621219088996
127,El Salvador,3,Both,1997,13.43797231578666
177,Djibouti,1,Male,1994,40.48910872540276
177,Djibouti,2,Female,1994,38.68475119017724
177,Djibouti,3,Both,1994,39.63765225442309
48,Hungary,1,Male,1990,53.44227284581645
48,Hungary,2,Female,1990,41.07452761852116
48,Hungary,3,Both,1990,47.01726229224982
211,Mali,1,Male,2008,25.24466222799046
211,Mali,2,Female,2008,23.86877764162276
211,Mali,3,Both,2008,24.55270448302748
522,Sudan,1,Male,1998,33.507969941011886
522,Sudan,2,Female,1998,25.34080609289179
522,Sudan,3,Both,1998,29.4690568693628
102,United States of America,1,Male,1996,39.46221185948296
102,United States of America,2,Female,1996,34.41299030354833
102,United States of America,3,Both,1996,36.88751387841513
63,Ukraine,1,Male,2007,48.85520775566988
63,Ukraine,2,Female,2007,26.44920925208023
63,Ukraine,3,Both,2007,36.81327936364102
61,Republic of Moldova,1,Male,1999,48.73234464204826
61,Republic of Moldova,2,Female,1999,25.404848606402457
61,Republic of Moldova,3,Both,1999,36.56690567317885
206,Gambia,1,Male,2007,31.52571771669559
206,Gambia,2,Female,2007,27.81380581215841
206,Gambia,3,Both,2007,29.64028442309729
209,Guinea-Bissau,1,Male,2000,10.39788030256255
209,Guinea-Bissau,2,Female,2000,7.83606558779265
209,Guinea-Bissau,3,Both,2000,9.08349207303359
163,India,1,Male,1995,38.43647067623575
163,India,2,Female,1995,32.40732371041063
163,India,3,Both,1995,35.544493206325626
143,Iraq,1,Male,1993,52.19872681294373
143,Iraq,2,Female,1993,45.96598543028414
143,Iraq,3,Both,1993,49.18015283940808
201,Burkina Faso,1,Male,2008,21.599798056546422
201,Burkina Faso,2,Female,2008,19.7641618966078
201,Burkina Faso,3,Both,2008,20.65384691061196
201,Burkina Faso,1,Male,1992,25.325505944464098
201,Burkina Faso,2,Female,1992,22.84343831219746
201,Burkina Faso,3,Both,1992,24.04420000853076
151,Qatar,1,Male,2009,31.72111133470231
151,Qatar,2,Female,2009,23.25939183302178
151,Qatar,3,Both,2009,29.53266558664936
126,Costa Rica,1,Male,2001,28.66817681415824
126,Costa Rica,2,Female,2001,23.599256286308982
126,Costa Rica,3,Both,2001,26.12860369324146
155,Turkey,1,Male,1998,58.77375050949352
155,Turkey,2,Female,1998,47.634395071890815
155,Turkey,3,Both,1998,53.27347290645909
79,Finland,1,Male,2004,32.494444667144165
79,Finland,2,Female,2004,23.6444614917631
79,Finland,3,Both,2004,27.97169515842099
177,Djibouti,1,Male,1991,40.71063394984937
177,Djibouti,2,Female,1991,39.751530023223744
177,Djibouti,3,Both,1991,40.26143154543129
122,Ecuador,1,Male,2021,16.09574226568331
122,Ecuador,2,Female,2021,10.15890327526799
122,Ecuador,3,Both,2021,13.11020644509484
109,Cuba,1,Male,1992,42.79257114764065
109,Cuba,2,Female,1992,35.42042706744863
109,Cuba,3,Both,1992,39.128133006971225
146,Lebanon,1,Male,1990,49.34711246537371
146,Lebanon,2,Female,1990,38.81768913292543
146,Lebanon,3,Both,1990,44.03878257806509
163,India,1,Male,2006,33.82173456391356
163,India,2,Female,2006,27.88894854801393
163,India,3,Both,2006,30.95368363184025
76,Belgium,1,Male,2004,40.31862294375835
76,Belgium,2,Female,2004,31.88395884620275
76,Belgium,3,Both,2004,36.0103464290922
71,Australia,1,Male,1990,40.04099786375847
71,Australia,2,Female,1990,35.23492565325032
71,Australia,3,Both,1990,37.62452359323917
39,Tajikistan,1,Male,2002,35.81460417492144
39,Tajikistan,2,Female,2002,26.619733743883916
39,Tajikistan,3,Both,2002,31.235544767549374
205,Côte d'Ivoire,1,Male,1992,25.76023890086333
205,Côte d'Ivoire,2,Female,1992,23.12385970320166
205,Côte d'Ivoire,3,Both,1992,24.47076815019222
369,Nauru,1,Male,2005,49.89715319714213
369,Nauru,2,Female,2005,49.36368651846927
369,Nauru,3,Both,2005,49.63500556299333
367,Monaco,1,Male,2002,38.36428657387453
367,Monaco,2,Female,2002,28.460462634636656
367,Monaco,3,Both,2002,33.29029201677781
147,Libya,1,Male,1993,47.23127043587495
147,Libya,2,Female,1993,39.06564611262045
147,Libya,3,Both,1993,43.25263405489867
205,Côte d'Ivoire,1,Male,2008,26.69140003516375
205,Côte d'Ivoire,2,Female,2008,23.73084035020809
205,Côte d'Ivoire,3,Both,2008,25.25341792161207
157,Yemen,1,Male,2003,45.82557897365773
157,Yemen,2,Female,2003,37.92628625738133
157,Yemen,3,Both,2003,41.95850023642488
367,Monaco,1,Male,1996,40.29399852436734
367,Monaco,2,Female,1996,29.92580709738731
367,Monaco,3,Both,1996,34.93537726709951
194,Lesotho,1,Male,2010,35.43594951421931
194,Lesotho,2,Female,2010,28.812991081622968
194,Lesotho,3,Both,2010,31.96215129882521
75,Austria,1,Male,2001,44.77199153628238
75,Austria,2,Female,2001,34.6896309674602
75,Austria,3,Both,2001,39.57465055558916
41,Uzbekistan,1,Male,1990,27.05288566010947
41,Uzbekistan,2,Female,1990,18.75337316842266
41,Uzbekistan,3,Both,1990,22.85575249887405
83,Iceland,1,Male,1998,42.62733342199133
83,Iceland,2,Female,1998,33.97862199088371
83,Iceland,3,Both,1998,38.30958803215196
145,Kuwait,1,Male,2006,41.20381691827156
145,Kuwait,2,Female,2006,35.33088487823172
145,Kuwait,3,Both,2006,38.80863018958592
61,Republic of Moldova,1,Male,2004,48.4041198798104
61,Republic of Moldova,2,Female,2004,24.24680242488576
61,Republic of Moldova,3,Both,2004,35.8121534300697
367,Monaco,1,Male,1999,39.36359594540419
367,Monaco,2,Female,1999,29.210904816339227
367,Monaco,3,Both,1999,34.1447031008283
149,Palestine,1,Male,2000,50.66927608805558
149,Palestine,2,Female,2000,43.60527556206177
149,Palestine,3,Both,2000,47.20444700287074
108,Belize,1,Male,1995,23.53202016800669
108,Belize,2,Female,1995,20.011221426323083
108,Belize,3,Both,1995,21.7903468829538
213,Niger,1,Male,2000,17.37244046984665
213,Niger,2,Female,2000,16.235699448529388
213,Niger,3,Both,2000,16.8034820623974
69,Singapore,1,Male,1999,29.62644399822362
69,Singapore,2,Female,1999,19.54159718987809
69,Singapore,3,Both,1999,24.72993487057633
83,Iceland,1,Male,2004,37.81941754152773
83,Iceland,2,Female,2004,29.05373971228484
83,Iceland,3,Both,2004,33.444690976255
34,Azerbaijan,1,Male,1999,50.19602257901808
34,Azerbaijan,2,Female,1999,34.30724012734137
34,Azerbaijan,3,Both,1999,42.06334970743047
112,Grenada,1,Male,1992,22.791801989879986
112,Grenada,2,Female,1992,16.49118509191139
112,Grenada,3,Both,1992,19.59222224578876
163,India,1,Male,2003,35.75044952319259
163,India,2,Female,2003,29.75628416915754
163,India,3,Both,2003,32.86012516624139
209,Guinea-Bissau,1,Male,1992,11.1484279042157
209,Guinea-Bissau,2,Female,1992,8.434345357596081
209,Guinea-Bissau,3,Both,1992,9.75154340983249
209,Guinea-Bissau,1,Male,2008,11.6218234622595
209,Guinea-Bissau,2,Female,2008,9.07349858012197
209,Guinea-Bissau,3,Both,2008,10.31408119438987
150,Oman,1,Male,1990,31.580869470811752
150,Oman,2,Female,1990,25.099452930965622
150,Oman,3,Both,1990,28.91564043225044
130,Mexico,1,Male,2001,29.97641280267702
130,Mexico,2,Female,2001,25.421684775016928
130,Mexico,3,Both,2001,27.64905197022872
106,Bahamas,1,Male,1996,20.60180690846727
106,Bahamas,2,Female,1996,12.88990835532938
106,Bahamas,3,Both,1996,16.657961617337698
217,Sierra Leone,1,Male,2000,35.495666803665735
217,Sierra Leone,2,Female,2000,32.406370092851674
217,Sierra Leone,3,Both,2000,33.89501441462125
7,Democratic People's Republic of Korea,1,Male,2000,50.66149101035218
7,Democratic People's Republic of Korea,2,Female,2000,36.12358614783631
7,Democratic People's Republic of Korea,3,Both,2000,43.10820871144417
7,Democratic People's Republic of Korea,1,Male,2010,46.30762407895111
7,Democratic People's Republic of Korea,2,Female,2010,30.576912144077788
7,Democratic People's Republic of Korea,3,Both,2010,38.28073770535718
154,Tunisia,1,Male,1990,53.69467374230842
154,Tunisia,2,Female,1990,46.473143611858205
154,Tunisia,3,Both,1990,50.13333251917202
213,Niger,1,Male,2008,15.440274993185628
213,Niger,2,Female,2008,14.10344846807019
213,Niger,3,Both,2008,14.76918532673831
213,Niger,1,Male,1992,17.821093937264358
213,Niger,2,Female,1992,15.919790170409373
213,Niger,3,Both,1992,16.86442993895958
155,Turkey,1,Male,2009,51.30592419394007
155,Turkey,2,Female,2009,37.59738386407448
155,Turkey,3,Both,2009,44.49567762934809
110,Dominica,1,Male,1996,22.458353543073866
110,Dominica,2,Female,1996,15.51937228187743
110,Dominica,3,Both,1996,18.9582928960292
69,Singapore,1,Male,2004,28.35132578550017
69,Singapore,2,Female,2004,18.218933994272373
69,Singapore,3,Both,2004,23.33413652033563
90,Norway,1,Male,1992,42.74436729194243
90,Norway,2,Female,1992,39.41670588992854
90,Norway,3,Both,1992,41.06108665204705
46,Croatia,1,Male,1996,50.338930319011446
46,Croatia,2,Female,1996,39.00470057648482
46,Croatia,3,Both,1996,44.48789127757948
49,North Macedonia,1,Male,1998,60.669910223712186
49,North Macedonia,2,Female,1998,48.41180224187017
49,North Macedonia,3,Both,1998,54.55543118108721
22,Fiji,1,Male,2002,33.28730027021784
22,Fiji,2,Female,2002,28.5874857226859
22,Fiji,3,Both,2002,30.98515956268605
55,Slovenia,1,Male,1993,46.12864478368592
55,Slovenia,2,Female,1993,35.26284693323037
55,Slovenia,3,Both,1993,40.54264095464567
67,Japan,1,Male,2007,39.77823107114854
67,Japan,2,Female,2007,23.18462986558044
67,Japan,3,Both,2007,31.28557536555357
161,Bangladesh,1,Male,2003,42.9327370100365
161,Bangladesh,2,Female,2003,38.36644566484461
161,Bangladesh,3,Both,2003,40.70763969961829
380,Palau,1,Male,2002,29.83974611203777
380,Palau,2,Female,2002,23.0753028582602
380,Palau,3,Both,2002,26.812456572619997
87,Luxembourg,1,Male,1998,41.75792155298117
87,Luxembourg,2,Female,1998,35.429134924815884
87,Luxembourg,3,Both,1998,38.54368813553985
26,Papua New Guinea,1,Male,2005,45.29234491710616
26,Papua New Guinea,2,Female,2005,47.05697054375052
26,Papua New Guinea,3,Both,2005,46.14052301850127
79,Finland,1,Male,2001,33.44070012388528
79,Finland,2,Female,2001,24.6232883401987
79,Finland,3,Both,2001,28.92689985133049
145,Kuwait,1,Male,2009,41.09029341622764
145,Kuwait,2,Female,2009,34.26917726791634
145,Kuwait,3,Both,2009,38.22753509725865
63,Ukraine,1,Male,2010,46.35449433523636
63,Ukraine,2,Female,2010,24.481515858909415
63,Ukraine,3,Both,2010,34.59530781779942
215,Sao Tome and Principe,1,Male,2008,8.67511078550093
215,Sao Tome and Principe,2,Female,2008,5.97412673893006
215,Sao Tome and Principe,3,Both,2008,7.3164612118960495
22,Fiji,1,Male,2008,31.30402793180035
22,Fiji,2,Female,2008,26.587144662046992
22,Fiji,3,Both,2008,28.993292334052427
349,Greenland,1,Male,2005,47.1459502374605
349,Greenland,2,Female,2005,52.91048928303802
349,Greenland,3,Both,2005,49.84319465291089
149,Palestine,1,Male,2006,49.27241050086343
149,Palestine,2,Female,2006,41.555343593045926
149,Palestine,3,Both,2006,45.47701330717822
72,New Zealand,1,Male,2010,30.12323348807213
72,New Zealand,2,Female,2010,25.27274656510828
72,New Zealand,3,Both,2010,27.6488163818072
380,Palau,1,Male,1999,30.50440810721392
380,Palau,2,Female,1999,23.58367854091744
380,Palau,3,Both,1999,27.33868916893761
45,Bulgaria,1,Male,1990,60.67611756513942
45,Bulgaria,2,Female,1990,45.51134776511494
45,Bulgaria,3,Both,1990,52.98825673646199
116,Saint Lucia,1,Male,1992,23.11764987094694
116,Saint Lucia,2,Female,1992,18.14991111111934
116,Saint Lucia,3,Both,1992,20.57411017377346
171,Democratic Republic of the Congo,1,Male,1995,22.23672217297398
171,Democratic Republic of the Congo,2,Female,1995,19.94684556559782
171,Democratic Republic of the Congo,3,Both,1995,21.08426617783773
91,Portugal,1,Male,1998,39.101822665822624
91,Portugal,2,Female,1998,25.90737147029222
91,Portugal,3,Both,1998,32.28932856732133
369,Nauru,1,Male,1999,50.49856233204684
369,Nauru,2,Female,1999,49.72413918012204
369,Nauru,3,Both,1999,50.12011113766821
6,China,1,Male,1992,54.55185563367196
6,China,2,Female,1992,46.20048396856828
6,China,3,Both,1992,50.51537037767765
50,Montenegro,1,Male,1996,61.86011093946854
50,Montenegro,2,Female,1996,50.885935290370746
50,Montenegro,3,Both,1996,56.32917068036865
26,Papua New Guinea,1,Male,2002,45.79004747559343
26,Papua New Guinea,2,Female,2002,47.41524856359378
26,Papua New Guinea,3,Both,2002,46.57196460853933
153,Syrian Arab Republic,1,Male,2000,51.11090494266723
153,Syrian Arab Republic,2,Female,2000,46.15318911285385
153,Syrian Arab Republic,3,Both,2000,48.69445727769602
179,Ethiopia,1,Male,2000,12.59474367874407
179,Ethiopia,2,Female,2000,10.05816491520248
179,Ethiopia,3,Both,2000,11.33980964688554
413,Tokelau,1,Male,2002,39.0789627737219
413,Tokelau,2,Female,2002,31.46099391253492
413,Tokelau,3,Both,2002,35.23718909899119
380,Palau,1,Male,1996,31.35399210083364
380,Palau,2,Female,1996,23.65903157479876
380,Palau,3,Both,1996,27.62642738694911
165,Pakistan,1,Male,2003,45.05697379192857
165,Pakistan,2,Female,2003,38.16753379110151
165,Pakistan,3,Both,2003,41.7383398507737
149,Palestine,1,Male,2009,48.23233163457505
149,Palestine,2,Female,2009,40.380814176920346
149,Palestine,3,Both,2009,44.36385967165621
26,Papua New Guinea,1,Male,2008,44.331469050495706
26,Papua New Guinea,2,Female,2008,45.87430738844524
26,Papua New Guinea,3,Both,2008,45.07278543741863
87,Luxembourg,1,Male,2004,39.26484395254179
87,Luxembourg,2,Female,2004,32.81276929917245
87,Luxembourg,3,Both,2004,35.99868011499967
38,Mongolia,1,Male,1999,41.68211538895107
38,Mongolia,2,Female,1999,37.32745812438706
38,Mongolia,3,Both,1999,39.49258624345069
83,Iceland,1,Male,2001,40.27920990520329
83,Iceland,2,Female,2001,31.58602488248109
83,Iceland,3,Both,2001,35.93582017781181
413,Tokelau,1,Male,1999,39.7631314758868
413,Tokelau,2,Female,1999,32.21820584631207
413,Tokelau,3,Both,1999,35.95466091087924
153,Syrian Arab Republic,1,Male,2006,48.74980223372921
153,Syrian Arab Republic,2,Female,2006,42.63944190375887
153,Syrian Arab Republic,3,Both,2006,45.78760913125176
165,Pakistan,1,Male,1997,47.50978300037882
165,Pakistan,2,Female,1997,40.62955535130568
165,Pakistan,3,Both,1997,44.21654065573598
71,Australia,1,Male,2007,32.09200547692469
71,Australia,2,Female,2007,26.47190829592608
71,Australia,3,Both,2007,29.25092111946729
92,Spain,1,Male,2001,50.978489308739896
92,Spain,2,Female,2001,35.96218070520153
92,Spain,3,Both,2001,43.33053705721538
30,Vanuatu,1,Male,2002,31.448093655461413
30,Vanuatu,2,Female,2002,30.20061064489483
30,Vanuatu,3,Both,2002,30.83890581658676
112,Grenada,1,Male,1995,22.94702199550156
112,Grenada,2,Female,1995,16.96094312972368
112,Grenada,3,Both,1995,19.9054248304454
33,Armenia,1,Male,2001,57.62934211882029
33,Armenia,2,Female,2001,35.09775226790689
33,Armenia,3,Both,2001,45.95137500677894
182,Malawi,1,Male,1991,22.19475401138325
182,Malawi,2,Female,1991,18.63207065005796
182,Malawi,3,Both,1991,20.3894089345617
14,Maldives,1,Male,1994,50.53272753983891
14,Maldives,2,Female,1994,47.24479820343965
14,Maldives,3,Both,1994,48.91701238097813
91,Portugal,1,Male,2004,37.95695616051591
91,Portugal,2,Female,2004,25.09183680041215
91,Portugal,3,Both,2004,31.3027074676426
30,Vanuatu,1,Male,2008,29.82635506697164
30,Vanuatu,2,Female,2008,26.57340054990768
30,Vanuatu,3,Both,2008,28.23005714417065
153,Syrian Arab Republic,1,Male,2009,47.461845363520126
153,Syrian Arab Republic,2,Female,2009,41.24618931562621
153,Syrian Arab Republic,3,Both,2009,44.46717579859319
182,Malawi,1,Male,1994,22.73749408679304
182,Malawi,2,Female,1994,19.42970809668421
182,Malawi,3,Both,1994,21.0611405299303
47,Czechia,1,Male,1999,45.53143927302706
47,Czechia,2,Female,1999,34.2952979372195
47,Czechia,3,Both,1999,39.76083632390185
87,Luxembourg,1,Male,2001,40.71783680504275
87,Luxembourg,2,Female,2001,34.50957196711588
87,Luxembourg,3,Both,2001,37.56736334050676
75,Austria,1,Male,2007,42.94985581236174
75,Austria,2,Female,2007,33.095598678763984
75,Austria,3,Both,2007,37.89106898068949
157,Yemen,1,Male,2006,45.649825268347534
157,Yemen,2,Female,2006,37.86867932994314
157,Yemen,3,Both,2006,41.83184156533788
202,Cameroon,1,Male,1996,22.4572867944914
202,Cameroon,2,Female,1996,19.52382363214432
202,Cameroon,3,Both,1996,20.97029501893809
62,Russian Federation,1,Male,1995,50.74550486345476
62,Russian Federation,2,Female,1995,30.078733048585587
62,Russian Federation,3,Both,1995,39.759820738051246
58,Estonia,1,Male,2009,45.25126792336146
58,Estonia,2,Female,2009,27.84318656492107
58,Estonia,3,Both,2009,35.94051758263154
90,Norway,1,Male,2003,37.184251660862685
90,Norway,2,Female,2003,31.099834791220676
90,Norway,3,Both,2003,34.11290324803764
144,Jordan,1,Male,2005,53.819112635596376
144,Jordan,2,Female,2005,46.89605296237176
144,Jordan,3,Both,2005,50.466685368391154
67,Japan,1,Male,2010,36.82829931398472
67,Japan,2,Female,2010,20.47164574265571
67,Japan,3,Both,2010,28.44788964474585
171,Democratic Republic of the Congo,1,Male,2006,20.33023629327608
171,Democratic Republic of the Congo,2,Female,2006,17.551629397798642
171,Democratic Republic of the Congo,3,Both,2006,18.94464384870753
367,Monaco,1,Male,2005,37.2790117302516
367,Monaco,2,Female,2005,27.62022785840243
367,Monaco,3,Both,2005,32.33855408222089
30,Vanuatu,1,Male,2005,30.60119619563112
30,Vanuatu,2,Female,2005,28.289560932809486
30,Vanuatu,3,Both,2005,29.46979262941444
37,Kyrgyzstan,1,Male,2001,42.50684692579858
37,Kyrgyzstan,2,Female,2001,32.19503393696223
37,Kyrgyzstan,3,Both,2001,37.2887055927906
413,Tokelau,1,Male,1996,40.03257803024748
413,Tokelau,2,Female,1996,32.856428720072714
413,Tokelau,3,Both,1996,36.43689226525959
107,Barbados,1,Male,2000,16.91918343225366
107,Barbados,2,Female,2000,10.65080857451992
107,Barbados,3,Both,2000,13.66263495594848
75,Austria,1,Male,1990,41.7074134477857
75,Austria,2,Female,1990,31.683036391549603
75,Austria,3,Both,1990,36.50040925553861
23,Kiribati,1,Male,1991,54.14750126784731
23,Kiribati,2,Female,1991,57.96548832628636
23,Kiribati,3,Both,1991,56.071633093828346
25,Micronesia (Federated States of),1,Male,2004,49.00509587300535
25,Micronesia (Federated States of),2,Female,2004,50.09491720701627
25,Micronesia (Federated States of),3,Both,2004,49.54220230739494
52,Romania,1,Male,1990,48.210638999400565
52,Romania,2,Female,1990,35.474039985135704
52,Romania,3,Both,1990,41.74847989648517
157,Yemen,1,Male,2009,45.47822017861214
157,Yemen,2,Female,2009,37.82867421640553
157,Yemen,3,Both,2009,41.71796368656053
94,Switzerland,1,Male,1992,43.85399617000315
94,Switzerland,2,Female,1992,34.83015368682339
94,Switzerland,3,Both,1992,39.27458225695697
29,Tonga,1,Male,1993,46.63204490746477
29,Tonga,2,Female,1993,44.68258494507761
29,Tonga,3,Both,1993,45.66727259189839
369,Nauru,1,Male,2002,50.5185850642615
369,Nauru,2,Female,2002,49.83388673701162
369,Nauru,3,Both,2002,50.18304078919652
128,Guatemala,1,Male,1992,20.67326678841754
128,Guatemala,2,Female,1992,17.797743983840007
128,Guatemala,3,Both,1992,19.212598373406507
179,Ethiopia,1,Male,1997,12.94031561810394
179,Ethiopia,2,Female,1997,10.33158284353771
179,Ethiopia,3,Both,1997,11.64923082895956
210,Liberia,1,Male,2007,16.619366191128478
210,Liberia,2,Female,2007,13.82198371343302
210,Liberia,3,Both,2007,15.224000439880362
91,Portugal,1,Male,2001,38.75521047096133
91,Portugal,2,Female,2001,25.58832863880956
91,Portugal,3,Both,2001,31.957183865658088
76,Belgium,1,Male,2010,37.57926651507139
76,Belgium,2,Female,2010,29.44610662659233
76,Belgium,3,Both,2010,33.43148723735822
135,Brazil,1,Male,2008,31.75723251455318
135,Brazil,2,Female,2008,26.46442535974816
135,Brazil,3,Both,2008,29.06581725376041
146,Lebanon,1,Male,2009,54.12734346146703
146,Lebanon,2,Female,2009,44.26589879499309
146,Lebanon,3,Both,2009,49.151633726239005
187,Somalia,1,Male,1991,24.5176296824104
187,Somalia,2,Female,1991,21.85605193881815
187,Somalia,3,Both,1991,23.23555138684397
43,Albania,1,Male,2002,48.98580008408492
43,Albania,2,Female,2002,31.17540296110678
43,Albania,3,Both,2002,40.056112669288005
150,Oman,1,Male,2006,26.75758331859369
150,Oman,2,Female,2006,18.16053916824604
150,Oman,3,Both,2006,23.03229231727462
206,Gambia,1,Male,1996,33.9889472154545
206,Gambia,2,Female,1996,33.02113486477342
206,Gambia,3,Both,1996,33.50466300785891
43,Albania,1,Male,2005,48.87222144908558
43,Albania,2,Female,2005,29.733019209406415
43,Albania,3,Both,2005,39.2801805218936
72,New Zealand,1,Male,1993,36.88585605006075
72,New Zealand,2,Female,1993,33.14653205497035
72,New Zealand,3,Both,1993,34.99002152560042
13,Malaysia,1,Male,2007,41.81090663416383
13,Malaysia,2,Female,2007,34.16809497731466
13,Malaysia,3,Both,2007,38.09241780574993
35,Georgia,1,Male,2008,51.84332946221332
35,Georgia,2,Female,2008,29.676865802729967
35,Georgia,3,Both,2008,40.14096307825451
59,Latvia,1,Male,1993,49.93438516181252
59,Latvia,2,Female,1993,32.16602381558671
59,Latvia,3,Both,1993,40.4101080001778
94,Switzerland,1,Male,2003,37.35899732504562
94,Switzerland,2,Female,2003,29.83340527262478
94,Switzerland,3,Both,2003,33.51758648570572
148,Morocco,1,Male,2005,35.71075726668997
148,Morocco,2,Female,2005,26.9495419851899
148,Morocco,3,Both,2005,31.283689512963992
6,China,1,Male,1995,54.46036524114001
6,China,2,Female,1995,44.21439046539617
6,China,3,Both,1995,49.51138938883893
140,Bahrain,1,Male,1994,34.09784734369395
140,Bahrain,2,Female,1994,24.42046493076459
140,Bahrain,3,Both,1994,29.98134661417861
196,South Africa,1,Male,1994,41.36379314604856
196,South Africa,2,Female,1994,37.528943556897
196,South Africa,3,Both,1994,39.38106364480627
49,North Macedonia,1,Male,1990,61.18535490808322
49,North Macedonia,2,Female,1990,50.37967319069379
49,North Macedonia,3,Both,1990,55.811650536652245
157,Yemen,1,Male,2000,46.02370207456208
157,Yemen,2,Female,2000,38.20304779087673
157,Yemen,3,Both,2000,42.20438320442484
385,Puerto Rico,1,Male,1999,18.774997233952
385,Puerto Rico,2,Female,1999,14.06218863686176
385,Puerto Rico,3,Both,1999,16.3355625313013
116,Saint Lucia,1,Male,1995,22.94192702324952
116,Saint Lucia,2,Female,1995,17.91367616921287
116,Saint Lucia,3,Both,1995,20.37221876556333
88,Malta,1,Male,2007,38.40334009683879
88,Malta,2,Female,2007,27.70776522762661
88,Malta,3,Both,2007,33.02011545289421
8,Taiwan (Province of China),1,Male,1999,47.76344584857674
8,Taiwan (Province of China),2,Female,1999,32.724432592605
8,Taiwan (Province of China),3,Both,1999,40.425674745303134
113,Guyana,1,Male,1992,27.72489540230637
113,Guyana,2,Female,1992,23.28002690063403
113,Guyana,3,Both,1992,25.481812551410936
53,Serbia,1,Male,1990,51.72706832339279
53,Serbia,2,Female,1990,42.61279713887467
53,Serbia,3,Both,1990,47.10031739325226
80,France,1,Male,2004,39.0502624809801
80,France,2,Female,2004,30.957896093830463
80,France,3,Both,2004,34.88846747016688
185,Rwanda,1,Male,1999,19.58808904186374
185,Rwanda,2,Female,1999,16.45068146543244
185,Rwanda,3,Both,1999,17.94185986330902
51,Poland,1,Male,1999,49.38328874206411
51,Poland,2,Female,1999,39.10853663868149
51,Poland,3,Both,1999,44.09084018607245
162,Bhutan,1,Male,2003,21.9522184642738
162,Bhutan,2,Female,2003,16.42222733734491
162,Bhutan,3,Both,2003,19.33288155755665
176,Comoros,1,Male,2002,29.46900859114799
176,Comoros,2,Female,2002,24.849168925566502
176,Comoros,3,Both,2002,27.14162197837668
74,Andorra,1,Male,2006,39.86894937606853
74,Andorra,2,Female,2006,31.98635087675902
74,Andorra,3,Both,2006,36.11052444801648
376,Northern Mariana Islands,1,Male,2004,38.47297866211365
376,Northern Mariana Islands,2,Female,2004,34.97391643967643
376,Northern Mariana Islands,3,Both,2004,36.73431831721557
214,Nigeria,1,Male,2007,10.993485346640233
214,Nigeria,2,Female,2007,9.110360171894689
214,Nigeria,3,Both,2007,10.05786186358392
27,Samoa,1,Male,1991,45.066571583334905
27,Samoa,2,Female,1991,40.37136092786984
27,Samoa,3,Both,1991,42.831399027706816
186,Seychelles,1,Male,1994,41.74727380117465
186,Seychelles,2,Female,1994,31.502215899807616
186,Seychelles,3,Both,1994,36.615943306187695
33,Armenia,1,Male,1993,59.19943265758012
33,Armenia,2,Female,1993,39.45421730213166
33,Armenia,3,Both,1993,49.09086093724553
97,Argentina,1,Male,1998,43.3646768947212
97,Argentina,2,Female,1998,37.98454612713698
97,Argentina,3,Both,1998,40.60924279180999
71,Australia,1,Male,2010,30.580961283261388
71,Australia,2,Female,2010,24.87810730450146
71,Australia,3,Both,2010,27.699986675864903
131,Nicaragua,1,Male,1997,30.57381657173478
131,Nicaragua,2,Female,1997,28.706108302292733
131,Nicaragua,3,Both,1997,29.62677647771178
79,Finland,1,Male,1990,37.563328483959566
79,Finland,2,Female,1990,30.11785328740463
79,Finland,3,Both,1990,33.72912196162789
16,Philippines,1,Male,1991,51.76637075848218
16,Philippines,2,Female,1991,47.47422765229049
16,Philippines,3,Both,1991,49.63759802594669
186,Seychelles,1,Male,1991,42.08095751461175
186,Seychelles,2,Female,1991,32.5610099763161
186,Seychelles,3,Both,1991,37.31574134698571
150,Oman,1,Male,2009,26.74541022652336
150,Oman,2,Female,2009,17.79930376817881
150,Oman,3,Both,2009,22.96508571487231
114,Haiti,1,Male,1996,19.32696717818047
114,Haiti,2,Female,1996,17.19661182499653
114,Haiti,3,Both,1996,18.23136695233755
183,Mauritius,1,Male,1997,36.765204890222144
183,Mauritius,2,Female,1997,31.6273227608097
183,Mauritius,3,Both,1997,34.18319571652575
183,Mauritius,1,Male,2000,34.91615519629471
183,Mauritius,2,Female,2000,28.66144229482059
183,Mauritius,3,Both,2000,31.76377507146716
109,Cuba,1,Male,1995,42.78968757086742
109,Cuba,2,Female,1995,35.05244864188227
109,Cuba,3,Both,1995,38.93972881241738
47,Czechia,1,Male,2002,44.10541016462158
47,Czechia,2,Female,2002,32.620371437531496
47,Czechia,3,Both,2002,38.216753838833526
66,Brunei Darussalam,1,Male,1995,42.96871768764752
66,Brunei Darussalam,2,Female,1995,36.38291730562095
66,Brunei Darussalam,3,Both,1995,39.80531041861081
29,Tonga,1,Male,2004,44.86809745889483
29,Tonga,2,Female,2004,43.53844501267306
29,Tonga,3,Both,2004,44.21383287159609
60,Lithuania,1,Male,1996,43.30703062588921
60,Lithuania,2,Female,1996,26.30032707777248
60,Lithuania,3,Both,1996,34.28272245222438
200,Benin,1,Male,1994,19.31145022469743
200,Benin,2,Female,1994,16.97342512134789
200,Benin,3,Both,1994,18.11439796385148
369,Nauru,1,Male,2008,48.58236039049648
369,Nauru,2,Female,2008,47.81184853410904
369,Nauru,3,Both,2008,48.2027610697192
161,Bangladesh,1,Male,2006,42.15385392848111
161,Bangladesh,2,Female,2006,36.94800469335653
161,Bangladesh,3,Both,2006,39.59622706290273
154,Tunisia,1,Male,2006,49.91291674645148
154,Tunisia,2,Female,2006,37.86054088971329
154,Tunisia,3,Both,2006,43.88916445883135
210,Liberia,1,Male,1996,17.20991567841206
210,Liberia,2,Female,1996,13.91614598533491
210,Liberia,3,Both,1996,15.53055144272211
416,Tuvalu,1,Male,1999,43.29798936064568
416,Tuvalu,2,Female,1999,38.25756694895196
416,Tuvalu,3,Both,1999,40.74546212401253
152,Saudi Arabia,1,Male,2005,35.718613538784346
152,Saudi Arabia,2,Female,2005,26.04063889140123
152,Saudi Arabia,3,Both,2005,31.43392244768896
111,Dominican Republic,1,Male,2000,25.05270576929588
111,Dominican Republic,2,Female,2000,22.13483988527091
111,Dominican Republic,3,Both,2000,23.58101338827973
92,Spain,1,Male,2007,48.8000749677112
92,Spain,2,Female,2007,37.16673429355736
92,Spain,3,Both,2007,42.91926446054512
95,United Kingdom,1,Male,1992,44.53722384970648
95,United Kingdom,2,Female,1992,39.060121734196215
95,United Kingdom,3,Both,1992,41.72119264150142
80,France,1,Male,2010,37.24128064884824
80,France,2,Female,2010,30.02712498398702
80,France,3,Both,2010,33.52840707377509
169,Central African Republic,1,Male,1997,19.50872727381977
169,Central African Republic,2,Female,1997,15.972597127344471
169,Central African Republic,3,Both,1997,17.72403158779829
39,Tajikistan,1,Male,2008,33.28408085012607
39,Tajikistan,2,Female,2008,24.50276322803248
39,Tajikistan,3,Both,2008,28.93246243008537
76,Belgium,1,Male,1993,45.38905953668328
76,Belgium,2,Female,1993,36.65607666533322
76,Belgium,3,Both,1993,40.9340905474475
187,Somalia,1,Male,1997,24.221610928567568
187,Somalia,2,Female,1997,20.340019746552095
187,Somalia,3,Both,1997,22.32969403909536
97,Argentina,1,Male,2001,42.77675431432096
97,Argentina,2,Female,2001,37.381660899360455
97,Argentina,3,Both,2001,40.01316495737865
187,Somalia,1,Male,2000,24.13730667286218
187,Somalia,2,Female,2000,20.23479070194383
187,Somalia,3,Both,2000,22.23755592731788
385,Puerto Rico,1,Male,2002,18.31192454003227
385,Puerto Rico,2,Female,2002,13.47737832548698
385,Puerto Rico,3,Both,2002,15.8053654496353
78,Denmark,1,Male,2006,39.255921953576575
78,Denmark,2,Female,2006,33.30497457960357
78,Denmark,3,Both,2006,36.249292319881086
196,South Africa,1,Male,1991,43.6294490837067
196,South Africa,2,Female,1991,41.55569392570317
196,South Africa,3,Both,1991,42.56053196926364
396,San Marino,1,Male,2004,36.01753619067003
396,San Marino,2,Female,2004,27.46632985226441
396,San Marino,3,Both,2004,31.605747161331937
41,Uzbekistan,1,Male,2001,32.15883408548887
41,Uzbekistan,2,Female,2001,23.82626979449419
41,Uzbekistan,3,Both,2001,27.95648992217722
84,Ireland,1,Male,2004,38.9235753516964
84,Ireland,2,Female,2004,34.901228957708355
84,Ireland,3,Both,2004,36.90987592380176
144,Jordan,1,Male,1994,56.00771242325544
144,Jordan,2,Female,1994,51.41482826497318
144,Jordan,3,Both,1994,53.81501085888619
62,Russian Federation,1,Male,2009,51.08897474711539
62,Russian Federation,2,Female,2009,29.77379324640117
62,Russian Federation,3,Both,2009,39.66131504783189
385,Puerto Rico,1,Male,2005,17.90826896471536
385,Puerto Rico,2,Female,2005,12.99062367872267
385,Puerto Rico,3,Both,2005,15.35506151343318
218,Togo,1,Male,2007,20.25962442151026
218,Togo,2,Female,2007,16.31438743511235
218,Togo,3,Both,2007,18.24424174163939
17,Sri Lanka,1,Male,2007,27.58183860182276
17,Sri Lanka,2,Female,2007,19.45664728271365
17,Sri Lanka,3,Both,2007,23.42093405714591
37,Kyrgyzstan,1,Male,1993,43.57064307555121
37,Kyrgyzstan,2,Female,1993,35.81241437102805
37,Kyrgyzstan,3,Both,1993,39.61497675670574
320,Cook Islands,1,Male,1993,41.20775105556101
320,Cook Islands,2,Female,1993,36.33549788175206
320,Cook Islands,3,Both,1993,38.86114291562126
140,Bahrain,1,Male,2008,31.614848551110796
140,Bahrain,2,Female,2008,21.63787133585419
140,Bahrain,3,Both,2008,27.74796241668126
33,Armenia,1,Male,2004,56.95130000603152
33,Armenia,2,Female,2004,34.20413037052995
33,Armenia,3,Both,2004,45.13292414356594
51,Poland,1,Male,2002,46.254915729157
51,Poland,2,Female,2002,36.58370693427925
51,Poland,3,Both,2002,41.26869849860892
154,Tunisia,1,Male,2009,48.39955169789543
154,Tunisia,2,Female,2009,35.439238520558
154,Tunisia,3,Both,2009,41.90770714997513
95,United Kingdom,1,Male,2003,37.10504438712461
95,United Kingdom,2,Female,2003,33.44604514009925
95,United Kingdom,3,Both,2003,35.23420605246092
57,Belarus,1,Male,1990,50.52012467009791
57,Belarus,2,Female,1990,31.48816095484703
57,Belarus,3,Both,1990,40.41818340093026
84,Ireland,1,Male,2010,34.00739151784631
84,Ireland,2,Female,2010,30.9451665490116
84,Ireland,3,Both,2010,32.46765359439892
79,Finland,1,Male,2007,31.491454072255248
79,Finland,2,Female,2007,22.646452136371988
79,Finland,3,Both,2007,26.97787175664457
83,Iceland,1,Male,1990,47.37780690155209
83,Iceland,2,Female,1990,38.82420841020055
83,Iceland,3,Both,1990,43.11836440059937
385,Puerto Rico,1,Male,2008,17.53755663734493
385,Puerto Rico,2,Female,2008,12.544412199256447
385,Puerto Rico,3,Both,2008,14.94145620535649
190,Uganda,1,Male,1999,21.95478036638158
190,Uganda,2,Female,1999,21.326871635428297
190,Uganda,3,Both,1999,21.63387124923209
217,Sierra Leone,1,Male,1992,34.89077758331649
217,Sierra Leone,2,Female,1992,33.0719301553371
217,Sierra Leone,3,Both,1992,33.96067652088532
169,Central African Republic,1,Male,2003,17.08657840750142
169,Central African Republic,2,Female,2003,13.454368384337489
169,Central African Republic,3,Both,2003,15.26093786410896
113,Guyana,1,Male,1995,27.13517521106914
113,Guyana,2,Female,1995,22.62676032464061
113,Guyana,3,Both,1995,24.86623009555117
117,Saint Vincent and the Grenadines,1,Male,1992,23.81665224551677
117,Saint Vincent and the Grenadines,2,Female,1992,19.86580109458304
117,Saint Vincent and the Grenadines,3,Both,1992,21.84394105898
80,France,1,Male,1993,42.19950036045112
80,France,2,Female,1993,32.6886029787619
80,France,3,Both,1993,37.32199491614933
148,Morocco,1,Male,1994,41.043733745138375
148,Morocco,2,Female,1994,32.819877166276726
148,Morocco,3,Both,1994,36.91081982683294
54,Slovakia,1,Male,1998,42.86849079612221
54,Slovakia,2,Female,1998,33.27690143423525
54,Slovakia,3,Both,1998,37.9391491580044
168,Angola,1,Male,1991,17.72248999770822
168,Angola,2,Female,1991,13.818274693784067
168,Angola,3,Both,1991,15.78208557616683
47,Czechia,1,Male,2005,42.9692700601432
47,Czechia,2,Female,2005,31.21695005593511
47,Czechia,3,Both,2005,36.95492951477345
135,Brazil,1,Male,1997,43.06972325223213
135,Brazil,2,Female,1997,39.38023251325763
135,Brazil,3,Both,1997,41.19914421516888
115,Jamaica,1,Male,2000,30.19294153797052
115,Jamaica,2,Female,2000,23.989585504756448
115,Jamaica,3,Both,2000,27.04286083714617
99,Uruguay,1,Male,1992,45.25110763004826
99,Uruguay,2,Female,1992,34.98893248212198
99,Uruguay,3,Both,1992,39.97411951507008
75,Austria,1,Male,2010,41.57314723396965
75,Austria,2,Female,2010,32.25204757152097
75,Austria,3,Both,2010,36.79147056041486
37,Kyrgyzstan,1,Male,2004,44.599012803928
37,Kyrgyzstan,2,Female,2004,33.02186749479384
37,Kyrgyzstan,3,Both,2004,38.746002802631466
8,Taiwan (Province of China),1,Male,2010,42.13881925978919
8,Taiwan (Province of China),2,Female,2010,24.1809445166813
8,Taiwan (Province of China),3,Both,2010,33.20514717002906
380,Palau,1,Male,2005,29.16165717956476
380,Palau,2,Female,2005,21.86626354572534
380,Palau,3,Both,2005,25.831074254111908
165,Pakistan,1,Male,2006,42.83162785856036
165,Pakistan,2,Female,2006,35.80155336997467
165,Pakistan,3,Both,2006,39.43497046727252
82,Greece,1,Male,2006,55.40195852041416
82,Greece,2,Female,2006,41.56938716147893
82,Greece,3,Both,2006,48.42192076099221
191,Zambia,1,Male,1994,27.76334174107027
191,Zambia,2,Female,1994,26.047731492790472
191,Zambia,3,Both,1994,26.89171255082845
161,Bangladesh,1,Male,2000,43.51722601688689
161,Bangladesh,2,Female,2000,39.26094622238334
161,Bangladesh,3,Both,2000,41.45362543318299
46,Croatia,1,Male,1999,48.95118209015168
46,Croatia,2,Female,1999,37.11832032636328
46,Croatia,3,Both,1999,42.8274423289136
54,Slovakia,1,Male,1990,47.09276958375547
54,Slovakia,2,Female,1990,38.12537401953005
54,Slovakia,3,Both,1990,42.5052077098952
34,Azerbaijan,1,Male,2005,50.86722205844614
34,Azerbaijan,2,Female,2005,34.34171084185888
34,Azerbaijan,3,Both,2005,42.48043512585101
34,Azerbaijan,1,Male,2008,50.94134987715663
34,Azerbaijan,2,Female,2008,34.9328696356168
34,Azerbaijan,3,Both,2008,42.850920441717335
156,United Arab Emirates,1,Male,2005,34.07043814160981
156,United Arab Emirates,2,Female,2005,30.9764738478661
156,United Arab Emirates,3,Both,2005,33.09214470328079
181,Madagascar,1,Male,2002,28.17685119350009
181,Madagascar,2,Female,2002,27.167460313377763
181,Madagascar,3,Both,2002,27.66868782653653
214,Nigeria,1,Male,1996,12.15659001884714
214,Nigeria,2,Female,1996,10.626447986306667
214,Nigeria,3,Both,1996,11.398233606682789
45,Bulgaria,1,Male,2001,56.440632327340445
45,Bulgaria,2,Female,2001,39.51796617380574
45,Bulgaria,3,Both,2001,47.75838360317067
128,Guatemala,1,Male,1995,20.63470761417377
128,Guatemala,2,Female,1995,17.842893110415687
128,Guatemala,3,Both,1995,19.21429912164707
191,Zambia,1,Male,1991,28.28404880244284
191,Zambia,2,Female,1991,26.47581222121581
191,Zambia,3,Both,1991,27.36459084028806
175,Burundi,1,Male,1995,18.52723668773286
175,Burundi,2,Female,1995,17.13131812401123
175,Burundi,3,Both,1995,17.80983428142387
34,Azerbaijan,1,Male,2002,50.51541217815543
34,Azerbaijan,2,Female,2002,33.87273054519168
34,Azerbaijan,3,Both,2002,42.03192897165063
55,Slovenia,1,Male,1996,44.45015336751605
55,Slovenia,2,Female,1996,33.12859253575647
55,Slovenia,3,Both,1996,38.63774350483032
74,Andorra,1,Male,1995,44.45984210325122
74,Andorra,2,Female,1995,37.08517818373553
74,Andorra,3,Both,1995,40.97071110522158
41,Uzbekistan,1,Male,1993,27.49517096949336
41,Uzbekistan,2,Female,1993,19.04927844675461
41,Uzbekistan,3,Both,1993,23.22712841780763
161,Bangladesh,1,Male,2009,41.69108626366301
161,Bangladesh,2,Female,2009,35.74422545680066
161,Bangladesh,3,Both,2009,38.74178650734763
144,Jordan,1,Male,2008,53.41586985201015
144,Jordan,2,Female,2008,46.92027727578058
144,Jordan,3,Both,2008,50.31213708031677
119,Trinidad and Tobago,1,Male,2000,31.061719259446168
119,Trinidad and Tobago,2,Female,2000,25.209207842719376
119,Trinidad and Tobago,3,Both,2000,28.1472468813789
152,Saudi Arabia,1,Male,1994,36.18380436823498
152,Saudi Arabia,2,Female,1994,25.81071192711824
152,Saudi Arabia,3,Both,1994,31.61663900267129
195,Namibia,1,Male,1994,36.54478382727359
195,Namibia,2,Female,1994,34.208371982375056
195,Namibia,3,Both,1994,35.34687972644685
376,Northern Mariana Islands,1,Male,1993,39.34510712466695
376,Northern Mariana Islands,2,Female,1993,38.88174379824837
376,Northern Mariana Islands,3,Both,1993,39.12044247095151
78,Denmark,1,Male,1995,47.53412451112856
78,Denmark,2,Female,1995,45.55901510755563
78,Denmark,3,Both,1995,46.53320594959027
63,Ukraine,1,Male,1993,52.26455483507668
63,Ukraine,2,Female,1993,29.85440209421809
63,Ukraine,3,Both,1993,40.25798320848556
50,Montenegro,1,Male,1999,63.002628062430176
50,Montenegro,2,Female,1999,52.08631071204477
50,Montenegro,3,Both,1999,57.48622810261932
194,Lesotho,1,Male,1999,30.57158239546769
194,Lesotho,2,Female,1999,22.84472719769069
194,Lesotho,3,Both,1999,26.43550958367573
38,Mongolia,1,Male,2008,41.07286472388045
38,Mongolia,2,Female,2008,34.46491969713208
38,Mongolia,3,Both,2008,37.75247169715962
160,Afghanistan,1,Male,2005,24.4028315462163
160,Afghanistan,2,Female,2005,18.53795739427913
160,Afghanistan,3,Both,2005,21.50620797477115
165,Pakistan,1,Male,2000,46.495497509534125
165,Pakistan,2,Female,2000,39.635156671217246
165,Pakistan,3,Both,2000,43.20163439349
41,Uzbekistan,1,Male,2004,33.71005019856417
41,Uzbekistan,2,Female,2004,24.76532587832812
41,Uzbekistan,3,Both,2004,29.2016141408539
38,Mongolia,1,Male,2002,41.33310485635962
38,Mongolia,2,Female,2002,36.12718222246142
38,Mongolia,3,Both,2002,38.71778509346509
59,Latvia,1,Male,1996,48.81605252509454
59,Latvia,2,Female,1996,30.24253853989839
59,Latvia,3,Both,1996,38.81838949774766
162,Bhutan,1,Male,1990,25.96257584630804
162,Bhutan,2,Female,1990,20.11871014229531
162,Bhutan,3,Both,1990,23.21030643430377
61,Republic of Moldova,1,Male,1990,48.58931449110278
61,Republic of Moldova,2,Female,1990,27.376994704002534
61,Republic of Moldova,3,Both,1990,37.49929587749283
198,Zimbabwe,1,Male,2010,28.14431094458464
198,Zimbabwe,2,Female,2010,22.772531885627615
198,Zimbabwe,3,Both,2010,25.36882745342868
126,Costa Rica,1,Male,2021,20.4866639558108
126,Costa Rica,2,Female,2021,13.083628515391649
126,Costa Rica,3,Both,2021,16.65826611518267
66,Brunei Darussalam,1,Male,2009,34.60822423144918
66,Brunei Darussalam,2,Female,2009,23.23865391031608
66,Brunei Darussalam,3,Both,2009,29.08442591041305
99,Uruguay,1,Male,2003,44.6307977752321
99,Uruguay,2,Female,2003,35.34645418673496
99,Uruguay,3,Both,2003,39.84145886421676
151,Qatar,1,Male,1993,33.149670093644005
151,Qatar,2,Female,1993,23.99477244204043
151,Qatar,3,Both,1993,30.064472706070973
185,Rwanda,1,Male,2002,19.65138867782174
185,Rwanda,2,Female,2002,16.33297758249429
185,Rwanda,3,Both,2002,17.9217610249507
132,Panama,1,Male,1992,23.67751346908176
132,Panama,2,Female,1992,19.5059870364559
132,Panama,3,Both,1992,21.61820996299178
218,Togo,1,Male,1996,23.36066805931652
218,Togo,2,Female,1996,19.23889077492802
218,Togo,3,Both,1996,21.24954653347563
172,Equatorial Guinea,1,Male,1991,34.64340449504678
172,Equatorial Guinea,2,Female,1991,31.7571240809234
172,Equatorial Guinea,3,Both,1991,33.14772172988287
435,South Sudan,1,Male,1999,22.25868557104523
435,South Sudan,2,Female,1999,20.46483834672275
435,South Sudan,3,Both,1999,21.40268366489104
171,Democratic Republic of the Congo,1,Male,2003,20.91734303799116
171,Democratic Republic of the Congo,2,Female,2003,17.96744947347025
171,Democratic Republic of the Congo,3,Both,2003,19.44230182170649
45,Bulgaria,1,Male,1993,59.461251535587735
45,Bulgaria,2,Female,1993,43.64029371956741
45,Bulgaria,3,Both,1993,51.40841744339709
217,Sierra Leone,1,Male,2008,33.67563605268527
217,Sierra Leone,2,Female,2008,30.69985064652936
217,Sierra Leone,3,Both,2008,32.15470002193977
175,Burundi,1,Male,2006,15.05345652661665
175,Burundi,2,Female,2006,12.626007747697551
175,Burundi,3,Both,2006,13.818162041999122
86,Italy,1,Male,2006,36.53004766388839
86,Italy,2,Female,2006,27.994850498566088
86,Italy,3,Both,2006,32.13872241766174
58,Estonia,1,Male,1998,47.06826277131681
58,Estonia,2,Female,1998,29.95955631118004
58,Estonia,3,Both,1998,37.88027270721973
20,Viet Nam,1,Male,1991,51.97496555757436
20,Viet Nam,2,Female,1991,46.98459643713156
20,Viet Nam,3,Both,1991,49.41038238538378
163,India,1,Male,1998,37.41694969681913
163,India,2,Female,1998,31.273904497921816
163,India,3,Both,1998,34.46592513854536
77,Cyprus,1,Male,1999,51.07348737080451
77,Cyprus,2,Female,1999,38.77731955198816
77,Cyprus,3,Both,1999,44.96050276950965
118,Suriname,1,Male,1996,40.62910869213295
118,Suriname,2,Female,1996,34.83279446398323
118,Suriname,3,Both,1996,37.7410997438763
155,Turkey,1,Male,1993,59.87394373596487
155,Turkey,2,Female,1993,49.66155584007172
155,Turkey,3,Both,1993,54.8347188095709
117,Saint Vincent and the Grenadines,1,Male,1995,23.36343412535309
117,Saint Vincent and the Grenadines,2,Female,1995,18.979558342251774
117,Saint Vincent and the Grenadines,3,Both,1995,21.18461994460899
101,Canada,1,Male,1998,40.69974749199728
101,Canada,2,Female,1998,37.068960005163895
101,Canada,3,Both,1998,38.853114103278905
305,Bermuda,1,Male,2005,21.7827356010972
305,Bermuda,2,Female,2005,15.713267090446353
305,Bermuda,3,Both,2005,18.63246589960419
88,Malta,1,Male,2010,37.40626265534403
88,Malta,2,Female,2010,27.17679535498797
88,Malta,3,Both,2010,32.26584225399573
43,Albania,1,Male,2008,49.71883810881116
43,Albania,2,Female,2008,29.60666464937295
43,Albania,3,Both,2008,39.66483648423466
305,Bermuda,1,Male,1997,22.01240082587051
305,Bermuda,2,Female,1997,16.1405302146087
305,Bermuda,3,Both,1997,18.9769854603104
139,Algeria,1,Male,2001,41.048583507756106
139,Algeria,2,Female,2001,31.73198074446272
139,Algeria,3,Both,2001,36.44505566705696
24,Marshall Islands,1,Male,1991,40.83447492714275
24,Marshall Islands,2,Female,1991,37.30429731727199
24,Marshall Islands,3,Both,1991,39.112876553377305
413,Tokelau,1,Male,2005,37.84680042934086
413,Tokelau,2,Female,2005,29.82732801893675
413,Tokelau,3,Both,2005,33.91003373326102
88,Malta,1,Male,2004,39.75901724742922
88,Malta,2,Female,2004,28.93227499168964
88,Malta,3,Both,2004,34.30371599271707
58,Estonia,1,Male,1990,48.26866484258855
58,Estonia,2,Female,1990,32.659082022858286
58,Estonia,3,Both,1990,39.95875956139832
416,Tuvalu,1,Male,2005,42.34286432258379
416,Tuvalu,2,Female,2005,38.33146169101076
416,Tuvalu,3,Both,2005,40.34532610638305
121,Bolivia (Plurinational State of),1,Male,1995,21.0174228836873
121,Bolivia (Plurinational State of),2,Female,1995,18.34586115841457
121,Bolivia (Plurinational State of),3,Both,1995,19.670260906470546
77,Cyprus,1,Male,2004,50.372499275108304
77,Cyprus,2,Female,2004,37.870093658570056
77,Cyprus,3,Both,2004,44.13047804523018
60,Lithuania,1,Male,1999,42.74520781885351
60,Lithuania,2,Female,1999,25.35324250119943
60,Lithuania,3,Both,1999,33.49496122552128
173,Gabon,1,Male,2003,23.38327016132894
173,Gabon,2,Female,2003,20.13104626887825
173,Gabon,3,Both,2003,21.73098844181252
79,Finland,1,Male,2010,30.311075621128893
79,Finland,2,Female,2010,21.54694242983391
79,Finland,3,Both,2010,25.846375489707828
202,Cameroon,1,Male,2010,17.4783884551989
202,Cameroon,2,Female,2010,14.780435728224962
202,Cameroon,3,Both,2010,16.121646198966978
396,San Marino,1,Male,1993,41.64784595372803
396,San Marino,2,Female,1993,33.5020590844395
396,San Marino,3,Both,1993,37.492824866691535
416,Tuvalu,1,Male,2002,42.90389292791032
416,Tuvalu,2,Female,2002,38.30639928965674
416,Tuvalu,3,Both,2002,40.59406401572532
204,Chad,1,Male,1994,22.61153923491516
204,Chad,2,Female,1994,20.07372274083405
204,Chad,3,Both,1994,21.30836949523931
87,Luxembourg,1,Male,1990,44.23660783552416
87,Luxembourg,2,Female,1990,36.50230167126375
87,Luxembourg,3,Both,1990,40.29178137278444
180,Kenya,1,Male,1995,29.181258994622976
180,Kenya,2,Female,1995,25.801211674798267
180,Kenya,3,Both,1995,27.47750008800512
305,Bermuda,1,Male,2000,21.95587829118324
305,Bermuda,2,Female,2000,16.00206081545739
305,Bermuda,3,Both,2000,18.87166277457127
162,Bhutan,1,Male,2006,20.97536327554137
162,Bhutan,2,Female,2006,15.56686777825167
162,Bhutan,3,Both,2006,18.406888774306392
190,Uganda,1,Male,2002,21.94256764803749
190,Uganda,2,Female,2002,21.11997043019632
190,Uganda,3,Both,2002,21.52215804251849
82,Greece,1,Male,1995,60.22786862734393
82,Greece,2,Female,1995,42.599785754325296
82,Greece,3,Both,1995,51.332847623839065
175,Burundi,1,Male,2003,15.58017320009755
175,Burundi,2,Female,2003,12.97879331442056
175,Burundi,3,Both,2003,14.24840858572215
156,United Arab Emirates,1,Male,1994,33.93309201196657
156,United Arab Emirates,2,Female,1994,29.8539836663258
156,United Arab Emirates,3,Both,1994,32.55392394760084
6,China,1,Male,2001,51.83727322775853
6,China,2,Female,2001,36.27972419176561
6,China,3,Both,2001,44.28757119711542
374,Niue,1,Male,1997,34.4225404465424
374,Niue,2,Female,1997,24.29523807146753
374,Niue,3,Both,1997,29.38821299032637
170,Congo,1,Male,2003,19.06786109325407
170,Congo,2,Female,2003,14.30059464083224
170,Congo,3,Both,2003,16.64936328725697
140,Bahrain,1,Male,1997,33.283042174641245
140,Bahrain,2,Female,1997,23.249231423967988
140,Bahrain,3,Both,1997,28.989865089054614
143,Iraq,1,Male,2001,49.11625284330509
143,Iraq,2,Female,2001,41.959661016116186
143,Iraq,3,Both,2001,45.687488245455846
49,North Macedonia,1,Male,2001,59.851851635526174
49,North Macedonia,2,Female,2001,47.31482754046864
49,North Macedonia,3,Both,2001,53.618475726968725
49,North Macedonia,1,Male,1993,61.11148545967955
49,North Macedonia,2,Female,1993,49.75032279425433
49,North Macedonia,3,Both,1993,55.44937304852803
170,Congo,1,Male,1990,19.78769196487366
170,Congo,2,Female,1990,14.61285287382679
170,Congo,3,Both,1990,17.144672832156697
130,Mexico,1,Male,2021,20.10857323168531
130,Mexico,2,Female,2021,13.5927275397843
130,Mexico,3,Both,2021,16.77269374139645
349,Greenland,1,Male,2008,45.74380844268543
349,Greenland,2,Female,2008,51.25116677095376
349,Greenland,3,Both,2008,48.33544352491355
132,Panama,1,Male,1995,22.54860682465837
132,Panama,2,Female,1995,18.5298864994282
132,Panama,3,Both,1995,20.56266886351118
176,Comoros,1,Male,1991,29.75864653300136
176,Comoros,2,Female,1991,25.85469536638116
176,Comoros,3,Both,1991,27.791180113990148
25,Micronesia (Federated States of),1,Male,2007,48.283206511957125
25,Micronesia (Federated States of),2,Female,2007,49.36087239623829
25,Micronesia (Federated States of),3,Both,2007,48.8137567374497
122,Ecuador,1,Male,1996,21.45816119919905
122,Ecuador,2,Female,1996,17.45859919380747
122,Ecuador,3,Both,1996,19.446609022345505
305,Bermuda,1,Male,1992,22.17480753377936
305,Bermuda,2,Female,1992,16.39693931128258
305,Bermuda,3,Both,1992,19.20110683747689
148,Morocco,1,Male,2008,33.8947829539989
148,Morocco,2,Female,2008,24.92721317269033
148,Morocco,3,Both,2008,29.3771170428266
7,Democratic People's Republic of Korea,1,Male,2021,42.81396120726702
7,Democratic People's Republic of Korea,2,Female,2021,27.29064933768463
7,Democratic People's Republic of Korea,3,Both,2021,35.0032677454574
69,Singapore,1,Male,1990,33.73767261898526
69,Singapore,2,Female,1990,23.95126776086162
69,Singapore,3,Both,1990,28.878253281817752
160,Afghanistan,1,Male,1994,23.10340232781373
160,Afghanistan,2,Female,1994,14.43567381989169
160,Afghanistan,3,Both,1994,18.74389627619936
45,Bulgaria,1,Male,2004,55.33084085161735
45,Bulgaria,2,Female,2004,38.23967040000785
45,Bulgaria,3,Both,2004,46.53851722444627
28,Solomon Islands,1,Male,1991,46.13591054615454
28,Solomon Islands,2,Female,1991,45.64105246341696
28,Solomon Islands,3,Both,1991,45.89773385399851
83,Iceland,1,Male,2007,35.60804502865421
83,Iceland,2,Female,2007,26.74424366696862
83,Iceland,3,Both,2007,31.237523364862056
147,Libya,1,Male,2001,46.62919809780381
147,Libya,2,Female,2001,36.55724458401844
147,Libya,3,Both,2001,41.73416205462213
163,India,1,Male,2009,31.65127274858339
163,India,2,Female,2009,25.58649894390561
163,India,3,Both,2009,28.71197815737715
163,India,1,Male,1993,39.14901230196066
163,India,2,Female,1993,33.30194798758734
163,India,3,Both,1993,36.345566066920696
374,Niue,1,Male,2000,33.55963359229216
374,Niue,2,Female,2000,23.35376080890097
374,Niue,3,Both,2000,28.47243894789344
67,Japan,1,Male,1993,49.40446472121469
67,Japan,2,Female,1993,32.93447022764734
67,Japan,3,Both,1993,41.02524891276307
62,Russian Federation,1,Male,1990,50.07464805295909
62,Russian Federation,2,Female,1990,30.58409618688
62,Russian Federation,3,Both,1990,39.71455378306657
173,Gabon,1,Male,1997,23.5122564520568
173,Gabon,2,Female,1997,19.68761370433419
173,Gabon,3,Both,1997,21.57748536986425
144,Jordan,1,Male,1997,55.20268334368406
144,Jordan,2,Female,1997,50.1502655973026
144,Jordan,3,Both,1997,52.77888249170025
123,Peru,1,Male,2000,20.63540614072858
123,Peru,2,Female,2000,16.75329347362803
123,Peru,3,Both,2000,18.69038840553235
393,Saint Kitts and Nevis,1,Male,1997,20.58017326780194
393,Saint Kitts and Nevis,2,Female,1997,13.01380479234926
393,Saint Kitts and Nevis,3,Both,1997,16.75921312899164
164,Nepal,1,Male,2005,45.54118447835183
164,Nepal,2,Female,2005,43.71094677300349
164,Nepal,3,Both,2005,44.61816666515881
38,Mongolia,1,Male,2005,41.12486580905146
38,Mongolia,2,Female,2005,35.03145002768922
38,Mongolia,3,Both,2005,38.06553438436061
62,Russian Federation,1,Male,1998,51.358900075448055
62,Russian Federation,2,Female,1998,30.49125126602968
62,Russian Federation,3,Both,1998,40.25733167540589
206,Gambia,1,Male,2010,29.983860017692688
206,Gambia,2,Female,2010,26.06051570609112
206,Gambia,3,Both,2010,27.990252926298147
49,North Macedonia,1,Male,2004,58.65599199024678
49,North Macedonia,2,Female,2004,45.8442764686514
49,North Macedonia,3,Both,2004,52.29224351947598
90,Norway,1,Male,2006,34.62118127601543
90,Norway,2,Female,2006,27.527847969748898
90,Norway,3,Both,2006,31.047251647571063
374,Niue,1,Male,1992,35.49654762327828
374,Niue,2,Female,1992,24.767568539660488
374,Niue,3,Both,1992,30.1563795568975
180,Kenya,1,Male,2003,26.154107879717248
180,Kenya,2,Female,2003,22.720215484080335
180,Kenya,3,Both,2003,24.42481594257025
151,Qatar,1,Male,2001,31.39264696585165
151,Qatar,2,Female,2001,21.84469997198375
151,Qatar,3,Both,2001,28.04515330136529
180,Kenya,1,Male,2006,23.69546097526649
180,Kenya,2,Female,2006,20.0807904185324
180,Kenya,3,Both,2006,21.877799044618055
35,Georgia,1,Male,1991,50.52574515513486
35,Georgia,2,Female,1991,31.19345062721124
35,Georgia,3,Both,1991,40.35627544692457
121,Bolivia (Plurinational State of),1,Male,1992,22.51568041969845
121,Bolivia (Plurinational State of),2,Female,1992,20.37780152204626
121,Bolivia (Plurinational State of),3,Both,1992,21.43557557395329
195,Namibia,1,Male,1991,37.21606992344381
195,Namibia,2,Female,1991,35.334662496059586
195,Namibia,3,Both,1991,36.25365450563286
55,Slovenia,1,Male,1999,43.51679225012667
55,Slovenia,2,Female,1999,32.0873614599733
55,Slovenia,3,Both,1999,37.658833402439065
393,Saint Kitts and Nevis,1,Male,2000,20.55035300147105
393,Saint Kitts and Nevis,2,Female,2000,13.0471957778832
393,Saint Kitts and Nevis,3,Both,2000,16.77656734068621
63,Ukraine,1,Male,1996,51.5767075836489
63,Ukraine,2,Female,1996,29.07004852446619
63,Ukraine,3,Both,1996,39.525137827396215
108,Belize,1,Male,1998,22.8266672844127
108,Belize,2,Female,1998,19.14543148215864
108,Belize,3,Both,1998,21.001870317525963
148,Morocco,1,Male,1997,39.9836005344601
148,Morocco,2,Female,1997,31.62536190747843
148,Morocco,3,Both,1997,35.77159645774309
107,Barbados,1,Male,1992,17.428454180810977
107,Barbados,2,Female,1992,11.27261543356406
107,Barbados,3,Both,1992,14.23438279014583
29,Tonga,1,Male,2007,43.91833362734132
29,Tonga,2,Female,2007,41.96610460232217
29,Tonga,3,Both,2007,42.95597781620448
168,Angola,1,Male,2005,16.76127922944669
168,Angola,2,Female,2005,12.04223511013026
168,Angola,3,Both,2005,14.34956738064322
522,Sudan,1,Male,2001,33.04286244353495
522,Sudan,2,Female,2001,25.01091784442844
522,Sudan,3,Both,2001,29.07673570496429
74,Andorra,1,Male,2009,38.39993866016892
74,Andorra,2,Female,2009,30.3836473037342
74,Andorra,3,Both,2009,34.55896672828984
320,Cook Islands,1,Male,2007,36.805373778150354
320,Cook Islands,2,Female,2007,30.47909073902782
320,Cook Islands,3,Both,2007,33.68590797034697
152,Saudi Arabia,1,Male,2008,35.32762882584828
152,Saudi Arabia,2,Female,2008,25.58795214673274
152,Saudi Arabia,3,Both,2008,31.081272385097343
107,Barbados,1,Male,2003,16.298603236280922
107,Barbados,2,Female,2003,10.14289780147466
107,Barbados,3,Both,2003,13.1015693984291
77,Cyprus,1,Male,1990,52.118026175650215
77,Cyprus,2,Female,1990,41.13750580757057
77,Cyprus,3,Both,1990,46.66079452457018
87,Luxembourg,1,Male,2007,37.61048401896605
87,Luxembourg,2,Female,2007,30.71519040174745
87,Luxembourg,3,Both,2007,34.12834252465281
169,Central African Republic,1,Male,2000,18.37895183997824
169,Central African Republic,2,Female,2000,14.7367473869493
169,Central African Republic,3,Both,2000,16.54606900930381
101,Canada,1,Male,2001,38.29105959658538
101,Canada,2,Female,2001,34.05157195269201
101,Canada,3,Both,2001,36.13220675665226
92,Spain,1,Male,2010,46.020324286360434
92,Spain,2,Female,2010,35.22040245001161
92,Spain,3,Both,2010,40.55562109907779
177,Djibouti,1,Male,1997,40.46947639243597
177,Djibouti,2,Female,1997,37.650539179971645
177,Djibouti,3,Both,1997,39.14098251343917
416,Tuvalu,1,Male,2008,41.81118626889656
416,Tuvalu,2,Female,2008,38.414350239024
416,Tuvalu,3,Both,2008,40.13522343304792
105,Antigua and Barbuda,1,Male,1998,20.77489743139468
105,Antigua and Barbuda,2,Female,1998,13.10157759397787
105,Antigua and Barbuda,3,Both,1998,16.719180678184458
196,South Africa,1,Male,1997,39.18949046737125
196,South Africa,2,Female,1997,33.993844799306174
196,South Africa,3,Both,1997,36.49458530064094
46,Croatia,1,Male,2008,48.45814139822633
46,Croatia,2,Female,2008,37.002099869924336
46,Croatia,3,Both,2008,42.52586529343317
12,Lao People's Democratic Republic,1,Male,2008,46.12388740341776
12,Lao People's Democratic Republic,2,Female,2008,39.8068074852415
12,Lao People's Democratic Republic,3,Both,2008,42.96758827461423
81,Germany,1,Male,1999,41.37741459298062
81,Germany,2,Female,1999,30.51608988115817
81,Germany,3,Both,1999,35.815975835541295
165,Pakistan,1,Male,2009,40.21907512718476
165,Pakistan,2,Female,2009,32.85517899825428
165,Pakistan,3,Both,2009,36.65123224108221
66,Brunei Darussalam,1,Male,1990,46.68305191599017
66,Brunei Darussalam,2,Female,1990,43.69455810503252
66,Brunei Darussalam,3,Both,1990,45.27895078622339
81,Germany,1,Male,2004,39.25063402913071
81,Germany,2,Female,2004,28.618523235801803
81,Germany,3,Both,2004,33.8196086341423
66,Brunei Darussalam,1,Male,1998,40.19917711298614
66,Brunei Darussalam,2,Female,1998,31.79109439621189
66,Brunei Darussalam,3,Both,1998,36.10216401014033
162,Bhutan,1,Male,2009,20.23462756801161
162,Bhutan,2,Female,2009,14.872790265918
162,Bhutan,3,Both,2009,17.68497228588883
200,Benin,1,Male,1991,19.30747086019386
200,Benin,2,Female,1991,17.12496805576286
200,Benin,3,Both,1991,18.18900405245249
184,Mozambique,1,Male,1995,24.605649030971268
184,Mozambique,2,Female,1995,22.005965266261928
184,Mozambique,3,Both,1995,23.253453308339388
196,South Africa,1,Male,2000,37.29240982605247
196,South Africa,2,Female,2000,31.47754311000266
196,South Africa,3,Both,2000,34.269747912834866
164,Nepal,1,Male,1994,52.07940305060708
164,Nepal,2,Female,1994,51.11596493609171
164,Nepal,3,Both,1994,51.59850635086484
393,Saint Kitts and Nevis,1,Male,1992,20.53670613920275
393,Saint Kitts and Nevis,2,Female,1992,12.84851549688572
393,Saint Kitts and Nevis,3,Both,1992,16.62877448070497
374,Niue,1,Male,2005,31.676339464181908
374,Niue,2,Female,2005,21.67148653347889
374,Niue,3,Both,2005,26.68797105400712
86,Italy,1,Male,1995,42.92306896056435
86,Italy,2,Female,1995,32.85751346903047
86,Italy,3,Both,1995,37.73302615510964
203,Cabo Verde,1,Male,1994,20.60203302759336
203,Cabo Verde,2,Female,1994,15.682118695710908
203,Cabo Verde,3,Both,1994,18.04020679338037
184,Mozambique,1,Male,2006,25.11507875211204
184,Mozambique,2,Female,2006,22.443588248383534
184,Mozambique,3,Both,2006,23.7312796232472
178,Eritrea,1,Male,1990,18.920777694857648
178,Eritrea,2,Female,1990,14.320869318631448
178,Eritrea,3,Both,1990,16.61943025857201
184,Mozambique,1,Male,2003,25.1449704740697
184,Mozambique,2,Female,2003,22.26691382581307
184,Mozambique,3,Both,2003,23.65285903861073
126,Costa Rica,1,Male,1996,30.81702496219445
126,Costa Rica,2,Female,1996,25.29383464373442
126,Costa Rica,3,Both,1996,28.05799532378121
171,Democratic Republic of the Congo,1,Male,1993,22.451171216709906
171,Democratic Republic of the Congo,2,Female,1993,20.43779589176705
171,Democratic Republic of the Congo,3,Both,1993,21.43583528035297
155,Turkey,1,Male,2001,57.34106930000985
155,Turkey,2,Female,2001,45.62552076117127
155,Turkey,3,Both,2001,51.55406878091959
8,Taiwan (Province of China),1,Male,2002,46.34105255624965
8,Taiwan (Province of China),2,Female,2002,30.559040248237068
8,Taiwan (Province of China),3,Both,2002,38.60926151203934
108,Belize,1,Male,2004,22.10359286766887
108,Belize,2,Female,2004,18.65727208264419
108,Belize,3,Both,2004,20.38613777650699
85,Israel,1,Male,1999,41.97413462896863
85,Israel,2,Female,1999,35.904337384283906
85,Israel,3,Both,1999,38.90395526496571
12,Lao People's Democratic Republic,1,Male,2021,45.07457707312671
12,Lao People's Democratic Republic,2,Female,2021,38.631162638182
12,Lao People's Democratic Republic,3,Both,2021,41.87226337978424
422,United States Virgin Islands,1,Male,1997,20.70958932425744
422,United States Virgin Islands,2,Female,1997,14.29014884615539
422,United States Virgin Islands,3,Both,1997,17.37496475870536
393,Saint Kitts and Nevis,1,Male,2005,19.75555625636958
393,Saint Kitts and Nevis,2,Female,2005,12.38216367717872
393,Saint Kitts and Nevis,3,Both,2005,16.065499992193498
125,Colombia,1,Male,1995,27.70592985078677
125,Colombia,2,Female,1995,22.98633777242314
125,Colombia,3,Both,1995,25.310590972209617
71,Australia,1,Male,1993,38.46248707719637
71,Australia,2,Female,1993,33.657707323297295
71,Australia,3,Both,1993,36.04215601920042
435,South Sudan,1,Male,2005,21.67393289970965
435,South Sudan,2,Female,2005,19.227003204808
435,South Sudan,3,Both,2005,20.49813080796451
108,Belize,1,Male,2001,22.394476184033348
108,Belize,2,Female,2001,18.76080852041396
108,Belize,3,Both,2001,20.58777636928985
208,Guinea,1,Male,1994,25.443914989982453
208,Guinea,2,Female,1994,22.42929780020084
208,Guinea,3,Both,1994,23.90285775866489
84,Ireland,1,Male,1993,45.242922619403394
84,Ireland,2,Female,1993,40.59363017777567
84,Ireland,3,Both,1993,42.90618821030817
173,Gabon,1,Male,2000,23.69015641331784
173,Gabon,2,Female,2000,20.26007400668634
173,Gabon,3,Both,2000,21.95165447225379
47,Czechia,1,Male,2008,41.825411603541816
47,Czechia,2,Female,2008,29.86254475812719
47,Czechia,3,Both,2008,35.71758033304399
97,Argentina,1,Male,2007,40.69336429533883
97,Argentina,2,Female,2007,35.18954611461746
97,Argentina,3,Both,2007,37.873556659124894
127,El Salvador,1,Male,2000,16.209084977876888
127,El Salvador,2,Female,2000,11.83259723722962
127,El Salvador,3,Both,2000,13.932670440261033
94,Switzerland,1,Male,2006,35.30422703567143
94,Switzerland,2,Female,2006,27.71617225832541
94,Switzerland,3,Both,2006,31.44042409625593
92,Spain,1,Male,2004,50.28242641889635
92,Spain,2,Female,2004,37.27624868182188
92,Spain,3,Both,2004,43.6888755341872
68,Republic of Korea,1,Male,1996,51.80256325881927
68,Republic of Korea,2,Female,1996,37.398847382417074
68,Republic of Korea,3,Both,1996,44.63684985669211
435,South Sudan,1,Male,2002,21.92807403963303
435,South Sudan,2,Female,2002,19.783992028837677
435,South Sudan,3,Both,2002,20.90103601472098
198,Zimbabwe,1,Male,1999,29.189414792707858
198,Zimbabwe,2,Female,1999,23.66880053405992
198,Zimbabwe,3,Both,1999,26.35209922785441
46,Croatia,1,Male,2002,48.50497626656709
46,Croatia,2,Female,2002,36.56696015536312
46,Croatia,3,Both,2002,42.31891959404394
54,Slovakia,1,Male,2001,41.3559739692277
54,Slovakia,2,Female,2001,31.71504658082181
54,Slovakia,3,Both,2001,36.396718545833416
111,Dominican Republic,1,Male,2003,24.97598809013909
111,Dominican Republic,2,Female,2003,22.08531255058699
111,Dominican Republic,3,Both,2003,23.52728389362962
54,Slovakia,1,Male,2004,40.07907878852556
54,Slovakia,2,Female,2004,30.09413917149605
54,Slovakia,3,Both,2004,34.94153443148921
33,Armenia,1,Male,2007,56.04482095008538
33,Armenia,2,Female,2007,33.102700807530525
33,Armenia,3,Both,2007,44.11423046391669
168,Angola,1,Male,1994,17.22604216203865
168,Angola,2,Female,1994,13.09887266085757
168,Angola,3,Both,1994,15.15927325164106
169,Central African Republic,1,Male,2006,16.15897233971016
169,Central African Republic,2,Female,2006,12.68570651776018
169,Central African Republic,3,Both,2006,14.41366940881765
156,United Arab Emirates,1,Male,2008,34.754956522334304
156,United Arab Emirates,2,Female,2008,31.51130112749907
156,United Arab Emirates,3,Both,2008,33.87255927511204
177,Djibouti,1,Male,2003,41.66503618208607
177,Djibouti,2,Female,2003,38.454220014919535
177,Djibouti,3,Both,2003,40.17009613539717
129,Honduras,1,Male,1995,30.083147604921574
129,Honduras,2,Female,1995,26.22867163948564
129,Honduras,3,Both,1995,28.14268732177197
170,Congo,1,Male,2006,18.90578543449109
170,Congo,2,Female,2006,14.464386557874958
170,Congo,3,Both,2006,16.658171934343898
91,Portugal,1,Male,2007,36.61611663128957
91,Portugal,2,Female,2007,24.13266585863328
91,Portugal,3,Both,2007,30.13882432216708
51,Poland,1,Male,2005,43.870117383767536
51,Poland,2,Female,2005,34.99703233980146
51,Poland,3,Both,2005,39.29152624645824
136,Paraguay,1,Male,1992,41.091693447870966
136,Paraguay,2,Female,1992,35.44427610767067
136,Paraguay,3,Both,1992,38.2864768259933
172,Equatorial Guinea,1,Male,2005,34.488049073006835
172,Equatorial Guinea,2,Female,2005,30.09640912415039
172,Equatorial Guinea,3,Both,2005,32.32267015288376
59,Latvia,1,Male,1999,47.93310829723488
59,Latvia,2,Female,1999,28.793446967931708
59,Latvia,3,Both,1999,37.61172301851482
212,Mauritania,1,Male,1994,35.69588198232828
212,Mauritania,2,Female,1994,35.1379878937736
212,Mauritania,3,Both,1994,35.41447536708115
46,Croatia,1,Male,2005,48.50295679113994
46,Croatia,2,Female,2005,36.53946016808496
46,Croatia,3,Both,2005,42.30333400258714
109,Cuba,1,Male,1998,42.87778458017424
109,Cuba,2,Female,1998,34.86971702557251
109,Cuba,3,Both,1998,38.88964778325128
91,Portugal,1,Male,1990,41.16719066153947
91,Portugal,2,Female,1990,29.241116523795053
91,Portugal,3,Both,1990,35.00194202811842
75,Austria,1,Male,1993,42.23138457578907
75,Austria,2,Female,1993,32.28967482151348
75,Austria,3,Both,1993,37.08615412168789
83,Iceland,1,Male,2010,33.866221009176925
83,Iceland,2,Female,2010,24.75335619277429
83,Iceland,3,Both,2010,29.35109787244164
125,Colombia,1,Male,1992,29.232178135801018
125,Colombia,2,Female,1992,24.65385944282571
125,Colombia,3,Both,1992,26.912708422141712
68,Republic of Korea,1,Male,1999,50.10283755710614
68,Republic of Korea,2,Female,1999,34.21879328464781
68,Republic of Korea,3,Both,1999,42.19830747664516
36,Kazakhstan,1,Male,1991,46.96504387607425
36,Kazakhstan,2,Female,1991,34.97520904540546
36,Kazakhstan,3,Both,1991,40.78459160945405
111,Dominican Republic,1,Male,1992,24.04859415059314
111,Dominican Republic,2,Female,1992,21.26168874183261
111,Dominican Republic,3,Both,1992,22.62349280006409
200,Benin,1,Male,2000,18.65990627198054
200,Benin,2,Female,2000,16.5645205416618
200,Benin,3,Both,2000,17.58528470533676
88,Malta,1,Male,1993,48.23418562976728
88,Malta,2,Female,1993,38.52073651964364
88,Malta,3,Both,1993,43.320881949250925
171,Democratic Republic of the Congo,1,Male,2009,19.82918929087974
171,Democratic Republic of the Congo,2,Female,2009,17.26941930374953
171,Democratic Republic of the Congo,3,Both,2009,18.55576869235076
194,Lesotho,1,Male,2002,31.31876471659808
194,Lesotho,2,Female,2002,23.76148360923634
194,Lesotho,3,Both,2002,27.288577675095183
171,Democratic Republic of the Congo,1,Male,1998,21.8414766128132
171,Democratic Republic of the Congo,2,Female,1998,19.20349980269259
171,Democratic Republic of the Congo,3,Both,1998,20.51668922391029
58,Estonia,1,Male,2004,47.47989432191899
58,Estonia,2,Female,2004,30.33803837133373
58,Estonia,3,Both,2004,38.31377167358932
210,Liberia,1,Male,2010,15.828905926422248
210,Liberia,2,Female,2010,12.93996058093923
210,Liberia,3,Both,2010,14.39443520208975
6,China,1,Male,2010,50.72363902720544
6,China,2,Female,2010,32.07206278672976
6,China,3,Both,2010,41.6049753888369
207,Ghana,1,Male,1994,11.46676445899811
207,Ghana,2,Female,1994,9.42200114101486
207,Ghana,3,Both,1994,10.43797235497159
112,Grenada,1,Male,1998,22.86757532357483
112,Grenada,2,Female,1998,17.15320409550539
112,Grenada,3,Both,1998,19.962178551025257
131,Nicaragua,1,Male,2000,29.63114329474772
131,Nicaragua,2,Female,2000,27.98040516444285
131,Nicaragua,3,Both,2000,28.79482057370273
435,South Sudan,1,Male,2008,21.415067590207627
435,South Sudan,2,Female,2008,18.55932624493667
435,South Sudan,3,Both,2008,20.03905769768085
97,Argentina,1,Male,2010,39.13902779195325
97,Argentina,2,Female,2010,33.370144902308866
97,Argentina,3,Both,2010,36.18197522090134
216,Senegal,1,Male,1994,36.76167923320783
216,Senegal,2,Female,1994,33.775093999530895
216,Senegal,3,Both,1994,35.2352082031031
169,Central African Republic,1,Male,2009,15.7127764451346
169,Central African Republic,2,Female,2009,12.33571297311087
169,Central African Republic,3,Both,2009,14.013632606256207
129,Honduras,1,Male,1992,30.55047061170798
129,Honduras,2,Female,1992,26.542026807978168
129,Honduras,3,Both,1992,28.53364407971439
14,Maldives,1,Male,1992,50.92124744539862
14,Maldives,2,Female,1992,48.55553928379669
14,Maldives,3,Both,1992,49.76223871000301
112,Grenada,1,Male,2004,21.855424823084853
112,Grenada,2,Female,2004,16.02097680360906
112,Grenada,3,Both,2004,18.90619909402446
367,Monaco,1,Male,2008,36.2132261677955
367,Monaco,2,Female,2008,26.767666736135244
367,Monaco,3,Both,2008,31.38242721840933
177,Djibouti,1,Male,2000,40.881916173136986
177,Djibouti,2,Female,2000,37.60994243954441
177,Djibouti,3,Both,2000,39.35114219269642
305,Bermuda,1,Male,2008,21.45325956544136
305,Bermuda,2,Female,2008,15.3453485693334
305,Bermuda,3,Both,2008,18.28081013393576
90,Norway,1,Male,1995,41.86958207190917
90,Norway,2,Female,1995,38.377880065601424
90,Norway,3,Both,1995,40.10319650957095
85,Israel,1,Male,2004,40.40634692922544
85,Israel,2,Female,2004,33.58383863901364
85,Israel,3,Both,2004,36.95898260355577
58,Estonia,1,Male,2001,47.37696276314553
58,Estonia,2,Female,2001,30.1845421020912
58,Estonia,3,Both,2001,38.18899211251729
422,United States Virgin Islands,1,Male,1992,21.18101299197411
422,United States Virgin Islands,2,Female,1992,14.615951204153168
422,United States Virgin Islands,3,Both,1992,17.79371157097432
181,Madagascar,1,Male,1991,35.72819779986034
181,Madagascar,2,Female,1991,37.856406444627936
181,Madagascar,3,Both,1991,36.79502312518744
189,United Republic of Tanzania,1,Male,1995,32.86265009590248
189,United Republic of Tanzania,2,Female,1995,29.78610679502819
189,United Republic of Tanzania,3,Both,1995,31.28774420880658
179,Ethiopia,1,Male,1990,14.02844683344193
179,Ethiopia,2,Female,1990,11.52718740009385
179,Ethiopia,3,Both,1990,12.78057708393588
175,Burundi,1,Male,2009,14.71825065396028
175,Burundi,2,Female,2009,12.37219373808437
175,Burundi,3,Both,2009,13.53409379959076
175,Burundi,1,Male,1998,17.12554944600725
175,Burundi,2,Female,1998,14.791406107197927
175,Burundi,3,Both,1998,15.92388415163117
16,Philippines,1,Male,2021,38.47964099396236
16,Philippines,2,Female,2021,30.40174734374668
16,Philippines,3,Both,2021,34.49723495391009
40,Turkmenistan,1,Male,1991,48.28765462871303
40,Turkmenistan,2,Female,1991,39.22167284051355
40,Turkmenistan,3,Both,1991,43.70363413488563
139,Algeria,1,Male,2021,38.785276983769016
139,Algeria,2,Female,2021,25.89238206116068
139,Algeria,3,Both,2021,32.4381065816323
11,Indonesia,1,Male,1994,45.06140175460664
11,Indonesia,2,Female,1994,42.40571078435752
11,Indonesia,3,Both,1994,43.730714089696846
133,Venezuela (Bolivarian Republic of),1,Male,1995,33.50895696159029
133,Venezuela (Bolivarian Republic of),2,Female,1995,29.71315181713729
133,Venezuela (Bolivarian Republic of),3,Both,1995,31.59445134110333
163,India,1,Male,2001,36.522112912751695
163,India,2,Female,2001,30.40104682883827
163,India,3,Both,2001,33.57537024695136
6,China,1,Male,2004,50.75733240785845
6,China,2,Female,2004,33.20461775081966
6,China,3,Both,2004,42.215213200268046
60,Lithuania,1,Male,2002,41.95191531650737
60,Lithuania,2,Female,2002,23.98062730768856
60,Lithuania,3,Both,2002,32.37280921068616
152,Saudi Arabia,1,Male,1997,36.189880162631496
152,Saudi Arabia,2,Female,1997,26.08840085965272
152,Saudi Arabia,3,Both,1997,31.715449180183803
115,Jamaica,1,Male,2003,28.54896479558257
115,Jamaica,2,Female,2003,22.08066947489131
115,Jamaica,3,Both,2003,25.271293982318287
189,United Republic of Tanzania,1,Male,2006,27.72983280047889
189,United Republic of Tanzania,2,Female,2006,24.71461459343958
189,United Republic of Tanzania,3,Both,2006,26.18940007758454
81,Germany,1,Male,1990,43.81446189707011
81,Germany,2,Female,1990,33.1066421706796
81,Germany,3,Both,1990,38.27716359505152
422,United States Virgin Islands,1,Male,2000,20.33961424529004
422,United States Virgin Islands,2,Female,2000,13.91678999474444
422,United States Virgin Islands,3,Both,2000,16.990807176569188
130,Mexico,1,Male,1996,35.342615554003544
130,Mexico,2,Female,1996,32.249275773166744
130,Mexico,3,Both,1996,33.76947514109459
89,Netherlands,1,Male,2004,38.61157066568468
89,Netherlands,2,Female,2004,33.997125361455
89,Netherlands,3,Both,2004,36.27934812809826
87,Luxembourg,1,Male,2010,35.97241358862889
87,Luxembourg,2,Female,2010,28.581775890113992
87,Luxembourg,3,Both,2010,32.251555189236555
422,United States Virgin Islands,1,Male,2005,19.26123144003111
422,United States Virgin Islands,2,Female,2005,12.86775090934213
422,United States Virgin Islands,3,Both,2005,15.92021521455382
175,Burundi,1,Male,1993,19.43212018385459
175,Burundi,2,Female,1993,18.938342124683015
175,Burundi,3,Both,1993,19.178627628138003
50,Montenegro,1,Male,2008,61.47554293813416
50,Montenegro,2,Female,2008,51.1436675043907
50,Montenegro,3,Both,2008,56.24013182274968
10,Cambodia,1,Male,2003,52.37508827590111
10,Cambodia,2,Female,2003,41.64558098111855
10,Cambodia,3,Both,2003,46.85846284551848
51,Poland,1,Male,2008,42.32333763009783
51,Poland,2,Female,2008,34.12528439930219
51,Poland,3,Both,2008,38.09026849741928
183,Mauritius,1,Male,1990,40.19943204392853
183,Mauritius,2,Female,1990,37.78882155088714
183,Mauritius,3,Both,1990,38.99425034224773
105,Antigua and Barbuda,1,Male,2001,20.38729985942954
105,Antigua and Barbuda,2,Female,2001,12.775597471350238
105,Antigua and Barbuda,3,Both,2001,16.35253399874431
193,Botswana,1,Male,1995,35.71901672422787
193,Botswana,2,Female,1995,29.84499764032218
193,Botswana,3,Both,1995,32.67731195641951
180,Kenya,1,Male,2009,21.0081310353718
180,Kenya,2,Female,2009,17.27601669915067
180,Kenya,3,Both,2009,19.13352941531444
143,Iraq,1,Male,2021,44.01429050201647
143,Iraq,2,Female,2021,34.67106708764184
143,Iraq,3,Both,2021,39.51231881788562
89,Netherlands,1,Male,1999,41.056882537021735
89,Netherlands,2,Female,1999,36.10672463301031
89,Netherlands,3,Both,1999,38.55463204641608
93,Sweden,1,Male,2004,26.77175125764296
93,Sweden,2,Female,2004,25.75423649840957
93,Sweden,3,Both,2004,26.25836921640029
180,Kenya,1,Male,1998,28.42730710957189
180,Kenya,2,Female,1998,25.014973992254458
180,Kenya,3,Both,1998,26.706650340957538
113,Guyana,1,Male,1998,26.67574230662499
113,Guyana,2,Female,1998,22.27481091580729
113,Guyana,3,Both,1998,24.47035350960816
204,Chad,1,Male,1991,22.6417093683726
204,Chad,2,Female,1991,20.183879488046543
204,Chad,3,Both,1991,21.37783292602041
101,Canada,1,Male,2007,33.90226858175577
101,Canada,2,Female,2007,28.91196066350955
101,Canada,3,Both,2007,31.35909485594242
97,Argentina,1,Male,2004,42.00441780024356
97,Argentina,2,Female,2004,36.60229218574517
97,Argentina,3,Both,2004,39.237148627935056
200,Benin,1,Male,1997,19.16672212522496
200,Benin,2,Female,1997,16.864890371109308
200,Benin,3,Both,1997,17.98742012423089
101,Canada,1,Male,2010,32.25580867881527
101,Canada,2,Female,2010,27.083439700316298
101,Canada,3,Both,2010,29.62149202052821
187,Somalia,1,Male,1990,24.63978718555526
187,Somalia,2,Female,1990,22.29100743329421
187,Somalia,3,Both,1990,23.51547047585931
202,Cameroon,1,Male,1999,21.79224618239066
202,Cameroon,2,Female,1999,18.864205074471148
202,Cameroon,3,Both,1999,20.309542308920538
37,Kyrgyzstan,1,Male,2007,46.85880533906645
37,Kyrgyzstan,2,Female,2007,34.44129894718222
37,Kyrgyzstan,3,Both,2007,40.5784319123071
78,Denmark,1,Male,2009,36.9592584327387
78,Denmark,2,Female,2009,30.512916322391508
78,Denmark,3,Both,2009,33.70530183031507
92,Spain,1,Male,1993,55.06055321803501
92,Spain,2,Female,1993,37.54134010790424
92,Spain,3,Both,1993,46.1117468626528
94,Switzerland,1,Male,1995,43.09863111607129
94,Switzerland,2,Female,1995,34.852538746659
94,Switzerland,3,Both,1995,38.90440068446368
115,Jamaica,1,Male,1992,31.47461944250136
115,Jamaica,2,Female,1992,26.200586222899418
115,Jamaica,3,Both,1992,28.790178787979997
214,Nigeria,1,Male,2010,10.351156554592809
214,Nigeria,2,Female,2010,8.42782960272848
214,Nigeria,3,Both,2010,9.38405544393424
376,Northern Mariana Islands,1,Male,2007,37.12530484454366
376,Northern Mariana Islands,2,Female,2007,30.93558583154556
376,Northern Mariana Islands,3,Both,2007,34.05433346030646
74,Andorra,1,Male,1998,43.17370564842827
74,Andorra,2,Female,1998,35.26152656172897
74,Andorra,3,Both,1998,39.40279507716651
172,Equatorial Guinea,1,Male,1994,34.91406772840514
172,Equatorial Guinea,2,Female,1994,31.35190390847021
172,Equatorial Guinea,3,Both,1994,33.075464080305025
193,Botswana,1,Male,2006,32.714855917101346
193,Botswana,2,Female,2006,26.249703338141472
193,Botswana,3,Both,2006,29.38969847508036
160,Afghanistan,1,Male,2008,25.287401199122066
160,Afghanistan,2,Female,2008,20.05513623134253
160,Afghanistan,3,Both,2008,22.70574711475567
54,Slovakia,1,Male,1993,45.66133455140064
54,Slovakia,2,Female,1993,36.417544169430336
54,Slovakia,3,Both,1993,40.9211188968779
184,Mozambique,1,Male,2009,24.42980722612812
184,Mozambique,2,Female,2009,21.67699779270457
184,Mozambique,3,Both,2009,23.00413563831149
171,Democratic Republic of the Congo,1,Male,2001,21.353457226636948
171,Democratic Republic of the Congo,2,Female,2001,18.46858006009707
171,Democratic Republic of the Congo,3,Both,2001,19.90835492557673
20,Viet Nam,1,Male,2021,43.74321472692026
20,Viet Nam,2,Female,2021,27.709993739771672
20,Viet Nam,3,Both,2021,35.70749821258165
320,Cook Islands,1,Male,1996,40.741027541051686
320,Cook Islands,2,Female,1996,36.06300218522309
320,Cook Islands,3,Both,1996,38.48009935041683
95,United Kingdom,1,Male,2006,35.51299430229156
95,United Kingdom,2,Female,2006,31.89651331291185
95,United Kingdom,3,Both,2006,33.66844177472098
185,Rwanda,1,Male,1991,21.98703911201773
185,Rwanda,2,Female,1991,18.75959188326321
185,Rwanda,3,Both,1991,20.33755716345778
184,Mozambique,1,Male,1998,24.76789260804479
184,Mozambique,2,Female,1998,22.08365731046166
184,Mozambique,3,Both,1998,23.37460365744136
13,Malaysia,1,Male,1996,43.76708793693562
13,Malaysia,2,Female,1996,36.60078718727443
13,Malaysia,3,Both,1996,40.23866810788231
180,Kenya,1,Male,1993,29.430631863478567
180,Kenya,2,Female,1993,26.07066933753945
180,Kenya,3,Both,1993,27.73787587261904
156,United Arab Emirates,1,Male,1997,33.998689797322854
156,United Arab Emirates,2,Female,1997,30.06712161211164
156,United Arab Emirates,3,Both,1997,32.69844669945899
374,Niue,1,Male,2008,30.836143507867643
374,Niue,2,Female,2008,20.87979551483991
374,Niue,3,Both,2008,25.87218714482088
197,Eswatini,1,Male,1995,22.03974459176252
197,Eswatini,2,Female,1995,19.16613114441207
197,Eswatini,3,Both,1995,20.53217019439357
189,United Republic of Tanzania,1,Male,1998,31.98202046027187
189,United Republic of Tanzania,2,Female,1998,28.84342592869388
189,United Republic of Tanzania,3,Both,1998,30.37792326096352
189,United Republic of Tanzania,1,Male,2009,25.47941403707802
189,United Republic of Tanzania,2,Female,2009,22.056336403950898
189,United Republic of Tanzania,3,Both,2009,23.72840639260219
184,Mozambique,1,Male,1993,24.57444947644258
184,Mozambique,2,Female,1993,22.1895394359122
184,Mozambique,3,Both,1993,23.327518900861
196,South Africa,1,Male,1990,44.36074771350541
196,South Africa,2,Female,1990,42.849193471065774
196,South Africa,3,Both,1990,43.58250165244288
201,Burkina Faso,1,Male,1995,24.802114404756
201,Burkina Faso,2,Female,1995,22.454952981082048
201,Burkina Faso,3,Both,1995,23.5907366839124
136,Paraguay,1,Male,1995,40.050733819488485
136,Paraguay,2,Female,1995,34.25115694751481
136,Paraguay,3,Both,1995,37.17217590933881
79,Finland,1,Male,1993,36.13579144057713
79,Finland,2,Female,1993,28.363036920559495
79,Finland,3,Both,1993,32.14022570199002
193,Botswana,1,Male,1998,35.19111053679737
193,Botswana,2,Female,1998,28.94278288835664
193,Botswana,3,Both,1998,31.96220368261702
44,Bosnia and Herzegovina,1,Male,1991,49.8299342481761
44,Bosnia and Herzegovina,2,Female,1991,38.21177999357871
44,Bosnia and Herzegovina,3,Both,1991,44.015590267249785
147,Libya,1,Male,2021,45.530565907985206
147,Libya,2,Female,2021,31.084834415671818
147,Libya,3,Both,2021,38.51648684484181
39,Tajikistan,1,Male,1991,41.71600555446268
39,Tajikistan,2,Female,1991,35.034062675120644
39,Tajikistan,3,Both,1991,38.36228060674492
173,Gabon,1,Male,2009,22.61625586485879
173,Gabon,2,Female,2009,19.70475326979268
173,Gabon,3,Both,2009,21.1268020030496
14,Maldives,1,Male,2000,48.21770017664439
14,Maldives,2,Female,2000,41.97810434124549
14,Maldives,3,Both,2000,45.14644135673453
189,United Republic of Tanzania,1,Male,2003,29.52124904255125
189,United Republic of Tanzania,2,Female,2003,26.445790784471267
189,United Republic of Tanzania,3,Both,2003,27.95098569615767
14,Maldives,1,Male,2003,46.72901817840646
14,Maldives,2,Female,2003,39.40464022315846
14,Maldives,3,Both,2003,43.1047210915252
173,Gabon,1,Male,2006,23.01920516090717
173,Gabon,2,Female,2006,19.98609183616291
173,Gabon,3,Both,2006,21.47337244700365
139,Algeria,1,Male,1996,42.35206440233534
139,Algeria,2,Female,1996,34.20882246255032
139,Algeria,3,Both,1996,38.330166029860905
98,Chile,1,Male,2004,41.76887770548659
98,Chile,2,Female,2004,39.20328201060126
98,Chile,3,Both,2004,40.46725477015611
175,Burundi,1,Male,2001,16.09690872213353
175,Burundi,2,Female,2001,13.47533884244092
175,Burundi,3,Both,2001,14.75116073286477
24,Marshall Islands,1,Male,2021,35.22146615171448
24,Marshall Islands,2,Female,2021,29.88276522987749
24,Marshall Islands,3,Both,2021,32.61279347009556
177,Djibouti,1,Male,2009,41.91898515027762
177,Djibouti,2,Female,2009,39.08473746347643
177,Djibouti,3,Both,2009,40.60465420021457
200,Benin,1,Male,1990,19.30084362247856
200,Benin,2,Female,1990,17.20987445855052
200,Benin,3,Both,1990,18.228388258197008
72,New Zealand,1,Male,1999,35.06786340989608
72,New Zealand,2,Female,1999,31.68083133691157
72,New Zealand,3,Both,1999,33.34765719205964
204,Chad,1,Male,2000,22.32986973856886
204,Chad,2,Female,2000,19.84531573649936
204,Chad,3,Both,2000,21.05936999900995
205,Côte d'Ivoire,1,Male,1995,27.1451187190081
205,Côte d'Ivoire,2,Female,1995,24.37849645094514
205,Côte d'Ivoire,3,Both,1995,25.79047875886778
189,United Republic of Tanzania,1,Male,1993,33.12655604149412
189,United Republic of Tanzania,2,Female,1993,30.11233324869697
189,United Republic of Tanzania,3,Both,1993,31.58172926067338
164,Nepal,1,Male,2008,41.52657217430277
164,Nepal,2,Female,2008,38.45960080770624
164,Nepal,3,Both,2008,39.96532325910293
198,Zimbabwe,1,Male,2002,29.33755734953592
198,Zimbabwe,2,Female,2002,23.99521416998862
198,Zimbabwe,3,Both,2002,26.58572595416461
135,Brazil,1,Male,2000,40.01227888178459
135,Brazil,2,Female,2000,36.24059444662454
135,Brazil,3,Both,2000,38.10007257967109
62,Russian Federation,1,Male,2004,52.07380562109592
62,Russian Federation,2,Female,2004,31.02175207526149
62,Russian Federation,3,Both,2004,40.82545847869996
218,Togo,1,Male,2010,19.193730920163706
218,Togo,2,Female,2010,15.203645362875552
218,Togo,3,Both,2010,17.15625859043291
82,Greece,1,Male,2009,53.736994270458574
82,Greece,2,Female,2009,40.79706310269871
82,Greece,3,Both,2009,47.18866126747224
168,Angola,1,Male,2008,17.25104565933768
168,Angola,2,Female,2008,12.46133878784933
168,Angola,3,Both,2008,14.79539039215597
170,Congo,1,Male,2009,19.05465380484036
170,Congo,2,Female,2009,14.87830899517654
170,Congo,3,Both,2009,16.9460134958658
8,Taiwan (Province of China),1,Male,2005,44.72790982402412
8,Taiwan (Province of China),2,Female,2005,28.31182871766196
8,Taiwan (Province of China),3,Both,2005,36.64680871404176
203,Cabo Verde,1,Male,1991,21.28668386582452
203,Cabo Verde,2,Female,1991,16.573537333253068
203,Cabo Verde,3,Both,1991,18.81716851587958
41,Uzbekistan,1,Male,2007,34.45600411217845
41,Uzbekistan,2,Female,2007,24.9319512887135
41,Uzbekistan,3,Both,2007,29.658490097761693
176,Comoros,1,Male,1994,29.797404296550127
176,Comoros,2,Female,1994,25.68273142307793
176,Comoros,3,Both,1994,27.722425422909858
112,Grenada,1,Male,2001,22.45155023628048
112,Grenada,2,Female,2001,16.69893037168875
112,Grenada,3,Both,2001,19.530328307552946
17,Sri Lanka,1,Male,1996,34.06370330823236
17,Sri Lanka,2,Female,1996,28.61447028913428
17,Sri Lanka,3,Both,1996,31.3221061405562
85,Israel,1,Male,1990,45.47503791880213
85,Israel,2,Female,1990,40.14155037555352
85,Israel,3,Both,1990,42.78071236694836
86,Italy,1,Male,2009,34.70035292302247
86,Italy,2,Female,2009,27.05456349665819
86,Italy,3,Both,2009,30.76658666232567
172,Equatorial Guinea,1,Male,2008,34.24112840186856
172,Equatorial Guinea,2,Female,2008,30.363831899401
172,Equatorial Guinea,3,Both,2008,32.36274610152715
119,Trinidad and Tobago,1,Male,1992,32.75573189584875
119,Trinidad and Tobago,2,Female,1992,27.83676148712622
119,Trinidad and Tobago,3,Both,1992,30.29950080760711
116,Saint Lucia,1,Male,1998,22.86483765760435
116,Saint Lucia,2,Female,1998,17.75503434381342
116,Saint Lucia,3,Both,1998,20.25948503038481
67,Japan,1,Male,1996,47.96146159166479
67,Japan,2,Female,1996,31.59796875232414
67,Japan,3,Both,1996,39.62846796662106
160,Afghanistan,1,Male,1997,23.5750170093307
160,Afghanistan,2,Female,1997,15.57980258986663
160,Afghanistan,3,Both,1997,19.58868829304106
78,Denmark,1,Male,1998,45.4883940355915
78,Denmark,2,Female,1998,42.84578236835285
78,Denmark,3,Both,1998,44.15040698131887
176,Comoros,1,Male,2005,28.6645824988028
176,Comoros,2,Female,2005,24.04221926784804
176,Comoros,3,Both,2005,26.338511243589007
190,Uganda,1,Male,1991,19.162387934090116
190,Uganda,2,Female,1991,17.912360660794942
190,Uganda,3,Both,1991,18.52714724835571
396,San Marino,1,Male,2007,34.42300727904236
396,San Marino,2,Female,2007,25.86570515905688
396,San Marino,3,Both,2007,30.00698576889328
182,Malawi,1,Male,2003,22.81828322487051
182,Malawi,2,Female,2003,19.85450628572573
182,Malawi,3,Both,2003,21.3075114476201
50,Montenegro,1,Male,2005,62.8290304493876
50,Montenegro,2,Female,2005,52.32335637728392
50,Montenegro,3,Both,2005,57.5073695227336
93,Sweden,1,Male,1999,28.30279265127833
93,Sweden,2,Female,1999,27.361935613618023
93,Sweden,3,Both,1999,27.82684402044903
74,Andorra,1,Male,1990,46.24628590680004
74,Andorra,2,Female,1990,39.70597051863593
74,Andorra,3,Both,1990,43.17978231611747
116,Saint Lucia,1,Male,2004,21.7674875512024
116,Saint Lucia,2,Female,2004,16.02130329424316
116,Saint Lucia,3,Both,2004,18.85543247924085
380,Palau,1,Male,2008,28.27535009076551
380,Palau,2,Female,2008,20.50996576690956
380,Palau,3,Both,2008,24.65961473658716
141,Egypt,1,Male,1992,45.75933052757297
141,Egypt,2,Female,1992,34.82348826056453
141,Egypt,3,Both,1992,40.42714039205941
211,Mali,1,Male,1994,21.53917137036316
211,Mali,2,Female,1994,19.12406798135186
211,Mali,3,Both,1994,20.31604968936268
207,Ghana,1,Male,1991,12.92407693566987
207,Ghana,2,Female,1991,10.75556725867409
207,Ghana,3,Both,1991,11.83224872429607
197,Eswatini,1,Male,2006,19.11611715814457
197,Eswatini,2,Female,2006,15.82928512372496
197,Eswatini,3,Both,2006,17.39111860122824
119,Trinidad and Tobago,1,Male,2003,29.949464099542112
119,Trinidad and Tobago,2,Female,2003,24.03771253082056
119,Trinidad and Tobago,3,Both,2003,27.00641403956578
95,United Kingdom,1,Male,1995,42.75812529796969
95,United Kingdom,2,Female,1995,37.750746606678696
95,United Kingdom,3,Both,1995,40.185087883028245
206,Gambia,1,Male,1999,33.65703592209115
206,Gambia,2,Female,1999,31.347319447460247
206,Gambia,3,Both,1999,32.49536376810071
197,Eswatini,1,Male,1998,21.69260734905022
197,Eswatini,2,Female,1998,18.54368902818267
197,Eswatini,3,Both,1998,20.03879326015041
14,Maldives,1,Male,1995,50.28999494382557
14,Maldives,2,Female,1995,46.51996464683381
14,Maldives,3,Both,1995,48.43579287317991
393,Saint Kitts and Nevis,1,Male,2008,18.75686406500709
393,Saint Kitts and Nevis,2,Female,2008,11.50075654240657
393,Saint Kitts and Nevis,3,Both,2008,15.13130152249858
83,Iceland,1,Male,1993,45.91267874981097
83,Iceland,2,Female,1993,37.30565688925546
83,Iceland,3,Both,1993,41.62287912644651
193,Botswana,1,Male,1993,36.02221666582078
193,Botswana,2,Female,1993,30.4957543649647
193,Botswana,3,Both,1993,33.153687302826576
193,Botswana,1,Male,2009,31.51401446284943
193,Botswana,2,Female,2009,24.575927344059615
193,Botswana,3,Both,2009,27.95765452889397
50,Montenegro,1,Male,2002,63.13374537059801
50,Montenegro,2,Female,2002,52.55876468734794
50,Montenegro,3,Both,2002,57.78196890855581
151,Qatar,1,Male,2021,29.52752958259618
151,Qatar,2,Female,2021,19.815385321452368
151,Qatar,3,Both,2021,26.66552700553046
193,Botswana,1,Male,2003,33.804250558822154
193,Botswana,2,Female,2003,27.407787388330263
193,Botswana,3,Both,2003,30.507175842428367
48,Hungary,1,Male,1991,53.21723329036079
48,Hungary,2,Female,1991,40.76639883961968
48,Hungary,3,Both,1991,46.74311052480194
102,United States of America,1,Male,2004,34.183704542571704
102,United States of America,2,Female,2004,29.73308701940423
102,United States of America,3,Both,2004,31.92364395909023
143,Iraq,1,Male,1996,51.26826992135378
143,Iraq,2,Female,1996,44.87480870546255
143,Iraq,3,Both,1996,48.19165795343872
182,Malawi,1,Male,1997,22.84111023071435
182,Malawi,2,Female,1997,19.57457252537784
182,Malawi,3,Both,1997,21.17667139898027
209,Guinea-Bissau,1,Male,1995,10.75559461376228
209,Guinea-Bissau,2,Female,1995,8.080053947982389
209,Guinea-Bissau,3,Both,1995,9.38135067657439
91,Portugal,1,Male,2010,34.98451820490081
91,Portugal,2,Female,2010,23.15896116433944
91,Portugal,3,Both,2010,28.82753033192624
63,Ukraine,1,Male,1999,51.23313044715999
63,Ukraine,2,Female,1999,28.57469236158783
63,Ukraine,3,Both,1999,39.09887166569167
71,Australia,1,Male,1996,36.92951025303292
71,Australia,2,Female,1996,31.904785866911528
71,Australia,3,Both,1996,34.39407305334691
376,Northern Mariana Islands,1,Male,1996,38.87381647136205
376,Northern Mariana Islands,2,Female,1996,36.749298657893945
376,Northern Mariana Islands,3,Both,1996,37.83127123515691
28,Solomon Islands,1,Male,2021,45.57937839063192
28,Solomon Islands,2,Female,2021,44.84129095568069
28,Solomon Islands,3,Both,2021,45.21783319035964
72,New Zealand,1,Male,1996,35.856206051224035
72,New Zealand,2,Female,1996,32.27566917249364
72,New Zealand,3,Both,1996,34.04147473686078
180,Kenya,1,Male,2001,27.30781582533417
180,Kenya,2,Female,2001,23.88950632742668
180,Kenya,3,Both,2001,25.584946302862534
133,Venezuela (Bolivarian Republic of),1,Male,1992,35.15099947847644
133,Venezuela (Bolivarian Republic of),2,Female,1992,31.419385647629426
133,Venezuela (Bolivarian Republic of),3,Both,1992,33.27495311905182
182,Malawi,1,Male,2000,22.94331136096887
182,Malawi,2,Female,2000,19.82332053604546
182,Malawi,3,Both,2000,21.35431160636662
204,Chad,1,Male,1990,22.628701774577134
204,Chad,2,Female,1990,20.20469996399504
204,Chad,3,Both,1990,21.38175804121417
201,Burkina Faso,1,Male,2006,22.176736667454968
201,Burkina Faso,2,Female,2006,20.38761213140659
201,Burkina Faso,3,Both,2006,21.25444294646465
201,Burkina Faso,1,Male,1998,24.25000029252683
201,Burkina Faso,2,Female,1998,22.0524990817182
201,Burkina Faso,3,Both,1998,23.11576589450256
116,Saint Lucia,1,Male,2001,22.55477721527023
116,Saint Lucia,2,Female,2001,17.14597851817537
116,Saint Lucia,3,Both,2001,19.80472979586147
62,Russian Federation,1,Male,2001,51.86393805077121
62,Russian Federation,2,Female,2001,30.89176063763045
62,Russian Federation,3,Both,2001,40.688799306046434
155,Turkey,1,Male,2021,46.2126361591401
155,Turkey,2,Female,2021,31.68546855786199
155,Turkey,3,Both,2021,38.97105081702754
106,Bahamas,1,Male,2004,19.94333460883206
106,Bahamas,2,Female,2004,12.25261947440648
106,Bahamas,3,Both,2004,15.9903560790802
422,United States Virgin Islands,1,Male,2008,18.41609696741365
422,United States Virgin Islands,2,Female,2008,12.07543664598699
422,United States Virgin Islands,3,Both,2008,15.10640893168474
213,Niger,1,Male,1995,17.814994847227332
213,Niger,2,Female,1995,16.248001448825818
213,Niger,3,Both,1995,17.02822102964685
52,Romania,1,Male,1991,47.92832757797501
52,Romania,2,Female,1991,35.07841967352922
52,Romania,3,Both,1991,41.40663518207431
147,Libya,1,Male,1996,46.74213356749252
147,Libya,2,Female,1996,37.78834269325556
147,Libya,3,Both,1996,42.33997156679029
178,Eritrea,1,Male,2003,18.32396635272584
178,Eritrea,2,Female,2003,12.88198550367546
178,Eritrea,3,Both,2003,15.61900571800341
10,Cambodia,1,Male,2006,50.312640332879
10,Cambodia,2,Female,2006,39.04295575687917
10,Cambodia,3,Both,2006,44.52917804820486
105,Antigua and Barbuda,1,Male,2010,19.43779137003078
105,Antigua and Barbuda,2,Female,2010,11.951236684361008
105,Antigua and Barbuda,3,Both,2010,15.532040265710071
55,Slovenia,1,Male,2008,45.115284840255946
55,Slovenia,2,Female,2008,34.26218139916623
55,Slovenia,3,Both,2008,39.602953481255895
208,Guinea,1,Male,1991,24.790664815453688
208,Guinea,2,Female,1991,21.81137687537201
208,Guinea,3,Both,1991,23.2653120700964
110,Dominica,1,Male,2004,20.52798265544163
110,Dominica,2,Female,2004,13.42831228728767
110,Dominica,3,Both,2004,16.94596064723962
208,Guinea,1,Male,1990,24.48024848106605
208,Guinea,2,Female,1990,21.4947895962392
208,Guinea,3,Both,1990,22.95079212219836
184,Mozambique,1,Male,2001,25.01936862054432
184,Mozambique,2,Female,2001,22.21621115061721
184,Mozambique,3,Both,2001,23.56519044169545
151,Qatar,1,Male,1996,32.54465875962487
151,Qatar,2,Female,1996,23.00042832717574
151,Qatar,3,Both,1996,29.268033763006866
205,Côte d'Ivoire,1,Male,1998,28.49949443223989
205,Côte d'Ivoire,2,Female,1998,25.57968915007496
205,Côte d'Ivoire,3,Both,1998,27.07007187102255
205,Côte d'Ivoire,1,Male,2006,28.10608010058477
205,Côte d'Ivoire,2,Female,2006,25.186373226611707
205,Côte d'Ivoire,3,Both,2006,26.68557356580477
117,Saint Vincent and the Grenadines,1,Male,1998,22.82494258308792
117,Saint Vincent and the Grenadines,2,Female,1998,17.96234468392234
117,Saint Vincent and the Grenadines,3,Both,1998,20.41389002282721
59,Latvia,1,Male,2008,45.71185491767536
59,Latvia,2,Female,2008,26.81554655586038
59,Latvia,3,Both,2008,35.47188988061006
197,Eswatini,1,Male,2003,20.49488859313481
197,Eswatini,2,Female,2003,17.18136559398008
197,Eswatini,3,Both,2003,18.75232549048744
15,Myanmar,1,Male,1994,47.71617722001455
15,Myanmar,2,Female,1994,45.39365752371586
15,Myanmar,3,Both,1994,46.53126735958147
109,Cuba,1,Male,2001,42.38746425124056
109,Cuba,2,Female,2001,33.64160984058971
109,Cuba,3,Both,2001,38.02723978455514
178,Eritrea,1,Male,2006,18.309212715642232
178,Eritrea,2,Female,2006,12.621760223814649
178,Eritrea,3,Both,2006,15.48879646332374
114,Haiti,1,Male,2004,16.08626974839365
114,Haiti,2,Female,2004,13.62712502723456
114,Haiti,3,Both,2004,14.82173435531305
123,Peru,1,Male,1992,20.2382512517651
123,Peru,2,Female,1992,16.87105019139813
123,Peru,3,Both,1992,18.54556210949216
105,Antigua and Barbuda,1,Male,2007,19.65640159679944
105,Antigua and Barbuda,2,Female,2007,12.14511847082786
105,Antigua and Barbuda,3,Both,2007,15.711107268089568
99,Uruguay,1,Male,2006,42.36576088491677
99,Uruguay,2,Female,2006,33.24023307945272
99,Uruguay,3,Both,2006,37.64924079985814
142,Iran (Islamic Republic of),1,Male,1995,31.99406269749544
142,Iran (Islamic Republic of),2,Female,1995,21.76887026465155
142,Iran (Islamic Republic of),3,Both,1995,26.962926098571423
43,Albania,1,Male,1991,49.79252501550991
43,Albania,2,Female,1991,36.66930140697728
43,Albania,3,Both,1991,43.407855030650026
76,Belgium,1,Male,1996,44.1294626771408
76,Belgium,2,Female,1996,35.40943470159161
76,Belgium,3,Both,1996,39.67835810464
201,Burkina Faso,1,Male,2003,22.95293419495115
201,Burkina Faso,2,Female,2003,20.914781302160883
201,Burkina Faso,3,Both,2003,21.9015657193966
53,Serbia,1,Male,1991,51.700300677497154
53,Serbia,2,Female,1991,42.41893340840661
53,Serbia,3,Both,1991,46.9788311353816
98,Chile,1,Male,1999,44.34992377519486
98,Chile,2,Female,1999,42.47520771738463
98,Chile,3,Both,1999,43.40071982317643
12,Lao People's Democratic Republic,1,Male,2005,46.41861765839469
12,Lao People's Democratic Republic,2,Female,2005,40.07420060245581
12,Lao People's Democratic Republic,3,Both,2005,43.24331072340699
7,Democratic People's Republic of Korea,1,Male,2003,49.60593590081416
7,Democratic People's Republic of Korea,2,Female,2003,33.84347628236187
7,Democratic People's Republic of Korea,3,Both,2003,41.4659907957125
212,Mauritania,1,Male,1990,35.62895968055838
212,Mauritania,2,Female,1990,35.81673814283188
212,Mauritania,3,Both,1990,35.723677514941535
12,Lao People's Democratic Republic,1,Male,1992,47.6727676785968
12,Lao People's Democratic Republic,2,Female,1992,41.57540414826844
12,Lao People's Democratic Republic,3,Both,1992,44.577357341683424
58,Estonia,1,Male,1993,47.37359282067566
58,Estonia,2,Female,1993,31.11008610047377
58,Estonia,3,Both,1993,38.683921081714665
76,Belgium,1,Male,1999,42.87467000451376
76,Belgium,2,Female,1999,34.32276399719968
76,Belgium,3,Both,1999,38.50685662583183
127,El Salvador,1,Male,1992,15.11778818550718
127,El Salvador,2,Female,1992,11.16548729307724
127,El Salvador,3,Both,1992,13.08822317038837
189,United Republic of Tanzania,1,Male,2001,30.60285083167575
189,United Republic of Tanzania,2,Female,2001,27.47735388562978
189,United Republic of Tanzania,3,Both,2001,29.00693346388609
36,Kazakhstan,1,Male,2021,41.48501530811562
36,Kazakhstan,2,Female,2021,26.61020500907765
36,Kazakhstan,3,Both,2021,33.82359962971775
163,India,1,Male,2021,26.52897682388195
163,India,2,Female,2021,18.32326622156189
163,India,3,Both,2021,22.52467045090097
209,Guinea-Bissau,1,Male,2006,11.10586084507506
209,Guinea-Bissau,2,Female,2006,8.585866617593831
209,Guinea-Bissau,3,Both,2006,9.81276297605781
155,Turkey,1,Male,1996,59.42935191678293
155,Turkey,2,Female,1996,48.505601604818736
155,Turkey,3,Both,1996,54.03706356288747
209,Guinea-Bissau,1,Male,1998,10.48251044714466
209,Guinea-Bissau,2,Female,1998,7.87157541407696
209,Guinea-Bissau,3,Both,1998,9.14279315880548
217,Sierra Leone,1,Male,1995,35.076863180934645
217,Sierra Leone,2,Female,1995,32.63078585397648
217,Sierra Leone,3,Both,1995,33.81625685882839
205,Côte d'Ivoire,1,Male,2003,29.44361637671984
205,Côte d'Ivoire,2,Female,2003,26.5779454705337
205,Côte d'Ivoire,3,Both,2003,28.04562310104894
182,Malawi,1,Male,2009,22.394334246617507
182,Malawi,2,Female,2009,19.12984221030119
182,Malawi,3,Both,2009,20.72424608385651
101,Canada,1,Male,2004,35.843621930637944
101,Canada,2,Female,2004,31.133016021170967
101,Canada,3,Both,2004,33.443157624105154
118,Suriname,1,Male,2004,38.56922666262406
118,Suriname,2,Female,2004,32.22833249399822
118,Suriname,3,Both,2004,35.42033170248227
208,Guinea,1,Male,2000,24.72289679636926
208,Guinea,2,Female,2000,21.49037046476232
208,Guinea,3,Both,2000,23.06374160687085
102,United States of America,1,Male,1999,37.734906852477415
102,United States of America,2,Female,1999,32.881177692062955
102,United States of America,3,Both,1999,35.26463941087466
40,Turkmenistan,1,Male,2021,35.21434337928033
40,Turkmenistan,2,Female,2021,23.06047356222945
40,Turkmenistan,3,Both,2021,29.26885212903701
66,Brunei Darussalam,1,Male,2004,36.57681173762301
66,Brunei Darussalam,2,Female,2004,25.85096346375838
66,Brunei Darussalam,3,Both,2004,31.301883865265506
45,Bulgaria,1,Male,2007,54.0329578516573
45,Bulgaria,2,Female,2007,36.95605409293129
45,Bulgaria,3,Both,2007,45.23106922647903
202,Cameroon,1,Male,2002,20.83145891044765
202,Cameroon,2,Female,2002,18.00183892166016
202,Cameroon,3,Both,2002,19.40101850220433
209,Guinea-Bissau,1,Male,2003,10.653541794512227
209,Guinea-Bissau,2,Female,2003,8.08250736098183
209,Guinea-Bissau,3,Both,2003,9.33464520920256
89,Netherlands,1,Male,1990,48.33573342005104
89,Netherlands,2,Female,1990,43.5806991988576
89,Netherlands,3,Both,1990,45.9305874410165
213,Niger,1,Male,2006,15.94532644239688
213,Niger,2,Female,2006,14.736141550232787
213,Niger,3,Both,2006,15.33895369609531
57,Belarus,1,Male,1991,50.30657561645538
57,Belarus,2,Female,1991,31.045347562324437
57,Belarus,3,Both,1991,40.09128242970338
216,Senegal,1,Male,1990,37.119927214560114
216,Senegal,2,Female,1990,34.44886922503403
216,Senegal,3,Both,1990,35.75147378914923
193,Botswana,1,Male,2001,34.50386021448349
193,Botswana,2,Female,2001,28.1426036498773
193,Botswana,3,Both,2001,31.220251417844903
140,Bahrain,1,Male,2000,32.44933582716809
140,Bahrain,2,Female,2000,22.11659534780411
140,Bahrain,3,Both,2000,28.03495646319864
25,Micronesia (Federated States of),1,Male,1996,49.74776990301159
25,Micronesia (Federated States of),2,Female,1996,50.58556239782621
25,Micronesia (Federated States of),3,Both,1996,50.15872949080576
63,Ukraine,1,Male,2008,48.00625440180478
63,Ukraine,2,Female,2008,25.885900747190437
63,Ukraine,3,Both,2008,36.1123518666543
396,San Marino,1,Male,1996,40.14783725193364
396,San Marino,2,Female,1996,31.83495362664628
396,San Marino,3,Both,1996,35.88767055220237
99,Uruguay,1,Male,1995,45.73629914059208
99,Uruguay,2,Female,1995,35.56059292571776
99,Uruguay,3,Both,1995,40.49735030323017
213,Niger,1,Male,1998,17.63586310684391
213,Niger,2,Female,1998,16.37202698485116
213,Niger,3,Both,1998,17.00272702098788
44,Bosnia and Herzegovina,1,Male,2021,50.07377919400368
44,Bosnia and Herzegovina,2,Female,2021,35.68175550688763
44,Bosnia and Herzegovina,3,Both,2021,42.71641199188511
60,Lithuania,1,Male,2005,41.04281994167477
60,Lithuania,2,Female,2005,22.93099007427825
60,Lithuania,3,Both,2005,31.36216914238076
213,Niger,1,Male,2003,16.71844526576933
213,Niger,2,Female,2003,15.5971986406551
213,Niger,3,Both,2003,16.15703664643524
19,Timor-Leste,1,Male,1994,47.8620219100704
19,Timor-Leste,2,Female,1994,48.489964125282405
19,Timor-Leste,3,Both,1994,48.16628765465572
6,China,1,Male,2007,50.50796122434586
6,China,2,Female,2007,32.20665303620524
6,China,3,Both,2007,41.57837204277247
97,Argentina,1,Male,1993,44.04230310989789
97,Argentina,2,Female,1993,38.69455897463017
97,Argentina,3,Both,1993,41.30778957823988
82,Greece,1,Male,1998,58.86870895977653
82,Greece,2,Female,1998,42.00179763170908
82,Greece,3,Both,1998,50.37095638575426
122,Ecuador,1,Male,2004,18.657738686578146
122,Ecuador,2,Female,2004,14.18978133440884
122,Ecuador,3,Both,2004,16.4090071130152
413,Tokelau,1,Male,2008,36.65569874330341
413,Tokelau,2,Female,2008,28.84141822757777
413,Tokelau,3,Both,2008,32.79876962382728
109,Cuba,1,Male,2007,38.24788164346582
109,Cuba,2,Female,2007,28.59585928582963
109,Cuba,3,Both,2007,33.42406718999219
121,Bolivia (Plurinational State of),1,Male,1998,19.65463323279053
121,Bolivia (Plurinational State of),2,Female,1998,16.75583305841711
121,Bolivia (Plurinational State of),3,Both,1998,18.19658881177541
105,Antigua and Barbuda,1,Male,2004,19.934597636932867
105,Antigua and Barbuda,2,Female,2004,12.38019083712676
105,Antigua and Barbuda,3,Both,2004,15.94201914607351
215,Sao Tome and Principe,1,Male,1994,9.57740415560306
215,Sao Tome and Principe,2,Female,1994,6.71704162398877
215,Sao Tome and Principe,3,Both,1994,8.13183918400462
141,Egypt,1,Male,1995,45.80261629963508
141,Egypt,2,Female,1995,34.4105434830443
141,Egypt,3,Both,1995,40.2438949484482
106,Bahamas,1,Male,1999,20.2151230353933
106,Bahamas,2,Female,1999,12.55361459106284
106,Bahamas,3,Both,1999,16.28672721991534
49,North Macedonia,1,Male,2007,57.834528561631245
49,North Macedonia,2,Female,2007,44.86253849424403
49,North Macedonia,3,Both,2007,51.40196710717628
194,Lesotho,1,Male,1991,31.57021451593476
194,Lesotho,2,Female,1991,24.76760440690036
194,Lesotho,3,Both,1991,27.870822567663627
176,Comoros,1,Male,2008,27.36206038205889
176,Comoros,2,Female,2008,22.78286855832001
176,Comoros,3,Both,2008,25.059954831385976
93,Sweden,1,Male,1990,32.04207373792591
93,Sweden,2,Female,1990,29.58166950000428
93,Sweden,3,Both,1990,30.79603565755626
217,Sierra Leone,1,Male,2006,34.57847617792224
217,Sierra Leone,2,Female,2006,31.487357994346908
217,Sierra Leone,3,Both,2006,32.99618546541548
217,Sierra Leone,1,Male,2003,35.40625698010622
217,Sierra Leone,2,Female,2003,32.262364999988506
217,Sierra Leone,3,Both,2003,33.79037797942648
48,Hungary,1,Male,2021,37.78408064423871
48,Hungary,2,Female,2021,26.443353429408013
48,Hungary,3,Both,2021,31.84956055677018
164,Nepal,1,Male,1997,51.7045962005081
164,Nepal,2,Female,1997,50.78509407814308
164,Nepal,3,Both,1997,51.24617251703811
146,Lebanon,1,Male,1995,52.328368043125465
146,Lebanon,2,Female,1995,42.12799435052043
146,Lebanon,3,Both,1995,47.20646931227788
212,Mauritania,1,Male,1991,35.69569410266736
212,Mauritania,2,Female,1991,35.7980278437784
212,Mauritania,3,Both,1991,35.747306820722805
109,Cuba,1,Male,2010,35.6469295943266
109,Cuba,2,Female,2010,25.94489052586933
109,Cuba,3,Both,2010,30.792797095574908
210,Liberia,1,Male,1999,17.554326655393577
210,Liberia,2,Female,1999,14.33860376370628
210,Liberia,3,Both,1999,15.93740323755031
47,Czechia,1,Male,1991,48.76017905543587
47,Czechia,2,Female,1991,37.255137899369686
47,Czechia,3,Both,1991,42.83575839701126
171,Democratic Republic of the Congo,1,Male,2021,18.96508646875235
171,Democratic Republic of the Congo,2,Female,2021,16.75876821792298
171,Democratic Republic of the Congo,3,Both,2021,17.87216845822148
144,Jordan,1,Male,2000,54.47997719320509
144,Jordan,2,Female,2000,48.64621051454213
144,Jordan,3,Both,2000,51.66475660210587
204,Chad,1,Male,1997,22.51912561821074
204,Chad,2,Female,1997,19.974987035487548
204,Chad,3,Both,1997,21.21528374841574
68,Republic of Korea,1,Male,2002,48.0311682507427
68,Republic of Korea,2,Female,2002,30.53714903939224
68,Republic of Korea,3,Both,2002,39.30924884006723
217,Sierra Leone,1,Male,1998,35.50769577894104
217,Sierra Leone,2,Female,1998,32.8038663806516
217,Sierra Leone,3,Both,1998,34.11080673575843
52,Romania,1,Male,2021,38.76133389412806
52,Romania,2,Female,2021,25.79362273031829
52,Romania,3,Both,2021,32.0978662478812
126,Costa Rica,1,Male,2004,27.01176963655981
126,Costa Rica,2,Female,2004,21.855163807670596
126,Costa Rica,3,Both,2004,24.41739377599823
23,Kiribati,1,Male,1994,55.50669224844861
23,Kiribati,2,Female,1994,59.51298463293861
23,Kiribati,3,Both,1994,57.52676721399518
61,Republic of Moldova,1,Male,1991,48.75514892042395
61,Republic of Moldova,2,Female,1991,27.106243180585608
61,Republic of Moldova,3,Both,1991,37.44247939099521
86,Italy,1,Male,1998,41.20350224502195
86,Italy,2,Female,1998,31.05504378625068
86,Italy,3,Both,1998,35.96658231287772
320,Cook Islands,1,Male,2010,35.13166901908405
320,Cook Islands,2,Female,2010,28.062199551409574
320,Cook Islands,3,Both,2010,31.59599697428147
212,Mauritania,1,Male,2000,35.10645880219595
212,Mauritania,2,Female,2000,32.62233504799893
212,Mauritania,3,Both,2000,33.85120852830723
113,Guyana,1,Male,2007,24.72921978446077
113,Guyana,2,Female,2007,19.78187748679432
113,Guyana,3,Both,2007,22.2582128946324
110,Dominica,1,Male,1999,21.59271341061517
110,Dominica,2,Female,1999,14.54309136684214
110,Dominica,3,Both,1999,18.0288849672766
108,Belize,1,Male,1990,24.98205992620375
108,Belize,2,Female,1990,22.28898729685199
108,Belize,3,Both,1990,23.65134600285895
179,Ethiopia,1,Male,2006,12.08262780644838
179,Ethiopia,2,Female,2006,9.70716964338721
179,Ethiopia,3,Both,2006,10.90727767706575
181,Madagascar,1,Male,2005,26.19845888221411
181,Madagascar,2,Female,2005,24.89770889030932
181,Madagascar,3,Both,2005,25.54282428576572
60,Lithuania,1,Male,2008,40.0224345762836
60,Lithuania,2,Female,2008,22.1079858220601
60,Lithuania,3,Both,2008,30.40662093789682
66,Brunei Darussalam,1,Male,2001,37.97171811926753
66,Brunei Darussalam,2,Female,2001,28.030331341640043
66,Brunei Darussalam,3,Both,2001,33.08359964565812
181,Madagascar,1,Male,1994,34.41268882800156
181,Madagascar,2,Female,1994,35.68143588062972
181,Madagascar,3,Both,1994,35.04943423678544
177,Djibouti,1,Male,2006,42.33031447256669
177,Djibouti,2,Female,2006,39.59127410917042
177,Djibouti,3,Both,2006,41.05718633143377
53,Serbia,1,Male,2021,45.84704360554975
53,Serbia,2,Female,2021,36.97902890568663
53,Serbia,3,Both,2021,41.40386552038206
211,Mali,1,Male,1991,20.67589287385917
211,Mali,2,Female,1991,18.31925526978988
211,Mali,3,Both,1991,19.480048114898
178,Eritrea,1,Male,2009,18.20575116922893
178,Eritrea,2,Female,2009,12.26591098750516
178,Eritrea,3,Both,2009,15.26585614822508
29,Tonga,1,Male,1996,46.40272226483348
29,Tonga,2,Female,1996,44.94731130995129
29,Tonga,3,Both,1996,45.68429571123485
163,India,1,Male,1996,38.087495980677474
163,India,2,Female,1996,31.99523232325839
163,India,3,Both,1996,35.164175693011366
298,American Samoa,1,Male,1994,43.45832883551228
298,American Samoa,2,Female,1994,40.71574111979349
298,American Samoa,3,Both,1994,42.12712732391894
113,Guyana,1,Male,2010,24.10266123344639
113,Guyana,2,Female,2010,18.82652364559617
113,Guyana,3,Both,2010,21.4578439915174
80,France,1,Male,1996,41.29771499983143
80,France,2,Female,1996,31.98621876129945
80,France,3,Both,1996,36.51990071279186
148,Morocco,1,Male,2000,38.6789811388439
148,Morocco,2,Female,2000,30.17891634883733
148,Morocco,3,Both,2000,34.38463338592078
175,Burundi,1,Male,2021,14.3719456064135
175,Burundi,2,Female,2021,11.30839478433184
175,Burundi,3,Both,2021,12.842527693440612
216,Senegal,1,Male,1991,37.07125594666926
216,Senegal,2,Female,1991,34.27879588694416
216,Senegal,3,Both,1991,35.64121165740991
57,Belarus,1,Male,2021,47.62962935428242
57,Belarus,2,Female,2021,23.452743981339346
57,Belarus,3,Both,2021,34.708978677216216
51,Poland,1,Male,1991,57.28126811084696
51,Poland,2,Female,1991,45.493674435454615
51,Poland,3,Both,1991,51.23055953268584
69,Singapore,1,Male,1991,33.23594287460081
69,Singapore,2,Female,1991,23.39703558752278
69,Singapore,3,Both,1991,28.36586865039974
216,Senegal,1,Male,2000,35.79202514232322
216,Senegal,2,Female,2000,32.87709726650496
216,Senegal,3,Both,2000,34.31127450459991
90,Norway,1,Male,1998,40.62685885023906
90,Norway,2,Female,1998,36.43099448005555
90,Norway,3,Both,1998,38.50492671790814
186,Seychelles,1,Male,2003,38.94648417390484
186,Seychelles,2,Female,2003,26.62002189303509
186,Seychelles,3,Both,2003,32.84044483226115
78,Denmark,1,Male,1990,50.22535653407228
78,Denmark,2,Female,1990,48.10973107467857
78,Denmark,3,Both,1990,49.15220563771328
114,Haiti,1,Male,1999,18.30422700519542
114,Haiti,2,Female,1999,16.05037362051531
114,Haiti,3,Both,1999,17.14471663800748
186,Seychelles,1,Male,2009,37.20562635145223
186,Seychelles,2,Female,2009,24.2500074333447
186,Seychelles,3,Both,2009,30.92784358620043
80,France,1,Male,1999,40.49072633136086
80,France,2,Female,1999,31.62793429770918
80,France,3,Both,1999,35.93976744308805
72,New Zealand,1,Male,2002,33.87480203363869
72,New Zealand,2,Female,2002,30.43611301438456
72,New Zealand,3,Both,2002,32.12141157097753
179,Ethiopia,1,Male,2009,11.8694821000152
179,Ethiopia,2,Female,2009,9.46576137337658
179,Ethiopia,3,Both,2009,10.67952863503664
128,Guatemala,1,Male,1998,20.72656912136205
128,Guatemala,2,Female,1998,18.03387341602263
128,Guatemala,3,Both,1998,19.35477179298079
305,Bermuda,1,Male,2003,21.86044604673027
305,Bermuda,2,Female,2003,15.817041812709508
305,Bermuda,3,Both,2003,18.72591914239694
68,Republic of Korea,1,Male,2005,45.52087523037247
68,Republic of Korea,2,Female,2005,26.75621087047585
68,Republic of Korea,3,Both,2005,36.12975361509689
179,Ethiopia,1,Male,2003,12.35624395919702
179,Ethiopia,2,Female,2003,9.89443120617746
179,Ethiopia,3,Both,2003,11.13836346503098
87,Luxembourg,1,Male,1993,43.2386160069966
87,Luxembourg,2,Female,1993,36.05034313149038
87,Luxembourg,3,Both,1993,39.5788036005576
128,Guatemala,1,Male,2004,20.76424703238936
128,Guatemala,2,Female,2004,18.2057576375839
128,Guatemala,3,Both,2004,19.457568188996294
84,Ireland,1,Male,1996,43.91959711259056
84,Ireland,2,Female,1996,38.92671853254032
84,Ireland,3,Both,1996,41.40797937224919
117,Saint Vincent and the Grenadines,1,Male,2007,20.87709872475511
117,Saint Vincent and the Grenadines,2,Female,2007,14.84651511185475
117,Saint Vincent and the Grenadines,3,Both,2007,17.90615062746762
55,Slovenia,1,Male,2002,43.55921969232376
55,Slovenia,2,Female,2002,32.235392504254875
55,Slovenia,3,Both,2002,37.76904397405664
109,Cuba,1,Male,2004,40.62363305634193
109,Cuba,2,Female,2004,31.301607584280788
109,Cuba,3,Both,2004,35.971008151866144
305,Bermuda,1,Male,1995,22.06964198494876
305,Bermuda,2,Female,1995,16.22747135734538
305,Bermuda,3,Both,1995,19.05499330901046
61,Republic of Moldova,1,Male,2021,48.56489584177669
61,Republic of Moldova,2,Female,2021,18.22710180068036
61,Republic of Moldova,3,Both,2021,32.66909670726276
77,Cyprus,1,Male,1991,52.07258452362103
77,Cyprus,2,Female,1991,40.96002117144448
77,Cyprus,3,Both,1991,46.55302989804045
130,Mexico,1,Male,2004,26.89515746695027
130,Mexico,2,Female,2004,21.83168588193091
130,Mexico,3,Both,2004,24.30520352776838
186,Seychelles,1,Male,1997,41.1529819794272
186,Seychelles,2,Female,1997,30.086597127638008
186,Seychelles,3,Both,1997,35.59351573529848
145,Kuwait,1,Male,1992,44.9607265943738
145,Kuwait,2,Female,1992,41.36823219355692
145,Kuwait,3,Both,1992,43.43996132396773
55,Slovenia,1,Male,2005,44.49186420138897
55,Slovenia,2,Female,2005,33.2768278881678
55,Slovenia,3,Both,2005,38.77519743013785
117,Saint Vincent and the Grenadines,1,Male,2010,20.37274170095249
117,Saint Vincent and the Grenadines,2,Female,2010,14.048078815574211
117,Saint Vincent and the Grenadines,3,Both,2010,17.26686786535562
118,Suriname,1,Male,1999,40.47463486654655
118,Suriname,2,Female,1999,34.433112649607054
118,Suriname,3,Both,1999,37.4697865341642
67,Japan,1,Male,1999,46.35663375675937
67,Japan,2,Female,1999,29.90834301878532
67,Japan,3,Both,1999,37.96991903959532
108,Belize,1,Male,2007,21.75829535940489
108,Belize,2,Female,2007,18.49562972403758
108,Belize,3,Both,2007,20.12949617333745
183,Mauritius,1,Male,2003,33.4203021874886
183,Mauritius,2,Female,2003,26.393747297301356
183,Mauritius,3,Both,2003,29.873403193612557
112,Grenada,1,Male,1990,22.65809419664729
112,Grenada,2,Female,1990,16.21555392255796
112,Grenada,3,Both,1990,19.3840063335421
150,Oman,1,Male,1995,29.50963173877248
150,Oman,2,Female,1995,22.390008144346112
150,Oman,3,Both,1995,26.49263784038179
215,Sao Tome and Principe,1,Male,1991,9.77165011636233
215,Sao Tome and Principe,2,Female,1991,6.79058798324292
215,Sao Tome and Principe,3,Both,1991,8.26498688359477
81,Germany,1,Male,1991,43.47285780871684
81,Germany,2,Female,1991,32.61888693474062
81,Germany,3,Both,1991,37.87172663936584
208,Guinea,1,Male,1997,25.39738445278915
208,Guinea,2,Female,1997,22.21083057064801
208,Guinea,3,Both,1997,23.76747194518353
27,Samoa,1,Male,1994,45.40763952372764
27,Samoa,2,Female,1994,41.17026808952462
27,Samoa,3,Both,1994,43.38453279348261
101,Canada,1,Male,1993,43.82040152996673
101,Canada,2,Female,1993,40.838795929603776
101,Canada,3,Both,1993,42.308135591819976
183,Mauritius,1,Male,2006,32.80877617790296
183,Mauritius,2,Female,2006,25.224191123838203
183,Mauritius,3,Both,2006,28.978069448711828
90,Norway,1,Male,2009,32.32006845362921
90,Norway,2,Female,2009,24.62771218645365
90,Norway,3,Both,2009,28.461794048770773
125,Colombia,1,Male,1998,26.75370341781818
125,Colombia,2,Female,1998,22.170461239193408
125,Colombia,3,Both,1998,24.42485660888984
75,Austria,1,Male,1996,43.31396270603151
75,Austria,2,Female,1996,33.30228205811666
75,Austria,3,Both,1996,38.14122994118144
374,Niue,1,Male,2003,32.38919285051154
374,Niue,2,Female,2003,22.3062883468389
374,Niue,3,Both,2003,27.358411248179
522,Sudan,1,Male,2004,32.2761545493504
522,Sudan,2,Female,2004,24.30144457833046
522,Sudan,3,Both,2004,28.33877455761999
123,Peru,1,Male,2003,19.23342163905419
123,Peru,2,Female,2003,15.08681361101586
123,Peru,3,Both,2003,17.15911329168283
132,Panama,1,Male,1998,21.30435105694589
132,Panama,2,Female,1998,17.35404150220899
132,Panama,3,Both,1998,19.34978847810821
180,Kenya,1,Male,2021,18.71328360982551
180,Kenya,2,Female,2021,14.07961599260987
180,Kenya,3,Both,2021,16.38080033150632
374,Niue,1,Male,1995,34.90843790179915
374,Niue,2,Female,1995,24.67870989907335
374,Niue,3,Both,1995,29.822888302567375
69,Singapore,1,Male,2021,22.607807497109032
69,Singapore,2,Female,2021,12.024760527364087
69,Singapore,3,Both,2021,17.40947364306329
142,Iran (Islamic Republic of),1,Male,1992,32.69370831994981
142,Iran (Islamic Republic of),2,Female,1992,22.85397971000763
142,Iran (Islamic Republic of),3,Both,1992,27.873371760946
186,Seychelles,1,Male,2000,40.1423875537898
186,Seychelles,2,Female,2000,28.48440413002696
186,Seychelles,3,Both,2000,34.3114083872485
85,Israel,1,Male,1991,44.91774269291667
85,Israel,2,Female,1991,39.5012989123464
85,Israel,3,Both,1991,42.17980610208831
393,Saint Kitts and Nevis,1,Male,2003,20.16502085857397
393,Saint Kitts and Nevis,2,Female,2003,12.78326490400557
393,Saint Kitts and Nevis,3,Both,2003,16.46512305583125
122,Ecuador,1,Male,1999,20.185917577878023
122,Ecuador,2,Female,1999,16.10516369775191
122,Ecuador,3,Both,1999,18.133257519606698
113,Guyana,1,Male,2001,26.05325961032321
113,Guyana,2,Female,2001,21.52148578762531
113,Guyana,3,Both,2001,23.79131708635476
393,Saint Kitts and Nevis,1,Male,1995,20.555138850422992
393,Saint Kitts and Nevis,2,Female,1995,12.93591733216997
393,Saint Kitts and Nevis,3,Both,1995,16.697063175933067
145,Kuwait,1,Male,1995,44.12159663505051
145,Kuwait,2,Female,1995,39.51050440847861
145,Kuwait,3,Both,1995,42.19957910905483
191,Zambia,1,Male,2003,27.843834883898584
191,Zambia,2,Female,2003,25.85033005974349
191,Zambia,3,Both,2003,26.834187824065147
91,Portugal,1,Male,1993,40.15693331275004
91,Portugal,2,Female,1993,27.46716805322622
91,Portugal,3,Both,1993,33.59521970359662
132,Panama,1,Male,2004,17.86153903168546
132,Panama,2,Female,2004,13.586714839726891
132,Panama,3,Both,2004,15.74148858224795
422,United States Virgin Islands,1,Male,2003,19.73033728773627
422,United States Virgin Islands,2,Female,2003,13.328136071729771
422,United States Virgin Islands,3,Both,2003,16.38607514837872
184,Mozambique,1,Male,2021,22.36300144540529
184,Mozambique,2,Female,2021,19.11867100199618
184,Mozambique,3,Both,2021,20.68000088351802
89,Netherlands,1,Male,1991,47.13401803035416
89,Netherlands,2,Female,1991,42.3297642049629
89,Netherlands,3,Both,1991,44.7039334710013
112,Grenada,1,Male,2007,21.3173909101612
112,Grenada,2,Female,2007,15.354885485215512
112,Grenada,3,Both,2007,18.32390148337323
71,Australia,1,Male,1999,35.50031046575916
71,Australia,2,Female,1999,30.12507349388902
71,Australia,3,Both,1999,32.78439539754377
182,Malawi,1,Male,2006,22.501463274975787
182,Malawi,2,Female,2006,19.50737941741019
182,Malawi,3,Both,2006,20.97273154408813
191,Zambia,1,Male,1997,27.349126472000552
191,Zambia,2,Female,1997,25.72010211059942
191,Zambia,3,Both,1997,26.52234655221098
79,Finland,1,Male,1996,34.979587551304405
79,Finland,2,Female,1996,26.790836309849148
79,Finland,3,Both,1996,30.77747179217644
131,Nicaragua,1,Male,1992,32.20500067969419
131,Nicaragua,2,Female,1992,31.29844684814654
131,Nicaragua,3,Both,1992,31.74411179272536
33,Armenia,1,Male,1996,58.75085363475748
33,Armenia,2,Female,1996,37.3893772911363
33,Armenia,3,Both,1996,47.7581917036118
152,Saudi Arabia,1,Male,2000,36.07547881405927
152,Saudi Arabia,2,Female,2000,26.16260238012978
152,Saudi Arabia,3,Both,2000,31.66047397598737
62,Russian Federation,1,Male,1993,50.43616272642395
62,Russian Federation,2,Female,1993,29.9730882489194
62,Russian Federation,3,Both,1993,39.57321360581153
10,Cambodia,1,Male,1992,50.85848662218542
10,Cambodia,2,Female,1992,39.44435619827179
10,Cambodia,3,Both,1992,44.89286095749218
54,Slovakia,1,Male,2007,39.08306739754264
54,Slovakia,2,Female,2007,28.46861769646903
54,Slovakia,3,Both,2007,33.62381807931353
191,Zambia,1,Male,2000,27.30933606855028
191,Zambia,2,Female,2000,25.43369781968574
191,Zambia,3,Both,2000,26.358462390027498
214,Nigeria,1,Male,1999,11.9884284795237
214,Nigeria,2,Female,1999,10.34788574464646
214,Nigeria,3,Both,1999,11.178926700854207
59,Latvia,1,Male,2005,46.673469206258176
59,Latvia,2,Female,2005,27.26316109430553
59,Latvia,3,Both,2005,36.17717793859897
67,Japan,1,Male,2008,38.7341200415193
67,Japan,2,Female,2008,22.23167977265367
67,Japan,3,Both,2008,30.284791876787544
149,Palestine,1,Male,1995,50.50534306847973
149,Palestine,2,Female,1995,43.23010202985287
149,Palestine,3,Both,1995,46.91790787944263
75,Austria,1,Male,1999,44.61861748053415
75,Austria,2,Female,1999,34.52698141035898
75,Austria,3,Both,1999,39.410330762356885
59,Latvia,1,Male,2002,47.31363630783186
59,Latvia,2,Female,2002,27.896097624397814
59,Latvia,3,Both,2002,36.82574798856478
116,Saint Lucia,1,Male,2007,20.64803345415083
116,Saint Lucia,2,Female,2007,14.542816984294472
116,Saint Lucia,3,Both,2007,17.56614483789824
186,Seychelles,1,Male,2006,37.93550518812859
186,Seychelles,2,Female,2006,25.203714540202448
186,Seychelles,3,Both,2006,31.696762472963343
181,Madagascar,1,Male,2008,24.75618895635574
181,Madagascar,2,Female,2008,23.51331423720785
181,Madagascar,3,Both,2008,24.12895461451226
94,Switzerland,1,Male,1998,41.50632629365539
94,Switzerland,2,Female,1998,33.85744244261519
94,Switzerland,3,Both,1998,37.60533335092011
206,Gambia,1,Male,2002,33.12444985546328
206,Gambia,2,Female,2002,29.86714658739713
206,Gambia,3,Both,2002,31.477281163042907
185,Rwanda,1,Male,1994,21.210043659871214
185,Rwanda,2,Female,1994,18.20721148111282
185,Rwanda,3,Both,1994,19.64961165623254
191,Zambia,1,Male,2009,26.7121126943836
191,Zambia,2,Female,2009,25.0962316317677
191,Zambia,3,Both,2009,25.894481211149472
121,Bolivia (Plurinational State of),1,Male,2007,18.73446975469126
121,Bolivia (Plurinational State of),2,Female,2007,15.80301590958822
121,Bolivia (Plurinational State of),3,Both,2007,17.26737735395176
126,Costa Rica,1,Male,1999,29.526228949035087
126,Costa Rica,2,Female,1999,24.21934559185693
126,Costa Rica,3,Both,1999,26.87206845084035
185,Rwanda,1,Male,2005,20.15484800621364
185,Rwanda,2,Female,2005,16.68243932657244
185,Rwanda,3,Both,2005,18.35445196821387
77,Cyprus,1,Male,2021,46.78862399437979
77,Cyprus,2,Female,2021,32.58126220185777
77,Cyprus,3,Both,2021,39.58831405157929
93,Sweden,1,Male,1991,31.58415162446963
93,Sweden,2,Female,1991,29.30951143547672
93,Sweden,3,Both,1991,30.4323999755299
422,United States Virgin Islands,1,Male,1995,20.913196015678352
422,United States Virgin Islands,2,Female,1995,14.45911013367615
422,United States Virgin Islands,3,Both,1995,17.57046723792783
189,United Republic of Tanzania,1,Male,2021,21.80642248713057
189,United Republic of Tanzania,2,Female,2021,16.32365400023424
189,United Republic of Tanzania,3,Both,2021,18.98978917924665
168,Angola,1,Male,1997,16.71611951262823
168,Angola,2,Female,1997,12.357140838988313
168,Angola,3,Both,1997,14.519427170817432
195,Namibia,1,Male,2000,34.53720112903267
195,Namibia,2,Female,2000,31.65234671473946
195,Namibia,3,Both,2000,33.05681587698485
198,Zimbabwe,1,Male,1991,30.01301006201676
198,Zimbabwe,2,Female,1991,25.475815394628288
198,Zimbabwe,3,Both,1991,27.69821943885511
58,Estonia,1,Male,2007,46.608425033420296
58,Estonia,2,Female,2007,29.128653346818428
58,Estonia,3,Both,2007,37.25390472985205
195,Namibia,1,Male,2003,33.5241775558897
195,Namibia,2,Female,2003,30.75233289680567
195,Namibia,3,Both,2003,32.102517117616955
218,Togo,1,Male,1999,22.75400535309145
218,Togo,2,Female,1999,18.5142236868129
218,Togo,3,Both,1999,20.58390598395832
94,Switzerland,1,Male,2009,34.020608293078766
94,Switzerland,2,Female,2009,26.589099250674543
94,Switzerland,3,Both,2009,30.25035236672674
37,Kyrgyzstan,1,Male,1996,42.35376484684199
37,Kyrgyzstan,2,Female,1996,33.58167465690317
37,Kyrgyzstan,3,Both,1996,37.89422565758434
71,Australia,1,Male,2008,31.59035256909261
71,Australia,2,Female,2008,25.951341282859197
71,Australia,3,Both,2008,28.74057172490377
183,Mauritius,1,Male,2009,32.93389832518039
183,Mauritius,2,Female,2009,24.8109606847658
183,Mauritius,3,Both,2009,28.83005336443928
149,Palestine,1,Male,1992,50.20220020448233
149,Palestine,2,Female,1992,42.615574369932304
149,Palestine,3,Both,1992,46.44114370112554
81,Germany,1,Male,2021,33.19851207348454
81,Germany,2,Female,2021,23.43235729276551
81,Germany,3,Both,2021,28.297424617855334
136,Paraguay,1,Male,2004,35.0088864338072
136,Paraguay,2,Female,2004,28.12466586889817
136,Paraguay,3,Both,2004,31.60165232078876
153,Syrian Arab Republic,1,Male,1995,52.09072748732216
153,Syrian Arab Republic,2,Female,1995,48.20520122054869
153,Syrian Arab Republic,3,Both,1995,50.19368394174927
193,Botswana,1,Male,2021,29.973854507928287
193,Botswana,2,Female,2021,20.28422548374269
193,Botswana,3,Both,2021,25.0706049880835
83,Iceland,1,Male,1996,44.08721977729689
83,Iceland,2,Female,1996,35.50515615570783
83,Iceland,3,Both,1996,39.80545462388951
74,Andorra,1,Male,2004,40.60387186678661
74,Andorra,2,Female,2004,32.610263597669146
74,Andorra,3,Both,2004,36.77707458052995
522,Sudan,1,Male,1993,33.90063909625639
522,Sudan,2,Female,1993,25.54442614230164
522,Sudan,3,Both,1993,29.76620729163539
129,Honduras,1,Male,1998,29.51631160537806
129,Honduras,2,Female,1998,25.92032912420143
129,Honduras,3,Both,1998,27.70522935585424
105,Antigua and Barbuda,1,Male,1993,21.06759389541617
105,Antigua and Barbuda,2,Female,1993,13.29241017035332
105,Antigua and Barbuda,3,Both,1993,17.012268318536538
185,Rwanda,1,Male,2008,20.6619252449851
185,Rwanda,2,Female,2008,17.14476086367108
185,Rwanda,3,Both,2008,18.8427224725386
82,Greece,1,Male,1990,61.757611510107424
82,Greece,2,Female,1990,43.80562258228707
82,Greece,3,Both,1990,52.65639851482658
72,New Zealand,1,Male,2005,32.492282406786046
72,New Zealand,2,Female,2005,28.56542570037454
72,New Zealand,3,Both,2005,30.49004360713771
210,Liberia,1,Male,2002,17.456890411248878
210,Liberia,2,Female,2002,14.5107192232314
210,Liberia,3,Both,2002,15.98166017967223
154,Tunisia,1,Male,1995,53.17652131665452
154,Tunisia,2,Female,1995,44.08099290463693
154,Tunisia,3,Both,1995,48.677192746846906
128,Guatemala,1,Male,2001,20.80936702944771
128,Guatemala,2,Female,2001,18.18611355031536
128,Guatemala,3,Both,2001,19.47149085562934
107,Barbados,1,Male,1995,17.21265989141646
107,Barbados,2,Female,1995,11.00067956962289
107,Barbados,3,Both,1995,13.9892562886312
139,Algeria,1,Male,2004,40.21327438193085
139,Algeria,2,Female,2004,30.40148881641633
139,Algeria,3,Both,2004,35.36612152279426
79,Finland,1,Male,1999,34.11629323230158
79,Finland,2,Female,1999,25.47587415626282
79,Finland,3,Both,1999,29.688503509263548
190,Uganda,1,Male,2005,20.90052774360092
190,Uganda,2,Female,2005,19.87244346942799
190,Uganda,3,Both,2005,20.37556483333028
187,Somalia,1,Male,2006,23.58904745150801
187,Somalia,2,Female,2006,19.943510306868028
187,Somalia,3,Both,2006,21.815909090107567
85,Israel,1,Male,2021,33.70241169768531
85,Israel,2,Female,2021,24.853504342160072
85,Israel,3,Both,2021,29.260663907424
107,Barbados,1,Male,2006,15.39713216224208
107,Barbados,2,Female,2006,9.38452963139807
107,Barbados,3,Both,2006,12.27333536327466
88,Malta,1,Male,1996,46.182389032431445
88,Malta,2,Female,1996,35.98911365155067
88,Malta,3,Both,1996,41.03137957495671
8,Taiwan (Province of China),1,Male,1991,50.74925412231146
8,Taiwan (Province of China),2,Female,1991,38.696314067370366
8,Taiwan (Province of China),3,Both,1991,44.92049466185202
76,Belgium,1,Male,2002,41.4153923535708
76,Belgium,2,Female,2002,32.92226292672512
76,Belgium,3,Both,2002,37.0762960550728
66,Brunei Darussalam,1,Male,1993,44.59854886905621
66,Brunei Darussalam,2,Female,1993,39.45365242336479
66,Brunei Darussalam,3,Both,1993,42.15225422055352
117,Saint Vincent and the Grenadines,1,Male,2001,22.18894433514459
117,Saint Vincent and the Grenadines,2,Female,2001,16.85497941220824
117,Saint Vincent and the Grenadines,3,Both,2001,19.5488303642151
14,Maldives,1,Male,1997,49.63981227102828
14,Maldives,2,Female,1997,45.01538463996983
14,Maldives,3,Both,1997,47.36529879193075
84,Ireland,1,Male,1999,42.51636596475486
84,Ireland,2,Female,1999,37.51974565726428
84,Ireland,3,Both,1999,40.00269131719719
202,Cameroon,1,Male,1991,23.26053917205804
202,Cameroon,2,Female,1991,20.59264097637071
202,Cameroon,3,Both,1991,21.90751200040553
98,Chile,1,Male,1990,46.77884277216934
98,Chile,2,Female,1990,45.39176839967964
98,Chile,3,Both,1990,46.07283305220291
121,Bolivia (Plurinational State of),1,Male,2010,19.02958514525099
121,Bolivia (Plurinational State of),2,Female,2010,16.12784911133277
121,Bolivia (Plurinational State of),3,Both,2010,17.57815169934461
8,Taiwan (Province of China),1,Male,2008,43.21654109928208
8,Taiwan (Province of China),2,Female,2008,25.94098254708463
8,Taiwan (Province of China),3,Both,2008,34.65804954825999
125,Colombia,1,Male,2007,22.52004730203195
125,Colombia,2,Female,2007,17.92202926660479
125,Colombia,3,Both,2007,20.1787910190292
62,Russian Federation,1,Male,2007,51.65877702948687
62,Russian Federation,2,Female,2007,30.43948584727707
62,Russian Federation,3,Both,2007,40.29134317371516
98,Chile,1,Male,1991,46.62703649284941
98,Chile,2,Female,1991,45.22320482371299
98,Chile,3,Both,1991,45.91296635822015
190,Uganda,1,Male,2008,19.24405328528567
190,Uganda,2,Female,2008,17.93544628763468
190,Uganda,3,Both,2008,18.576892157166668
146,Lebanon,1,Male,1992,50.39355055035579
146,Lebanon,2,Female,1992,39.76591417049894
146,Lebanon,3,Both,1992,45.04404202235552
214,Nigeria,1,Male,2002,11.744165327706629
214,Nigeria,2,Female,2002,10.0102718881034
214,Nigeria,3,Both,2002,10.890045852126333
143,Iraq,1,Male,2004,47.64847154085819
143,Iraq,2,Female,2004,39.84856795655982
143,Iraq,3,Both,2004,43.91590743304568
298,American Samoa,1,Male,1991,43.57589517861732
298,American Samoa,2,Female,1991,41.13059846728496
298,American Samoa,3,Both,1991,42.38900452602221
197,Eswatini,1,Male,2021,16.20127354048061
197,Eswatini,2,Female,2021,12.531577749103128
197,Eswatini,3,Both,2021,14.33124630085195
109,Cuba,1,Male,1993,42.75334747944424
109,Cuba,2,Female,1993,35.25201423929349
109,Cuba,3,Both,1993,39.023531462303126
78,Denmark,1,Male,2004,40.79302958309203
78,Denmark,2,Female,2004,35.49430233369796
78,Denmark,3,Both,2004,38.11455586590908
130,Mexico,1,Male,1999,32.091792061240085
130,Mexico,2,Female,1999,28.05202385567132
130,Mexico,3,Both,1999,30.030929045768616
351,Guam,1,Male,1994,37.46119981959823
351,Guam,2,Female,1994,31.37234101165714
351,Guam,3,Both,1994,34.5799622486829
102,United States of America,1,Male,1991,41.80976357439295
102,United States of America,2,Female,1991,36.27364533092262
102,United States of America,3,Both,1991,38.97869317341418
172,Equatorial Guinea,1,Male,1997,35.04138034241698
172,Equatorial Guinea,2,Female,1997,30.87013366069805
172,Equatorial Guinea,3,Both,1997,32.90496199393494
80,France,1,Male,2002,39.66650623049033
80,France,2,Female,2002,31.294125843431047
80,France,3,Both,2002,35.36312170722533
121,Bolivia (Plurinational State of),1,Male,2001,18.825228691029288
121,Bolivia (Plurinational State of),2,Female,2001,15.845366980974628
121,Bolivia (Plurinational State of),3,Both,2001,17.32972003236998
206,Gambia,1,Male,1991,34.11586116103097
206,Gambia,2,Female,1991,34.94035149924431
206,Gambia,3,Both,1991,34.527877040663405
41,Uzbekistan,1,Male,1996,28.81838780207209
41,Uzbekistan,2,Female,1996,20.79087994133613
41,Uzbekistan,3,Both,1996,24.765202034091267
116,Saint Lucia,1,Male,1990,23.301312608443308
116,Saint Lucia,2,Female,1990,18.377455936071392
116,Saint Lucia,3,Both,1990,20.77790003848348
136,Paraguay,1,Male,1998,38.79638064793046
136,Paraguay,2,Female,1998,32.76634198629547
136,Paraguay,3,Both,1998,35.80639449511277
76,Belgium,1,Male,2021,32.71201977208162
76,Belgium,2,Female,2021,24.52502591924031
76,Belgium,3,Both,2021,28.55687612327195
127,El Salvador,1,Male,2003,16.83407450676142
127,El Salvador,2,Female,2003,12.3309118370887
127,El Salvador,3,Both,2003,14.48195616175873
60,Lithuania,1,Male,1991,44.42747283424516
60,Lithuania,2,Female,1991,28.27834656544245
60,Lithuania,3,Both,1991,35.90846884243687
156,United Arab Emirates,1,Male,2000,34.390758434121736
156,United Arab Emirates,2,Female,2000,30.56943104643737
156,United Arab Emirates,3,Both,2000,33.14414998755148
106,Bahamas,1,Male,1991,21.26550136818654
106,Bahamas,2,Female,1991,13.7252726265685
106,Bahamas,3,Both,1991,17.421815064174933
66,Brunei Darussalam,1,Male,2007,35.36868194101017
66,Brunei Darussalam,2,Female,2007,24.21172138879697
66,Brunei Darussalam,3,Both,2007,29.91596289421784
113,Guyana,1,Male,1993,27.511760592654586
113,Guyana,2,Female,1993,23.02542686959818
113,Guyana,3,Both,1993,25.249136319279657
190,Uganda,1,Male,1994,20.17442535961556
190,Uganda,2,Female,1994,19.117505228753
190,Uganda,3,Both,1994,19.63582945450801
147,Libya,1,Male,2004,47.00409620768273
147,Libya,2,Female,2004,36.71535614864681
147,Libya,3,Both,2004,42.03845744831217
201,Burkina Faso,1,Male,2021,20.85379124326236
201,Burkina Faso,2,Female,2021,18.69822208009277
201,Burkina Faso,3,Both,2021,19.74133736293627
111,Dominican Republic,1,Male,2006,23.89537150960087
111,Dominican Republic,2,Female,2006,20.8368853224825
111,Dominican Republic,3,Both,2006,22.3688419222068
133,Venezuela (Bolivarian Republic of),1,Male,1998,32.10139169091218
133,Venezuela (Bolivarian Republic of),2,Female,1998,28.31547143740132
133,Venezuela (Bolivarian Republic of),3,Both,1998,30.1899804605899
187,Somalia,1,Male,2009,22.93426253500939
187,Somalia,2,Female,2009,19.09642798197489
187,Somalia,3,Both,2009,21.064973728292948
82,Greece,1,Male,2004,56.31290783377517
82,Greece,2,Female,2004,41.799587699664094
82,Greece,3,Both,2004,48.99823533194778
111,Dominican Republic,1,Male,1995,24.513816964490857
111,Dominican Republic,2,Female,1995,21.71802222568832
111,Dominican Republic,3,Both,1995,23.08750175995628
110,Dominica,1,Male,1991,23.43218803570453
110,Dominica,2,Female,1991,16.55967533467668
110,Dominica,3,Both,1991,19.976871845804386
212,Mauritania,1,Male,1997,35.45643444523048
212,Mauritania,2,Female,1997,33.922165908741455
212,Mauritania,3,Both,1997,34.68200867421298
298,American Samoa,1,Male,2000,42.98223053552132
298,American Samoa,2,Female,2000,39.54368030630927
298,American Samoa,3,Both,2000,41.30427325032598
187,Somalia,1,Male,2003,23.96040791599995
187,Somalia,2,Female,2003,20.21820855365894
187,Somalia,3,Both,2003,22.14032390284342
210,Liberia,1,Male,1991,17.02812304422402
210,Liberia,2,Female,1991,14.212493507699008
210,Liberia,3,Both,1991,15.59283320730341
84,Ireland,1,Male,2002,40.61481238298032
84,Ireland,2,Female,2002,36.07590611458057
84,Ireland,3,Both,2002,38.335910602612586
74,Andorra,1,Male,1993,45.286073008679054
74,Andorra,2,Female,1993,38.60973314126559
74,Andorra,3,Both,1993,42.16939216657826
88,Malta,1,Male,1999,43.71590428655439
88,Malta,2,Female,1999,33.10251283585851
88,Malta,3,Both,1999,38.358538518039694
95,United Kingdom,1,Male,1998,40.62918062816529
95,United Kingdom,2,Female,1998,36.35626261164592
95,United Kingdom,3,Both,1998,38.43639399557523
129,Honduras,1,Male,2007,26.65493568495867
129,Honduras,2,Female,2007,22.65375777135132
129,Honduras,3,Both,2007,24.624139887258607
131,Nicaragua,1,Male,2003,28.45244431962064
131,Nicaragua,2,Female,2003,27.158716846787488
131,Nicaragua,3,Both,2003,27.79719133594605
114,Haiti,1,Male,1991,20.62187679728869
114,Haiti,2,Female,1991,18.73050967010351
114,Haiti,3,Both,1991,19.64966512393672
160,Afghanistan,1,Male,2000,23.63886322849317
160,Afghanistan,2,Female,2000,16.41674462932552
160,Afghanistan,3,Both,2000,20.04174992640927
117,Saint Vincent and the Grenadines,1,Male,1993,23.67017641892342
117,Saint Vincent and the Grenadines,2,Female,1993,19.58875457711455
117,Saint Vincent and the Grenadines,3,Both,1993,21.63584375514585
205,Côte d'Ivoire,1,Male,2021,21.665142491145534
205,Côte d'Ivoire,2,Female,2021,18.15190736113301
205,Côte d'Ivoire,3,Both,2021,19.96609020842799
151,Qatar,1,Male,2004,31.0518652856553
151,Qatar,2,Female,2004,21.62369344591463
151,Qatar,3,Both,2004,27.89533615578133
194,Lesotho,1,Male,2008,34.4670837401703
194,Lesotho,2,Female,2008,27.61940086606019
194,Lesotho,3,Both,2008,30.85976505933311
196,South Africa,1,Male,2006,34.09932766026469
196,South Africa,2,Female,2006,28.028930476806764
196,South Africa,3,Both,2006,30.961834013195222
118,Suriname,1,Male,1991,40.184795778890496
118,Suriname,2,Female,1991,35.00523581056219
118,Suriname,3,Both,1991,37.60830122918656
92,Spain,1,Male,1996,53.17215544929971
92,Spain,2,Female,1996,36.16096043972457
92,Spain,3,Both,1996,44.47696514559467
194,Lesotho,1,Male,2005,32.79397123546771
194,Lesotho,2,Female,2005,25.4650953545704
194,Lesotho,3,Both,2005,28.90479869821563
115,Jamaica,1,Male,1995,31.69221237266947
115,Jamaica,2,Female,1995,26.16014402681008
115,Jamaica,3,Both,1995,28.87827458240213
216,Senegal,1,Male,1997,36.39002664239947
216,Senegal,2,Female,1997,33.37756965081679
216,Senegal,3,Both,1997,34.85461315086027
74,Andorra,1,Male,2001,41.70332060165689
74,Andorra,2,Female,2001,33.24641556337827
74,Andorra,3,Both,2001,37.63261095448553
88,Malta,1,Male,2002,41.27443384168672
88,Malta,2,Female,2002,30.442041674920624
88,Malta,3,Both,2002,35.81244023141019
76,Belgium,1,Male,2005,39.82685259724078
76,Belgium,2,Female,2005,31.43482281224681
76,Belgium,3,Both,2005,35.54104528856919
209,Guinea-Bissau,1,Male,2021,13.998997032033287
209,Guinea-Bissau,2,Female,2021,11.13272401903228
209,Guinea-Bissau,3,Both,2021,12.53163109351938
99,Uruguay,1,Male,1998,45.9537977671316
99,Uruguay,2,Female,1998,36.202798622735614
99,Uruguay,3,Both,1998,40.93053448100782
113,Guyana,1,Male,2004,25.35721269627227
113,Guyana,2,Female,2004,20.61794467047236
113,Guyana,3,Both,2004,22.99464507746209
122,Ecuador,1,Male,1991,24.047635496289622
122,Ecuador,2,Female,1991,20.1978978219825
122,Ecuador,3,Both,1991,22.11198576987392
133,Venezuela (Bolivarian Republic of),1,Male,2007,28.60283237949336
133,Venezuela (Bolivarian Republic of),2,Female,2007,23.59204974368652
133,Venezuela (Bolivarian Republic of),3,Both,2007,26.08591648300477
121,Bolivia (Plurinational State of),1,Male,1993,22.01967925146192
121,Bolivia (Plurinational State of),2,Female,1993,19.65795238670245
121,Bolivia (Plurinational State of),3,Both,1993,20.82706186956122
369,Nauru,1,Male,1994,49.72592010912346
369,Nauru,2,Female,1994,48.76056777585574
369,Nauru,3,Both,1994,49.25673486664411
213,Niger,1,Male,2021,15.224298553532508
213,Niger,2,Female,2021,13.36348350577952
213,Niger,3,Both,2021,14.28796658125482
155,Turkey,1,Male,2004,55.3024726078659
155,Turkey,2,Female,2004,42.857972451639306
155,Turkey,3,Both,2004,49.14672645864441
218,Togo,1,Male,2002,21.94675746593012
218,Togo,2,Female,2002,17.78174611575827
218,Togo,3,Both,2002,19.81698398314285
194,Lesotho,1,Male,1994,30.849000386061658
194,Lesotho,2,Female,1994,23.53997323852063
194,Lesotho,3,Both,1994,26.90650376197149
86,Italy,1,Male,2004,37.77414618881555
86,Italy,2,Female,2004,28.684091210534103
86,Italy,3,Both,2004,33.09223704846403
126,Costa Rica,1,Male,1991,33.71667443352944
126,Costa Rica,2,Female,1991,28.42088188186489
126,Costa Rica,3,Both,1991,31.071625796114223
78,Denmark,1,Male,1993,48.64381618645206
78,Denmark,2,Female,1993,46.66556432015868
78,Denmark,3,Both,1993,47.640840426832
214,Nigeria,1,Male,1991,12.36628751996275
214,Nigeria,2,Female,1991,11.04981195520663
214,Nigeria,3,Both,1991,11.70939032499987
125,Colombia,1,Male,2001,25.83321697710217
125,Colombia,2,Female,2001,21.42485789886807
125,Colombia,3,Both,2001,23.59123807906487
6,China,1,Male,2011,50.65286326452721
6,China,2,Female,2011,31.95752672736616
6,China,3,Both,2011,41.50762017204144
150,Oman,1,Male,1992,30.9474993552605
150,Oman,2,Female,1992,24.821055709670254
150,Oman,3,Both,1992,28.40187255383083
68,Republic of Korea,1,Male,2008,43.15100039246264
68,Republic of Korea,2,Female,2008,23.729224953019408
68,Republic of Korea,3,Both,2008,33.40485949321689
200,Benin,1,Male,2006,16.017054635643362
200,Benin,2,Female,2006,14.129425654265471
200,Benin,3,Both,2006,15.04995483796109
176,Comoros,1,Male,1997,29.77894699382143
176,Comoros,2,Female,1997,25.37620035468387
176,Comoros,3,Both,1997,27.55843782475861
217,Sierra Leone,1,Male,2021,27.03555412370176
217,Sierra Leone,2,Female,2021,23.75405549776412
217,Sierra Leone,3,Both,2021,25.38302133102603
45,Bulgaria,1,Male,1996,58.20593074975638
45,Bulgaria,2,Female,1996,41.90650706707963
45,Bulgaria,3,Both,1996,49.88043401427059
196,South Africa,1,Male,2009,32.27306283399088
196,South Africa,2,Female,2009,26.018182432600916
196,South Africa,3,Both,2009,29.05400740326305
162,Bhutan,1,Male,1995,24.2283348929237
162,Bhutan,2,Female,1995,18.54626004653799
162,Bhutan,3,Both,1995,21.51834557432833
35,Georgia,1,Male,1994,49.63219222903497
35,Georgia,2,Female,1994,29.476691551378455
35,Georgia,3,Both,1994,38.998371876735
92,Spain,1,Male,1999,51.6194370472381
92,Spain,2,Female,1999,35.64241630443478
92,Spain,3,Both,1999,43.46286815867333
376,Northern Mariana Islands,1,Male,2010,36.06080799233141
376,Northern Mariana Islands,2,Female,2010,29.205677796074745
376,Northern Mariana Islands,3,Both,2010,32.73362968005285
125,Colombia,1,Male,1993,28.64620491352725
125,Colombia,2,Female,1993,23.98190444288069
125,Colombia,3,Both,1993,26.28151748380853
97,Argentina,1,Male,1996,43.63710198063555
97,Argentina,2,Female,1996,38.27653100642594
97,Argentina,3,Both,1996,40.89292696835908
130,Mexico,1,Male,1991,40.02551077890005
130,Mexico,2,Female,1991,38.69267200891926
130,Mexico,3,Both,1991,39.34898384894817
80,France,1,Male,2005,38.737860399565136
80,France,2,Female,2005,30.76437381059255
80,France,3,Both,2005,34.63619209006506
196,South Africa,1,Male,2003,35.74554538849417
196,South Africa,2,Female,2003,29.811988370467414
196,South Africa,3,Both,2003,32.665867262047286
154,Tunisia,1,Male,1992,53.540454348957454
154,Tunisia,2,Female,1992,45.66014576983552
154,Tunisia,3,Both,1992,49.649661677050126
351,Guam,1,Male,2000,37.41878416575527
351,Guam,2,Female,2000,30.5101041715788
351,Guam,3,Both,2000,34.044367495619134
80,France,1,Male,2021,34.33948064680707
80,France,2,Female,2021,27.19670295204301
80,France,3,Both,2021,30.65939723089272
125,Colombia,1,Male,2010,20.56270164436443
125,Colombia,2,Female,2010,15.834549971044702
125,Colombia,3,Both,2010,18.15263503388345
351,Guam,1,Male,1991,37.46862331211145
351,Guam,2,Female,1991,31.32038273372788
351,Guam,3,Both,1991,34.59489418338246
95,United Kingdom,1,Male,2009,34.35242630430856
95,United Kingdom,2,Female,2009,30.53219718774658
95,United Kingdom,3,Both,2009,32.40777469952998
200,Benin,1,Male,2009,14.16194700192793
200,Benin,2,Female,2009,12.12720131969536
200,Benin,3,Both,2009,13.121427969152618
385,Puerto Rico,1,Male,1994,19.47368974959253
385,Puerto Rico,2,Female,1994,14.9418515087871
385,Puerto Rico,3,Both,1994,17.13492728547773
200,Benin,1,Male,2003,17.555102272824723
200,Benin,2,Female,2003,15.62453710729831
200,Benin,3,Both,2003,16.564808891528042
39,Tajikistan,1,Male,1994,40.06284175417135
39,Tajikistan,2,Female,1994,32.43080662159934
39,Tajikistan,3,Both,1994,36.23491416632737
92,Spain,1,Male,2002,50.758552419838985
92,Spain,2,Female,2002,36.41781831742578
92,Spain,3,Both,2002,43.46624190670267
369,Nauru,1,Male,2000,50.58073141765659
369,Nauru,2,Female,2000,49.81545085036974
369,Nauru,3,Both,2000,50.20638851559909
72,New Zealand,1,Male,2008,30.99933705420269
72,New Zealand,2,Female,2008,26.487897730040288
72,New Zealand,3,Both,2008,28.6965650406925
129,Honduras,1,Male,1993,30.38789981179657
129,Honduras,2,Female,1993,26.38377392385039
129,Honduras,3,Both,1993,28.37301745406463
84,Ireland,1,Male,2021,28.40666884520595
84,Ireland,2,Female,2021,23.80591453242952
84,Ireland,3,Both,2021,26.08102628444205
43,Albania,1,Male,1994,49.52776116208687
43,Albania,2,Female,1994,35.28388535462901
43,Albania,3,Both,1994,42.53143100291583
129,Honduras,1,Male,2010,25.995392764679657
129,Honduras,2,Female,2010,22.062533691899866
129,Honduras,3,Both,2010,23.992922491210848
84,Ireland,1,Male,2005,38.080639200864255
84,Ireland,2,Female,2005,34.290780454953115
84,Ireland,3,Both,2005,36.18563128262197
298,American Samoa,1,Male,1997,43.25403760221148
298,American Samoa,2,Female,1997,40.18684419969255
298,American Samoa,3,Both,1997,41.76240635707924
88,Malta,1,Male,2021,33.22237577493968
88,Malta,2,Female,2021,23.40597818528195
88,Malta,3,Both,2021,28.31755334080902
142,Iran (Islamic Republic of),1,Male,1998,31.72082203369492
142,Iran (Islamic Republic of),2,Female,1998,21.26298366933973
142,Iran (Islamic Republic of),3,Both,1998,26.58262365513942
129,Honduras,1,Male,2001,28.81817992811469
129,Honduras,2,Female,2001,25.47568806992516
129,Honduras,3,Both,2001,27.13220211725382
305,Bermuda,1,Male,2021,20.2451806516256
305,Bermuda,2,Female,2021,13.63459917199546
305,Bermuda,3,Both,2021,16.83009054793032
163,India,1,Male,2004,35.154416604110025
163,India,2,Female,2004,29.22241735622229
163,India,3,Both,2004,32.29159351086362
117,Saint Vincent and the Grenadines,1,Male,2004,21.46994565484777
117,Saint Vincent and the Grenadines,2,Female,2004,15.77654087758526
117,Saint Vincent and the Grenadines,3,Both,2004,18.658051766198668
68,Republic of Korea,1,Male,1991,52.90633715224969
68,Republic of Korea,2,Female,1991,41.271443980888826
68,Republic of Korea,3,Both,1991,47.11628733072828
101,Canada,1,Male,1996,42.13544268019722
101,Canada,2,Female,1996,38.89818852934649
101,Canada,3,Both,1996,40.490659024920674
47,Czechia,1,Male,1994,47.78971759922215
47,Czechia,2,Female,1994,36.41338822788496
47,Czechia,3,Both,1994,41.93583258763317
133,Venezuela (Bolivarian Republic of),1,Male,2010,27.43143566233751
133,Venezuela (Bolivarian Republic of),2,Female,2010,21.84893489391834
133,Venezuela (Bolivarian Republic of),3,Both,2010,24.62866345857108
369,Nauru,1,Male,1991,49.19527161799656
369,Nauru,2,Female,1991,48.27070340023612
369,Nauru,3,Both,1991,48.74820501744145
13,Malaysia,1,Male,1999,43.71975304475771
13,Malaysia,2,Female,1999,36.44534595128461
13,Malaysia,3,Both,1999,40.14911388947175
97,Argentina,1,Male,1999,43.197615145152966
97,Argentina,2,Female,1999,37.80925747636088
97,Argentina,3,Both,1999,40.43766870994281
142,Iran (Islamic Republic of),1,Male,2007,31.53166822291709
142,Iran (Islamic Republic of),2,Female,2007,21.42987343132391
142,Iran (Islamic Republic of),3,Both,2007,26.56350330724467
135,Brazil,1,Male,1992,47.58637342559295
135,Brazil,2,Female,1992,43.82440242628568
135,Brazil,3,Both,1992,45.68156926919143
115,Jamaica,1,Male,2006,26.78412028177979
115,Jamaica,2,Female,2006,20.3662779388742
115,Jamaica,3,Both,2006,23.53972575130012
92,Spain,1,Male,2021,35.80781421122121
92,Spain,2,Female,2021,24.73125550186046
92,Spain,3,Both,2021,30.14431826613597
97,Argentina,1,Male,2002,42.53217987628856
97,Argentina,2,Female,2002,37.12041562738018
97,Argentina,3,Both,2002,39.75996308437226
374,Niue,1,Male,2021,30.928872471330536
374,Niue,2,Female,2021,20.36023424265815
374,Niue,3,Both,2021,25.67592068750827
133,Venezuela (Bolivarian Republic of),1,Male,1993,34.57053159885807
133,Venezuela (Bolivarian Republic of),2,Female,1993,30.80822168682509
133,Venezuela (Bolivarian Republic of),3,Both,1993,32.67677024691829
121,Bolivia (Plurinational State of),1,Male,2004,18.58899352530992
121,Bolivia (Plurinational State of),2,Female,2004,15.59691291957174
121,Bolivia (Plurinational State of),3,Both,2004,17.08994856455105
204,Chad,1,Male,2006,21.01833699397609
204,Chad,2,Female,2006,19.06362956968199
204,Chad,3,Both,2006,20.02495316340316
146,Lebanon,1,Male,1998,54.476851349934144
146,Lebanon,2,Female,1998,44.71313504662522
146,Lebanon,3,Both,1998,49.58474933712359
170,Congo,1,Male,1995,19.581940124328128
170,Congo,2,Female,1995,14.29201812542675
170,Congo,3,Both,1995,16.88932946832673
385,Puerto Rico,1,Male,2000,18.61348649020725
385,Puerto Rico,2,Female,2000,13.86123975966028
385,Puerto Rico,3,Both,2000,16.15246539196648
416,Tuvalu,1,Male,1994,43.58677505719551
416,Tuvalu,2,Female,1994,38.350003557065335
416,Tuvalu,3,Both,1994,40.902397756876354
393,Saint Kitts and Nevis,1,Male,2021,15.4772765278726
393,Saint Kitts and Nevis,2,Female,2021,8.67926431489832
393,Saint Kitts and Nevis,3,Both,2021,12.07634994894147
396,San Marino,1,Male,2010,33.01617248904245
396,San Marino,2,Female,2010,24.436511630066025
396,San Marino,3,Both,2010,28.58792488006026
78,Denmark,1,Male,2001,43.1653223460968
78,Denmark,2,Female,2001,39.42806831584768
78,Denmark,3,Both,2001,41.27474315691253
102,United States of America,1,Male,1990,42.20743932972496
102,United States of America,2,Female,1990,36.559064902803
102,United States of America,3,Both,1990,39.31739123199112
90,Norway,1,Male,2004,36.30719991941768
90,Norway,2,Female,2004,29.82102483302272
90,Norway,3,Both,2004,33.03429653900442
422,United States Virgin Islands,1,Male,2021,16.18672201509493
422,United States Virgin Islands,2,Female,2021,9.96847075578241
422,United States Virgin Islands,3,Both,2021,12.98601203752633
198,Zimbabwe,1,Male,1994,29.55488405422292
198,Zimbabwe,2,Female,1994,24.540869085214688
198,Zimbabwe,3,Both,1994,26.991775820521653
119,Trinidad and Tobago,1,Male,2006,28.81159221941524
119,Trinidad and Tobago,2,Female,2006,23.10505181468297
119,Trinidad and Tobago,3,Both,2006,25.970932068820613
135,Brazil,1,Male,2003,36.86319885054992
135,Brazil,2,Female,2003,32.69009946030718
135,Brazil,3,Both,2003,34.74671349462337
99,Uruguay,1,Male,2009,39.887049346506345
99,Uruguay,2,Female,2009,30.96563485032845
99,Uruguay,3,Both,2009,35.26465112025886
181,Madagascar,1,Male,1997,32.331301892937766
181,Madagascar,2,Female,1997,32.62802387101803
181,Madagascar,3,Both,1997,32.4803920660152
106,Bahamas,1,Male,1990,21.442185042639768
106,Bahamas,2,Female,1990,13.89492077812653
106,Bahamas,3,Both,1990,17.59392887588251
82,Greece,1,Male,2001,57.5239216623544
82,Greece,2,Female,2001,41.60466098974949
82,Greece,3,Both,2001,49.50783063018936
320,Cook Islands,1,Male,1999,39.76729360203809
320,Cook Islands,2,Female,1999,35.07882523644834
320,Cook Islands,3,Both,1999,37.50284423216867
198,Zimbabwe,1,Male,2008,28.53106371110069
198,Zimbabwe,2,Female,2008,23.2816187142787
198,Zimbabwe,3,Both,2008,25.82070936946595
351,Guam,1,Male,1997,37.54361197084525
351,Guam,2,Female,1997,31.19412330399011
351,Guam,3,Both,1997,34.48482762882651
107,Barbados,1,Male,1998,17.06709576786965
107,Barbados,2,Female,1998,10.80593766454916
107,Barbados,3,Both,1998,13.81430868469398
119,Trinidad and Tobago,1,Male,1995,32.0594651865189
119,Trinidad and Tobago,2,Female,1995,26.576046978865957
119,Trinidad and Tobago,3,Both,1995,29.32394932971505
198,Zimbabwe,1,Male,2005,29.077844888795862
198,Zimbabwe,2,Female,2005,23.81333935564045
198,Zimbabwe,3,Both,2005,26.36260619731134
86,Italy,1,Male,1990,46.52157468722654
86,Italy,2,Female,1990,37.601755175896265
86,Italy,3,Both,1990,41.93097477949906
49,North Macedonia,1,Male,1996,60.90436586658888
49,North Macedonia,2,Female,1996,48.94153212433607
49,North Macedonia,3,Both,1996,54.93081568106896
153,Syrian Arab Republic,1,Male,1992,52.48124541377754
153,Syrian Arab Republic,2,Female,1992,49.0400268871957
153,Syrian Arab Republic,3,Both,1992,50.79971028725261
75,Austria,1,Male,2008,42.447807900514064
75,Austria,2,Female,2008,32.78113042472103
75,Austria,3,Both,2008,37.48642620077477
87,Luxembourg,1,Male,1996,42.34316496470351
87,Luxembourg,2,Female,1996,35.692528025648
87,Luxembourg,3,Both,1996,38.96219747014857
133,Venezuela (Bolivarian Republic of),1,Male,2001,30.77195473234095
133,Venezuela (Bolivarian Republic of),2,Female,2001,26.78367814240676
133,Venezuela (Bolivarian Republic of),3,Both,2001,28.76062895441127
88,Malta,1,Male,2005,39.19879352695682
88,Malta,2,Female,2005,28.33650905217296
88,Malta,3,Both,2005,33.72751242687342
51,Poland,1,Male,1994,54.955899287169
51,Poland,2,Female,1994,43.5899794625316
51,Poland,3,Both,1994,49.113270325099926
204,Chad,1,Male,2003,21.92155572027234
204,Chad,2,Female,2003,19.5906373531793
204,Chad,3,Both,2003,20.733038534990985
90,Norway,1,Male,1990,43.1240302367662
90,Norway,2,Female,1990,39.78549213078471
90,Norway,3,Both,1990,41.4355639559782
91,Portugal,1,Male,1996,39.36744156681645
91,Portugal,2,Female,1996,26.206611445253
91,Portugal,3,Both,1996,32.56821750154148
218,Togo,1,Male,1991,23.96519194610101
218,Togo,2,Female,1991,20.40509048435136
218,Togo,3,Both,1991,22.141302135791697
94,Switzerland,1,Male,2004,36.54564478108335
94,Switzerland,2,Female,2004,28.96492269485015
94,Switzerland,3,Both,2004,32.67861670602626
82,Greece,1,Male,1993,60.87086615708489
82,Greece,2,Female,1993,42.93294471587442
82,Greece,3,Both,1993,51.80716027555016
71,Australia,1,Male,2021,26.08647352316737
71,Australia,2,Female,2021,20.10494846543918
71,Australia,3,Both,2021,23.06044587337224
128,Guatemala,1,Male,2007,20.58296885172086
128,Guatemala,2,Female,2007,18.16844123613918
128,Guatemala,3,Both,2007,19.34712811121705
204,Chad,1,Male,2009,19.67236295011877
204,Chad,2,Female,2009,17.71758459744352
204,Chad,3,Both,2009,18.6820159394328
191,Zambia,1,Male,2006,27.68818764841373
191,Zambia,2,Female,2006,26.14937805738652
191,Zambia,3,Both,2006,26.90922980097195
13,Malaysia,1,Male,2010,40.64961259545744
13,Malaysia,2,Female,2010,33.171394946120984
13,Malaysia,3,Both,2010,37.022495504141176
74,Andorra,1,Male,2007,39.39685542048979
74,Andorra,2,Female,2007,31.48773660575029
74,Andorra,3,Both,2007,35.626558764546786
164,Nepal,1,Male,2000,50.51910499284848
164,Nepal,2,Female,2000,49.65331867086054
164,Nepal,3,Both,2000,50.08707758232976
123,Peru,1,Male,2006,17.45345743789979
123,Peru,2,Female,2006,13.0954490255316
123,Peru,3,Both,2006,15.276558741421582
202,Cameroon,1,Male,2008,18.32614712641846
202,Cameroon,2,Female,2008,15.685324628409791
202,Cameroon,3,Both,2008,16.996454989152372
17,Sri Lanka,1,Male,1999,32.16625898686708
17,Sri Lanka,2,Female,1999,25.57511022179031
17,Sri Lanka,3,Both,1999,28.83037586836339
110,Dominica,1,Male,1990,23.60744377125377
110,Dominica,2,Female,1990,16.78390582227495
110,Dominica,3,Both,1990,20.17704529629667
127,El Salvador,1,Male,2006,17.3523553193979
127,El Salvador,2,Female,2006,12.683787038849989
127,El Salvador,3,Both,2006,14.90344012504295
86,Italy,1,Male,2001,39.60000268431993
86,Italy,2,Female,2001,29.704155155303567
86,Italy,3,Both,2001,34.49382507620495
385,Puerto Rico,1,Male,1991,19.79009453359464
385,Puerto Rico,2,Female,1991,15.4149404382981
385,Puerto Rico,3,Both,1991,17.53649101116148
202,Cameroon,1,Male,2005,19.61605298821015
202,Cameroon,2,Female,2005,16.893404181867417
202,Cameroon,3,Both,2005,18.24246747105224
111,Dominican Republic,1,Male,1998,24.93192399592046
111,Dominican Republic,2,Female,1998,22.08020808165133
111,Dominican Republic,3,Both,1998,23.48661737370715
150,Oman,1,Male,1998,28.12300722639683
150,Oman,2,Female,1998,20.86532099828248
150,Oman,3,Both,1998,24.98633624205077
376,Northern Mariana Islands,1,Male,1999,37.91721700754777
376,Northern Mariana Islands,2,Female,1999,37.04463225173133
376,Northern Mariana Islands,3,Both,1999,37.45709888664472
208,Guinea,1,Male,2006,23.10392808958093
208,Guinea,2,Female,2006,20.02294770571135
208,Guinea,3,Both,2006,21.51281165800571
320,Cook Islands,1,Male,2002,39.03017216259096
320,Cook Islands,2,Female,2002,33.98840525111228
320,Cook Islands,3,Both,2002,36.590754014692365
202,Cameroon,1,Male,1994,22.829411411189827
202,Cameroon,2,Female,1994,20.01220290395157
202,Cameroon,3,Both,1994,21.40085000946293
140,Bahrain,1,Male,1992,34.68436246898707
140,Bahrain,2,Female,1992,25.33091745149
140,Bahrain,3,Both,1992,30.73066962805581
72,New Zealand,1,Male,1991,37.92488826314585
72,New Zealand,2,Female,1991,34.20039196864662
72,New Zealand,3,Both,1991,36.03872885949616
146,Lebanon,1,Male,2007,54.41798603562125
146,Lebanon,2,Female,2007,44.61903905298894
146,Lebanon,3,Both,2007,49.481774044695456
17,Sri Lanka,1,Male,2010,26.91139948453016
17,Sri Lanka,2,Female,2010,18.64248192033842
17,Sri Lanka,3,Both,2010,22.66116992940702
107,Barbados,1,Male,2009,14.19740157201708
107,Barbados,2,Female,2009,8.50612119240415
107,Barbados,3,Both,2009,11.24108276675017
185,Rwanda,1,Male,1997,20.05142438489964
185,Rwanda,2,Female,1997,16.965445854002812
185,Rwanda,3,Both,1997,18.42448586158851
54,Slovakia,1,Male,1996,43.99995683321595
54,Slovakia,2,Female,1996,34.43173194169732
54,Slovakia,3,Both,1996,39.086069350266825
95,United Kingdom,1,Male,2004,36.47861538840896
95,United Kingdom,2,Female,2004,32.806669918922395
95,United Kingdom,3,Both,2004,34.602763651548365
108,Belize,1,Male,2010,21.28231997675616
108,Belize,2,Female,2010,17.99620645829098
108,Belize,3,Both,2010,19.639003767350392
141,Egypt,1,Male,2004,47.00625905894418
141,Egypt,2,Female,2004,34.99846567994829
141,Egypt,3,Both,2004,41.14036052599474
86,Italy,1,Male,1993,44.25427568913306
86,Italy,2,Female,1993,34.47450223751753
86,Italy,3,Both,1993,39.21558640262803
203,Cabo Verde,1,Male,2000,19.62027524257412
203,Cabo Verde,2,Female,2000,14.31441800145232
203,Cabo Verde,3,Both,2000,16.88372453077981
94,Switzerland,1,Male,1990,44.12328940367264
94,Switzerland,2,Female,1990,34.480001886277
94,Switzerland,3,Both,1990,39.23145946230025
195,Namibia,1,Male,1997,35.60384650830029
195,Namibia,2,Female,1997,32.92594229134048
195,Namibia,3,Both,1997,34.22962018987576
349,Greenland,1,Male,1994,50.12799456404793
349,Greenland,2,Female,1994,54.90787987260906
349,Greenland,3,Both,1994,52.35435415689527
141,Egypt,1,Male,1998,46.17065599413493
141,Egypt,2,Female,1998,34.37481069523965
141,Egypt,3,Both,1998,40.40988956362498
145,Kuwait,1,Male,2004,41.38493839379564
145,Kuwait,2,Female,2004,35.75200938793654
145,Kuwait,3,Both,2004,39.11210135370608
132,Panama,1,Male,2001,19.75378060162155
132,Panama,2,Female,2001,15.68381365157267
132,Panama,3,Both,2001,17.73751763816188
63,Ukraine,1,Male,2005,50.11814646554312
63,Ukraine,2,Female,2005,27.50732331478743
63,Ukraine,3,Both,2005,37.97811773610819
195,Namibia,1,Male,2009,29.99615828074732
195,Namibia,2,Female,2009,26.77895228785141
195,Namibia,3,Both,2009,28.3438757056093
203,Cabo Verde,1,Male,2003,19.14252184246992
203,Cabo Verde,2,Female,2003,13.709982340905192
203,Cabo Verde,3,Both,2003,16.35818876873518
90,Norway,1,Male,2001,38.85945810312302
90,Norway,2,Female,2001,33.61221233984492
90,Norway,3,Both,2001,36.20879761702265
125,Colombia,1,Male,2004,24.43599626595276
125,Colombia,2,Female,2004,20.04446708780233
125,Colombia,3,Both,2004,22.20096583508926
63,Ukraine,1,Male,2002,50.84735507599228
63,Ukraine,2,Female,2002,28.182775001956628
63,Ukraine,3,Both,2002,38.69669255849969
369,Nauru,1,Male,1997,50.241321195356505
369,Nauru,2,Female,1997,49.40246001492479
369,Nauru,3,Both,1997,49.83219657566658
157,Yemen,1,Male,1992,45.96907733680218
157,Yemen,2,Female,1992,38.6020149503702
157,Yemen,3,Both,1992,42.36629021874915
79,Finland,1,Male,2008,31.10241422013374
79,Finland,2,Female,2008,22.28866171504238
79,Finland,3,Both,2008,26.607263686307093
132,Panama,1,Male,2007,16.316456546967668
132,Panama,2,Female,2007,12.07857292376409
132,Panama,3,Both,2007,14.21323138520183
83,Iceland,1,Male,1999,41.85516187415182
83,Iceland,2,Female,1999,33.164283157622684
83,Iceland,3,Both,1999,37.51558769154772
208,Guinea,1,Male,2009,22.58909590982708
208,Guinea,2,Female,2009,19.632642538249808
208,Guinea,3,Both,2009,21.06214959992432
207,Ghana,1,Male,2000,10.58136219506963
207,Ghana,2,Female,2000,8.53464655267073
207,Ghana,3,Both,2000,9.55005063782944
97,Argentina,1,Male,2021,35.270040091305496
97,Argentina,2,Female,2021,28.49057481193199
97,Argentina,3,Both,2021,31.79649019506815
92,Spain,1,Male,2005,49.97572017710482
92,Spain,2,Female,2005,37.48816715420799
92,Spain,3,Both,2005,43.6533423188621
208,Guinea,1,Male,2003,23.79795449457173
208,Guinea,2,Female,2003,20.56105151796174
208,Guinea,3,Both,2003,22.1285008734272
195,Namibia,1,Male,2006,31.89582289969488
195,Namibia,2,Female,2006,28.982737262774027
195,Namibia,3,Both,2006,30.40148537699109
349,Greenland,1,Male,1991,50.82028910264751
349,Greenland,2,Female,1991,55.720886928874855
349,Greenland,3,Both,1991,53.08396751981606
67,Japan,1,Male,2005,41.79158086947459
67,Japan,2,Female,2005,25.04736895779056
67,Japan,3,Both,2005,33.22949948790093
207,Ghana,1,Male,2003,10.80958635903181
207,Ghana,2,Female,2003,8.673952820287461
207,Ghana,3,Both,2003,9.73016342167084
83,Iceland,1,Male,2008,34.948111204678014
83,Iceland,2,Female,2008,26.02923333149053
83,Iceland,3,Both,2008,30.55713047535832
87,Luxembourg,1,Male,1999,41.45692894655083
87,Luxembourg,2,Female,1999,35.2268615111621
87,Luxembourg,3,Both,1999,38.29377210731359
149,Palestine,1,Male,2004,49.8243632159667
149,Palestine,2,Female,2004,42.304964464230906
149,Palestine,3,Both,2004,46.13021519814866
95,United Kingdom,1,Male,1990,45.66456266018244
95,United Kingdom,2,Female,1990,40.07477887843512
95,United Kingdom,3,Both,1990,42.79051215625325
161,Bangladesh,1,Male,1992,44.98493157973902
161,Bangladesh,2,Female,1992,41.20611007389758
161,Bangladesh,3,Both,1992,43.15040589809145
112,Grenada,1,Male,2010,20.73504774815559
112,Grenada,2,Female,2010,14.62278552660294
112,Grenada,3,Both,2010,17.69011450056914
157,Yemen,1,Male,1995,46.03051404227677
157,Yemen,2,Female,1995,38.47515508643531
157,Yemen,3,Both,1995,42.34494588798502
76,Belgium,1,Male,2008,38.47191460196769
76,Belgium,2,Female,2008,30.2571740934596
76,Belgium,3,Both,2008,34.27969087368897
162,Bhutan,1,Male,1992,25.433758444973236
162,Bhutan,2,Female,1992,19.57875432814128
162,Bhutan,3,Both,1992,22.67570315486551
101,Canada,1,Male,1999,39.919494992437286
101,Canada,2,Female,1999,36.07111998379633
101,Canada,3,Both,1999,37.96127805808799
435,South Sudan,1,Male,1994,22.89363703675491
435,South Sudan,2,Female,1994,21.74688728645575
435,South Sudan,3,Both,1994,22.350683585837867
416,Tuvalu,1,Male,1991,43.73914647665815
416,Tuvalu,2,Female,1991,38.652163660310165
416,Tuvalu,3,Both,1991,41.11532748935526
114,Haiti,1,Male,1990,20.81160928148694
114,Haiti,2,Female,1990,18.93168622522801
114,Haiti,3,Both,1990,19.84535260115912
67,Japan,1,Male,2002,44.34677839430985
67,Japan,2,Female,2002,27.67263011336041
67,Japan,3,Both,2002,35.832861680772446
140,Bahrain,1,Male,2003,32.242436915666254
140,Bahrain,2,Female,2003,21.63669647508964
140,Bahrain,3,Both,2003,27.80622501237746
154,Tunisia,1,Male,1998,52.74397337474341
154,Tunisia,2,Female,1998,42.63486647682975
154,Tunisia,3,Both,1998,47.73212481036301
128,Guatemala,1,Male,1990,20.8399733614521
128,Guatemala,2,Female,1990,18.05790141708109
128,Guatemala,3,Both,1990,19.42820540112751
416,Tuvalu,1,Male,2000,43.22380810795492
416,Tuvalu,2,Female,2000,38.28764802791453
416,Tuvalu,3,Both,2000,40.73024423953609
105,Antigua and Barbuda,1,Male,1996,20.9751189040261
105,Antigua and Barbuda,2,Female,1996,13.25639040800738
105,Antigua and Barbuda,3,Both,1996,16.91261463904158
80,France,1,Male,2008,37.79351462833933
80,France,2,Female,2008,30.296172540492535
80,France,3,Both,2008,33.93514136446206
108,Belize,1,Male,1993,24.06247539393817
108,Belize,2,Female,1993,20.79215386176845
108,Belize,3,Both,1993,22.44596790516202
142,Iran (Islamic Republic of),1,Male,2001,31.628950962753137
142,Iran (Islamic Republic of),2,Female,2001,21.20497600628654
142,Iran (Islamic Republic of),3,Both,2001,26.51842232134732
178,Eritrea,1,Male,1995,18.43826278418915
178,Eritrea,2,Female,1995,13.541480595764648
178,Eritrea,3,Both,1995,15.99435977226006
101,Canada,1,Male,2002,37.44089862867124
101,Canada,2,Female,2002,33.02115620513063
101,Canada,3,Both,2002,35.18960518004303
129,Honduras,1,Male,2004,27.78054398193483
129,Honduras,2,Female,2004,24.29340057849566
129,Honduras,3,Both,2004,26.01644584836979
142,Iran (Islamic Republic of),1,Male,2010,31.014423109107792
142,Iran (Islamic Republic of),2,Female,2010,20.67474990675029
142,Iran (Islamic Republic of),3,Both,2010,25.90729521408125
435,South Sudan,1,Male,1991,23.15685319162969
435,South Sudan,2,Female,1991,22.25716778030834
435,South Sudan,3,Both,1991,22.73269454542503
212,Mauritania,1,Male,2003,34.764296530265234
212,Mauritania,2,Female,2003,31.65585049248304
212,Mauritania,3,Both,2003,33.19154628364703
165,Pakistan,1,Male,1992,48.37878057433226
165,Pakistan,2,Female,1992,41.42340506889457
165,Pakistan,3,Both,1992,45.06355487013023
212,Mauritania,1,Male,2006,34.33606849732504
212,Mauritania,2,Female,2006,31.53292499360113
212,Mauritania,3,Both,2006,32.9159839570996
132,Panama,1,Male,1990,24.43287038137398
132,Panama,2,Female,1990,20.216242585811788
132,Panama,3,Both,1990,22.35118581178184
84,Ireland,1,Male,2008,35.61117621632322
84,Ireland,2,Female,2008,32.35364710918105
84,Ireland,3,Both,2008,33.97975714387473
211,Mali,1,Male,2000,24.00149695280998
211,Mali,2,Female,2000,21.90035641376652
211,Mali,3,Both,2000,22.94240647222567
435,South Sudan,1,Male,2000,22.13546509030143
435,South Sudan,2,Female,2000,20.216294437238545
435,South Sudan,3,Both,2000,21.21838905639169
367,Monaco,1,Male,1991,41.93401223598613
367,Monaco,2,Female,1991,31.225145467748263
367,Monaco,3,Both,1991,36.33485849833031
145,Kuwait,1,Male,1998,43.02478683958382
145,Kuwait,2,Female,1998,38.15575094175599
145,Kuwait,3,Both,1998,41.03720125931361
367,Monaco,1,Male,1994,40.9343534846767
367,Monaco,2,Female,1994,30.411608067300328
367,Monaco,3,Both,1994,35.473075141277384
25,Micronesia (Federated States of),1,Male,1999,49.67048029669864
25,Micronesia (Federated States of),2,Female,1999,50.515854018054696
25,Micronesia (Federated States of),3,Both,1999,50.08659988353615
76,Belgium,1,Male,1991,46.18471226486461
76,Belgium,2,Female,1991,37.38945365274256
76,Belgium,3,Both,1991,41.69839444497706
211,Mali,1,Male,2003,25.07815102720185
211,Mali,2,Female,2003,23.43010692496725
211,Mali,3,Both,2003,24.24833122634103
105,Antigua and Barbuda,1,Male,1999,20.6616230362878
105,Antigua and Barbuda,2,Female,1999,13.01234235216017
105,Antigua and Barbuda,3,Both,1999,16.61245910219277
71,Australia,1,Male,2005,33.05622395509495
71,Australia,2,Female,2005,27.47902940505581
71,Australia,3,Both,2005,30.23561149934226
385,Puerto Rico,1,Male,1997,19.09057121607672
385,Puerto Rico,2,Female,1997,14.439710855180651
385,Puerto Rico,3,Both,1997,16.685887485924418
136,Paraguay,1,Male,2001,37.22037453391884
136,Paraguay,2,Female,2001,30.94517360073822
136,Paraguay,3,Both,2001,34.11195427345248
123,Peru,1,Male,1995,20.72352766614334
123,Peru,2,Female,1995,17.19408336434582
123,Peru,3,Both,1995,18.950817468238988
112,Grenada,1,Male,1993,22.86459213102392
112,Grenada,2,Female,1993,16.65716483955472
112,Grenada,3,Both,1993,19.71187462089716
136,Paraguay,1,Male,2007,32.94119798907987
136,Paraguay,2,Female,2007,25.85116277978768
136,Paraguay,3,Both,2007,29.43432283820983
99,Uruguay,1,Male,1990,44.83881985838939
99,Uruguay,2,Female,1990,34.49085335519389
99,Uruguay,3,Both,1990,39.52280161194649
105,Antigua and Barbuda,1,Male,2002,20.225808746392552
105,Antigua and Barbuda,2,Female,2002,12.626332572172998
105,Antigua and Barbuda,3,Both,2002,16.199187766178767
146,Lebanon,1,Male,2010,53.86504593211239
146,Lebanon,2,Female,2010,43.88060014625405
146,Lebanon,3,Both,2010,48.81845612762234
146,Lebanon,1,Male,2001,55.33567317348219
146,Lebanon,2,Female,2001,45.8146339553671
146,Lebanon,3,Both,2001,50.56545012847288
142,Iran (Islamic Republic of),1,Male,1993,32.42485741139857
142,Iran (Islamic Republic of),2,Female,1993,22.48719033146324
142,Iran (Islamic Republic of),3,Both,1993,27.54981872600013
13,Malaysia,1,Male,2002,43.36246701601948
13,Malaysia,2,Female,2002,35.9312998119094
13,Malaysia,3,Both,2002,39.72607119403246
212,Mauritania,1,Male,2009,33.3789949550814
212,Mauritania,2,Female,2009,30.48756857735675
212,Mauritania,3,Both,2009,31.91274405627567
101,Canada,1,Male,2021,27.83564950417285
101,Canada,2,Female,2021,22.73899715302972
101,Canada,3,Both,2021,25.253336407987295
168,Angola,1,Male,2000,16.41160774363856
168,Angola,2,Female,2000,11.90096732349464
168,Angola,3,Both,2000,14.123794081003547
161,Bangladesh,1,Male,1995,44.49360324683957
161,Bangladesh,2,Female,1995,40.60957155989144
161,Bangladesh,3,Both,1995,42.61148555643182
58,Estonia,1,Male,1996,46.93328603952701
58,Estonia,2,Female,1996,30.11468700038386
58,Estonia,3,Both,1996,37.89722452614684
75,Austria,1,Male,2021,39.46112941803079
75,Austria,2,Female,2021,30.544281138836087
75,Austria,3,Both,2021,34.94363173997634
87,Luxembourg,1,Male,2008,37.041692529157736
87,Luxembourg,2,Female,2008,29.97537980694864
87,Luxembourg,3,Both,2008,33.47547785415098
109,Cuba,1,Male,1999,42.82351106309967
109,Cuba,2,Female,1999,34.6279241697368
109,Cuba,3,Both,1999,38.74054965410467
80,France,1,Male,1991,42.8990321949812
80,France,2,Female,1991,33.22052813890982
80,France,3,Both,1991,37.93684719184341
6,China,1,Male,2017,49.96635407061304
6,China,2,Female,2017,28.832715354190608
6,China,3,Both,2017,39.63319644668382
216,Senegal,1,Male,2006,31.986210435447997
216,Senegal,2,Female,2006,28.644439229897472
216,Senegal,3,Both,2006,30.30158186045379
206,Gambia,1,Male,2005,32.38569125888392
206,Gambia,2,Female,2005,28.71829333494279
206,Gambia,3,Both,2005,30.524788822873123
116,Saint Lucia,1,Male,2010,19.30245329591757
116,Saint Lucia,2,Female,2010,12.873561629850313
116,Saint Lucia,3,Both,2010,16.06787026108259
71,Australia,1,Male,2002,34.27486958836718
71,Australia,2,Female,2002,28.75206625400989
71,Australia,3,Both,2002,31.482225297054278
109,Cuba,1,Male,1996,42.8393702481837
109,Cuba,2,Female,1996,35.02390995641158
109,Cuba,3,Both,1996,38.949449555735086
91,Portugal,1,Male,1999,39.01142580929344
91,Portugal,2,Female,1999,25.82974502526688
91,Portugal,3,Both,1999,32.206717801617415
179,Ethiopia,1,Male,1995,13.19378712167015
179,Ethiopia,2,Female,1995,10.59872495413734
179,Ethiopia,3,Both,1995,11.90759302170946
25,Micronesia (Federated States of),1,Male,2010,48.01139789323853
25,Micronesia (Federated States of),2,Female,2010,49.11395494453208
25,Micronesia (Federated States of),3,Both,2010,48.55340225881299
150,Oman,1,Male,2010,26.75632075496016
150,Oman,2,Female,2010,18.01048792970075
150,Oman,3,Both,2010,23.09600461597882
60,Lithuania,1,Male,1994,43.64683439286212
60,Lithuania,2,Female,1994,26.8638831980115
60,Lithuania,3,Both,1994,34.76349580133008
150,Oman,1,Male,2007,26.78108393879763
150,Oman,2,Female,2007,18.24549038753297
150,Oman,3,Both,2007,23.10968697146113
109,Cuba,1,Male,2002,41.90251202996073
109,Cuba,2,Female,2002,32.91131523577733
109,Cuba,3,Both,2002,37.41837125099169
206,Gambia,1,Male,1994,34.07266414728956
206,Gambia,2,Female,1994,33.91824073338971
206,Gambia,3,Both,1994,33.99553787050917
144,Jordan,1,Male,1992,56.63528536522268
144,Jordan,2,Female,1992,52.0716069390125
144,Jordan,3,Both,1992,54.45966062488418
150,Oman,1,Male,2001,27.152034693190668
150,Oman,2,Female,2001,19.28529412762888
150,Oman,3,Both,2001,23.7068528868175
88,Malta,1,Male,2008,38.071646182391326
88,Malta,2,Female,2008,27.56491529864934
88,Malta,3,Both,2008,32.78574029940451
136,Paraguay,1,Male,1990,41.67786370852738
136,Paraguay,2,Female,1990,36.05469329906604
136,Paraguay,3,Both,1990,38.88387460792519
396,San Marino,1,Male,1999,38.65275093538095
396,San Marino,2,Female,1999,30.236339872550587
396,San Marino,3,Both,1999,34.32364104798592
146,Lebanon,1,Male,1993,50.99510807874178
146,Lebanon,2,Female,1993,40.44920095460386
146,Lebanon,3,Both,1993,45.69151200463671
170,Congo,1,Male,1992,19.71260630494996
170,Congo,2,Female,1992,14.484046653022862
170,Congo,3,Both,1992,17.04562786977115
522,Sudan,1,Male,2007,31.392745021387704
522,Sudan,2,Female,2007,23.44217001236836
522,Sudan,3,Both,2007,27.4707156920389
105,Antigua and Barbuda,1,Male,2021,18.8911616000786
105,Antigua and Barbuda,2,Female,2021,11.43462639285419
105,Antigua and Barbuda,3,Both,2021,15.08708774750894
216,Senegal,1,Male,2009,28.985964148990977
216,Senegal,2,Female,2009,24.96802970871796
216,Senegal,3,Both,2009,26.967411444060406
154,Tunisia,1,Male,2010,47.938255762899416
154,Tunisia,2,Female,2010,34.599109842473055
154,Tunisia,3,Both,2010,41.25320558769603
97,Argentina,1,Male,2005,41.64723390923347
97,Argentina,2,Female,2005,36.25476411613956
97,Argentina,3,Both,2005,38.884953704809725
154,Tunisia,1,Male,2007,49.406327622090565
154,Tunisia,2,Female,2007,37.07636249107253
154,Tunisia,3,Both,2007,43.23858527785797
12,Lao People's Democratic Republic,1,Male,1995,47.37306337883761
12,Lao People's Democratic Republic,2,Female,1995,41.26772840900736
12,Lao People's Democratic Republic,3,Both,1995,44.28907040395977
416,Tuvalu,1,Male,1997,43.43410497222782
416,Tuvalu,2,Female,1997,38.285325170209575
416,Tuvalu,3,Both,1997,40.813439073102806
183,Mauritius,1,Male,1995,37.99027099220918
183,Mauritius,2,Female,1995,33.68798862834007
183,Mauritius,3,Both,1995,35.83302690602941
113,Guyana,1,Male,1996,26.973230132954217
113,Guyana,2,Female,1996,22.49154456279004
113,Guyana,3,Both,1996,24.72076330425125
6,China,1,Male,2014,50.43202946232834
6,China,2,Female,2014,30.99924226742662
6,China,3,Both,2014,40.92016798555533
16,Philippines,1,Male,2002,49.128521543982586
16,Philippines,2,Female,2002,42.46703296264219
16,Philippines,3,Both,2002,45.83552008681587
133,Venezuela (Bolivarian Republic of),1,Male,2004,29.702079764168808
133,Venezuela (Bolivarian Republic of),2,Female,2004,25.27883617139986
133,Venezuela (Bolivarian Republic of),3,Both,2004,27.47626391758551
113,Guyana,1,Male,2002,25.818660428300472
113,Guyana,2,Female,2002,21.21721542457253
113,Guyana,3,Both,2002,23.52383254100019
113,Guyana,1,Male,1999,26.49132289693274
113,Guyana,2,Female,1999,22.08847857343471
113,Guyana,3,Both,1999,24.2881520002024
216,Senegal,1,Male,2003,34.53802898902957
216,Senegal,2,Female,2003,31.607522096855117
216,Senegal,3,Both,2003,33.05498303450498
109,Cuba,1,Male,2021,31.50707639246001
109,Cuba,2,Female,2021,21.33749657447069
109,Cuba,3,Both,2021,26.389091027713253
84,Ireland,1,Male,1991,46.11244923049682
84,Ireland,2,Female,1991,41.87996767401414
84,Ireland,3,Both,1991,43.98753867568191
20,Viet Nam,1,Male,2002,50.333212924962666
20,Viet Nam,2,Female,2002,41.46546363197586
20,Viet Nam,3,Both,2002,45.837917610197046
435,South Sudan,1,Male,1997,22.53062645535422
435,South Sudan,2,Female,1997,20.99567741473231
435,South Sudan,3,Both,1997,21.80062750257711
92,Spain,1,Male,2008,47.96907512861597
92,Spain,2,Female,2008,36.69679006971328
92,Spain,3,Both,2008,42.27169381241815
178,Eritrea,1,Male,1992,18.704122827531013
178,Eritrea,2,Female,1992,14.001635164186707
178,Eritrea,3,Both,1992,16.34942545445213
187,Somalia,1,Male,1995,24.2513951753442
187,Somalia,2,Female,1995,20.56414693977933
187,Somalia,3,Both,1995,22.45455955722791
24,Marshall Islands,1,Male,2002,39.14873328520283
24,Marshall Islands,2,Female,2002,36.84836013201376
24,Marshall Islands,3,Both,2002,38.02778353414576
203,Cabo Verde,1,Male,1997,20.07540736712892
203,Cabo Verde,2,Female,1997,14.94689569362383
203,Cabo Verde,3,Both,1997,17.417777487477128
113,Guyana,1,Male,2021,22.33043865246383
113,Guyana,2,Female,2021,16.4134849820493
113,Guyana,3,Both,2021,19.331753310338108
141,Egypt,1,Male,1990,45.67083785735769
141,Egypt,2,Female,1990,34.89619620750865
141,Egypt,3,Both,1990,40.41835464238967
88,Malta,1,Male,1991,49.31491691672764
88,Malta,2,Female,1991,40.03031246058205
88,Malta,3,Both,1991,44.61631240076066
162,Bhutan,1,Male,1998,23.43275706901901
162,Bhutan,2,Female,1998,17.76438536234686
162,Bhutan,3,Both,1998,20.73985257628403
169,Central African Republic,1,Male,1992,20.74002968607838
169,Central African Republic,2,Female,1992,17.5592449041821
169,Central African Republic,3,Both,1992,19.12720503497209
108,Belize,1,Male,1996,23.28481972958392
108,Belize,2,Female,1996,19.68095077745966
108,Belize,3,Both,1996,21.501089665633
116,Saint Lucia,1,Male,1993,23.05116890058341
116,Saint Lucia,2,Female,1993,18.06683794324016
116,Saint Lucia,3,Both,1993,20.50057190597678
117,Saint Vincent and the Grenadines,1,Male,1996,23.19767949458431
117,Saint Vincent and the Grenadines,2,Female,1996,18.65636973281902
117,Saint Vincent and the Grenadines,3,Both,1996,20.94274173096218
162,Bhutan,1,Male,2007,20.68298643256399
162,Bhutan,2,Female,2007,15.3075867256623
162,Bhutan,3,Both,2007,18.12762615118733
10,Cambodia,1,Male,1998,53.24949069585227
10,Cambodia,2,Female,1998,42.6364509379995
10,Cambodia,3,Both,1998,47.76032694080752
78,Denmark,1,Male,2007,38.4711341121037
78,Denmark,2,Female,2007,32.3038097042544
78,Denmark,3,Both,2007,35.3561689600202
75,Austria,1,Male,2005,43.847308807048805
75,Austria,2,Female,2005,33.77795575445986
75,Austria,3,Both,2005,38.67374622364515
79,Finland,1,Male,2021,26.6672292790512
79,Finland,2,Female,2021,17.73005418784642
79,Finland,3,Both,2021,22.14376428331947
215,Sao Tome and Principe,1,Male,2000,9.22090145671462
215,Sao Tome and Principe,2,Female,2000,6.54610364330315
215,Sao Tome and Principe,3,Both,2000,7.86963853956886
11,Indonesia,1,Male,1997,45.07709816970617
11,Indonesia,2,Female,1997,42.296896007817246
11,Indonesia,3,Both,1997,43.68463273160569
10,Cambodia,1,Male,1995,52.24490520852684
10,Cambodia,2,Female,1995,41.53491358225928
10,Cambodia,3,Both,1995,46.682044001652365
28,Solomon Islands,1,Male,2002,43.71310187959202
28,Solomon Islands,2,Female,2002,42.657620200926026
28,Solomon Islands,3,Both,2002,43.20252735519807
380,Palau,1,Male,1991,32.83489105801536
380,Palau,2,Female,1991,24.783538969792453
380,Palau,3,Both,1991,28.896355098670615
91,Portugal,1,Male,2008,36.0518484343033
91,Portugal,2,Female,2008,23.78594213824002
91,Portugal,3,Both,2008,29.680102103392148
150,Oman,1,Male,1993,30.54358158588377
150,Oman,2,Female,1993,24.31760796021417
150,Oman,3,Both,1993,27.94084062808376
117,Saint Vincent and the Grenadines,1,Male,2021,19.14168445934486
117,Saint Vincent and the Grenadines,2,Female,2021,12.221351973096729
117,Saint Vincent and the Grenadines,3,Both,2021,15.755660597469252
298,American Samoa,1,Male,2006,41.69974346395109
298,American Samoa,2,Female,2006,37.564462445226624
298,American Samoa,3,Both,2006,39.66566654181873
75,Austria,1,Male,2002,44.67991242081028
75,Austria,2,Female,2002,34.58320528852711
75,Austria,3,Both,2002,39.47955502570671
173,Gabon,1,Male,1992,23.30798796391455
173,Gabon,2,Female,1992,19.0442732281406
173,Gabon,3,Both,1992,21.15527259125623
162,Bhutan,1,Male,2010,20.09907762127775
162,Bhutan,2,Female,2010,14.7276975181524
162,Bhutan,3,Both,2010,17.54644786979527
215,Sao Tome and Principe,1,Male,2003,9.08950225567229
215,Sao Tome and Principe,2,Female,2003,6.437465865387019
215,Sao Tome and Principe,3,Both,2003,7.75122870468498
11,Indonesia,1,Male,2000,45.12622115401686
11,Indonesia,2,Female,2000,41.9479389220708
11,Indonesia,3,Both,2000,43.53633393604802
145,Kuwait,1,Male,1990,45.67269128134898
145,Kuwait,2,Female,1990,42.81407974809784
145,Kuwait,3,Both,1990,44.4479487233553
141,Egypt,1,Male,2001,46.69742151370448
141,Egypt,2,Female,2001,34.71280926998136
141,Egypt,3,Both,2001,40.84105910963446
179,Ethiopia,1,Male,1992,13.68475159970878
179,Ethiopia,2,Female,1992,11.13952829231171
179,Ethiopia,3,Both,1992,12.41954989548298
92,Spain,1,Male,1991,56.45334402275368
92,Spain,2,Female,1991,38.66500823309834
92,Spain,3,Both,1991,47.37619186911125
165,Pakistan,1,Male,1995,47.97925210569445
165,Pakistan,2,Female,1995,41.12114368034691
165,Pakistan,3,Both,1995,44.70243810828422
380,Palau,1,Male,1994,31.90825385508071
380,Palau,2,Female,1994,23.81011549219334
380,Palau,3,Both,1994,27.90500528246994
83,Iceland,1,Male,2021,30.76199188352648
83,Iceland,2,Female,2021,21.60104176684256
83,Iceland,3,Both,2021,26.24269705920584
149,Palestine,1,Male,1998,50.72795743690902
149,Palestine,2,Female,1998,43.68948141307525
149,Palestine,3,Both,1998,47.27114921960603
107,Barbados,1,Male,1990,17.60251054876584
107,Barbados,2,Female,1990,11.50063271851387
107,Barbados,3,Both,1990,14.43249447032821
15,Myanmar,1,Male,1997,45.83423170085344
15,Myanmar,2,Female,1997,42.20726923933433
15,Myanmar,3,Both,1997,43.97628931346081
141,Egypt,1,Male,2007,47.02640977100858
141,Egypt,2,Female,2007,35.20717844182555
141,Egypt,3,Both,2007,41.26420819680318
413,Tokelau,1,Male,1991,40.35359696351017
413,Tokelau,2,Female,1991,33.03098406593048
413,Tokelau,3,Both,1991,36.70015723123401
203,Cabo Verde,1,Male,2009,17.8082040755505
203,Cabo Verde,2,Female,2009,12.49263833712407
203,Cabo Verde,3,Both,2009,15.1221272147993
177,Djibouti,1,Male,1992,40.73044151454
177,Djibouti,2,Female,1992,39.84154981174044
177,Djibouti,3,Both,1992,40.3150745896383
36,Kazakhstan,1,Male,2002,44.447382393511184
36,Kazakhstan,2,Female,2002,30.76590037069016
36,Kazakhstan,3,Both,2002,37.34958110439373
154,Tunisia,1,Male,1993,53.42721298109007
154,Tunisia,2,Female,1993,45.17541012661508
154,Tunisia,3,Both,1993,49.35043294111978
112,Grenada,1,Male,1996,22.951251785815348
112,Grenada,2,Female,1996,17.08065613211857
112,Grenada,3,Both,1996,19.96749101183693
15,Myanmar,1,Male,2000,44.04556413033614
15,Myanmar,2,Female,2000,39.48658944752197
15,Myanmar,3,Both,2000,41.70246995022257
128,Guatemala,1,Male,2010,20.16853451858071
128,Guatemala,2,Female,2010,17.71809941800073
128,Guatemala,3,Both,2010,18.9114464228548
149,Palestine,1,Male,1990,50.03104530358162
149,Palestine,2,Female,1990,42.22374703580371
149,Palestine,3,Both,1990,46.14525262655816
121,Bolivia (Plurinational State of),1,Male,2021,18.83080828066668
121,Bolivia (Plurinational State of),2,Female,2021,15.59913078958691
121,Bolivia (Plurinational State of),3,Both,2021,17.21452422198238
101,Canada,1,Male,2005,35.139776933988074
101,Canada,2,Female,2005,30.32132586969716
101,Canada,3,Both,2005,32.68411150402349
183,Mauritius,1,Male,1992,39.44515027806624
183,Mauritius,2,Female,1992,36.320082790691984
183,Mauritius,3,Both,1992,37.88179184081328
203,Cabo Verde,1,Male,2006,18.5323995612611
203,Cabo Verde,2,Female,2006,13.139996586075812
203,Cabo Verde,3,Both,2006,15.78765728017619
153,Syrian Arab Republic,1,Male,2004,49.49386509251521
153,Syrian Arab Republic,2,Female,2004,43.4566424899135
153,Syrian Arab Republic,3,Both,2004,46.55763032528887
145,Kuwait,1,Male,2001,42.13319811320432
145,Kuwait,2,Female,2001,36.67204633161528
145,Kuwait,3,Both,2001,39.93231700323067
79,Finland,1,Male,2002,33.13169989637445
79,Finland,2,Female,2002,24.29020771632752
79,Finland,3,Both,2002,28.608129909506214
87,Luxembourg,1,Male,2021,33.02583901192378
87,Luxembourg,2,Female,2021,24.78634624112103
87,Luxembourg,3,Both,2021,28.935068267959775
40,Turkmenistan,1,Male,2002,46.29302282500998
40,Turkmenistan,2,Female,2002,34.87242158533501
40,Turkmenistan,3,Both,2002,40.61868936365869
117,Saint Vincent and the Grenadines,1,Male,1999,22.63259548062832
117,Saint Vincent and the Grenadines,2,Female,1999,17.60533527606241
117,Saint Vincent and the Grenadines,3,Both,1999,20.14138803942501
19,Timor-Leste,1,Male,1997,47.77851930489548
19,Timor-Leste,2,Female,1997,47.95777949981529
19,Timor-Leste,3,Both,1997,47.86578003940845
153,Syrian Arab Republic,1,Male,1998,51.63020500083925
153,Syrian Arab Republic,2,Female,1998,47.23120061723609
153,Syrian Arab Republic,3,Both,1998,49.4844483217204
153,Syrian Arab Republic,1,Male,1990,52.84281880149312
153,Syrian Arab Republic,2,Female,1990,49.890772320320494
153,Syrian Arab Republic,3,Both,1990,51.39985598052868
117,Saint Vincent and the Grenadines,1,Male,2002,21.94462362364878
117,Saint Vincent and the Grenadines,2,Female,2002,16.48205322156747
117,Saint Vincent and the Grenadines,3,Both,2002,19.2427151633742
207,Ghana,1,Male,1997,10.70685757702799
207,Ghana,2,Female,1997,8.69980820183562
207,Ghana,3,Both,1997,9.6969441767013
298,American Samoa,1,Male,2003,42.41227487480171
298,American Samoa,2,Female,2003,38.62697940072224
298,American Samoa,3,Both,2003,40.55750574998857
111,Dominican Republic,1,Male,1990,23.74076737439732
111,Dominican Republic,2,Female,1990,20.96512551495992
111,Dominican Republic,3,Both,1990,22.32477803580506
351,Guam,1,Male,2006,35.47100968320081
351,Guam,2,Female,2006,27.39780694760665
351,Guam,3,Both,2006,31.51738881990001
79,Finland,1,Male,2005,32.19713078477252
79,Finland,2,Female,2005,23.32932807017528
79,Finland,3,Both,2005,27.667560741972014
44,Bosnia and Herzegovina,1,Male,2002,55.12944322010001
44,Bosnia and Herzegovina,2,Female,2002,41.66531713945076
44,Bosnia and Herzegovina,3,Both,2002,48.25627350480818
19,Timor-Leste,1,Male,2000,47.82090909405366
19,Timor-Leste,2,Female,2000,47.75139120498204
19,Timor-Leste,3,Both,2000,47.78684957310417
121,Bolivia (Plurinational State of),1,Male,1996,20.5347704027443
121,Bolivia (Plurinational State of),2,Female,1996,17.75020479895293
121,Bolivia (Plurinational State of),3,Both,1996,19.13180339929927
169,Central African Republic,1,Male,1995,20.15855764452621
169,Central African Republic,2,Female,1995,16.75931812380371
169,Central African Republic,3,Both,1995,18.44064411186925
125,Colombia,1,Male,2021,17.71108384082896
125,Colombia,2,Female,2021,12.34567291983035
125,Colombia,3,Both,2021,14.97530710146619
68,Republic of Korea,1,Male,1994,52.54222451568733
68,Republic of Korea,2,Female,1994,39.22470526521663
68,Republic of Korea,3,Both,1994,45.91653365635609
144,Jordan,1,Male,2003,53.97066949190887
144,Jordan,2,Female,2003,47.18671825063412
144,Jordan,3,Both,2003,50.68485533047351
131,Nicaragua,1,Male,2006,27.256034981606295
131,Nicaragua,2,Female,2006,25.86701236293354
131,Nicaragua,3,Both,2006,26.55261355957716
207,Ghana,1,Male,2006,11.04922426829083
207,Ghana,2,Female,2006,8.830831127413589
207,Ghana,3,Both,2006,9.9234429084282
206,Gambia,1,Male,2008,31.024828716665347
206,Gambia,2,Female,2008,27.233899647703858
206,Gambia,3,Both,2008,29.0987684431243
83,Iceland,1,Male,2002,39.44408290868519
83,Iceland,2,Female,2002,30.753058378449676
83,Iceland,3,Both,2002,35.10074604325763
207,Ghana,1,Male,2009,11.28793482248733
207,Ghana,2,Female,2009,8.99258885278275
207,Ghana,3,Both,2009,10.11845928723155
23,Kiribati,1,Male,1997,57.25296750422177
23,Kiribati,2,Female,1997,61.20354354216791
23,Kiribati,3,Both,1997,59.250088869846905
48,Hungary,1,Male,2002,49.8429800965245
48,Hungary,2,Female,2002,38.61399139496064
48,Hungary,3,Both,2002,43.95354416179642
157,Yemen,1,Male,1990,46.00634866787221
157,Yemen,2,Female,1990,38.85984566796188
157,Yemen,3,Both,1990,42.50092563930435
182,Malawi,1,Male,1992,22.42600349068266
182,Malawi,2,Female,1992,18.895531649488632
182,Malawi,3,Both,1992,20.64067053919056
170,Congo,1,Male,2007,18.930519742417356
170,Congo,2,Female,2007,14.57161049452626
170,Congo,3,Both,2007,16.72645504567786
145,Kuwait,1,Male,2007,41.1748121006512
145,Kuwait,2,Female,2007,35.05452703340285
145,Kuwait,3,Both,2007,38.658656593768
162,Bhutan,1,Male,1993,24.95645213859165
162,Bhutan,2,Female,1993,19.17764813927455
162,Bhutan,3,Both,1993,22.21371486921184
149,Palestine,1,Male,2001,50.53181753923409
149,Palestine,2,Female,2001,43.35959338257525
149,Palestine,3,Both,2001,47.01365541623797
52,Romania,1,Male,2002,46.1567212948028
52,Romania,2,Female,2002,32.30698179079025
52,Romania,3,Both,2002,39.06891051163609
97,Argentina,1,Male,2008,40.16984044554703
97,Argentina,2,Female,2008,34.58603101540715
97,Argentina,3,Both,2008,37.3085445164912
105,Antigua and Barbuda,1,Male,2005,19.82578259703033
105,Antigua and Barbuda,2,Female,2005,12.29757644152574
105,Antigua and Barbuda,3,Both,2005,15.854569380780733
157,Yemen,1,Male,2004,45.73877690291635
157,Yemen,2,Female,2004,37.83242126892794
157,Yemen,3,Both,2004,41.86504354127596
187,Somalia,1,Male,1992,24.368592433590948
187,Somalia,2,Female,1992,21.33977800208645
187,Somalia,3,Both,1992,22.89908563712637
116,Saint Lucia,1,Male,1996,22.90916807692381
116,Saint Lucia,2,Female,1996,17.86601034487024
116,Saint Lucia,3,Both,1996,20.33375407906755
23,Kiribati,1,Male,2000,58.96270754440539
23,Kiribati,2,Female,2000,62.77287530781015
23,Kiribati,3,Both,2000,60.89304595283392
157,Yemen,1,Male,1998,46.0759392522047
157,Yemen,2,Female,1998,38.3804871034978
157,Yemen,3,Both,1998,42.32198377675363
211,Mali,1,Male,2006,25.280309710099232
211,Mali,2,Female,2006,23.8744017517739
211,Mali,3,Both,2006,24.57302076393814
154,Tunisia,1,Male,2001,52.06029347847296
154,Tunisia,2,Female,2001,41.241005676238544
154,Tunisia,3,Both,2001,46.68073567365519
129,Honduras,1,Male,2021,25.720906743905008
129,Honduras,2,Female,2021,20.61215741577846
129,Honduras,3,Both,2021,23.09342281289698
115,Jamaica,1,Male,1990,30.95766684640121
115,Jamaica,2,Female,1990,25.75340217370773
115,Jamaica,3,Both,1990,28.30772563748192
53,Serbia,1,Male,2002,54.21761701617599
53,Serbia,2,Female,2002,43.34729287127091
53,Serbia,3,Both,2002,48.67628799932408
87,Luxembourg,1,Male,2002,40.26507602354708
87,Luxembourg,2,Female,2002,34.02648482744345
87,Luxembourg,3,Both,2002,37.100360438015976
121,Bolivia (Plurinational State of),1,Male,1999,19.29686959138655
121,Bolivia (Plurinational State of),2,Female,1999,16.37363928287802
121,Bolivia (Plurinational State of),3,Both,1999,17.82768974237791
14,Maldives,1,Male,2006,45.50584523419727
14,Maldives,2,Female,2006,38.1054390779378
14,Maldives,3,Both,2006,41.863837276899616
161,Bangladesh,1,Male,1990,45.43005216231296
161,Bangladesh,2,Female,1990,41.89147927429627
161,Bangladesh,3,Both,1990,43.71050944933431
210,Liberia,1,Male,1994,17.207495607183652
210,Liberia,2,Female,1994,14.17553395256147
210,Liberia,3,Both,1994,15.66507968105234
121,Bolivia (Plurinational State of),1,Male,2002,18.69847924872703
121,Bolivia (Plurinational State of),2,Female,2002,15.69706725380788
121,Bolivia (Plurinational State of),3,Both,2002,17.19312642775689
298,American Samoa,1,Male,2009,40.962840034565815
298,American Samoa,2,Female,2009,36.21680278121456
298,American Samoa,3,Both,2009,38.62289908854195
173,Gabon,1,Male,1995,23.40375075730624
173,Gabon,2,Female,1995,19.38964186631742
173,Gabon,3,Both,1995,21.37530043692226
109,Cuba,1,Male,2005,39.934430626469805
109,Cuba,2,Female,2005,30.47915337235848
109,Cuba,3,Both,2005,35.21322006095028
97,Argentina,1,Male,1991,44.32578111883293
97,Argentina,2,Female,1991,38.96424606872408
97,Argentina,3,Both,1991,41.58676568161586
27,Samoa,1,Male,2000,46.39056924596705
27,Samoa,2,Female,2000,42.76264840687429
27,Samoa,3,Both,2000,44.65217816012508
181,Madagascar,1,Male,2021,21.99559800783803
181,Madagascar,2,Female,2021,19.85242289871427
181,Madagascar,3,Both,2021,20.90959183109157
369,Nauru,1,Male,2006,49.46353116131753
369,Nauru,2,Female,2006,48.91280101053217
369,Nauru,3,Both,2006,49.19266287271647
57,Belarus,1,Male,2002,47.11454639577
57,Belarus,2,Female,2002,26.22479496089979
57,Belarus,3,Both,2002,36.02857768139405
161,Bangladesh,1,Male,1998,43.89864356008441
161,Bangladesh,2,Female,1998,39.835348387314376
161,Bangladesh,3,Both,1998,41.93090110249483
8,Taiwan (Province of China),1,Male,1994,49.71413534256217
8,Taiwan (Province of China),2,Female,1994,36.23528119797585
8,Taiwan (Province of China),3,Both,1994,43.17768379162616
522,Sudan,1,Male,1996,33.69733406429119
522,Sudan,2,Female,1996,25.42820123050506
522,Sudan,3,Both,1996,29.606644526222997
186,Seychelles,1,Male,1992,41.99926284609929
186,Seychelles,2,Female,1992,32.29485550839047
186,Seychelles,3,Both,1992,37.14248262219796
351,Guam,1,Male,2003,36.63952160667647
351,Guam,2,Female,2003,29.17324221217315
351,Guam,3,Both,2003,32.97679038967255
211,Mali,1,Male,1997,22.71043393071863
211,Mali,2,Female,1997,20.35807036573542
211,Mali,3,Both,1997,21.52291129232903
27,Samoa,1,Male,1997,45.9340919014934
27,Samoa,2,Female,1997,42.115288829437766
27,Samoa,3,Both,1997,44.10736415857436
132,Panama,1,Male,2010,15.10656269743712
132,Panama,2,Female,2010,10.91946132541297
132,Panama,3,Both,2010,13.026788546168392
91,Portugal,1,Male,2021,30.87021381972168
91,Portugal,2,Female,2021,20.419594891033093
91,Portugal,3,Both,2021,25.38320546668323
165,Pakistan,1,Male,1990,48.46660957225989
165,Pakistan,2,Female,1990,41.45203382135302
165,Pakistan,3,Both,1990,45.12873657099228
413,Tokelau,1,Male,1994,40.10831426928845
413,Tokelau,2,Female,1994,33.15024842614797
413,Tokelau,3,Both,1994,36.61788622108853
91,Portugal,1,Male,2002,38.56132788517122
91,Portugal,2,Female,2002,25.47417422486482
91,Portugal,3,Both,2002,31.801654305503067
161,Bangladesh,1,Male,2004,42.66545483914506
161,Bangladesh,2,Female,2004,37.92896551802109
161,Bangladesh,3,Both,2004,40.35172797705396
128,Guatemala,1,Male,1993,20.63466738923815
128,Guatemala,2,Female,1993,17.76966130153388
128,Guatemala,3,Both,1993,19.17860276762531
177,Djibouti,1,Male,1995,40.45039955551406
177,Djibouti,2,Female,1995,38.29538566034353
177,Djibouti,3,Both,1995,39.4330871937229
165,Pakistan,1,Male,1998,47.20726516007906
165,Pakistan,2,Female,1998,40.33343738502299
165,Pakistan,3,Both,1998,43.91387750998006
61,Republic of Moldova,1,Male,2002,48.31384047919819
61,Republic of Moldova,2,Female,2002,24.4703499122327
61,Republic of Moldova,3,Both,2002,35.88369613244874
142,Iran (Islamic Republic of),1,Male,2004,31.72283836047274
142,Iran (Islamic Republic of),2,Female,2004,21.31356159803963
142,Iran (Islamic Republic of),3,Both,2004,26.616671825015047
149,Palestine,1,Male,2007,48.94319972005929
149,Palestine,2,Female,2007,41.16397369087644
149,Palestine,3,Both,2007,45.11513437296091
196,South Africa,1,Male,1995,40.64945935757963
196,South Africa,2,Female,1995,36.30594174704556
196,South Africa,3,Both,1995,38.40146335362847
191,Zambia,1,Male,1992,28.13115890843161
191,Zambia,2,Female,1992,26.36950371849976
191,Zambia,3,Both,1992,27.235613421059192
101,Canada,1,Male,2008,33.33884311287445
101,Canada,2,Female,2008,28.26955264998576
101,Canada,3,Both,2008,30.755762304581857
215,Sao Tome and Principe,1,Male,1997,9.39526070701595
215,Sao Tome and Principe,2,Female,1997,6.63145845965534
215,Sao Tome and Principe,3,Both,1997,7.9987438082118
162,Bhutan,1,Male,2001,22.579196604668105
162,Bhutan,2,Female,2001,16.95945113278901
162,Bhutan,3,Both,2001,19.91773204691826
125,Colombia,1,Male,2002,25.4349166406571
125,Colombia,2,Female,2002,21.066721495136026
125,Colombia,3,Both,2002,23.21264252571505
178,Eritrea,1,Male,2007,18.27354259045611
178,Eritrea,2,Female,2007,12.49672836312432
178,Eritrea,3,Both,2007,15.41079075592893
369,Nauru,1,Male,2003,50.43112750654891
369,Nauru,2,Female,2003,49.81294959532956
369,Nauru,3,Both,2003,50.127900795336
6,China,1,Male,2020,49.45812066851394
6,China,2,Female,2020,26.68070161413435
6,China,3,Both,2020,38.33518448980308
215,Sao Tome and Principe,1,Male,2006,8.88778291751313
215,Sao Tome and Principe,2,Female,2006,6.191935305033311
215,Sao Tome and Principe,3,Both,2006,7.52983909416365
196,South Africa,1,Male,1992,42.88391963821309
196,South Africa,2,Female,1992,40.22526466376886
196,South Africa,3,Both,1992,41.51202584016429
170,Congo,1,Male,1993,19.673812535193942
170,Congo,2,Female,1993,14.42458996025946
170,Congo,3,Both,1993,16.99798894873224
125,Colombia,1,Male,1999,26.47522908185011
125,Colombia,2,Female,1999,21.9520234369093
125,Colombia,3,Both,1999,24.176235173763818
132,Panama,1,Male,1993,23.30088764976957
132,Panama,2,Female,1993,19.17002664763581
132,Panama,3,Both,1993,21.26124809600795
172,Equatorial Guinea,1,Male,2000,35.07730493655817
172,Equatorial Guinea,2,Female,2000,30.53329712968464
172,Equatorial Guinea,3,Both,2000,32.776965545173766
211,Mali,1,Male,2009,25.21385389122384
211,Mali,2,Female,2009,23.80266507255051
211,Mali,3,Both,2009,24.50422537620022
90,Norway,1,Male,1993,42.48561364437092
90,Norway,2,Female,1993,39.115455991715606
90,Norway,3,Both,1993,40.780773928023386
190,Uganda,1,Male,1997,21.33280772041284
190,Uganda,2,Female,1997,20.55433951982392
190,Uganda,3,Both,1997,20.93529955143675
125,Colombia,1,Male,1996,27.34239867233889
125,Colombia,2,Female,1996,22.65747490970406
125,Colombia,3,Both,1996,24.96359534359778
111,Dominican Republic,1,Male,2009,22.10514056147848
111,Dominican Republic,2,Female,2009,18.88331545743079
111,Dominican Republic,3,Both,2009,20.5008423112337
170,Congo,1,Male,2010,19.10652966723667
170,Congo,2,Female,2010,15.032357868050362
170,Congo,3,Both,2010,17.05084615241378
170,Congo,1,Male,1998,19.34134620805176
170,Congo,2,Female,1998,14.12474170599144
170,Congo,3,Both,1998,16.685861089367098
108,Belize,1,Male,1999,22.64783849694134
108,Belize,2,Female,1999,18.97586395596274
108,Belize,3,Both,1999,20.82579838906874
169,Central African Republic,1,Male,1990,20.94500380700779
169,Central African Republic,2,Female,1990,17.883053359228327
169,Central African Republic,3,Both,1990,19.389858039832912
69,Singapore,1,Male,2002,28.81025456842896
69,Singapore,2,Female,2002,18.92940460201239
69,Singapore,3,Both,2002,23.96762804179677
146,Lebanon,1,Male,2004,55.00651715723195
146,Lebanon,2,Female,2004,45.4024896492043
146,Lebanon,3,Both,2004,50.18057544980834
153,Syrian Arab Republic,1,Male,2007,48.34022681364936
153,Syrian Arab Republic,2,Female,2007,42.352275454076334
153,Syrian Arab Republic,3,Both,2007,45.44737003962011
195,Namibia,1,Male,1992,37.06612335644719
195,Namibia,2,Female,1992,35.02099320688973
195,Namibia,3,Both,1992,36.018952059770484
129,Honduras,1,Male,2002,28.4900212099884
129,Honduras,2,Female,2002,25.135418031121255
129,Honduras,3,Both,2002,26.796455180781543
153,Syrian Arab Republic,1,Male,2001,50.77660758686603
153,Syrian Arab Republic,2,Female,2001,45.52565076888329
153,Syrian Arab Republic,3,Both,2001,48.218285018535326
113,Guyana,1,Male,2005,25.13739713443599
113,Guyana,2,Female,2005,20.337526676495653
113,Guyana,3,Both,2005,22.743824174832948
83,Iceland,1,Male,2005,37.0628050587467
83,Iceland,2,Female,2005,28.268408508383
83,Iceland,3,Both,2005,32.68692170074186
101,Canada,1,Male,1991,44.767862872088486
101,Canada,2,Female,1991,41.95031660982513
101,Canada,3,Both,1991,43.34007680656718
185,Rwanda,1,Male,2021,20.20750930356689
185,Rwanda,2,Female,2021,16.03144630098616
185,Rwanda,3,Both,2021,18.06385815615664
351,Guam,1,Male,2009,34.31832684496733
351,Guam,2,Female,2009,25.73193605541476
351,Guam,3,Both,2009,30.12804955379907
182,Malawi,1,Male,1995,22.77001393025102
182,Malawi,2,Female,1995,19.46498007021625
182,Malawi,3,Both,1995,21.08777008499744
115,Jamaica,1,Male,1998,31.023614865936526
115,Jamaica,2,Female,1998,25.08499579215568
115,Jamaica,3,Both,1998,28.00570049985527
215,Sao Tome and Principe,1,Male,2009,8.60675460681959
215,Sao Tome and Principe,2,Female,2009,5.88333223954772
215,Sao Tome and Principe,3,Both,2009,7.23785705686359
119,Trinidad and Tobago,1,Male,1990,33.48445115431281
119,Trinidad and Tobago,2,Female,1990,29.11757273451151
119,Trinidad and Tobago,3,Both,1990,31.3029232679907
72,New Zealand,1,Male,1994,36.47253231727896
72,New Zealand,2,Female,1994,32.77102482246179
72,New Zealand,3,Both,1994,34.59566305486752
77,Cyprus,1,Male,2002,50.58498099965754
77,Cyprus,2,Female,2002,38.08778427634345
77,Cyprus,3,Both,2002,44.35865243939238
112,Grenada,1,Male,1999,22.77546696498831
112,Grenada,2,Female,1999,17.07999401534624
112,Grenada,3,Both,1999,19.87986972566231
385,Puerto Rico,1,Male,2006,17.79129690670099
385,Puerto Rico,2,Female,2006,12.8511884987411
385,Puerto Rico,3,Both,2006,15.22506795080475
118,Suriname,1,Male,1990,40.0325893807148
118,Suriname,2,Female,1990,34.90235611020694
118,Suriname,3,Both,1990,37.482289665113846
165,Pakistan,1,Male,2004,44.37213160138706
165,Pakistan,2,Female,2004,37.43017743448948
165,Pakistan,3,Both,2004,41.02463760975062
173,Gabon,1,Male,1990,23.27769304724118
173,Gabon,2,Female,1990,18.90781365122794
173,Gabon,3,Both,1990,21.07100659253796
150,Oman,1,Male,2004,26.814328403453608
150,Oman,2,Female,2004,18.37577332155802
150,Oman,3,Both,2004,23.12042761472455
349,Greenland,1,Male,2000,48.33244139279947
349,Greenland,2,Female,2000,53.30823810357881
349,Greenland,3,Both,2000,50.6501365393684
99,Uruguay,1,Male,2004,43.9610097165625
99,Uruguay,2,Female,2004,34.77474528427593
99,Uruguay,3,Both,2004,39.21961845363022
133,Venezuela (Bolivarian Republic of),1,Male,2021,23.7438367432357
133,Venezuela (Bolivarian Republic of),2,Female,2021,16.83026425195505
133,Venezuela (Bolivarian Republic of),3,Both,2021,20.17400343964319
157,Yemen,1,Male,2007,45.61399936451468
157,Yemen,2,Female,2007,37.89888785218173
157,Yemen,3,Both,2007,41.8259406987639
320,Cook Islands,1,Male,1991,41.31784583049506
320,Cook Islands,2,Female,1991,36.280816367000654
320,Cook Islands,3,Both,1991,38.8977686970873
136,Paraguay,1,Male,2010,31.001567352561025
136,Paraguay,2,Female,2010,23.876428349948934
136,Paraguay,3,Both,2010,27.478552668390872
127,El Salvador,1,Male,1995,15.32706242086013
127,El Salvador,2,Female,1995,11.24107406735875
127,El Salvador,3,Both,1995,13.21842216476539
35,Georgia,1,Male,1997,49.3000740104182
35,Georgia,2,Female,1997,28.60706120145955
35,Georgia,3,Both,1997,38.350803626496486
178,Eritrea,1,Male,1993,18.60763333478716
178,Eritrea,2,Female,1993,13.84643611433669
178,Eritrea,3,Both,1993,16.22631555347524
81,Germany,1,Male,2002,40.24382097536613
81,Germany,2,Female,2002,29.55911541439395
81,Germany,3,Both,2002,34.7811972552604
376,Northern Mariana Islands,1,Male,2002,38.50748035317198
376,Northern Mariana Islands,2,Female,2002,36.58740322086725
376,Northern Mariana Islands,3,Both,2002,37.512359220268685
105,Antigua and Barbuda,1,Male,2008,19.574585128218335
105,Antigua and Barbuda,2,Female,2008,12.06108860112582
105,Antigua and Barbuda,3,Both,2008,15.636403931710142
129,Honduras,1,Male,1996,29.904267029818698
129,Honduras,2,Female,1996,26.144888788753462
129,Honduras,3,Both,1996,28.01141267938859
157,Yemen,1,Male,2001,45.97225609931847
157,Yemen,2,Female,2001,38.09783196563296
157,Yemen,3,Both,2001,42.12376500872778
94,Switzerland,1,Male,2001,39.14054521701842
94,Switzerland,2,Female,2001,31.71289220927211
94,Switzerland,3,Both,2001,35.34703808342824
385,Puerto Rico,1,Male,2003,18.161555755590992
385,Puerto Rico,2,Female,2003,13.29411442130872
385,Puerto Rico,3,Both,2003,15.636712654924173
210,Liberia,1,Male,2008,16.39027063773442
210,Liberia,2,Female,2008,13.577868391282392
210,Liberia,3,Both,2008,14.99059733611806
129,Honduras,1,Male,1999,29.314899932073157
129,Honduras,2,Female,1999,25.824872336855197
129,Honduras,3,Both,1999,27.55680419552674
148,Morocco,1,Male,2003,36.98555498579385
148,Morocco,2,Female,2003,28.48642047687323
148,Morocco,3,Both,2003,32.68751640997018
133,Venezuela (Bolivarian Republic of),1,Male,2002,30.39518544284523
133,Venezuela (Bolivarian Republic of),2,Female,2002,26.27097780084553
133,Venezuela (Bolivarian Republic of),3,Both,2002,28.31670870284177
214,Nigeria,1,Male,1994,12.25927224196486
214,Nigeria,2,Female,1994,10.80952830916534
214,Nigeria,3,Both,1994,11.53841381109183
200,Benin,1,Male,1995,19.2848374428806
200,Benin,2,Female,1995,16.91716748322985
200,Benin,3,Both,1995,18.07247620047997
210,Liberia,1,Male,2005,16.96343413201872
210,Liberia,2,Female,2005,14.10945234609494
210,Liberia,3,Both,2005,15.531452614223909
29,Tonga,1,Male,2010,43.11480414894741
29,Tonga,2,Female,2010,39.79159681936592
29,Tonga,3,Both,2010,41.46916904173953
117,Saint Vincent and the Grenadines,1,Male,2005,21.26247692445301
117,Saint Vincent and the Grenadines,2,Female,2005,15.45810652959726
117,Saint Vincent and the Grenadines,3,Both,2005,18.3981226453487
87,Luxembourg,1,Male,2005,38.73552160608674
87,Luxembourg,2,Female,2005,32.157176367553845
87,Luxembourg,3,Both,2005,35.40997040336768
105,Antigua and Barbuda,1,Male,1991,21.07995737933952
105,Antigua and Barbuda,2,Female,1991,13.258919370305213
105,Antigua and Barbuda,3,Both,1991,17.02406319285963
94,Switzerland,1,Male,1993,43.665235528170086
94,Switzerland,2,Female,1993,34.94846652845299
94,Switzerland,3,Both,1993,39.23906917009017
178,Eritrea,1,Male,2010,18.20061391142984
178,Eritrea,2,Female,2010,12.16621468221039
178,Eritrea,3,Both,2010,15.21567253222256
128,Guatemala,1,Male,1996,20.6568741371462
128,Guatemala,2,Female,1996,17.909938206473388
128,Guatemala,3,Both,1996,19.2586627691618
85,Israel,1,Male,2002,41.12369400491071
85,Israel,2,Female,2002,34.65675888890837
85,Israel,3,Both,2002,37.85472239091956
115,Jamaica,1,Male,2009,24.92139431389181
115,Jamaica,2,Female,2009,18.38846757063487
115,Jamaica,3,Both,2009,21.623564247137992
35,Georgia,1,Male,2000,49.50443307992781
35,Georgia,2,Female,2000,28.4689260133604
35,Georgia,3,Both,2000,38.35650303990623
116,Saint Lucia,1,Male,1999,22.80913546956061
116,Saint Lucia,2,Female,1999,17.62718945645542
116,Saint Lucia,3,Both,1999,20.16936605620723
108,Belize,1,Male,2008,21.60506903434437
108,Belize,2,Female,2008,18.3513613114064
108,Belize,3,Both,2008,19.97984010739328
119,Trinidad and Tobago,1,Male,1998,31.5213168975735
119,Trinidad and Tobago,2,Female,1998,25.78173961672051
119,Trinidad and Tobago,3,Both,1998,28.66124367813086
176,Comoros,1,Male,2000,29.64945440336544
176,Comoros,2,Female,2000,25.08557044330469
176,Comoros,3,Both,2000,27.348805964271072
200,Benin,1,Male,1992,19.313521818039963
200,Benin,2,Female,1992,17.05669981393616
200,Benin,3,Both,1992,18.157632072854703
369,Nauru,1,Male,2009,48.22853790352454
369,Nauru,2,Female,2009,47.32832352458962
369,Nauru,3,Both,2009,47.78469221563269
39,Tajikistan,1,Male,1997,38.36476840158999
39,Tajikistan,2,Female,1997,29.89780986352233
39,Tajikistan,3,Both,1997,34.12684828844626
148,Morocco,1,Male,1992,41.716817598151
148,Morocco,2,Female,1992,33.77010409337735
148,Morocco,3,Both,1992,37.7294455191086
416,Tuvalu,1,Male,2006,42.12085361540122
416,Tuvalu,2,Female,2006,38.29655475827807
416,Tuvalu,3,Both,2006,40.22226000465134
89,Netherlands,1,Male,2002,39.54776507572781
89,Netherlands,2,Female,2002,34.734390819648496
89,Netherlands,3,Both,2002,37.11514177282253
170,Congo,1,Male,2001,19.14482293408075
170,Congo,2,Female,2001,14.19312148273571
170,Congo,3,Both,2001,16.62883325082789
179,Ethiopia,1,Male,1993,13.5052406399053
179,Ethiopia,2,Female,1993,10.94083409202406
179,Ethiopia,3,Both,1993,12.23208629576056
29,Tonga,1,Male,1999,45.99326110456359
29,Tonga,2,Female,1999,44.7478515811871
29,Tonga,3,Both,1999,45.37995866737411
161,Bangladesh,1,Male,2001,43.30970257585692
161,Bangladesh,2,Female,2001,38.93934162347154
161,Bangladesh,3,Both,2001,41.18817133666635
122,Ecuador,1,Male,1990,24.60941742951268
122,Ecuador,2,Female,1990,20.76024110051968
122,Ecuador,3,Both,1990,22.6743384771915
109,Cuba,1,Male,1991,42.85355135039557
109,Cuba,2,Female,1991,35.594405953103866
109,Cuba,3,Both,1991,39.24636887780887
91,Portugal,1,Male,2005,37.58579348181692
91,Portugal,2,Female,2005,24.83208765850857
91,Portugal,3,Both,2005,30.982900891883094
131,Nicaragua,1,Male,1995,31.20454449951882
131,Nicaragua,2,Female,1995,29.47950897258395
131,Nicaragua,3,Both,1995,30.32918013036239
218,Togo,1,Male,1994,23.64019616796168
218,Togo,2,Female,1994,19.71481655295744
218,Togo,3,Both,1994,21.62922343991299
132,Panama,1,Male,1996,22.16273442616358
132,Panama,2,Female,1996,18.19669838741613
132,Panama,3,Both,1996,20.2019080634245
76,Belgium,1,Male,1994,44.98026610084374
76,Belgium,2,Female,1994,36.251325419069744
76,Belgium,3,Both,1994,40.52662090789435
396,San Marino,1,Male,2002,37.10500720267258
396,San Marino,2,Female,2002,28.601151778402865
396,San Marino,3,Both,2002,32.72068895771453
177,Djibouti,1,Male,1990,40.51573134418468
177,Djibouti,2,Female,1990,38.92612064513777
177,Djibouti,3,Both,1990,39.76391602607807
214,Nigeria,1,Male,2008,10.78294110141601
214,Nigeria,2,Female,2008,8.88030342239386
214,Nigeria,3,Both,2008,9.83416198636366
169,Central African Republic,1,Male,2004,16.72194026357544
169,Central African Republic,2,Female,2004,13.15084643613108
169,Central African Republic,3,Both,2004,14.92748977748833
112,Grenada,1,Male,2008,21.12676875014898
112,Grenada,2,Female,2008,15.10318838406802
112,Grenada,3,Both,2008,18.11039513168875
385,Puerto Rico,1,Male,2009,17.42295327749712
385,Puerto Rico,2,Female,2009,12.39551434097088
385,Puerto Rico,3,Both,2009,14.80791969130225
62,Russian Federation,1,Male,1996,50.90174389049219
62,Russian Federation,2,Female,1996,30.18308924201851
62,Russian Federation,3,Both,1996,39.88252678489814
161,Bangladesh,1,Male,2007,41.95785791980305
161,Bangladesh,2,Female,2007,36.48254226240745
161,Bangladesh,3,Both,2007,39.259431479791765
141,Egypt,1,Male,2010,46.96621474888415
141,Egypt,2,Female,2010,35.16414490691316
141,Egypt,3,Both,2010,41.23041908630525
82,Greece,1,Male,2007,54.8774150701671
82,Greece,2,Female,2007,41.35450578626694
82,Greece,3,Both,2007,48.04788278918457
135,Brazil,1,Male,2006,33.74546889807753
135,Brazil,2,Female,2006,28.92713683885294
135,Brazil,3,Both,2006,31.2984379890393
435,South Sudan,1,Male,2006,21.60188791915477
435,South Sudan,2,Female,2006,19.04029967507882
435,South Sudan,3,Both,2006,20.369811854669432
179,Ethiopia,1,Male,2007,11.99788823952947
179,Ethiopia,2,Female,2007,9.62320874005252
179,Ethiopia,3,Both,2007,10.82274567439396
119,Trinidad and Tobago,1,Male,2009,27.68733423010756
119,Trinidad and Tobago,2,Female,2009,21.97244362847908
119,Trinidad and Tobago,3,Both,2009,24.84283353475569
152,Saudi Arabia,1,Male,1992,36.160023440325176
152,Saudi Arabia,2,Female,1992,25.600577900882698
152,Saudi Arabia,3,Both,1992,31.51674314612426
179,Ethiopia,1,Male,2010,11.80821636090143
179,Ethiopia,2,Female,2010,9.38177297258886
179,Ethiopia,3,Both,2010,10.60680100330665
186,Seychelles,1,Male,1995,41.59357220339856
186,Seychelles,2,Female,1995,31.04649419279829
186,Seychelles,3,Both,1995,36.30442548138877
133,Venezuela (Bolivarian Republic of),1,Male,1996,33.01974408769131
133,Venezuela (Bolivarian Republic of),2,Female,1996,29.222784287410047
133,Venezuela (Bolivarian Republic of),3,Both,1996,31.10346481281653
204,Chad,1,Male,1992,22.644278617085607
204,Chad,2,Female,1992,20.15578183576611
204,Chad,3,Both,1992,21.36513352975532
113,Guyana,1,Male,1991,27.901223100899298
113,Guyana,2,Female,1991,23.52603473368676
113,Guyana,3,Both,1991,25.69275264208397
39,Tajikistan,1,Male,2000,36.71892228577471
39,Tajikistan,2,Female,2000,27.711733852881387
39,Tajikistan,3,Both,2000,32.2234732807991
165,Pakistan,1,Male,2001,46.07307827075929
165,Pakistan,2,Female,2001,39.19105387771353
165,Pakistan,3,Both,2001,42.76520246948216
154,Tunisia,1,Male,2004,50.86743942200867
154,Tunisia,2,Female,2004,39.34041360567794
154,Tunisia,3,Both,2004,45.11757099390198
33,Armenia,1,Male,2010,55.45719036484316
33,Armenia,2,Female,2010,32.49539035993718
33,Armenia,3,Both,2010,43.51677141129
80,France,1,Male,1994,41.87966349176458
80,France,2,Female,1994,32.43304297426969
80,France,3,Both,1994,37.03435276056305
190,Uganda,1,Male,2021,15.64072842751846
190,Uganda,2,Female,2021,13.394556247898882
190,Uganda,3,Both,2021,14.50201451098815
194,Lesotho,1,Male,1997,30.52479252406089
194,Lesotho,2,Female,1997,22.83316702960173
194,Lesotho,3,Both,1997,26.397870804492467
349,Greenland,1,Male,2003,47.555365928795936
349,Greenland,2,Female,2003,52.966271382109255
349,Greenland,3,Both,2003,50.07862580807039
181,Madagascar,1,Male,2000,29.75864856931016
181,Madagascar,2,Female,2000,29.13207573334759
181,Madagascar,3,Both,2000,29.443452966538743
116,Saint Lucia,1,Male,2008,20.17571542639781
116,Saint Lucia,2,Female,2008,13.9586903723881
116,Saint Lucia,3,Both,2008,17.04105904910704
416,Tuvalu,1,Male,2009,41.75481108894247
416,Tuvalu,2,Female,2009,38.6042682359531
416,Tuvalu,3,Both,2009,40.20512423738831
43,Albania,1,Male,1997,49.36112183232641
43,Albania,2,Female,1997,33.87438217890124
43,Albania,3,Both,1997,41.674837180202765
93,Sweden,1,Male,2002,27.35785058865118
93,Sweden,2,Female,2002,26.50759133340236
93,Sweden,3,Both,2002,26.92834312106529
108,Belize,1,Male,2021,20.23183774615533
108,Belize,2,Female,2021,16.21378996114885
108,Belize,3,Both,2021,18.20939963693377
95,United Kingdom,1,Male,1993,43.94622955776781
95,United Kingdom,2,Female,1993,38.59872416914347
95,United Kingdom,3,Both,1993,41.19716998342985
33,Armenia,1,Male,1999,58.16708216325196
33,Armenia,2,Female,1999,35.93380464842691
33,Armenia,3,Both,1999,46.67363201425811
183,Mauritius,1,Male,2007,32.80574443914095
183,Mauritius,2,Female,2007,25.04747163439359
183,Mauritius,3,Both,2007,28.88713641808366
156,United Arab Emirates,1,Male,1992,34.093352619096464
156,United Arab Emirates,2,Female,1992,29.95669212187809
156,United Arab Emirates,3,Both,1992,32.66154448925446
126,Costa Rica,1,Male,1990,34.39942322137026
126,Costa Rica,2,Female,1990,29.2025724104515
126,Costa Rica,3,Both,1990,31.80363315713176
178,Eritrea,1,Male,2001,18.3245558543052
178,Eritrea,2,Female,2001,13.02630402642595
178,Eritrea,3,Both,2001,15.686610804195688
66,Brunei Darussalam,1,Male,1996,42.05827559910093
66,Brunei Darussalam,2,Female,1996,34.797248321247295
66,Brunei Darussalam,3,Both,1996,38.552689501168494
183,Mauritius,1,Male,2010,33.01273182790968
183,Mauritius,2,Female,2010,24.71308874642557
183,Mauritius,3,Both,2010,28.81901110852937
136,Paraguay,1,Male,1996,39.65199291035541
136,Paraguay,2,Female,1996,33.750937340346745
136,Paraguay,3,Both,1996,36.723963815591
117,Saint Vincent and the Grenadines,1,Male,1991,23.95843429970747
117,Saint Vincent and the Grenadines,2,Female,1991,20.12198737394133
117,Saint Vincent and the Grenadines,3,Both,1991,22.03914407742367
43,Albania,1,Male,2000,49.18586405766441
43,Albania,2,Female,2000,32.44924810982276
43,Albania,3,Both,2000,40.81663804669548
95,United Kingdom,1,Male,2001,38.50231066339721
95,United Kingdom,2,Female,2001,34.837697470911024
95,United Kingdom,3,Both,2001,36.62553685928872
169,Central African Republic,1,Male,1998,19.13887299933591
169,Central African Republic,2,Female,1998,15.55848709184986
169,Central African Republic,3,Both,1998,17.33352305354736
121,Bolivia (Plurinational State of),1,Male,2005,18.60077834728521
121,Bolivia (Plurinational State of),2,Female,2005,15.63376478780214
121,Bolivia (Plurinational State of),3,Both,2005,17.1149458663726
123,Peru,1,Male,2009,15.76886615435103
123,Peru,2,Female,2009,11.12289743588173
123,Peru,3,Both,2009,13.45253127949942
6,China,1,Male,2012,50.57944299494015
6,China,2,Female,2012,31.7827093422026
6,China,3,Both,2012,41.38086164763145
152,Saudi Arabia,1,Male,2003,35.892987395892725
152,Saudi Arabia,2,Female,2003,26.14420512118564
152,Saudi Arabia,3,Both,2003,31.55264833523836
84,Ireland,1,Male,1994,44.80675182807743
84,Ireland,2,Female,1994,40.00626343355118
84,Ireland,3,Both,1994,42.39312899245753
194,Lesotho,1,Male,2021,37.31292983564345
194,Lesotho,2,Female,2021,31.42915483672032
194,Lesotho,3,Both,2021,34.28429097415719
173,Gabon,1,Male,2004,23.27319748403821
173,Gabon,2,Female,2004,20.10099118326489
173,Gabon,3,Both,2004,21.66009119009141
376,Northern Mariana Islands,1,Male,1991,38.85310358157989
376,Northern Mariana Islands,2,Female,1991,39.6533141763045
376,Northern Mariana Islands,3,Both,1991,39.238230823303226
218,Togo,1,Male,2008,19.88611631511901
218,Togo,2,Female,2008,15.93688290223379
218,Togo,3,Both,2008,17.86897570666588
178,Eritrea,1,Male,1998,18.37160735438917
178,Eritrea,2,Female,1998,13.244123642386372
178,Eritrea,3,Both,1998,15.81835030175781
185,Rwanda,1,Male,2000,19.50579153755976
185,Rwanda,2,Female,2000,16.3320290315467
185,Rwanda,3,Both,2000,17.844379764152123
435,South Sudan,1,Male,2009,21.32850334695036
435,South Sudan,2,Female,2009,18.30977936208222
435,South Sudan,3,Both,2009,19.87268983154307
112,Grenada,1,Male,2021,18.547064364603
112,Grenada,2,Female,2021,12.21433686167105
112,Grenada,3,Both,2021,15.45769860303843
99,Uruguay,1,Male,1993,45.42718087380899
99,Uruguay,2,Female,1993,35.17546539562778
99,Uruguay,3,Both,1993,40.15314340949686
416,Tuvalu,1,Male,2003,42.73450561645676
416,Tuvalu,2,Female,2003,38.33700334114573
416,Tuvalu,3,Both,2003,40.5316120765063
349,Greenland,1,Male,2006,46.88507996305429
349,Greenland,2,Female,2006,52.71033256539957
349,Greenland,3,Both,2006,49.62045705865673
142,Iran (Islamic Republic of),1,Male,2002,31.657020602048057
142,Iran (Islamic Republic of),2,Female,2002,21.21985445959081
142,Iran (Islamic Republic of),3,Both,2002,26.54147080888621
135,Brazil,1,Male,1995,44.96140617021449
135,Brazil,2,Female,1995,41.26213145424167
135,Brazil,3,Both,1995,43.0863020284839
98,Chile,1,Male,2002,42.92029080910032
98,Chile,2,Female,2002,40.70874456459987
98,Chile,3,Both,2002,41.79946706221505
179,Ethiopia,1,Male,2001,12.512287429234071
179,Ethiopia,2,Female,2001,9.9986011445405
179,Ethiopia,3,Both,2001,11.26858808142792
37,Kyrgyzstan,1,Male,2010,48.63969727786205
37,Kyrgyzstan,2,Female,2010,35.85641115837956
37,Kyrgyzstan,3,Both,2010,42.168017808513966
187,Somalia,1,Male,2010,22.71618221133593
187,Somalia,2,Female,2010,18.79675787651691
187,Somalia,3,Both,2010,20.8051751836836
99,Uruguay,1,Male,2001,45.61207178192662
99,Uruguay,2,Female,2001,36.128953099973785
99,Uruguay,3,Both,2001,40.72395129958388
203,Cabo Verde,1,Male,1992,21.05155961007531
203,Cabo Verde,2,Female,1992,16.27985092614232
203,Cabo Verde,3,Both,1992,18.55710795398103
47,Czechia,1,Male,2000,45.05058048630456
47,Czechia,2,Female,2000,33.72907460983327
47,Czechia,3,Both,2000,39.23888997639516
127,El Salvador,1,Male,2009,17.712703923210142
127,El Salvador,2,Female,2009,12.81667184327628
127,El Salvador,3,Both,2009,15.135350472371712
125,Colombia,1,Male,2005,23.83658055560285
125,Colombia,2,Female,2005,19.37190333666787
125,Colombia,3,Both,2005,21.56397146913549
88,Malta,1,Male,1994,47.60084425029559
88,Malta,2,Female,1994,37.70402982898539
88,Malta,3,Both,1994,42.59621471644826
123,Peru,1,Male,1998,20.95549679095613
123,Peru,2,Female,1998,17.25711649508026
123,Peru,3,Both,1998,19.10084079434822
102,United States of America,1,Male,2002,35.72280720992363
102,United States of America,2,Female,2002,31.09972484695071
102,United States of America,3,Both,2002,33.37359706079122
107,Barbados,1,Male,2004,16.02168229828339
107,Barbados,2,Female,2004,9.916260011253431
107,Barbados,3,Both,2004,12.85036057275734
133,Venezuela (Bolivarian Republic of),1,Male,1999,31.64899026924392
133,Venezuela (Bolivarian Republic of),2,Female,1999,27.82287159388084
133,Venezuela (Bolivarian Republic of),3,Both,1999,29.71779096848592
190,Uganda,1,Male,2000,22.06268903576603
190,Uganda,2,Female,2000,21.34737894959045
190,Uganda,3,Both,2000,21.6970565308739
86,Italy,1,Male,2007,35.89889244697875
86,Italy,2,Female,2007,27.659682440065097
86,Italy,3,Both,2007,31.66066030760894
74,Andorra,1,Male,1996,44.0597975760774
74,Andorra,2,Female,1996,36.50342588374642
74,Andorra,3,Both,1996,40.46877670996827
187,Somalia,1,Male,2007,23.38583200516934
187,Somalia,2,Female,2007,19.689164341105712
187,Somalia,3,Both,2007,21.587244439118415
130,Mexico,1,Male,1990,40.73782612911279
130,Mexico,2,Female,1990,39.69189567404999
130,Mexico,3,Both,1990,40.20698962166475
146,Lebanon,1,Male,2002,55.30177846812736
146,Lebanon,2,Female,2002,45.80050496013547
146,Lebanon,3,Both,2002,50.53785681885141
106,Bahamas,1,Male,2002,20.00071738591761
106,Bahamas,2,Female,2002,12.34087930213798
106,Bahamas,3,Both,2002,16.06609498079519
183,Mauritius,1,Male,2001,34.38865200953208
183,Mauritius,2,Female,2001,27.80971379563534
183,Mauritius,3,Both,2001,31.07102446324322
37,Kyrgyzstan,1,Male,1999,41.85022249172083
37,Kyrgyzstan,2,Female,1999,32.25090560859664
37,Kyrgyzstan,3,Both,1999,36.98541760344586
121,Bolivia (Plurinational State of),1,Male,1991,22.99664113875905
121,Bolivia (Plurinational State of),2,Female,1991,21.16191819214696
121,Bolivia (Plurinational State of),3,Both,1991,22.06940571191464
156,United Arab Emirates,1,Male,2003,34.47752838796897
156,United Arab Emirates,2,Female,2003,31.18430366736612
156,United Arab Emirates,3,Both,2003,33.42333480020161
198,Zimbabwe,1,Male,1997,29.2364782855064
198,Zimbabwe,2,Female,1997,23.7767196004408
198,Zimbabwe,3,Both,1997,26.43652316517691
114,Haiti,1,Male,2018,13.49344435842955
114,Haiti,2,Female,2018,10.55837524934588
114,Haiti,3,Both,2018,11.9959001391296
110,Dominica,1,Male,2002,20.88474168801793
110,Dominica,2,Female,2002,13.77552116989394
110,Dominica,3,Both,2002,17.29148570414436
129,Honduras,1,Male,2005,27.40460972179268
129,Honduras,2,Female,2005,23.7582900235804
129,Honduras,3,Both,2005,25.55796502555908
92,Spain,1,Male,1994,54.39360312633278
92,Spain,2,Female,1994,36.99913058779113
92,Spain,3,Both,1994,45.50548026693047
160,Afghanistan,1,Male,1992,22.123514857776
160,Afghanistan,2,Female,1992,13.42191148692224
160,Afghanistan,3,Both,1992,17.67484951655231
522,Sudan,1,Male,2010,30.55191064515808
522,Sudan,2,Female,2010,22.55173569479494
522,Sudan,3,Both,2010,26.61064333445356
140,Bahrain,1,Male,2006,31.69482562551439
140,Bahrain,2,Female,2006,21.61257276953025
140,Bahrain,3,Both,2006,27.66278459618599
111,Dominican Republic,1,Male,2004,24.71668063451366
111,Dominican Republic,2,Female,2004,21.7832219481339
111,Dominican Republic,3,Both,2004,23.24891553553646
107,Barbados,1,Male,1993,17.35084834541293
107,Barbados,2,Female,1993,11.17268830980445
107,Barbados,3,Both,1993,14.14596310999805
142,Iran (Islamic Republic of),1,Male,2021,30.215585358312957
142,Iran (Islamic Republic of),2,Female,2021,17.73921055754353
142,Iran (Islamic Republic of),3,Both,2021,24.081575689372254
183,Mauritius,1,Male,1993,39.00068070239988
183,Mauritius,2,Female,1993,35.51083116118272
183,Mauritius,3,Both,1993,37.25380871461231
150,Oman,1,Male,2002,27.0754878251467
150,Oman,2,Female,2002,19.26278935164605
150,Oman,3,Both,2002,23.64780599782479
367,Monaco,1,Male,2006,36.91899217028417
367,Monaco,2,Female,2006,27.338824639821528
367,Monaco,3,Both,2006,32.01959212663485
396,San Marino,1,Male,1991,42.66669968724395
396,San Marino,2,Female,1991,34.65986030685121
396,San Marino,3,Both,1991,38.596587880369846
208,Guinea,1,Male,1992,25.08349086588788
208,Guinea,2,Female,1992,22.12487906504034
208,Guinea,3,Both,1992,23.57048802861074
214,Nigeria,1,Male,2005,11.35459124346808
214,Nigeria,2,Female,2005,9.5187781522962
214,Nigeria,3,Both,2005,10.44744794425188
51,Poland,1,Male,2000,48.28929437959863
51,Poland,2,Female,2000,38.176415736061095
51,Poland,3,Both,2000,43.07833191174964
191,Zambia,1,Male,1995,27.61038027807365
191,Zambia,2,Female,1995,25.9648335481025
191,Zambia,3,Both,1995,26.774624531704948
162,Bhutan,1,Male,2004,21.60655373238583
162,Bhutan,2,Female,2004,16.12667005712408
162,Bhutan,3,Both,2004,19.009538687341827
7,Democratic People's Republic of Korea,1,Male,2017,43.70860718458102
7,Democratic People's Republic of Korea,2,Female,2017,28.40777346969428
7,Democratic People's Republic of Korea,3,Both,2017,35.975789102797364
133,Venezuela (Bolivarian Republic of),1,Male,2005,29.359235482638518
133,Venezuela (Bolivarian Republic of),2,Female,2005,24.76028515553701
133,Venezuela (Bolivarian Republic of),3,Both,2005,27.04677900164191
123,Peru,1,Male,1990,19.99236165504597
123,Peru,2,Female,1990,16.80911333124081
123,Peru,3,Both,1990,18.3927983486128
179,Ethiopia,1,Male,1998,12.815651677830232
179,Ethiopia,2,Female,1998,10.22364892305187
179,Ethiopia,3,Both,1998,11.533330619383229
182,Malawi,1,Male,1990,21.93945992714586
182,Malawi,2,Female,1990,18.40422182920694
182,Malawi,3,Both,1990,20.143316124706832
142,Iran (Islamic Republic of),1,Male,1996,31.86743337333785
142,Iran (Islamic Republic of),2,Female,1996,21.529579018058
142,Iran (Islamic Republic of),3,Both,1996,26.78171365992932
145,Kuwait,1,Male,2010,41.01288871399292
145,Kuwait,2,Female,2010,33.74789467326043
145,Kuwait,3,Both,2010,37.92605096045319
435,South Sudan,1,Male,2003,21.83964181112322
435,South Sudan,2,Female,2003,19.58963892102361
435,South Sudan,3,Both,2003,20.76065048086238
154,Tunisia,1,Male,2002,51.71137467513464
154,Tunisia,2,Female,2002,40.65702837176226
154,Tunisia,3,Both,2002,46.20910591839542
212,Mauritania,1,Male,1992,35.72510170105727
212,Mauritania,2,Female,1992,35.66125142209778
212,Mauritania,3,Both,1992,35.69289979292016
125,Colombia,1,Male,1991,29.90209319147739
125,Colombia,2,Female,1991,25.47420006421277
125,Colombia,3,Both,1991,27.66054037757759
131,Nicaragua,1,Male,2009,26.80440538137842
131,Nicaragua,2,Female,2009,25.24973273889053
131,Nicaragua,3,Both,2009,26.01731128030297
173,Gabon,1,Male,1998,23.57678247830068
173,Gabon,2,Female,1998,19.861867771045368
173,Gabon,3,Both,1998,21.69636605785991
90,Norway,1,Male,2007,33.8021086936449
90,Norway,2,Female,2007,26.46524408411607
90,Norway,3,Both,2007,30.11033012340265
380,Palau,1,Male,2006,28.87634401340764
380,Palau,2,Female,2006,21.41513265728119
380,Palau,3,Both,2006,25.44394816023436
97,Argentina,1,Male,1994,43.898950354882935
97,Argentina,2,Female,1994,38.55270245088407
97,Argentina,3,Both,1994,41.16401973332286
128,Guatemala,1,Male,2008,20.46381198338957
128,Guatemala,2,Female,2008,18.06191909585653
128,Guatemala,3,Both,2008,19.23351065643244
183,Mauritius,1,Male,1998,36.11652351257258
183,Mauritius,2,Female,1998,30.6065681263683
183,Mauritius,3,Both,1998,33.34440280154646
207,Ghana,1,Male,1992,12.36559330155979
207,Ghana,2,Female,1992,10.24909859073723
207,Ghana,3,Both,1992,11.30029418948706
127,El Salvador,1,Male,1990,15.31753297973679
127,El Salvador,2,Female,1990,11.47100058594192
127,El Salvador,3,Both,1990,13.34847905433589
146,Lebanon,1,Male,2021,51.14841171427209
146,Lebanon,2,Female,2021,38.52015293145981
146,Lebanon,3,Both,2021,44.82902940230487
127,El Salvador,1,Male,1998,15.795767370268091
127,El Salvador,2,Female,1998,11.5341017164827
127,El Salvador,3,Both,1998,13.58599647303233
78,Denmark,1,Male,1996,46.89836454264237
78,Denmark,2,Female,1996,44.807457962720434
78,Denmark,3,Both,1996,45.83905917907713
41,Uzbekistan,1,Male,2010,34.46828611883197
41,Uzbekistan,2,Female,2010,24.135725471941928
41,Uzbekistan,3,Both,2010,29.26756137581096
194,Lesotho,1,Male,2000,30.70464431905444
194,Lesotho,2,Female,2000,23.047558987848777
194,Lesotho,3,Both,2000,26.61141858170125
177,Djibouti,1,Male,2004,41.95324139774728
177,Djibouti,2,Female,2004,38.97160019351918
177,Djibouti,3,Both,2004,40.56683813151325
187,Somalia,1,Male,1993,24.26993528398145
187,Somalia,2,Female,1993,20.93971722499932
187,Somalia,3,Both,1993,22.64686774941925
196,South Africa,1,Male,2010,31.73870014948747
196,South Africa,2,Female,2010,25.46149309351865
196,South Africa,3,Both,2010,28.5124432239581
136,Paraguay,1,Male,1993,40.77324380829919
136,Paraguay,2,Female,1993,35.10835840317609
136,Paraguay,3,Both,1993,37.95996822929353
187,Somalia,1,Male,2001,24.10010462346959
187,Somalia,2,Female,2001,20.22231321165796
187,Somalia,3,Both,2001,22.2132007129574
196,South Africa,1,Male,2007,33.496128606985145
196,South Africa,2,Female,2007,27.351556905989447
196,South Africa,3,Both,2007,30.324992777589088
149,Palestine,1,Male,2010,47.91846201048981
149,Palestine,2,Female,2010,40.04349296323032
149,Palestine,3,Both,2010,44.03789678101662
160,Afghanistan,1,Male,2003,23.99243386429844
160,Afghanistan,2,Female,2003,17.59085165619397
160,Afghanistan,3,Both,2003,20.814838062076
107,Barbados,1,Male,2001,16.75829277741732
107,Barbados,2,Female,2001,10.51612608878037
107,Barbados,3,Both,2001,13.51596217156933
128,Guatemala,1,Male,1999,20.75598335556872
128,Guatemala,2,Female,1999,18.07613299110869
128,Guatemala,3,Both,1999,19.3901837860732
202,Cameroon,1,Male,1997,22.25748759907848
202,Cameroon,2,Female,1997,19.29783905845506
202,Cameroon,3,Both,1997,20.75763508520582
129,Honduras,1,Male,1991,30.731988335239656
129,Honduras,2,Female,1991,26.776545331594807
129,Honduras,3,Both,1991,28.74201302574562
413,Tokelau,1,Male,2006,37.3781713980855
413,Tokelau,2,Female,2006,29.33703664435549
413,Tokelau,3,Both,2006,33.43942054273484
116,Saint Lucia,1,Male,2021,16.99784271366067
116,Saint Lucia,2,Female,2021,10.11446448718733
116,Saint Lucia,3,Both,2021,13.55678161398555
109,Cuba,1,Male,2008,37.30791232791062
109,Cuba,2,Female,2008,27.618780515129437
109,Cuba,3,Both,2008,32.4637720868662
198,Zimbabwe,1,Male,2021,28.087939120840176
198,Zimbabwe,2,Female,2021,22.02671192765771
198,Zimbabwe,3,Both,2021,24.94256224886717
108,Belize,1,Male,2005,22.018273695700348
108,Belize,2,Female,2005,18.693686808540168
108,Belize,3,Both,2005,20.3604162293171
165,Pakistan,1,Male,2007,41.98642795794658
165,Pakistan,2,Female,2007,34.892868621025805
165,Pakistan,3,Both,2007,38.55577885480373
144,Jordan,1,Male,2006,53.72351322127214
144,Jordan,2,Female,2006,47.07414721197908
144,Jordan,3,Both,2006,50.5149013797459
169,Central African Republic,1,Male,2001,17.94514013218623
169,Central African Republic,2,Female,2001,14.29140231823216
169,Central African Republic,3,Both,2001,16.107633670132802
131,Nicaragua,1,Male,1998,30.22965227452301
131,Nicaragua,2,Female,1998,28.37285490941231
131,Nicaragua,3,Both,1998,29.28851436444915
195,Namibia,1,Male,1995,36.247579379240605
195,Namibia,2,Female,1995,33.78602801984671
195,Namibia,3,Both,1995,34.98498117440857
367,Monaco,1,Male,2003,37.9919881919558
367,Monaco,2,Female,2003,28.167019765208128
367,Monaco,3,Both,2003,32.96176055961461
204,Chad,1,Male,1995,22.5960740448683
204,Chad,2,Female,1995,20.04760193899569
204,Chad,3,Both,1995,21.28825275360541
320,Cook Islands,1,Male,1994,41.11964302751278
320,Cook Islands,2,Female,1994,36.33866792613552
320,Cook Islands,3,Both,1994,38.8139693732359
216,Senegal,1,Male,1992,37.0088355291121
216,Senegal,2,Female,1992,34.10706842142401
216,Senegal,3,Both,1992,35.523634706946126
111,Dominican Republic,1,Male,1993,24.19763741205214
111,Dominican Republic,2,Female,1993,21.40681027790011
111,Dominican Republic,3,Both,1993,22.77051615241383
47,Czechia,1,Male,1997,46.51272847691335
47,Czechia,2,Female,1997,35.31086494022993
47,Czechia,3,Both,1997,40.7549282357673
349,Greenland,1,Male,1997,49.27030359163427
349,Greenland,2,Female,1997,53.99901844708057
349,Greenland,3,Both,1997,51.478017440134806
367,Monaco,1,Male,2000,39.05198933750205
367,Monaco,2,Female,2000,28.989882567064267
367,Monaco,3,Both,2000,33.8868840871395
177,Djibouti,1,Male,1998,40.57916429235528
177,Djibouti,2,Female,1998,37.5872173464697
177,Djibouti,3,Both,1998,39.17297205754274
141,Egypt,1,Male,1996,45.86119315982975
141,Egypt,2,Female,1996,34.31765574698303
141,Egypt,3,Both,1996,40.2267546747734
349,Greenland,1,Male,2009,45.13631719400696
349,Greenland,2,Female,2009,50.48547636314523
349,Greenland,3,Both,2009,47.64924792472785
133,Venezuela (Bolivarian Republic of),1,Male,1991,35.793758918193994
133,Venezuela (Bolivarian Republic of),2,Female,1991,32.14926348527615
133,Venezuela (Bolivarian Republic of),3,Both,1991,33.96370882956491
186,Seychelles,1,Male,1990,42.14071994948741
186,Seychelles,2,Female,1990,32.73488379856388
186,Seychelles,3,Both,1990,37.43122585945888
140,Bahrain,1,Male,1995,33.84146266399805
140,Bahrain,2,Female,1995,24.02497195583388
140,Bahrain,3,Both,1995,29.65476551306544
82,Greece,1,Male,1996,59.83517024166872
82,Greece,2,Female,1996,42.3988702230022
82,Greece,3,Both,1996,51.04133213160562
135,Brazil,1,Male,2009,30.77832147242305
135,Brazil,2,Female,2009,25.20080296383608
135,Brazil,3,Both,2009,27.940176277987
187,Somalia,1,Male,1998,24.19858072387472
187,Somalia,2,Female,1998,20.2905288951342
187,Somalia,3,Both,1998,22.29420985417134
41,Uzbekistan,1,Male,1999,30.8973791467407
41,Uzbekistan,2,Female,1999,22.7767935831348
41,Uzbekistan,3,Both,1999,26.80027065646378
113,Guyana,1,Male,2008,24.54010709940601
113,Guyana,2,Female,2008,19.506405577220008
113,Guyana,3,Both,2008,22.02322536784347
200,Benin,1,Male,2007,15.39111949784456
200,Benin,2,Female,2007,13.45473727063539
200,Benin,3,Both,2007,14.3996359519227
150,Oman,1,Male,2021,24.90507802761185
150,Oman,2,Female,2021,17.18836465567212
150,Oman,3,Both,2021,21.940332517431
206,Gambia,1,Male,1997,33.89436751287913
206,Gambia,2,Female,1997,32.45985957055473
206,Gambia,3,Both,1997,33.17547849835262
218,Togo,1,Male,2005,20.98291391748152
218,Togo,2,Female,2005,16.970925169528538
218,Togo,3,Both,2005,18.93280906657418
51,Poland,1,Male,1997,51.756603403200366
51,Poland,2,Female,1997,41.046689028527226
51,Poland,3,Both,1997,46.244435007331305
115,Jamaica,1,Male,2004,27.964343917686055
115,Jamaica,2,Female,2004,21.49654716231019
115,Jamaica,3,Both,2004,24.68969206602772
146,Lebanon,1,Male,1996,53.06172335580155
146,Lebanon,2,Female,1996,43.06138337531258
146,Lebanon,3,Both,1996,48.04460088911802
115,Jamaica,1,Male,1993,31.626654842571934
115,Jamaica,2,Female,1993,26.28945306202598
115,Jamaica,3,Both,1993,28.91060969756607
200,Benin,1,Male,2010,13.613279906073007
200,Benin,2,Female,2010,11.52322142220757
200,Benin,3,Both,2010,12.545163742650638
162,Bhutan,1,Male,2002,22.26046001243531
162,Bhutan,2,Female,2002,16.6907351476006
162,Bhutan,3,Both,2002,19.62294207710712
142,Iran (Islamic Republic of),1,Male,1999,31.673326753568254
142,Iran (Islamic Republic of),2,Female,1999,21.21377071985939
142,Iran (Islamic Republic of),3,Both,1999,26.53805095278534
101,Canada,1,Male,1994,43.30531661231569
101,Canada,2,Female,1994,40.2653137444207
101,Canada,3,Both,1994,41.76257883550196
202,Cameroon,1,Male,2021,15.72048921446444
202,Cameroon,2,Female,2021,12.37538908038201
202,Cameroon,3,Both,2021,14.0456012827869
132,Panama,1,Male,2008,15.86791558217999
132,Panama,2,Female,2008,11.651754392591233
132,Panama,3,Both,2008,13.77494445340015
139,Algeria,1,Male,1990,43.518093805017536
139,Algeria,2,Female,1990,36.82718778209919
139,Algeria,3,Both,1990,40.21477937842266
164,Nepal,1,Male,1992,51.978822769586486
164,Nepal,2,Female,1992,51.01402637084408
164,Nepal,3,Both,1992,51.49704091403986
142,Iran (Islamic Republic of),1,Male,2005,31.710043542928616
142,Iran (Islamic Republic of),2,Female,2005,21.41986503310177
142,Iran (Islamic Republic of),3,Both,2005,26.66006922689196
60,Lithuania,1,Male,2000,42.514521354926735
60,Lithuania,2,Female,2000,24.92616369111539
60,Lithuania,3,Both,2000,33.153863739343095
210,Liberia,1,Male,1997,17.31478202349652
210,Liberia,2,Female,1997,14.00643508663302
210,Liberia,3,Both,1997,15.632678536061553
191,Zambia,1,Male,1990,28.4330038675678
191,Zambia,2,Female,1990,26.625820767111357
191,Zambia,3,Both,1990,27.51386742937587
45,Bulgaria,1,Male,2010,52.18633877390082
45,Bulgaria,2,Female,2010,35.36151726109306
45,Bulgaria,3,Both,2010,43.53085017599104
196,South Africa,1,Male,2001,36.78544723263404
196,South Africa,2,Female,2001,30.89653051019904
196,South Africa,3,Both,2001,33.72445589918619
117,Saint Vincent and the Grenadines,1,Male,2008,20.69568543581934
117,Saint Vincent and the Grenadines,2,Female,2008,14.56040658128755
117,Saint Vincent and the Grenadines,3,Both,2008,17.67605908213827
154,Tunisia,1,Male,2021,44.6527125003561
154,Tunisia,2,Female,2021,27.18677648358203
154,Tunisia,3,Both,2021,35.88123949835461
206,Gambia,1,Male,2021,26.18615431428321
206,Gambia,2,Female,2021,21.71463711503295
206,Gambia,3,Both,2021,23.91656436825895
45,Bulgaria,1,Male,1999,57.153484157756665
45,Bulgaria,2,Female,1999,40.4479648579964
45,Bulgaria,3,Both,1999,48.59636026442109
170,Congo,1,Male,2004,18.99183469617364
170,Congo,2,Female,2004,14.33182693436193
170,Congo,3,Both,2004,16.62966618727767
111,Dominican Republic,1,Male,2001,25.09236898451418
111,Dominican Republic,2,Female,2001,22.19900047734365
111,Dominican Republic,3,Both,2001,23.63644699697097
164,Nepal,1,Male,2003,48.06086245590361
164,Nepal,2,Female,2003,46.95003536495137
164,Nepal,3,Both,2003,47.50368637738251
196,South Africa,1,Male,1993,42.122485594131
196,South Africa,2,Female,1993,38.86184979995651
196,South Africa,3,Both,1993,40.43825950778643
144,Jordan,1,Male,1995,55.73026225735882
144,Jordan,2,Female,1995,51.02590552975602
144,Jordan,3,Both,1995,53.481336893694376
143,Iraq,1,Male,1990,52.864659138479865
143,Iraq,2,Female,1990,47.304192229062245
143,Iraq,3,Both,1990,50.16767025546706
105,Antigua and Barbuda,1,Male,1994,21.05019182979152
105,Antigua and Barbuda,2,Female,1994,13.29825785823493
105,Antigua and Barbuda,3,Both,1994,16.99427763241222
146,Lebanon,1,Male,2005,54.79027081296738
146,Lebanon,2,Female,2005,45.11673307999309
146,Lebanon,3,Both,2005,49.92469670949486
140,Bahrain,1,Male,2009,31.64818695266738
140,Bahrain,2,Female,2009,21.62620082921616
140,Bahrain,3,Both,2009,27.8284715267984
94,Switzerland,1,Male,2007,34.81394908044665
94,Switzerland,2,Female,2007,27.265182013827623
94,Switzerland,3,Both,2007,30.97438033798462
141,Egypt,1,Male,1993,45.76275680250494
141,Egypt,2,Female,1993,34.69786662173278
141,Egypt,3,Both,1993,40.3667210820284
119,Trinidad and Tobago,1,Male,2004,29.57670629514904
119,Trinidad and Tobago,2,Female,2004,23.75421966437608
119,Trinidad and Tobago,3,Both,2004,26.67820530739219
214,Nigeria,1,Male,1997,12.09976951503943
214,Nigeria,2,Female,1997,10.53137300776507
214,Nigeria,3,Both,1997,11.32371179262253
131,Nicaragua,1,Male,1990,33.016281454540355
131,Nicaragua,2,Female,1990,32.9807423878679
131,Nicaragua,3,Both,1990,32.99818521657268
196,South Africa,1,Male,1998,38.50069615585607
196,South Africa,2,Female,1998,33.01651402871871
196,South Africa,3,Both,1998,35.6532582077909
367,Monaco,1,Male,2009,35.866511412104764
367,Monaco,2,Female,2009,26.49265560082077
367,Monaco,3,Both,2009,31.0715562019852
195,Namibia,1,Male,1990,37.33825733553915
195,Namibia,2,Female,1990,35.63533764860335
195,Namibia,3,Both,1990,36.46816938514713
49,North Macedonia,1,Male,2010,57.20932570962183
49,North Macedonia,2,Female,2010,44.2687669088205
49,North Macedonia,3,Both,2010,50.805266346634106
112,Grenada,1,Male,2005,21.67387049004538
112,Grenada,2,Female,2005,15.81130763493567
112,Grenada,3,Both,2005,18.71644559042389
132,Panama,1,Male,1999,20.84326824906124
132,Panama,2,Female,1999,16.88614405600599
132,Panama,3,Both,1999,18.88451818026152
146,Lebanon,1,Male,1999,54.98793533773515
146,Lebanon,2,Female,1999,45.29477351308374
146,Lebanon,3,Both,1999,50.13254806859947
49,North Macedonia,1,Male,1999,60.46524912123195
49,North Macedonia,2,Female,1999,48.18128091623172
49,North Macedonia,3,Both,1999,54.34699246914478
210,Liberia,1,Male,2021,14.66410832892397
210,Liberia,2,Female,2021,11.576829899719293
210,Liberia,3,Both,2021,13.142492956375207
150,Oman,1,Male,1996,29.0575470920131
150,Oman,2,Female,1996,21.87429152710951
150,Oman,3,Both,1996,25.992479425048455
200,Benin,1,Male,2001,18.36919089137455
200,Benin,2,Female,2001,16.329111272174078
200,Benin,3,Both,2001,17.32269922611528
121,Bolivia (Plurinational State of),1,Male,2008,18.842848492826057
121,Bolivia (Plurinational State of),2,Female,2008,15.91035120908127
121,Bolivia (Plurinational State of),3,Both,2008,17.37556695129553
200,Benin,1,Male,1993,19.31858346507136
200,Benin,2,Female,1993,17.013220987342052
200,Benin,3,Both,1993,18.13818117237316
115,Jamaica,1,Male,2001,29.672442740748373
115,Jamaica,2,Female,2001,23.33232115005731
115,Jamaica,3,Both,2001,26.45491951421602
211,Mali,1,Male,1992,20.946929558137036
211,Mali,2,Female,1992,18.57732631026287
211,Mali,3,Both,1992,19.74558653275686
108,Belize,1,Male,2002,22.29471269054147
108,Belize,2,Female,2002,18.70250134341561
108,Belize,3,Both,2002,20.50711707320262
204,Chad,1,Male,2007,20.60324305425583
204,Chad,2,Female,2007,18.70283407474219
204,Chad,3,Both,2007,19.63847395663695
144,Jordan,1,Male,2009,53.361384209716825
144,Jordan,2,Female,2009,46.36656220150099
144,Jordan,3,Both,2009,50.023292848173696
6,China,1,Male,2015,50.3288253547318
6,China,2,Female,2015,30.36330471475493
6,China,3,Both,2015,40.55827307029203
208,Guinea,1,Male,1995,25.521370337212
208,Guinea,2,Female,1995,22.42689012338093
208,Guinea,3,Both,1995,23.93978449513887
376,Northern Mariana Islands,1,Male,1994,39.40586837820405
376,Northern Mariana Islands,2,Female,1994,38.29355852997091
376,Northern Mariana Islands,3,Both,1994,38.86727091309205
145,Kuwait,1,Male,1993,44.61273241684216
145,Kuwait,2,Female,1993,40.66169987399602
145,Kuwait,3,Both,1993,42.94994705437707
218,Togo,1,Male,1997,23.18667261535221
218,Togo,2,Female,1997,19.00177477197744
218,Togo,3,Both,1997,21.04359580187865
182,Malawi,1,Male,1998,22.87934156763479
182,Malawi,2,Female,1998,19.67856852467641
182,Malawi,3,Both,1998,21.24906751936084
169,Central African Republic,1,Male,2007,15.97164245401358
169,Central African Republic,2,Female,2007,12.53061062218295
169,Central African Republic,3,Both,2007,14.24174648702116
116,Saint Lucia,1,Male,2005,21.45550899064752
116,Saint Lucia,2,Female,2005,15.58398943114912
116,Saint Lucia,3,Both,2005,18.48369432931363
214,Nigeria,1,Male,2021,9.38932702496251
214,Nigeria,2,Female,2021,7.254835784447399
214,Nigeria,3,Both,2021,8.27674355696902
182,Malawi,1,Male,2004,22.69956076753905
182,Malawi,2,Female,2004,19.76662529099886
182,Malawi,3,Both,2004,21.20381554728018
367,Monaco,1,Male,1997,39.98299644034372
367,Monaco,2,Female,1997,29.670277532686217
367,Monaco,3,Both,1997,34.663511745845135
119,Trinidad and Tobago,1,Male,2001,30.70899086824028
119,Trinidad and Tobago,2,Female,2001,24.79695209380657
119,Trinidad and Tobago,3,Both,2001,27.765463810961773
173,Gabon,1,Male,2001,23.60968224232473
173,Gabon,2,Female,2001,20.27399540822044
173,Gabon,3,Both,2001,21.91778558674844
380,Palau,1,Male,2000,30.29185132777335
380,Palau,2,Female,2000,23.499149494014752
380,Palau,3,Both,2000,27.22986895458544
135,Brazil,1,Male,1998,42.07859271920789
135,Brazil,2,Female,1998,38.37503686590254
135,Brazil,3,Both,1998,40.20086273246298
380,Palau,1,Male,2003,29.61949256689821
380,Palau,2,Female,2003,22.73955011224042
380,Palau,3,Both,2003,26.52734087068515
147,Libya,1,Male,1990,48.08027911140237
147,Libya,2,Female,1990,40.85102752806077
147,Libya,3,Both,1990,44.62226641396077
148,Morocco,1,Male,2009,33.350498561995465
148,Morocco,2,Female,2009,24.34447400608033
148,Morocco,3,Both,2009,28.819214228590567
320,Cook Islands,1,Male,2008,36.19555040976008
320,Cook Islands,2,Female,2008,29.60228741398691
320,Cook Islands,3,Both,2008,32.92865802967264
215,Sao Tome and Principe,1,Male,1992,9.71355853354404
215,Sao Tome and Principe,2,Female,1992,6.77352179405835
215,Sao Tome and Principe,3,Both,1992,8.2274693594834
95,United Kingdom,1,Male,2007,35.10386216065619
95,United Kingdom,2,Female,2007,31.46092884293869
95,United Kingdom,3,Both,2007,33.24715104856008
128,Guatemala,1,Male,2021,18.49293182850813
128,Guatemala,2,Female,2021,14.959765391226371
128,Guatemala,3,Both,2021,16.67148033936863
54,Slovakia,1,Male,2010,38.30898544289415
54,Slovakia,2,Female,2010,27.1706746575746
54,Slovakia,3,Both,2010,32.585464516233806
148,Morocco,1,Male,2006,35.08897942132734
148,Morocco,2,Female,2006,26.21805656650128
148,Morocco,3,Both,2006,30.61016623670053
153,Syrian Arab Republic,1,Male,2010,47.03011015925
153,Syrian Arab Republic,2,Female,2010,40.43625860274082
153,Syrian Arab Republic,3,Both,2010,43.84994199778635
173,Gabon,1,Male,2007,22.88254527103274
173,Gabon,2,Female,2007,19.8987712012432
173,Gabon,3,Both,2007,21.35999171171311
145,Kuwait,1,Male,1996,43.74968725814557
145,Kuwait,2,Female,1996,38.91515358923658
145,Kuwait,3,Both,1996,41.744890046947134
112,Grenada,1,Male,2002,22.24822577350444
112,Grenada,2,Female,2002,16.45874238719306
112,Grenada,3,Both,2002,19.311987422799888
380,Palau,1,Male,2009,28.050627887839557
380,Palau,2,Female,2009,20.115854669389
380,Palau,3,Both,2009,24.34148584423084
168,Angola,1,Male,2003,16.54005221392683
168,Angola,2,Female,2003,11.86745662757379
168,Angola,3,Both,2003,14.15829561597331
380,Palau,1,Male,1997,31.04190058643444
380,Palau,2,Female,1997,23.64041513529366
380,Palau,3,Both,1997,27.521459487268864
177,Djibouti,1,Male,2001,41.10584399596673
177,Djibouti,2,Female,2001,37.71582571988487
177,Djibouti,3,Both,2001,39.5225346649271
148,Morocco,1,Male,1995,40.70025922916288
148,Morocco,2,Female,1995,32.42211865153189
148,Morocco,3,Both,1995,36.536430783966736
218,Togo,1,Male,2021,17.89085401663616
218,Togo,2,Female,2021,13.00098689282507
218,Togo,3,Both,2021,15.397608039514498
136,Paraguay,1,Male,2008,32.2709657920377
136,Paraguay,2,Female,2008,25.16530441698267
136,Paraguay,3,Both,2008,28.756911427807957
99,Uruguay,1,Male,2007,41.53639556779195
99,Uruguay,2,Female,2007,32.484551495205125
99,Uruguay,3,Both,2007,36.85411077349708
68,Republic of Korea,1,Male,2000,49.503857555036966
68,Republic of Korea,2,Female,2000,33.09184332203837
68,Republic of Korea,3,Both,2000,41.33378431036781
54,Slovakia,1,Male,1999,42.33979502452563
54,Slovakia,2,Female,1999,32.76981516321852
54,Slovakia,3,Both,1999,37.41978195425364
152,Saudi Arabia,1,Male,2009,35.14713422527202
152,Saudi Arabia,2,Female,2009,25.325864878400537
152,Saudi Arabia,3,Both,2009,30.89004073251568
157,Yemen,1,Male,2010,45.38803042929085
157,Yemen,2,Female,2010,37.75792631325679
157,Yemen,3,Both,2010,41.63538613309544
198,Zimbabwe,1,Male,2000,29.228851501350228
198,Zimbabwe,2,Female,2000,23.74076090062426
198,Zimbabwe,3,Both,2000,26.405794893222566
123,Peru,1,Male,2001,20.25147891142767
123,Peru,2,Female,2001,16.28126551606418
123,Peru,3,Both,2001,18.26322926179157
177,Djibouti,1,Male,2007,42.22854823599193
177,Djibouti,2,Female,2007,39.482384766923175
177,Djibouti,3,Both,2007,40.95277565479335
149,Palestine,1,Male,1996,50.607614070854304
149,Palestine,2,Female,1996,43.43248675644731
149,Palestine,3,Both,1996,47.07500402663696
119,Trinidad and Tobago,1,Male,1993,32.476612457122826
119,Trinidad and Tobago,2,Female,1993,27.33123486395178
119,Trinidad and Tobago,3,Both,1993,29.90795446739328
413,Tokelau,1,Male,1997,39.94618711783244
413,Tokelau,2,Female,1997,32.57924859372453
413,Tokelau,3,Both,1997,36.25294385776391
125,Colombia,1,Male,2008,21.82473267618822
125,Colombia,2,Female,2008,17.18588355811804
125,Colombia,3,Both,2008,19.462162123089342
109,Cuba,1,Male,1994,42.75429935078181
109,Cuba,2,Female,1994,35.1266977322544
109,Cuba,3,Both,1994,38.96026853282894
178,Eritrea,1,Male,2004,18.32625558238436
178,Eritrea,2,Female,2004,12.81638905824124
178,Eritrea,3,Both,2004,15.58986184604145
170,Congo,1,Male,2002,19.10147781620395
170,Congo,2,Female,2002,14.2469336649243
170,Congo,3,Both,2002,16.63677924348497
204,Chad,1,Male,1993,22.636809426228417
204,Chad,2,Female,1993,20.12901299713449
204,Chad,3,Both,1993,21.34833233211985
149,Palestine,1,Male,1993,50.29696560661397
149,Palestine,2,Female,1993,42.80839918348323
149,Palestine,3,Both,1993,46.59142945866886
150,Oman,1,Male,2005,26.74696698799009
150,Oman,2,Female,2005,18.09985735789165
150,Oman,3,Both,2005,22.97764083420191
413,Tokelau,1,Male,2000,39.63614545752673
413,Tokelau,2,Female,2000,32.08515271634401
413,Tokelau,3,Both,2000,35.81024533496001
212,Mauritania,1,Male,1995,35.65246782743119
212,Mauritania,2,Female,1995,34.784559292603
212,Mauritania,3,Both,1995,35.214609214018786
186,Seychelles,1,Male,1998,40.84702634712569
186,Seychelles,2,Female,1998,29.587434768868743
186,Seychelles,3,Both,1998,35.19373966441811
154,Tunisia,1,Male,1996,53.039200318122624
154,Tunisia,2,Female,1996,43.53770084445337
154,Tunisia,3,Both,1996,48.33599120252599
128,Guatemala,1,Male,2005,20.72147078704044
128,Guatemala,2,Female,2005,18.211815220535872
128,Guatemala,3,Both,2005,19.43889451124988
204,Chad,1,Male,2010,19.241376879448698
204,Chad,2,Female,2010,17.24768638633778
204,Chad,3,Both,2010,18.23226132696704
132,Panama,1,Male,2021,14.39835546356824
132,Panama,2,Female,2021,9.8927437162927
132,Panama,3,Both,2021,12.16376030903528
204,Chad,1,Male,2001,22.225179711701426
204,Chad,2,Female,2001,19.783492630080048
204,Chad,3,Both,2001,20.97766804970015
161,Bangladesh,1,Male,2010,41.56241926588608
161,Bangladesh,2,Female,2010,35.28638663819131
161,Bangladesh,3,Both,2010,38.44055446591543
186,Seychelles,1,Male,2004,38.546704221094856
186,Seychelles,2,Female,2004,25.982752017195647
186,Seychelles,3,Both,2004,32.344997415913454
298,American Samoa,1,Male,1992,43.52730711309464
298,American Samoa,2,Female,1992,40.97289532272773
298,American Samoa,3,Both,1992,42.28771360542891
208,Guinea,1,Male,2007,22.92004184015241
208,Guinea,2,Female,2007,19.89944873639939
208,Guinea,3,Both,2007,21.35965002678168
140,Bahrain,1,Male,1998,32.98816326271096
140,Bahrain,2,Female,1998,22.86970978059628
140,Bahrain,3,Both,1998,28.65700853191316
154,Tunisia,1,Male,2005,50.40088397888195
154,Tunisia,2,Female,2005,38.61219061014242
154,Tunisia,3,Both,2005,44.51450141423148
216,Senegal,1,Male,1995,36.65002332245815
216,Senegal,2,Female,1995,33.6365491240792
216,Senegal,3,Both,1995,35.11112053088845
208,Guinea,1,Male,2010,22.45137365646209
208,Guinea,2,Female,2010,19.53798120770701
208,Guinea,3,Both,2010,20.946984337828
12,Lao People's Democratic Republic,1,Male,1994,47.450221325770144
12,Lao People's Democratic Republic,2,Female,1994,41.34498053986133
12,Lao People's Democratic Republic,3,Both,1994,44.36157855551679
86,Italy,1,Male,1996,42.30368074639303
86,Italy,2,Female,1996,32.17889023503748
86,Italy,3,Both,1996,37.08130064058539
72,New Zealand,1,Male,2000,34.71256922801894
72,New Zealand,2,Female,2000,31.37840467137346
72,New Zealand,3,Both,2000,33.01634843791994
150,Oman,1,Male,1999,27.6249223222591
150,Oman,2,Female,1999,20.00345669819682
150,Oman,3,Both,1999,24.31308073653049
168,Angola,1,Male,1992,17.565681822051978
168,Angola,2,Female,1992,13.611116520292
168,Angola,3,Both,1992,15.59565319656164
58,Estonia,1,Male,1999,47.208458083250285
58,Estonia,2,Female,1999,30.004901052081117
58,Estonia,3,Both,1999,37.98385356975947
178,Eritrea,1,Male,2002,18.31493364536969
178,Eritrea,2,Female,2002,12.9536891399187
178,Eritrea,3,Both,2002,15.64785084900986
8,Taiwan (Province of China),1,Male,2021,37.80864067220674
8,Taiwan (Province of China),2,Female,2021,17.94454912755776
8,Taiwan (Province of China),3,Both,2021,27.77278811005036
396,San Marino,1,Male,1994,41.1469723069464
396,San Marino,2,Female,1994,32.93994167737952
396,San Marino,3,Both,1994,36.95381905425015
127,El Salvador,1,Male,2001,16.4173333021257
127,El Salvador,2,Female,2001,11.99601419681136
127,El Salvador,3,Both,2001,14.11419784338177
212,Mauritania,1,Male,2007,34.172356460761385
212,Mauritania,2,Female,2007,31.503472783426727
212,Mauritania,3,Both,2007,32.81980179917255
58,Estonia,1,Male,2010,44.55850085168933
58,Estonia,2,Female,2010,27.1136613553071
58,Estonia,3,Both,2010,35.23461675679996
107,Barbados,1,Male,2007,14.99644890723835
107,Barbados,2,Female,2007,9.07499508733831
107,Barbados,3,Both,2007,11.91973105004317
136,Paraguay,1,Male,1999,38.32795169377732
136,Paraguay,2,Female,1999,32.24471089238382
136,Paraguay,3,Both,1999,35.31261097450283
179,Ethiopia,1,Male,2004,12.26521280398718
179,Ethiopia,2,Female,2004,9.84010713192389
179,Ethiopia,3,Both,2004,11.0654887661784
162,Bhutan,1,Male,1996,23.95917632592722
162,Bhutan,2,Female,1996,18.27712745016881
162,Bhutan,3,Both,1996,21.2513905414513
135,Brazil,1,Male,1990,49.089260099754
135,Brazil,2,Female,1990,45.27624288449571
135,Brazil,3,Both,1990,47.16073858429704
156,United Arab Emirates,1,Male,2009,34.65353686051418
156,United Arab Emirates,2,Female,2009,30.97710904224216
156,United Arab Emirates,3,Both,2009,33.69974761201999
203,Cabo Verde,1,Male,1990,21.51839864324607
203,Cabo Verde,2,Female,1990,16.86005507006175
203,Cabo Verde,3,Both,1990,19.07127641478809
522,Sudan,1,Male,1999,33.39199153207735
522,Sudan,2,Female,1999,25.295917365571167
522,Sudan,3,Both,1999,29.39068296737382
123,Peru,1,Male,2004,18.65602981687088
123,Peru,2,Female,2004,14.4325688219091
123,Peru,3,Both,2004,16.54437240453617
144,Jordan,1,Male,1998,54.93688712473846
144,Jordan,2,Female,1998,49.64081989894251
144,Jordan,3,Both,1998,52.39106509651516
152,Saudi Arabia,1,Male,2006,35.608110571589094
152,Saudi Arabia,2,Female,2006,25.94621873744024
152,Saudi Arabia,3,Both,2006,31.349623747687826
351,Guam,1,Male,1992,37.43570820138514
351,Guam,2,Female,1992,31.32388638287844
351,Guam,3,Both,1992,34.57032390024507
208,Guinea,1,Male,2001,24.420507393802065
208,Guinea,2,Female,2001,21.16971934012348
208,Guinea,3,Both,2001,22.74908950484113
162,Bhutan,1,Male,2021,19.72139596787269
162,Bhutan,2,Female,2021,13.11659525553165
162,Bhutan,3,Both,2021,16.54166172636768
413,Tokelau,1,Male,2003,38.7038775487477
413,Tokelau,2,Female,2003,30.945530955291613
413,Tokelau,3,Both,2003,34.82846666601109
376,Northern Mariana Islands,1,Male,2008,36.69917624933783
376,Northern Mariana Islands,2,Female,2008,30.21865774058326
376,Northern Mariana Islands,3,Both,2008,33.50142346583509
116,Saint Lucia,1,Male,2002,22.33445255286971
116,Saint Lucia,2,Female,2002,16.81601484966054
116,Saint Lucia,3,Both,2002,19.53153113809151
60,Lithuania,1,Male,1997,43.11660917790691
60,Lithuania,2,Female,1997,25.9747028698658
60,Lithuania,3,Both,1997,34.01223920446224
200,Benin,1,Male,1998,19.04121666555243
200,Benin,2,Female,1998,16.80271103793172
200,Benin,3,Both,1998,17.89395078923888
132,Panama,1,Male,2005,17.31344300813531
132,Panama,2,Female,2005,13.035304609849922
132,Panama,3,Both,2005,15.191256405331549
76,Belgium,1,Male,2000,42.43679974529675
76,Belgium,2,Female,2000,33.92020989324637
76,Belgium,3,Both,2000,38.08630025013685
172,Equatorial Guinea,1,Male,1992,34.75358993534025
172,Equatorial Guinea,2,Female,1992,31.64100937348667
172,Equatorial Guinea,3,Both,1992,33.14211475632392
191,Zambia,1,Male,2004,27.89559102442032
191,Zambia,2,Female,2004,26.009316312023365
191,Zambia,3,Both,2004,26.940451047700293
123,Peru,1,Male,1993,20.39200871672757
123,Peru,2,Female,1993,16.951709189282678
123,Peru,3,Both,1993,18.66276145123164
153,Syrian Arab Republic,1,Male,1993,52.34127032119326
153,Syrian Arab Republic,2,Female,1993,48.732179890188746
153,Syrian Arab Republic,3,Both,1993,50.57809416415219
216,Senegal,1,Male,2007,31.00353214638762
216,Senegal,2,Female,2007,27.480921059060847
216,Senegal,3,Both,2007,29.229868678103895
208,Guinea,1,Male,1993,25.304497860535243
208,Guinea,2,Female,1993,22.33364286027072
208,Guinea,3,Both,1993,23.78578576980264
131,Nicaragua,1,Male,2001,29.36286827652953
131,Nicaragua,2,Female,2001,27.89529099700096
131,Nicaragua,3,Both,2001,28.619444391390143
172,Equatorial Guinea,1,Male,2003,34.697279214337414
172,Equatorial Guinea,2,Female,2003,30.11751203514156
172,Equatorial Guinea,3,Both,2003,32.4134941773419
165,Pakistan,1,Male,2010,39.32675491884473
165,Pakistan,2,Female,2010,31.73777310089129
165,Pakistan,3,Both,2010,35.64676370954532
191,Zambia,1,Male,1998,27.25691402031259
191,Zambia,2,Female,1998,25.563806911714643
191,Zambia,3,Both,1998,26.39793206889089
162,Bhutan,1,Male,2005,21.28304561378644
162,Bhutan,2,Female,2005,15.83940637669218
162,Bhutan,3,Both,2005,18.70098913429116
151,Qatar,1,Male,1990,33.81505779518166
151,Qatar,2,Female,1990,25.30043323465744
151,Qatar,3,Both,1990,30.98833576493259
212,Mauritania,1,Male,2010,33.017441091123665
212,Mauritania,2,Female,2010,30.05195399187216
212,Mauritania,3,Both,2010,31.51323514476913
207,Ghana,1,Male,1990,13.51715118410968
207,Ghana,2,Female,1990,11.28925496851601
207,Ghana,3,Both,1990,12.39500984164396
182,Malawi,1,Male,2001,22.93377082238726
182,Malawi,2,Female,2001,19.8526111145596
182,Malawi,3,Both,2001,21.3642203118063
8,Taiwan (Province of China),1,Male,1992,50.407283495070544
8,Taiwan (Province of China),2,Female,1992,37.85382901436901
8,Taiwan (Province of China),3,Both,1992,44.33122798737111
202,Cameroon,1,Male,2000,21.51871915807293
202,Cameroon,2,Female,2000,18.62085988366281
202,Cameroon,3,Both,2000,20.05203592384911
212,Mauritania,1,Male,2001,35.004006312817644
212,Mauritania,2,Female,2001,32.268559079434226
212,Mauritania,3,Both,2001,33.62118619908099
396,San Marino,1,Male,2008,33.90892176130721
396,San Marino,2,Female,2008,25.355584060695456
396,San Marino,3,Both,2008,29.49482220584675
113,Guyana,1,Male,1994,27.31246758712872
113,Guyana,2,Female,1994,22.806535512366672
113,Guyana,3,Both,1994,25.04210760275203
13,Malaysia,1,Male,2021,36.14958643596681
13,Malaysia,2,Female,2021,26.91663387918528
13,Malaysia,3,Both,2021,31.69348138032561
148,Morocco,1,Male,1998,39.5799829648325
148,Morocco,2,Female,1998,31.17296820385604
148,Morocco,3,Both,1998,35.3394725092659
136,Paraguay,1,Male,2021,27.64518404638286
136,Paraguay,2,Female,2021,20.4402218042191
136,Paraguay,3,Both,2021,24.079313485378226
152,Saudi Arabia,1,Male,1995,36.180415008860926
152,Saudi Arabia,2,Female,1995,25.88835927737152
152,Saudi Arabia,3,Both,1995,31.641247677498267
179,Ethiopia,1,Male,2002,12.43589626543341
179,Ethiopia,2,Female,2002,9.94697095146146
179,Ethiopia,3,Both,2002,11.20454985911995
195,Namibia,1,Male,2004,33.0311249474053
195,Namibia,2,Female,2004,30.22378917724959
195,Namibia,3,Both,2004,31.591407150318528
111,Dominican Republic,1,Male,2007,23.34521950847588
111,Dominican Republic,2,Female,2007,20.238666154464266
111,Dominican Republic,3,Both,2007,21.79613691799555
141,Egypt,1,Male,2008,47.02850842474649
141,Egypt,2,Female,2008,35.232132466138175
141,Egypt,3,Both,2008,41.28325381569963
156,United Arab Emirates,1,Male,2006,34.13416791158811
156,United Arab Emirates,2,Female,2006,31.11166535633956
156,United Arab Emirates,3,Both,2006,33.20548264394253
127,El Salvador,1,Male,1993,15.15395032592091
127,El Salvador,2,Female,1993,11.15233116527171
127,El Salvador,3,Both,1993,13.09577341087075
211,Mali,1,Male,1990,20.40468555690129
211,Mali,2,Female,1990,18.03130621561065
211,Mali,3,Both,1990,19.19903379327344
90,Norway,1,Male,1996,41.48798426571607
90,Norway,2,Female,1996,37.83988396149322
90,Norway,3,Both,1996,39.64244326285848
62,Russian Federation,1,Male,1999,51.60155666448419
62,Russian Federation,2,Female,1999,30.6790497471133
62,Russian Federation,3,Both,1999,40.46828563685905
6,China,1,Male,2021,49.35314988908307
6,China,2,Female,2021,26.15451485813748
6,China,3,Both,2021,38.026631811989645
62,Russian Federation,1,Male,2010,50.83014218831552
62,Russian Federation,2,Female,2010,29.28189419212357
62,Russian Federation,3,Both,2010,39.27526746956184
216,Senegal,1,Male,2010,28.038173715636063
216,Senegal,2,Female,2010,23.80156595039854
216,Senegal,3,Both,2010,25.91199572505906
216,Senegal,1,Male,2001,35.47067969784487
216,Senegal,2,Female,2001,32.54090415551515
216,Senegal,3,Both,2001,33.98423341408136
153,Syrian Arab Republic,1,Male,1996,51.95711985481006
153,Syrian Arab Republic,2,Female,1996,47.927761408465095
153,Syrian Arab Republic,3,Both,1996,49.99039846123986
413,Tokelau,1,Male,2009,36.48159675615087
413,Tokelau,2,Female,2009,28.84068137860388
413,Tokelau,3,Both,2009,32.6906929819076
176,Comoros,1,Male,2003,29.31117258545451
176,Comoros,2,Female,2003,24.67736308441362
176,Comoros,3,Both,2003,26.977562400890548
141,Egypt,1,Male,1999,46.36748731393362
141,Egypt,2,Female,1999,34.47986818362086
141,Egypt,3,Both,1999,40.56054467258604
140,Bahrain,1,Male,1990,35.41371995837645
140,Bahrain,2,Female,1990,26.47390379529418
140,Bahrain,3,Both,1990,31.651964906981277
182,Malawi,1,Male,2007,22.44697518411333
182,Malawi,2,Female,2007,19.36249439793175
182,Malawi,3,Both,2007,20.87102859735036
17,Sri Lanka,1,Male,2021,26.02902221008736
17,Sri Lanka,2,Female,2021,17.216192987986208
17,Sri Lanka,3,Both,2021,21.46887552123358
136,Paraguay,1,Male,2005,34.30930290721964
136,Paraguay,2,Female,2005,27.31611900468276
136,Paraguay,3,Both,2005,30.84889532685625
206,Gambia,1,Male,2000,33.5232173772036
206,Gambia,2,Female,2000,30.828710045026703
206,Gambia,3,Both,2000,32.16543802713219
115,Jamaica,1,Male,2007,26.13381469284602
115,Jamaica,2,Female,2007,19.68093335463572
115,Jamaica,3,Both,2007,22.873750905238747
160,Afghanistan,1,Male,2009,25.62326357669864
160,Afghanistan,2,Female,2009,20.51983528666707
160,Afghanistan,3,Both,2009,23.10626805390515
160,Afghanistan,1,Male,2006,24.62306552878901
160,Afghanistan,2,Female,2006,19.02692547245544
160,Afghanistan,3,Both,2006,21.86314519008149
154,Tunisia,1,Male,1999,52.55412707013393
154,Tunisia,2,Female,1999,42.183316442746325
154,Tunisia,3,Both,1999,47.40784622886829
145,Kuwait,1,Male,2008,41.12734557138837
145,Kuwait,2,Female,2008,34.663643578912264
145,Kuwait,3,Both,2008,38.44487729617385
176,Comoros,1,Male,1992,29.77765637534239
176,Comoros,2,Female,1992,25.8131424941056
176,Comoros,3,Both,1992,27.77899115921305
94,Switzerland,1,Male,1996,42.68753532982653
94,Switzerland,2,Female,1996,34.64458820676754
94,Switzerland,3,Both,1996,38.59280083153822
131,Nicaragua,1,Male,1993,31.84265983982112
131,Nicaragua,2,Female,1993,30.59664727334841
131,Nicaragua,3,Both,1993,31.209651275280244
203,Cabo Verde,1,Male,1995,20.4015246723596
203,Cabo Verde,2,Female,1995,15.40368295065061
203,Cabo Verde,3,Both,1995,17.80358731633464
155,Turkey,1,Male,1990,60.155016855546805
155,Turkey,2,Female,1990,50.66812344504976
155,Turkey,3,Both,1990,55.4742674534349
127,El Salvador,1,Male,2004,17.02365439471614
127,El Salvador,2,Female,2004,12.46695563234905
127,El Salvador,3,Both,2004,14.64019419398409
320,Cook Islands,1,Male,1997,40.41476746529662
320,Cook Islands,2,Female,1997,35.735492708556336
320,Cook Islands,3,Both,1997,38.15273571749931
152,Saudi Arabia,1,Male,1998,36.16650992981571
152,Saudi Arabia,2,Female,1998,26.13155200815548
152,Saudi Arabia,3,Both,1998,31.71186530903672
320,Cook Islands,1,Male,2005,38.00985294385928
320,Cook Islands,2,Female,2005,32.19484701546737
320,Cook Islands,3,Both,2005,35.16767208412663
195,Namibia,1,Male,1998,35.246396566666924
195,Namibia,2,Female,1998,32.47643406948048
195,Namibia,3,Both,1998,33.82481865013892
66,Brunei Darussalam,1,Male,2010,34.26442258823537
66,Brunei Darussalam,2,Female,2010,22.768410143021107
66,Brunei Darussalam,3,Both,2010,28.696090375932997
186,Seychelles,1,Male,2007,37.67339277330791
186,Seychelles,2,Female,2007,24.86234170119032
186,Seychelles,3,Both,2007,31.41942666964307
141,Egypt,1,Male,2021,46.213066553650016
141,Egypt,2,Female,2021,32.10803861882964
141,Egypt,3,Both,2021,39.409293205394704
210,Liberia,1,Male,2000,17.58437958448429
210,Liberia,2,Female,2000,14.453884953411569
210,Liberia,3,Both,2000,16.01457438624019
13,Malaysia,1,Male,2005,42.4706754513698
13,Malaysia,2,Female,2005,34.78934412959046
13,Malaysia,3,Both,2005,38.72454165409864
18,Thailand,1,Male,1992,44.47271100061531
18,Thailand,2,Female,1992,37.32039009160274
18,Thailand,3,Both,1992,40.8616029103572
14,Maldives,1,Male,1998,49.202076183310325
14,Maldives,2,Female,1998,44.08808522045495
14,Maldives,3,Both,1998,46.687207298916
14,Maldives,1,Male,2001,47.71869063957227
14,Maldives,2,Female,2001,40.98687767142694
14,Maldives,3,Both,2001,44.39945078895103
14,Maldives,1,Male,2009,44.4248985773544
14,Maldives,2,Female,2009,38.27666099295476
14,Maldives,3,Both,2009,41.494196499732
14,Maldives,1,Male,2010,43.93574880084575
14,Maldives,2,Female,2010,38.23300434024527
14,Maldives,3,Both,2010,41.2599074485669
18,Thailand,1,Male,1991,45.20572155498614
18,Thailand,2,Female,1991,38.382307229139215
18,Thailand,3,Both,1991,41.76320898201509
145,Kuwait,1,Male,1999,42.70475772203566
145,Kuwait,2,Female,1999,37.69789228860414
145,Kuwait,3,Both,1999,40.67399906522474
157,Yemen,1,Male,1996,46.06617893309316
157,Yemen,2,Female,1996,38.45747041421312
157,Yemen,3,Both,1996,42.35557879699728
522,Sudan,1,Male,2002,32.810442679437976
522,Sudan,2,Female,2002,24.80394671387642
522,Sudan,3,Both,2002,28.85831529062905
186,Seychelles,1,Male,2001,39.76366107794498
186,Seychelles,2,Female,2001,27.89223599552035
186,Seychelles,3,Both,2001,33.84343653442544
66,Brunei Darussalam,1,Male,1999,39.34210469627834
66,Brunei Darussalam,2,Female,1999,30.41074034084883
66,Brunei Darussalam,3,Both,1999,34.97322780513902
183,Mauritius,1,Male,2002,33.88229925682873
183,Mauritius,2,Female,2002,27.04288407553473
183,Mauritius,3,Both,2002,30.43140322828088
191,Zambia,1,Male,2007,27.414067708344596
191,Zambia,2,Female,2007,25.94156347992912
191,Zambia,3,Both,2007,26.66877788135879
135,Brazil,1,Male,2001,38.96604346738866
135,Brazil,2,Female,2001,35.09836563239767
135,Brazil,3,Both,2001,37.00512074004731
25,Micronesia (Federated States of),1,Male,2021,45.90867621568488
25,Micronesia (Federated States of),2,Female,2021,46.25149567293523
25,Micronesia (Federated States of),3,Both,2021,46.07682038859101
169,Central African Republic,1,Male,2010,15.64124183262402
169,Central African Republic,2,Female,2010,12.30449838408728
169,Central African Republic,3,Both,2010,13.96220799627718
80,France,1,Male,2000,40.225398577410495
80,France,2,Female,2000,31.53203277583444
80,France,3,Both,2000,35.760063446377046
214,Nigeria,1,Male,2000,11.92110907754763
214,Nigeria,2,Female,2000,10.2501068140884
214,Nigeria,3,Both,2000,11.09738219051676
141,Egypt,1,Male,2005,47.02452113929495
141,Egypt,2,Female,2005,35.07130660309472
141,Egypt,3,Both,2005,41.18796883854094
129,Honduras,1,Male,2008,26.35773957053197
129,Honduras,2,Female,2008,22.316905629195148
129,Honduras,3,Both,2008,24.30461972717038
149,Palestine,1,Male,2008,48.58511247046436
149,Palestine,2,Female,2008,40.77206274555228
149,Palestine,3,Both,2008,44.73830777184422
349,Greenland,1,Male,1992,50.59571112651772
349,Greenland,2,Female,1992,55.40361513220945
349,Greenland,3,Both,1992,52.82671986708105
298,American Samoa,1,Male,1995,43.41898968642581
298,American Samoa,2,Female,1995,40.58803084987545
298,American Samoa,3,Both,1995,42.044295856966
181,Madagascar,1,Male,1992,35.40634175067006
181,Madagascar,2,Female,1992,37.20568157101395
181,Madagascar,3,Both,1992,36.30867037650531
145,Kuwait,1,Male,2021,39.842181495555714
145,Kuwait,2,Female,2021,24.39803508580786
145,Kuwait,3,Both,2021,32.55684577929626
95,United Kingdom,1,Male,1996,42.10180227203397
95,United Kingdom,2,Female,1996,37.29377248365765
95,United Kingdom,3,Both,1996,39.63204407598142
18,Thailand,1,Male,1994,43.06596919162623
18,Thailand,2,Female,1994,35.34351719206542
18,Thailand,3,Both,1994,39.161946125062656
74,Andorra,1,Male,2010,37.95866998310426
74,Andorra,2,Female,2010,29.915513099699208
74,Andorra,3,Both,2010,34.0914165173417
170,Congo,1,Male,1996,19.52341826046112
170,Congo,2,Female,1996,14.228176764379269
170,Congo,3,Both,1996,16.83036151354437
171,Democratic Republic of the Congo,1,Male,2020,18.98204730452254
171,Democratic Republic of the Congo,2,Female,2020,16.79925258382096
171,Democratic Republic of the Congo,3,Both,2020,17.900890504020932
215,Sao Tome and Principe,1,Male,1990,9.82572153841905
215,Sao Tome and Principe,2,Female,1990,6.80139255134387
215,Sao Tome and Principe,3,Both,1990,8.297444198358441
135,Brazil,1,Male,1993,46.739960561132
135,Brazil,2,Female,1993,43.00078604435813
135,Brazil,3,Both,1993,44.84582470082855
144,Jordan,1,Male,1990,57.40340086783552
144,Jordan,2,Female,1990,52.785191895376094
144,Jordan,3,Both,1990,55.20142034363026
187,Somalia,1,Male,2002,24.03416647377093
187,Somalia,2,Female,2002,20.22300586526532
187,Somalia,3,Both,2002,22.1801965294204
173,Gabon,1,Male,2010,22.48723709729725
173,Gabon,2,Female,2010,19.610702232057
173,Gabon,3,Both,2010,21.01372472170333
156,United Arab Emirates,1,Male,1995,33.87746119172942
156,United Arab Emirates,2,Female,1995,29.83711389088953
156,United Arab Emirates,3,Both,1995,32.52513488000607
203,Cabo Verde,1,Male,2004,18.95140022728511
203,Cabo Verde,2,Female,2004,13.504685198528213
203,Cabo Verde,3,Both,2004,16.16611382465657
183,Mauritius,1,Male,2004,33.09379320573817
183,Mauritius,2,Female,2004,25.864269252434703
183,Mauritius,3,Both,2004,29.443499172561587
367,Monaco,1,Male,1992,41.585936750163135
367,Monaco,2,Female,1992,30.94007607003999
367,Monaco,3,Both,1992,36.03476268294944
218,Togo,1,Male,2000,22.51081321296428
218,Togo,2,Female,2000,18.276952325856417
218,Togo,3,Both,2000,20.344441651562
131,Nicaragua,1,Male,2004,27.961564447250133
131,Nicaragua,2,Female,2004,26.67860278072731
131,Nicaragua,3,Both,2004,27.31179155509566
157,Yemen,1,Male,1993,45.9743048095336
157,Yemen,2,Female,1993,38.52477976970413
157,Yemen,3,Both,1993,42.33535648868527
10,Cambodia,1,Male,2021,44.74718018397683
10,Cambodia,2,Female,2021,32.72179357585718
10,Cambodia,3,Both,2021,38.62585655455599
162,Bhutan,1,Male,1999,23.16919231451254
162,Bhutan,2,Female,1999,17.50606878091272
162,Bhutan,3,Both,1999,20.48302776650153
14,Maldives,1,Male,2007,45.14884105888758
14,Maldives,2,Female,2007,38.02184994386937
14,Maldives,3,Both,2007,41.66831424792522
369,Nauru,1,Male,1992,49.35035614254439
369,Nauru,2,Female,1992,48.37331112856158
369,Nauru,3,Both,1992,48.87695986439616
298,American Samoa,1,Male,2007,41.4027993763806
298,American Samoa,2,Female,2007,37.11215381978613
298,American Samoa,3,Both,2007,39.29015011038075
133,Venezuela (Bolivarian Republic of),1,Male,2008,28.21777194112262
133,Venezuela (Bolivarian Republic of),2,Female,2008,23.01326965154956
133,Venezuela (Bolivarian Republic of),3,Both,2008,25.60413188894417
156,United Arab Emirates,1,Male,1998,34.12504359566146
156,United Arab Emirates,2,Female,1998,30.20573000782817
156,United Arab Emirates,3,Both,1998,32.83442121400096
376,Northern Mariana Islands,1,Male,1997,38.43981218148303
376,Northern Mariana Islands,2,Female,1997,36.36441464040709
376,Northern Mariana Islands,3,Both,1997,37.402339500605954
204,Chad,1,Male,1998,22.46753872964658
204,Chad,2,Female,1998,19.93718289670399
204,Chad,3,Both,1998,21.17165548075538
10,Cambodia,1,Male,2009,48.0817131201229
10,Cambodia,2,Female,2009,36.58040737588296
10,Cambodia,3,Both,2009,42.18762216025944
191,Zambia,1,Male,2001,27.46877412200251
191,Zambia,2,Female,2001,25.4944560310766
191,Zambia,3,Both,2001,26.46822074922639
195,Namibia,1,Male,2007,31.29819488833412
195,Namibia,2,Female,2007,28.32131314407998
195,Namibia,3,Both,2007,29.770624878456186
119,Trinidad and Tobago,1,Male,2007,28.436691412696742
119,Trinidad and Tobago,2,Female,2007,22.7648240230418
119,Trinidad and Tobago,3,Both,2007,25.61364712112732
148,Morocco,1,Male,1990,42.32671536175352
148,Morocco,2,Female,1990,34.78374569843636
148,Morocco,3,Both,1990,38.54697975619812
149,Palestine,1,Male,2021,46.03678232532189
149,Palestine,2,Female,2021,37.71822792609185
149,Palestine,3,Both,2021,41.9574656162445
170,Congo,1,Male,2021,19.40342779889818
170,Congo,2,Female,2021,14.825478140231018
170,Congo,3,Both,2021,17.10125330829372
29,Tonga,1,Male,2021,42.016064867716594
29,Tonga,2,Female,2021,36.34549442956754
29,Tonga,3,Both,2021,39.17238242511
187,Somalia,1,Male,2004,23.86519488672331
187,Somalia,2,Female,2004,20.18640337317328
187,Somalia,3,Both,2004,22.07621791265115
207,Ghana,1,Male,2004,10.89448896051632
207,Ghana,2,Female,2004,8.71918653109848
207,Ghana,3,Both,2004,9.79360612140313
153,Syrian Arab Republic,1,Male,2008,47.90057952580419
153,Syrian Arab Republic,2,Female,2008,41.92952666935863
153,Syrian Arab Republic,3,Both,2008,45.024327430462655
380,Palau,1,Male,1992,32.49389959060814
380,Palau,2,Female,1992,24.37972928414605
380,Palau,3,Both,1992,28.49565742283287
145,Kuwait,1,Male,2005,41.28134034270289
145,Kuwait,2,Female,2005,35.55124019818922
145,Kuwait,3,Both,2005,38.95931092007706
6,China,1,Male,2018,49.76223237264915
6,China,2,Female,2018,28.06053061360414
6,China,3,Both,2018,39.15659214673354
99,Uruguay,1,Male,1996,45.837382397204166
99,Uruguay,2,Female,1996,35.75426736692279
99,Uruguay,3,Both,1996,40.64462808897692
207,Ghana,1,Male,1995,11.14163512042254
207,Ghana,2,Female,1995,9.11712954725635
207,Ghana,3,Both,1995,10.12308971546158
351,Guam,1,Male,1995,37.5084140232171
351,Guam,2,Female,1995,31.392642141808142
351,Guam,3,Both,1995,34.59789565509035
161,Bangladesh,1,Male,1993,44.81253255216718
161,Bangladesh,2,Female,1993,40.98586945997587
161,Bangladesh,3,Both,1993,42.9559154272136
11,Indonesia,1,Male,2021,42.98431029178444
11,Indonesia,2,Female,2021,33.884742710376045
11,Indonesia,3,Both,2021,38.491341627710106
140,Bahrain,1,Male,1993,34.376725638338414
140,Bahrain,2,Female,1993,24.85341737801578
140,Bahrain,3,Both,1993,30.3381544352686
298,American Samoa,1,Male,2010,40.77179315208041
298,American Samoa,2,Female,2010,35.86320224637134
298,American Samoa,3,Both,2010,38.35116029602483
385,Puerto Rico,1,Male,1992,19.68894100363191
385,Puerto Rico,2,Female,1992,15.26098280362306
385,Puerto Rico,3,Both,1992,17.40673247611219
10,Cambodia,1,Male,2001,53.282925183137934
10,Cambodia,2,Female,2001,42.68280409407845
10,Cambodia,3,Both,2001,47.823555560630574
160,Afghanistan,1,Male,1998,23.60280149235406
160,Afghanistan,2,Female,1998,15.86136831613431
160,Afghanistan,3,Both,1998,19.74662187947256
185,Rwanda,1,Male,1992,21.90213682567872
185,Rwanda,2,Female,1992,18.69427531770631
185,Rwanda,3,Both,1992,20.267224438881527
164,Nepal,1,Male,2009,40.22097423831031
164,Nepal,2,Female,2009,36.67734471276213
164,Nepal,3,Both,2009,38.41133828892155
177,Djibouti,1,Male,2010,41.73588355792716
177,Djibouti,2,Female,2010,38.85687554448412
177,Djibouti,3,Both,2010,40.40225215962703
152,Saudi Arabia,1,Male,1990,36.10393901950988
152,Saudi Arabia,2,Female,1990,25.30957381873295
152,Saudi Arabia,3,Both,1990,31.34476224201353
74,Andorra,1,Male,1999,42.70845371697426
74,Andorra,2,Female,1999,34.65122015831902
74,Andorra,3,Both,1999,38.85447892244439
140,Bahrain,1,Male,2001,32.295311323228496
140,Bahrain,2,Female,2001,21.77615116116399
140,Bahrain,3,Both,2001,27.81325181542455
396,San Marino,1,Male,1997,39.6447912434282
396,San Marino,2,Female,1997,31.28277686961509
396,San Marino,3,Both,1997,35.35357560626708
153,Syrian Arab Republic,1,Male,2021,42.379096939454605
153,Syrian Arab Republic,2,Female,2021,28.263414743167832
153,Syrian Arab Republic,3,Both,2021,35.04858721429832
33,Armenia,1,Male,2021,56.80631538172952
33,Armenia,2,Female,2021,27.651142391682697
33,Armenia,3,Both,2021,41.69391941193325
298,American Samoa,1,Male,2001,42.8220334362741
298,American Samoa,2,Female,2001,39.27932511923416
298,American Samoa,3,Both,2001,41.09092221376187
135,Brazil,1,Male,2004,35.79583894766471
135,Brazil,2,Female,2004,31.400907331203072
135,Brazil,3,Both,2004,33.56605546410189
7,Democratic People's Republic of Korea,1,Male,2020,43.00540063019904
7,Democratic People's Republic of Korea,2,Female,2020,27.60674812891612
7,Democratic People's Republic of Korea,3,Both,2020,35.24964157090872
144,Jordan,1,Male,1993,56.30192217941524
144,Jordan,2,Female,1993,51.756395563389376
144,Jordan,3,Both,1993,54.13382690972621
208,Guinea,1,Male,1998,25.18217202759276
208,Guinea,2,Female,1998,21.95948980613029
208,Guinea,3,Both,1998,23.53039541790147
164,Nepal,1,Male,2006,44.19821493356428
164,Nepal,2,Female,2006,41.92498802450327
164,Nepal,3,Both,2006,43.04831521912737
369,Nauru,1,Male,1995,49.92596411480728
369,Nauru,2,Female,1995,49.002674389701
369,Nauru,3,Both,1995,49.47666373470671
178,Eritrea,1,Male,1996,18.41295461835476
178,Eritrea,2,Female,1996,13.43739385095543
178,Eritrea,3,Both,1996,15.93176336632302
15,Myanmar,1,Male,2021,33.8114883109737
15,Myanmar,2,Female,2021,27.05274889137212
15,Myanmar,3,Both,2021,30.31489635840614
117,Saint Vincent and the Grenadines,1,Male,1994,23.52021713847424
117,Saint Vincent and the Grenadines,2,Female,1994,19.29444026766206
117,Saint Vincent and the Grenadines,3,Both,1994,21.41727517559377
163,India,1,Male,1990,40.10284033055399
163,India,2,Female,1990,34.464047273184015
163,India,3,Both,1990,37.39806633669137
351,Guam,1,Male,2007,35.022550934837874
351,Guam,2,Female,2007,26.78733655532245
351,Guam,3,Both,2007,30.99461995843949
320,Cook Islands,1,Male,2021,31.968253165849568
320,Cook Islands,2,Female,2021,24.06902606550229
320,Cook Islands,3,Both,2021,27.90482073156731
416,Tuvalu,1,Male,1992,43.66803933466159
416,Tuvalu,2,Female,1992,38.4747056271251
416,Tuvalu,3,Both,1992,40.99461127839271
78,Denmark,1,Male,1999,44.7330113204072
78,Denmark,2,Female,1999,41.74843497855715
78,Denmark,3,Both,1999,43.22234711158191
123,Peru,1,Male,2007,16.85500130208149
123,Peru,2,Female,2007,12.38484328503671
123,Peru,3,Both,2007,14.6232029572251
78,Denmark,1,Male,2010,36.25888470415255
78,Denmark,2,Female,2010,29.74446887846725
78,Denmark,3,Both,2010,32.97141185049739
168,Angola,1,Male,2009,17.42332042575856
168,Angola,2,Female,2009,12.61807932383344
168,Angola,3,Both,2009,14.9576725301774
178,Eritrea,1,Male,2021,18.35696380982369
178,Eritrea,2,Female,2021,12.11561502355025
178,Eritrea,3,Both,2021,15.28547899598014
212,Mauritania,1,Male,1998,35.32119955083311
212,Mauritania,2,Female,1998,33.45372581072768
212,Mauritania,3,Both,1998,34.37826419263867
160,Afghanistan,1,Male,1995,23.37969470544422
160,Afghanistan,2,Female,1995,14.85795745828327
160,Afghanistan,3,Both,1995,19.11550726158821
385,Puerto Rico,1,Male,1995,19.36171783818457
385,Puerto Rico,2,Female,1995,14.7797305841402
385,Puerto Rico,3,Both,1995,16.99547910646794
68,Republic of Korea,1,Male,1997,51.24699997958062
68,Republic of Korea,2,Female,1997,36.38375611619252
68,Republic of Korea,3,Both,1997,43.8525875340614
170,Congo,1,Male,2005,18.918962619239547
170,Congo,2,Female,2005,14.36884860818181
170,Congo,3,Both,2005,16.614411151752808
19,Timor-Leste,1,Male,2021,47.33185291446926
19,Timor-Leste,2,Female,2021,49.54345552937439
19,Timor-Leste,3,Both,2021,48.42488088069935
369,Nauru,1,Male,2007,48.97221350812464
369,Nauru,2,Female,2007,48.34729830028019
369,Nauru,3,Both,2007,48.66459648702799
435,South Sudan,1,Male,1992,23.08185656358388
435,South Sudan,2,Female,1992,22.12098693563949
435,South Sudan,3,Both,1992,22.62823242210532
196,South Africa,1,Male,2004,35.20916731025743
196,South Africa,2,Female,2004,29.243889578376447
196,South Africa,3,Both,2004,32.1169052777788
84,Ireland,1,Male,2000,41.98409134472042
84,Ireland,2,Female,2000,37.06811596561308
84,Ireland,3,Both,2000,39.51192530174801
351,Guam,1,Male,2001,37.23936667643178
351,Guam,2,Female,2001,30.159134098608032
351,Guam,3,Both,2001,33.773130070038384
216,Senegal,1,Male,1998,36.2213341048098
216,Senegal,2,Female,1998,33.26450917824298
216,Senegal,3,Both,1998,34.71584980097838
170,Congo,1,Male,1999,19.26499784560449
170,Congo,2,Female,1999,14.118301312774207
170,Congo,3,Both,1999,16.64605531576254
179,Ethiopia,1,Male,1996,13.0665516276396
179,Ethiopia,2,Female,1996,10.45735046886756
179,Ethiopia,3,Both,1996,11.774451221203911
72,New Zealand,1,Male,1997,35.61373039696884
72,New Zealand,2,Female,1997,32.10488442643709
72,New Zealand,3,Both,1997,33.83537518814486
416,Tuvalu,1,Male,1995,43.555804971246
416,Tuvalu,2,Female,1995,38.34807451109347
416,Tuvalu,3,Both,1995,40.89237238118864
179,Ethiopia,1,Male,2021,11.72389934603935
179,Ethiopia,2,Female,2021,9.03339834372999
179,Ethiopia,3,Both,2021,10.3894428983693
385,Puerto Rico,1,Male,2007,17.66136422455091
385,Puerto Rico,2,Female,2007,12.6956176929791
385,Puerto Rico,3,Both,2007,15.08056366823175
23,Kiribati,1,Male,2021,55.47632307846375
23,Kiribati,2,Female,2021,56.52635592211689
23,Kiribati,3,Both,2021,56.01227182492568
88,Malta,1,Male,2000,42.9138431222549
88,Malta,2,Female,2000,32.185267801311504
88,Malta,3,Both,2000,37.5003602362229
107,Barbados,1,Male,1996,17.156613727752678
107,Barbados,2,Female,1996,10.92958679258051
107,Barbados,3,Both,1996,13.92419013654849
369,Nauru,1,Male,2001,50.58320081846298
369,Nauru,2,Female,2001,49.86281863072763
369,Nauru,3,Both,2001,50.23049445769541
144,Jordan,1,Male,2001,54.29674251870671
144,Jordan,2,Female,2001,48.16115180762634
144,Jordan,3,Both,2001,51.33125815009583
164,Nepal,1,Male,1998,51.38770889534416
164,Nepal,2,Female,1998,50.50263098429393
164,Nepal,3,Both,1998,50.946466489875306
200,Benin,1,Male,2004,17.07624422808452
200,Benin,2,Female,2004,15.170635438291091
200,Benin,3,Both,2004,16.09901429227616
121,Bolivia (Plurinational State of),1,Male,1994,21.51687904315652
121,Bolivia (Plurinational State of),2,Female,1994,18.988022005243447
121,Bolivia (Plurinational State of),3,Both,1994,20.24069398753571
376,Northern Mariana Islands,1,Male,2021,34.0769757042305
376,Northern Mariana Islands,2,Female,2021,26.46550096056957
376,Northern Mariana Islands,3,Both,2021,30.463022810589617
351,Guam,1,Male,2010,34.04297782738
351,Guam,2,Female,2010,25.32247248072032
351,Guam,3,Both,2010,29.79040098763095
76,Belgium,1,Male,1997,43.70605307442156
76,Belgium,2,Female,1997,35.02110221487134
76,Belgium,3,Both,1997,39.27185138469775
183,Mauritius,1,Male,2021,33.93074482155809
183,Mauritius,2,Female,2021,23.82859876895417
183,Mauritius,3,Both,2021,28.81339939019118
416,Tuvalu,1,Male,2007,41.910501000651365
416,Tuvalu,2,Female,2007,38.31437835465637
416,Tuvalu,3,Both,2007,40.13070146137456
181,Madagascar,1,Male,2003,27.45126036742741
181,Madagascar,2,Female,2003,26.30974604703577
181,Madagascar,3,Both,2003,26.87635226647841
140,Bahrain,1,Male,2004,32.20477036503812
140,Bahrain,2,Female,2004,21.64466217552028
140,Bahrain,3,Both,2004,27.85938333436608
92,Spain,1,Male,2000,51.26654757944882
92,Spain,2,Female,2000,35.73092875616321
92,Spain,3,Both,2000,43.3432039807241
385,Puerto Rico,1,Male,2001,18.46024674199867
385,Puerto Rico,2,Female,2001,13.66634279863071
385,Puerto Rico,3,Both,2001,15.97625128689582
178,Eritrea,1,Male,1999,18.354733912337988
178,Eritrea,2,Female,1999,13.163804000687248
178,Eritrea,3,Both,1999,15.76920983316415
172,Equatorial Guinea,1,Male,2009,34.18207232393968
172,Equatorial Guinea,2,Female,2009,30.5221560817063
172,Equatorial Guinea,3,Both,2009,32.41950015596406
168,Angola,1,Male,2006,16.906368334248782
168,Angola,2,Female,2006,12.17574001781837
168,Angola,3,Both,2006,14.485923881404569
164,Nepal,1,Male,1995,52.03800815324552
164,Nepal,2,Female,1995,51.074146035800936
164,Nepal,3,Both,1995,51.55711793493315
82,Greece,1,Male,1999,58.38464100498862
82,Greece,2,Female,1999,41.84765193841973
82,Greece,3,Both,1999,50.05472809253917
37,Kyrgyzstan,1,Male,2021,51.45946671429553
37,Kyrgyzstan,2,Female,2021,37.59746317362397
37,Kyrgyzstan,3,Both,2021,44.442419271486514
127,El Salvador,1,Male,2007,17.48969566491208
127,El Salvador,2,Female,2007,12.758310668748548
127,El Salvador,3,Both,2007,15.00452051114071
148,Morocco,1,Male,1993,41.37786998774804
148,Morocco,2,Female,1993,33.28111286264943
148,Morocco,3,Both,1993,37.31214101699749
320,Cook Islands,1,Male,2000,39.51111803470836
320,Cook Islands,2,Female,2000,34.756144298905554
320,Cook Islands,3,Both,2000,37.2153200026114
168,Angola,1,Male,1998,16.565130411393252
168,Angola,2,Female,1998,12.15763418277352
168,Angola,3,Both,1998,14.33903942759068
178,Eritrea,1,Male,2005,18.32328661735433
178,Eritrea,2,Female,2005,12.72575518363587
178,Eritrea,3,Both,2005,15.54549140748159
111,Dominican Republic,1,Male,1996,24.676099715948855
111,Dominican Republic,2,Female,1996,21.873625054835667
111,Dominican Republic,3,Both,1996,23.24914214330355
125,Colombia,1,Male,1994,28.13253196071228
125,Colombia,2,Female,1994,23.42290534428134
125,Colombia,3,Both,1994,25.74344704245732
142,Iran (Islamic Republic of),1,Male,2008,31.38012534705092
142,Iran (Islamic Republic of),2,Female,2008,21.24272123544424
142,Iran (Islamic Republic of),3,Both,2008,26.386735719332123
396,San Marino,1,Male,2021,31.00831156938088
396,San Marino,2,Female,2021,22.2590801897848
396,San Marino,3,Both,2021,26.49321103500239
82,Greece,1,Male,2010,53.09897206785072
82,Greece,2,Female,2010,40.350770901631336
82,Greece,3,Both,2010,46.63936330819709
369,Nauru,1,Male,2010,47.9104901730474
369,Nauru,2,Female,2010,46.889046625326166
369,Nauru,3,Both,2010,47.40650290708262
435,South Sudan,1,Male,1995,22.78236183761348
435,South Sudan,2,Female,1995,21.51960935725675
435,South Sudan,3,Both,1995,22.18363154830288
183,Mauritius,1,Male,1996,37.40324198171029
183,Mauritius,2,Female,1996,32.67843912204294
183,Mauritius,3,Both,1996,35.03160053902534
187,Somalia,1,Male,2021,22.37798559091489
187,Somalia,2,Female,2021,18.314246751037448
187,Somalia,3,Both,2021,20.39252153430637
144,Jordan,1,Male,2004,53.84075934194779
144,Jordan,2,Female,2004,46.84898150981609
144,Jordan,3,Both,2004,50.45350266252504
416,Tuvalu,1,Male,2001,43.0896416884488
416,Tuvalu,2,Female,2001,38.3242921376949
416,Tuvalu,3,Both,2001,40.68856636377145
6,China,1,Male,2016,50.16977330476424
6,China,2,Female,2016,29.61870767188392
6,China,3,Both,2016,40.11657719097259
171,Democratic Republic of the Congo,1,Male,1990,22.72482019418394
171,Democratic Republic of the Congo,2,Female,1990,21.1521948762679
171,Democratic Republic of the Congo,3,Both,1990,21.92929286487906
179,Ethiopia,1,Male,1999,12.69787079669249
179,Ethiopia,2,Female,1999,10.13343568403698
179,Ethiopia,3,Both,1999,11.4293453821648
185,Rwanda,1,Male,2003,19.8104672742012
185,Rwanda,2,Female,2003,16.41856172174293
185,Rwanda,3,Both,2003,18.04614129331204
148,Morocco,1,Male,2001,38.15691811266241
148,Morocco,2,Female,2001,29.62609844796559
148,Morocco,3,Both,2001,33.84454052779487
168,Angola,1,Male,1995,17.0584123461541
168,Angola,2,Female,1995,12.836758174648647
168,Angola,3,Both,1995,14.93959690909666
149,Palestine,1,Male,2005,49.55741406424349
149,Palestine,2,Female,2005,41.9361919998597
149,Palestine,3,Both,2005,45.81135880678652
115,Jamaica,1,Male,1996,31.581825769773257
115,Jamaica,2,Female,1996,25.89460504669897
115,Jamaica,3,Both,1996,28.68974341609834
204,Chad,1,Male,2004,21.66613146618673
204,Chad,2,Female,2004,19.44097196926915
204,Chad,3,Both,2004,20.53279789270954
203,Cabo Verde,1,Male,1998,19.91879226676032
203,Cabo Verde,2,Female,1998,14.73201738514028
203,Cabo Verde,3,Both,1998,17.234892828882238
131,Nicaragua,1,Male,2007,27.090070014682283
131,Nicaragua,2,Female,2007,25.68040195047385
131,Nicaragua,3,Both,2007,26.376253116683667
41,Uzbekistan,1,Male,2021,31.907639868531128
41,Uzbekistan,2,Female,2021,20.190933021723108
41,Uzbekistan,3,Both,2021,26.038740427544887
190,Uganda,1,Male,1992,19.47048667573112
190,Uganda,2,Female,1992,18.28487375582166
190,Uganda,3,Both,1992,18.867347859458288
376,Northern Mariana Islands,1,Male,2005,38.12637377895921
376,Northern Mariana Islands,2,Female,2005,33.39235338894307
376,Northern Mariana Islands,3,Both,2005,35.77778970236809
179,Ethiopia,1,Male,2005,12.17041758716975
179,Ethiopia,2,Female,2005,9.78475375634564
179,Ethiopia,3,Both,2005,10.99014247468779
86,Italy,1,Male,2010,34.147354104473585
86,Italy,2,Female,2010,26.723803107899418
86,Italy,3,Both,2010,30.32693585055784
129,Honduras,1,Male,1994,30.2343071395001
129,Honduras,2,Female,1994,26.286197406980623
129,Honduras,3,Both,1994,28.24715685178062
385,Puerto Rico,1,Male,2010,17.3288066084137
385,Puerto Rico,2,Female,2010,12.26328924008804
385,Puerto Rico,3,Both,2010,14.69292360419466
148,Morocco,1,Male,2004,36.32353356651864
148,Morocco,2,Female,2004,27.68672160974235
148,Morocco,3,Both,2004,31.95686541955039
146,Lebanon,1,Male,2008,54.28756746254084
146,Lebanon,2,Female,2008,44.46544544455406
146,Lebanon,3,Both,2008,49.33703318817559
27,Samoa,1,Male,2021,41.86514472202524
27,Samoa,2,Female,2021,36.71729935454875
27,Samoa,3,Both,2021,39.3652427407489
176,Comoros,1,Male,2009,26.90915136282862
176,Comoros,2,Female,2009,22.3074404213488
176,Comoros,3,Both,2009,24.59634448820848
298,American Samoa,1,Male,1998,43.16183494679832
298,American Samoa,2,Female,1998,39.97634887768616
298,American Samoa,3,Both,1998,41.61110584496557
97,Argentina,1,Male,2000,42.99939739497079
97,Argentina,2,Female,2000,37.6018449056699
97,Argentina,3,Both,2000,40.2346052475434
196,South Africa,1,Male,2021,28.65523167868078
196,South Africa,2,Female,2021,22.258604088880908
196,South Africa,3,Both,2021,25.39348092595524
435,South Sudan,1,Male,2007,21.50512117573089
435,South Sudan,2,Female,2007,18.79950955676428
435,South Sudan,3,Both,2007,20.20256442237161
435,South Sudan,1,Male,2001,22.02971849954819
435,South Sudan,2,Female,2001,19.99479207885592
435,South Sudan,3,Both,2001,21.056107559434988
10,Cambodia,1,Male,2010,47.44468285669518
10,Cambodia,2,Female,2010,35.87519243892432
10,Cambodia,3,Both,2010,41.51837321479715
208,Guinea,1,Male,2004,23.543587086279945
208,Guinea,2,Female,2004,20.33319678253489
208,Guinea,3,Both,2004,21.88748391828432
89,Netherlands,1,Male,2013,31.28636724980914
89,Netherlands,2,Female,2013,27.20880663714742
89,Netherlands,3,Both,2013,29.22725215519221
175,Burundi,1,Male,1990,20.71699510899315
175,Burundi,2,Female,1990,21.590706392849977
175,Burundi,3,Both,1990,21.16559889557027
183,Mauritius,1,Male,1999,35.48088731214333
183,Mauritius,2,Female,1999,29.59211263504181
183,Mauritius,3,Both,1999,32.515221542561115
172,Equatorial Guinea,1,Male,2006,34.39318836229598
172,Equatorial Guinea,2,Female,2006,30.151671669347653
172,Equatorial Guinea,3,Both,2006,32.31398099747238
190,Uganda,1,Male,2003,21.69345551170381
190,Uganda,2,Female,2003,20.80606047437498
190,Uganda,3,Both,2003,21.240027309432215
152,Saudi Arabia,1,Male,2001,36.02758685749281
152,Saudi Arabia,2,Female,2001,26.17267722455413
152,Saudi Arabia,3,Both,2001,31.63512401210377
119,Trinidad and Tobago,1,Male,1996,31.88881291769074
119,Trinidad and Tobago,2,Female,1996,26.29302504538755
119,Trinidad and Tobago,3,Both,1996,29.09831783011365
152,Saudi Arabia,1,Male,1993,36.17780327630087
152,Saudi Arabia,2,Female,1993,25.71281004651929
152,Saudi Arabia,3,Both,1993,31.57510251312599
133,Venezuela (Bolivarian Republic of),1,Male,1994,34.02667091975548
133,Venezuela (Bolivarian Republic of),2,Female,1994,30.239741258952407
133,Venezuela (Bolivarian Republic of),3,Both,1994,32.11838022908111
522,Sudan,1,Male,1991,34.01937248394361
522,Sudan,2,Female,1991,25.650232545689327
522,Sudan,3,Both,1991,29.87761881715844
80,France,1,Male,1997,41.0143638529442
80,France,2,Female,1997,31.81594055049402
80,France,3,Both,1997,36.29353304593267
86,Italy,1,Male,1999,40.68165154041782
86,Italy,2,Female,1999,30.56748644684823
86,Italy,3,Both,1999,35.46188178607338
45,Bulgaria,1,Male,2021,46.58612863086667
45,Bulgaria,2,Female,2021,30.99053685035113
45,Bulgaria,3,Both,2021,38.54436479775867
376,Northern Mariana Islands,1,Male,2000,38.01352605056183
376,Northern Mariana Islands,2,Female,2000,37.15733022460434
376,Northern Mariana Islands,3,Both,2000,37.55389165726344
194,Lesotho,1,Male,1992,31.29843620010579
194,Lesotho,2,Female,1992,24.32342851644332
194,Lesotho,3,Both,1992,27.51655064264963
150,Oman,1,Male,2008,26.76556418126018
150,Oman,2,Female,2008,18.02603876126411
150,Oman,3,Both,2008,23.03827153761263
187,Somalia,1,Male,1996,24.24452520008473
187,Somalia,2,Female,1996,20.43967946964437
187,Somalia,3,Both,1996,22.38996507962121
200,Benin,1,Male,2021,11.55598215511556
200,Benin,2,Female,2021,9.44529520850425
200,Benin,3,Both,2021,10.48426217341663
176,Comoros,1,Male,2006,28.26802974689845
176,Comoros,2,Female,2006,23.67800373635458
176,Comoros,3,Both,2006,25.95904230419993
156,United Arab Emirates,1,Male,2001,34.48527384281593
156,United Arab Emirates,2,Female,2001,30.81392416584925
156,United Arab Emirates,3,Both,2001,33.2944895243609
123,Peru,1,Male,1996,20.86568142987371
123,Peru,2,Female,1996,17.30284439241605
123,Peru,3,Both,1996,19.07713574907648
212,Mauritania,1,Male,2004,34.636421060848186
212,Mauritania,2,Female,2004,31.5824194172262
212,Mauritania,3,Both,2004,33.09053874893796
187,Somalia,1,Male,1999,24.17706300628759
187,Somalia,2,Female,1999,20.27129426880715
187,Somalia,3,Both,1999,22.274702503635066
172,Equatorial Guinea,1,Male,1998,35.056567123675144
172,Equatorial Guinea,2,Female,1998,30.73570512789997
172,Equatorial Guinea,3,Both,1998,32.85117067691069
194,Lesotho,1,Male,2003,31.765476047350163
194,Lesotho,2,Female,2003,24.227105394098363
194,Lesotho,3,Both,2003,27.75043726219757
172,Equatorial Guinea,1,Male,1995,34.96751018593669
172,Equatorial Guinea,2,Female,1995,31.191757246590303
172,Equatorial Guinea,3,Both,1995,33.02283777823004
84,Ireland,1,Male,1997,43.460680962643714
84,Ireland,2,Female,1997,38.41532098393005
84,Ireland,3,Both,1997,40.92227595435145
101,Canada,1,Male,2000,39.12032481490301
101,Canada,2,Female,2000,35.07076113277506
101,Canada,3,Both,2000,37.05888678561776
154,Tunisia,1,Male,2008,48.89599598634124
154,Tunisia,2,Female,2008,36.2655857357937
154,Tunisia,3,Both,2008,42.57332215442476
49,North Macedonia,1,Male,2021,54.33341714551735
49,North Macedonia,2,Female,2021,40.34803417814441
49,North Macedonia,3,Both,2021,47.44438510214844
351,Guam,1,Male,1998,37.5387626301047
351,Guam,2,Female,1998,31.01799121355409
351,Guam,3,Both,1998,34.37926417090081
7,Democratic People's Republic of Korea,1,Male,2014,44.66092882447768
7,Democratic People's Republic of Korea,2,Female,2014,29.305678032767208
7,Democratic People's Republic of Korea,3,Both,2014,36.8702510383346
6,China,1,Male,2013,50.51509195692545
6,China,2,Female,2013,31.47770784284344
6,China,3,Both,2013,41.19677014676233
90,Norway,1,Male,1999,40.13357994046681
90,Norway,2,Female,1999,35.61229868315514
90,Norway,3,Both,1999,37.84783200139615
181,Madagascar,1,Male,2009,24.36708487657118
181,Madagascar,2,Female,2009,23.1344612201322
181,Madagascar,3,Both,2009,23.744775366442163
160,Afghanistan,1,Male,2001,23.616797940561128
160,Afghanistan,2,Female,2001,16.661286915574692
160,Afghanistan,3,Both,2001,20.14253689384876
161,Bangladesh,1,Male,1996,44.31378214005088
161,Bangladesh,2,Female,1996,40.38224302683242
161,Bangladesh,3,Both,1996,42.40950464885585
195,Namibia,1,Male,2001,34.218821937122115
195,Namibia,2,Female,2001,31.3670738947376
195,Namibia,3,Both,2001,32.755637526536766
157,Yemen,1,Male,2021,44.13898997888353
157,Yemen,2,Female,2021,35.47014620491997
157,Yemen,3,Both,2021,39.84594146450575
149,Palestine,1,Male,1999,50.72455735186914
149,Palestine,2,Female,1999,43.6968166243895
149,Palestine,3,Both,1999,47.27602517193309
216,Senegal,1,Male,2004,33.781382089213494
216,Senegal,2,Female,2004,30.767183386301895
216,Senegal,3,Both,2004,32.25799893527308
88,Malta,1,Male,1997,45.37876237446651
88,Malta,2,Female,1997,35.045369669610885
88,Malta,3,Both,1997,40.1587195226059
90,Norway,1,Male,2010,31.68695891998211
90,Norway,2,Female,2010,23.86930813987918
90,Norway,3,Both,2010,27.772187583816173
176,Comoros,1,Male,1998,29.74465049964941
176,Comoros,2,Female,1998,25.283202659327632
176,Comoros,3,Both,1998,27.49467632952282
396,San Marino,1,Male,2000,38.15564305643134
396,San Marino,2,Female,2000,29.712138792646236
396,San Marino,3,Both,2000,33.8084941377849
176,Comoros,1,Male,1995,29.802740230963483
176,Comoros,2,Female,1995,25.586687773821943
176,Comoros,3,Both,1995,27.67661715771352
135,Brazil,1,Male,2007,32.744216442919885
135,Brazil,2,Female,2007,27.695879251329007
135,Brazil,3,Both,2007,30.17881650364329
152,Saudi Arabia,1,Male,2004,35.80772638288672
152,Saudi Arabia,2,Female,2004,26.115718789811947
152,Saudi Arabia,3,Both,2004,31.5019394701346
396,San Marino,1,Male,2005,35.49051399442193
396,San Marino,2,Female,2005,26.93377906747399
396,San Marino,3,Both,2005,31.07520659909363
180,Kenya,1,Male,1990,29.283323080999203
180,Kenya,2,Female,1990,25.87415640584803
180,Kenya,3,Both,1990,27.56720152803595
522,Sudan,1,Male,1994,33.83659954161215
522,Sudan,2,Female,1994,25.50614972307377
522,Sudan,3,Both,1994,29.71476019307937
127,El Salvador,1,Male,1996,15.44819679740834
127,El Salvador,2,Female,1996,11.31489094499418
127,El Salvador,3,Both,1996,13.311702855401562
156,United Arab Emirates,1,Male,1993,34.01016770406157
156,United Arab Emirates,2,Female,1993,29.8795635073022
156,United Arab Emirates,3,Both,1993,32.59725474198422
185,Rwanda,1,Male,2009,20.76917540705245
185,Rwanda,2,Female,2009,17.18264067662424
185,Rwanda,3,Both,2009,18.91473919503697
94,Switzerland,1,Male,1999,40.77346296933086
94,Switzerland,2,Female,1999,33.25962011720698
94,Switzerland,3,Both,1999,36.93848446663251
165,Pakistan,1,Male,1993,48.28490893689306
165,Pakistan,2,Female,1993,41.38582098665548
165,Pakistan,3,Both,1993,44.99388586282007
128,Guatemala,1,Male,2002,20.79980201714563
128,Guatemala,2,Female,2002,18.19216834914534
128,Guatemala,3,Both,2002,19.46936149002787
35,Georgia,1,Male,2021,53.33701831176438
35,Georgia,2,Female,2021,27.46234107243587
35,Georgia,3,Both,2021,39.86456933164978
204,Chad,1,Male,2021,17.895450621323768
204,Chad,2,Female,2021,15.52882666908292
204,Chad,3,Both,2021,16.70572863189187
369,Nauru,1,Male,1998,50.38035425023059
369,Nauru,2,Female,1998,49.570858391481856
369,Nauru,3,Both,1998,49.98515139254461
105,Antigua and Barbuda,1,Male,2000,20.53815171434209
105,Antigua and Barbuda,2,Female,2000,12.91106556417931
105,Antigua and Barbuda,3,Both,2000,16.4966905401232
162,Bhutan,1,Male,2008,20.43104763845406
162,Bhutan,2,Female,2008,15.074770519785549
162,Bhutan,3,Both,2008,17.88373553773045
196,South Africa,1,Male,1996,39.91180175574053
196,South Africa,2,Female,1996,35.07862725831987
196,South Africa,3,Both,1996,37.40760506187096
92,Spain,1,Male,1997,52.6004753670284
92,Spain,2,Female,1997,35.89010795440145
92,Spain,3,Both,1997,44.060130305398246
156,United Arab Emirates,1,Male,1990,34.23534780631366
156,United Arab Emirates,2,Female,1990,30.21513691678237
156,United Arab Emirates,3,Both,1990,32.81530553046072
157,Yemen,1,Male,2008,45.54686350664156
157,Yemen,2,Female,2008,37.86656270035751
157,Yemen,3,Both,2008,41.77360605296172
211,Mali,1,Male,1995,21.88093891614475
211,Mali,2,Female,1995,19.47079923536246
211,Mali,3,Both,1995,20.66122287980461
139,Algeria,1,Male,2015,38.83075620079425
139,Algeria,2,Female,2015,27.450147310427543
139,Algeria,3,Both,2015,33.223785609174264
211,Mali,1,Male,2004,25.19956497882781
211,Mali,2,Female,2004,23.628717015278
211,Mali,3,Both,2004,24.40886510681662
196,South Africa,1,Male,1999,37.86338682621443
196,South Africa,2,Female,1999,32.190616676699776
196,South Africa,3,Both,1999,34.91571011820178
208,Guinea,1,Male,2021,21.0770205651811
208,Guinea,2,Female,2021,17.1992358362626
208,Guinea,3,Both,2021,19.08198164241105
109,Cuba,1,Male,2000,42.69803485414454
109,Cuba,2,Female,2000,34.23441935032628
109,Cuba,3,Both,2000,38.47998317638704
385,Puerto Rico,1,Male,1998,18.93286439611117
385,Puerto Rico,2,Female,1998,14.254610600873368
385,Puerto Rico,3,Both,1998,16.5126380642939
39,Tajikistan,1,Male,2021,27.31296785500035
39,Tajikistan,2,Female,2021,18.00706555560533
39,Tajikistan,3,Both,2021,22.72260464278372
182,Malawi,1,Male,2010,22.3214757790454
182,Malawi,2,Female,2010,18.94403353580308
182,Malawi,3,Both,2010,20.59279282984843
200,Benin,1,Male,1996,19.25810431097878
200,Benin,2,Female,1996,16.90280711061325
200,Benin,3,Both,1996,18.05179593947397
161,Bangladesh,1,Male,2021,40.580482474448296
161,Bangladesh,2,Female,2021,31.06825892268807
161,Bangladesh,3,Both,2021,35.74696167747068
413,Tokelau,1,Male,1992,40.24087396421454
413,Tokelau,2,Female,1992,33.05041953000449
413,Tokelau,3,Both,1992,36.64524248348313
215,Sao Tome and Principe,1,Male,1995,9.50952945817862
215,Sao Tome and Principe,2,Female,1995,6.6840919642228895
215,Sao Tome and Principe,3,Both,1995,8.08175210728844
161,Bangladesh,1,Male,2008,41.81323658269394
161,Bangladesh,2,Female,2008,36.09617827982762
161,Bangladesh,3,Both,2008,38.98673250250003
212,Mauritania,1,Male,2021,30.44120162580079
212,Mauritania,2,Female,2021,27.4175200502449
212,Mauritania,3,Both,2021,28.904491903438068
132,Panama,1,Male,2002,19.10755523016475
132,Panama,2,Female,2002,14.925530565868891
132,Panama,3,Both,2002,17.03494273986145
94,Switzerland,1,Male,2010,33.693446009921765
94,Switzerland,2,Female,2010,26.32134438430855
94,Switzerland,3,Both,2010,29.95822513286384
97,Argentina,1,Male,1997,43.50480032285826
97,Argentina,2,Female,1997,38.14054656780439
97,Argentina,3,Both,1997,40.75800761881892
113,Guyana,1,Male,2000,26.29021843801123
113,Guyana,2,Female,2000,21.83634714243003
113,Guyana,3,Both,2000,24.06454037736293
203,Cabo Verde,1,Male,2007,18.29770593094218
203,Cabo Verde,2,Female,2007,12.96431345460441
203,Cabo Verde,3,Both,2007,15.589623765843667
207,Ghana,1,Male,1998,10.58989230433455
207,Ghana,2,Female,1998,8.58143851900207
207,Ghana,3,Both,1998,9.57898048241868
215,Sao Tome and Principe,1,Male,2004,9.03023471217019
215,Sao Tome and Principe,2,Female,2004,6.3668065076498594
215,Sao Tome and Principe,3,Both,2004,7.68695642129967
165,Pakistan,1,Male,1996,47.7722362575986
165,Pakistan,2,Female,1996,40.8895130758473
165,Pakistan,3,Both,1996,44.48082145459546
43,Albania,1,Male,2021,51.59712136377173
43,Albania,2,Female,2021,27.6231592971071
43,Albania,3,Both,2021,39.67235808872433
416,Tuvalu,1,Male,1998,43.363697506314445
416,Tuvalu,2,Female,1998,38.26054670439036
416,Tuvalu,3,Both,1998,40.7727348274958
170,Congo,1,Male,2008,18.9879630682604
170,Congo,2,Female,2008,14.71401425274024
170,Congo,3,Both,2008,16.8285299906176
153,Syrian Arab Republic,1,Male,1999,51.394860856942735
153,Syrian Arab Republic,2,Female,1999,46.73471466831292
153,Syrian Arab Republic,3,Both,1999,49.12259314906086
153,Syrian Arab Republic,1,Male,2005,49.10821806311913
153,Syrian Arab Republic,2,Female,2005,42.99478017419649
153,Syrian Arab Republic,3,Both,2005,46.13907172933633
298,American Samoa,1,Male,2004,42.19305197601009
298,American Samoa,2,Female,2004,38.2802207697858
298,American Samoa,3,Both,2004,40.27318025444684
165,Pakistan,1,Male,2021,34.28258480446546
165,Pakistan,2,Female,2021,24.4643668356233
165,Pakistan,3,Both,2021,29.489664728598
198,Zimbabwe,1,Male,1992,29.85243304301588
198,Zimbabwe,2,Female,1992,25.16580213035158
198,Zimbabwe,3,Both,1992,27.46011985925328
522,Sudan,1,Male,2008,31.084244363895408
522,Sudan,2,Female,2008,23.12534469572703
522,Sudan,3,Both,2008,27.16045764220435
169,Central African Republic,1,Male,1993,20.59661819006316
169,Central African Republic,2,Female,1993,17.34269417610824
169,Central African Republic,3,Both,1993,18.9484867782446
54,Slovakia,1,Male,2021,37.15632599489153
54,Slovakia,2,Female,2021,24.87352096265047
54,Slovakia,3,Both,2021,30.86989778003007
190,Uganda,1,Male,2009,18.68093108388165
190,Uganda,2,Female,2009,17.28678441151054
190,Uganda,3,Both,2009,17.97056748062871
181,Madagascar,1,Male,2006,25.64359552802888
181,Madagascar,2,Female,2006,24.26820699411992
181,Madagascar,3,Both,2006,24.95004925410844
216,Senegal,1,Male,2021,23.90608670349965
216,Senegal,2,Female,2021,18.476824631927112
216,Senegal,3,Both,2021,21.20309278426405
186,Seychelles,1,Male,2010,36.99586055155691
186,Seychelles,2,Female,2010,23.95684931089892
186,Seychelles,3,Both,2010,30.69901400782152
160,Afghanistan,1,Male,1990,21.69225960545187
160,Afghanistan,2,Female,1990,12.91513795203007
160,Afghanistan,3,Both,1990,17.195271221377357
131,Nicaragua,1,Male,1996,30.87835091234788
131,Nicaragua,2,Female,1996,29.04484671777189
131,Nicaragua,3,Both,1996,29.948329928580097
184,Mozambique,1,Male,1990,24.93814024218614
184,Mozambique,2,Female,1990,23.12567062938041
184,Mozambique,3,Both,1990,23.993004180648388
165,Pakistan,1,Male,2008,41.11115593281086
165,Pakistan,2,Female,2008,33.91319567622965
165,Pakistan,3,Both,2008,37.62679247744424
181,Madagascar,1,Male,1998,31.47715578156628
181,Madagascar,2,Female,1998,31.45755108799365
181,Madagascar,3,Both,1998,31.46730155579144
157,Yemen,1,Male,2005,45.6718683642183
157,Yemen,2,Female,2005,37.79523326611773
157,Yemen,3,Both,2005,41.80975007090333
164,Nepal,1,Male,2001,49.86550592976078
164,Nepal,2,Female,2001,48.94763975487519
164,Nepal,3,Both,2001,49.40695793559635
160,Afghanistan,1,Male,1993,22.64430029740164
160,Afghanistan,2,Female,1993,13.93896911733326
160,Afghanistan,3,Both,1993,18.22964282758194
207,Ghana,1,Male,2007,11.13448760360143
207,Ghana,2,Female,2007,8.88853594667523
207,Ghana,3,Both,2007,9.99313882188412
156,United Arab Emirates,1,Male,2004,34.32833229212684
156,United Arab Emirates,2,Female,2004,31.16347175949883
156,United Arab Emirates,3,Both,2004,33.3219304162296
58,Estonia,1,Male,2021,38.025644857046245
58,Estonia,2,Female,2021,20.26509920358329
58,Estonia,3,Both,2021,28.64708221167242
157,Yemen,1,Male,1999,46.05974130519775
157,Yemen,2,Female,1999,38.3160784142694
157,Yemen,3,Both,1999,42.2804518004296
211,Mali,1,Male,1998,23.12613161703622
211,Mali,2,Female,1998,20.81586468769534
211,Mali,3,Both,1998,21.9605311019137
191,Zambia,1,Male,2010,26.323728005983472
191,Zambia,2,Female,2010,24.60009855023688
191,Zambia,3,Both,2010,25.45173307467119
198,Zimbabwe,1,Male,2003,29.32846761051348
198,Zimbabwe,2,Female,2003,23.99255167159233
198,Zimbabwe,3,Both,2003,26.57855343471353
189,United Republic of Tanzania,1,Male,1990,32.88653786866422
189,United Republic of Tanzania,2,Female,1990,29.525729016548656
189,United Republic of Tanzania,3,Both,1990,31.16176840730388
203,Cabo Verde,1,Male,2001,19.46743552418935
203,Cabo Verde,2,Female,2001,14.11640770078407
203,Cabo Verde,3,Both,2001,16.71299202822258
95,United Kingdom,1,Male,2010,33.9183125376329
95,United Kingdom,2,Female,2010,29.93309478639527
95,United Kingdom,3,Both,2010,31.89064103728989
95,United Kingdom,1,Male,1999,39.89092937281616
95,United Kingdom,2,Female,1999,35.887480822156
95,United Kingdom,3,Both,1999,37.83766370795252
173,Gabon,1,Male,1993,23.31928798876525
173,Gabon,2,Female,1993,19.10751956858508
173,Gabon,3,Both,1993,21.19245196181674
202,Cameroon,1,Male,1992,23.15132117686611
202,Cameroon,2,Female,1992,20.44129921671383
202,Cameroon,3,Both,1992,21.7769571207857
117,Saint Vincent and the Grenadines,1,Male,2000,22.42872870971393
117,Saint Vincent and the Grenadines,2,Female,2000,17.237986761739858
117,Saint Vincent and the Grenadines,3,Both,2000,19.85795282813872
161,Bangladesh,1,Male,2005,42.39550535818496
161,Bangladesh,2,Female,2005,37.42909794017667
161,Bangladesh,3,Both,2005,39.96277114001183
211,Mali,1,Male,2007,25.271095443737067
211,Mali,2,Female,2007,23.88502562797995
211,Mali,3,Both,2007,24.57391672569405
160,Afghanistan,1,Male,2004,24.21618833153466
160,Afghanistan,2,Female,2004,18.077823695461408
160,Afghanistan,3,Both,2004,21.18066465079867
181,Madagascar,1,Male,1995,33.80065079430741
181,Madagascar,2,Female,1995,34.76953156146997
181,Madagascar,3,Both,1995,34.28709083175333
101,Canada,1,Male,1997,41.44405330534872
101,Canada,2,Female,1997,38.01618356180594
101,Canada,3,Both,1997,39.7014900921924
435,South Sudan,1,Male,1998,22.38887206987868
435,South Sudan,2,Female,1998,20.72250635224083
435,South Sudan,3,Both,1998,21.59494561422585
168,Angola,1,Male,2001,16.41027995561685
168,Angola,2,Female,2001,11.84139483327659
168,Angola,3,Both,2001,14.08863943898703
47,Czechia,1,Male,2021,38.75055107451507
47,Czechia,2,Female,2021,25.782187700898067
47,Czechia,3,Both,2021,32.16519506736812
169,Central African Republic,1,Male,2021,16.16994246209558
169,Central African Republic,2,Female,2021,12.37312045758401
169,Central African Republic,3,Both,2021,14.235812951059351
161,Bangladesh,1,Male,1999,43.69726311202452
161,Bangladesh,2,Female,1999,39.54699809344931
161,Bangladesh,3,Both,1999,41.68663537531815
135,Brazil,1,Male,1996,44.03994714993591
135,Brazil,2,Female,1996,40.35407604397343
135,Brazil,3,Both,1996,42.17134089972215
195,Namibia,1,Male,2010,29.411850114974143
195,Namibia,2,Female,2010,26.10064575673869
195,Namibia,3,Both,2010,27.71060768540301
185,Rwanda,1,Male,2006,20.33119064208463
185,Rwanda,2,Female,2006,16.856350855786932
185,Rwanda,3,Both,2006,18.531454389628323
193,Botswana,1,Male,1990,36.47967089202855
193,Botswana,2,Female,1990,31.35868580741122
193,Botswana,3,Both,1990,33.80998437311436
207,Ghana,1,Male,2001,10.64281438113042
207,Ghana,2,Female,2001,8.56682980511372
207,Ghana,3,Both,2001,9.59585284975396
99,Uruguay,1,Male,2010,39.18844714535281
99,Uruguay,2,Female,2010,30.33044806719961
99,Uruguay,3,Both,2010,34.59525125888435
177,Djibouti,1,Male,1993,40.57905241284954
177,Djibouti,2,Female,1993,39.17911396883701
177,Djibouti,3,Both,1993,39.92051018285565
202,Cameroon,1,Male,2003,20.44076890975289
202,Cameroon,2,Female,2003,17.6377084421562
202,Cameroon,3,Both,2003,19.02469735781734
185,Rwanda,1,Male,1998,19.78219748800671
185,Rwanda,2,Female,1998,16.66733207792941
185,Rwanda,3,Both,1998,18.14396725439399
6,China,1,Male,2019,49.59527128672601
6,China,2,Female,2019,27.34094894615797
6,China,3,Both,2019,38.72430771135494
99,Uruguay,1,Male,1999,45.94507602327795
99,Uruguay,2,Female,1999,36.33141138258324
99,Uruguay,3,Both,1999,40.99182395002421
351,Guam,1,Male,2004,36.28272660495177
351,Guam,2,Female,2004,28.6200436536043
351,Guam,3,Both,2004,32.52380151511881
121,Bolivia (Plurinational State of),1,Male,2000,19.01774984076513
121,Bolivia (Plurinational State of),2,Female,2000,16.066283946699713
121,Bolivia (Plurinational State of),3,Both,2000,17.53547235401523
105,Antigua and Barbuda,1,Male,1997,20.8806090673542
105,Antigua and Barbuda,2,Female,1997,13.180900684090592
105,Antigua and Barbuda,3,Both,1997,16.81878082435481
194,Lesotho,1,Male,2009,34.97891560285089
194,Lesotho,2,Female,2009,28.22146770102232
194,Lesotho,3,Both,2009,31.42723505494969
51,Poland,1,Male,2021,36.11125213879004
51,Poland,2,Female,2021,26.47051891794334
51,Poland,3,Both,2021,31.136635144700996
164,Nepal,1,Male,1993,52.05460577804918
164,Nepal,2,Female,1993,51.09352150172788
164,Nepal,3,Both,1993,51.57471591080848
172,Equatorial Guinea,1,Male,2001,34.96017454272718
172,Equatorial Guinea,2,Female,2001,30.369499664209386
172,Equatorial Guinea,3,Both,2001,32.64707909444308
140,Bahrain,1,Male,2007,31.60200404343469
140,Bahrain,2,Female,2007,21.606146728896388
140,Bahrain,3,Both,2007,27.661308504332748
369,Nauru,1,Male,2004,50.30189825070897
369,Nauru,2,Female,2004,49.76930451773429
369,Nauru,3,Both,2004,50.040413969018125
109,Cuba,1,Male,1997,42.874739369796885
109,Cuba,2,Female,1997,34.98790210460487
109,Cuba,3,Both,1997,38.948222898804616
190,Uganda,1,Male,1998,21.68213447727142
190,Uganda,2,Female,1998,20.99728532061666
190,Uganda,3,Both,1998,21.33224453996015
206,Gambia,1,Male,2003,32.90317464785862
206,Gambia,2,Female,2003,29.43701922178083
206,Gambia,3,Both,2003,31.14785710003197
169,Central African Republic,1,Male,1996,19.85016467498628
169,Central African Republic,2,Female,1996,16.37575012038546
169,Central African Republic,3,Both,1996,18.09529497925107
164,Nepal,1,Male,2004,46.83726082025335
164,Nepal,2,Female,2004,45.40167834956888
164,Nepal,3,Both,2004,46.11533603894025
136,Paraguay,1,Male,2002,36.528722134647126
136,Paraguay,2,Female,2002,30.0697970144604
136,Paraguay,3,Both,2002,33.33030976018857
185,Rwanda,1,Male,1995,20.63404943755355
185,Rwanda,2,Female,1995,17.698803334401088
185,Rwanda,3,Both,1995,19.07748396113713
385,Puerto Rico,1,Male,2004,18.02940465861282
385,Puerto Rico,2,Female,2004,13.133158110154511
385,Puerto Rico,3,Both,2004,15.48852970839532
164,Nepal,1,Male,1990,51.63661034052457
164,Nepal,2,Female,1990,50.620988665224495
164,Nepal,3,Both,1990,51.13014451757635
211,Mali,1,Male,2001,24.41336437311637
211,Mali,2,Female,2001,22.453200248678
211,Mali,3,Both,2001,23.42572842733647
298,American Samoa,1,Male,2021,38.38225031206287
298,American Samoa,2,Female,2021,32.54844911098583
298,American Samoa,3,Both,2021,35.53219846982212
165,Pakistan,1,Male,1999,46.86814743329965
165,Pakistan,2,Female,1999,40.010873633708485
165,Pakistan,3,Both,1999,43.57928783335137
169,Central African Republic,1,Male,2008,15.822323894242828
169,Central African Republic,2,Female,2008,12.40961894153066
169,Central African Republic,3,Both,2008,14.10579696600938
173,Gabon,1,Male,2021,22.09300480532713
173,Gabon,2,Female,2021,18.80131958763375
173,Gabon,3,Both,2021,20.38548229481544
113,Guyana,1,Male,1997,26.834534015031707
113,Guyana,2,Female,1997,22.403802538345698
113,Guyana,3,Both,1997,24.61091154220014
173,Gabon,1,Male,1996,23.450581029361388
173,Gabon,2,Female,1996,19.530438744814848
173,Gabon,3,Both,1996,21.46860487663019
165,Pakistan,1,Male,2005,43.6267622115955
165,Pakistan,2,Female,2005,36.636323140330326
165,Pakistan,3,Both,2005,40.25251549172283
140,Bahrain,1,Male,1996,33.56272957087415
140,Bahrain,2,Female,1996,23.61981091507092
140,Bahrain,3,Both,1996,29.313667542280957
416,Tuvalu,1,Male,2004,42.56443284506997
416,Tuvalu,2,Female,2004,38.39413634601318
416,Tuvalu,3,Both,2004,40.48154795008903
194,Lesotho,1,Male,1998,30.51247069520176
194,Lesotho,2,Female,1998,22.77491940963638
194,Lesotho,3,Both,1998,26.365766383545097
176,Comoros,1,Male,2001,29.58115442936252
176,Comoros,2,Female,2001,24.9860801110079
176,Comoros,3,Both,2001,27.265491030822
215,Sao Tome and Principe,1,Male,1998,9.34498146872598
215,Sao Tome and Principe,2,Female,1998,6.61164637815044
215,Sao Tome and Principe,3,Both,1998,7.96388818215505
198,Zimbabwe,1,Male,2009,28.33183361272129
198,Zimbabwe,2,Female,2009,23.02198574015952
198,Zimbabwe,3,Both,2009,25.589422237229808
168,Angola,1,Male,1993,17.40060827363363
168,Angola,2,Female,1993,13.363680620879128
168,Angola,3,Both,1993,15.38429265549843
215,Sao Tome and Principe,1,Male,2007,8.784070774280869
215,Sao Tome and Principe,2,Female,2007,6.08740486650678
215,Sao Tome and Principe,3,Both,2007,7.42664148183782
210,Liberia,1,Male,2003,17.31700044397207
210,Liberia,2,Female,2003,14.419887983721
210,Liberia,3,Both,2003,15.864698387986731
435,South Sudan,1,Male,2004,21.750274860896653
435,South Sudan,2,Female,2004,19.39971964160356
435,South Sudan,3,Both,2004,20.62187912717917
190,Uganda,1,Male,2006,20.38871430152612
190,Uganda,2,Female,2006,19.27351980042806
190,Uganda,3,Both,2006,19.81953116784154
215,Sao Tome and Principe,1,Male,2001,9.1775639551792
215,Sao Tome and Principe,2,Female,2001,6.51944914892066
215,Sao Tome and Principe,3,Both,2001,7.835073454369371
177,Djibouti,1,Male,2021,37.4271457869036
177,Djibouti,2,Female,2021,34.02305934712263
177,Djibouti,3,Both,2021,35.85812968103527
168,Angola,1,Male,1990,17.86339520684554
168,Angola,2,Female,1990,13.96575108849493
168,Angola,3,Both,1990,15.930871041953152
60,Lithuania,1,Male,2021,35.96678305905845
60,Lithuania,2,Female,2021,18.84065209165758
60,Lithuania,3,Both,2021,26.73121002651822
117,Saint Vincent and the Grenadines,1,Male,1997,23.01255693666569
117,Saint Vincent and the Grenadines,2,Female,1997,18.31412316750151
117,Saint Vincent and the Grenadines,3,Both,1997,20.68137168871893
177,Djibouti,1,Male,1996,40.43122608458078
177,Djibouti,2,Female,1996,37.90733700784063
177,Djibouti,3,Both,1996,39.23974136410841
141,Egypt,1,Male,2002,46.83791586052445
141,Egypt,2,Female,2002,34.82923577120183
141,Egypt,3,Both,2002,40.96957337846274
351,Guam,1,Male,2021,31.538446298007088
351,Guam,2,Female,2021,22.1697696393006
351,Guam,3,Both,2021,26.91497066955782
169,Central African Republic,1,Male,1999,18.75825730617159
169,Central African Republic,2,Female,1999,15.14745399691439
169,Central African Republic,3,Both,1999,16.939352909574477
203,Cabo Verde,1,Male,2010,17.58865984231566
203,Cabo Verde,2,Female,2010,12.296502322750207
203,Cabo Verde,3,Both,2010,14.920547034630513
172,Equatorial Guinea,1,Male,1990,34.50860909754291
172,Equatorial Guinea,2,Female,1990,31.84019377902649
172,Equatorial Guinea,3,Both,1990,33.12505833842967
121,Bolivia (Plurinational State of),1,Male,1997,20.07222347925576
121,Bolivia (Plurinational State of),2,Female,1997,17.22430265568879
121,Bolivia (Plurinational State of),3,Both,1997,18.63857503339343
14,Maldives,1,Male,2021,38.91887246242789
14,Maldives,2,Female,2021,33.73399770338349
14,Maldives,3,Both,2021,36.92884284451497
8,Taiwan (Province of China),1,Male,2000,47.31505564198643
8,Taiwan (Province of China),2,Female,2000,31.964325377674665
8,Taiwan (Province of China),3,Both,2000,39.81507944106909
145,Kuwait,1,Male,2002,41.85712205727538
145,Kuwait,2,Female,2002,36.33654145153539
145,Kuwait,3,Both,2002,39.63590033911379
8,Taiwan (Province of China),1,Male,1995,49.37122566369883
8,Taiwan (Province of China),2,Female,1995,35.5067402023626
8,Taiwan (Province of China),3,Both,1995,42.64060310047387
369,Nauru,1,Male,2021,45.73827444671614
369,Nauru,2,Female,2021,43.70121692613308
369,Nauru,3,Both,2021,44.72843780107884
173,Gabon,1,Male,1999,23.65216716263001
173,Gabon,2,Female,1999,20.08616213234343
173,Gabon,3,Both,1999,21.845985427636087
169,Central African Republic,1,Male,2005,16.4145182251242
169,Central African Republic,2,Female,2005,12.89104286593714
169,Central African Republic,3,Both,2005,14.64416234572535
8,Taiwan (Province of China),1,Male,1997,48.62231003942481
8,Taiwan (Province of China),2,Female,1997,34.178828441155915
8,Taiwan (Province of China),3,Both,1997,41.59397624969883
197,Eswatini,1,Male,1990,22.411832695035848
197,Eswatini,2,Female,1990,20.40398608859787
197,Eswatini,3,Both,1990,21.358049060285563
13,Malaysia,1,Male,2008,41.44934996964475
13,Malaysia,2,Female,2008,33.89947588926359
13,Malaysia,3,Both,2008,37.78017345929476
168,Angola,1,Male,2004,16.64172108440028
168,Angola,2,Female,2004,11.93802463763636
168,Angola,3,Both,2004,14.24087246870852
8,Taiwan (Province of China),1,Male,1998,48.21550573648174
8,Taiwan (Province of China),2,Female,1998,33.47944487967433
8,Taiwan (Province of China),3,Both,1998,41.03530032190599
207,Ghana,1,Male,2010,11.33986116928974
207,Ghana,2,Female,2010,9.0266143369478
207,Ghana,3,Both,2010,10.15991609835894
206,Gambia,1,Male,1992,34.10547069807865
206,Gambia,2,Female,1992,34.61582821380197
206,Gambia,3,Both,1992,34.36034979775068
107,Barbados,1,Male,2010,13.8634989535387
107,Barbados,2,Female,2010,8.2612725616525
107,Barbados,3,Both,2010,10.954550813571611
125,Colombia,1,Male,1997,27.040301595332423
125,Colombia,2,Female,1997,22.40645502525033
125,Colombia,3,Both,1997,24.686498235972508
182,Malawi,1,Male,1993,22.615847459463858
182,Malawi,2,Female,1993,19.20398559794245
182,Malawi,3,Both,1993,20.89173113710486
14,Maldives,1,Male,2004,46.28167320802235
14,Maldives,2,Female,2004,38.82711885310824
14,Maldives,3,Both,2004,42.59166156163395
349,Greenland,1,Male,2004,47.33223850998599
349,Greenland,2,Female,2004,52.92553969458436
349,Greenland,3,Both,2004,49.94244949838928
144,Jordan,1,Male,2007,53.55720731916092
144,Jordan,2,Female,2007,47.23155321546875
144,Jordan,3,Both,2007,50.523368537805446
18,Thailand,1,Male,1995,42.3994165785575
18,Thailand,2,Female,1995,34.43328043883924
18,Thailand,3,Both,1995,38.36966487007235
385,Puerto Rico,1,Male,2021,16.728142908076073
385,Puerto Rico,2,Female,2021,10.73754922244515
385,Puerto Rico,3,Both,2021,13.581802189223447
349,Greenland,1,Male,1995,49.882547633060845
349,Greenland,2,Female,1995,54.62646520949842
349,Greenland,3,Both,1995,52.09708145777724
18,Thailand,1,Male,2021,31.04500819023065
18,Thailand,2,Female,2021,16.31511197473694
18,Thailand,3,Both,2021,23.425557833065767
176,Comoros,1,Male,1990,29.74738681561374
176,Comoros,2,Female,1990,25.91155575221128
176,Comoros,3,Both,1990,27.815234256921823
182,Malawi,1,Male,1996,22.79827792130777
182,Malawi,2,Female,1996,19.48992479704539
182,Malawi,3,Both,1996,21.11182153091917
190,Uganda,1,Male,1995,20.558290425213748
190,Uganda,2,Female,1995,19.60153984376813
190,Uganda,3,Both,1995,20.07038503319439
68,Republic of Korea,1,Male,2021,35.65592447208702
68,Republic of Korea,2,Female,2021,15.773981921530918
68,Republic of Korea,3,Both,2021,25.752524840643947
129,Honduras,1,Male,1997,29.71201606672535
129,Honduras,2,Female,1997,26.02545310227209
129,Honduras,3,Both,1997,27.8554708338959
107,Barbados,1,Male,1999,17.010714176098908
107,Barbados,2,Female,1999,10.73981731774161
107,Barbados,3,Both,1999,13.75248280325024
202,Cameroon,1,Male,2009,17.89055997476537
202,Cameroon,2,Female,2009,15.23320241910538
202,Cameroon,3,Both,2009,16.55338288556012
198,Zimbabwe,1,Male,1998,29.19944429608944
198,Zimbabwe,2,Female,1998,23.68208411195973
198,Zimbabwe,3,Both,1998,26.36669987503025
194,Lesotho,1,Male,2006,33.3530581787632
194,Lesotho,2,Female,2006,26.217138774731858
194,Lesotho,3,Both,2006,29.57517550646146
214,Nigeria,1,Male,2003,11.635975562814693
214,Nigeria,2,Female,2003,9.86599998994798
214,Nigeria,3,Both,2003,10.76371873769761
201,Burkina Faso,1,Male,1990,25.737487814885853
201,Burkina Faso,2,Female,1990,23.30942225918266
201,Burkina Faso,3,Both,1990,24.48388073146557
62,Russian Federation,1,Male,2021,48.070500430717225
62,Russian Federation,2,Female,2021,23.521766396514774
62,Russian Federation,3,Both,2021,34.952584234681275
172,Equatorial Guinea,1,Male,1993,34.84425760142239
172,Equatorial Guinea,2,Female,1993,31.49948724496298
172,Equatorial Guinea,3,Both,1993,33.11484706660625
416,Tuvalu,1,Male,2021,41.01583717406536
416,Tuvalu,2,Female,2021,39.66914119443495
416,Tuvalu,3,Both,2021,40.37055830424264
435,South Sudan,1,Male,2021,20.99582919123104
435,South Sudan,2,Female,2021,16.38169780715728
435,South Sudan,3,Both,2021,18.695670217784592
72,New Zealand,1,Male,2021,27.49467317075831
72,New Zealand,2,Female,2021,22.22649339628755
72,New Zealand,3,Both,2021,24.857408685773468
16,Philippines,1,Male,2008,45.6379462494069
16,Philippines,2,Female,2008,38.55158889885739
16,Philippines,3,Both,2008,42.14073963366764
144,Jordan,1,Male,1996,55.462545922029285
144,Jordan,2,Female,1996,50.60575731128192
144,Jordan,3,Both,1996,53.13694317550105
172,Equatorial Guinea,1,Male,2004,34.58856446719545
172,Equatorial Guinea,2,Female,2004,30.085789768247174
172,Equatorial Guinea,3,Both,2004,32.35565945932456
111,Dominican Republic,1,Male,2010,21.50501791777945
111,Dominican Republic,2,Female,2010,18.23685948458282
111,Dominican Republic,3,Both,2010,19.87855573853037
205,Côte d'Ivoire,1,Male,1990,24.92508594670927
205,Côte d'Ivoire,2,Female,1990,22.38821525843673
205,Côte d'Ivoire,3,Both,1990,23.6855888822114
202,Cameroon,1,Male,1998,22.03674082766352
202,Cameroon,2,Female,1998,19.0824836844143
202,Cameroon,3,Both,1998,20.54013259489215
210,Liberia,1,Male,1992,17.02247022638264
210,Liberia,2,Female,1992,14.09048715019118
210,Liberia,3,Both,1992,15.525132983144047
148,Morocco,1,Male,2007,34.47966560118275
148,Morocco,2,Female,2007,25.55321260479585
148,Morocco,3,Both,2007,29.977441707580788
194,Lesotho,1,Male,1995,30.698142152503028
194,Lesotho,2,Female,1995,23.2353591821986
194,Lesotho,3,Both,1995,26.68129117104972
111,Dominican Republic,1,Male,1999,25.0124477287738
111,Dominican Republic,2,Female,1999,22.116372520593316
111,Dominican Republic,3,Both,1999,23.54823248332412
66,Brunei Darussalam,1,Male,2021,31.74720300957962
66,Brunei Darussalam,2,Female,2021,19.40262161145182
66,Brunei Darussalam,3,Both,2021,25.915697910051883
218,Togo,1,Male,2003,21.63816612336259
218,Togo,2,Female,2003,17.51847062808653
218,Togo,3,Both,2003,19.532158000578807
206,Gambia,1,Male,2009,30.51256254293772
206,Gambia,2,Female,2009,26.65712341336586
206,Gambia,3,Both,2009,28.55349297528068
176,Comoros,1,Male,1993,29.792596275514587
176,Comoros,2,Female,1993,25.76405030839216
176,Comoros,3,Both,1993,27.76123920462137
176,Comoros,1,Male,2004,29.008815728717902
176,Comoros,2,Female,2004,24.36693396067414
176,Comoros,3,Both,2004,26.672045030946705
198,Zimbabwe,1,Male,2006,28.92326255794729
198,Zimbabwe,2,Female,2006,23.72560427562443
198,Zimbabwe,3,Both,2006,26.241479231770548
181,Madagascar,1,Male,2001,28.94571961705088
181,Madagascar,2,Female,2001,28.092862176011774
181,Madagascar,3,Both,2001,28.51652723787439
115,Jamaica,1,Male,2010,24.42222794499938
115,Jamaica,2,Female,2010,17.83549737915571
115,Jamaica,3,Both,2010,21.09669784729897
152,Saudi Arabia,1,Male,2007,35.48304941516532
152,Saudi Arabia,2,Female,2007,25.80652554505717
152,Saudi Arabia,3,Both,2007,31.24026628784749
522,Sudan,1,Male,1997,33.61091824990357
522,Sudan,2,Female,1997,25.389703167262063
522,Sudan,3,Both,1997,29.543507229591786
148,Morocco,1,Male,1996,40.35129230737516
148,Morocco,2,Female,1996,32.02617148305647
148,Morocco,3,Both,1996,36.15993905611017
522,Sudan,1,Male,2021,29.96565871011485
522,Sudan,2,Female,2021,21.07898599606915
522,Sudan,3,Both,2021,25.59350393265784
214,Nigeria,1,Male,1992,12.336851633761327
214,Nigeria,2,Female,1992,10.97456220840255
214,Nigeria,3,Both,1992,11.65767907337028
209,Guinea-Bissau,1,Male,1990,11.45528243787704
209,Guinea-Bissau,2,Female,1990,8.73274898284177
209,Guinea-Bissau,3,Both,1990,10.05158325092818
206,Gambia,1,Male,1998,33.78229478533404
206,Gambia,2,Female,1998,31.89415259128357
206,Gambia,3,Both,1998,32.83442160864311
210,Liberia,1,Male,2009,16.112482767054352
210,Liberia,2,Female,2009,13.2625854485938
210,Liberia,3,Both,2009,14.69609459684396
152,Saudi Arabia,1,Male,1996,36.19031405503409
152,Saudi Arabia,2,Female,1996,25.9937776788786
152,Saudi Arabia,3,Both,1996,31.683894508983
156,United Arab Emirates,1,Male,2007,34.42918891026436
156,United Arab Emirates,2,Female,2007,31.36741940625633
156,United Arab Emirates,3,Both,2007,33.5378991490902
115,Jamaica,1,Male,1999,30.63140840034094
115,Jamaica,2,Female,1999,24.56742218149551
115,Jamaica,3,Both,1999,27.550714675278897
210,Liberia,1,Male,1998,17.44617960831172
210,Liberia,2,Female,1998,14.17790385061867
210,Liberia,3,Both,1998,15.79406996675137
202,Cameroon,1,Male,2006,19.19232230489771
202,Cameroon,2,Female,2006,16.52558831539326
202,Cameroon,3,Both,2006,17.8478440718401
119,Trinidad and Tobago,1,Male,2010,27.32210465664884
119,Trinidad and Tobago,2,Female,2010,21.50439156469747
119,Trinidad and Tobago,3,Both,2010,24.42656271273333
214,Nigeria,1,Male,2009,10.56999051824682
214,Nigeria,2,Female,2009,8.65440104558818
214,Nigeria,3,Both,2009,9.6108837188259
181,Madagascar,1,Male,1993,34.94926786078505
181,Madagascar,2,Female,1993,36.49389682956453
181,Madagascar,3,Both,1993,35.72416167511175
185,Rwanda,1,Male,2001,19.54726072720261
185,Rwanda,2,Female,2001,16.30532465486299
185,Rwanda,3,Both,2001,17.85390417828977
218,Togo,1,Male,1992,23.87006490074806
218,Togo,2,Female,1992,20.18757267807828
218,Togo,3,Both,1992,21.9834338745155
123,Peru,1,Male,2010,15.29374773773157
123,Peru,2,Female,2010,10.57439387165414
123,Peru,3,Both,2010,12.942271657347227
74,Andorra,1,Male,2021,34.62971310310909
74,Andorra,2,Female,2021,26.31298955472492
74,Andorra,3,Both,2021,30.59105970639783
119,Trinidad and Tobago,1,Male,1999,31.305108480567327
119,Trinidad and Tobago,2,Female,1999,25.5108150980483
119,Trinidad and Tobago,3,Both,1999,28.41877618828763
156,United Arab Emirates,1,Male,1996,33.907283178382066
156,United Arab Emirates,2,Female,1996,29.951711312218087
156,United Arab Emirates,3,Both,1996,32.59247910738541
522,Sudan,1,Male,2005,32.00259566057383
522,Sudan,2,Female,2005,24.06090877904208
522,Sudan,3,Both,2005,28.08119617157933
185,Rwanda,1,Male,1993,21.75782660151519
185,Rwanda,2,Female,1993,18.580987965547948
185,Rwanda,3,Both,1993,20.143617952816
206,Gambia,1,Male,2006,31.980188816588417
206,Gambia,2,Female,2006,28.30994529751833
206,Gambia,3,Both,2006,30.11669833717893
198,Zimbabwe,1,Male,1995,29.40937303667674
198,Zimbabwe,2,Female,1995,24.18568931589962
198,Zimbabwe,3,Both,1995,26.736531020771796
218,Togo,1,Male,2009,19.53070333787467
218,Togo,2,Female,2009,15.5651049292798
218,Togo,3,Both,2009,17.50546152053946
214,Nigeria,1,Male,1998,12.04431854478662
214,Nigeria,2,Female,1998,10.43985367331055
214,Nigeria,3,Both,1998,11.251603913536233
522,Sudan,1,Male,2000,33.23786979284499
522,Sudan,2,Female,2000,25.173409420111348
522,Sudan,3,Both,2000,29.25396724396745
213,Niger,1,Male,1990,17.71245151677144
213,Niger,2,Female,1990,15.57329273259271
213,Niger,3,Both,1990,16.6345706174299
160,Afghanistan,1,Male,2007,24.96090494461894
160,Afghanistan,2,Female,2007,19.56688329562216
160,Afghanistan,3,Both,2007,22.30163107394613
78,Denmark,1,Male,2021,32.13777577455188
78,Denmark,2,Female,2021,26.31883583621128
78,Denmark,3,Both,2021,29.21748162066475
127,El Salvador,1,Male,2010,17.78171200123105
127,El Salvador,2,Female,2010,12.806685417021372
127,El Salvador,3,Both,2010,15.16041194085733
190,Uganda,1,Male,2001,22.06508003389254
190,Uganda,2,Female,2001,21.30098599299747
190,Uganda,3,Both,2001,21.67451703567223
160,Afghanistan,1,Male,1996,23.51379154255999
160,Afghanistan,2,Female,1996,15.23212902665436
160,Afghanistan,3,Both,1996,19.379770315445946
190,Uganda,1,Male,1993,19.81076415113005
190,Uganda,2,Female,1993,18.69146109413401
190,Uganda,3,Both,1993,19.240840165378888
210,Liberia,1,Male,2006,16.799765399435252
210,Liberia,2,Female,2006,13.96850551250061
210,Liberia,3,Both,2006,15.3831614614252
123,Peru,1,Male,1999,20.86219410924372
123,Peru,2,Female,1999,17.0675922571466
123,Peru,3,Both,1999,18.96017478439595
218,Togo,1,Male,1998,22.99135208047099
218,Togo,2,Female,1998,18.76778784193077
218,Togo,3,Both,1998,20.82895365528933
181,Madagascar,1,Male,2004,26.7998068701592
181,Madagascar,2,Female,2004,25.568262094933957
181,Madagascar,3,Both,2004,26.17930667564575
320,Cook Islands,1,Male,2003,38.81475339046323
320,Cook Islands,2,Female,2003,33.54330470904733
320,Cook Islands,3,Both,2003,36.25714073110926
202,Cameroon,1,Male,1995,22.64556520966556
202,Cameroon,2,Female,1995,19.7629623275749
202,Cameroon,3,Both,1995,21.18405506871468
131,Nicaragua,1,Male,2010,26.65983951311712
131,Nicaragua,2,Female,2010,24.97594272941477
131,Nicaragua,3,Both,2010,25.80742312955936
194,Lesotho,1,Male,2001,30.956971235212887
194,Lesotho,2,Female,2001,23.35522885879128
194,Lesotho,3,Both,2001,26.898632123005388
194,Lesotho,1,Male,1993,31.05372474279123
194,Lesotho,2,Female,1993,23.90696625826978
194,Lesotho,3,Both,1993,27.18928388550756
82,Greece,1,Male,2021,45.80474446002853
82,Greece,2,Female,2021,32.72076639434334
82,Greece,3,Both,2021,39.07557115485185
214,Nigeria,1,Male,2006,11.18429510365827
214,Nigeria,2,Female,2006,9.32118161075042
214,Nigeria,3,Both,2006,10.261481769798973
127,El Salvador,1,Male,1999,16.00251314538529
127,El Salvador,2,Female,1999,11.67786885366315
127,El Salvador,3,Both,1999,13.75650124849744
22,Fiji,1,Male,2021,31.20426244569095
22,Fiji,2,Female,2021,26.076662658804977
22,Fiji,3,Both,2021,28.6736483062996
164,Nepal,1,Male,2007,42.87869590337573
164,Nepal,2,Female,2007,40.2442142663753
164,Nepal,3,Both,2007,41.54187147964229
131,Nicaragua,1,Male,1999,29.88456591802497
131,Nicaragua,2,Female,1999,28.03530368605288
131,Nicaragua,3,Both,1999,28.947529677616902
367,Monaco,1,Male,2004,37.6280516191947
367,Monaco,2,Female,2004,27.8780274041525
367,Monaco,3,Both,2004,32.638910986478606
86,Italy,1,Male,2021,30.28386007544653
86,Italy,2,Female,2021,22.13175524082647
86,Italy,3,Both,2021,26.101373077714552
218,Togo,1,Male,2006,20.63030635010481
218,Togo,2,Female,2006,16.67036481735786
218,Togo,3,Both,2006,18.60709401231314
206,Gambia,1,Male,1995,34.05045666632875
206,Gambia,2,Female,1995,33.52054436587546
206,Gambia,3,Both,1995,33.78559722060149
177,Djibouti,1,Male,1999,40.72029507885518
177,Djibouti,2,Female,1999,37.57876451310615
177,Djibouti,3,Both,1999,39.247649527736975
186,Seychelles,1,Male,1993,41.88553199260164
186,Seychelles,2,Female,1993,31.93949178467491
186,Seychelles,3,Both,1993,36.907114079792194
367,Monaco,1,Male,1995,40.61716190188368
367,Monaco,2,Female,1995,30.18007766333475
367,Monaco,3,Both,1995,35.211998992507795
211,Mali,1,Male,2010,25.17163952202969
211,Mali,2,Female,2010,23.71914549543214
211,Mali,3,Both,2010,24.4413169303491
186,Seychelles,1,Male,1996,41.40246520631471
186,Seychelles,2,Female,1996,30.57554058137052
186,Seychelles,3,Both,1996,35.96642870561416
173,Gabon,1,Male,2005,23.156582519488108
173,Gabon,2,Female,2005,20.06724692845595
173,Gabon,3,Both,2005,21.58395614072812
149,Palestine,1,Male,2002,50.33145181822133
149,Palestine,2,Female,2002,43.07350280433188
149,Palestine,3,Both,2002,46.76969168811508
16,Philippines,1,Male,2005,47.82949500358204
16,Philippines,2,Female,2005,40.95558611525253
16,Philippines,3,Both,2005,44.4358770541966
26,Papua New Guinea,1,Male,2021,43.78247192364947
26,Papua New Guinea,2,Female,2021,45.910738277822496
26,Papua New Guinea,3,Both,2021,44.80701867807391
181,Madagascar,1,Male,1990,35.97738763372038
181,Madagascar,2,Female,1990,38.44878592507041
181,Madagascar,3,Both,1990,37.21568166872736
380,Palau,1,Male,2004,29.40774926832084
380,Palau,2,Female,2004,22.3553991054474
380,Palau,3,Both,2004,26.21502732992964
349,Greenland,1,Male,1998,48.94871268049917
349,Greenland,2,Female,1998,53.75477133472061
349,Greenland,3,Both,1998,51.19288410456245
215,Sao Tome and Principe,1,Male,2010,8.56173315457504
215,Sao Tome and Principe,2,Female,2010,5.81000568004727
215,Sao Tome and Principe,3,Both,2010,7.17977339192684
182,Malawi,1,Male,2021,21.00013752190741
182,Malawi,2,Female,2021,16.75946374114248
182,Malawi,3,Both,2021,18.82510814906588
380,Palau,1,Male,1995,31.6448800543726
380,Palau,2,Female,1995,23.68479177128327
380,Palau,3,Both,1995,27.73547140735996
349,Greenland,1,Male,2007,46.33288466075154
349,Greenland,2,Female,2007,52.02155042983964
349,Greenland,3,Both,2007,49.008627357783865
10,Cambodia,1,Male,2007,49.55427396523141
10,Cambodia,2,Female,2007,38.17727529296508
10,Cambodia,3,Both,2007,43.71850733466585
191,Zambia,1,Male,1996,27.48026163560235
191,Zambia,2,Female,1996,25.88050635043472
191,Zambia,3,Both,1996,26.668042961502596
23,Kiribati,1,Male,2013,56.62514870352094
23,Kiribati,2,Female,2013,59.46868119209899
23,Kiribati,3,Both,2013,58.06740673679624
11,Indonesia,1,Male,2003,45.03528292014356
11,Indonesia,2,Female,2003,41.0411631243165
11,Indonesia,3,Both,2003,43.04125542820737
191,Zambia,1,Male,1993,27.95857185066573
191,Zambia,2,Female,1993,26.250425068481032
191,Zambia,3,Both,1993,27.090468044801145
10,Cambodia,1,Male,2004,51.75570399311547
10,Cambodia,2,Female,2004,40.90872720019222
10,Cambodia,3,Both,2004,46.18256721867205
11,Indonesia,1,Male,2006,45.00055138515509
11,Indonesia,2,Female,2006,39.958312142979416
11,Indonesia,3,Both,2006,42.489650574361896
177,Djibouti,1,Male,2005,42.17333831018801
177,Djibouti,2,Female,2005,39.34061446760307
177,Djibouti,3,Both,2005,40.85661917142293
30,Vanuatu,1,Male,2021,27.439135705110928
30,Vanuatu,2,Female,2021,21.71169250960951
30,Vanuatu,3,Both,2021,24.602988567170588
15,Myanmar,1,Male,2003,42.06207151330259
15,Myanmar,2,Female,2003,36.79319050178728
15,Myanmar,3,Both,2003,39.347753258407145
15,Myanmar,1,Male,2006,39.73065820052973
15,Myanmar,2,Female,2006,34.06154104413654
15,Myanmar,3,Both,2006,36.8054604666492
185,Rwanda,1,Male,2004,19.98422713541195
185,Rwanda,2,Female,2004,16.53442028743043
185,Rwanda,3,Both,2004,18.19297552433018
19,Timor-Leste,1,Male,2003,48.122032354059954
19,Timor-Leste,2,Female,2003,48.07002659751396
19,Timor-Leste,3,Both,2003,48.09649657779121
19,Timor-Leste,1,Male,2006,48.55663086757376
19,Timor-Leste,2,Female,2006,49.01584299854189
19,Timor-Leste,3,Both,2006,48.78182810765437
153,Syrian Arab Republic,1,Male,2002,50.412592572803206
153,Syrian Arab Republic,2,Female,2002,44.94579776495258
153,Syrian Arab Republic,3,Both,2002,47.75023662571998
23,Kiribati,1,Male,2003,59.487083534190255
23,Kiribati,2,Female,2003,63.49006123238669
23,Kiribati,3,Both,2003,61.51237824389722
182,Malawi,1,Male,1999,22.91595603998881
182,Malawi,2,Female,1999,19.7632309081646
182,Malawi,3,Both,1999,21.3103786361872
23,Kiribati,1,Male,2006,58.92175477809041
23,Kiribati,2,Female,2006,63.0721446632237
23,Kiribati,3,Both,2006,61.018023446492585
413,Tokelau,1,Male,2004,38.30781373805803
413,Tokelau,2,Female,2004,30.41830066071304
413,Tokelau,3,Both,2004,34.40697643163398
413,Tokelau,1,Male,1995,40.08282808057176
413,Tokelau,2,Female,1995,33.07359399840976
413,Tokelau,3,Both,1995,36.56835799855033
185,Rwanda,1,Male,1990,22.03821477077966
185,Rwanda,2,Female,1990,18.8019978505959
185,Rwanda,3,Both,1990,20.3805691106169
195,Namibia,1,Male,1993,36.82087827597715
195,Namibia,2,Female,1993,34.62377605399468
195,Namibia,3,Both,1993,35.69504788695559
195,Namibia,1,Male,1996,35.93725261927308
195,Namibia,2,Female,1996,33.354488647355126
195,Namibia,3,Both,1996,34.61209067881333
367,Monaco,1,Male,2007,36.56040579123109
367,Monaco,2,Female,2007,27.0379990911116
367,Monaco,3,Both,2007,31.69067599064973
367,Monaco,1,Male,1998,39.669740303852805
367,Monaco,2,Female,1998,29.43900507280621
367,Monaco,3,Both,1998,34.40202294947227
186,Seychelles,1,Male,2021,36.04411004506749
186,Seychelles,2,Female,2021,22.82529551235808
186,Seychelles,3,Both,2021,29.79174373328608
34,Azerbaijan,1,Male,2021,49.17883865130924
34,Azerbaijan,2,Female,2021,29.577172551619928
34,Azerbaijan,3,Both,2021,39.39771164769186
168,Angola,1,Male,2007,17.0758581080288
168,Angola,2,Female,2007,12.31680147635163
168,Angola,3,Both,2007,14.63823919704676
210,Liberia,1,Male,1995,17.17177758879044
210,Liberia,2,Female,1995,13.990288051556652
210,Liberia,3,Both,1995,15.54932428449074
27,Samoa,1,Male,2003,45.93329083598473
27,Samoa,2,Female,2003,42.194581216958646
27,Samoa,3,Both,2003,44.13786435611245
349,Greenland,1,Male,2001,48.07052633534536
349,Greenland,2,Female,2001,53.11588288678524
349,Greenland,3,Both,2001,50.422750644032064
157,Yemen,1,Male,2002,45.901510645612085
157,Yemen,2,Female,2002,38.00434172298175
157,Yemen,3,Both,2002,42.03873282436574
27,Samoa,1,Male,2006,44.77022500918602
27,Samoa,2,Female,2006,40.43969454548164
27,Samoa,3,Both,2006,42.68550198288379
164,Nepal,1,Male,1996,51.93155500666101
164,Nepal,2,Female,1996,50.96773402820652
164,Nepal,3,Both,1996,51.45089498096856
186,Seychelles,1,Male,1999,40.50304321515617
186,Seychelles,2,Female,1999,29.05659904634343
186,Seychelles,3,Both,1999,34.76460660683584
90,Norway,1,Male,2021,27.91627342177817
90,Norway,2,Female,2021,20.315172973140392
90,Norway,3,Both,2021,24.154386060163908
135,Brazil,1,Male,2010,29.84023681943665
135,Brazil,2,Female,2010,23.98010833699525
135,Brazil,3,Both,2010,26.85624255722877
191,Zambia,1,Male,2021,23.918712879298575
191,Zambia,2,Female,2021,21.27206786596862
191,Zambia,3,Both,2021,22.58263864897836
320,Cook Islands,1,Male,2009,35.62717594625819
320,Cook Islands,2,Female,2009,28.80797378011472
320,Cook Islands,3,Both,2009,32.23212086391065
376,Northern Mariana Islands,1,Male,2003,38.59336731833799
376,Northern Mariana Islands,2,Female,2003,35.93189613802092
376,Northern Mariana Islands,3,Both,2003,37.25434408564742
135,Brazil,1,Male,1999,41.05594942356877
135,Brazil,2,Female,1999,37.32271089055102
135,Brazil,3,Both,1999,39.163206336795234
198,Zimbabwe,1,Male,2001,29.288814544697487
198,Zimbabwe,2,Female,2001,23.868362374625
198,Zimbabwe,3,Both,2001,26.49848391247332
320,Cook Islands,1,Male,1992,41.26493247177736
320,Cook Islands,2,Female,1992,36.30546290658657
320,Cook Islands,3,Both,1992,38.8792466228455
190,Uganda,1,Male,1990,18.89468332688268
190,Uganda,2,Female,1990,17.591242114477428
190,Uganda,3,Both,1990,18.23307739990113
380,Palau,1,Male,1998,30.75471894325737
380,Palau,2,Female,1998,23.61642196293827
380,Palau,3,Both,1998,27.42694550605887
380,Palau,1,Male,2007,28.54632830501942
380,Palau,2,Female,2007,20.949684684249608
380,Palau,3,Both,2007,25.02834725313846
7,Democratic People's Republic of Korea,1,Male,2012,45.44751703353193
7,Democratic People's Republic of Korea,2,Female,2012,29.88968747957501
7,Democratic People's Republic of Korea,3,Both,2012,37.53207805362861
190,Uganda,1,Male,2004,21.3470686965303
190,Uganda,2,Female,2004,20.37795004480048
190,Uganda,3,Both,2004,20.8520289356978
38,Mongolia,1,Male,2021,44.12216963185461
38,Mongolia,2,Female,2021,35.49245030020999
38,Mongolia,3,Both,2021,39.7522216482793
367,Monaco,1,Male,2001,38.72114701773365
367,Monaco,2,Female,2001,28.738790052264218
367,Monaco,3,Both,2001,33.60243526813556
161,Bangladesh,1,Male,2002,43.11768521424565
161,Bangladesh,2,Female,2002,38.62454486797517
161,Bangladesh,3,Both,2002,40.93283705410869
413,Tokelau,1,Male,1998,39.86070585112783
413,Tokelau,2,Female,1998,32.37085572447381
413,Tokelau,3,Both,1998,36.095881420531775
172,Equatorial Guinea,1,Male,2007,34.31357550744168
172,Equatorial Guinea,2,Female,2007,30.25223961137047
172,Equatorial Guinea,3,Both,2007,32.334406364470944
191,Zambia,1,Male,1999,27.23778630143585
191,Zambia,2,Female,1999,25.45598752767164
191,Zambia,3,Both,1999,26.33414936573384
168,Angola,1,Male,1996,16.88659443542595
168,Angola,2,Female,1996,12.58496057021771
168,Angola,3,Both,1996,14.72318179476114
195,Namibia,1,Male,2021,26.741287212044863
195,Namibia,2,Female,2021,22.7998390550361
195,Namibia,3,Both,2021,24.70999114739945
413,Tokelau,1,Male,2007,36.93904537351283
413,Tokelau,2,Female,2007,28.99076416056216
413,Tokelau,3,Both,2007,33.03571525641429
214,Nigeria,1,Male,1995,12.20911270323211
214,Nigeria,2,Female,1995,10.71915302215219
214,Nigeria,3,Both,1995,11.469447881341202
320,Cook Islands,1,Male,1998,40.07613570221372
320,Cook Islands,2,Female,1998,35.40099478714285
320,Cook Islands,3,Both,1998,37.81688722434875
202,Cameroon,1,Male,2001,21.19200053911257
202,Cameroon,2,Female,2001,18.32644673362531
202,Cameroon,3,Both,2001,19.74248997571549
94,Switzerland,1,Male,2021,31.205989161278215
94,Switzerland,2,Female,2021,23.99863825939211
94,Switzerland,3,Both,2021,27.59329684513751
194,Lesotho,1,Male,1990,31.86666909135142
194,Lesotho,2,Female,1990,25.22571606344653
194,Lesotho,3,Both,1990,28.24360004716534
11,Indonesia,1,Male,1992,45.07275537391511
11,Indonesia,2,Female,1992,42.53930062109169
11,Indonesia,3,Both,1992,43.80335108716041
203,Cabo Verde,1,Male,1993,20.81851269817645
203,Cabo Verde,2,Female,1993,15.97659512086119
203,Cabo Verde,3,Both,1993,18.292578178771706
396,San Marino,1,Male,2003,36.561289539648975
396,San Marino,2,Female,2003,28.02842763561921
396,San Marino,3,Both,2003,32.16014023068944
35,Georgia,1,Male,2003,50.08950546270565
35,Georgia,2,Female,2003,28.73961987323653
35,Georgia,3,Both,2003,38.78897486267788
46,Croatia,1,Male,2021,43.826053699314485
46,Croatia,2,Female,2021,33.75860064313991
46,Croatia,3,Both,2021,38.64318685162672
380,Palau,1,Male,2001,30.06943943137944
380,Palau,2,Female,2001,23.34089260652738
380,Palau,3,Both,2001,27.05688764183808
35,Georgia,1,Male,2006,51.0292336843976
35,Georgia,2,Female,2006,29.29123472325508
35,Georgia,3,Both,2006,39.54616637327796
165,Pakistan,1,Male,2002,45.59526806305233
165,Pakistan,2,Female,2002,38.70086876530799
165,Pakistan,3,Both,2002,42.27782888045348
171,Democratic Republic of the Congo,1,Male,2012,19.413142073700808
171,Democratic Republic of the Congo,2,Female,2012,17.09069686001904
171,Democratic Republic of the Congo,3,Both,2012,18.25994618598302
194,Lesotho,1,Male,2004,32.25467710437382
194,Lesotho,2,Female,2004,24.75908413420385
194,Lesotho,3,Both,2004,28.269025818333336
176,Comoros,1,Male,2007,27.82948057012822
176,Comoros,2,Female,2007,23.26033536157842
176,Comoros,3,Both,2007,25.531699591805552
140,Bahrain,1,Male,2010,31.60256349977782
140,Bahrain,2,Female,2010,21.50950045454031
140,Bahrain,3,Both,2010,27.801891981569472
39,Tajikistan,1,Male,2003,35.43038259617266
39,Tajikistan,2,Female,2003,26.23196507571826
39,Tajikistan,3,Both,2003,30.85427310065899
140,Bahrain,1,Male,1999,32.70080300872417
140,Bahrain,2,Female,1999,22.50120457371476
140,Bahrain,3,Both,1999,28.337035060480236
376,Northern Mariana Islands,1,Male,1992,39.11013197024821
376,Northern Mariana Islands,2,Female,1992,39.37781824795351
376,Northern Mariana Islands,3,Both,1992,39.23989474647029
172,Equatorial Guinea,1,Male,1996,35.01471002745214
172,Equatorial Guinea,2,Female,1996,31.030858626497
172,Equatorial Guinea,3,Both,1996,32.96810551562458
50,Montenegro,1,Male,2021,53.95961176610166
50,Montenegro,2,Female,2021,42.97228457078036
50,Montenegro,3,Both,2021,48.39845030084269
39,Tajikistan,1,Male,2006,34.218976271409865
39,Tajikistan,2,Female,2006,25.27208862822292
39,Tajikistan,3,Both,2006,29.77980282483268
206,Gambia,1,Male,2001,33.33086085424839
206,Gambia,2,Female,2001,30.3271264687287
206,Gambia,3,Both,2001,31.81447382586532
218,Togo,1,Male,1995,23.51359588256873
218,Togo,2,Female,1995,19.47808483442543
218,Togo,3,Both,1995,21.44638475696389
376,Northern Mariana Islands,1,Male,2009,36.35452463827506
376,Northern Mariana Islands,2,Female,2009,29.68903901457781
376,Northern Mariana Islands,3,Both,2009,33.09354857226537
43,Albania,1,Male,2003,48.89889051936933
43,Albania,2,Female,2003,30.56601148374449
43,Albania,3,Both,2003,39.70438501703778
413,Tokelau,1,Male,2001,39.41027833332213
413,Tokelau,2,Female,2001,31.87711352207579
413,Tokelau,3,Both,2001,35.59143890115467
43,Albania,1,Male,2006,49.028633773698886
43,Albania,2,Female,2006,29.566657694126956
43,Albania,3,Both,2006,39.28185417177259
203,Cabo Verde,1,Male,2021,15.60398347877871
203,Cabo Verde,2,Female,2021,10.8692953983321
203,Cabo Verde,3,Both,2021,13.25754632806852
144,Jordan,1,Male,2010,53.31794385499639
144,Jordan,2,Female,2010,45.75984413910073
144,Jordan,3,Both,2010,49.71611065033906
47,Czechia,1,Male,2003,43.70210112784408
47,Czechia,2,Female,2003,32.12331106498847
47,Czechia,3,Both,2003,37.76899616655764
144,Jordan,1,Male,1999,54.70184873623444
144,Jordan,2,Female,1999,49.13891649948002
144,Jordan,3,Both,1999,52.02230083093436
396,San Marino,1,Male,1992,42.15601017492534
396,San Marino,2,Female,1992,34.07591279249873
396,San Marino,3,Both,1992,38.04147275895038
349,Greenland,1,Male,2010,44.56301045981548
349,Greenland,2,Female,2010,49.73050452738773
349,Greenland,3,Both,2010,46.99149549413348
95,United Kingdom,1,Male,2021,27.71240188213866
95,United Kingdom,2,Female,2021,21.88045297516949
95,United Kingdom,3,Both,2021,24.74320945018755
47,Czechia,1,Male,2006,42.59460959512943
47,Czechia,2,Female,2006,30.75672697130275
47,Czechia,3,Both,2006,36.54121697759215
198,Zimbabwe,1,Male,1990,30.18565657301306
198,Zimbabwe,2,Female,1990,25.82795031822144
198,Zimbabwe,3,Both,1990,27.96343948426456
55,Slovenia,1,Male,2021,38.69824907957573
55,Slovenia,2,Female,2021,28.96131944700332
55,Slovenia,3,Both,2021,33.79794496592603
51,Poland,1,Male,2003,45.34179865347709
51,Poland,2,Female,2003,35.96392076520036
51,Poland,3,Both,2003,40.50551664060253
51,Poland,1,Male,2006,43.29280758013022
51,Poland,2,Female,2006,34.60939601905115
51,Poland,3,Both,2006,38.81089237127895
176,Comoros,1,Male,1996,29.802152677289502
176,Comoros,2,Female,1996,25.48412103229599
176,Comoros,3,Both,1996,27.62447350191971
60,Lithuania,1,Male,2003,41.63182703366929
60,Lithuania,2,Female,2003,23.58174357512259
60,Lithuania,3,Both,2003,32.00273760037034
207,Ghana,1,Male,2021,11.46934216568714
207,Ghana,2,Female,2021,8.95063513043753
207,Ghana,3,Both,2021,10.17659960713587
202,Cameroon,1,Male,1990,23.367064811083
202,Cameroon,2,Female,1990,20.73089913212457
202,Cameroon,3,Both,1990,22.0301079718943
59,Latvia,1,Male,2021,41.23167950834833
59,Latvia,2,Female,2021,22.30694328515116
59,Latvia,3,Both,2021,31.022880107192357
367,Monaco,1,Male,2010,35.54661004766187
367,Monaco,2,Female,2010,26.24493251033679
367,Monaco,3,Both,2010,30.78662493421453
169,Central African Republic,1,Male,2002,17.50418873998537
169,Central African Republic,2,Female,2002,13.8557895399252
169,Central African Republic,3,Both,2002,15.669809127999072
60,Lithuania,1,Male,2006,40.70916843355672
60,Lithuania,2,Female,2006,22.61264571851814
60,Lithuania,3,Both,2006,31.02445578241648
211,Mali,1,Male,2021,25.04136378758509
211,Mali,2,Female,2021,22.70689932370983
211,Mali,3,Both,2021,23.8677190240725
215,Sao Tome and Principe,1,Male,2021,8.96132917743208
215,Sao Tome and Principe,2,Female,2021,5.729693160450091
215,Sao Tome and Principe,3,Both,2021,7.351914826348289
173,Gabon,1,Male,2002,23.50800001985543
173,Gabon,2,Female,2002,20.22838315249006
173,Gabon,3,Both,2002,21.84322036435174
206,Gambia,1,Male,1990,34.11794893008518
206,Gambia,2,Female,1990,35.25113816853014
206,Gambia,3,Both,1990,34.68477351860795
63,Ukraine,1,Male,2021,41.01668697922807
63,Ukraine,2,Female,2021,17.46290099043698
63,Ukraine,3,Both,2021,28.37462810449877
68,Republic of Korea,1,Male,2003,47.19691430630396
68,Republic of Korea,2,Female,2003,29.22936273954945
68,Republic of Korea,3,Both,2003,38.22839116444739
7,Democratic People's Republic of Korea,1,Male,2015,44.326407706768336
7,Democratic People's Republic of Korea,2,Female,2015,29.02409986415206
7,Democratic People's Republic of Korea,3,Both,2015,36.572993793667706
68,Republic of Korea,1,Male,2006,44.69173606499552
68,Republic of Korea,2,Female,2006,25.65270791784186
68,Republic of Korea,3,Both,2006,35.15203003888498
67,Japan,1,Male,2021,31.14194153459869
67,Japan,2,Female,2021,15.35812438908635
67,Japan,3,Both,2021,23.04811011325044
72,New Zealand,1,Male,2003,33.46953993064509
72,New Zealand,2,Female,2003,29.8868664490291
72,New Zealand,3,Both,2003,31.64386518702813
198,Zimbabwe,1,Male,2004,29.23007613313835
198,Zimbabwe,2,Female,2004,23.92452058367629
198,Zimbabwe,3,Both,2004,26.49470783389227
148,Morocco,1,Male,1999,39.14344569748588
148,Morocco,2,Female,1999,30.68243491050743
148,Morocco,3,Both,1999,34.87200378181944
148,Morocco,1,Male,2010,32.864304514860386
148,Morocco,2,Female,2010,23.81232568724429
148,Morocco,3,Both,2010,28.31599916101945
320,Cook Islands,1,Male,2006,37.467463496463935
320,Cook Islands,2,Female,2006,31.39158294641799
320,Cook Islands,3,Both,2006,34.48530924056314
396,San Marino,1,Male,2009,33.43821377351712
396,San Marino,2,Female,2009,24.87579466834296
396,San Marino,3,Both,2009,29.01917630512962
72,New Zealand,1,Male,2006,31.96999042048955
72,New Zealand,2,Female,2006,27.85966186744536
72,New Zealand,3,Both,2006,29.87282655555244
99,Uruguay,1,Male,2021,36.26031994770349
99,Uruguay,2,Female,2021,27.19891334793904
99,Uruguay,3,Both,2021,31.54178541061274
181,Madagascar,1,Male,2007,25.169888581844912
181,Madagascar,2,Female,2007,23.83585718912995
181,Madagascar,3,Both,2007,24.49692068008633
76,Belgium,1,Male,2003,40.85832591850632
76,Belgium,2,Female,2003,32.38442694766588
76,Belgium,3,Both,2003,36.52941810936388
152,Saudi Arabia,1,Male,1999,36.13449055412429
152,Saudi Arabia,2,Female,1999,26.168015029152247
152,Saudi Arabia,3,Both,1999,31.70186836666885
76,Belgium,1,Male,2006,39.36509013663028
76,Belgium,2,Female,2006,31.0348194422786
76,Belgium,3,Both,2006,35.111673057230405
80,France,1,Male,2003,39.36858088324358
80,France,2,Female,2003,31.145110206609072
80,France,3,Both,2003,35.1404838812697
80,France,1,Male,2006,38.41689913799724
80,France,2,Female,2006,30.582869136948283
80,France,3,Both,2006,34.38613261892752
84,Ireland,1,Male,2003,39.78395775988376
84,Ireland,2,Female,2003,35.50318625420213
84,Ireland,3,Both,2003,37.63767689401385
177,Djibouti,1,Male,2002,41.3411624715032
177,Djibouti,2,Female,2002,37.91101611539288
177,Djibouti,3,Both,2002,39.74158792986335
210,Liberia,1,Male,1990,17.48767891517598
210,Liberia,2,Female,1990,14.96168729461305
210,Liberia,3,Both,1990,16.226986168280767
84,Ireland,1,Male,2006,37.24607361514032
84,Ireland,2,Female,2006,33.653892167181134
84,Ireland,3,Both,2006,35.45084371677782
88,Malta,1,Male,2003,40.47422477802766
88,Malta,2,Female,2003,29.63166231378807
88,Malta,3,Both,2003,35.009052515677354
210,Liberia,1,Male,2001,17.54846380077863
210,Liberia,2,Female,2001,14.51560018903538
210,Liberia,3,Both,2001,16.02948420077465
92,Spain,1,Male,2003,50.5455782582515
92,Spain,2,Female,2003,36.897406013005465
92,Spain,3,Both,2003,43.61646199905786
88,Malta,1,Male,2006,38.75412662087847
88,Malta,2,Female,2006,27.92524949586151
88,Malta,3,Both,2006,33.30174166207114
61,Republic of Moldova,1,Male,2016,48.14315612986923
61,Republic of Moldova,2,Female,2016,20.41853591886149
61,Republic of Moldova,3,Both,2016,33.65166465073936
202,Cameroon,1,Male,2004,20.02750875434961
202,Cameroon,2,Female,2004,17.26679187928254
202,Cameroon,3,Both,2004,18.63377703876558
185,Rwanda,1,Male,2007,20.50090691960856
185,Rwanda,2,Female,2007,17.010503969099542
185,Rwanda,3,Both,2007,18.694518337551575
152,Saudi Arabia,1,Male,2010,34.92556536120278
152,Saudi Arabia,2,Female,2010,25.00314285870951
152,Saudi Arabia,3,Both,2010,30.64891979752693
92,Spain,1,Male,2006,49.46379490079899
92,Spain,2,Female,2006,37.41967733588447
92,Spain,3,Both,2006,43.37190114175457
156,United Arab Emirates,1,Male,1999,34.26598053317288
156,United Arab Emirates,2,Female,1999,30.372388975119268
156,United Arab Emirates,3,Both,1999,32.98944609989295
214,Nigeria,1,Male,2001,11.83752201934768
214,Nigeria,2,Female,2001,10.13739226607444
214,Nigeria,3,Both,2001,10.999931517145727
97,Argentina,1,Male,2003,42.28262540967936
97,Argentina,2,Female,2003,36.8747552322073
97,Argentina,3,Both,2003,39.512345171594646
320,Cook Islands,1,Male,1995,40.97697812271141
320,Cook Islands,2,Female,1995,36.26467475119773
320,Cook Islands,3,Both,1995,38.70156908892428
214,Nigeria,1,Male,1990,12.39171480136522
214,Nigeria,2,Female,1990,11.11955742753219
214,Nigeria,3,Both,1990,11.75667015531107
18,Thailand,1,Male,2001,38.33710143857089
18,Thailand,2,Female,2001,28.15427613694943
18,Thailand,3,Both,2001,33.17120658471297
107,Barbados,1,Male,2021,12.4620265668435
107,Barbados,2,Female,2021,6.7713236855789605
107,Barbados,3,Both,2021,9.51429682332551
376,Northern Mariana Islands,1,Male,2006,37.657774108363526
376,Northern Mariana Islands,2,Female,2006,31.951664807553808
376,Northern Mariana Islands,3,Both,2006,34.8235479343852
182,Malawi,1,Male,2002,22.892965980666
182,Malawi,2,Female,2002,19.86232638222709
182,Malawi,3,Both,2002,21.34867900666023
97,Argentina,1,Male,2006,41.20446987708847
97,Argentina,2,Female,2006,35.79460557728222
97,Argentina,3,Both,2006,38.4331387393416
156,United Arab Emirates,1,Male,2010,33.79891219306479
156,United Arab Emirates,2,Female,2010,29.52759415898822
156,United Arab Emirates,3,Both,2010,32.6910821881508
160,Afghanistan,1,Male,1999,23.64288331678812
160,Afghanistan,2,Female,1999,16.17572974581408
160,Afghanistan,3,Both,1999,19.92687230753429
101,Canada,1,Male,2003,36.613589996034754
101,Canada,2,Female,2003,32.03744855917686
101,Canada,3,Both,2003,34.28206725565881
218,Togo,1,Male,2001,22.23602153662379
218,Togo,2,Female,2001,18.02934377743383
218,Togo,3,Both,2001,20.08426337068171
105,Antigua and Barbuda,1,Male,2003,20.05611046655439
105,Antigua and Barbuda,2,Female,2003,12.46829455858114
105,Antigua and Barbuda,3,Both,2003,16.03980614222117
101,Canada,1,Male,2006,34.50069865345472
101,Canada,2,Female,2006,29.59674383005289
101,Canada,3,Both,2006,32.00139237188352
396,San Marino,1,Male,2006,34.958671404461526
396,San Marino,2,Female,2006,26.39881538384896
396,San Marino,3,Both,2006,30.54145099742616
111,Dominican Republic,1,Male,2021,18.59499620232199
111,Dominican Republic,2,Female,2021,14.91295801201073
111,Dominican Republic,3,Both,2021,16.76394127883366
160,Afghanistan,1,Male,2010,25.949676279595906
160,Afghanistan,2,Female,2010,20.99927560228448
160,Afghanistan,3,Both,2010,23.510430037020143
109,Cuba,1,Male,2003,41.296099359532725
109,Cuba,2,Female,2003,32.12625834221346
109,Cuba,3,Both,2003,36.72118192878855
349,Greenland,1,Male,2021,39.32541476351648
349,Greenland,2,Female,2021,42.20065366950167
349,Greenland,3,Both,2021,40.69099339048294
105,Antigua and Barbuda,1,Male,2006,19.74447840945685
105,Antigua and Barbuda,2,Female,2006,12.2259551083636
105,Antigua and Barbuda,3,Both,2006,15.7869088894892
376,Northern Mariana Islands,1,Male,1995,39.23224928481217
376,Northern Mariana Islands,2,Female,1995,37.57779348931968
376,Northern Mariana Islands,3,Both,1995,38.42871802258256
113,Guyana,1,Male,2003,25.58282961628258
113,Guyana,2,Female,2003,20.90809382612828
113,Guyana,3,Both,2003,23.25238933699201
197,Eswatini,1,Male,2017,16.34663212684512
197,Eswatini,2,Female,2017,12.94327696085689
197,Eswatini,3,Both,2017,14.59881820822642
367,Monaco,1,Male,2021,33.127405735286594
367,Monaco,2,Female,2021,23.961269377376603
367,Monaco,3,Both,2021,28.41448519085844
115,Jamaica,1,Male,2021,22.18286036847375
115,Jamaica,2,Female,2021,14.80008852377431
115,Jamaica,3,Both,2021,18.46393260674277
396,San Marino,1,Male,1995,40.65066322333729
396,San Marino,2,Female,1995,32.3916386313073
396,San Marino,3,Both,1995,36.424330008031454
380,Palau,1,Male,2021,26.42991103169075
380,Palau,2,Female,2021,17.63694805604451
380,Palau,3,Both,2021,22.47895970005237
164,Nepal,1,Male,2010,38.96594934104835
164,Nepal,2,Female,2010,34.94291061373267
164,Nepal,3,Both,2010,36.905128587974886
119,Trinidad and Tobago,1,Male,2021,24.65822865411014
119,Trinidad and Tobago,2,Female,2021,16.86925013234423
119,Trinidad and Tobago,3,Both,2021,20.76963090330484
413,Tokelau,1,Male,2021,36.03167543587778
413,Tokelau,2,Female,2021,28.08572645597442
413,Tokelau,3,Both,2021,32.1380136340734
168,Angola,1,Male,2010,17.57431646570392
168,Angola,2,Female,2010,12.772947772471198
168,Angola,3,Both,2010,15.10890574956822
123,Peru,1,Male,2021,14.41789229131152
123,Peru,2,Female,2021,8.408556323217969
123,Peru,3,Both,2021,11.43187719078763
7,Democratic People's Republic of Korea,1,Male,2018,43.43736826825971
7,Democratic People's Republic of Korea,2,Female,2018,28.16962279066853
7,Democratic People's Republic of Korea,3,Both,2018,35.73053191180061
8,Taiwan (Province of China),1,Male,2006,44.25093752335716
8,Taiwan (Province of China),2,Female,2006,27.479090563837534
8,Taiwan (Province of China),3,Both,2006,35.977781571931
127,El Salvador,1,Male,2021,17.902722343610662
127,El Salvador,2,Female,2021,12.00078791124467
127,El Salvador,3,Both,2021,14.76692216189213
131,Nicaragua,1,Male,2021,25.58380631871256
131,Nicaragua,2,Female,2021,21.95454561171675
131,Nicaragua,3,Both,2021,23.746361952175956
135,Brazil,1,Male,2021,24.738584726009872
135,Brazil,2,Female,2021,16.99168173279556
135,Brazil,3,Both,2021,20.77275568390852
12,Lao People's Democratic Republic,1,Male,1997,47.24115239136184
12,Lao People's Democratic Republic,2,Female,1997,41.149474378557024
12,Lao People's Democratic Republic,3,Both,1997,44.17183892863693
140,Bahrain,1,Male,2021,31.89492019494275
140,Bahrain,2,Female,2021,21.46423965761753
140,Bahrain,3,Both,2021,28.03089327549709
144,Jordan,1,Male,2021,51.51415111983745
144,Jordan,2,Female,2021,40.00318089619571
144,Jordan,3,Both,2021,46.16670833975159
148,Morocco,1,Male,2021,30.7827824832098
148,Morocco,2,Female,2021,20.693790713320254
148,Morocco,3,Both,2021,25.774831657972552
152,Saudi Arabia,1,Male,2021,32.04747602283839
152,Saudi Arabia,2,Female,2021,20.06924339534071
152,Saudi Arabia,3,Both,2021,27.06774883181168
156,United Arab Emirates,1,Male,2021,23.684771126938408
156,United Arab Emirates,2,Female,2021,18.540128521753747
156,United Arab Emirates,3,Both,2021,22.25028538808413
160,Afghanistan,1,Male,2021,27.368923178187437
160,Afghanistan,2,Female,2021,22.53806108447096
160,Afghanistan,3,Both,2021,25.00698325215694
145,Kuwait,1,Male,2020,39.976459924515936
145,Kuwait,2,Female,2020,24.98328893771092
145,Kuwait,3,Both,2020,32.95610225173772
8,Taiwan (Province of China),1,Male,2003,45.76524507349291
8,Taiwan (Province of China),2,Female,2003,29.800678233599022
8,Taiwan (Province of China),3,Both,2003,37.93292469957143
164,Nepal,1,Male,2021,33.75115680932736
164,Nepal,2,Female,2021,26.40708206034032
164,Nepal,3,Both,2021,29.89998743957089
320,Cook Islands,1,Male,2012,34.30713755076682
320,Cook Islands,2,Female,2012,26.85062505245585
320,Cook Islands,3,Both,2012,30.54768078935307
45,Bulgaria,1,Male,2020,46.880069783559605
45,Bulgaria,2,Female,2020,31.30310939657696
45,Bulgaria,3,Both,2020,38.85555360802138
168,Angola,1,Male,2021,18.33132156384015
168,Angola,2,Female,2021,13.3232834056631
168,Angola,3,Both,2021,15.75258248376939
172,Equatorial Guinea,1,Male,2021,32.46040233267525
172,Equatorial Guinea,2,Female,2021,30.641094689205516
172,Equatorial Guinea,3,Both,2021,31.62866256439864
176,Comoros,1,Male,2021,24.47109692541797
176,Comoros,2,Female,2021,19.641819111082608
176,Comoros,3,Both,2021,22.05229114296413
11,Indonesia,1,Male,1995,45.05489183260669
11,Indonesia,2,Female,1995,42.36815295958328
11,Indonesia,3,Both,1995,43.70872673076003
170,Congo,1,Male,2011,19.1389398007076
170,Congo,2,Female,2011,15.13752918399896
170,Congo,3,Both,2011,17.121227479339097
22,Fiji,1,Male,1992,36.748881740415015
22,Fiji,2,Female,1992,32.55619539531708
22,Fiji,3,Both,1992,34.68610602311486
11,Indonesia,1,Male,1998,45.10040753048593
11,Indonesia,2,Female,1998,42.2070069307412
11,Indonesia,3,Both,1998,43.65171456359145
18,Thailand,1,Male,1998,40.39901496153278
18,Thailand,2,Female,1998,31.575827004535352
18,Thailand,3,Both,1998,35.929690363681246
150,Oman,1,Male,2020,25.12459229290973
150,Oman,2,Female,2020,17.27407603237206
150,Oman,3,Both,2020,22.093751278329123
18,Thailand,1,Male,2007,34.98612285652103
18,Thailand,2,Female,2007,22.22658475350179
18,Thailand,3,Both,2007,28.47773314477275
16,Philippines,1,Male,1992,51.513666096955
16,Philippines,2,Female,1992,46.95775521907086
16,Philippines,3,Both,1992,49.25494638026524
11,Indonesia,1,Male,2010,45.18343128758717
11,Indonesia,2,Female,2010,38.77353142158976
11,Indonesia,3,Both,2010,42.00138092001792
305,Bermuda,1,Male,2014,20.85383565672355
305,Bermuda,2,Female,2014,14.53280397639868
305,Bermuda,3,Both,2014,17.57780382725283
11,Indonesia,1,Male,2009,45.16652893247939
11,Indonesia,2,Female,2009,39.06248978709513
11,Indonesia,3,Both,2009,42.13405668914437
22,Fiji,1,Male,1991,37.11498719715702
22,Fiji,2,Female,1991,33.12250140001828
22,Fiji,3,Both,1991,35.15002445294933
22,Fiji,1,Male,1994,35.997772011129044
22,Fiji,2,Female,1994,31.47685583444761
22,Fiji,3,Both,1994,33.775284286625826
26,Papua New Guinea,1,Male,1991,44.66707068330913
26,Papua New Guinea,2,Female,1991,45.18522984258
26,Papua New Guinea,3,Both,1991,44.91602106726213
26,Papua New Guinea,1,Male,1994,45.30026103784239
26,Papua New Guinea,2,Female,1994,46.12328309326822
26,Papua New Guinea,3,Both,1994,45.6964629863645
11,Indonesia,1,Male,2001,45.11423841808605
11,Indonesia,2,Female,2001,41.75301954961984
11,Indonesia,3,Both,2001,43.43383533323466
30,Vanuatu,1,Male,1991,32.13482681983661
30,Vanuatu,2,Female,1991,31.47918632063083
30,Vanuatu,3,Both,1991,31.816052215439672
30,Vanuatu,1,Male,1994,32.17202976905245
30,Vanuatu,2,Female,1994,31.697800887055887
30,Vanuatu,3,Both,1994,31.940997783792103
18,Thailand,1,Male,2010,34.18366034579413
18,Thailand,2,Female,2010,21.295483597021832
18,Thailand,3,Both,2010,27.626472491751557
34,Azerbaijan,1,Male,1994,49.36232295755925
34,Azerbaijan,2,Female,1994,34.97422721115969
34,Azerbaijan,3,Both,1994,41.97694173377466
34,Azerbaijan,1,Male,1991,48.70905787681287
34,Azerbaijan,2,Female,1991,35.08415656821386
34,Azerbaijan,3,Both,1991,41.72726836214189
38,Mongolia,1,Male,1994,41.92174248313534
38,Mongolia,2,Female,1994,38.013533965461086
38,Mongolia,3,Both,1994,39.960457411184194
38,Mongolia,1,Male,1991,42.049408161582505
38,Mongolia,2,Female,1991,38.35715853234903
38,Mongolia,3,Both,1991,40.1997276449848
46,Croatia,1,Male,1994,51.75335974243057
46,Croatia,2,Female,1994,40.93690704656122
46,Croatia,3,Both,1994,46.18003953430969
46,Croatia,1,Male,1991,55.10578733468103
46,Croatia,2,Female,1991,44.81188238789836
46,Croatia,3,Both,1991,49.81527754694503
50,Montenegro,1,Male,1994,61.25089025207159
50,Montenegro,2,Female,1994,50.3526863529632
50,Montenegro,3,Both,1994,55.76697832463623
50,Montenegro,1,Male,1991,60.53763840868564
50,Montenegro,2,Female,1991,49.74337281013283
50,Montenegro,3,Both,1991,55.11728850859843
55,Slovenia,1,Male,1994,45.45456314307672
55,Slovenia,2,Female,1994,34.47104150818124
55,Slovenia,3,Both,1994,39.80995716663853
55,Slovenia,1,Male,1991,47.73574734158622
55,Slovenia,2,Female,1991,37.07627682958418
55,Slovenia,3,Both,1991,42.25251930230297
59,Latvia,1,Male,1994,49.48679374058053
59,Latvia,2,Female,1994,31.465928357551785
59,Latvia,3,Both,1994,39.81247300720341
59,Latvia,1,Male,1991,51.03036729768146
59,Latvia,2,Female,1991,33.66291389303736
59,Latvia,3,Both,1991,41.73436289467483
63,Ukraine,1,Male,1994,51.99067254313887
63,Ukraine,2,Female,1994,29.51457878407724
63,Ukraine,3,Both,1994,39.95463085693442
17,Sri Lanka,1,Male,2005,28.40347021570746
17,Sri Lanka,2,Female,2005,20.45454969890509
17,Sri Lanka,3,Both,2005,24.34369044790094
13,Malaysia,1,Male,1992,43.973876735291
13,Malaysia,2,Female,1992,37.11610523191802
13,Malaysia,3,Both,1992,40.583218661824674
63,Ukraine,1,Male,1991,52.88380414755353
63,Ukraine,2,Female,1991,30.7787717856482
63,Ukraine,3,Both,1991,41.02446684750229
13,Malaysia,1,Male,1998,43.75293892918628
13,Malaysia,2,Female,1998,36.509752206004094
13,Malaysia,3,Both,1998,40.19405480467755
67,Japan,1,Male,1994,48.94663303130543
67,Japan,2,Female,1994,32.4808408279722
67,Japan,3,Both,1994,40.56715793567595
67,Japan,1,Male,1991,50.29082233029981
67,Japan,2,Female,1991,33.86797390709193
67,Japan,3,Both,1991,41.93987035754775
71,Australia,1,Male,1994,37.94918337598232
71,Australia,2,Female,1994,33.0815527461254
71,Australia,3,Both,1994,35.4957185947738
71,Australia,1,Male,1991,39.50703317527753
71,Australia,2,Female,1991,34.72994504730702
71,Australia,3,Both,1991,37.10357828585559
75,Austria,1,Male,1994,42.55488658252904
75,Austria,2,Female,1994,32.61684559850381
75,Austria,3,Both,1994,37.41533075343576
75,Austria,1,Male,1991,41.78513324254868
75,Austria,2,Female,1991,31.793987138181578
75,Austria,3,Both,1991,36.60311362685509
79,Finland,1,Male,1994,35.70725612006368
79,Finland,2,Female,1994,27.798514511495032
79,Finland,3,Both,1994,31.64435666609808
79,Finland,1,Male,1991,37.08989324654487
79,Finland,2,Female,1991,29.543637911979097
79,Finland,3,Both,1991,33.205972759851434
83,Iceland,1,Male,1994,45.33287825624916
83,Iceland,2,Female,1994,36.75976878315827
83,Iceland,3,Both,1994,41.05881613187392
83,Iceland,1,Male,1991,46.934702500475176
83,Iceland,2,Female,1991,38.33796791092271
83,Iceland,3,Both,1991,42.65257989184355
16,Philippines,1,Male,1995,50.61749249392648
16,Philippines,2,Female,1995,45.12067895520853
16,Philippines,3,Both,1995,47.89460854934433
87,Luxembourg,1,Male,1994,42.92524252387205
87,Luxembourg,2,Female,1994,35.91006927200809
87,Luxembourg,3,Both,1994,39.35562434508666
87,Luxembourg,1,Male,1991,43.89833165205214
87,Luxembourg,2,Female,1991,36.33489916770385
87,Luxembourg,3,Both,1991,40.04287094068436
91,Portugal,1,Male,1994,39.860014304442245
91,Portugal,2,Female,1994,26.9685768357171
91,Portugal,3,Both,1994,33.1955991477201
91,Portugal,1,Male,1991,40.81513550950226
91,Portugal,2,Female,1991,28.60983662057356
91,Portugal,3,Both,1991,34.503929849974355
25,Micronesia (Federated States of),1,Male,2005,48.77696104845467
25,Micronesia (Federated States of),2,Female,2005,49.85271946766056
25,Micronesia (Federated States of),3,Both,2005,49.30699830008662
17,Sri Lanka,1,Male,2002,30.23525467056797
17,Sri Lanka,2,Female,2002,22.70598417159968
17,Sri Lanka,3,Both,2002,26.40454798362389
29,Tonga,1,Male,2005,44.58086801557461
29,Tonga,2,Female,2005,43.12235919066785
29,Tonga,3,Both,2005,43.86294718064072
108,Belize,1,Male,1994,23.788219602790768
108,Belize,2,Female,1994,20.38160288435332
108,Belize,3,Both,1994,22.10377234194373
108,Belize,1,Male,1991,24.67135244067664
108,Belize,2,Female,1991,21.75313704246553
108,Belize,3,Both,1991,23.2294127372974
112,Grenada,1,Male,1994,22.918405952539832
112,Grenada,2,Female,1994,16.819352445924448
112,Grenada,3,Both,1994,19.82020118741896
33,Armenia,1,Male,2005,56.67290730860724
33,Armenia,2,Female,2005,33.88359282931704
33,Armenia,3,Both,2005,44.82757611508413
112,Grenada,1,Male,1991,22.72079907060981
112,Grenada,2,Female,1991,16.33859373962208
112,Grenada,3,Both,1991,19.479388448512868
25,Micronesia (Federated States of),1,Male,2002,49.31276984495973
25,Micronesia (Federated States of),2,Female,2002,50.26580117631431
25,Micronesia (Federated States of),3,Both,2002,49.78253488957984
116,Saint Lucia,1,Male,1994,22.99248416724541
116,Saint Lucia,2,Female,1994,17.98539095666139
116,Saint Lucia,3,Both,1994,20.43182074789392
116,Saint Lucia,1,Male,1991,23.19386994509149
116,Saint Lucia,2,Female,1991,18.24650152059044
116,Saint Lucia,3,Both,1991,20.65948676415601
37,Kyrgyzstan,1,Male,2005,45.38986608744503
37,Kyrgyzstan,2,Female,2005,33.51520668961081
37,Kyrgyzstan,3,Both,2005,39.38648587852112
11,Indonesia,1,Male,2004,45.00402185154777
11,Indonesia,2,Female,2004,40.68331783365552
11,Indonesia,3,Both,2004,42.84878804020414
128,Guatemala,1,Male,1994,20.6221340591161
128,Guatemala,2,Female,1994,17.78690488535296
128,Guatemala,3,Both,1994,19.18040820376722
128,Guatemala,1,Male,1991,20.74157614217952
128,Guatemala,2,Female,1991,17.89250782521676
128,Guatemala,3,Both,1991,19.29506061974852
132,Panama,1,Male,1994,22.92417240769353
132,Panama,2,Female,1994,18.84540469196646
132,Panama,3,Both,1994,20.90950349118461
132,Panama,1,Male,1991,24.05520348201686
132,Panama,2,Female,1991,19.86131709617372
132,Panama,3,Both,1991,21.98491580231856
41,Uzbekistan,1,Male,2005,34.085451427394595
41,Uzbekistan,2,Female,2005,24.96025198678947
41,Uzbekistan,3,Both,2005,29.48695718818342
136,Paraguay,1,Male,1991,41.39994113609874
136,Paraguay,2,Female,1991,35.76144980662373
136,Paraguay,3,Both,1991,38.59870615737086
29,Tonga,1,Male,2002,45.39777057203417
29,Tonga,2,Female,2002,44.18089492735008
29,Tonga,3,Both,2002,44.79915986742558
45,Bulgaria,1,Male,2005,54.9603113343329
45,Bulgaria,2,Female,2005,37.8324389940439
45,Bulgaria,3,Both,2005,46.14103373074419
12,Lao People's Democratic Republic,1,Male,2010,46.04232831088372
12,Lao People's Democratic Republic,2,Female,2010,39.85187814324938
12,Lao People's Democratic Republic,3,Both,2010,42.95262989097798
33,Armenia,1,Male,2002,57.37731272482125
33,Armenia,2,Female,2002,34.70978337538223
33,Armenia,3,Both,2002,45.6167845998383
49,North Macedonia,1,Male,2005,58.35213783570394
49,North Macedonia,2,Female,2005,45.443145971759
49,North Macedonia,3,Both,2005,51.94537971775696
37,Kyrgyzstan,1,Male,2002,43.08742127750791
37,Kyrgyzstan,2,Female,2002,32.314596431832086
37,Kyrgyzstan,3,Both,2002,37.63852184391832
41,Uzbekistan,1,Male,2002,32.739892381026905
41,Uzbekistan,2,Female,2002,24.220289811881425
41,Uzbekistan,3,Both,2002,28.44404696852232
170,Congo,1,Male,2014,19.21665938658578
170,Congo,2,Female,2014,15.11783059606818
170,Congo,3,Both,2014,17.15271876247969
13,Malaysia,1,Male,1991,44.09071898968266
13,Malaysia,2,Female,1991,37.39528944225684
13,Malaysia,3,Both,1991,40.77719270152207
54,Slovakia,1,Male,2005,39.73334091852968
54,Slovakia,2,Female,2005,29.56172132021936
54,Slovakia,3,Both,2005,34.50030391532372
45,Bulgaria,1,Male,2002,56.05912779928581
45,Bulgaria,2,Female,2002,39.07623402994205
45,Bulgaria,3,Both,2002,47.33858734936106
58,Estonia,1,Male,2005,47.39073173592895
58,Estonia,2,Female,2005,30.08391580793096
58,Estonia,3,Both,2005,38.1323867767756
49,North Macedonia,1,Male,2002,59.45240682910639
49,North Macedonia,2,Female,2002,46.75664145189876
49,North Macedonia,3,Both,2002,53.13834812509324
36,Kazakhstan,1,Male,2011,43.54047701165032
36,Kazakhstan,2,Female,2011,30.88575894382859
36,Kazakhstan,3,Both,2011,36.98592339992432
62,Russian Federation,1,Male,2005,52.054692777832514
62,Russian Federation,2,Female,2005,30.910951057191287
62,Russian Federation,3,Both,2005,40.7453417294788
17,Sri Lanka,1,Male,2008,27.30616974913876
17,Sri Lanka,2,Female,2008,19.13755224479184
17,Sri Lanka,3,Both,2008,23.11753445855075
66,Brunei Darussalam,1,Male,2005,36.16597740634973
66,Brunei Darussalam,2,Female,2005,25.232058211421094
66,Brunei Darussalam,3,Both,2005,30.79671846093573
54,Slovakia,1,Male,2002,40.89288541340384
54,Slovakia,2,Female,2002,31.171644304298752
54,Slovakia,3,Both,2002,35.8915106520505
13,Malaysia,1,Male,1995,43.779963036532
13,Malaysia,2,Female,1995,36.65180401339436
13,Malaysia,3,Both,1995,40.2666349180067
58,Estonia,1,Male,2002,47.4397256868282
58,Estonia,2,Female,2002,30.29567440151222
58,Estonia,3,Both,2002,38.27954893838795
74,Andorra,1,Male,2005,40.26036539928461
74,Andorra,2,Female,2005,32.36417439215454
74,Andorra,3,Both,2005,36.48282812837883
25,Micronesia (Federated States of),1,Male,2008,48.16298035594958
25,Micronesia (Federated States of),2,Female,2008,49.22060712021751
25,Micronesia (Federated States of),3,Both,2008,48.68341240661468
8,Taiwan (Province of China),1,Male,2009,42.64910128677823
8,Taiwan (Province of China),2,Female,2009,25.05516202492537
8,Taiwan (Province of China),3,Both,2009,33.91407813935384
78,Denmark,1,Male,2005,40.03469903927799
78,Denmark,2,Female,2005,34.35151302368896
78,Denmark,3,Both,2005,37.16255993586176
62,Russian Federation,1,Male,2002,51.93961364599895
62,Russian Federation,2,Female,2002,30.93698485981034
62,Russian Federation,3,Both,2002,40.738567207732416
82,Greece,1,Male,2005,55.880452380641735
82,Greece,2,Female,2005,41.74917064309164
82,Greece,3,Both,2005,48.75450864196295
66,Brunei Darussalam,1,Male,2002,37.46448338192762
66,Brunei Darussalam,2,Female,2002,27.21195425483696
66,Brunei Darussalam,3,Both,2002,32.418699044555574
86,Italy,1,Male,2005,37.16130128050104
86,Italy,2,Female,2005,28.34614073661637
86,Italy,3,Both,2005,32.62396437236365
90,Norway,1,Male,2005,35.4586406840185
90,Norway,2,Female,2005,28.64283237869431
90,Norway,3,Both,2005,32.02139227609966
74,Andorra,1,Male,2002,41.2017968128478
74,Andorra,2,Female,2002,32.681209753911
74,Andorra,3,Both,2002,37.09671807516652
29,Tonga,1,Male,2008,43.62064926405359
29,Tonga,2,Female,2008,41.20881289352058
29,Tonga,3,Both,2008,42.43030079609412
7,Democratic People's Republic of Korea,1,Male,2016,44.01026745180413
7,Democratic People's Republic of Korea,2,Female,2016,28.720323222194537
7,Democratic People's Republic of Korea,3,Both,2016,36.27323079470428
78,Denmark,1,Male,2002,42.36192790891889
78,Denmark,2,Female,2002,38.12127948002223
78,Denmark,3,Both,2002,40.21729587202102
94,Switzerland,1,Male,2005,35.867525912842794
94,Switzerland,2,Female,2005,28.26563182245876
94,Switzerland,3,Both,2005,31.992920228623262
18,Thailand,1,Male,2003,36.8836556107416
18,Thailand,2,Female,2003,25.73528390779763
18,Thailand,3,Both,2003,31.219653980450417
33,Armenia,1,Male,2008,55.78459546547996
33,Armenia,2,Female,2008,32.83230231501654
33,Armenia,3,Both,2008,43.847885101761406
82,Greece,1,Male,2002,57.122106024401816
82,Greece,2,Female,2002,41.6470355541013
82,Greece,3,Both,2002,49.32904767825116
37,Kyrgyzstan,1,Male,2008,47.5469943299708
37,Kyrgyzstan,2,Female,2008,34.9174130521889
37,Kyrgyzstan,3,Both,2008,41.15719616664328
95,United Kingdom,1,Male,2005,35.953034799154146
95,United Kingdom,2,Female,2005,32.30965779262051
95,United Kingdom,3,Both,2005,34.09332067948443
86,Italy,1,Male,2002,39.00076726111761
86,Italy,2,Female,2002,29.33484917062748
86,Italy,3,Both,2002,34.01534654472244
99,Uruguay,1,Male,2005,43.19588485816695
99,Uruguay,2,Female,2005,34.04718689740201
99,Uruguay,3,Both,2005,38.470846547448176
41,Uzbekistan,1,Male,2008,34.51260499327974
41,Uzbekistan,2,Female,2008,24.708347020068068
41,Uzbekistan,3,Both,2008,29.575027739202
90,Norway,1,Male,2002,38.05582485011371
90,Norway,2,Female,2002,32.401796620109465
90,Norway,3,Both,2002,35.20075789112773
45,Bulgaria,1,Male,2008,53.4473960998719
45,Bulgaria,2,Female,2008,36.47568914705605
45,Bulgaria,3,Both,2008,44.70139948394686
94,Switzerland,1,Male,2002,38.255122429937884
94,Switzerland,2,Female,2002,30.796430724484345
94,Switzerland,3,Both,2002,34.446256698034
49,North Macedonia,1,Male,2008,57.62997604098634
49,North Macedonia,2,Female,2008,44.69527319703882
49,North Macedonia,3,Both,2008,51.22055462966904
107,Barbados,1,Male,2005,15.73330912734336
107,Barbados,2,Female,2005,9.66747409304478
107,Barbados,3,Both,2005,12.582195405135549
111,Dominican Republic,1,Male,2005,24.36076599101017
111,Dominican Republic,2,Female,2005,21.36312954420946
111,Dominican Republic,3,Both,2005,22.86292863151903
54,Slovakia,1,Male,2008,38.78174738861105
54,Slovakia,2,Female,2008,27.962771300048328
54,Slovakia,3,Both,2008,33.21851507606838
115,Jamaica,1,Male,2005,27.37917898142786
115,Jamaica,2,Female,2005,20.92696626499557
115,Jamaica,3,Both,2005,24.11507298874232
95,United Kingdom,1,Male,2002,37.79721299280088
95,United Kingdom,2,Female,2002,34.15705161971414
95,United Kingdom,3,Both,2002,35.934433867203154
10,Cambodia,1,Male,2020,44.69949548659471
10,Cambodia,2,Female,2020,32.79546355468887
10,Cambodia,3,Both,2020,38.6373365123782
58,Estonia,1,Male,2008,45.95679512819022
58,Estonia,2,Female,2008,28.50919045655389
58,Estonia,3,Both,2008,36.62027895940701
119,Trinidad and Tobago,1,Male,2005,29.19728295364969
119,Trinidad and Tobago,2,Female,2005,23.44785200444288
119,Trinidad and Tobago,3,Both,2005,26.335152660283267
99,Uruguay,1,Male,2002,45.20778911049055
99,Uruguay,2,Female,2002,35.80860352610522
99,Uruguay,3,Both,2002,40.36136791603869
123,Peru,1,Male,2005,18.061277883126987
123,Peru,2,Female,2005,13.76752424415875
123,Peru,3,Both,2005,15.91549643396603
62,Russian Federation,1,Male,2008,51.37439040168141
62,Russian Federation,2,Female,2008,30.14199660090496
62,Russian Federation,3,Both,2008,39.99471342313702
107,Barbados,1,Male,2002,16.54958275592634
107,Barbados,2,Female,2002,10.34593599506034
107,Barbados,3,Both,2002,13.32769007090505
127,El Salvador,1,Male,2005,17.19582251593347
127,El Salvador,2,Female,2005,12.584617512290668
127,El Salvador,3,Both,2005,14.780413034814227
11,Indonesia,1,Male,2007,45.05148555801331
11,Indonesia,2,Female,2007,39.63886501082274
11,Indonesia,3,Both,2007,42.35831865144791
66,Brunei Darussalam,1,Male,2008,34.97495616705566
66,Brunei Darussalam,2,Female,2008,23.70845616501511
66,Brunei Darussalam,3,Both,2008,29.484559659439704
111,Dominican Republic,1,Male,2002,25.085358053859142
111,Dominican Republic,2,Female,2002,22.2087809340951
111,Dominican Republic,3,Both,2002,23.64101676222439
115,Jamaica,1,Male,2002,29.1273110492614
115,Jamaica,2,Female,2002,22.70141082847899
115,Jamaica,3,Both,2002,25.86854682818473
74,Andorra,1,Male,2008,38.92102856099728
74,Andorra,2,Female,2008,30.97920960855204
74,Andorra,3,Both,2008,35.130685015627
119,Trinidad and Tobago,1,Male,2002,30.334910491337208
119,Trinidad and Tobago,2,Female,2002,24.3998490547335
119,Trinidad and Tobago,3,Both,2002,27.38015930790087
78,Denmark,1,Male,2008,37.70156565618839
78,Denmark,2,Female,2008,31.371088531456547
78,Denmark,3,Both,2008,34.50520366535415
16,Philippines,1,Male,1994,50.92593451623622
16,Philippines,2,Female,1994,45.74572416995673
16,Philippines,3,Both,1994,48.35927742006566
12,Lao People's Democratic Republic,1,Male,2000,47.08678203717298
12,Lao People's Democratic Republic,2,Female,2000,40.98889143360622
12,Lao People's Democratic Republic,3,Both,2000,44.02446538858281
82,Greece,1,Male,2008,54.334345448437645
82,Greece,2,Female,2008,41.12180832074071
82,Greece,3,Both,2008,47.65532499551773
123,Peru,1,Male,2002,19.775244749313
123,Peru,2,Female,2002,15.71469860441036
123,Peru,3,Both,2002,17.74283969474694
20,Viet Nam,1,Male,1994,52.50433473063176
20,Viet Nam,2,Female,1994,46.91979194648777
20,Viet Nam,3,Both,1994,49.6455174080984
169,Central African Republic,1,Male,2011,15.6449683775849
169,Central African Republic,2,Female,2011,12.3516030267649
169,Central African Republic,3,Both,2011,13.98792413963214
86,Italy,1,Male,2008,35.286535817454066
86,Italy,2,Female,2008,27.35402961589284
86,Italy,3,Both,2008,31.205952535571974
127,El Salvador,1,Male,2002,16.62410422665401
127,El Salvador,2,Female,2002,12.16064189628533
127,El Salvador,3,Both,2002,14.2958795096708
90,Norway,1,Male,2008,33.0316600260056
90,Norway,2,Female,2008,25.49669140648309
90,Norway,3,Both,2008,29.24615230592091
95,United Kingdom,1,Male,2011,33.3617084807603
95,United Kingdom,2,Female,2011,29.137867019448283
95,United Kingdom,3,Both,2011,31.21347219459049
131,Nicaragua,1,Male,2002,28.91870759521912
131,Nicaragua,2,Female,2002,27.55985437780426
131,Nicaragua,3,Both,2002,28.23043423058263
94,Switzerland,1,Male,2008,34.3908435443858
94,Switzerland,2,Female,2008,26.89366233331349
94,Switzerland,3,Both,2008,30.58224038919433
135,Brazil,1,Male,2002,37.90953946283541
135,Brazil,2,Female,2002,33.89982768446439
135,Brazil,3,Both,2002,35.87637986963295
95,United Kingdom,1,Male,2008,34.73067766611687
95,United Kingdom,2,Female,2008,31.025069054906428
95,United Kingdom,3,Both,2008,32.84328638829183
99,Uruguay,1,Male,2008,40.69359547054101
99,Uruguay,2,Female,2008,31.718604046328704
99,Uruguay,3,Both,2008,36.04722437994266
140,Bahrain,1,Male,2002,32.25119463654672
140,Bahrain,2,Female,2002,21.67101813034101
140,Bahrain,3,Both,2002,27.77057211279804
107,Barbados,1,Male,2008,14.58692414813413
107,Barbados,2,Female,2008,8.782318526764831
107,Barbados,3,Both,2008,11.57102413127537
24,Marshall Islands,1,Male,1994,40.604773407860016
24,Marshall Islands,2,Female,1994,37.35352040864138
24,Marshall Islands,3,Both,1994,39.01847480408145
28,Solomon Islands,1,Male,1994,45.31222223216334
28,Solomon Islands,2,Female,1994,44.51137041994346
28,Solomon Islands,3,Both,1994,44.926664342292064
369,Nauru,1,Male,2013,47.215347680385726
369,Nauru,2,Female,2013,46.05947958009042
369,Nauru,3,Both,2013,46.64397101560356
36,Kazakhstan,1,Male,1994,46.03186203516655
36,Kazakhstan,2,Female,1994,33.196028049844664
36,Kazakhstan,3,Both,1994,39.40523085935931
40,Turkmenistan,1,Male,1994,47.49606511413841
40,Turkmenistan,2,Female,1994,37.40867428682595
40,Turkmenistan,3,Both,1994,42.41981157709888
44,Bosnia and Herzegovina,1,Male,1994,50.20316596244998
44,Bosnia and Herzegovina,2,Female,1994,38.105043900741705
44,Bosnia and Herzegovina,3,Both,1994,44.07465528853403
48,Hungary,1,Male,1994,52.48614576623388
48,Hungary,2,Female,1994,40.05116182977272
48,Hungary,3,Both,1994,45.999095793098135
52,Romania,1,Male,1994,47.3779838540722
52,Romania,2,Female,1994,34.267402405930284
52,Romania,3,Both,1994,40.71232075157161
118,Suriname,1,Male,2018,30.95043119796457
118,Suriname,2,Female,2018,22.16976212550005
118,Suriname,3,Both,2018,26.51868087890157
53,Serbia,1,Male,1994,52.21145721255969
53,Serbia,2,Female,1994,42.79343453279256
53,Serbia,3,Both,1994,47.44057935077569
57,Belarus,1,Male,1994,49.51495946880647
57,Belarus,2,Female,1994,29.62157526923273
57,Belarus,3,Both,1994,38.980032612418654
61,Republic of Moldova,1,Male,1994,49.05630215371905
61,Republic of Moldova,2,Female,1994,26.49282127288759
61,Republic of Moldova,3,Both,1994,37.27963147393878
18,Thailand,1,Male,2000,39.038046795449
18,Thailand,2,Female,2000,29.32213409330317
18,Thailand,3,Both,2000,34.11180385550728
12,Lao People's Democratic Republic,1,Male,2020,45.20602508392923
12,Lao People's Democratic Republic,2,Female,2020,38.879120645616
12,Lao People's Democratic Republic,3,Both,2020,42.06096525817882
69,Singapore,1,Male,1994,31.845272274513007
69,Singapore,2,Female,1994,21.85840867881444
69,Singapore,3,Both,1994,26.920717184642267
18,Thailand,1,Male,2004,36.240158058889286
18,Thailand,2,Female,2004,24.67283335466533
18,Thailand,3,Both,2004,30.35803585997494
10,Cambodia,1,Male,2019,44.69711322297948
10,Cambodia,2,Female,2019,32.91453793176914
10,Cambodia,3,Both,2019,38.69288215197081
77,Cyprus,1,Male,1994,51.81241673932171
77,Cyprus,2,Female,1994,40.24321910617052
77,Cyprus,3,Both,1994,46.07209653591117
81,Germany,1,Male,1994,42.60042016717165
81,Germany,2,Female,1994,31.44611563264871
81,Germany,3,Both,1994,36.87085519496233
85,Israel,1,Male,1994,43.48760055238616
85,Israel,2,Female,1994,37.84430665592059
85,Israel,3,Both,1994,40.63206105444257
218,Togo,1,Male,2015,18.023290557516415
218,Togo,2,Female,2015,13.70923258140648
218,Togo,3,Both,2015,15.82222289869792
89,Netherlands,1,Male,1994,44.316135261541575
89,Netherlands,2,Female,1994,39.38771321293456
89,Netherlands,3,Both,1994,41.823617564271096
12,Lao People's Democratic Republic,1,Male,2003,46.76242811450772
12,Lao People's Democratic Republic,2,Female,2003,40.54616570895462
12,Lao People's Democratic Republic,3,Both,2003,43.64791521526032
12,Lao People's Democratic Republic,1,Male,2007,46.17774208411359
12,Lao People's Democratic Republic,2,Female,2007,39.80459472459264
12,Lao People's Democratic Republic,3,Both,2007,42.99122581333607
93,Sweden,1,Male,1994,30.27751800320625
93,Sweden,2,Female,1994,28.54740858997029
93,Sweden,3,Both,1994,29.40187249574197
153,Syrian Arab Republic,1,Male,2017,43.60345763790528
153,Syrian Arab Republic,2,Female,2017,29.55062714275422
153,Syrian Arab Republic,3,Both,2017,36.35184340245415
98,Chile,1,Male,1994,46.07427013863981
98,Chile,2,Female,1994,44.599051160158695
98,Chile,3,Both,1994,45.32576226266773
20,Viet Nam,1,Male,2008,46.027791311713
20,Viet Nam,2,Female,2008,33.62744375559833
20,Viet Nam,3,Both,2008,39.7590644039709
102,United States of America,1,Male,1994,40.45965782125582
102,United States of America,2,Female,1994,35.21628762188515
102,United States of America,3,Both,1994,37.782833604040825
97,Argentina,1,Male,2012,38.09806382911859
97,Argentina,2,Female,2012,32.079191135039494
97,Argentina,3,Both,2012,35.01248292219107
7,Democratic People's Republic of Korea,1,Male,2011,45.87952952511957
7,Democratic People's Republic of Korea,2,Female,2011,30.2203934342692
7,Democratic People's Republic of Korea,3,Both,2011,37.90103535755717
106,Bahamas,1,Male,1994,20.84424214905009
106,Bahamas,2,Female,1994,13.213705227858568
106,Bahamas,3,Both,1994,16.95003472768699
110,Dominica,1,Male,1994,22.902473802239378
110,Dominica,2,Female,1994,16.01385550578437
110,Dominica,3,Both,1994,19.43394290964513
22,Fiji,1,Male,1995,35.627417815018
22,Fiji,2,Female,1995,30.96128077949323
22,Fiji,3,Both,1995,33.3345930838624
12,Lao People's Democratic Republic,1,Male,2014,45.91696675903851
12,Lao People's Democratic Republic,2,Female,2014,39.9403819257388
12,Lao People's Democratic Republic,3,Both,2014,42.93936508447333
349,Greenland,1,Male,2013,42.73504114736076
349,Greenland,2,Female,2013,47.12182956714508
349,Greenland,3,Both,2013,44.80088186418679
79,Finland,1,Male,2018,27.32788515730569
79,Finland,2,Female,2018,18.44011780922882
79,Finland,3,Both,2018,22.8232148990211
14,Maldives,1,Male,2020,39.23184364900862
14,Maldives,2,Female,2020,34.39709318578344
14,Maldives,3,Both,2020,37.34749903520154
18,Thailand,1,Male,1997,41.07989429682634
18,Thailand,2,Female,1997,32.57291156981022
18,Thailand,3,Both,1997,36.77207738169688
143,Iraq,1,Male,2015,44.73675766100392
143,Iraq,2,Female,2015,36.31053601564276
143,Iraq,3,Both,2015,40.68967621173884
12,Lao People's Democratic Republic,1,Male,2017,45.61500688197855
12,Lao People's Democratic Republic,2,Female,2017,39.52280221439019
12,Lao People's Democratic Republic,3,Both,2017,42.58347254004159
15,Myanmar,1,Male,1992,49.07780073526741
15,Myanmar,2,Female,1992,47.753198273613066
15,Myanmar,3,Both,1992,48.40396076324523
156,United Arab Emirates,1,Male,2013,30.46198226036641
156,United Arab Emirates,2,Female,2013,23.97099565063029
156,United Arab Emirates,3,Both,2013,28.754037318747912
19,Timor-Leste,1,Male,1992,47.99220262717802
19,Timor-Leste,2,Female,1992,49.07696808690495
19,Timor-Leste,3,Both,1992,48.51674924191324
36,Kazakhstan,1,Male,2019,41.5937927901907
36,Kazakhstan,2,Female,2019,27.27658587818043
36,Kazakhstan,3,Both,2019,34.21335636952798
23,Kiribati,1,Male,1992,54.55216794258308
23,Kiribati,2,Female,1992,58.42579330758775
23,Kiribati,3,Both,1992,56.50437768321348
27,Samoa,1,Male,1992,45.15761661927623
27,Samoa,2,Female,1992,40.59332388752283
27,Samoa,3,Both,1992,42.98240124782194
18,Thailand,1,Male,2013,33.14964095792616
18,Thailand,2,Female,2013,19.48195706542035
18,Thailand,3,Both,2013,26.13656347146956
8,Taiwan (Province of China),1,Male,2015,40.09256413606583
8,Taiwan (Province of China),2,Female,2015,20.88109601314811
8,Taiwan (Province of China),3,Both,2015,30.45975187496795
8,Taiwan (Province of China),1,Male,2016,39.72979113868991
8,Taiwan (Province of China),2,Female,2016,20.41467079814673
8,Taiwan (Province of China),3,Both,2016,30.03194712142404
35,Georgia,1,Male,1992,50.19855776866879
35,Georgia,2,Female,1992,30.60925769681559
35,Georgia,3,Both,1992,39.88572664719135
16,Philippines,1,Male,1997,50.053024750924536
16,Philippines,2,Female,1997,44.05790010765388
16,Philippines,3,Both,1997,47.08432617897096
39,Tajikistan,1,Male,1992,41.17791581365624
39,Tajikistan,2,Female,1992,34.181868694614934
39,Tajikistan,3,Both,1992,37.6691015037158
161,Bangladesh,1,Male,2014,41.16936282576314
161,Bangladesh,2,Female,2014,33.487593771774385
161,Bangladesh,3,Both,2014,37.31233263562501
43,Albania,1,Male,1992,49.699278833229336
43,Albania,2,Female,1992,36.2244865233425
43,Albania,3,Both,1992,43.12443483834152
47,Czechia,1,Male,1992,48.48713091489471
47,Czechia,2,Female,1992,37.00961866788097
47,Czechia,3,Both,1992,42.57774630448496
51,Poland,1,Male,1992,56.59094893585305
51,Poland,2,Female,1992,44.91143021776222
51,Poland,3,Both,1992,50.5923165349912
60,Lithuania,1,Male,1992,44.137031875326784
60,Lithuania,2,Female,1992,27.74014035015552
60,Lithuania,3,Both,1992,35.479948312585655
87,Luxembourg,1,Male,2015,33.76737500330138
87,Luxembourg,2,Female,2015,25.89919220466403
87,Luxembourg,3,Both,2015,29.83902291554662
20,Viet Nam,1,Male,2005,48.035160314320194
20,Viet Nam,2,Female,2005,37.42322307728133
20,Viet Nam,3,Both,2005,42.66461330759543
14,Maldives,1,Male,2016,40.78086730030074
14,Maldives,2,Female,2016,36.80087180098202
14,Maldives,3,Both,2016,39.11785506614437
24,Marshall Islands,1,Male,2005,38.31194586916385
24,Marshall Islands,2,Female,2005,35.91042338282295
24,Marshall Islands,3,Both,2005,37.1425562102297
8,Taiwan (Province of China),1,Male,2018,39.007460884884345
8,Taiwan (Province of China),2,Female,2018,19.493613771117648
8,Taiwan (Province of China),3,Both,2018,29.18452111372825
198,Zimbabwe,1,Male,2018,27.88686508912001
198,Zimbabwe,2,Female,2018,21.921191850190112
198,Zimbabwe,3,Both,2018,24.79413299683187
28,Solomon Islands,1,Male,2005,43.608969754936176
28,Solomon Islands,2,Female,2005,42.85371797121034
28,Solomon Islands,3,Both,2005,43.24264128922448
36,Kazakhstan,1,Male,2005,44.47324715470189
36,Kazakhstan,2,Female,2005,31.16921887130753
36,Kazakhstan,3,Both,2005,37.572808914972775
15,Myanmar,1,Male,2016,34.46301530380499
15,Myanmar,2,Female,2016,28.05128224616412
15,Myanmar,3,Both,2016,31.14737397788276
40,Turkmenistan,1,Male,2005,45.06045331892788
40,Turkmenistan,2,Female,2005,33.35439603413783
40,Turkmenistan,3,Both,2005,39.26696035895562
44,Bosnia and Herzegovina,1,Male,2005,57.07008824433972
44,Bosnia and Herzegovina,2,Female,2005,43.57800564763305
44,Bosnia and Herzegovina,3,Both,2005,50.213983380469095
48,Hungary,1,Male,2005,48.05183597819191
48,Hungary,2,Female,2005,37.08686135369464
48,Hungary,3,Both,2005,42.29528295410076
52,Romania,1,Male,2005,44.95020825462784
52,Romania,2,Female,2005,30.84160003382528
52,Romania,3,Both,2005,37.72186877066693
162,Bhutan,1,Male,2017,20.04454754610725
162,Bhutan,2,Female,2017,13.74805664229754
162,Bhutan,3,Both,2017,17.041924960368952
53,Serbia,1,Male,2005,53.89747803701172
53,Serbia,2,Female,2005,42.40909403833279
53,Serbia,3,Both,2005,48.01807306308377
57,Belarus,1,Male,2005,46.54209485455151
57,Belarus,2,Female,2005,25.40213574907223
57,Belarus,3,Both,2005,35.29225078250876
522,Sudan,1,Male,2020,29.871116362836407
522,Sudan,2,Female,2020,21.11402064401304
522,Sudan,3,Both,2020,25.564960173647822
61,Republic of Moldova,1,Male,2005,48.40965280840555
61,Republic of Moldova,2,Female,2005,24.13825246417933
61,Republic of Moldova,3,Both,2005,35.75610610883316
69,Singapore,1,Male,2005,28.111602095553863
69,Singapore,2,Female,2005,17.94371295375374
69,Singapore,3,Both,2005,23.082253448996426
77,Cyprus,1,Male,2005,50.27105322561146
77,Cyprus,2,Female,2005,37.82170822201129
77,Cyprus,3,Both,2005,44.04870611534951
81,Germany,1,Male,2005,38.755463069532
81,Germany,2,Female,2005,28.16556373196932
81,Germany,3,Both,2005,33.348438641519515
85,Israel,1,Male,2005,40.0037124121666
85,Israel,2,Female,2005,32.9740348327694
85,Israel,3,Both,2005,36.452574778154286
13,Malaysia,1,Male,1994,43.82116006658756
13,Malaysia,2,Female,1994,36.76125607604293
13,Malaysia,3,Both,1994,40.3378101751885
12,Lao People's Democratic Republic,1,Male,2018,45.48575583679399
12,Lao People's Democratic Republic,2,Female,2018,39.363420422357606
12,Lao People's Democratic Republic,3,Both,2018,42.44035829718279
15,Myanmar,1,Male,1995,47.06334233009661
15,Myanmar,2,Female,1995,44.26298151765351
15,Myanmar,3,Both,1995,45.63262726998652
15,Myanmar,1,Male,1998,45.23905243395109
15,Myanmar,2,Female,1998,41.26217230430708
15,Myanmar,3,Both,1998,43.19940870891418
17,Sri Lanka,1,Male,1998,32.8200316641618
17,Sri Lanka,2,Female,1998,26.59980510430417
17,Sri Lanka,3,Both,1998,29.67788312820393
14,Maldives,1,Male,2018,39.93511878610589
14,Maldives,2,Female,2018,35.701298072284345
14,Maldives,3,Both,2018,38.22918728453406
14,Maldives,1,Male,2019,39.56645956557424
14,Maldives,2,Female,2019,35.09969767650844
14,Maldives,3,Both,2019,37.79705794882356
10,Cambodia,1,Male,2014,45.34005001320431
10,Cambodia,2,Female,2014,33.697580538226816
10,Cambodia,3,Both,2014,39.38865126269365
26,Papua New Guinea,1,Male,1992,44.85904398027768
26,Papua New Guinea,2,Female,1992,45.45121853244371
26,Papua New Guinea,3,Both,1992,45.14377813670702
69,Singapore,1,Male,2016,24.04969307575427
69,Singapore,2,Female,2016,14.04723370236759
69,Singapore,3,Both,2016,19.25771030621316
108,Belize,1,Male,2012,20.97579947490166
108,Belize,2,Female,2012,17.60654853834731
108,Belize,3,Both,2012,19.28895797774857
17,Sri Lanka,1,Male,2012,26.69669176528845
17,Sri Lanka,2,Female,2012,18.33761050745406
17,Sri Lanka,3,Both,2012,22.39222779908863
92,Spain,1,Male,2015,39.85218588093663
92,Spain,2,Female,2015,29.17788298772086
92,Spain,3,Both,2015,34.41981706965936
351,Guam,1,Male,2016,32.5770968189108
351,Guam,2,Female,2016,23.462042465996
351,Guam,3,Both,2016,28.11766910132404
20,Viet Nam,1,Male,1992,52.23270033509358
20,Viet Nam,2,Female,1992,47.13695441146431
20,Viet Nam,3,Both,1992,49.61708747963911
10,Cambodia,1,Male,2017,44.7851314042324
10,Cambodia,2,Female,2017,33.05606681055162
10,Cambodia,3,Both,2017,38.79929877484034
20,Viet Nam,1,Male,1995,52.51729208425512
20,Viet Nam,2,Female,1995,46.57435335072444
20,Viet Nam,3,Both,1995,49.47935841183087
84,Ireland,1,Male,2018,29.12460302931065
84,Ireland,2,Female,2018,24.9565283281386
84,Ireland,3,Both,2018,27.01892457194711
78,Denmark,1,Male,2014,33.80409729048568
78,Denmark,2,Female,2014,27.50055023524258
78,Denmark,3,Both,2014,30.628456744300596
22,Fiji,1,Male,2007,31.5510496418297
22,Fiji,2,Female,2007,26.80315448018869
22,Fiji,3,Both,2007,29.22573108567579
140,Bahrain,1,Male,2016,31.90744965278094
140,Bahrain,2,Female,2016,21.638837709549712
140,Bahrain,3,Both,2016,28.08387256578363
15,Myanmar,1,Male,2009,37.46044200741007
15,Myanmar,2,Female,2009,31.391364998114152
15,Myanmar,3,Both,2009,34.32712222029185
15,Myanmar,1,Male,2010,36.85806828538736
15,Myanmar,2,Female,2010,30.67111788237536
15,Myanmar,3,Both,2010,33.66287806951729
19,Timor-Leste,1,Male,2009,48.998599882375
19,Timor-Leste,2,Female,2009,50.11783292944965
19,Timor-Leste,3,Both,2009,49.54633951523812
16,Philippines,1,Male,2010,44.10774260906386
16,Philippines,2,Female,2010,36.936197850167765
16,Philippines,3,Both,2010,40.56819448053952
22,Fiji,1,Male,1998,34.61367058049159
22,Fiji,2,Female,1998,29.72221002004001
22,Fiji,3,Both,1998,32.21426742676904
12,Lao People's Democratic Republic,1,Male,2012,45.95981319903032
12,Lao People's Democratic Republic,2,Female,2012,39.87680314551183
12,Lao People's Democratic Republic,3,Both,2012,42.92653543224373
23,Kiribati,1,Male,2009,57.67882102347736
23,Kiribati,2,Female,2009,61.29253485597551
23,Kiribati,3,Both,2009,59.50489623495694
20,Viet Nam,1,Male,2010,45.07593664704559
20,Viet Nam,2,Female,2010,31.85160769943529
20,Viet Nam,3,Both,2010,38.39571026547641
27,Samoa,1,Male,2009,43.44849397731247
27,Samoa,2,Female,2009,38.75887225497042
27,Samoa,3,Both,2009,41.18631590969602
24,Marshall Islands,1,Male,2010,37.10245208206014
24,Marshall Islands,2,Female,2010,33.746834295443975
24,Marshall Islands,3,Both,2010,35.46808796028516
349,Greenland,1,Male,2016,41.05984329419799
349,Greenland,2,Female,2016,44.741500269583625
349,Greenland,3,Both,2016,42.79574187592371
7,Democratic People's Republic of Korea,1,Male,2013,45.03882649227537
7,Democratic People's Republic of Korea,2,Female,2013,29.5900128291354
7,Democratic People's Republic of Korea,3,Both,2013,37.18990039474652
10,Cambodia,1,Male,2013,45.76409838474772
10,Cambodia,2,Female,2013,34.109613378021905
10,Cambodia,3,Both,2013,39.80332576828668
123,Peru,1,Male,2019,14.30736890042284
123,Peru,2,Female,2019,8.43665905630999
123,Peru,3,Both,2019,11.38928807986845
28,Solomon Islands,1,Male,2010,44.58888831361425
28,Solomon Islands,2,Female,2010,44.18910149793786
28,Solomon Islands,3,Both,2010,44.39417581826514
35,Georgia,1,Male,2009,52.26009534323433
35,Georgia,2,Female,2009,29.943443118052897
35,Georgia,3,Both,2009,40.48682130163064
39,Tajikistan,1,Male,2009,32.76907420377944
39,Tajikistan,2,Female,2009,23.99195824877841
39,Tajikistan,3,Both,2009,28.421619832748178
43,Albania,1,Male,2009,50.13383654454988
43,Albania,2,Female,2009,29.73076381063629
43,Albania,3,Both,2009,39.9450387560259
62,Russian Federation,1,Male,2017,48.81542882573065
62,Russian Federation,2,Female,2017,25.27957883149126
62,Russian Federation,3,Both,2017,36.22062290827544
36,Kazakhstan,1,Male,2010,43.84533192099397
36,Kazakhstan,2,Female,2010,31.29994978185822
36,Kazakhstan,3,Both,2010,37.34523543133818
27,Samoa,1,Male,2013,42.29503841930884
27,Samoa,2,Female,2013,37.29322529501245
27,Samoa,3,Both,2013,39.876061853824666
47,Czechia,1,Male,2009,41.48515749683142
47,Czechia,2,Female,2009,29.449774118349943
47,Czechia,3,Both,2009,35.344912699375094
51,Poland,1,Male,2009,41.876009018133146
51,Poland,2,Female,2009,33.88205204726296
51,Poland,3,Both,2009,37.74814673391319
40,Turkmenistan,1,Male,2010,41.8064042108398
40,Turkmenistan,2,Female,2010,30.49417142818226
40,Turkmenistan,3,Both,2010,36.23749368555216
44,Bosnia and Herzegovina,1,Male,2010,57.38421542095975
44,Bosnia and Herzegovina,2,Female,2010,44.06096824277192
44,Bosnia and Herzegovina,3,Both,2010,50.61113070402173
48,Hungary,1,Male,2010,45.06648294128371
48,Hungary,2,Female,2010,34.17596676779324
48,Hungary,3,Both,2010,39.34454236486268
60,Lithuania,1,Male,2009,39.64663263049763
60,Lithuania,2,Female,2009,21.83119258464032
60,Lithuania,3,Both,2009,30.072679961964734
52,Romania,1,Male,2010,41.9140170431602
52,Romania,2,Female,2010,28.08308966424185
52,Romania,3,Both,2010,34.82620415039888
53,Serbia,1,Male,2010,51.885390001490464
53,Serbia,2,Female,2010,41.30244149713901
53,Serbia,3,Both,2010,46.48725881692466
57,Belarus,1,Male,2010,46.65918006680095
57,Belarus,2,Female,2010,25.07268809087329
57,Belarus,3,Both,2010,35.12686018819128
349,Greenland,1,Male,2019,39.98069232079175
349,Greenland,2,Female,2019,43.16361675944278
349,Greenland,3,Both,2019,41.48807110321032
68,Republic of Korea,1,Male,2009,42.45643203747359
68,Republic of Korea,2,Female,2009,22.82614297558498
68,Republic of Korea,3,Both,2009,32.60392804539719
8,Taiwan (Province of China),1,Male,2020,38.206868628100295
8,Taiwan (Province of China),2,Female,2020,18.45706946806503
8,Taiwan (Province of China),3,Both,2020,28.24064600777843
72,New Zealand,1,Male,2009,30.55166727011114
72,New Zealand,2,Female,2009,25.8544280921197
72,New Zealand,3,Both,2009,28.15451371341211
61,Republic of Moldova,1,Male,2010,48.06172736532626
61,Republic of Moldova,2,Female,2010,22.750768160080952
61,Republic of Moldova,3,Both,2010,34.85439143588777
69,Singapore,1,Male,2010,26.33230511777791
69,Singapore,2,Female,2010,16.563249635517142
69,Singapore,3,Both,2010,21.64589878652795
77,Cyprus,1,Male,2010,49.7973428451536
77,Cyprus,2,Female,2010,37.51421992391318
77,Cyprus,3,Both,2010,43.624988703934
10,Cambodia,1,Male,2016,44.88490222418665
10,Cambodia,2,Female,2016,33.21633524863088
10,Cambodia,3,Both,2016,38.92670311464929
76,Belgium,1,Male,2009,38.03113637274697
76,Belgium,2,Female,2009,29.87058188638375
76,Belgium,3,Both,2009,33.86789728295072
81,Germany,1,Male,2010,36.34824237652972
81,Germany,2,Female,2010,26.36633456729904
81,Germany,3,Both,2010,31.25754054335163
80,France,1,Male,2009,37.51008304813056
80,France,2,Female,2009,30.17325533019695
80,France,3,Both,2009,33.73418591097258
85,Israel,1,Male,2010,37.72133836314225
85,Israel,2,Female,2010,29.85616298516471
85,Israel,3,Both,2010,33.75545633095834
84,Ireland,1,Male,2009,34.80519887583926
84,Ireland,2,Female,2009,31.67145168216521
84,Ireland,3,Both,2009,33.23270919884832
89,Netherlands,1,Male,2010,33.81894454119724
89,Netherlands,2,Female,2010,30.05670576786344
89,Netherlands,3,Both,2010,31.91772393419524
93,Sweden,1,Male,2010,25.28123573258403
93,Sweden,2,Female,2010,22.95613496470266
93,Sweden,3,Both,2010,24.1136059842311
98,Chile,1,Male,2010,38.898312691026064
98,Chile,2,Female,2010,35.42110845737887
98,Chile,3,Both,2010,37.12905799600742
88,Malta,1,Male,2009,37.73089291616617
88,Malta,2,Female,2009,27.40539923794319
88,Malta,3,Both,2009,32.53901031723369
102,United States of America,1,Male,2010,30.23147283748141
102,United States of America,2,Female,2010,26.31100421365075
102,United States of America,3,Both,2010,28.241484520545068
92,Spain,1,Male,2009,47.01714931615892
92,Spain,2,Female,2009,36.02556843995143
92,Spain,3,Both,2009,41.45977970972171
17,Sri Lanka,1,Male,1992,35.88967336017369
17,Sri Lanka,2,Female,1992,32.024313011308095
17,Sri Lanka,3,Both,1992,33.95942355088231
106,Bahamas,1,Male,2010,19.68659799564736
106,Bahamas,2,Female,2010,11.92738744840786
106,Bahamas,3,Both,2010,15.691929927948689
110,Dominica,1,Male,2010,19.8816378217322
110,Dominica,2,Female,2010,13.02437001423818
110,Dominica,3,Both,2010,16.458204273652
97,Argentina,1,Male,2009,39.651797362409
97,Argentina,2,Female,2009,33.97435341262272
97,Argentina,3,Both,2009,36.74199911697214
22,Fiji,1,Male,2010,31.02848745672009
22,Fiji,2,Female,2010,26.36250176758617
22,Fiji,3,Both,2010,28.74139862057245
17,Sri Lanka,1,Male,1995,34.59818294853688
17,Sri Lanka,2,Female,1995,29.54716682987674
17,Sri Lanka,3,Both,1995,32.062078215601844
15,Myanmar,1,Male,2001,43.42552301878442
15,Myanmar,2,Female,2001,38.60715178917347
15,Myanmar,3,Both,2001,40.94691539086804
15,Myanmar,1,Male,2004,41.28819521994791
15,Myanmar,2,Female,2004,35.85032399190225
15,Myanmar,3,Both,2004,38.48516936760049
175,Burundi,1,Male,2020,14.32920005324636
175,Burundi,2,Female,2020,11.33979781216812
175,Burundi,3,Both,2020,12.83602696375944
13,Malaysia,1,Male,2000,43.66703099151017
13,Malaysia,2,Female,2000,36.35261843322007
13,Malaysia,3,Both,2000,40.08027787108393
22,Fiji,1,Male,2001,33.65152329685308
22,Fiji,2,Female,2001,28.88902834926042
22,Fiji,3,Both,2001,31.31811472011266
10,Cambodia,1,Male,2011,46.84425996970817
10,Cambodia,2,Female,2011,35.199883527031936
10,Cambodia,3,Both,2011,40.88246176303491
13,Malaysia,1,Male,2006,42.14047389137464
13,Malaysia,2,Female,2006,34.44203624025108
13,Malaysia,3,Both,2006,38.39048214404866
14,Maldives,1,Male,2014,41.78411364648672
14,Maldives,2,Female,2014,37.7586747813296
14,Maldives,3,Both,2014,40.03530890843781
8,Taiwan (Province of China),1,Male,2011,41.66464757932633
8,Taiwan (Province of China),2,Female,2011,23.32040508305332
8,Taiwan (Province of China),3,Both,2011,32.52130170750124
376,Northern Mariana Islands,1,Male,2012,35.62280448884979
376,Northern Mariana Islands,2,Female,2012,28.37847643016362
376,Northern Mariana Islands,3,Both,2012,32.11123020216584
154,Tunisia,1,Male,2020,44.81533225164049
154,Tunisia,2,Female,2020,27.67932045176606
154,Tunisia,3,Both,2020,36.21406388894824
15,Myanmar,1,Male,2007,38.93533662920957
15,Myanmar,2,Female,2007,33.127189045324954
15,Myanmar,3,Both,2007,35.93715400921305
22,Fiji,1,Male,2003,32.90184473379415
22,Fiji,2,Female,2003,28.1867164943498
22,Fiji,3,Both,2003,30.59280155299508
16,Philippines,1,Male,2007,46.42071211907805
16,Philippines,2,Female,2007,39.3871791707461
16,Philippines,3,Both,2007,42.94957543013138
18,Thailand,1,Male,2009,34.45166518905718
18,Thailand,2,Female,2009,21.70379899328838
18,Thailand,3,Both,2009,27.971755259232328
8,Taiwan (Province of China),1,Male,2013,40.83675454957072
8,Taiwan (Province of China),2,Female,2013,21.89638189547869
8,Taiwan (Province of China),3,Both,2013,31.36556524072725
24,Marshall Islands,1,Male,2008,37.46906430848882
24,Marshall Islands,2,Female,2008,34.53155730328456
24,Marshall Islands,3,Both,2008,36.03880896725602
178,Eritrea,1,Male,2011,18.226372107630255
178,Eritrea,2,Female,2011,12.14926901617374
178,Eritrea,3,Both,2011,15.22198586994421
20,Viet Nam,1,Male,2007,46.6407894503447
20,Viet Nam,2,Female,2007,34.77336187207069
20,Viet Nam,3,Both,2007,40.63926122186351
24,Marshall Islands,1,Male,2007,37.69252143255499
24,Marshall Islands,2,Female,2007,34.99070803335168
24,Marshall Islands,3,Both,2007,36.37709878391328
12,Lao People's Democratic Republic,1,Male,2015,45.87235014516559
12,Lao People's Democratic Republic,2,Female,2015,39.93261165981185
12,Lao People's Democratic Republic,3,Both,2015,42.91434730243391
28,Solomon Islands,1,Male,2008,44.07565949175404
28,Solomon Islands,2,Female,2008,43.61666407500121
28,Solomon Islands,3,Both,2008,43.85245119019443
28,Solomon Islands,1,Male,2007,43.78269028515383
28,Solomon Islands,2,Female,2007,43.256620588601095
28,Solomon Islands,3,Both,2007,43.527075653061445
36,Kazakhstan,1,Male,2008,44.21995231929297
36,Kazakhstan,2,Female,2008,31.51788848413104
36,Kazakhstan,3,Both,2008,37.63408957939257
14,Maldives,1,Male,2017,40.34289138208539
14,Maldives,2,Female,2017,36.2775006177278
14,Maldives,3,Both,2017,38.67539156252623
40,Turkmenistan,1,Male,2008,43.25001038501458
40,Turkmenistan,2,Female,2008,31.66492470596253
40,Turkmenistan,3,Both,2008,37.53512764016151
12,Lao People's Democratic Republic,1,Male,2016,45.74139770954404
12,Lao People's Democratic Republic,2,Female,2016,39.72745109485358
12,Lao People's Democratic Republic,3,Both,2016,42.74764643469562
44,Bosnia and Herzegovina,1,Male,2008,57.60547427574589
44,Bosnia and Herzegovina,2,Female,2008,44.40858690836095
44,Bosnia and Herzegovina,3,Both,2008,50.89898187954704
36,Kazakhstan,1,Male,2007,44.354077427301455
36,Kazakhstan,2,Female,2007,31.458651722781774
36,Kazakhstan,3,Both,2007,37.66674812927019
40,Turkmenistan,1,Male,2007,43.92307632376944
40,Turkmenistan,2,Female,2007,32.24419648625785
40,Turkmenistan,3,Both,2007,38.156019523381005
48,Hungary,1,Male,2008,46.34154412180541
48,Hungary,2,Female,2008,35.482318578707336
48,Hungary,3,Both,2008,40.63659706560462
44,Bosnia and Herzegovina,1,Male,2007,57.51319688343981
44,Bosnia and Herzegovina,2,Female,2007,44.16985539993916
44,Bosnia and Herzegovina,3,Both,2007,50.72917139096682
52,Romania,1,Male,2008,43.19724361458725
52,Romania,2,Female,2008,29.27360171088238
52,Romania,3,Both,2008,36.0633254533022
48,Hungary,1,Male,2007,46.93634083680751
48,Hungary,2,Female,2007,36.061828696051975
48,Hungary,3,Both,2007,41.224130890077845
53,Serbia,1,Male,2008,52.77930979876364
53,Serbia,2,Female,2008,41.645877485928615
53,Serbia,3,Both,2008,47.08361338931668
52,Romania,1,Male,2007,43.86479578623303
52,Romania,2,Female,2007,29.81784218456978
52,Romania,3,Both,2007,36.66797263863089
22,Fiji,1,Male,2000,33.995145968780335
22,Fiji,2,Female,2000,29.173271739860706
22,Fiji,3,Both,2000,31.63202789064586
14,Maldives,1,Male,2012,42.87786729929009
14,Maldives,2,Female,2012,38.17922377344656
14,Maldives,3,Both,2012,40.75274934027548
57,Belarus,1,Male,2008,46.51945576496472
57,Belarus,2,Female,2008,25.11340933761912
57,Belarus,3,Both,2008,35.09955539262639
53,Serbia,1,Male,2007,53.23920198647407
53,Serbia,2,Female,2007,41.83528890354567
53,Serbia,3,Both,2007,47.39981971551003
57,Belarus,1,Male,2007,46.47899790179507
57,Belarus,2,Female,2007,25.16155789683855
57,Belarus,3,Both,2007,35.114546486980856
26,Papua New Guinea,1,Male,2000,45.946500378798696
26,Papua New Guinea,2,Female,2000,47.41184173191148
26,Papua New Guinea,3,Both,2000,46.65201306626483
30,Vanuatu,1,Male,2000,31.97689235386145
30,Vanuatu,2,Female,2000,31.49716207778617
30,Vanuatu,3,Both,2000,31.74286211476652
61,Republic of Moldova,1,Male,2007,48.30738473516784
61,Republic of Moldova,2,Female,2007,23.59743922994804
61,Republic of Moldova,3,Both,2007,35.42150793727206
522,Sudan,1,Male,2017,29.69037114456645
522,Sudan,2,Female,2017,21.21006086449421
522,Sudan,3,Both,2017,25.51551024003656
69,Singapore,1,Male,2007,27.49857380804889
69,Singapore,2,Female,2007,17.50341826675686
69,Singapore,3,Both,2007,22.638056891411
22,Fiji,1,Male,2004,32.53505883101898
22,Fiji,2,Female,2004,27.81970822787726
22,Fiji,3,Both,2004,30.22634974394641
122,Ecuador,1,Male,2018,16.35135337566051
122,Ecuador,2,Female,2018,10.42654615509883
122,Ecuador,3,Both,2018,13.36736105198316
34,Azerbaijan,1,Male,2000,50.31514749529411
34,Azerbaijan,2,Female,2000,34.14668836062985
34,Azerbaijan,3,Both,2000,42.05010399228484
77,Cyprus,1,Male,2007,50.13836899613331
77,Cyprus,2,Female,2007,37.84548228002536
77,Cyprus,3,Both,2007,43.98059222767643
11,Indonesia,1,Male,2019,43.40792386112483
11,Indonesia,2,Female,2019,34.672095242924186
11,Indonesia,3,Both,2019,39.09339522333643
18,Thailand,1,Male,2006,35.31445785161595
18,Thailand,2,Female,2006,22.893001730250106
18,Thailand,3,Both,2006,28.98530766959453
38,Mongolia,1,Male,2000,41.577890889778
38,Mongolia,2,Female,2000,36.99814943034433
38,Mongolia,3,Both,2000,39.27553835836673
81,Germany,1,Male,2007,37.75527109311508
81,Germany,2,Female,2007,27.34968936010414
81,Germany,3,Both,2007,32.44676487398766
16,Philippines,1,Male,2020,38.63431738599683
16,Philippines,2,Female,2020,30.734520344581316
16,Philippines,3,Both,2020,34.740327796221074
85,Israel,1,Male,2007,39.10824933743989
85,Israel,2,Female,2007,31.68022578790558
85,Israel,3,Both,2007,35.35838392207763
89,Netherlands,1,Male,2007,36.49765995763692
89,Netherlands,2,Female,2007,32.39618673483497
89,Netherlands,3,Both,2007,34.42448811514859
298,American Samoa,1,Male,2019,38.86259587871234
298,American Samoa,2,Female,2019,33.15670560089608
298,American Samoa,3,Both,2019,36.06984729809961
46,Croatia,1,Male,2000,48.69842002004999
46,Croatia,2,Female,2000,36.81490018335981
46,Croatia,3,Both,2000,42.54481186043582
50,Montenegro,1,Male,2000,63.13984477194988
50,Montenegro,2,Female,2000,52.3404565176881
50,Montenegro,3,Both,2000,57.67939420587644
14,Maldives,1,Male,2011,43.41004485720586
14,Maldives,2,Female,2011,38.14584454550791
14,Maldives,3,Both,2011,40.9832181702244
93,Sweden,1,Male,2007,25.96687080879266
93,Sweden,2,Female,2007,24.35019448472975
93,Sweden,3,Both,2007,25.15293448249818
49,North Macedonia,1,Male,2020,54.54087230736576
49,North Macedonia,2,Female,2020,40.69816324002546
49,North Macedonia,3,Both,2020,47.72492285081567
55,Slovenia,1,Male,2000,43.37117202044999
55,Slovenia,2,Female,2000,31.96315153544156
55,Slovenia,3,Both,2000,37.52880453384828
59,Latvia,1,Male,2000,47.69785596525512
59,Latvia,2,Female,2000,28.4275223498644
59,Latvia,3,Both,2000,37.30095120804237
14,Maldives,1,Male,2013,42.32019113424863
14,Maldives,2,Female,2013,38.03091446575737
14,Maldives,3,Both,2013,40.41863612401864
63,Ukraine,1,Male,2000,51.118482105305695
63,Ukraine,2,Female,2000,28.412605022954228
63,Ukraine,3,Both,2000,38.95569251116492
17,Sri Lanka,1,Male,1991,36.243280028240285
17,Sri Lanka,2,Female,1991,32.78231304737167
17,Sri Lanka,3,Both,1991,34.51845070475797
67,Japan,1,Male,2000,45.75982424274079
67,Japan,2,Female,2000,29.235370882760108
67,Japan,3,Both,2000,37.33032084121255
71,Australia,1,Male,2000,35.08481387555061
71,Australia,2,Female,2000,29.64453193609916
71,Australia,3,Both,2000,32.3351583060907
75,Austria,1,Male,2000,44.76518889229132
75,Austria,2,Female,2000,34.67038599332522
75,Austria,3,Both,2000,39.55799367372555
25,Micronesia (Federated States of),1,Male,1991,49.72487562944653
25,Micronesia (Federated States of),2,Female,1991,50.68556241440481
25,Micronesia (Federated States of),3,Both,1991,50.19340774339334
79,Finland,1,Male,2000,33.79690304049781
79,Finland,2,Female,2000,25.0518546276008
79,Finland,3,Both,2000,29.31771861959064
83,Iceland,1,Male,2000,41.07079442527187
83,Iceland,2,Female,2000,32.37999698049861
83,Iceland,3,Both,2000,36.72998251452677
87,Luxembourg,1,Male,2000,41.11540830965788
87,Luxembourg,2,Female,2000,34.91756175390865
87,Luxembourg,3,Both,2000,37.96933872987494
91,Portugal,1,Male,2000,38.91450357198007
91,Portugal,2,Female,2000,25.72695402915035
91,Portugal,3,Both,2000,32.10694892893944
16,Philippines,1,Male,2000,49.48849706398741
16,Philippines,2,Female,2000,42.98775899108716
16,Philippines,3,Both,2000,46.27191668244176
98,Chile,1,Male,2007,40.17368033556723
98,Chile,2,Female,2007,37.09702411386408
98,Chile,3,Both,2007,38.61041763514263
102,United States of America,1,Male,2007,32.1112544105086
102,United States of America,2,Female,2007,27.956130692884106
102,United States of America,3,Both,2007,30.002191424431818
108,Belize,1,Male,2000,22.50446491277977
108,Belize,2,Female,2000,18.839771616549054
108,Belize,3,Both,2000,20.68411347977502
112,Grenada,1,Male,2000,22.63990211242369
112,Grenada,2,Female,2000,16.92658978436365
112,Grenada,3,Both,2000,19.736286481352288
106,Bahamas,1,Male,2007,19.84162399840747
106,Bahamas,2,Female,2007,12.09282908885609
106,Bahamas,3,Both,2007,15.855860741883502
13,Malaysia,1,Male,1997,43.77076362395465
13,Malaysia,2,Female,1997,36.56128071872879
13,Malaysia,3,Both,1997,40.22476533563554
29,Tonga,1,Male,1991,46.81743499948851
29,Tonga,2,Female,1991,44.59669284847616
29,Tonga,3,Both,1991,45.71698173506062
116,Saint Lucia,1,Male,2000,22.71900476737646
116,Saint Lucia,2,Female,2000,17.42983757028987
116,Saint Lucia,3,Both,2000,20.027158451492312
33,Armenia,1,Male,1991,59.39875997845603
33,Armenia,2,Female,1991,41.07361358036105
33,Armenia,3,Both,1991,50.04089839188735
110,Dominica,1,Male,2007,20.22559047413636
110,Dominica,2,Female,2007,13.27424551578996
110,Dominica,3,Both,2007,16.735036401770127
37,Kyrgyzstan,1,Male,1991,44.98588414924704
37,Kyrgyzstan,2,Female,1991,37.905342276833935
37,Kyrgyzstan,3,Both,1991,41.3697272228077
114,Haiti,1,Male,2007,14.915311481898492
114,Haiti,2,Female,2007,12.40716910559053
114,Haiti,3,Both,2007,13.6268089440615
41,Uzbekistan,1,Male,1991,27.14080148125404
41,Uzbekistan,2,Female,1991,18.78810197744161
41,Uzbekistan,3,Both,1991,22.917511433403
118,Suriname,1,Male,2007,36.72070900476024
118,Suriname,2,Female,2007,29.97139669982898
118,Suriname,3,Both,2007,33.36174266628917
175,Burundi,1,Male,2012,14.477675944054347
175,Burundi,2,Female,2012,12.07781988811993
175,Burundi,3,Both,2012,13.27281509639912
122,Ecuador,1,Male,2007,17.93192335053686
122,Ecuador,2,Female,2007,13.06472629928021
122,Ecuador,3,Both,2007,15.48065409947615
45,Bulgaria,1,Male,1991,60.27311508718351
45,Bulgaria,2,Female,1991,44.87202961412898
45,Bulgaria,3,Both,1991,52.45400074801347
126,Costa Rica,1,Male,2007,24.90155027731309
126,Costa Rica,2,Female,2007,19.22797065532273
126,Costa Rica,3,Both,2007,22.03161900957984
49,North Macedonia,1,Male,1991,61.17077351839829
49,North Macedonia,2,Female,1991,50.161549278792194
49,North Macedonia,3,Both,1991,55.69085745802166
130,Mexico,1,Male,2007,24.33967728558653
130,Mexico,2,Female,2007,18.895454897140556
130,Mexico,3,Both,2007,21.55558056843357
54,Slovakia,1,Male,1991,46.63790834293924
54,Slovakia,2,Female,1991,37.58384104239707
54,Slovakia,3,Both,1991,42.00211686700621
58,Estonia,1,Male,1991,47.94527286993261
58,Estonia,2,Female,1991,32.1833276444711
58,Estonia,3,Both,1991,39.55155713466925
26,Papua New Guinea,1,Male,1995,45.53098518445431
26,Papua New Guinea,2,Female,1995,46.48468141435989
26,Papua New Guinea,3,Both,1995,45.990267931986025
62,Russian Federation,1,Male,1991,50.17197331806413
62,Russian Federation,2,Female,1991,30.30958662825296
62,Russian Federation,3,Both,1991,39.6229676050552
66,Brunei Darussalam,1,Male,1991,46.05042281724155
66,Brunei Darussalam,2,Female,1991,42.36010125502393
66,Brunei Darussalam,3,Both,1991,44.3111018661298
178,Eritrea,1,Male,2014,18.29084401140471
178,Eritrea,2,Female,2014,12.1435139242047
178,Eritrea,3,Both,2014,15.25652576882488
22,Fiji,1,Male,1997,34.93712698849431
22,Fiji,2,Female,1997,30.07217455555317
22,Fiji,3,Both,1997,32.5492232233749
201,Burkina Faso,1,Male,2017,20.60258289616437
201,Burkina Faso,2,Female,2017,18.44442374036843
201,Burkina Faso,3,Both,2017,19.48942009265092
8,Taiwan (Province of China),1,Male,2012,41.22124472194574
8,Taiwan (Province of China),2,Female,2012,22.4946284732308
8,Taiwan (Province of China),3,Both,2012,31.87106114925492
74,Andorra,1,Male,1991,45.97557418499169
74,Andorra,2,Female,1991,39.621314042231006
74,Andorra,3,Both,1991,43.00799992288741
78,Denmark,1,Male,1991,49.69287783089635
78,Denmark,2,Female,1991,47.63034167258947
78,Denmark,3,Both,1991,48.64675659785143
82,Greece,1,Male,1991,61.48529683766471
82,Greece,2,Female,1991,43.43086191238155
82,Greece,3,Both,1991,52.34123941582695
26,Papua New Guinea,1,Male,1997,45.82545465481914
26,Papua New Guinea,2,Female,1997,47.00013118605353
26,Papua New Guinea,3,Both,1997,46.39133914453396
86,Italy,1,Male,1991,45.74029667072806
86,Italy,2,Female,1991,36.48290728937253
86,Italy,3,Both,1991,40.974435933793416
90,Norway,1,Male,1991,42.953098799554176
90,Norway,2,Female,1991,39.63857289152299
90,Norway,3,Both,1991,41.2765799510752
30,Vanuatu,1,Male,1997,32.298026373516834
30,Vanuatu,2,Female,1997,32.28449449873579
30,Vanuatu,3,Both,1997,32.29142915946886
11,Indonesia,1,Male,2020,43.17378308811176
11,Indonesia,2,Female,2020,34.23934845435956
11,Indonesia,3,Both,2020,38.76231505402537
34,Azerbaijan,1,Male,1997,49.89550968133268
34,Azerbaijan,2,Female,1997,34.632878701574846
34,Azerbaijan,3,Both,1997,42.06789231794393
38,Mongolia,1,Male,1997,41.76607187064832
38,Mongolia,2,Female,1997,37.60413327238434
38,Mongolia,3,Both,1997,39.67404376054374
8,Taiwan (Province of China),1,Male,2014,40.45362681921308
8,Taiwan (Province of China),2,Female,2014,21.32774925224176
8,Taiwan (Province of China),3,Both,2014,30.8764802153289
46,Croatia,1,Male,1997,49.793317837279
46,Croatia,2,Female,1997,38.25026253285304
46,Croatia,3,Both,1997,43.82901629273781
50,Montenegro,1,Male,1997,62.260684220308846
50,Montenegro,2,Female,1997,51.255128968768894
50,Montenegro,3,Both,1997,56.708394409619125
94,Switzerland,1,Male,1991,44.01525799460805
94,Switzerland,2,Female,1991,34.68624368814298
94,Switzerland,3,Both,1991,39.28264864546776
16,Philippines,1,Male,2014,41.26509738920954
16,Philippines,2,Female,2014,34.00747785121726
16,Philippines,3,Both,2014,37.68522163731164
55,Slovenia,1,Male,1997,44.05587411871766
55,Slovenia,2,Female,1997,32.64825584243275
55,Slovenia,3,Both,1997,38.20226899058543
59,Latvia,1,Male,1997,48.49825345370402
59,Latvia,2,Female,1997,29.684498901897747
59,Latvia,3,Both,1997,38.36411984831586
95,United Kingdom,1,Male,1991,45.12781080118378
95,United Kingdom,2,Female,1991,39.567247053431295
95,United Kingdom,3,Both,1991,42.26872375604195
149,Palestine,1,Male,2020,46.11853103670231
149,Palestine,2,Female,2020,38.00959576766737
149,Palestine,3,Both,2020,42.1412583799336
63,Ukraine,1,Male,1997,51.45768813886913
63,Ukraine,2,Female,1997,28.897821698442648
63,Ukraine,3,Both,1997,39.37672728010317
99,Uruguay,1,Male,1991,45.04293351920078
99,Uruguay,2,Female,1991,34.72799781382722
99,Uruguay,3,Both,1991,39.741268536282
67,Japan,1,Male,1997,47.45062228583352
67,Japan,2,Female,1997,31.05990874094879
67,Japan,3,Both,1997,39.10059374169589
71,Australia,1,Male,1997,36.4278720372288
71,Australia,2,Female,1997,31.279981323645934
71,Australia,3,Both,1997,33.82897146985701
75,Austria,1,Male,1997,43.76946743403245
75,Austria,2,Female,1997,33.70505014111091
75,Austria,3,Both,1997,38.571315340673415
79,Finland,1,Male,1997,34.70037386322344
79,Finland,2,Female,1997,26.357034794186053
79,Finland,3,Both,1997,30.4210491509891
14,Maldives,1,Male,2015,41.26254767990282
14,Maldives,2,Female,2015,37.33210085159888
14,Maldives,3,Both,2015,39.58842374603487
107,Barbados,1,Male,1991,17.513444929165612
107,Barbados,2,Female,1991,11.379683073086673
107,Barbados,3,Both,1991,14.329153945211988
83,Iceland,1,Male,1997,43.36850615367805
83,Iceland,2,Female,1997,34.76343292093674
83,Iceland,3,Both,1997,39.07360035102091
111,Dominican Republic,1,Male,1991,23.892330086303552
111,Dominican Republic,2,Female,1991,21.11131046305723
111,Dominican Republic,3,Both,1991,22.47140847358305
87,Luxembourg,1,Male,1997,42.0439988236172
87,Luxembourg,2,Female,1997,35.57007493126265
87,Luxembourg,3,Both,1997,38.75457207417619
115,Jamaica,1,Male,1991,31.25313282828278
115,Jamaica,2,Female,1991,26.01862749573597
115,Jamaica,3,Both,1991,28.58819932799268
91,Portugal,1,Male,1997,39.21145885712708
91,Portugal,2,Female,1997,26.01074009155693
91,Portugal,3,Both,1997,32.39377437740816
119,Trinidad and Tobago,1,Male,1991,33.09999108501415
119,Trinidad and Tobago,2,Female,1991,28.43561352904716
119,Trinidad and Tobago,3,Both,1991,30.77034820227368
123,Peru,1,Male,1991,20.11528133887712
123,Peru,2,Female,1991,16.8409515789467
123,Peru,3,Both,1991,18.46941790161277
127,El Salvador,1,Male,1991,15.19583230172213
127,El Salvador,2,Female,1991,11.28505523250233
127,El Salvador,3,Both,1991,13.19078858056258
131,Nicaragua,1,Male,1991,32.598589659584896
131,Nicaragua,2,Female,1991,32.111315771142216
131,Nicaragua,3,Both,1991,32.35067603671387
108,Belize,1,Male,1997,23.04356383607486
108,Belize,2,Female,1997,19.38287910629676
108,Belize,3,Both,1997,21.23049693394799
16,Philippines,1,Male,2018,39.17739141674676
16,Philippines,2,Female,2018,31.62036537055884
16,Philippines,3,Both,2018,35.4517775787132
112,Grenada,1,Male,1997,22.92676329153783
112,Grenada,2,Female,1997,17.148825228387192
112,Grenada,3,Both,1997,19.989379005642448
116,Saint Lucia,1,Male,1997,22.88698596311474
116,Saint Lucia,2,Female,1997,17.81662058352945
116,Saint Lucia,3,Both,1997,20.29964217478415
8,Taiwan (Province of China),1,Male,2017,39.37935980870576
8,Taiwan (Province of China),2,Female,2017,19.98309939030657
8,Taiwan (Province of China),3,Both,2017,29.62783637902876
7,Democratic People's Republic of Korea,1,Male,2019,43.20388968844257
7,Democratic People's Republic of Korea,2,Female,2019,27.91285412040111
7,Democratic People's Republic of Korea,3,Both,2019,35.49408775896797
83,Iceland,1,Male,2018,31.221638061015888
83,Iceland,2,Female,2018,21.971417979736067
83,Iceland,3,Both,2018,26.64542464459706
20,Viet Nam,1,Male,1997,52.29066220503099
20,Viet Nam,2,Female,1997,45.58290161290173
20,Viet Nam,3,Both,1997,48.87159847719776
24,Marshall Islands,1,Male,1997,40.23003549301902
24,Marshall Islands,2,Female,1997,37.41613330186159
24,Marshall Islands,3,Both,1997,38.85737562423518
40,Turkmenistan,1,Male,2011,41.006869165197394
40,Turkmenistan,2,Female,2011,29.85464278726311
40,Turkmenistan,3,Both,2011,35.52215503796375
19,Timor-Leste,1,Male,1998,47.75910223099301
19,Timor-Leste,2,Female,1998,47.8317853144628
19,Timor-Leste,3,Both,1998,47.79454744304852
17,Sri Lanka,1,Male,1994,35.0719740009991
17,Sri Lanka,2,Female,1994,30.42107446578719
17,Sri Lanka,3,Both,1994,32.74116618902487
28,Solomon Islands,1,Male,1997,44.62825638516733
28,Solomon Islands,2,Female,1997,43.73514071973274
28,Solomon Islands,3,Both,1997,44.19777092518317
25,Micronesia (Federated States of),1,Male,1994,49.70612249488755
25,Micronesia (Federated States of),2,Female,1994,50.48763319116073
25,Micronesia (Federated States of),3,Both,1994,50.08846143315889
36,Kazakhstan,1,Male,1997,45.31677947376312
36,Kazakhstan,2,Female,1997,32.03856084635669
36,Kazakhstan,3,Both,1997,38.44286799476454
93,Sweden,1,Male,2013,24.83309114109105
93,Sweden,2,Female,2013,22.00042883769753
93,Sweden,3,Both,2013,23.414673103153746
40,Turkmenistan,1,Male,1997,47.13840032937108
40,Turkmenistan,2,Female,1997,36.3955368679427
40,Turkmenistan,3,Both,1997,41.75962394852861
29,Tonga,1,Male,1994,46.56402209669947
29,Tonga,2,Female,1994,44.7910230995248
29,Tonga,3,Both,1994,45.68727074331938
44,Bosnia and Herzegovina,1,Male,1997,51.30256412143483
44,Bosnia and Herzegovina,2,Female,1997,37.99023354315701
44,Bosnia and Herzegovina,3,Both,1997,44.44081402233475
19,Timor-Leste,1,Male,1995,47.852638355693536
19,Timor-Leste,2,Female,1995,48.333632396500846
19,Timor-Leste,3,Both,1995,48.086038098856
10,Cambodia,1,Male,2012,46.27699576287704
10,Cambodia,2,Female,2012,34.59755042780134
10,Cambodia,3,Both,2012,40.30029500480719
23,Kiribati,1,Male,1998,57.89954264159446
23,Kiribati,2,Female,1998,61.77903915889536
23,Kiribati,3,Both,1998,59.8626951612653
30,Vanuatu,1,Male,1992,32.13298550441258
30,Vanuatu,2,Female,1992,31.47154244398741
30,Vanuatu,3,Both,1992,31.811106820547693
48,Hungary,1,Male,1997,51.7132764745494
48,Hungary,2,Female,1997,39.720228684429074
48,Hungary,3,Both,1997,45.44052977866822
27,Samoa,1,Male,1998,46.13145335560996
27,Samoa,2,Female,1998,42.42018770530953
27,Samoa,3,Both,1998,44.35519951554239
13,Malaysia,1,Male,2003,43.12028390765328
13,Malaysia,2,Female,2003,35.61644150244873
13,Malaysia,3,Both,2003,39.45237178330526
33,Armenia,1,Male,1994,59.091692646195234
33,Armenia,2,Female,1994,38.71801310324176
33,Armenia,3,Both,1994,48.64368458798241
23,Kiribati,1,Male,1995,56.044629664204784
23,Kiribati,2,Female,1995,60.090133758300766
23,Kiribati,3,Both,1995,58.08573620909673
52,Romania,1,Male,1997,46.92476520072446
52,Romania,2,Female,1997,33.90251890253403
52,Romania,3,Both,1997,40.28420830858596
374,Niue,1,Male,2014,30.62133166221183
374,Niue,2,Female,2014,20.32246691009355
374,Niue,3,Both,2014,25.494612727347494
37,Kyrgyzstan,1,Male,1994,43.04177018943508
37,Kyrgyzstan,2,Female,1994,34.96136838949317
37,Kyrgyzstan,3,Both,1994,38.92564123229775
53,Serbia,1,Male,1997,53.2299276994311
53,Serbia,2,Female,1997,43.4068898992796
53,Serbia,3,Both,1997,48.2562400874488
27,Samoa,1,Male,1995,45.555986552906816
27,Samoa,2,Female,1995,41.46110410946312
27,Samoa,3,Both,1995,43.59950275732704
41,Uzbekistan,1,Male,1994,27.877105345736098
41,Uzbekistan,2,Female,1994,19.6104843240514
41,Uzbekistan,3,Both,1994,23.70095132127311
57,Belarus,1,Male,1997,48.55269360511648
57,Belarus,2,Female,1997,28.27262228090512
57,Belarus,3,Both,1997,37.81426816450262
35,Georgia,1,Male,1998,49.32125047116595
35,Georgia,2,Female,1998,28.52345403521042
35,Georgia,3,Both,1998,38.30844500568537
45,Bulgaria,1,Male,1994,59.04259845795187
45,Bulgaria,2,Female,1994,43.04069258699842
45,Bulgaria,3,Both,1994,50.88730264074368
39,Tajikistan,1,Male,1998,37.77042508635244
39,Tajikistan,2,Female,1998,29.08423747716237
39,Tajikistan,3,Both,1998,33.42639708076951
61,Republic of Moldova,1,Male,1997,49.02364482876272
61,Republic of Moldova,2,Female,1997,25.98425279089044
61,Republic of Moldova,3,Both,1997,37.00478405841247
43,Albania,1,Male,1998,49.29962769210646
43,Albania,2,Female,1998,33.39369954608183
43,Albania,3,Both,1998,41.38150005486843
35,Georgia,1,Male,1995,49.43903349377382
35,Georgia,2,Female,1995,29.03138708489746
35,Georgia,3,Both,1995,38.66081242622721
34,Azerbaijan,1,Male,1992,48.93098047066393
34,Azerbaijan,2,Female,1992,35.082610310893244
34,Azerbaijan,3,Both,1992,41.83056306963663
47,Czechia,1,Male,1998,46.0340077945941
47,Czechia,2,Female,1998,34.85034820069612
47,Czechia,3,Both,1998,40.28790563201403
69,Singapore,1,Male,1997,30.49242406380084
69,Singapore,2,Female,1997,20.30683573707181
69,Singapore,3,Both,1997,25.56217020436166
39,Tajikistan,1,Male,1995,39.51794039661415
39,Tajikistan,2,Female,1995,31.578148117378102
39,Tajikistan,3,Both,1995,35.5388893911851
49,North Macedonia,1,Male,1994,61.0517266579957
49,North Macedonia,2,Female,1994,49.51394607304688
49,North Macedonia,3,Both,1994,55.29862715916831
51,Poland,1,Male,1998,50.55615016672911
51,Poland,2,Female,1998,40.07936395507341
51,Poland,3,Both,1998,45.16189138796828
43,Albania,1,Male,1995,49.468579402726256
43,Albania,2,Female,1995,34.82940657896571
43,Albania,3,Both,1995,42.25330983489471
77,Cyprus,1,Male,1997,51.39666299290702
77,Cyprus,2,Female,1997,39.31455009844409
77,Cyprus,3,Both,1997,45.39605900016917
54,Slovakia,1,Male,1994,45.131694553586414
54,Slovakia,2,Female,1994,35.77615535307283
54,Slovakia,3,Both,1994,40.33145363552397
47,Czechia,1,Male,1995,47.40902101509816
47,Czechia,2,Female,1995,36.12045198797856
47,Czechia,3,Both,1995,41.60254530967319
58,Estonia,1,Male,1994,47.16811946357934
58,Estonia,2,Female,1994,30.67477381064928
58,Estonia,3,Both,1994,38.33576892008538
38,Mongolia,1,Male,1992,42.0014706110955
38,Mongolia,2,Female,1992,38.26613001632311
38,Mongolia,3,Both,1992,40.12919842017889
51,Poland,1,Male,1995,54.002309578516126
51,Poland,2,Female,1995,42.8486833179526
51,Poland,3,Both,1995,48.26630083099927
26,Papua New Guinea,1,Male,2007,44.7054602465614
26,Papua New Guinea,2,Female,2007,46.39793515949797
26,Papua New Guinea,3,Both,2007,45.51870760230874
81,Germany,1,Male,1997,41.90104261786169
81,Germany,2,Female,1997,30.837471186874648
81,Germany,3,Both,1997,36.23000689214309
46,Croatia,1,Male,1992,53.85803447720298
46,Croatia,2,Female,1992,43.41265649892011
46,Croatia,3,Both,1992,48.48511273141269
85,Israel,1,Male,1997,42.467629184013774
85,Israel,2,Female,1997,36.58449861865196
85,Israel,3,Both,1997,39.49074949593348
50,Montenegro,1,Male,1992,60.738759200193634
50,Montenegro,2,Female,1992,49.90984413553248
50,Montenegro,3,Both,1992,55.29756637250929
26,Papua New Guinea,1,Male,1998,45.89303629508436
26,Papua New Guinea,2,Female,1998,47.14767859383676
26,Papua New Guinea,3,Both,1998,46.49738856493676
62,Russian Federation,1,Male,1994,50.60268171373298
62,Russian Federation,2,Female,1994,29.999221167843448
62,Russian Federation,3,Both,1994,39.65881304594631
55,Slovenia,1,Male,1992,46.9046633704833
55,Slovenia,2,Female,1992,36.14609009901128
55,Slovenia,3,Both,1992,41.37218929353358
66,Brunei Darussalam,1,Male,1994,43.80339913736802
66,Brunei Darussalam,2,Female,1994,37.962993180095154
66,Brunei Darussalam,3,Both,1994,41.01239137337106
59,Latvia,1,Male,1992,50.46432966936724
59,Latvia,2,Female,1992,32.91613062919892
59,Latvia,3,Both,1992,41.0670509462036
74,Andorra,1,Male,1994,44.879188446839855
74,Andorra,2,Female,1994,37.81586817479625
74,Andorra,3,Both,1994,41.55904032810503
78,Denmark,1,Male,1994,48.10634074315752
78,Denmark,2,Female,1994,46.14341984117309
78,Denmark,3,Both,1994,47.11136541040932
82,Greece,1,Male,1994,60.5438186025893
82,Greece,2,Female,1994,42.73406713089773
82,Greece,3,Both,1994,51.55166929839682
13,Malaysia,1,Male,2016,37.83832348641756
13,Malaysia,2,Female,2016,29.62771752947809
13,Malaysia,3,Both,2016,33.87214515712471
86,Italy,1,Male,1994,43.56870624446352
86,Italy,2,Female,1994,33.61171654182414
86,Italy,3,Both,1994,38.436654269559575
90,Norway,1,Male,1994,42.19944419645817
90,Norway,2,Female,1994,38.77675212286767
90,Norway,3,Both,1994,40.46801102212956
94,Switzerland,1,Male,1994,43.41182637839183
94,Switzerland,2,Female,1994,34.960789704272635
94,Switzerland,3,Both,1994,39.11726839514326
16,Philippines,1,Male,2003,48.83905423437402
16,Philippines,2,Female,2003,42.132133553496494
16,Philippines,3,Both,2003,45.525247081742734
19,Timor-Leste,1,Male,2010,48.91951963473344
19,Timor-Leste,2,Female,2010,50.06416485859825
19,Timor-Leste,3,Both,2010,49.47963205323829
385,Puerto Rico,1,Male,2013,17.13503633404426
385,Puerto Rico,2,Female,2013,11.87847744075685
385,Puerto Rico,3,Both,2013,14.39689081380636
60,Lithuania,1,Male,1995,43.48541474014827
60,Lithuania,2,Female,1995,26.59488200673232
60,Lithuania,3,Both,1995,34.53297659220855
95,United Kingdom,1,Male,1994,43.35406006316325
95,United Kingdom,2,Female,1994,38.166787016334766
95,United Kingdom,3,Both,1994,40.68788519337866
23,Kiribati,1,Male,2010,57.361523921593495
23,Kiribati,2,Female,2010,60.798240619479294
23,Kiribati,3,Both,2010,59.09931654652344
99,Uruguay,1,Male,1994,45.59882354101722
99,Uruguay,2,Female,1994,35.36901169039217
99,Uruguay,3,Both,1994,40.33390936447595
27,Samoa,1,Male,2010,43.11890631333762
27,Samoa,2,Female,2010,38.34760442035236
27,Samoa,3,Both,2010,40.81599549001134
107,Barbados,1,Male,1994,17.27896573359813
107,Barbados,2,Female,1994,11.08297976863948
107,Barbados,3,Both,1994,14.064681329005673
13,Malaysia,1,Male,2018,37.09102241585247
13,Malaysia,2,Female,2018,28.476914564950302
13,Malaysia,3,Both,2018,32.93266288410142
111,Dominican Republic,1,Male,1994,24.35334132495917
111,Dominican Republic,2,Female,1994,21.5611015560896
111,Dominican Republic,3,Both,1994,22.926718696042208
202,Cameroon,1,Male,2018,15.70859421701671
202,Cameroon,2,Female,2018,12.56499017247618
202,Cameroon,3,Both,2018,14.1337161063288
115,Jamaica,1,Male,1994,31.69502706318714
115,Jamaica,2,Female,1994,26.28301890669556
115,Jamaica,3,Both,1994,28.941522462833507
147,Libya,1,Male,2015,46.90590204111838
147,Libya,2,Female,2015,34.58809649975177
147,Libya,3,Both,2015,40.95887016584977
10,Cambodia,1,Male,2015,45.06435874734209
10,Cambodia,2,Female,2015,33.42546209379344
10,Cambodia,3,Both,2015,39.11804344812546
18,Thailand,1,Male,2018,31.58269287881143
18,Thailand,2,Female,2018,17.20679407968333
18,Thailand,3,Both,2018,24.170311515245945
8,Taiwan (Province of China),1,Male,2019,38.61442711237948
8,Taiwan (Province of China),2,Female,2019,18.99136170126672
8,Taiwan (Province of China),3,Both,2019,28.724271347608948
170,Congo,1,Male,2017,19.29987128345684
170,Congo,2,Female,2017,15.02471506625714
170,Congo,3,Both,2017,17.14933579077132
10,Cambodia,1,Male,2018,44.72077786840655
10,Cambodia,2,Female,2018,32.96378044655191
10,Cambodia,3,Both,2018,38.72474576105008
24,Marshall Islands,1,Male,1992,40.75576925517107
24,Marshall Islands,2,Female,1992,37.25745595123454
24,Marshall Islands,3,Both,1992,39.04938827977616
13,Malaysia,1,Male,2009,41.06079520245489
13,Malaysia,2,Female,2009,33.5686886396204
13,Malaysia,3,Both,2009,37.42343441796572
26,Papua New Guinea,1,Male,2001,45.91172153296936
26,Papua New Guinea,2,Female,2001,47.47756345286407
26,Papua New Guinea,3,Both,2001,46.665361919341706
24,Marshall Islands,1,Male,1995,40.51656674382562
24,Marshall Islands,2,Female,1995,37.43273566167872
24,Marshall Islands,3,Both,1995,39.012032150432816
28,Solomon Islands,1,Male,1992,45.82117974584953
28,Solomon Islands,2,Female,1992,45.174389427332926
28,Solomon Islands,3,Both,1992,45.50987382788546
11,Indonesia,1,Male,2013,44.93573709533856
11,Indonesia,2,Female,2013,37.70263006565023
11,Indonesia,3,Both,2013,41.3524834471898
28,Solomon Islands,1,Male,1995,45.09838652852069
28,Solomon Islands,2,Female,1995,44.271467741058
28,Solomon Islands,3,Both,1995,44.70016403084959
25,Micronesia (Federated States of),1,Male,1995,49.73275157309588
25,Micronesia (Federated States of),2,Female,1995,50.547392752146735
25,Micronesia (Federated States of),3,Both,1995,50.13181916960714
36,Kazakhstan,1,Male,1992,46.62250531312044
36,Kazakhstan,2,Female,1992,34.30702098616071
36,Kazakhstan,3,Both,1992,40.27198526672877
16,Philippines,1,Male,2012,42.66212435752889
16,Philippines,2,Female,2012,35.412261694849
16,Philippines,3,Both,2012,39.08465180372428
40,Turkmenistan,1,Male,1992,47.98650968004588
40,Turkmenistan,2,Female,1992,38.546046784483366
40,Turkmenistan,3,Both,1992,43.22029276823966
17,Sri Lanka,1,Male,2000,31.52737559626184
17,Sri Lanka,2,Female,2000,24.56047042866878
17,Sri Lanka,3,Both,2000,27.99472485119201
44,Bosnia and Herzegovina,1,Male,1992,49.90071702612013
44,Bosnia and Herzegovina,2,Female,1992,38.27582009231105
44,Bosnia and Herzegovina,3,Both,1992,44.07723895004434
16,Philippines,1,Male,2017,39.55231382189607
16,Philippines,2,Female,2017,32.113204477524896
16,Philippines,3,Both,2017,35.88446316936576
48,Hungary,1,Male,1992,52.989441329525455
48,Hungary,2,Female,1992,40.50076072102024
48,Hungary,3,Both,1992,46.48894282998511
22,Fiji,1,Male,2009,31.137329011605093
22,Fiji,2,Female,2009,26.45622824690208
22,Fiji,3,Both,2009,28.84354154973939
52,Romania,1,Male,1992,47.68146539357436
52,Romania,2,Female,1992,34.73736154034483
52,Romania,3,Both,1992,41.10922757302216
53,Serbia,1,Male,1992,51.79245205617763
53,Serbia,2,Female,1992,42.42199907052704
53,Serbia,3,Both,1992,47.0266965706358
19,Timor-Leste,1,Male,2004,48.27544257843982
19,Timor-Leste,2,Female,2004,48.38959705424803
19,Timor-Leste,3,Both,2004,48.33149270443972
35,Georgia,1,Male,2013,53.1222681484352
35,Georgia,2,Female,2013,30.07844871088902
35,Georgia,3,Both,2013,41.028171239522
99,Uruguay,1,Male,2011,38.5834253266178
99,Uruguay,2,Female,2011,29.79022367511076
99,Uruguay,3,Both,2011,34.02071560270331
57,Belarus,1,Male,1992,50.06758657397257
57,Belarus,2,Female,1992,30.57424210166508
57,Belarus,3,Both,1992,39.73632119919379
23,Kiribati,1,Male,2004,59.45081994802644
23,Kiribati,2,Female,2004,63.54052374704854
23,Kiribati,3,Both,2004,61.51846557641378
27,Samoa,1,Male,2004,45.60021335465465
27,Samoa,2,Female,2004,41.69595711317266
27,Samoa,3,Both,2004,43.723741734052055
26,Papua New Guinea,1,Male,2003,45.65322365963983
26,Papua New Guinea,2,Female,2003,47.34192833069893
26,Papua New Guinea,3,Both,2003,46.46539504940241
30,Vanuatu,1,Male,2003,31.17216226793141
30,Vanuatu,2,Female,2003,29.585846689943978
30,Vanuatu,3,Both,2003,30.39698605579074
34,Azerbaijan,1,Male,2003,50.64388357825214
34,Azerbaijan,2,Female,2003,33.91945895416979
34,Azerbaijan,3,Both,2003,42.1311792488334
35,Georgia,1,Male,2004,50.41275164741924
35,Georgia,2,Female,2004,28.95763004408441
35,Georgia,3,Both,2004,39.06627547897119
25,Micronesia (Federated States of),1,Male,2012,47.859042136774
25,Micronesia (Federated States of),2,Female,2012,48.98336998590169
25,Micronesia (Federated States of),3,Both,2012,48.41127426053357
39,Tajikistan,1,Male,2004,35.03611267503613
39,Tajikistan,2,Female,2004,25.859912152946617
39,Tajikistan,3,Both,2004,30.47549339142558
12,Lao People's Democratic Republic,1,Male,2011,45.99153387153801
12,Lao People's Democratic Republic,2,Female,2011,39.83446179375727
12,Lao People's Democratic Republic,3,Both,2011,42.9199201870835
18,Thailand,1,Male,2020,31.18636373153701
18,Thailand,2,Female,2020,16.58099725335428
18,Thailand,3,Both,2020,23.63972794844561
38,Mongolia,1,Male,2003,41.25536784467018
38,Mongolia,2,Female,2003,35.7634018964496
38,Mongolia,3,Both,2003,38.49727161423217
46,Croatia,1,Male,2003,48.49043714972049
46,Croatia,2,Female,2003,36.53675351109167
46,Croatia,3,Both,2003,42.29516902824815
50,Montenegro,1,Male,2003,63.1111004792762
50,Montenegro,2,Female,2003,52.63776966223246
50,Montenegro,3,Both,2003,57.808881321924375
55,Slovenia,1,Male,2003,43.92117157144498
55,Slovenia,2,Female,2003,32.62448897882137
55,Slovenia,3,Both,2003,38.14956996841503
26,Papua New Guinea,1,Male,2004,45.48652725208723
26,Papua New Guinea,2,Female,2004,47.22180110447223
26,Papua New Guinea,3,Both,2004,46.32082030871362
22,Fiji,1,Male,2006,31.86226726951836
22,Fiji,2,Female,2006,27.10719743189236
22,Fiji,3,Both,2006,29.53394828735854
16,Philippines,1,Male,2015,40.63451825676175
16,Philippines,2,Female,2015,33.35169826843723
16,Philippines,3,Both,2015,37.04285496049609
59,Latvia,1,Male,2003,47.12227437122719
59,Latvia,2,Female,2003,27.70294066668604
59,Latvia,3,Both,2003,36.62894391710121
13,Malaysia,1,Male,2015,38.25943115114538
13,Malaysia,2,Female,2015,30.27735053706738
13,Malaysia,3,Both,2015,34.401972908768705
11,Indonesia,1,Male,2014,44.74429627343969
11,Indonesia,2,Female,2014,37.19654800657161
11,Indonesia,3,Both,2014,41.00748940815013
63,Ukraine,1,Male,2003,50.64930452035152
63,Ukraine,2,Female,2003,28.07803823957315
63,Ukraine,3,Both,2003,38.54350806970153
67,Japan,1,Male,2003,43.53202908806566
67,Japan,2,Female,2003,26.815771304641387
67,Japan,3,Both,2003,34.99243150312922
320,Cook Islands,1,Male,2015,33.36093165713092
320,Cook Islands,2,Female,2015,25.66538641791059
320,Cook Islands,3,Both,2015,29.44423647294787
71,Australia,1,Male,2003,33.88990929126664
71,Australia,2,Female,2003,28.34375836474818
71,Australia,3,Both,2003,31.08504734435601
75,Austria,1,Male,2003,44.48256181799848
75,Austria,2,Female,2003,34.38254270825643
75,Austria,3,Both,2003,39.28492886390931
79,Finland,1,Male,2003,32.81013109839008
79,Finland,2,Female,2003,23.95934426876297
79,Finland,3,Both,2003,28.28442899562339
83,Iceland,1,Male,2003,38.621461878992505
83,Iceland,2,Female,2003,29.90956627521656
83,Iceland,3,Both,2003,34.26818502985417
87,Luxembourg,1,Male,2003,39.77277151319933
87,Luxembourg,2,Female,2003,33.43992601173833
87,Luxembourg,3,Both,2003,36.562540638894944
91,Portugal,1,Male,2003,38.2964934294045
91,Portugal,2,Female,2003,25.305871582495097
91,Portugal,3,Both,2003,31.582580353277717
77,Cyprus,1,Male,2016,47.87389470233389
77,Cyprus,2,Female,2016,34.76677368953548
77,Cyprus,3,Both,2016,41.25637492171772
108,Belize,1,Male,2003,22.181391196132143
108,Belize,2,Female,2003,18.62407580338419
108,Belize,3,Both,2003,20.40983958041658
22,Fiji,1,Male,2013,30.929303193830226
22,Fiji,2,Female,2013,26.249130517602243
22,Fiji,3,Both,2013,28.63167156815075
13,Malaysia,1,Male,2020,36.42637506302698
13,Malaysia,2,Female,2020,27.39950535348549
13,Malaysia,3,Both,2020,32.07010446919934
126,Costa Rica,1,Male,2018,20.74318402083401
126,Costa Rica,2,Female,2018,13.691255111531058
126,Costa Rica,3,Both,2018,17.110959664257962
19,Timor-Leste,1,Male,2007,48.71679166136588
19,Timor-Leste,2,Female,2007,49.36830767927204
19,Timor-Leste,3,Both,2007,49.03603696469104
19,Timor-Leste,1,Male,2016,48.38132254848894
19,Timor-Leste,2,Female,2016,50.29886628075933
19,Timor-Leste,3,Both,2016,49.32496084306025
11,Indonesia,1,Male,2017,43.96663347984292
11,Indonesia,2,Female,2017,35.59979759150143
11,Indonesia,3,Both,2017,39.83091968054893
23,Kiribati,1,Male,2007,58.49103537713545
23,Kiribati,2,Female,2007,62.55007371973128
23,Kiribati,3,Both,2007,60.54095934018135
25,Micronesia (Federated States of),1,Male,1992,49.69544370257375
25,Micronesia (Federated States of),2,Female,1992,50.548207566971385
25,Micronesia (Federated States of),3,Both,1992,50.11172571292734
27,Samoa,1,Male,2007,44.26861036908854
27,Samoa,2,Female,2007,39.80928469496461
27,Samoa,3,Both,2007,42.12028808878276
18,Thailand,1,Male,2016,32.12886846570784
18,Thailand,2,Female,2016,17.96552777385015
18,Thailand,3,Both,2016,24.84041356998968
19,Timor-Leste,1,Male,2001,47.88359162377746
19,Timor-Leste,2,Female,2001,47.79417474855395
19,Timor-Leste,3,Both,2001,47.83973730559645
23,Kiribati,1,Male,2001,59.25254765253784
23,Kiribati,2,Female,2001,63.11784883157754
23,Kiribati,3,Both,2001,61.21054356886808
20,Viet Nam,1,Male,2000,51.44182130992867
20,Viet Nam,2,Female,2000,43.53555647453012
20,Viet Nam,3,Both,2000,47.42672740363958
27,Samoa,1,Male,2001,46.34857672577258
27,Samoa,2,Female,2001,42.75650946708647
27,Samoa,3,Both,2001,44.6262185425835
35,Georgia,1,Male,2001,49.62792324148359
35,Georgia,2,Female,2001,28.45426515670006
35,Georgia,3,Both,2001,38.40726511010103
39,Tajikistan,1,Male,2001,36.242630193697
39,Tajikistan,2,Female,2001,27.12813505790322
39,Tajikistan,3,Both,2001,31.698628305463327
43,Albania,1,Male,2001,49.08068168645897
43,Albania,2,Female,2001,31.78918178181005
43,Albania,3,Both,2001,40.41894259668859
47,Czechia,1,Male,2001,44.57235842155454
47,Czechia,2,Female,2001,33.16212983196411
47,Czechia,3,Both,2001,38.71848268015608
16,Philippines,1,Male,2016,40.05298761512656
16,Philippines,2,Female,2016,32.690651989052014
16,Philippines,3,Both,2016,36.42260725486321
20,Viet Nam,1,Male,2020,43.69003560608511
20,Viet Nam,2,Female,2020,27.99101498064942
20,Viet Nam,3,Both,2020,35.817262586159046
20,Viet Nam,1,Male,2014,43.89741813173398
20,Viet Nam,2,Female,2014,29.72392495244165
20,Viet Nam,3,Both,2014,36.75546137260689
30,Vanuatu,1,Male,1995,32.22768433604137
30,Vanuatu,2,Female,1995,31.934791234655656
30,Vanuatu,3,Both,1995,32.08494691476661
17,Sri Lanka,1,Male,1997,33.46275554203132
17,Sri Lanka,2,Female,1997,27.6223163715846
17,Sri Lanka,3,Both,1997,30.51837458078706
15,Myanmar,1,Male,2019,34.001260230227
15,Myanmar,2,Female,2019,27.40169160748448
15,Myanmar,3,Both,2019,30.58777911043477
112,Grenada,1,Male,2012,20.249720868401088
112,Grenada,2,Female,2012,14.036121636130842
112,Grenada,3,Both,2012,17.17053660377336
34,Azerbaijan,1,Male,1995,49.56275654240558
34,Azerbaijan,2,Female,1995,34.89197999257417
34,Azerbaijan,3,Both,1995,42.03136067710455
38,Mongolia,1,Male,1995,41.87225585117238
38,Mongolia,2,Female,1995,37.86645229250354
38,Mongolia,3,Both,1995,39.86068904726186
46,Croatia,1,Male,1995,50.973561997035645
46,Croatia,2,Female,1995,39.91988455841611
46,Croatia,3,Both,1995,45.27275257652888
50,Montenegro,1,Male,1995,61.52013991225569
50,Montenegro,2,Female,1995,50.58505145069834
50,Montenegro,3,Both,1995,56.0135965392069
55,Slovenia,1,Male,1995,44.9073055107571
55,Slovenia,2,Female,1995,33.76355933187885
55,Slovenia,3,Both,1995,39.1830591386213
20,Viet Nam,1,Male,2018,43.639881612732765
20,Viet Nam,2,Female,2018,28.57581034253311
20,Viet Nam,3,Both,2018,36.074248845392745
179,Ethiopia,1,Male,2014,11.615353380198773
179,Ethiopia,2,Female,2014,9.1249446203294
179,Ethiopia,3,Both,2014,10.38176759565955
369,Nauru,1,Male,2016,46.67877102818831
369,Nauru,2,Female,2016,45.348964598325
369,Nauru,3,Both,2016,46.02050792815376
144,Jordan,1,Male,2016,52.83231837923934
144,Jordan,2,Female,2016,42.81381985659588
144,Jordan,3,Both,2016,48.137503815789614
180,Kenya,1,Male,2012,19.26785774593856
180,Kenya,2,Female,2012,15.45825911929625
180,Kenya,3,Both,2012,17.35505679411093
367,Monaco,1,Male,2013,34.5099566423706
367,Monaco,2,Female,2013,25.361812475191943
367,Monaco,3,Both,2013,29.82303507392441
15,Myanmar,1,Male,2020,33.884039898684485
15,Myanmar,2,Female,2020,27.19415238658648
15,Myanmar,3,Both,2020,30.42367232344651
54,Slovakia,1,Male,2020,37.19951339266124
54,Slovakia,2,Female,2020,25.03939974663532
54,Slovakia,3,Both,2020,30.97489965049479
165,Pakistan,1,Male,2014,36.19794853858857
165,Pakistan,2,Female,2014,27.66100745622653
165,Pakistan,3,Both,2014,32.046834811588894
40,Turkmenistan,1,Male,2019,35.39931396895113
40,Turkmenistan,2,Female,2019,23.5582871394837
40,Turkmenistan,3,Both,2019,29.604759773802098
162,Bhutan,1,Male,2020,19.81748677779748
162,Bhutan,2,Female,2020,13.26875952650568
162,Bhutan,3,Both,2020,16.672557145788762
17,Sri Lanka,1,Male,2006,27.903239260028368
17,Sri Lanka,2,Female,2006,19.85186792985918
17,Sri Lanka,3,Both,2006,23.78544481887872
151,Qatar,1,Male,2015,31.445975056451957
151,Qatar,2,Female,2015,22.08268449115764
151,Qatar,3,Both,2015,29.13386410164673
11,Indonesia,1,Male,2016,44.25425830316384
11,Indonesia,2,Female,2016,36.11958183322937
11,Indonesia,3,Both,2016,40.23133785900969
13,Malaysia,1,Male,2013,39.20175788558005
13,Malaysia,2,Female,2013,31.58477389453966
13,Malaysia,3,Both,2013,35.51630899661551
173,Gabon,1,Male,2011,22.36830840195578
173,Gabon,2,Female,2011,19.50265855762748
173,Gabon,3,Both,2011,20.89846475008943
160,Afghanistan,1,Male,2013,26.707584962775897
160,Afghanistan,2,Female,2013,22.0683113504039
160,Afghanistan,3,Both,2013,24.43081748414358
91,Portugal,1,Male,2015,32.94869167376703
91,Portugal,2,Female,2015,22.23988017532456
91,Portugal,3,Both,2015,27.34678580457065
11,Indonesia,1,Male,2011,45.14993953926956
11,Indonesia,2,Female,2011,38.47234740332887
11,Indonesia,3,Both,2011,41.83739861379673
396,San Marino,1,Male,2012,32.20347282093318
396,San Marino,2,Female,2012,23.60274063858052
396,San Marino,3,Both,2012,27.76412341584552
82,Greece,1,Male,2014,50.07475144127592
82,Greece,2,Female,2014,37.39907299809176
82,Greece,3,Both,2014,43.60121819325894
30,Vanuatu,1,Male,2007,30.07860986100546
30,Vanuatu,2,Female,2007,27.16065283772059
30,Vanuatu,3,Both,2007,28.64795305299601
17,Sri Lanka,1,Male,2003,29.616573556813968
17,Sri Lanka,2,Female,2003,21.91453829075233
17,Sri Lanka,3,Both,2003,25.69227385138384
180,Kenya,1,Male,2020,18.587740881133723
180,Kenya,2,Female,2020,14.0790094180486
180,Kenya,3,Both,2020,16.31961542166808
20,Viet Nam,1,Male,2003,49.57859763386483
20,Viet Nam,2,Female,2003,40.15063297595465
20,Viet Nam,3,Both,2003,44.802453445381765
17,Sri Lanka,1,Male,2016,26.464715909784243
17,Sri Lanka,2,Female,2016,17.93405305517836
17,Sri Lanka,3,Both,2016,22.06033647882471
30,Vanuatu,1,Male,1998,32.277096736316466
30,Vanuatu,2,Female,1998,32.30438235445375
30,Vanuatu,3,Both,1998,32.29040143589274
15,Myanmar,1,Male,2013,35.39446990454855
15,Myanmar,2,Female,2013,29.076099234952967
15,Myanmar,3,Both,2013,32.12859760833107
20,Viet Nam,1,Male,2012,44.39432957738951
20,Viet Nam,2,Female,2012,30.670434099880524
20,Viet Nam,3,Both,2012,37.46899812664682
18,Thailand,1,Male,2012,33.52350966500891
18,Thailand,2,Female,2012,20.00082966344826
18,Thailand,3,Both,2012,26.59159352945608
34,Azerbaijan,1,Male,1998,50.05140170283448
34,Azerbaijan,2,Female,1998,34.52137064298876
34,Azerbaijan,3,Both,1998,42.09387695918279
157,Yemen,1,Male,2017,44.52891453982088
157,Yemen,2,Female,2017,36.43384470119352
157,Yemen,3,Both,2017,40.53339847701274
38,Mongolia,1,Male,1998,41.74200645740393
38,Mongolia,2,Female,1998,37.54858899152534
38,Mongolia,3,Both,1998,39.63366988904808
46,Croatia,1,Male,1998,49.32201454720858
46,Croatia,2,Female,1998,37.60755826448079
46,Croatia,3,Both,1998,43.26398979589215
50,Montenegro,1,Male,1998,62.68081634182112
50,Montenegro,2,Female,1998,51.6996786815084
50,Montenegro,3,Both,1998,57.13564940961344
39,Tajikistan,1,Male,2013,30.2510699072805
39,Tajikistan,2,Female,2013,21.39134215743238
39,Tajikistan,3,Both,2013,25.86976177480182
87,Luxembourg,1,Male,2018,33.24429699325373
87,Luxembourg,2,Female,2018,25.15663945952038
87,Luxembourg,3,Both,2018,29.220261020504367
97,Argentina,1,Male,2015,36.79803197831316
97,Argentina,2,Female,2015,30.42739120224373
97,Argentina,3,Both,2015,33.532326996653225
13,Malaysia,1,Male,2011,40.19251742201805
13,Malaysia,2,Female,2011,32.696188700890886
13,Malaysia,3,Both,2011,36.55982011728001
13,Malaysia,1,Male,2012,39.70552435031301
13,Malaysia,2,Female,2012,32.18869259956897
13,Malaysia,3,Both,2012,36.0658028964735
178,Eritrea,1,Male,2017,18.33370443808546
178,Eritrea,2,Female,2017,12.14078949837414
178,Eritrea,3,Both,2017,15.28123142437314
18,Thailand,1,Male,2019,31.36714637556766
18,Thailand,2,Female,2019,16.89580774654601
18,Thailand,3,Both,2019,23.89774672020108
20,Viet Nam,1,Male,2015,43.75057012345176
20,Viet Nam,2,Female,2015,29.329462160576348
20,Viet Nam,3,Both,2015,36.48973533375719
81,Germany,1,Male,2016,34.27315274723301
81,Germany,2,Female,2016,24.61351728680139
81,Germany,3,Both,2016,29.38559063799729
367,Monaco,1,Male,2016,33.78864613633442
367,Monaco,2,Female,2016,24.67715181569462
367,Monaco,3,Both,2016,29.11650094319554
26,Papua New Guinea,1,Male,2009,44.01215575590364
26,Papua New Guinea,2,Female,2009,45.4491229932178
26,Papua New Guinea,3,Both,2009,44.70262194036464
29,Tonga,1,Male,2012,42.664293927956656
29,Tonga,2,Female,2012,38.55665099198563
29,Tonga,3,Both,2012,40.62394592879429
15,Myanmar,1,Male,2014,35.00926940879468
15,Myanmar,2,Female,2014,28.67587231314916
15,Myanmar,3,Both,2014,31.734993758283046
130,Mexico,1,Male,2018,20.51532577766626
130,Mexico,2,Female,2018,14.24727980847535
130,Mexico,3,Both,2018,17.31264013884729
66,Brunei Darussalam,1,Male,2017,32.46510681341792
66,Brunei Darussalam,2,Female,2017,20.44204745591594
66,Brunei Darussalam,3,Both,2017,26.7424351162236
179,Ethiopia,1,Male,2011,11.75352362323469
179,Ethiopia,2,Female,2011,9.30261011580342
179,Ethiopia,3,Both,2011,10.53983195447796
30,Vanuatu,1,Male,2001,31.73642771325574
30,Vanuatu,2,Female,2001,30.89871545332732
30,Vanuatu,3,Both,2001,31.32757858515386
22,Fiji,1,Male,2018,31.09443177531522
22,Fiji,2,Female,2018,26.25385127743773
22,Fiji,3,Both,2018,28.71029239127009
18,Thailand,1,Male,2014,32.77247857466464
18,Thailand,2,Female,2014,18.94736011109098
18,Thailand,3,Both,2014,25.672195804830224
25,Micronesia (Federated States of),1,Male,2000,49.60488131506689
25,Micronesia (Federated States of),2,Female,2000,50.45407512525249
25,Micronesia (Federated States of),3,Both,2000,50.02319776327536
17,Sri Lanka,1,Male,2018,26.314318891219717
17,Sri Lanka,2,Female,2018,17.67241459581486
17,Sri Lanka,3,Both,2018,21.84804444116082
153,Syrian Arab Republic,1,Male,2020,42.60361497005234
153,Syrian Arab Republic,2,Female,2020,28.194170637197203
153,Syrian Arab Republic,3,Both,2020,35.12243893053414
26,Papua New Guinea,1,Male,2006,45.02349206987482
26,Papua New Guinea,2,Female,2006,46.77367501746
26,Papua New Guinea,3,Both,2006,45.86456683919906
15,Myanmar,1,Male,2017,34.278957169478616
15,Myanmar,2,Female,2017,27.80078736783253
15,Myanmar,3,Both,2017,30.9286215533635
29,Tonga,1,Male,2000,45.84764076601813
29,Tonga,2,Female,2000,44.61680214454024
29,Tonga,3,Both,2000,45.241793544338286
30,Vanuatu,1,Male,2004,30.89181265702844
30,Vanuatu,2,Female,2004,28.951245137459992
30,Vanuatu,3,Both,2004,29.942804778584293
30,Vanuatu,1,Male,2009,29.61719733270538
30,Vanuatu,2,Female,2009,26.141382542307667
30,Vanuatu,3,Both,2009,27.910092703049838
30,Vanuatu,1,Male,2006,30.33997900444132
30,Vanuatu,2,Female,2006,27.73520715682834
30,Vanuatu,3,Both,2006,29.063999046595068
33,Armenia,1,Male,2000,57.91863556568957
33,Armenia,2,Female,2000,35.5345907833169
33,Armenia,3,Both,2000,46.33126351255706
367,Monaco,1,Male,2019,33.32932226517894
367,Monaco,2,Female,2019,24.21956734152073
367,Monaco,3,Both,2019,28.6512458167337
34,Azerbaijan,1,Male,2001,50.407772125563454
34,Azerbaijan,2,Female,2001,33.93980082475458
34,Azerbaijan,3,Both,2001,42.00111661556304
37,Kyrgyzstan,1,Male,2000,42.10245854849428
37,Kyrgyzstan,2,Female,2000,32.17307569351243
37,Kyrgyzstan,3,Both,2000,37.074592610249816
34,Azerbaijan,1,Male,2004,50.770732494014496
34,Azerbaijan,2,Female,2004,34.09582662777721
34,Azerbaijan,3,Both,2004,42.295820277154725
17,Sri Lanka,1,Male,2020,26.118955207918383
17,Sri Lanka,2,Female,2020,17.36301992114597
17,Sri Lanka,3,Both,2020,21.59018050089075
41,Uzbekistan,1,Male,2000,31.558461647934173
41,Uzbekistan,2,Female,2000,23.35113421405567
41,Uzbekistan,3,Both,2000,27.41847839626424
38,Mongolia,1,Male,2001,41.43133282084925
38,Mongolia,2,Female,2001,36.53825370586535
38,Mongolia,3,Both,2001,38.972232001910726
34,Azerbaijan,1,Male,2009,50.90670603926716
34,Azerbaijan,2,Female,2009,34.981698619629746
34,Azerbaijan,3,Both,2009,42.86887190201969
45,Bulgaria,1,Male,2000,56.80571479967406
45,Bulgaria,2,Female,2000,39.99766576915327
45,Bulgaria,3,Both,2000,48.18951026939669
34,Azerbaijan,1,Male,2006,50.93063518516088
34,Azerbaijan,2,Female,2006,34.6069173152584
34,Azerbaijan,3,Both,2006,42.65812527164526
38,Mongolia,1,Male,2009,41.09960908661799
38,Mongolia,2,Female,2009,34.369374235517654
38,Mongolia,3,Both,2009,37.71594075577976
49,North Macedonia,1,Male,2000,60.18664054700715
49,North Macedonia,2,Female,2000,47.8408014061882
49,North Macedonia,3,Both,2000,54.04658994000179
46,Croatia,1,Male,2009,48.3935320956307
46,Croatia,2,Female,2009,37.1348880725222
46,Croatia,3,Both,2009,42.56518860518183
54,Slovakia,1,Male,2000,41.84704011837741
54,Slovakia,2,Female,2000,32.25053351292518
54,Slovakia,3,Both,2000,36.91182213223964
38,Mongolia,1,Male,2006,41.07768623879886
38,Mongolia,2,Female,2006,34.78172554285098
38,Mongolia,3,Both,2006,37.9162893643676
50,Montenegro,1,Male,2009,60.880906111338376
50,Montenegro,2,Female,2009,50.71016269032164
50,Montenegro,3,Both,2009,55.72840344663867
58,Estonia,1,Male,2000,47.30609710183033
58,Estonia,2,Female,2000,30.07470548709342
58,Estonia,3,Both,2000,38.08571685631465
101,Canada,1,Male,2012,31.109832612978387
101,Canada,2,Female,2012,25.89526835573656
101,Canada,3,Both,2012,28.45582829909073
62,Russian Federation,1,Male,2000,51.77303977384925
62,Russian Federation,2,Female,2000,30.816714131990143
62,Russian Federation,3,Both,2000,40.61524966548242
66,Brunei Darussalam,1,Male,2000,38.59734310915247
66,Brunei Darussalam,2,Female,2000,29.15939033437164
66,Brunei Darussalam,3,Both,2000,33.96640464629349
24,Marshall Islands,1,Male,2000,39.70184265488211
24,Marshall Islands,2,Female,2000,37.24190737876554
24,Marshall Islands,3,Both,2000,38.50242594192154
74,Andorra,1,Male,2000,42.194559675301605
74,Andorra,2,Female,2000,33.91094386360022
74,Andorra,3,Both,2000,38.21947077480301
78,Denmark,1,Male,2000,43.96176360192999
78,Denmark,2,Female,2000,40.63992630690716
78,Denmark,3,Both,2000,42.2808797961845
44,Bosnia and Herzegovina,1,Male,2011,56.97961970897315
44,Bosnia and Herzegovina,2,Female,2011,43.45201527046042
44,Bosnia and Herzegovina,3,Both,2011,50.09664009053929
82,Greece,1,Male,2000,57.94129440648253
82,Greece,2,Female,2000,41.69867769743265
82,Greece,3,Both,2000,49.76061422689835
55,Slovenia,1,Male,2009,45.19761291749597
55,Slovenia,2,Female,2009,34.44844913420984
55,Slovenia,3,Both,2009,39.74429783945772
46,Croatia,1,Male,2006,48.50597302349747
46,Croatia,2,Female,2006,36.647477992073966
46,Croatia,3,Both,2006,42.36175938606044
28,Solomon Islands,1,Male,2000,43.97698164813201
28,Solomon Islands,2,Female,2000,42.88359304353222
28,Solomon Islands,3,Both,2000,43.44891898165265
59,Latvia,1,Male,2009,45.327882988310606
59,Latvia,2,Female,2009,26.63820537523866
59,Latvia,3,Both,2009,35.19481029630984
50,Montenegro,1,Male,2006,62.51686538858381
50,Montenegro,2,Female,2006,51.97577425248633
50,Montenegro,3,Both,2006,57.17598120152345
63,Ukraine,1,Male,2009,47.13632971380747
63,Ukraine,2,Female,2009,25.227168298757668
63,Ukraine,3,Both,2009,35.35457711280096
55,Slovenia,1,Male,2006,44.709074623298925
55,Slovenia,2,Female,2006,33.59362997249441
55,Slovenia,3,Both,2006,39.05031077453739
24,Marshall Islands,1,Male,2020,35.422275329900934
24,Marshall Islands,2,Female,2020,30.23891853955868
24,Marshall Islands,3,Both,2020,32.89033582216529
36,Kazakhstan,1,Male,2000,44.670582506745134
36,Kazakhstan,2,Female,2000,31.10393306538763
36,Kazakhstan,3,Both,2000,37.63521961290692
40,Turkmenistan,1,Male,2000,46.82345224959887
40,Turkmenistan,2,Female,2000,35.67684823698092
40,Turkmenistan,3,Both,2000,41.26811404182657
44,Bosnia and Herzegovina,1,Male,2000,53.4600889566777
44,Bosnia and Herzegovina,2,Female,2000,40.15025123925045
44,Bosnia and Herzegovina,3,Both,2000,46.655627375887896
24,Marshall Islands,1,Male,2014,36.46050528808883
24,Marshall Islands,2,Female,2014,32.27284871945534
24,Marshall Islands,3,Both,2014,34.41878075410218
48,Hungary,1,Male,2000,50.82976748474365
48,Hungary,2,Female,2000,39.36438415834585
48,Hungary,3,Both,2000,44.821335168798086
52,Romania,1,Male,2000,46.700883781713
52,Romania,2,Female,2000,33.0935933426138
52,Romania,3,Both,2000,39.74570342664231
53,Serbia,1,Male,2000,54.25276119006153
53,Serbia,2,Female,2000,43.71807496155421
53,Serbia,3,Both,2000,48.90000410311385
67,Japan,1,Male,2009,37.72861748033608
67,Japan,2,Female,2009,21.31197090984379
67,Japan,3,Both,2009,29.32016718617456
59,Latvia,1,Male,2006,46.413558293962296
59,Latvia,2,Female,2006,27.09359058873891
59,Latvia,3,Both,2006,35.95879323121073
57,Belarus,1,Male,2000,47.631195665252
57,Belarus,2,Female,2000,27.068632934490072
57,Belarus,3,Both,2000,36.73289901035906
71,Australia,1,Male,2009,31.08389237828156
71,Australia,2,Female,2009,25.41645782925383
71,Australia,3,Both,2009,28.22043139853056
88,Malta,1,Male,2018,34.31822782190141
88,Malta,2,Female,2018,24.51133338350758
88,Malta,3,Both,2018,29.411387707258505
29,Tonga,1,Male,1995,46.494882956849246
29,Tonga,2,Female,1995,44.89682816476896
29,Tonga,3,Both,1995,45.70532723352846
33,Armenia,1,Male,1995,58.92853591674743
33,Armenia,2,Female,1995,38.01750558260652
33,Armenia,3,Both,1995,48.1857908107506
19,Timor-Leste,1,Male,2019,47.7569291053859
19,Timor-Leste,2,Female,2019,49.94158269814446
19,Timor-Leste,3,Both,2019,48.83494947567335
37,Kyrgyzstan,1,Male,1995,42.649811644324046
37,Kyrgyzstan,2,Female,1995,34.20718353368178
37,Kyrgyzstan,3,Both,1995,38.35334886289457
22,Fiji,1,Male,2020,31.16472136777224
22,Fiji,2,Female,2020,26.14121553086113
22,Fiji,3,Both,2020,28.68748539599513
205,Côte d'Ivoire,1,Male,2017,21.91996151769589
205,Côte d'Ivoire,2,Female,2017,18.70476288312275
205,Côte d'Ivoire,3,Both,2017,20.36497189909877
183,Mauritius,1,Male,2014,33.39144040241288
183,Mauritius,2,Female,2014,24.4781024989358
183,Mauritius,3,Both,2014,28.88566130515068
18,Thailand,1,Male,2017,31.83984308221805
18,Thailand,2,Female,2017,17.55563098204116
18,Thailand,3,Both,2017,24.48197561795146
75,Austria,1,Male,2009,41.97250356572805
75,Austria,2,Female,2009,32.494767090460044
75,Austria,3,Both,2009,37.10912944460525
63,Ukraine,1,Male,2006,49.61364887588161
63,Ukraine,2,Female,2006,26.99848421177903
63,Ukraine,3,Both,2006,37.46486323398714
24,Marshall Islands,1,Male,2018,35.81135641106462
24,Marshall Islands,2,Female,2018,30.9348396181511
24,Marshall Islands,3,Both,2018,33.43084691763348
18,Thailand,1,Male,2015,32.42808316190543
18,Thailand,2,Female,2015,18.43385433314708
18,Thailand,3,Both,2015,25.23401172199021
67,Japan,1,Male,2006,40.81720272690288
67,Japan,2,Female,2006,24.139047135592907
67,Japan,3,Both,2006,32.28492215093467
79,Finland,1,Male,2009,30.705113951483497
79,Finland,2,Female,2009,21.91840490521365
79,Finland,3,Both,2009,26.22634035456881
71,Australia,1,Male,2006,32.59439236370294
71,Australia,2,Female,2006,26.992434343961907
71,Australia,3,Both,2006,29.76171127743747
83,Iceland,1,Male,2009,34.36251374501475
83,Iceland,2,Female,2009,25.34806834735685
83,Iceland,3,Both,2009,29.914607218452588
75,Austria,1,Male,2006,43.44985840771551
75,Austria,2,Female,2006,33.44527384441574
75,Austria,3,Both,2006,38.31241979782677
87,Luxembourg,1,Male,2009,36.49271959340836
87,Luxembourg,2,Female,2009,29.26094699141378
87,Luxembourg,3,Both,2009,32.84725620641107
79,Finland,1,Male,2006,31.85339025598853
79,Finland,2,Female,2006,22.98785170104547
79,Finland,3,Both,2006,27.32708619212394
18,Thailand,1,Male,2011,33.8842437995513
18,Thailand,2,Female,2011,20.60321994709001
18,Thailand,3,Both,2011,27.09501199701707
83,Iceland,1,Male,2006,36.32074975459183
83,Iceland,2,Female,2006,27.48734625574333
83,Iceland,3,Both,2006,31.945799821726705
91,Portugal,1,Male,2009,35.49248458590119
91,Portugal,2,Female,2009,23.462490158872303
91,Portugal,3,Both,2009,29.236096954886698
87,Luxembourg,1,Male,2006,38.18338528891215
87,Luxembourg,2,Female,2006,31.45768654953976
87,Luxembourg,3,Both,2006,34.78536565733058
29,Tonga,1,Male,1992,46.71685721985787
29,Tonga,2,Female,1992,44.61646665487946
29,Tonga,3,Both,1992,45.67666543703286
12,Lao People's Democratic Republic,1,Male,2013,45.93504004151822
12,Lao People's Democratic Republic,2,Female,2013,39.90337718112003
12,Lao People's Democratic Republic,3,Both,2013,42.92869875571067
33,Armenia,1,Male,1992,59.3011349526188
33,Armenia,2,Female,1992,40.23171881887632
33,Armenia,3,Both,1992,49.552095382619335
20,Viet Nam,1,Male,2016,43.67434301895461
20,Viet Nam,2,Female,2016,29.0525722073618
20,Viet Nam,3,Both,2016,36.31857296586588
37,Kyrgyzstan,1,Male,1992,44.22881913190271
37,Kyrgyzstan,2,Female,1992,36.78706329790861
37,Kyrgyzstan,3,Both,1992,40.431223670343655
416,Tuvalu,1,Male,2013,41.756797370522456
416,Tuvalu,2,Female,2013,39.62763261120524
416,Tuvalu,3,Both,2013,40.72113438546248
41,Uzbekistan,1,Male,1992,27.27873557795092
41,Uzbekistan,2,Female,1992,18.85081293924922
41,Uzbekistan,3,Both,1992,23.01847538025777
45,Bulgaria,1,Male,1992,59.87407954809601
45,Bulgaria,2,Female,1992,44.25005301372704
45,Bulgaria,3,Both,1992,51.93159048525497
49,North Macedonia,1,Male,1992,61.14649061445255
49,North Macedonia,2,Female,1992,49.95766549312936
49,North Macedonia,3,Both,1992,55.57326741205658
184,Mozambique,1,Male,2012,23.5703002500021
184,Mozambique,2,Female,2012,20.71278738506095
184,Mozambique,3,Both,2012,22.090017422085538
19,Timor-Leste,1,Male,2020,47.52764463536056
19,Timor-Leste,2,Female,2020,49.72419617636528
19,Timor-Leste,3,Both,2020,48.61234837340186
54,Slovakia,1,Male,1992,46.16134521907295
54,Slovakia,2,Female,1992,37.02009720885372
54,Slovakia,3,Both,1992,41.47714782631439
91,Portugal,1,Male,2006,37.13109264281293
91,Portugal,2,Female,2006,24.47895964975888
91,Portugal,3,Both,2006,30.57373967120075
91,Portugal,1,Male,2018,31.98446564204977
91,Portugal,2,Female,2018,21.60226111337163
91,Portugal,3,Both,2018,26.5424329673739
393,Saint Kitts and Nevis,1,Male,2014,16.85864953627798
393,Saint Kitts and Nevis,2,Female,2014,9.89863542785923
393,Saint Kitts and Nevis,3,Both,2014,13.3851039305249
127,El Salvador,1,Male,2019,17.9217218044167
127,El Salvador,2,Female,2019,12.21124776430698
127,El Salvador,3,Both,2019,14.891136694779949
170,Congo,1,Male,2020,19.37285133154468
170,Congo,2,Female,2020,14.869698496068551
170,Congo,3,Both,2020,17.10879177030672
22,Fiji,1,Male,2016,30.99744781753065
22,Fiji,2,Female,2016,26.24863496609191
22,Fiji,3,Both,2016,28.66154984050998
58,Estonia,1,Male,2020,38.21570039641148
58,Estonia,2,Female,2020,20.49356002828851
58,Estonia,3,Both,2020,28.8468974217004
155,Turkey,1,Male,2015,47.87504240213752
155,Turkey,2,Female,2015,33.3951307305687
155,Turkey,3,Both,2015,40.65772371492991
13,Malaysia,1,Male,2014,38.71440839981951
13,Malaysia,2,Female,2014,30.934869842655488
13,Malaysia,3,Both,2014,34.95280579221858
20,Viet Nam,1,Male,2017,43.64540695367238
20,Viet Nam,2,Female,2017,28.8134209338386
20,Viet Nam,3,Both,2017,36.19013160385054
157,Yemen,1,Male,2020,44.22080231387629
157,Yemen,2,Female,2020,35.69510141043638
157,Yemen,3,Both,2020,40.00227725196368
15,Myanmar,1,Male,2011,36.314243837407126
15,Myanmar,2,Female,2011,30.044874836258977
15,Myanmar,3,Both,2011,33.07549421911105
25,Micronesia (Federated States of),1,Male,1997,49.72638345736931
25,Micronesia (Federated States of),2,Female,1997,50.559182199225546
25,Micronesia (Federated States of),3,Both,1997,50.13542344494636
25,Micronesia (Federated States of),1,Male,2006,48.54130143323192
25,Micronesia (Federated States of),2,Female,2006,49.618694351273504
25,Micronesia (Federated States of),3,Both,2006,49.07195067223133
17,Sri Lanka,1,Male,2009,27.08313791499204
17,Sri Lanka,2,Female,2009,18.86428075724114
17,Sri Lanka,3,Both,2009,22.86338045649825
26,Papua New Guinea,1,Male,2013,43.58897084885655
26,Papua New Guinea,2,Female,2013,45.44637220116841
26,Papua New Guinea,3,Both,2013,44.48191283605084
116,Saint Lucia,1,Male,2012,18.61167685294924
116,Saint Lucia,2,Female,2012,12.04190973569825
116,Saint Lucia,3,Both,2012,15.31274044465524
29,Tonga,1,Male,1997,46.26494255839989
29,Tonga,2,Female,1997,44.8939899239694
29,Tonga,3,Both,1997,45.58881872171917
33,Armenia,1,Male,1997,58.55553424773199
33,Armenia,2,Female,1997,36.83406556863633
33,Armenia,3,Both,1997,47.35977581823248
37,Kyrgyzstan,1,Male,1997,42.12424538565527
37,Kyrgyzstan,2,Female,1997,33.05688799097147
37,Kyrgyzstan,3,Both,1997,37.51949004158142
16,Philippines,1,Male,2011,43.38678166293636
16,Philippines,2,Female,2011,36.16981369017938
16,Philippines,3,Both,2011,39.82505779386219
41,Uzbekistan,1,Male,1997,29.49942839410295
41,Uzbekistan,2,Female,1997,21.51727017892697
41,Uzbekistan,3,Both,1997,25.470064164947072
45,Bulgaria,1,Male,1997,57.83665352811078
45,Bulgaria,2,Female,1997,41.40470547146371
45,Bulgaria,3,Both,1997,49.43560402355091
49,North Macedonia,1,Male,1997,60.80719395868407
49,North Macedonia,2,Female,1997,48.67313985523644
49,North Macedonia,3,Both,1997,54.749171736242864
25,Micronesia (Federated States of),1,Male,2003,49.15694211006144
25,Micronesia (Federated States of),2,Female,2003,50.17886692577176
25,Micronesia (Federated States of),3,Both,2003,49.66065370853456
54,Slovakia,1,Male,1997,43.415619785243074
54,Slovakia,2,Female,1997,33.805909257173774
54,Slovakia,3,Both,1997,38.47871155622707
58,Estonia,1,Male,1997,46.95577891152391
58,Estonia,2,Female,1997,29.97053162850528
58,Estonia,3,Both,1997,37.82812255953198
184,Mozambique,1,Male,2020,22.39018006933919
184,Mozambique,2,Female,2020,19.18691954605436
184,Mozambique,3,Both,2020,20.72877627268272
62,Russian Federation,1,Male,1997,51.10276716943635
62,Russian Federation,2,Female,1997,30.300747153673957
62,Russian Federation,3,Both,1997,40.03667995576042
66,Brunei Darussalam,1,Male,1997,41.11351844706095
66,Brunei Darussalam,2,Female,1997,33.26383777520085
66,Brunei Darussalam,3,Both,1997,37.30544144490261
74,Andorra,1,Male,1997,43.6450577482371
74,Andorra,2,Female,1997,35.86699858144621
74,Andorra,3,Both,1997,39.94801825585412
78,Denmark,1,Male,1997,46.212128991647546
78,Denmark,2,Female,1997,43.88311658419099
78,Denmark,3,Both,1997,45.03255404760845
82,Greece,1,Male,1997,59.35617751431537
82,Greece,2,Female,1997,42.16545884167441
82,Greece,3,Both,1997,50.6905372500863
24,Marshall Islands,1,Male,2003,38.88349064933133
24,Marshall Islands,2,Female,2003,36.60281348282538
24,Marshall Islands,3,Both,2003,37.77245803904718
86,Italy,1,Male,1997,41.73643042786805
86,Italy,2,Female,1997,31.58073705764722
86,Italy,3,Both,1997,36.49672580675058
90,Norway,1,Male,1997,41.0695286972038
90,Norway,2,Female,1997,37.16572847327017
90,Norway,3,Both,1997,39.09483411108645
94,Switzerland,1,Male,1997,42.14804623330152
94,Switzerland,2,Female,1997,34.31052103722261
94,Switzerland,3,Both,1997,38.15430911272952
28,Solomon Islands,1,Male,2003,43.64666722319036
28,Solomon Islands,2,Female,2003,42.67293027743866
28,Solomon Islands,3,Both,2003,43.17522109677079
95,United Kingdom,1,Male,1997,41.37430357561584
95,United Kingdom,2,Female,1997,36.81724447263401
95,United Kingdom,3,Both,1997,39.03447956802466
17,Sri Lanka,1,Male,2015,26.53206632916328
17,Sri Lanka,2,Female,2015,18.06720231222811
17,Sri Lanka,3,Both,2015,22.164157147975843
376,Northern Mariana Islands,1,Male,2015,35.10248015670357
376,Northern Mariana Islands,2,Female,2015,27.3617693962793
376,Northern Mariana Islands,3,Both,2015,31.30966849955444
26,Papua New Guinea,1,Male,2018,43.84781084786274
26,Papua New Guinea,2,Female,2018,46.37853000561189
26,Papua New Guinea,3,Both,2018,45.06532901361657
24,Marshall Islands,1,Male,2012,36.75980856878144
24,Marshall Islands,2,Female,2012,32.94375931526374
24,Marshall Islands,3,Both,2012,34.90028433751075
11,Indonesia,1,Male,2012,45.07424859809884
11,Indonesia,2,Female,2012,38.13028883410233
11,Indonesia,3,Both,2012,41.6319656144468
19,Timor-Leste,1,Male,2013,48.76698114548732
19,Timor-Leste,2,Female,2013,50.2677814788546
19,Timor-Leste,3,Both,2013,49.50295483201256
23,Kiribati,1,Male,2016,56.085222624213
23,Kiribati,2,Female,2016,58.30121840880271
23,Kiribati,3,Both,2016,57.212526317183
385,Puerto Rico,1,Male,2016,16.98864248866155
385,Puerto Rico,2,Female,2016,11.50238570047596
385,Puerto Rico,3,Both,2016,14.128149122652612
206,Gambia,1,Male,2018,26.649636795685883
206,Gambia,2,Female,2018,22.33452764219792
206,Gambia,3,Both,2018,24.45903585099514
43,Albania,1,Male,2013,51.11316765136973
43,Albania,2,Female,2013,29.539392532826668
43,Albania,3,Both,2013,40.3773256421482
179,Ethiopia,1,Male,2017,11.59500224965441
179,Ethiopia,2,Female,2017,9.06303819428887
179,Ethiopia,3,Both,2017,10.34056665253533
24,Marshall Islands,1,Male,2015,36.311797192497856
24,Marshall Islands,2,Female,2015,31.94464143600133
24,Marshall Islands,3,Both,2015,34.18193237369762
148,Morocco,1,Male,2016,31.24198246586301
148,Morocco,2,Female,2016,21.79509164079674
148,Morocco,3,Both,2016,26.53273323111097
169,Central African Republic,1,Male,2014,15.69397354207064
169,Central African Republic,2,Female,2014,12.32101683362088
169,Central African Republic,3,Both,2014,13.99216081222298
13,Malaysia,1,Male,2017,37.45035855180804
13,Malaysia,2,Female,2017,29.042592497329828
13,Malaysia,3,Both,2017,33.39045584178632
85,Israel,1,Male,2016,34.97310331753955
85,Israel,2,Female,2016,26.39186719084867
85,Israel,3,Both,2016,30.65737253089072
22,Fiji,1,Male,2012,30.935452502940493
22,Fiji,2,Female,2012,26.25850571713438
22,Fiji,3,Both,2012,28.64080861986484
19,Timor-Leste,1,Male,2014,48.67396595642412
19,Timor-Leste,2,Female,2014,50.30502294959083
19,Timor-Leste,3,Both,2014,49.47476345319319
26,Papua New Guinea,1,Male,2020,43.80065425202507
26,Papua New Guinea,2,Female,2020,46.112543924372766
26,Papua New Guinea,3,Both,2020,44.91318457154487
33,Armenia,1,Male,2012,55.377275711292505
33,Armenia,2,Female,2012,32.04602342062336
33,Armenia,3,Both,2012,43.25022536136765
522,Sudan,1,Male,2012,30.0882867257646
522,Sudan,2,Female,2012,22.02031682705096
522,Sudan,3,Both,2012,26.11272805076432
11,Indonesia,1,Male,2018,43.67431033853827
11,Indonesia,2,Female,2018,35.12125207583126
11,Indonesia,3,Both,2018,39.44840799950587
107,Barbados,1,Male,2011,13.575296219733971
107,Barbados,2,Female,2011,8.03596162263592
107,Barbados,3,Both,2011,10.70022697092846
139,Algeria,1,Male,2018,38.775346938171616
139,Algeria,2,Female,2018,26.63254155115532
139,Algeria,3,Both,2018,32.797686168969584
17,Sri Lanka,1,Male,2013,26.64075730459375
17,Sri Lanka,2,Female,2013,18.25112873512398
17,Sri Lanka,3,Both,2013,22.31733318688088
143,Iraq,1,Male,2018,44.41098600340918
143,Iraq,2,Female,2018,35.66524124866258
143,Iraq,3,Both,2018,40.20198789359557
183,Mauritius,1,Male,2011,33.096916683065366
183,Mauritius,2,Female,2011,24.64739249255786
183,Mauritius,3,Both,2011,28.82692527938956
147,Libya,1,Male,2018,46.25191543200265
147,Libya,2,Female,2018,32.812147243590175
147,Libya,3,Both,2018,39.745252835926046
151,Qatar,1,Male,2018,30.516522135726543
151,Qatar,2,Female,2018,20.99037116978719
151,Qatar,3,Both,2018,27.95995326274921
155,Turkey,1,Male,2018,47.06729623060076
155,Turkey,2,Female,2018,32.71452536442154
155,Turkey,3,Both,2018,39.92312479008075
19,Timor-Leste,1,Male,2017,48.18006401684054
19,Timor-Leste,2,Female,2017,50.19647806967792
19,Timor-Leste,3,Both,2017,49.1733534394802
380,Palau,1,Male,2013,27.525983931270748
380,Palau,2,Female,2013,19.02717521993304
380,Palau,3,Both,2013,23.57201849729836
163,India,1,Male,2018,26.93341245446502
163,India,2,Female,2018,19.266139901148215
163,India,3,Both,2018,23.19726515316876
171,Democratic Republic of the Congo,1,Male,2018,19.04761983546848
171,Democratic Republic of the Congo,2,Female,2018,16.90262802682659
171,Democratic Republic of the Congo,3,Both,2018,17.98489582420181
98,Chile,1,Male,2013,37.71071157198101
98,Chile,2,Female,2013,33.663488707529595
98,Chile,3,Both,2013,35.64950358962544
175,Burundi,1,Male,2018,14.26737079887018
175,Burundi,2,Female,2018,11.43920508137798
175,Burundi,3,Both,2018,12.8508417372341
180,Kenya,1,Male,2018,18.40937593213215
180,Kenya,2,Female,2018,14.139732257161487
180,Kenya,3,Both,2018,16.2629872282508
351,Guam,1,Male,2019,31.9128522309931
351,Guam,2,Female,2019,22.64822690813289
351,Guam,3,Both,2019,27.35727139828904
184,Mozambique,1,Male,2018,22.50592644717329
184,Mozambique,2,Female,2018,19.410758359033668
184,Mozambique,3,Both,2018,20.90076572803929
189,United Republic of Tanzania,1,Male,2018,21.650096253090258
189,United Republic of Tanzania,2,Female,2018,16.664108169509632
189,United Republic of Tanzania,3,Both,2018,19.09098258215257
25,Micronesia (Federated States of),1,Male,2016,46.99975338360486
25,Micronesia (Federated States of),2,Female,2016,47.83520293079005
25,Micronesia (Federated States of),3,Both,2016,47.409619080648966
193,Botswana,1,Male,2018,29.99354074934742
193,Botswana,2,Female,2018,20.699171773350105
193,Botswana,3,Both,2018,25.281856961121218
197,Eswatini,1,Male,2018,16.28393352576931
197,Eswatini,2,Female,2018,12.839437729650571
197,Eswatini,3,Both,2018,14.518858766176878
201,Burkina Faso,1,Male,2018,20.6536001287703
201,Burkina Faso,2,Female,2018,18.50206412023332
201,Burkina Faso,3,Both,2018,19.54373154189683
12,Lao People's Democratic Republic,1,Male,2019,45.3662193253982
12,Lao People's Democratic Republic,2,Female,2019,39.18343514982046
12,Lao People's Democratic Republic,3,Both,2019,42.29181830502282
205,Côte d'Ivoire,1,Male,2018,21.77593565176511
205,Côte d'Ivoire,2,Female,2018,18.50064778338905
205,Côte d'Ivoire,3,Both,2018,20.19212815499821
13,Malaysia,1,Male,2019,36.75202391947797
13,Malaysia,2,Female,2019,27.9411761388559
13,Malaysia,3,Both,2019,32.49937924102244
22,Fiji,1,Male,2014,30.934386635734928
22,Fiji,2,Female,2014,26.24438928067933
22,Fiji,3,Both,2014,28.630447438117617
209,Guinea-Bissau,1,Male,2018,13.7048184914239
209,Guinea-Bissau,2,Female,2018,10.96952641157792
209,Guinea-Bissau,3,Both,2018,12.304089889077993
213,Niger,1,Male,2018,14.90526703390934
213,Niger,2,Female,2018,13.17396778928093
213,Niger,3,Both,2018,14.03405960553571
217,Sierra Leone,1,Male,2018,27.82385617507427
217,Sierra Leone,2,Female,2018,24.53222785333535
217,Sierra Leone,3,Both,2018,26.162190545013008
25,Micronesia (Federated States of),1,Male,2018,46.56982986802511
25,Micronesia (Federated States of),2,Female,2018,47.25189697471978
25,Micronesia (Federated States of),3,Both,2018,46.90436209486429
305,Bermuda,1,Male,2018,20.49353293452163
305,Bermuda,2,Female,2018,13.995780932338867
305,Bermuda,3,Both,2018,17.13370521065724
374,Niue,1,Male,2018,30.837030390966756
374,Niue,2,Female,2018,20.39098310025896
374,Niue,3,Both,2018,25.64462692043848
393,Saint Kitts and Nevis,1,Male,2018,16.025713239440158
393,Saint Kitts and Nevis,2,Female,2018,9.17984090567004
393,Saint Kitts and Nevis,3,Both,2018,12.60621973015592
422,United States Virgin Islands,1,Male,2018,16.54152071978876
422,United States Virgin Islands,2,Female,2018,10.3275925821553
422,United States Virgin Islands,3,Both,2018,13.33676820477483
25,Micronesia (Federated States of),1,Male,2020,46.14989354716107
25,Micronesia (Federated States of),2,Female,2020,46.637509477108416
25,Micronesia (Federated States of),3,Both,2020,46.3890434257584
28,Solomon Islands,1,Male,2020,45.58850280788447
28,Solomon Islands,2,Female,2020,44.91139044056584
28,Solomon Islands,3,Both,2020,45.25695267901185
48,Hungary,1,Male,2011,44.33861901259195
48,Hungary,2,Female,2011,33.4057980663423
48,Hungary,3,Both,2011,38.59520691126418
23,Kiribati,1,Male,2019,55.71518588685128
23,Kiribati,2,Female,2019,57.24887356445476
23,Kiribati,3,Both,2019,56.49727662521858
108,Belize,1,Male,2018,20.40999827158811
108,Belize,2,Female,2018,16.65447267598673
108,Belize,3,Both,2018,18.52288146006327
177,Djibouti,1,Male,2011,41.52280096604834
177,Djibouti,2,Female,2011,38.61274726276991
177,Djibouti,3,Both,2011,40.176286288001975
209,Guinea-Bissau,1,Male,2017,13.58946270191593
209,Guinea-Bissau,2,Female,2017,10.88086320142799
209,Guinea-Bissau,3,Both,2017,12.2019434209372
187,Somalia,1,Male,2014,22.241719731559968
187,Somalia,2,Female,2014,18.13882110628321
187,Somalia,3,Both,2014,20.23200853503975
11,Indonesia,1,Male,2015,44.5209522845515
11,Indonesia,2,Female,2015,36.66003336653333
11,Indonesia,3,Both,2015,40.63134236483203
17,Sri Lanka,1,Male,2011,26.782112980231087
17,Sri Lanka,2,Female,2011,18.46283897444511
17,Sri Lanka,3,Both,2011,22.5017254632635
28,Solomon Islands,1,Male,2018,45.54706566464886
28,Solomon Islands,2,Female,2018,44.99146928893051
28,Solomon Islands,3,Both,2018,45.27524474879864
26,Papua New Guinea,1,Male,2016,43.74482719572115
26,Papua New Guinea,2,Female,2016,46.196153119216135
26,Papua New Guinea,3,Both,2016,44.9238376485539
108,Belize,1,Male,2015,20.622684565038547
108,Belize,2,Female,2015,17.08507432637195
108,Belize,3,Both,2015,18.84835318757294
435,South Sudan,1,Male,2013,21.20404139112831
435,South Sudan,2,Female,2013,17.75025831656185
435,South Sudan,3,Both,2013,19.53287130424819
28,Solomon Islands,1,Male,2014,45.29211614873332
28,Solomon Islands,2,Female,2014,44.92056706456613
28,Solomon Islands,3,Both,2014,45.11070092355227
36,Kazakhstan,1,Male,2014,42.4607824443155
36,Kazakhstan,2,Female,2014,29.438893065832527
36,Kazakhstan,3,Both,2014,35.7253574154142
40,Turkmenistan,1,Male,2014,38.45361698642385
40,Turkmenistan,2,Female,2014,27.39627562953852
40,Turkmenistan,3,Both,2014,33.029002891516726
44,Bosnia and Herzegovina,1,Male,2014,54.77605087581259
44,Bosnia and Herzegovina,2,Female,2014,41.14097621355577
44,Bosnia and Herzegovina,3,Both,2014,47.82897144407302
48,Hungary,1,Male,2014,41.84111589185336
48,Hungary,2,Female,2014,30.7158794672501
48,Hungary,3,Both,2014,36.002623666821
189,United Republic of Tanzania,1,Male,2012,23.44776210599274
189,United Republic of Tanzania,2,Female,2012,19.58671201883054
189,United Republic of Tanzania,3,Both,2012,21.46988070750164
52,Romania,1,Male,2014,40.19561244250551
52,Romania,2,Female,2014,26.95452419819887
52,Romania,3,Both,2014,33.40620410436093
53,Serbia,1,Male,2014,49.51844430082189
53,Serbia,2,Female,2014,40.16510048151803
53,Serbia,3,Both,2014,44.78731039327043
23,Kiribati,1,Male,2020,55.598063723085424
23,Kiribati,2,Female,2020,56.86804225810697
23,Kiribati,3,Both,2020,56.2459978489026
57,Belarus,1,Male,2014,47.01729613294994
57,Belarus,2,Female,2014,24.95271467233825
57,Belarus,3,Both,2014,35.21581618599466
24,Marshall Islands,1,Male,2016,36.14717682382662
24,Marshall Islands,2,Female,2016,31.59604053358573
24,Marshall Islands,3,Both,2016,33.92690936436506
161,Bangladesh,1,Male,2020,40.640733558367245
161,Bangladesh,2,Female,2020,31.37713629471473
161,Bangladesh,3,Both,2020,35.941771701763074
61,Republic of Moldova,1,Male,2014,47.97494105412422
61,Republic of Moldova,2,Female,2014,21.31311604679456
61,Republic of Moldova,3,Both,2014,34.04979566562219
69,Singapore,1,Male,2014,24.765720213469415
69,Singapore,2,Female,2014,14.96097960663906
69,Singapore,3,Both,2014,20.095564352358
22,Fiji,1,Male,2019,31.13730843641887
22,Fiji,2,Female,2019,26.23061985183897
22,Fiji,3,Both,2019,28.7191323924406
77,Cyprus,1,Male,2014,48.45437505294097
77,Cyprus,2,Female,2014,35.69776302625225
77,Cyprus,3,Both,2014,42.02423672726016
81,Germany,1,Male,2014,34.80566714535708
81,Germany,2,Female,2014,25.110392724862663
81,Germany,3,Both,2014,29.87808828094311
422,United States Virgin Islands,1,Male,2014,17.0917245825316
422,United States Virgin Islands,2,Female,2014,10.87441980795388
422,United States Virgin Islands,3,Both,2014,13.86976702017284
85,Israel,1,Male,2014,35.74347351975024
85,Israel,2,Female,2014,27.381813043985247
85,Israel,3,Both,2014,31.534689558947655
89,Netherlands,1,Male,2014,30.60842537595203
89,Netherlands,2,Female,2014,26.37256630524478
89,Netherlands,3,Both,2014,28.47010460901716
93,Sweden,1,Male,2014,24.71615786739941
93,Sweden,2,Female,2014,21.75939895342842
93,Sweden,3,Both,2014,23.237208495449373
44,Bosnia and Herzegovina,1,Male,2019,51.14286464563851
44,Bosnia and Herzegovina,2,Female,2019,37.00120127481777
44,Bosnia and Herzegovina,3,Both,2019,43.92293522244981
98,Chile,1,Male,2014,37.32386107807661
98,Chile,2,Female,2014,33.08176770733099
98,Chile,3,Both,2014,35.16296489672833
102,United States of America,1,Male,2014,28.09278870680058
102,United States of America,2,Female,2014,24.22056380515226
102,United States of America,3,Both,2014,26.126830159175967
380,Palau,1,Male,2016,27.06101626440942
380,Palau,2,Female,2016,18.425873603831388
380,Palau,3,Both,2016,23.11049275623795
106,Bahamas,1,Male,2014,19.37414984746249
106,Bahamas,2,Female,2014,11.65233111354538
106,Bahamas,3,Both,2014,15.393561725162169
178,Eritrea,1,Male,2020,18.35506210476438
178,Eritrea,2,Female,2020,12.11234298694287
178,Eritrea,3,Both,2020,15.28199862870765
110,Dominica,1,Male,2014,19.373174619119222
110,Dominica,2,Female,2014,12.57266448534794
110,Dominica,3,Both,2014,16.00182020532806
114,Haiti,1,Male,2014,13.53081338472841
114,Haiti,2,Female,2014,10.82491729327933
114,Haiti,3,Both,2014,12.14885096961677
118,Suriname,1,Male,2014,32.40000472329077
118,Suriname,2,Female,2014,24.262081534016662
118,Suriname,3,Both,2014,28.315191054496108
122,Ecuador,1,Male,2014,16.82899900428596
122,Ecuador,2,Female,2014,11.10413557144532
122,Ecuador,3,Both,2014,13.94387886931676
30,Vanuatu,1,Male,2013,28.6808097463812
30,Vanuatu,2,Female,2013,24.25836509693316
30,Vanuatu,3,Both,2013,26.50238356654432
126,Costa Rica,1,Male,2014,21.43014519221795
126,Costa Rica,2,Female,2014,14.93730890791188
126,Costa Rica,3,Both,2014,18.104684733829828
130,Mexico,1,Male,2014,21.22041051280502
130,Mexico,2,Female,2014,15.29813182116333
130,Mexico,3,Both,2014,18.19521845769859
139,Algeria,1,Male,2014,38.89201159728019
139,Algeria,2,Female,2014,27.77752131724171
139,Algeria,3,Both,2014,33.41449041408071
128,Guatemala,1,Male,2012,19.83026344163802
128,Guatemala,2,Female,2012,17.34908176170535
128,Guatemala,3,Both,2012,18.55587845766393
143,Iraq,1,Male,2014,44.82453241214323
143,Iraq,2,Female,2014,36.34364522955368
143,Iraq,3,Both,2014,40.75215701449045
147,Libya,1,Male,2014,47.10423772088011
147,Libya,2,Female,2014,35.17402077002309
147,Libya,3,Both,2014,41.34951521519471
62,Russian Federation,1,Male,2020,48.226525223710645
62,Russian Federation,2,Female,2020,23.849167819886546
62,Russian Federation,3,Both,2020,35.19467906419534
151,Qatar,1,Male,2014,31.656938906377103
151,Qatar,2,Female,2014,22.44308138673817
151,Qatar,3,Both,2014,29.42663967628308
163,India,1,Male,2015,27.84086074988925
163,India,2,Female,2015,20.78620001061033
163,India,3,Both,2015,24.40715072146947
155,Turkey,1,Male,2014,48.23355333683563
155,Turkey,2,Female,2014,33.67404000404864
155,Turkey,3,Both,2014,40.97134213184629
19,Timor-Leste,1,Male,2011,48.87755638208261
19,Timor-Leste,2,Female,2011,50.127625103881854
19,Timor-Leste,3,Both,2011,49.489480729209
25,Micronesia (Federated States of),1,Male,2009,48.06651423140047
25,Micronesia (Federated States of),2,Female,2009,49.14176013871347
25,Micronesia (Federated States of),3,Both,2009,48.59535095478409
22,Fiji,1,Male,2011,30.966698963371144
22,Fiji,2,Female,2011,26.277038840764984
22,Fiji,3,Both,2011,28.667034760826738
24,Marshall Islands,1,Male,2017,35.982929073693896
24,Marshall Islands,2,Female,2017,31.2650027803178
24,Marshall Islands,3,Both,2017,33.68057220905264
163,India,1,Male,2014,28.36910106592954
163,India,2,Female,2014,21.56273005993296
163,India,3,Both,2014,25.05806144932683
171,Democratic Republic of the Congo,1,Male,2015,19.15782134643738
171,Democratic Republic of the Congo,2,Female,2015,16.95182744668277
171,Democratic Republic of the Congo,3,Both,2015,18.06391029315703
171,Democratic Republic of the Congo,1,Male,2014,19.21759730183293
171,Democratic Republic of the Congo,2,Female,2014,16.99626019437334
171,Democratic Republic of the Congo,3,Both,2014,18.11563489457451
175,Burundi,1,Male,2015,14.350729544844
175,Burundi,2,Female,2015,11.74761016976136
175,Burundi,3,Both,2015,13.04714285493172
175,Burundi,1,Male,2014,14.4022776950351
175,Burundi,2,Female,2014,11.862127857322587
175,Burundi,3,Both,2014,13.12971553949214
180,Kenya,1,Male,2014,18.58470179773093
180,Kenya,2,Female,2014,14.661035787197829
180,Kenya,3,Both,2014,16.61402899149671
180,Kenya,1,Male,2015,18.42006604647525
180,Kenya,2,Female,2015,14.441935387420129
180,Kenya,3,Both,2015,16.42164902927334
184,Mozambique,1,Male,2014,23.07581717318557
184,Mozambique,2,Female,2014,20.14506648791702
184,Mozambique,3,Both,2014,21.55711573677599
189,United Republic of Tanzania,1,Male,2014,22.419540425240967
189,United Republic of Tanzania,2,Female,2014,18.23632887899175
189,United Republic of Tanzania,3,Both,2014,20.27493598869086
184,Mozambique,1,Male,2015,22.8686189364005
184,Mozambique,2,Female,2015,19.89531847088204
184,Mozambique,3,Both,2015,21.32755028765598
193,Botswana,1,Male,2014,30.282329894438742
193,Botswana,2,Female,2014,22.0373807820938
193,Botswana,3,Both,2014,26.08471994334078
189,United Republic of Tanzania,1,Male,2015,22.039813070411935
189,United Republic of Tanzania,2,Female,2015,17.68724709593862
189,United Republic of Tanzania,3,Both,2015,19.80762412000936
193,Botswana,1,Male,2015,30.159125398693583
193,Botswana,2,Female,2015,21.60366017674852
193,Botswana,3,Both,2015,25.80875099621227
197,Eswatini,1,Male,2014,16.61507385081245
197,Eswatini,2,Female,2014,13.31217294580438
197,Eswatini,3,Both,2014,14.90654049319092
201,Burkina Faso,1,Male,2014,20.57402477669772
201,Burkina Faso,2,Female,2014,18.42157500163372
201,Burkina Faso,3,Both,2014,19.46436963897458
197,Eswatini,1,Male,2015,16.5051864913674
197,Eswatini,2,Female,2015,13.181417138809358
197,Eswatini,3,Both,2015,14.790135558717273
205,Côte d'Ivoire,1,Male,2014,22.877577252930028
205,Côte d'Ivoire,2,Female,2014,19.855199049764774
205,Côte d'Ivoire,3,Both,2014,21.41475784649373
201,Burkina Faso,1,Male,2015,20.55926917342744
201,Burkina Faso,2,Female,2015,18.40504475723071
201,Burkina Faso,3,Both,2015,19.4484882155895
209,Guinea-Bissau,1,Male,2014,13.12995127168834
209,Guinea-Bissau,2,Female,2014,10.5088913978412
209,Guinea-Bissau,3,Both,2014,11.78608320658948
205,Côte d'Ivoire,1,Male,2015,22.46625859035846
205,Côte d'Ivoire,2,Female,2015,19.38223632067485
205,Côte d'Ivoire,3,Both,2015,20.97404277899427
213,Niger,1,Male,2014,14.69505636545842
213,Niger,2,Female,2014,13.111442150859428
213,Niger,3,Both,2014,13.89835348353353
189,United Republic of Tanzania,1,Male,2020,21.71350634264432
189,United Republic of Tanzania,2,Female,2020,16.39464156528268
189,United Republic of Tanzania,3,Both,2020,18.98228983816116
209,Guinea-Bissau,1,Male,2015,13.30637068262267
209,Guinea-Bissau,2,Female,2015,10.6570254500215
209,Guinea-Bissau,3,Both,2015,11.94833712726952
217,Sierra Leone,1,Male,2014,29.890655004321857
217,Sierra Leone,2,Female,2014,26.66304274995131
217,Sierra Leone,3,Both,2014,28.25397388115496
213,Niger,1,Male,2015,14.71426425194668
213,Niger,2,Female,2015,13.09284612979016
213,Niger,3,Both,2015,13.89842627970834
29,Tonga,1,Male,2006,44.28949513634052
29,Tonga,2,Female,2006,42.661972959271885
29,Tonga,3,Both,2006,43.48793814092911
217,Sierra Leone,1,Male,2015,29.26486300880224
217,Sierra Leone,2,Female,2015,25.998687543293148
217,Sierra Leone,3,Both,2015,27.6106501836366
33,Armenia,1,Male,2006,56.36249574026622
33,Armenia,2,Female,2006,33.451869752299366
33,Armenia,3,Both,2006,44.45048487164501
37,Kyrgyzstan,1,Male,2006,46.14614066218301
37,Kyrgyzstan,2,Female,2006,34.02926472616272
37,Kyrgyzstan,3,Both,2006,40.0194610244922
20,Viet Nam,1,Male,2011,44.70911106439035
20,Viet Nam,2,Female,2011,31.199656476293708
20,Viet Nam,3,Both,2011,37.88809272052586
41,Uzbekistan,1,Male,2006,34.342138086705134
41,Uzbekistan,2,Female,2006,25.077903692922547
41,Uzbekistan,3,Both,2006,29.674511746477588
305,Bermuda,1,Male,2015,20.7711839853608
305,Bermuda,2,Female,2015,14.40248669722051
305,Bermuda,3,Both,2015,17.472531415376142
45,Bulgaria,1,Male,2006,54.53558767553336
45,Bulgaria,2,Female,2006,37.40064953848446
45,Bulgaria,3,Both,2006,45.70638793884479
374,Niue,1,Male,2015,30.67476963837605
374,Niue,2,Female,2015,20.35558239310259
374,Niue,3,Both,2015,25.54015557225984
49,North Macedonia,1,Male,2006,58.07223670618685
49,North Macedonia,2,Female,2006,45.10731731911838
49,North Macedonia,3,Both,2006,51.640495599368506
393,Saint Kitts and Nevis,1,Male,2015,16.63074409344961
393,Saint Kitts and Nevis,2,Female,2015,9.71093824630162
393,Saint Kitts and Nevis,3,Both,2015,13.17689170898156
422,United States Virgin Islands,1,Male,2015,16.942267222095207
422,United States Virgin Islands,2,Female,2015,10.72972872906746
422,United States Virgin Islands,3,Both,2015,13.7268381814044
27,Samoa,1,Male,2016,41.94843540193518
27,Samoa,2,Female,2016,36.88886861258179
27,Samoa,3,Both,2016,39.49687185509547
86,Italy,1,Male,2014,32.03979126854201
86,Italy,2,Female,2014,24.77409364823047
86,Italy,3,Both,2014,28.298824378564056
25,Micronesia (Federated States of),1,Male,2015,47.22639874554237
25,Micronesia (Federated States of),2,Female,2015,48.14648326019654
25,Micronesia (Federated States of),3,Both,2015,47.67788314486461
396,San Marino,1,Male,2015,31.345106717398053
396,San Marino,2,Female,2015,22.69561598580549
396,San Marino,3,Both,2015,26.87913581163165
416,Tuvalu,1,Male,2016,41.65807592709643
416,Tuvalu,2,Female,2016,40.05077980608944
416,Tuvalu,3,Both,2016,40.88147813274417
161,Bangladesh,1,Male,2017,40.888711267352775
161,Bangladesh,2,Female,2017,32.34653618493438
161,Bangladesh,3,Both,2017,36.57658844948608
28,Solomon Islands,1,Male,2012,45.01482556673247
28,Solomon Islands,2,Female,2012,44.709050169825474
28,Solomon Islands,3,Both,2012,44.86570108482624
47,Czechia,1,Male,2013,40.194867256768966
47,Czechia,2,Female,2013,27.92866969187325
47,Czechia,3,Both,2013,33.95112550612213
51,Poland,1,Male,2013,39.562111092003086
51,Poland,2,Female,2013,31.43428964515223
51,Poland,3,Both,2013,35.36596304299957
29,Tonga,1,Male,2003,45.1397135583702
29,Tonga,2,Female,2003,43.887282675181474
29,Tonga,3,Both,2003,44.52359552952476
33,Armenia,1,Male,2003,57.16475994248841
33,Armenia,2,Female,2003,34.41567560808122
33,Armenia,3,Both,2003,45.35229347570123
183,Mauritius,1,Male,2017,33.68758391953828
183,Mauritius,2,Female,2017,24.33261255327515
183,Mauritius,3,Both,2017,28.95538637584862
60,Lithuania,1,Male,2013,37.89487114276709
60,Lithuania,2,Female,2013,20.46003615662504
60,Lithuania,3,Both,2013,28.49463935649965
210,Liberia,1,Male,2018,14.69123353042246
210,Liberia,2,Female,2018,11.73753235037111
210,Liberia,3,Both,2018,13.234069056636692
28,Solomon Islands,1,Male,2015,45.392534509364815
28,Solomon Islands,2,Female,2015,44.98009617242682
28,Solomon Islands,3,Both,2015,45.19104674602412
37,Kyrgyzstan,1,Male,2003,43.78945222902263
37,Kyrgyzstan,2,Female,2003,32.55309108001026
37,Kyrgyzstan,3,Both,2003,38.10784492896416
89,Netherlands,1,Male,2016,29.843602208941316
89,Netherlands,2,Female,2016,25.28703679928234
89,Netherlands,3,Both,2016,27.54525775649589
173,Gabon,1,Male,2014,22.18806183019334
173,Gabon,2,Female,2014,19.32823103730908
173,Gabon,3,Both,2014,20.71544589667782
152,Saudi Arabia,1,Male,2016,33.35659242744054
152,Saudi Arabia,2,Female,2016,22.3846908643294
152,Saudi Arabia,3,Both,2016,28.74421391375729
41,Uzbekistan,1,Male,2003,33.25598561547649
41,Uzbekistan,2,Female,2003,24.51594014098838
41,Uzbekistan,3,Both,2003,28.849839040753487
45,Bulgaria,1,Male,2003,55.67998175477498
45,Bulgaria,2,Female,2003,38.64916022512332
45,Bulgaria,3,Both,2003,46.92703179234844
68,Republic of Korea,1,Male,2013,39.89982056071314
68,Republic of Korea,2,Female,2013,19.60265069150799
68,Republic of Korea,3,Both,2013,29.7590730615235
49,North Macedonia,1,Male,2003,59.04367336343629
49,North Macedonia,2,Female,2003,46.292750305776345
49,North Macedonia,3,Both,2003,52.70455135467808
23,Kiribati,1,Male,2014,56.42655439226182
23,Kiribati,2,Female,2014,59.05368412708665
23,Kiribati,3,Both,2014,57.760500783981925
187,Somalia,1,Male,2011,22.54726406719935
187,Somalia,2,Female,2011,18.57446452859734
187,Somalia,3,Both,2011,20.6066523241107
72,New Zealand,1,Male,2013,28.816260321080588
72,New Zealand,2,Female,2013,23.71116602374212
72,New Zealand,3,Both,2013,26.213353891683
37,Kyrgyzstan,1,Male,2012,49.26882017661041
37,Kyrgyzstan,2,Female,2012,36.42039809082255
37,Kyrgyzstan,3,Both,2012,42.7622649316948
76,Belgium,1,Male,2013,36.02881866324868
76,Belgium,2,Female,2013,27.968653549952094
76,Belgium,3,Both,2013,31.923104296563643
80,France,1,Male,2013,36.46658317188734
80,France,2,Female,2013,29.605004613418416
80,France,3,Both,2013,32.93459170527014
30,Vanuatu,1,Male,2020,27.581993902273087
30,Vanuatu,2,Female,2020,22.05112606611803
30,Vanuatu,3,Both,2020,24.845231346347248
54,Slovakia,1,Male,2003,40.4665130592623
54,Slovakia,2,Female,2003,30.66090207722822
54,Slovakia,3,Both,2003,35.4210426453476
164,Nepal,1,Male,2013,36.00780095209737
164,Nepal,2,Female,2013,30.58679605198383
164,Nepal,3,Both,2013,33.207667631952795
93,Sweden,1,Male,2016,24.55961136814495
93,Sweden,2,Female,2016,21.500173099543808
93,Sweden,3,Both,2016,23.03267563755938
23,Kiribati,1,Male,2017,55.95033282169257
23,Kiribati,2,Female,2017,57.95370543623575
23,Kiribati,3,Both,2017,56.97024914161369
58,Estonia,1,Male,2003,47.4864293277536
58,Estonia,2,Female,2003,30.3843211111316
58,Estonia,3,Both,2003,38.346044945834265
84,Ireland,1,Male,2013,31.66438692474166
84,Ireland,2,Female,2013,28.32977064901196
84,Ireland,3,Both,2013,29.98146061841262
62,Russian Federation,1,Male,2003,52.01948614227587
62,Russian Federation,2,Female,2003,30.996840026569338
62,Russian Federation,3,Both,2003,40.79753563069785
102,United States of America,1,Male,2013,28.58485792416831
102,United States of America,2,Female,2013,24.73329521356549
102,United States of America,3,Both,2013,26.629537780531447
88,Malta,1,Male,2013,36.32570307944843
88,Malta,2,Female,2013,26.296317087352826
88,Malta,3,Both,2013,31.29473182994077
111,Dominican Republic,1,Male,2011,20.94286756139177
111,Dominican Republic,2,Female,2011,17.63921496133488
111,Dominican Republic,3,Both,2011,19.299555301248688
92,Spain,1,Male,2013,42.194325218416616
92,Spain,2,Female,2013,31.55433863801988
92,Spain,3,Both,2013,36.79157002361213
98,Chile,1,Male,2016,36.55602609452381
98,Chile,2,Female,2016,31.98958528176133
98,Chile,3,Both,2016,34.22924629463151
17,Sri Lanka,1,Male,2014,26.59136276440296
17,Sri Lanka,2,Female,2014,18.19404237384272
17,Sri Lanka,3,Both,2014,22.26102330751791
380,Palau,1,Male,2019,26.68043705088208
380,Palau,2,Female,2019,17.94484980343988
380,Palau,3,Both,2019,22.731699182434888
97,Argentina,1,Male,2013,37.61788235141683
97,Argentina,2,Female,2013,31.47324812036964
97,Argentina,3,Both,2013,34.46773614139332
29,Tonga,1,Male,2016,42.2880188958266
29,Tonga,2,Female,2016,37.29642574771886
29,Tonga,3,Both,2016,39.79553384930109
36,Kazakhstan,1,Male,2020,41.50168212837782
36,Kazakhstan,2,Female,2020,26.91043994071861
36,Kazakhstan,3,Both,2020,33.98377705273068
102,United States of America,1,Male,2016,27.26008899438883
102,United States of America,2,Female,2016,23.33503427541536
102,United States of America,3,Both,2016,25.266844303573077
52,Romania,1,Male,2011,41.38165384043933
52,Romania,2,Female,2011,27.53186747781296
52,Romania,3,Both,2011,34.282520709276646
413,Tokelau,1,Male,2013,36.35758370229831
413,Tokelau,2,Female,2013,28.47534135789113
413,Tokelau,3,Both,2013,32.458156130969215
29,Tonga,1,Male,2018,42.15287762329426
29,Tonga,2,Female,2018,36.84807999111267
29,Tonga,3,Both,2018,39.49872802860489
30,Vanuatu,1,Male,2018,27.89359226829886
30,Vanuatu,2,Female,2018,22.67557272688427
30,Vanuatu,3,Both,2018,25.315008725079107
29,Tonga,1,Male,2020,42.05145168120891
29,Tonga,2,Female,2020,36.49299622374894
29,Tonga,3,Both,2020,39.26590315743291
106,Bahamas,1,Male,2016,19.2488036894435
106,Bahamas,2,Female,2016,11.50038489426835
106,Bahamas,3,Both,2016,15.25178249390899
213,Niger,1,Male,2017,14.82339238594873
213,Niger,2,Female,2017,13.12752671104353
213,Niger,3,Both,2017,13.969989649477322
26,Papua New Guinea,1,Male,2014,43.63416224807648
26,Papua New Guinea,2,Female,2014,45.6786670409455
26,Papua New Guinea,3,Both,2014,44.61721613511991
27,Samoa,1,Male,2019,41.87280686441014
27,Samoa,2,Female,2019,36.7465289903496
27,Samoa,3,Both,2019,39.38527340852822
36,Kazakhstan,1,Male,2018,41.71315740648503
36,Kazakhstan,2,Female,2018,27.684436933934432
36,Kazakhstan,3,Both,2018,34.47651936581173
101,Canada,1,Male,2013,30.54146313051604
101,Canada,2,Female,2013,25.322995539665538
101,Canada,3,Both,2013,27.88643622206932
110,Dominica,1,Male,2016,19.15708375333706
110,Dominica,2,Female,2016,12.33681079180979
110,Dominica,3,Both,2016,15.78593989330609
105,Antigua and Barbuda,1,Male,2013,19.322635838623007
105,Antigua and Barbuda,2,Female,2013,11.85049125294913
105,Antigua and Barbuda,3,Both,2013,15.45193938726926
35,Georgia,1,Male,2019,53.36768523007384
35,Georgia,2,Female,2019,28.257805172148743
35,Georgia,3,Both,2019,40.27236430332533
193,Botswana,1,Male,2012,30.62709961513383
193,Botswana,2,Female,2012,23.01350947617592
193,Botswana,3,Both,2012,26.74092611303572
22,Fiji,1,Male,2015,30.96091910231653
22,Fiji,2,Female,2015,26.249742064859262
22,Fiji,3,Both,2015,28.645056951601426
101,Canada,1,Male,2015,29.56912719804597
101,Canada,2,Female,2015,24.35423019444091
101,Canada,3,Both,2015,26.91819106888943
28,Solomon Islands,1,Male,2016,45.45263179043363
28,Solomon Islands,2,Female,2016,44.98743413594228
28,Solomon Islands,3,Both,2016,45.22525376970855
196,South Africa,1,Male,2014,30.164881556609707
196,South Africa,2,Female,2014,23.97176267864665
196,South Africa,3,Both,2014,26.995168597681367
109,Cuba,1,Male,2013,33.79240308062949
109,Cuba,2,Female,2013,24.02444376537836
109,Cuba,3,Both,2013,28.900123885779276
22,Fiji,1,Male,2017,31.04420684573725
22,Fiji,2,Female,2017,26.26525345403603
22,Fiji,3,Both,2017,28.69193106095473
113,Guyana,1,Male,2013,23.42498914215884
113,Guyana,2,Female,2013,17.800302783115608
113,Guyana,3,Both,2013,20.59290511346254
114,Haiti,1,Male,2016,13.4728911606188
114,Haiti,2,Female,2016,10.64322418499645
114,Haiti,3,Both,2016,12.028401987770067
28,Solomon Islands,1,Male,2017,45.50621485362128
28,Solomon Islands,2,Female,2017,44.99709535189759
28,Solomon Islands,3,Both,2017,45.25724763555259
48,Hungary,1,Male,2019,38.555631922751736
48,Hungary,2,Female,2019,27.272110938950338
48,Hungary,3,Both,2019,32.64690875347528
39,Tajikistan,1,Male,2019,27.67505320880033
39,Tajikistan,2,Female,2019,18.5379048376973
39,Tajikistan,3,Both,2019,23.1671409257634
200,Benin,1,Male,2014,12.10245604508165
200,Benin,2,Female,2014,10.04661535269534
200,Benin,3,Both,2014,11.054504854612633
43,Albania,1,Male,2019,51.66983287458034
43,Albania,2,Female,2019,28.299373403536997
43,Albania,3,Both,2019,40.05661272689356
117,Saint Vincent and the Grenadines,1,Male,2013,19.93773743524976
117,Saint Vincent and the Grenadines,2,Female,2013,13.37060768328531
117,Saint Vincent and the Grenadines,3,Both,2013,16.72279725104501
105,Antigua and Barbuda,1,Male,2012,19.3419110722988
105,Antigua and Barbuda,2,Female,2012,11.88446291876249
105,Antigua and Barbuda,3,Both,2012,15.4698834036338
47,Czechia,1,Male,2019,38.93254915809209
47,Czechia,2,Female,2019,26.128988186248648
47,Czechia,3,Both,2019,32.43030575978469
27,Samoa,1,Male,2020,41.85774379695625
27,Samoa,2,Female,2020,36.71740167983924
27,Samoa,3,Both,2020,39.36238595927248
112,Grenada,1,Male,2018,19.07515688689849
112,Grenada,2,Female,2018,12.76706439665599
112,Grenada,3,Both,2018,15.986875448405492
51,Poland,1,Male,2019,36.68786821490029
51,Poland,2,Female,2019,27.44550508086099
51,Poland,3,Both,2019,31.92010843467557
25,Micronesia (Federated States of),1,Male,2011,47.90256374580783
25,Micronesia (Federated States of),2,Female,2011,48.9949366960337
25,Micronesia (Federated States of),3,Both,2011,48.43932066501942
182,Malawi,1,Male,2011,22.21153706616419
182,Malawi,2,Female,2011,18.746106703748215
182,Malawi,3,Both,2011,20.43711802260008
197,Eswatini,1,Male,2012,16.96690991849765
197,Eswatini,2,Female,2012,13.65880246470251
197,Eswatini,3,Both,2012,15.247665867006068
204,Chad,1,Male,2014,17.91242562944729
204,Chad,2,Female,2014,15.72154840756528
204,Chad,3,Both,2014,16.80705298746823
208,Guinea,1,Male,2014,21.684334683359747
208,Guinea,2,Female,2014,18.511719658540297
208,Guinea,3,Both,2014,20.0481968166472
212,Mauritania,1,Male,2014,31.653014757795923
212,Mauritania,2,Female,2014,28.5407241836792
212,Mauritania,3,Both,2014,30.073092332437888
121,Bolivia (Plurinational State of),1,Male,2013,19.260583213791648
121,Bolivia (Plurinational State of),2,Female,2013,16.42353731332134
121,Bolivia (Plurinational State of),3,Both,2013,17.84201254683372
60,Lithuania,1,Male,2019,36.27805406889668
60,Lithuania,2,Female,2019,19.24327038104865
60,Lithuania,3,Both,2019,27.09266025997479
125,Colombia,1,Male,2013,19.08394419784522
125,Colombia,2,Female,2013,14.28169385017025
125,Colombia,3,Both,2013,16.6321080785423
30,Vanuatu,1,Male,2016,28.16585263814456
30,Vanuatu,2,Female,2016,23.25423402993265
30,Vanuatu,3,Both,2016,25.741854145706423
24,Marshall Islands,1,Male,2011,36.91679119482228
24,Marshall Islands,2,Female,2011,33.28958367581316
24,Marshall Islands,3,Both,2011,35.14973426284626
216,Senegal,1,Male,2014,25.05231076957852
216,Senegal,2,Female,2014,20.4191958248438
216,Senegal,3,Both,2014,22.73583275197031
129,Honduras,1,Male,2013,25.784988346829152
129,Honduras,2,Female,2013,21.79389494931221
129,Honduras,3,Both,2013,23.74555069713697
112,Grenada,1,Male,2015,19.61269624127675
112,Grenada,2,Female,2015,13.35566532430299
112,Grenada,3,Both,2015,16.53327132071248
74,Andorra,1,Male,2017,35.60814891825913
74,Andorra,2,Female,2017,27.34746270751544
74,Andorra,3,Both,2017,31.57057153832516
133,Venezuela (Bolivarian Republic of),1,Male,2013,26.40754083098366
133,Venezuela (Bolivarian Republic of),2,Female,2013,20.402462335322262
133,Venezuela (Bolivarian Republic of),3,Both,2013,23.39352703087385
193,Botswana,1,Male,2020,29.96546506009589
193,Botswana,2,Female,2020,20.395443872483472
193,Botswana,3,Both,2020,25.121802703841578
92,Spain,1,Male,2018,37.4653019140827
92,Spain,2,Female,2018,26.707699392422978
92,Spain,3,Both,2018,31.97651805240408
68,Republic of Korea,1,Male,2019,36.52752736588976
68,Republic of Korea,2,Female,2019,16.61600341812057
68,Republic of Korea,3,Both,2019,26.61743530118288
118,Suriname,1,Male,2016,31.6171015968703
118,Suriname,2,Female,2016,23.11513113901797
118,Suriname,3,Both,2016,27.33695843819447
16,Philippines,1,Male,2013,41.94626716555837
16,Philippines,2,Female,2013,34.68351188546477
16,Philippines,3,Both,2013,38.36312194207081
179,Ethiopia,1,Male,2020,11.68357534818242
179,Ethiopia,2,Female,2020,9.03894067845086
179,Ethiopia,3,Both,2020,10.37255079725063
201,Burkina Faso,1,Male,2012,20.783205760792008
201,Burkina Faso,2,Female,2012,18.791772739665745
201,Burkina Faso,3,Both,2012,19.75694144706491
23,Kiribati,1,Male,2011,57.08744217869127
23,Kiribati,2,Female,2011,60.33549823104376
23,Kiribati,3,Both,2011,58.731327938067615
183,Mauritius,1,Male,2020,33.88702561416575
183,Mauritius,2,Female,2020,24.01304225407315
183,Mauritius,3,Both,2020,28.88787000984448
72,New Zealand,1,Male,2019,27.71447002999068
72,New Zealand,2,Female,2019,22.402253872162888
72,New Zealand,3,Both,2019,25.04276308019764
298,American Samoa,1,Male,2014,39.94912644832672
298,American Samoa,2,Female,2014,34.55143551473404
298,American Samoa,3,Both,2014,37.29224808274788
187,Somalia,1,Male,2020,22.33327268062828
187,Somalia,2,Female,2020,18.23515471006908
187,Somalia,3,Both,2020,20.33061328306622
76,Belgium,1,Male,2019,33.26084971295808
76,Belgium,2,Female,2019,25.13629728186853
76,Belgium,3,Both,2019,29.13426401570164
165,Pakistan,1,Male,2020,34.3829043518825
165,Pakistan,2,Female,2020,24.703553216349867
165,Pakistan,3,Both,2020,29.66177379139741
36,Kazakhstan,1,Male,2012,43.16433855617948
36,Kazakhstan,2,Female,2012,30.382611538726188
36,Kazakhstan,3,Both,2012,36.54708767567972
26,Papua New Guinea,1,Male,2019,43.84546931768573
26,Papua New Guinea,2,Female,2019,46.27968980162126
26,Papua New Guinea,3,Both,2019,45.01670565654913
169,Central African Republic,1,Male,2020,16.07367579947408
169,Central African Republic,2,Female,2020,12.327696370965487
169,Central African Republic,3,Both,2020,14.1674876082311
413,Tokelau,1,Male,2016,36.44718747719982
413,Tokelau,2,Female,2016,28.57946252629941
413,Tokelau,3,Both,2016,32.58144009840124
351,Guam,1,Male,2014,33.05909084428673
351,Guam,2,Female,2014,24.052127293242968
351,Guam,3,Both,2014,28.66369340081366
80,France,1,Male,2019,34.94565076986147
80,France,2,Female,2019,28.085367064756
80,France,3,Both,2019,31.4120336635294
36,Kazakhstan,1,Male,2015,42.21223231325212
36,Kazakhstan,2,Female,2015,28.99637360897644
36,Kazakhstan,3,Both,2015,35.38063652683176
122,Ecuador,1,Male,2016,16.59910162957171
122,Ecuador,2,Female,2016,10.71624159106566
122,Ecuador,3,Both,2016,13.634507379247502
29,Tonga,1,Male,2009,43.35929794926589
29,Tonga,2,Female,2009,40.492552348932406
29,Tonga,3,Both,2009,41.94215089474954
173,Gabon,1,Male,2020,22.096570945401687
173,Gabon,2,Female,2020,18.89896615959104
173,Gabon,3,Both,2020,20.43972644961698
66,Brunei Darussalam,1,Male,2020,31.93441679395368
66,Brunei Darussalam,2,Female,2020,19.66235235576421
66,Brunei Darussalam,3,Both,2020,26.12804935784185
196,South Africa,1,Male,2020,28.80176608525582
196,South Africa,2,Female,2020,22.50460376933719
196,South Africa,3,Both,2020,25.59085674630412
205,Côte d'Ivoire,1,Male,2012,23.95140309237782
205,Côte d'Ivoire,2,Female,2012,20.977391138518257
205,Côte d'Ivoire,3,Both,2012,22.51092337774404
177,Djibouti,1,Male,2020,37.83966753402984
177,Djibouti,2,Female,2020,34.50210746182203
177,Djibouti,3,Both,2020,36.30175439137828
369,Nauru,1,Male,2014,47.046085271149465
369,Nauru,2,Female,2014,45.86723023143262
369,Nauru,3,Both,2014,46.46304800893451
142,Iran (Islamic Republic of),1,Male,2013,30.438355015866215
142,Iran (Islamic Republic of),2,Female,2013,19.6900030683582
142,Iran (Islamic Republic of),3,Both,2013,25.12451355350871
200,Benin,1,Male,2020,11.5353068044801
200,Benin,2,Female,2020,9.45390563960047
200,Benin,3,Both,2020,10.47803641124579
84,Ireland,1,Male,2019,28.83335959148168
84,Ireland,2,Female,2019,24.5085052117144
84,Ireland,3,Both,2019,26.6481287450594
385,Puerto Rico,1,Male,2014,17.08621597082524
385,Puerto Rico,2,Female,2014,11.75840164494596
385,Puerto Rico,3,Both,2014,14.31009394468587
35,Georgia,1,Male,2016,53.48035304338528
35,Georgia,2,Female,2016,29.30407801959313
35,Georgia,3,Both,2016,40.83761693051444
25,Micronesia (Federated States of),1,Male,2013,47.642161301667954
25,Micronesia (Federated States of),2,Female,2013,48.70143036920666
25,Micronesia (Federated States of),3,Both,2013,48.16224871984214
197,Eswatini,1,Male,2020,16.20469040175894
197,Eswatini,2,Female,2020,12.614959691534992
197,Eswatini,3,Both,2020,14.37256653549666
132,Panama,1,Male,2012,14.57782850085331
132,Panama,2,Female,2012,10.37857617041262
132,Panama,3,Both,2012,12.49099156517082
34,Azerbaijan,1,Male,2013,50.11589784228928
34,Azerbaijan,2,Female,2013,34.069378727392
34,Azerbaijan,3,Both,2013,42.05624465212774
88,Malta,1,Male,2019,33.94305563273195
88,Malta,2,Female,2019,24.13439484729444
88,Malta,3,Both,2019,29.03675606885048
92,Spain,1,Male,2019,36.82391393790337
92,Spain,2,Female,2019,25.994393400750187
92,Spain,3,Both,2019,31.29441592940012
146,Lebanon,1,Male,2013,52.56549989242214
146,Lebanon,2,Female,2013,42.04319155715666
146,Lebanon,3,Both,2013,47.265698300448896
150,Oman,1,Male,2013,26.74916652727676
150,Oman,2,Female,2013,19.09738719507136
150,Oman,3,Both,2013,23.63584987853077
97,Argentina,1,Male,2019,35.69419643552779
97,Argentina,2,Female,2019,29.02392441092729
97,Argentina,3,Both,2019,32.27707855089204
154,Tunisia,1,Male,2013,46.70364865838769
154,Tunisia,2,Female,2013,32.26718263018165
154,Tunisia,3,Both,2013,39.46183683472449
17,Sri Lanka,1,Male,2017,26.38918983212656
17,Sri Lanka,2,Female,2017,17.80072496415285
17,Sri Lanka,3,Both,2017,21.95268351318974
182,Malawi,1,Male,2020,20.964177570906138
182,Malawi,2,Female,2020,16.8008137404033
182,Malawi,3,Both,2020,18.82931414254666
416,Tuvalu,1,Male,2014,41.76957167414798
416,Tuvalu,2,Female,2014,39.86396041807715
416,Tuvalu,3,Both,2014,40.844857291242384
204,Chad,1,Male,2020,17.80976271692625
204,Chad,2,Female,2020,15.482617694896058
204,Chad,3,Both,2020,16.63967855370911
74,Andorra,1,Male,2020,34.83679841515411
74,Andorra,2,Female,2020,26.57017435550043
74,Andorra,3,Both,2020,30.817983207240168
26,Papua New Guinea,1,Male,2011,43.60523792795615
26,Papua New Guinea,2,Female,2011,45.1090516927715
26,Papua New Guinea,3,Both,2011,44.32795899643255
435,South Sudan,1,Male,2016,21.0202025882414
435,South Sudan,2,Female,2016,17.299975890573897
435,South Sudan,3,Both,2016,19.198481982022912
78,Denmark,1,Male,2020,32.26464952215911
78,Denmark,2,Female,2020,26.3969287186815
78,Denmark,3,Both,2020,29.318827839824007
101,Canada,1,Male,2019,28.309200342675823
101,Canada,2,Female,2019,23.15712587799766
101,Canada,3,Both,2019,25.69599014811292
186,Seychelles,1,Male,2020,36.05929699073292
186,Seychelles,2,Female,2020,22.86661781765336
186,Seychelles,3,Both,2020,29.8140984438224
82,Greece,1,Male,2020,46.30076028823992
82,Greece,2,Female,2020,33.3337635308386
82,Greece,3,Both,2020,39.63706121455573
126,Costa Rica,1,Male,2016,21.01216645172622
126,Costa Rica,2,Female,2016,14.21355534004633
126,Costa Rica,3,Both,2016,17.51970075756405
201,Burkina Faso,1,Male,2020,20.77526255581193
201,Burkina Faso,2,Female,2020,18.61709862684314
201,Burkina Faso,3,Both,2020,19.66172223903453
435,South Sudan,1,Male,2014,21.16020620961919
435,South Sudan,2,Female,2014,17.62522551672964
435,South Sudan,3,Both,2014,19.44572899075177
209,Guinea-Bissau,1,Male,2012,12.695850566383072
209,Guinea-Bissau,2,Female,2012,10.123085408096207
209,Guinea-Bissau,3,Both,2012,11.37620644320758
90,Norway,1,Male,2014,29.577646744891062
90,Norway,2,Female,2014,21.56961469572098
90,Norway,3,Both,2014,25.591785324970317
187,Somalia,1,Male,2017,22.22483483404818
187,Somalia,2,Female,2017,18.06404063985266
187,Somalia,3,Both,2017,20.18915857866069
26,Papua New Guinea,1,Male,2012,43.56926600777423
26,Papua New Guinea,2,Female,2012,45.23299615663279
26,Papua New Guinea,3,Both,2012,44.36896420851609
86,Italy,1,Male,2020,30.45011852588851
86,Italy,2,Female,2020,22.41850588657416
86,Italy,3,Both,2020,26.32781819266285
191,Zambia,1,Male,2020,23.90668833548991
191,Zambia,2,Female,2020,21.31338756782948
191,Zambia,3,Both,2020,22.59786090122028
90,Norway,1,Male,2020,28.07006560438814
90,Norway,2,Female,2020,20.35451197353732
90,Norway,3,Both,2020,24.24912358870736
106,Bahamas,1,Male,2013,19.44566649168662
106,Bahamas,2,Female,2013,11.72722058243619
106,Bahamas,3,Both,2013,15.46804054525396
195,Namibia,1,Male,2020,26.79521033104013
195,Namibia,2,Female,2020,22.92014101459337
195,Namibia,3,Both,2020,24.79913514648563
105,Antigua and Barbuda,1,Male,2019,19.03806622245003
105,Antigua and Barbuda,2,Female,2019,11.5633222222398
105,Antigua and Barbuda,3,Both,2019,15.212826975999713
208,Guinea,1,Male,2020,21.04828638111158
208,Guinea,2,Female,2020,17.23601759908086
208,Guinea,3,Both,2020,19.08678285183586
27,Samoa,1,Male,2014,42.11653061494679
27,Samoa,2,Female,2014,37.09822146636302
27,Samoa,3,Both,2014,39.68795142542989
94,Switzerland,1,Male,2020,31.4057490029194
94,Switzerland,2,Female,2020,24.22232528034334
94,Switzerland,3,Both,2020,27.802688924164432
29,Tonga,1,Male,2015,42.35147888773885
29,Tonga,2,Female,2015,37.54869056969302
29,Tonga,3,Both,2015,39.95606164632757
205,Côte d'Ivoire,1,Male,2020,21.64371036234929
205,Côte d'Ivoire,2,Female,2020,18.21626905562687
205,Côte d'Ivoire,3,Both,2020,19.98647692436939
109,Cuba,1,Male,2019,31.87963460666417
109,Cuba,2,Female,2019,21.85886037899468
109,Cuba,3,Both,2019,26.84560117184212
212,Mauritania,1,Male,2020,30.53104914462352
212,Mauritania,2,Female,2020,27.475836264702767
212,Mauritania,3,Both,2020,28.978843756372708
113,Guyana,1,Male,2019,22.58562907340731
113,Guyana,2,Female,2019,16.8413947263262
113,Guyana,3,Both,2019,19.68323056581094
213,Niger,1,Male,2012,14.74963526661837
213,Niger,2,Female,2012,13.22998407964613
213,Niger,3,Both,2012,13.98547415432165
117,Saint Vincent and the Grenadines,1,Male,2019,19.369145931196368
117,Saint Vincent and the Grenadines,2,Female,2019,12.517838440511058
117,Saint Vincent and the Grenadines,3,Both,2019,16.016937078293868
53,Serbia,1,Male,2011,51.36801784714652
53,Serbia,2,Female,2011,41.02843751786802
53,Serbia,3,Both,2011,46.103458638560966
216,Senegal,1,Male,2020,23.82331306490104
216,Senegal,2,Female,2020,18.53096181951562
216,Senegal,3,Both,2020,21.18788764328895
40,Turkmenistan,1,Male,2020,35.26783101974324
40,Turkmenistan,2,Female,2020,23.28103714418769
40,Turkmenistan,3,Both,2020,29.403502549799647
95,United Kingdom,1,Male,2020,28.050599735086735
95,United Kingdom,2,Female,2020,22.23863415407662
95,United Kingdom,3,Both,2020,25.093234804178373
27,Samoa,1,Male,2017,41.917725867875376
27,Samoa,2,Female,2017,36.83142944869376
27,Samoa,3,Both,2017,39.451890197763554
162,Bhutan,1,Male,2013,20.15307522263825
162,Bhutan,2,Female,2013,14.357468140048807
162,Bhutan,3,Both,2013,17.40397178752987
165,Pakistan,1,Male,2017,34.99274387754874
165,Pakistan,2,Female,2017,25.765193646812417
165,Pakistan,3,Both,2017,30.498808190817822
196,South Africa,1,Male,2011,31.25092569164484
196,South Africa,2,Female,2011,24.95662423678877
196,South Africa,3,Both,2011,28.0199545177742
99,Uruguay,1,Male,2020,36.33287323967628
99,Uruguay,2,Female,2020,27.3688952630212
99,Uruguay,3,Both,2020,31.66654570601492
196,South Africa,1,Male,2017,29.40316574719916
196,South Africa,2,Female,2017,23.295481304953796
196,South Africa,3,Both,2017,26.28415332496366
203,Cabo Verde,1,Male,2020,15.755732439307527
203,Cabo Verde,2,Female,2020,11.01304479253124
203,Cabo Verde,3,Both,2020,13.4037803828332
121,Bolivia (Plurinational State of),1,Male,2019,19.000415782559426
121,Bolivia (Plurinational State of),2,Female,2019,15.910662112672618
121,Bolivia (Plurinational State of),3,Both,2019,17.45682805921978
130,Mexico,1,Male,2016,20.82752112965027
130,Mexico,2,Female,2016,14.71932580736112
130,Mexico,3,Both,2016,17.7075365722709
107,Barbados,1,Male,2020,12.50721103689069
107,Barbados,2,Female,2020,6.86723918976067
107,Barbados,3,Both,2020,9.58605997139427
125,Colombia,1,Male,2019,17.80195873852101
125,Colombia,2,Female,2019,12.614852815133071
125,Colombia,3,Both,2019,15.15570499289978
15,Myanmar,1,Male,2012,35.83309354893987
15,Myanmar,2,Female,2012,29.530735706431223
15,Myanmar,3,Both,2012,32.57632947619794
200,Benin,1,Male,2011,13.12610293657591
200,Benin,2,Female,2011,10.99936804993056
200,Benin,3,Both,2011,12.03995052734827
200,Benin,1,Male,2017,11.61990909708944
200,Benin,2,Female,2017,9.58560453823721
200,Benin,3,Both,2017,10.58480477674755
207,Ghana,1,Male,2020,11.42258864631762
207,Ghana,2,Female,2020,8.93525019153051
207,Ghana,3,Both,2020,10.14634603929207
211,Mali,1,Male,2020,25.01007076454449
211,Mali,2,Female,2020,22.6752648614034
211,Mali,3,Both,2020,23.83648406801601
111,Dominican Republic,1,Male,2020,18.60855088087875
111,Dominican Republic,2,Female,2020,14.96426748629687
111,Dominican Republic,3,Both,2020,16.79674521671159
129,Honduras,1,Male,2019,25.715622811702698
129,Honduras,2,Female,2019,20.94961728382697
129,Honduras,3,Both,2019,23.26790523250678
115,Jamaica,1,Male,2020,22.21457570178706
115,Jamaica,2,Female,2020,14.91656813575257
115,Jamaica,3,Both,2020,18.53795353109546
209,Guinea-Bissau,1,Male,2020,13.90897210038948
209,Guinea-Bissau,2,Female,2020,11.09196080104536
209,Guinea-Bissau,3,Both,2020,12.46693665848385
204,Chad,1,Male,2017,17.70540052759369
204,Chad,2,Female,2017,15.47185715311539
204,Chad,3,Both,2017,16.58073325192709
214,Nigeria,1,Male,2018,9.2425470751206
214,Nigeria,2,Female,2018,7.26590504748474
214,Nigeria,3,Both,2018,8.219138190725769
119,Trinidad and Tobago,1,Male,2020,24.79102054548591
119,Trinidad and Tobago,2,Female,2020,17.1518061499555
119,Trinidad and Tobago,3,Both,2020,20.98093904112665
177,Djibouti,1,Male,2014,40.455479346885696
177,Djibouti,2,Female,2014,37.50145773598052
177,Djibouti,3,Both,2014,39.09179886714929
133,Venezuela (Bolivarian Republic of),1,Male,2019,24.36175557285259
133,Venezuela (Bolivarian Republic of),2,Female,2019,17.68996773219544
133,Venezuela (Bolivarian Republic of),3,Both,2019,20.95503533080336
204,Chad,1,Male,2011,18.84775098706438
204,Chad,2,Female,2011,16.80588020942508
204,Chad,3,Both,2011,17.81514943119222
298,American Samoa,1,Male,2020,38.61905909138969
298,American Samoa,2,Female,2020,32.84459961107052
298,American Samoa,3,Both,2020,35.795562608824774
217,Sierra Leone,1,Male,2012,31.225152871369687
217,Sierra Leone,2,Female,2012,28.04080330070402
217,Sierra Leone,3,Both,2012,29.60634831685403
44,Bosnia and Herzegovina,1,Male,2020,50.57062815341668
44,Bosnia and Herzegovina,2,Female,2020,36.30918052619487
44,Bosnia and Herzegovina,3,Both,2020,43.28614695584429
57,Belarus,1,Male,2011,46.75693949591891
57,Belarus,2,Female,2011,25.17876130704544
57,Belarus,3,Both,2011,35.22059958040141
208,Guinea,1,Male,2017,21.19884544206085
208,Guinea,2,Female,2017,17.64345193750874
208,Guinea,3,Both,2017,19.36740950563048
208,Guinea,1,Male,2011,22.28587817978952
208,Guinea,2,Female,2011,19.37002659174072
208,Guinea,3,Both,2011,20.78066629822804
40,Turkmenistan,1,Male,2018,35.69415969375011
40,Turkmenistan,2,Female,2018,23.84782075378964
40,Turkmenistan,3,Both,2018,29.894634370713806
522,Sudan,1,Male,2015,29.65942041541851
522,Sudan,2,Female,2015,21.404553035789007
522,Sudan,3,Both,2015,25.592057282631448
170,Congo,1,Male,2013,19.19905841805848
170,Congo,2,Female,2013,15.16145832178513
170,Congo,3,Both,2013,17.165036213918388
369,Nauru,1,Male,2019,46.11758269041257
369,Nauru,2,Female,2019,44.383104273514704
369,Nauru,3,Both,2019,45.25815266428666
215,Sao Tome and Principe,1,Male,2020,8.8865478819739
215,Sao Tome and Principe,2,Female,2020,5.69945264352186
215,Sao Tome and Principe,3,Both,2020,7.298479637759541
212,Mauritania,1,Male,2011,32.65999923152378
212,Mauritania,2,Female,2011,29.621486762509093
212,Mauritania,3,Both,2011,31.11838421853519
123,Peru,1,Male,2020,14.36524507905477
123,Peru,2,Female,2020,8.422478218667539
123,Peru,3,Both,2020,11.41358273900957
178,Eritrea,1,Male,2013,18.267255797357628
178,Eritrea,2,Female,2013,12.13911813285014
178,Eritrea,3,Both,2013,15.24086068954475
351,Guam,1,Male,2020,31.71385803466874
351,Guam,2,Female,2020,22.39475343805214
351,Guam,3,Both,2020,27.12321967204266
127,El Salvador,1,Male,2020,17.91070549157
127,El Salvador,2,Female,2020,12.10151591730773
127,El Salvador,3,Both,2020,14.826155331707568
156,United Arab Emirates,1,Male,2016,26.581520371423068
156,United Arab Emirates,2,Female,2016,20.315146752387815
156,United Arab Emirates,3,Both,2016,24.89437991854827
369,Nauru,1,Male,2020,45.917579131479705
369,Nauru,2,Female,2020,44.03303900413438
369,Nauru,3,Both,2020,44.98355410409002
142,Iran (Islamic Republic of),1,Male,2019,30.136886802537287
142,Iran (Islamic Republic of),2,Female,2019,18.08845508484932
142,Iran (Islamic Republic of),3,Both,2019,24.21076680087678
34,Azerbaijan,1,Male,2020,49.19109446140096
34,Azerbaijan,2,Female,2020,30.239231012596868
34,Azerbaijan,3,Both,2020,39.73199993261909
212,Mauritania,1,Male,2017,30.99727041784142
212,Mauritania,2,Female,2017,27.91043863223185
212,Mauritania,3,Both,2017,29.429698463232263
385,Puerto Rico,1,Male,2020,16.772305378926113
385,Puerto Rico,2,Female,2020,10.86670800867084
385,Puerto Rico,3,Both,2020,13.67275933380389
217,Sierra Leone,1,Male,2017,28.2001786339576
217,Sierra Leone,2,Female,2017,24.88395678769668
217,Sierra Leone,3,Both,2017,26.52435700382993
15,Myanmar,1,Male,2018,34.12750502966763
15,Myanmar,2,Female,2018,27.591675875222837
15,Myanmar,3,Both,2018,30.747097406008688
52,Romania,1,Male,2019,39.15624189635387
52,Romania,2,Female,2019,26.29603472504921
52,Romania,3,Both,2019,32.55419298992046
41,Uzbekistan,1,Male,2012,34.063605326281646
41,Uzbekistan,2,Female,2012,23.18399363758649
41,Uzbekistan,3,Both,2012,28.59141139692697
213,Niger,1,Male,2020,15.10528081919074
213,Niger,2,Female,2020,13.282751224447187
213,Niger,3,Both,2020,14.18824104748618
48,Hungary,1,Male,2020,38.12064599947189
48,Hungary,2,Female,2020,26.804937742112813
48,Hungary,3,Both,2020,32.19772807145385
146,Lebanon,1,Male,2019,51.326830052893534
146,Lebanon,2,Female,2019,39.63753865445764
146,Lebanon,3,Both,2019,45.51196651430905
16,Philippines,1,Male,2019,38.88184056542775
16,Philippines,2,Female,2019,31.18061903649076
16,Philippines,3,Both,2019,35.085470460342584
139,Algeria,1,Male,2016,38.78614459587854
139,Algeria,2,Female,2016,27.13103521431647
139,Algeria,3,Both,2016,33.04558345746973
150,Oman,1,Male,2019,25.35081512046245
150,Oman,2,Female,2019,17.42578072815876
150,Oman,3,Both,2019,22.27352731345045
216,Senegal,1,Male,2017,23.94600790571028
216,Senegal,2,Female,2017,19.014662148172672
216,Senegal,3,Both,2017,21.48608031852898
416,Tuvalu,1,Male,2020,41.16530291983985
416,Tuvalu,2,Female,2020,39.79866697301402
416,Tuvalu,3,Both,2020,40.50954503847214
131,Nicaragua,1,Male,2020,25.657165442765734
131,Nicaragua,2,Female,2020,22.20587003433808
131,Nicaragua,3,Both,2020,23.91065302051153
216,Senegal,1,Male,2011,27.18977367044917
216,Senegal,2,Female,2011,22.82030311067596
216,Senegal,3,Both,2011,24.99912990491892
179,Ethiopia,1,Male,2013,11.65251776015519
179,Ethiopia,2,Female,2013,9.16873297040806
179,Ethiopia,3,Both,2013,10.42231853688666
45,Bulgaria,1,Male,2012,50.83775350943367
45,Bulgaria,2,Female,2012,34.253491777547914
45,Bulgaria,3,Both,2012,42.3217146308029
305,Bermuda,1,Male,2012,21.01288392310595
305,Bermuda,2,Female,2012,14.790689516027411
305,Bermuda,3,Both,2012,17.78442409511363
49,North Macedonia,1,Male,2012,56.85274092419056
49,North Macedonia,2,Female,2012,43.81151161289175
49,North Macedonia,3,Both,2012,50.40570321464533
115,Jamaica,1,Male,2011,23.95536199789804
115,Jamaica,2,Female,2011,17.30598168295166
115,Jamaica,3,Both,2011,20.59808682693269
168,Angola,1,Male,2013,17.86178425629047
168,Angola,2,Female,2013,13.09319301719423
168,Angola,3,Both,2013,15.40936122673068
61,Republic of Moldova,1,Male,2011,48.03474287381494
61,Republic of Moldova,2,Female,2011,22.54947043863403
61,Republic of Moldova,3,Both,2011,34.73235696132648
36,Kazakhstan,1,Male,2016,42.02245101058965
36,Kazakhstan,2,Female,2016,28.552544907914815
36,Kazakhstan,3,Both,2016,35.06402490800632
54,Slovakia,1,Male,2012,37.91610204495687
54,Slovakia,2,Female,2012,26.55315584729162
54,Slovakia,3,Both,2012,32.08171643034939
58,Estonia,1,Male,2012,42.96386326867444
58,Estonia,2,Female,2012,25.36404802603211
58,Estonia,3,Both,2012,33.57132596104121
154,Tunisia,1,Male,2019,45.02552910831706
154,Tunisia,2,Female,2019,28.27825632258832
154,Tunisia,3,Both,2019,36.62038033419197
135,Brazil,1,Male,2020,24.83542872653229
135,Brazil,2,Female,2020,17.124835098926187
135,Brazil,3,Both,2020,20.89019771034572
435,South Sudan,1,Male,2020,20.86358546966791
435,South Sudan,2,Female,2020,16.34363837330418
435,South Sudan,3,Both,2020,18.61043285899918
105,Antigua and Barbuda,1,Male,2015,19.26623991916764
105,Antigua and Barbuda,2,Female,2015,11.77127894159935
105,Antigua and Barbuda,3,Both,2015,15.40093450472019
183,Mauritius,1,Male,2013,33.29216122076227
183,Mauritius,2,Female,2013,24.52674730396081
183,Mauritius,3,Both,2013,28.8617192628744
36,Kazakhstan,1,Male,2017,41.85537607869135
36,Kazakhstan,2,Female,2017,28.11366409184507
36,Kazakhstan,3,Both,2017,34.76156273966944
28,Solomon Islands,1,Male,2011,44.789980853494846
28,Solomon Islands,2,Female,2011,44.43030558853224
28,Solomon Islands,3,Both,2011,44.61468336736258
413,Tokelau,1,Male,2019,36.30910954856396
413,Tokelau,2,Female,2019,28.63814637134111
413,Tokelau,3,Both,2019,32.54177177635452
140,Bahrain,1,Male,2020,31.98746301703365
140,Bahrain,2,Female,2020,21.57404554555372
140,Bahrain,3,Both,2020,28.13371476815729
143,Iraq,1,Male,2016,44.64061861840593
143,Iraq,2,Female,2016,36.12855519755714
143,Iraq,3,Both,2016,40.54914660958862
144,Jordan,1,Male,2020,51.79903000300104
144,Jordan,2,Female,2020,40.54370805708621
144,Jordan,3,Both,2020,46.56465732919132
69,Singapore,1,Male,2011,25.93781669689409
69,Singapore,2,Female,2011,16.22104755352049
69,Singapore,3,Both,2011,21.26443410221543
109,Cuba,1,Male,2012,34.357665631545046
109,Cuba,2,Female,2012,24.62374676750171
109,Cuba,3,Both,2012,29.48427895502329
131,Nicaragua,1,Male,2019,25.73344005785726
131,Nicaragua,2,Female,2019,22.50101735417142
131,Nicaragua,3,Both,2019,24.09800204650795
374,Niue,1,Male,2012,30.56721367969334
374,Niue,2,Female,2012,20.35885943632753
374,Niue,3,Both,2012,25.48149330428133
30,Vanuatu,1,Male,2014,28.497447370184247
30,Vanuatu,2,Female,2014,23.91844060791386
30,Vanuatu,3,Both,2014,26.24044974511175
148,Morocco,1,Male,2020,30.84683469569874
148,Morocco,2,Female,2020,20.93236204273245
148,Morocco,3,Both,2020,25.923427976914898
25,Micronesia (Federated States of),1,Male,2014,47.42207924728928
25,Micronesia (Federated States of),2,Female,2014,48.4059988850657
25,Micronesia (Federated States of),3,Both,2014,47.90501832645866
34,Azerbaijan,1,Male,2018,49.30127860130436
34,Azerbaijan,2,Female,2018,31.607712650108876
34,Azerbaijan,3,Both,2018,40.45852173124284
35,Georgia,1,Male,2020,53.32929726875618
35,Georgia,2,Female,2020,27.82937787242638
35,Georgia,3,Both,2020,40.04071468504559
217,Sierra Leone,1,Male,2020,27.23818551082976
217,Sierra Leone,2,Female,2020,23.94009918562253
217,Sierra Leone,3,Both,2020,25.576220319602676
152,Saudi Arabia,1,Male,2020,32.30337645064935
152,Saudi Arabia,2,Female,2020,20.51917670461337
152,Saudi Arabia,3,Both,2020,27.39681797777789
52,Romania,1,Male,2020,38.92889157520333
52,Romania,2,Female,2020,26.01123766640135
52,Romania,3,Both,2020,32.29461359896674
162,Bhutan,1,Male,2019,19.90824168285347
162,Bhutan,2,Female,2019,13.43556120085391
162,Bhutan,3,Both,2019,16.80766196351716
97,Argentina,1,Male,2018,35.93102967684095
97,Argentina,2,Female,2018,29.31602977003346
97,Argentina,3,Both,2018,32.54144347770381
156,United Arab Emirates,1,Male,2020,23.81321408486729
156,United Arab Emirates,2,Female,2020,18.70148386769882
156,United Arab Emirates,3,Both,2020,22.396691192641267
33,Armenia,1,Male,2016,55.88524253559183
33,Armenia,2,Female,2016,30.59060623356381
33,Armenia,3,Both,2016,42.76192062498081
160,Afghanistan,1,Male,2020,27.356257646965247
160,Afghanistan,2,Female,2020,22.62333978675227
160,Afghanistan,3,Both,2020,25.04104933834588
62,Russian Federation,1,Male,2012,50.16727017758272
62,Russian Federation,2,Female,2012,28.12240455339023
62,Russian Federation,3,Both,2012,38.34767264598475
40,Turkmenistan,1,Male,2015,37.698492854184416
40,Turkmenistan,2,Female,2015,26.51889806183257
40,Turkmenistan,3,Both,2015,32.217138386456
187,Somalia,1,Male,2013,22.31137809451092
187,Somalia,2,Female,2013,18.245460291409756
187,Somalia,3,Both,2013,20.31937823239727
40,Turkmenistan,1,Male,2017,36.2871033161329
40,Turkmenistan,2,Female,2017,24.708826551793788
40,Turkmenistan,3,Both,2017,30.61624982095453
66,Brunei Darussalam,1,Male,2012,33.61018834365846
66,Brunei Darussalam,2,Female,2012,21.885085491285288
66,Brunei Darussalam,3,Both,2012,27.96319700209549
147,Libya,1,Male,2016,46.69964976505217
147,Libya,2,Female,2016,33.98217981217519
147,Libya,3,Both,2016,40.55320088273068
305,Bermuda,1,Male,2017,20.58603212661271
305,Bermuda,2,Female,2017,14.128437105140378
305,Bermuda,3,Both,2017,17.245276726598572
39,Tajikistan,1,Male,2020,27.45930199183
39,Tajikistan,2,Female,2020,18.2370797898161
39,Tajikistan,3,Both,2020,22.91035212985739
298,American Samoa,1,Male,2017,39.31510221505594
298,American Samoa,2,Female,2017,33.71615674345604
298,American Samoa,3,Both,2017,36.56832597352951
27,Samoa,1,Male,2011,42.82533545405084
27,Samoa,2,Female,2011,37.96006868943456
27,Samoa,3,Both,2011,40.47553889826928
33,Armenia,1,Male,2018,56.24585059677983
33,Armenia,2,Female,2018,29.60453711885449
33,Armenia,3,Both,2018,42.43849497492235
298,American Samoa,1,Male,2011,40.5515807939367
298,American Samoa,2,Female,2011,35.46848625914384
298,American Samoa,3,Both,2011,38.045014760740095
26,Papua New Guinea,1,Male,2017,43.8211048205036
26,Papua New Guinea,2,Female,2017,46.42692252011492
26,Papua New Guinea,3,Both,2017,45.07459204109693
74,Andorra,1,Male,2012,37.48112653462801
74,Andorra,2,Female,2012,29.31492566259394
74,Andorra,3,Both,2012,33.47166426221258
33,Armenia,1,Male,2020,56.61058384418018
33,Armenia,2,Female,2020,28.31697352045642
33,Armenia,3,Both,2020,41.9511669682039
393,Saint Kitts and Nevis,1,Male,2012,17.37119733018345
393,Saint Kitts and Nevis,2,Female,2012,10.3113406385847
393,Saint Kitts and Nevis,3,Both,2012,13.84767662878455
349,Greenland,1,Male,2020,39.65781699814392
349,Greenland,2,Female,2020,42.69232722249109
349,Greenland,3,Both,2020,41.09711000441259
40,Turkmenistan,1,Male,2012,40.15522337971907
40,Turkmenistan,2,Female,2012,29.131311243856175
40,Turkmenistan,3,Both,2012,34.73883934653082
53,Serbia,1,Male,2020,46.24712116177392
53,Serbia,2,Female,2020,37.42740447337312
53,Serbia,3,Both,2020,41.82515511053539
78,Denmark,1,Male,2012,34.9311753923508
78,Denmark,2,Female,2012,28.459557021038663
78,Denmark,3,Both,2012,31.667489717752368
164,Nepal,1,Male,2020,33.76844101522407
164,Nepal,2,Female,2020,26.59409685711688
164,Nepal,3,Both,2020,30.01266638535301
39,Tajikistan,1,Male,2016,28.64752876856936
39,Tajikistan,2,Female,2016,19.71202187710875
39,Tajikistan,3,Both,2016,24.23384430299968
367,Monaco,1,Male,2020,33.22781562069117
367,Monaco,2,Female,2020,24.09796600238806
367,Monaco,3,Both,2020,28.537158583178268
110,Dominica,1,Male,2013,19.48690632767626
110,Dominica,2,Female,2013,12.682457483527982
110,Dominica,3,Both,2013,16.108181036979598
380,Palau,1,Male,2020,26.556902212089
380,Palau,2,Female,2020,17.77536594947694
380,Palau,3,Both,2020,22.59983258991593
77,Cyprus,1,Male,2011,49.54063918033482
77,Cyprus,2,Female,2011,37.16586836370784
77,Cyprus,3,Both,2011,43.316850499551954
168,Angola,1,Male,2020,18.26391723409026
168,Angola,2,Female,2020,13.31580463504341
168,Angola,3,Both,2020,15.716426066427289
82,Greece,1,Male,2012,51.60907597188626
82,Greece,2,Female,2012,38.99437851659132
82,Greece,3,Both,2012,45.19346947186138
186,Seychelles,1,Male,2011,36.78975370953386
186,Seychelles,2,Female,2011,23.68328221184434
186,Seychelles,3,Both,2011,30.480361895236108
116,Saint Lucia,1,Male,2018,17.42173337486333
116,Saint Lucia,2,Female,2018,10.61222466826201
116,Saint Lucia,3,Both,2018,14.015820923986391
44,Bosnia and Herzegovina,1,Male,2018,51.79973650894385
44,Bosnia and Herzegovina,2,Female,2018,37.79383961419428
44,Bosnia and Herzegovina,3,Both,2018,44.65184169424329
44,Bosnia and Herzegovina,1,Male,2017,52.51822497101016
44,Bosnia and Herzegovina,2,Female,2017,38.65093367890534
44,Bosnia and Herzegovina,3,Both,2017,45.44371792847483
422,United States Virgin Islands,1,Male,2012,17.43975629760466
422,United States Virgin Islands,2,Female,2012,11.20229901712044
422,United States Virgin Islands,3,Both,2012,14.19895883564515
44,Bosnia and Herzegovina,1,Male,2015,54.0169503004414
44,Bosnia and Herzegovina,2,Female,2015,40.36425644975465
44,Bosnia and Herzegovina,3,Both,2015,47.05874511588325
116,Saint Lucia,1,Male,2015,17.92674544778054
116,Saint Lucia,2,Female,2015,11.21310066504893
116,Saint Lucia,3,Both,2015,14.563474568016373
15,Myanmar,1,Male,2015,34.68071954958107
15,Myanmar,2,Female,2015,28.32090442171284
15,Myanmar,3,Both,2015,31.39229396301808
413,Tokelau,1,Male,2020,36.19516133812392
413,Tokelau,2,Female,2020,28.42075423892493
413,Tokelau,3,Both,2020,32.38042079648671
86,Italy,1,Male,2012,33.038249993417416
86,Italy,2,Female,2012,25.82101596065466
86,Italy,3,Both,2012,29.3222024351735
34,Azerbaijan,1,Male,2016,49.53390138648062
34,Azerbaijan,2,Female,2016,32.81893760855056
34,Azerbaijan,3,Both,2016,41.16572064432021
385,Puerto Rico,1,Male,2019,16.818490814528662
385,Puerto Rico,2,Female,2019,10.99539596293791
385,Puerto Rico,3,Both,2019,13.764109237562067
17,Sri Lanka,1,Male,2019,26.23506436146772
17,Sri Lanka,2,Female,2019,17.54769992209324
17,Sri Lanka,3,Both,2019,21.7433394216831
90,Norway,1,Male,2012,30.53695754929545
90,Norway,2,Female,2012,22.57389087801899
90,Norway,3,Both,2012,26.56225488896609
30,Vanuatu,1,Male,2019,27.754733300940472
30,Vanuatu,2,Female,2019,22.375803762783068
30,Vanuatu,3,Both,2019,25.09488475458237
38,Mongolia,1,Male,2016,42.18936671136888
38,Mongolia,2,Female,2016,34.87022253593207
38,Mongolia,3,Both,2016,38.49089806565869
114,Haiti,1,Male,2013,13.593249704343622
114,Haiti,2,Female,2013,10.94202509876338
114,Haiti,3,Both,2013,12.23890995990788
35,Georgia,1,Male,2014,53.305327910388144
35,Georgia,2,Female,2014,29.87825250248877
35,Georgia,3,Both,2014,41.02589523453064
57,Belarus,1,Male,2020,47.474136528363466
57,Belarus,2,Female,2020,23.56815647618696
57,Belarus,3,Both,2020,34.70034397083364
374,Niue,1,Male,2017,30.78268413942905
374,Niue,2,Female,2017,20.38898813783209
374,Niue,3,Both,2017,25.61499709570147
196,South Africa,1,Male,2013,30.476194878474026
196,South Africa,2,Female,2013,24.2235505233333
196,South Africa,3,Both,2013,27.273232119191626
94,Switzerland,1,Male,2012,33.08549894389301
94,Switzerland,2,Female,2012,25.81969303481484
94,Switzerland,3,Both,2012,29.41289915236689
44,Bosnia and Herzegovina,1,Male,2012,56.33360284653685
44,Bosnia and Herzegovina,2,Female,2012,42.70431922251405
44,Bosnia and Herzegovina,3,Both,2012,49.39348517305418
35,Georgia,1,Male,2011,52.72301089448634
35,Georgia,2,Female,2011,30.203900019354563
35,Georgia,3,Both,2011,40.87348505508266
351,Guam,1,Male,2017,32.34809781833882
351,Guam,2,Female,2017,23.18441372093974
351,Guam,3,Both,2017,27.857969367435683
46,Croatia,1,Male,2016,45.73697866339094
46,Croatia,2,Female,2016,35.5225133590401
46,Croatia,3,Both,2016,40.46749785173748
170,Congo,1,Male,2019,19.35178306009774
170,Congo,2,Female,2019,14.94179738656847
170,Congo,3,Both,2019,17.13447834832551
53,Serbia,1,Male,2019,46.71052441658719
53,Serbia,2,Female,2019,37.91275505978237
53,Serbia,3,Both,2019,42.295392721844685
151,Qatar,1,Male,2016,31.16196492961479
151,Qatar,2,Female,2016,21.72158135316754
151,Qatar,3,Both,2016,28.774077888213974
81,Germany,1,Male,2011,35.956245010463775
81,Germany,2,Female,2011,26.06511508841874
81,Germany,3,Both,2011,30.9106085864696
35,Georgia,1,Male,2017,53.457423040050365
35,Georgia,2,Female,2017,28.98322104393818
35,Georgia,3,Both,2017,40.67153418098472
78,Denmark,1,Male,2017,32.79932712146131
78,Denmark,2,Female,2017,26.71151033460853
78,Denmark,3,Both,2017,29.73866668086905
40,Turkmenistan,1,Male,2016,36.98412194704655
40,Turkmenistan,2,Female,2016,25.60162750176051
40,Turkmenistan,3,Both,2016,31.406377018803877
43,Albania,1,Male,2020,51.63186179853827
43,Albania,2,Female,2020,27.94055935655183
43,Albania,3,Both,2020,39.8548919845086
95,United Kingdom,1,Male,2012,32.66405523825654
95,United Kingdom,2,Female,2012,28.14391754207939
95,United Kingdom,3,Both,2012,30.36583377285555
20,Viet Nam,1,Male,2013,44.1186348107127
20,Viet Nam,2,Female,2013,30.17926371542498
20,Viet Nam,3,Both,2013,37.08929665491906
99,Uruguay,1,Male,2012,38.08459740363678
99,Uruguay,2,Female,2012,29.35962909742016
99,Uruguay,3,Both,2012,33.55476906798026
43,Albania,1,Male,2016,51.55870781215596
43,Albania,2,Female,2016,29.00498326683062
43,Albania,3,Both,2016,40.33896164752648
50,Montenegro,1,Male,2016,56.08061217673455
50,Montenegro,2,Female,2016,45.92995086697286
50,Montenegro,3,Both,2016,50.94969107835622
128,Guatemala,1,Male,2018,18.85716109595215
128,Guatemala,2,Female,2018,15.757688028664193
128,Guatemala,3,Both,2018,17.26150942222477
305,Bermuda,1,Male,2020,20.32154943269709
305,Bermuda,2,Female,2020,13.7508702355731
305,Bermuda,3,Both,2020,16.92678359881814
48,Hungary,1,Male,2018,39.07036688075077
48,Hungary,2,Female,2018,27.815966739857306
48,Hungary,3,Both,2018,33.17432411767149
172,Equatorial Guinea,1,Male,2020,32.64673277292775
172,Equatorial Guinea,2,Female,2020,30.673332448448893
172,Equatorial Guinea,3,Both,2020,31.74242389336648
38,Mongolia,1,Male,2013,41.37129285653584
38,Mongolia,2,Female,2013,34.26840564858903
38,Mongolia,3,Both,2013,37.78858699993052
176,Comoros,1,Male,2020,24.53973975391011
176,Comoros,2,Female,2020,19.7539152119205
176,Comoros,3,Both,2020,22.14245074199392
29,Tonga,1,Male,2011,42.87740429835301
29,Tonga,2,Female,2011,39.140837956034105
29,Tonga,3,Both,2011,41.02419107025623
200,Benin,1,Male,2013,12.37821163149617
200,Benin,2,Female,2013,10.29183927559205
200,Benin,3,Both,2013,11.31403509302849
351,Guam,1,Male,2011,33.776774523409145
351,Guam,2,Female,2011,24.91827582488086
351,Guam,3,Both,2011,29.458617100578387
393,Saint Kitts and Nevis,1,Male,2017,16.22002781954361
393,Saint Kitts and Nevis,2,Female,2017,9.35389328531755
393,Saint Kitts and Nevis,3,Both,2017,12.79150390262353
48,Hungary,1,Male,2017,39.65320685848409
48,Hungary,2,Female,2017,28.420744105158946
48,Hungary,3,Both,2017,33.76620372535689
57,Belarus,1,Male,2019,47.3239353932587
57,Belarus,2,Female,2019,23.76104813056622
57,Belarus,3,Both,2019,34.73363807070336
132,Panama,1,Male,2018,14.26092746776932
132,Panama,2,Female,2018,9.89569932753689
132,Panama,3,Both,2018,12.09281386213777
48,Hungary,1,Male,2012,43.56811285117343
48,Hungary,2,Female,2012,32.58600913185974
48,Hungary,3,Both,2012,37.80020502889856
46,Croatia,1,Male,2013,47.08389889184136
46,Croatia,2,Female,2013,36.437459638390415
46,Croatia,3,Both,2013,41.58293314054589
39,Tajikistan,1,Male,2011,31.59019223390727
39,Tajikistan,2,Female,2011,22.81432929499897
39,Tajikistan,3,Both,2011,27.24701718863407
50,Montenegro,1,Male,2013,58.11795784701832
50,Montenegro,2,Female,2013,48.1374073810253
50,Montenegro,3,Both,2013,53.06966710630532
48,Hungary,1,Male,2015,41.02813096027414
48,Hungary,2,Female,2015,29.84505244315388
48,Hungary,3,Both,2015,35.16209868436019
55,Slovenia,1,Male,2016,41.62281115795472
55,Slovenia,2,Female,2016,31.57750150711448
55,Slovenia,3,Both,2016,36.55519650147651
47,Czechia,1,Male,2016,39.42300800286811
47,Czechia,2,Female,2016,26.94113882331941
47,Czechia,3,Both,2016,33.07801039105707
136,Paraguay,1,Male,2012,29.879874418919695
136,Paraguay,2,Female,2012,22.82194991863509
136,Paraguay,3,Both,2012,26.39051003467899
109,Cuba,1,Male,2015,32.932323204255134
109,Cuba,2,Female,2015,23.10108117337842
109,Cuba,3,Both,2015,28.004398829738943
39,Tajikistan,1,Male,2017,28.24190742479034
39,Tajikistan,2,Female,2017,19.26075956662597
39,Tajikistan,3,Both,2017,23.80745538236496
47,Czechia,1,Male,2020,38.82227944915921
47,Czechia,2,Female,2020,25.933452286081582
47,Czechia,3,Both,2020,32.277971878867554
107,Barbados,1,Male,2012,13.3060774996044
107,Barbados,2,Female,2012,7.81048110640292
107,Barbados,3,Both,2012,10.45493634352593
369,Nauru,1,Male,2011,47.58350987159606
369,Nauru,2,Female,2011,46.41835720145305
369,Nauru,3,Both,2011,47.00822652299817
55,Slovenia,1,Male,2013,43.61189149515261
55,Slovenia,2,Female,2013,33.18955658808903
55,Slovenia,3,Both,2013,38.3447872611368
136,Paraguay,1,Male,2018,27.87195870793398
136,Paraguay,2,Female,2018,20.90229972877761
136,Paraguay,3,Both,2018,24.42551856944621
85,Israel,1,Male,2011,37.240089300432885
85,Israel,2,Female,2011,29.25718172447429
85,Israel,3,Both,2011,33.21663407865196
39,Tajikistan,1,Male,2014,29.64186373350547
39,Tajikistan,2,Female,2014,20.79916802317959
39,Tajikistan,3,Both,2014,25.270656384154066
59,Latvia,1,Male,2013,43.72069057202104
59,Latvia,2,Female,2013,25.39570965153772
59,Latvia,3,Both,2013,33.7851769309731
59,Latvia,1,Male,2016,42.58897617498942
59,Latvia,2,Female,2016,24.17332602979509
59,Latvia,3,Both,2016,32.62115967930394
369,Nauru,1,Male,2017,46.48005280020721
369,Nauru,2,Female,2017,45.01941267369364
369,Nauru,3,Both,2017,45.75676043508613
20,Viet Nam,1,Male,2019,43.65996780729645
20,Viet Nam,2,Female,2019,28.319066848221468
20,Viet Nam,3,Both,2019,35.961372518870334
61,Republic of Moldova,1,Male,2020,48.43800433275078
61,Republic of Moldova,2,Female,2020,18.58393411037955
61,Republic of Moldova,3,Both,2020,32.80683562051801
155,Turkey,1,Male,2016,47.59918834641657
155,Turkey,2,Female,2016,33.17768546234719
155,Turkey,3,Both,2016,40.41658438024062
63,Ukraine,1,Male,2016,42.32217040181133
63,Ukraine,2,Female,2016,19.889244326894858
63,Ukraine,3,Both,2016,30.279902434263388
118,Suriname,1,Male,2013,32.853844279765084
118,Suriname,2,Female,2013,24.91594668521352
118,Suriname,3,Both,2013,28.87616030957841
67,Japan,1,Male,2016,32.63222367647035
67,Japan,2,Female,2016,16.78808185189487
67,Japan,3,Both,2016,24.50914085720959
29,Tonga,1,Male,2013,42.5383659656919
29,Tonga,2,Female,2013,38.19206108030241
29,Tonga,3,Both,2013,40.37633273497749
141,Egypt,1,Male,2018,46.45202857316852
141,Egypt,2,Female,2018,32.96967217007446
141,Egypt,3,Both,2018,39.9410284040844
181,Madagascar,1,Male,2020,22.06652766933849
181,Madagascar,2,Female,2020,20.02712961281193
181,Madagascar,3,Both,2020,21.0335227596327
111,Dominican Republic,1,Male,2012,20.40673256186674
111,Dominican Republic,2,Female,2012,17.081669212113752
111,Dominican Republic,3,Both,2012,18.75340945657202
30,Vanuatu,1,Male,2011,29.116052996500407
30,Vanuatu,2,Female,2011,25.07001238350014
30,Vanuatu,3,Both,2011,27.12579113726567
52,Romania,1,Male,2017,39.53253190738157
52,Romania,2,Female,2017,26.640082179114295
52,Romania,3,Both,2017,32.91576091902208
178,Eritrea,1,Male,2019,18.355772711217032
178,Eritrea,2,Female,2019,12.14126238853912
178,Eritrea,3,Both,2019,15.29535395858467
43,Albania,1,Male,2011,50.68897945156583
43,Albania,2,Female,2011,29.70331417592104
43,Albania,3,Both,2011,40.22927679649478
374,Niue,1,Male,2020,30.920687854149133
374,Niue,2,Female,2020,20.3775535925364
374,Niue,3,Both,2020,25.68077536961234
43,Albania,1,Male,2017,51.61509316300356
43,Albania,2,Female,2017,28.81390879067714
43,Albania,3,Both,2017,40.2791450664505
25,Micronesia (Federated States of),1,Male,2017,46.78276135146963
25,Micronesia (Federated States of),2,Female,2017,47.5488735953491
25,Micronesia (Federated States of),3,Both,2017,47.15855262468036
179,Ethiopia,1,Male,2019,11.65613352616438
179,Ethiopia,2,Female,2019,9.06549156560238
179,Ethiopia,3,Both,2019,10.37228662546086
47,Czechia,1,Male,2011,40.87285452381566
47,Czechia,2,Female,2011,28.71347995946849
47,Czechia,3,Both,2011,34.67698375107421
47,Czechia,1,Male,2017,39.231004373614695
47,Czechia,2,Female,2017,26.64112507144713
47,Czechia,3,Both,2017,32.83361319878048
145,Kuwait,1,Male,2018,40.25714384983219
145,Kuwait,2,Female,2018,26.55112812308349
145,Kuwait,3,Both,2018,33.938761540314985
52,Romania,1,Male,2012,40.92830221697637
52,Romania,2,Female,2012,27.25591912173312
52,Romania,3,Both,2012,33.91883588587956
63,Ukraine,1,Male,2013,44.055216606003874
63,Ukraine,2,Female,2013,22.14078582027473
63,Ukraine,3,Both,2013,32.28568332564832
52,Romania,1,Male,2018,39.355768861320726
52,Romania,2,Female,2018,26.50776482080185
52,Romania,3,Both,2018,32.761114499274655
51,Poland,1,Male,2011,40.8221993287554
51,Poland,2,Female,2011,32.88765573272103
51,Poland,3,Both,2011,36.72525220071539
385,Puerto Rico,1,Male,2011,17.25691483879264
385,Puerto Rico,2,Female,2011,12.13489374277118
385,Puerto Rico,3,Both,2011,14.59075828408753
43,Albania,1,Male,2014,51.297298921629306
43,Albania,2,Female,2014,29.411993144116224
43,Albania,3,Both,2014,40.41212501084093
204,Chad,1,Male,2013,18.17562760931421
204,Chad,2,Female,2013,16.038459081950577
204,Chad,3,Both,2013,17.09655498750996
61,Republic of Moldova,1,Male,2019,48.34381059482991
61,Republic of Moldova,2,Female,2019,19.01851860267191
61,Republic of Moldova,3,Both,2019,32.99764118918855
51,Poland,1,Male,2017,37.45872453420814
51,Poland,2,Female,2017,28.66084955557825
51,Poland,3,Both,2017,32.91918073219845
51,Poland,1,Male,2020,36.36918068034077
51,Poland,2,Female,2020,26.91862291557527
51,Poland,3,Both,2020,31.49366993591311
51,Poland,1,Male,2016,37.908324904507815
51,Poland,2,Female,2016,29.33886208735944
51,Poland,3,Both,2016,33.48600740576298
385,Puerto Rico,1,Male,2017,16.93044132342282
385,Puerto Rico,2,Female,2017,11.31843710647305
385,Puerto Rico,3,Both,2017,13.996549341608691
185,Rwanda,1,Male,2020,20.20538662594801
185,Rwanda,2,Female,2020,16.02364431687615
185,Rwanda,3,Both,2020,18.0573630040453
169,Central African Republic,1,Male,2017,15.816730422766808
169,Central African Republic,2,Female,2017,12.24771446741674
169,Central African Republic,3,Both,2017,14.00521755663729
71,Australia,1,Male,2016,27.60962338358804
71,Australia,2,Female,2016,21.63992207330369
71,Australia,3,Both,2016,24.59114446754352
101,Canada,1,Male,2018,28.57325620389462
101,Canada,2,Female,2018,23.39821821752599
101,Canada,3,Both,2018,25.94685348247444
52,Romania,1,Male,2015,39.90566137778029
52,Romania,2,Female,2015,26.78392761228485
52,Romania,3,Both,2015,33.17415884954294
115,Jamaica,1,Male,2012,23.56158491540924
115,Jamaica,2,Female,2012,16.83897085874817
115,Jamaica,3,Both,2012,20.16734833733292
183,Mauritius,1,Male,2019,33.855565670628714
183,Mauritius,2,Female,2019,24.18376818498004
183,Mauritius,3,Both,2019,28.960577969192
422,United States Virgin Islands,1,Male,2017,16.67014009849627
422,United States Virgin Islands,2,Female,2017,10.45692399636843
422,United States Virgin Islands,3,Both,2017,13.46219969480533
119,Trinidad and Tobago,1,Male,2012,26.647525105205588
119,Trinidad and Tobago,2,Female,2012,20.54379798395458
119,Trinidad and Tobago,3,Both,2012,23.61016731708344
67,Japan,1,Male,2013,34.30969190648227
67,Japan,2,Female,2013,18.27262400170098
67,Japan,3,Both,2013,26.08900091912414
149,Palestine,1,Male,2018,46.29797282933442
149,Palestine,2,Female,2018,38.54268130159837
149,Palestine,3,Both,2018,42.49121512998887
208,Guinea,1,Male,2013,21.88976550332685
208,Guinea,2,Female,2013,18.82705008965564
208,Guinea,3,Both,2013,20.30976530365285
113,Guyana,1,Male,2012,23.63689872090862
113,Guyana,2,Female,2012,18.10330548546925
113,Guyana,3,Both,2012,20.85484551964938
123,Peru,1,Male,2012,14.5448678073752
123,Peru,2,Female,2012,9.67837616296346
123,Peru,3,Both,2012,12.121354290471729
75,Austria,1,Male,2016,40.01602944968543
75,Austria,2,Female,2016,31.288482520694
75,Austria,3,Both,2016,35.57484970483661
187,Somalia,1,Male,2019,22.2957063280911
187,Somalia,2,Female,2019,18.16929640428301
187,Somalia,3,Both,2019,20.27849832182763
416,Tuvalu,1,Male,2017,41.53010773510448
416,Tuvalu,2,Female,2017,40.01590345976757
416,Tuvalu,3,Both,2017,40.79990686672755
53,Serbia,1,Male,2017,47.783858821565
53,Serbia,2,Female,2017,38.85751398598164
53,Serbia,3,Both,2017,43.29082617587313
212,Mauritania,1,Male,2013,31.95056218861016
212,Mauritania,2,Female,2013,28.833328040439
212,Mauritania,3,Both,2013,30.36837924787038
127,El Salvador,1,Male,2012,17.859212096112937
127,El Salvador,2,Female,2012,12.72863479019118
127,El Salvador,3,Both,2012,15.15171715807809
190,Uganda,1,Male,2020,15.6202773285592
190,Uganda,2,Female,2020,13.46765219692632
190,Uganda,3,Both,2020,14.52876874565892
122,Ecuador,1,Male,2013,16.956891796908362
122,Ecuador,2,Female,2013,11.33714698936472
122,Ecuador,3,Both,2013,14.12465863850385
53,Serbia,1,Male,2015,48.91976371431893
53,Serbia,2,Female,2015,39.77153854497564
53,Serbia,3,Both,2015,44.30009964259028
89,Netherlands,1,Male,2011,32.968860919512124
89,Netherlands,2,Female,2011,29.16553322303526
89,Netherlands,3,Both,2011,31.04721690716008
216,Senegal,1,Male,2013,25.682736321358103
216,Senegal,2,Female,2013,21.13480861178961
216,Senegal,3,Both,2013,23.40688931767067
196,South Africa,1,Male,2019,28.99913092697971
196,South Africa,2,Female,2019,22.8004146308206
196,South Africa,3,Both,2019,25.83740842025334
47,Czechia,1,Male,2014,39.886034129332906
47,Czechia,2,Female,2014,27.559751088903734
47,Czechia,3,Both,2014,33.61464609043131
416,Tuvalu,1,Male,2011,41.69482002425569
416,Tuvalu,2,Female,2011,39.03190580916587
416,Tuvalu,3,Both,2011,40.39265859760524
69,Singapore,1,Male,2020,22.84914996331127
69,Singapore,2,Female,2020,12.37647714313697
69,Singapore,3,Both,2020,17.71460622124998
182,Malawi,1,Male,2014,21.56180652038201
182,Malawi,2,Female,2014,17.973034232749228
182,Malawi,3,Both,2014,19.72244710019497
53,Serbia,1,Male,2018,47.22349835072238
53,Serbia,2,Female,2018,38.380303806522335
53,Serbia,3,Both,2018,42.77968191072798
53,Serbia,1,Male,2012,50.77962018072424
53,Serbia,2,Female,2012,40.76067399738068
53,Serbia,3,Both,2012,45.68804235422533
153,Syrian Arab Republic,1,Male,2018,43.21877244411445
153,Syrian Arab Republic,2,Female,2018,28.761314988440063
153,Syrian Arab Republic,3,Both,2018,35.72862692299788
33,Armenia,1,Male,2015,55.72159098468282
33,Armenia,2,Female,2015,31.01653491682309
33,Armenia,3,Both,2015,42.89806627526955
94,Switzerland,1,Male,2014,32.553850182452074
94,Switzerland,2,Female,2014,25.377564103095175
94,Switzerland,3,Both,2014,28.934383315722663
186,Seychelles,1,Male,2014,36.28674551352095
186,Seychelles,2,Female,2014,23.13066943517997
186,Seychelles,3,Both,2014,30.00331055100834
131,Nicaragua,1,Male,2012,26.42487647390965
131,Nicaragua,2,Female,2012,24.45801655994437
131,Nicaragua,3,Both,2012,25.429367068546583
194,Lesotho,1,Male,2020,37.28508657303555
194,Lesotho,2,Female,2020,31.29053978299105
194,Lesotho,3,Both,2020,34.19670912774814
435,South Sudan,1,Male,2017,20.83428706744396
435,South Sudan,2,Female,2017,16.88953433155688
435,South Sudan,3,Both,2017,18.88513637716823
163,India,1,Male,2016,27.48154972493016
163,India,2,Female,2016,20.20698529344694
163,India,3,Both,2016,23.93925875068543
135,Brazil,1,Male,2012,28.136154691132
135,Brazil,2,Female,2012,21.62541961865628
135,Brazil,3,Both,2012,24.81667057746828
200,Benin,1,Male,2019,11.53440879394223
200,Benin,2,Female,2019,9.4823179055239
200,Benin,3,Both,2019,10.49147548234919
57,Belarus,1,Male,2018,47.24031487629749
57,Belarus,2,Female,2018,23.99806065805132
57,Belarus,3,Both,2018,34.82028947818548
44,Bosnia and Herzegovina,1,Male,2016,53.28078867321828
44,Bosnia and Herzegovina,2,Female,2016,39.53764938274433
44,Bosnia and Herzegovina,3,Both,2016,46.2727371381989
140,Bahrain,1,Male,2012,31.31386273763202
140,Bahrain,2,Female,2012,21.16078847610721
140,Bahrain,3,Both,2012,27.50948543501855
416,Tuvalu,1,Male,2019,41.2868785367256
416,Tuvalu,2,Female,2019,39.91143230757831
416,Tuvalu,3,Both,2019,40.62588089692251
157,Yemen,1,Male,2018,44.4239237725396
157,Yemen,2,Female,2018,36.19720694464182
157,Yemen,3,Both,2018,40.36016409473671
393,Saint Kitts and Nevis,1,Male,2020,15.652044560770358
393,Saint Kitts and Nevis,2,Female,2020,8.8378566371282
393,Saint Kitts and Nevis,3,Both,2020,12.24541795102124
57,Belarus,1,Male,2015,47.0927750032399
57,Belarus,2,Female,2015,24.7491870223652
57,Belarus,3,Both,2015,35.14456027550642
79,Finland,1,Male,2016,27.86263226751465
79,Finland,2,Female,2016,19.05456713948344
79,Finland,3,Both,2016,23.39338256617777
93,Sweden,1,Male,2011,25.12623540327156
93,Sweden,2,Female,2011,22.624771141221387
93,Sweden,3,Both,2011,23.87118159826662
126,Costa Rica,1,Male,2013,21.72493245503341
126,Costa Rica,2,Female,2013,15.380930529399562
126,Costa Rica,3,Both,2013,18.480675946259257
69,Singapore,1,Male,2019,23.10244822735211
69,Singapore,2,Female,2019,12.74342383102301
69,Singapore,3,Both,2019,18.03761551167247
24,Marshall Islands,1,Male,2013,36.61052022319849
24,Marshall Islands,2,Female,2013,32.61201610200113
24,Marshall Islands,3,Both,2013,34.661565556373084
144,Jordan,1,Male,2012,53.25500759622673
144,Jordan,2,Female,2012,44.56426086698827
144,Jordan,3,Both,2012,49.1284224524014
191,Zambia,1,Male,2014,24.765641909865018
191,Zambia,2,Female,2014,22.60664949669748
191,Zambia,3,Both,2014,23.67445956152329
195,Namibia,1,Male,2014,27.63948814000849
195,Namibia,2,Female,2014,24.04370363252089
195,Namibia,3,Both,2014,25.7895782770826
198,Zimbabwe,1,Male,2020,28.005534156392
198,Zimbabwe,2,Female,2020,21.95322112222022
198,Zimbabwe,3,Both,2020,24.866631575511388
71,Australia,1,Male,2013,28.98564331465559
71,Australia,2,Female,2013,23.12214581907118
71,Australia,3,Both,2013,26.02261153413513
57,Belarus,1,Male,2017,47.18579202331351
57,Belarus,2,Female,2017,24.25473716910064
57,Belarus,3,Both,2017,34.93031707686297
19,Timor-Leste,1,Male,2012,48.83226861013415
19,Timor-Leste,2,Female,2012,50.19915650924005
19,Timor-Leste,3,Both,2012,49.50188156053909
202,Cameroon,1,Male,2020,15.68776427842518
202,Cameroon,2,Female,2020,12.414363215680089
202,Cameroon,3,Both,2020,14.04878072724646
57,Belarus,1,Male,2012,46.84257687852258
57,Belarus,2,Female,2012,25.19334361212498
57,Belarus,3,Both,2012,35.262695534307944
60,Lithuania,1,Male,2011,38.80230609742472
60,Lithuania,2,Female,2011,21.09169374359599
60,Lithuania,3,Both,2011,29.26510636500349
83,Iceland,1,Male,2016,31.71850570886663
83,Iceland,2,Female,2016,22.4211465371134
83,Iceland,3,Both,2016,27.099183114995174
87,Luxembourg,1,Male,2016,33.552643598973795
87,Luxembourg,2,Female,2016,25.58666778868977
87,Luxembourg,3,Both,2016,29.58122449338365
38,Mongolia,1,Male,2020,43.77945697324407
38,Mongolia,2,Female,2020,35.4669050128762
38,Mongolia,3,Both,2020,39.571778081130624
422,United States Virgin Islands,1,Male,2020,16.29457341662493
422,United States Virgin Islands,2,Female,2020,10.08263617909626
422,United States Virgin Islands,3,Both,2020,13.09625512849449
77,Cyprus,1,Male,2020,46.94877205730269
77,Cyprus,2,Female,2020,32.99763361571561
77,Cyprus,3,Both,2020,39.88320545685503
61,Republic of Moldova,1,Male,2015,48.046097137117485
61,Republic of Moldova,2,Female,2015,20.86319204663108
61,Republic of Moldova,3,Both,2015,33.8439015406257
435,South Sudan,1,Male,2011,21.23275163301917
435,South Sudan,2,Female,2011,17.96183336969982
435,South Sudan,3,Both,2011,19.65275240883837
171,Democratic Republic of the Congo,1,Male,2016,19.11051958538808
171,Democratic Republic of the Congo,2,Female,2016,16.92731709607119
171,Democratic Republic of the Congo,3,Both,2016,18.02829540294059
61,Republic of Moldova,1,Male,2018,48.2663127174215
61,Republic of Moldova,2,Female,2018,19.47388928928189
61,Republic of Moldova,3,Both,2018,33.205358410227284
91,Portugal,1,Male,2016,32.62253969220557
91,Portugal,2,Female,2016,22.05965692870878
91,Portugal,3,Both,2016,27.09300617018876
148,Morocco,1,Male,2012,32.107998533292594
148,Morocco,2,Female,2012,22.92846366783018
148,Morocco,3,Both,2012,27.50837524629365
75,Austria,1,Male,2013,40.63459262763677
75,Austria,2,Female,2013,31.70837664568815
75,Austria,3,Both,2013,36.06664654814142
206,Gambia,1,Male,2020,26.293131626320488
206,Gambia,2,Female,2020,21.87439915044383
206,Gambia,3,Both,2020,24.05049461368641
161,Bangladesh,1,Male,2018,40.81163604940259
161,Bangladesh,2,Female,2018,32.04583701481674
161,Bangladesh,3,Both,2018,36.37934149640141
79,Finland,1,Male,2013,28.984203011346025
79,Finland,2,Female,2013,20.24213084023918
79,Finland,3,Both,2013,24.53930329536086
130,Mexico,1,Male,2013,21.45823458688014
130,Mexico,2,Female,2013,15.622983521091822
130,Mexico,3,Both,2013,18.47718528658732
210,Liberia,1,Male,2020,14.644717675415787
210,Liberia,2,Female,2020,11.6013749082036
210,Liberia,3,Both,2020,13.14429777759232
165,Pakistan,1,Male,2018,34.74713451907886
165,Pakistan,2,Female,2018,25.364783479386187
165,Pakistan,3,Both,2018,30.17572290689224
61,Republic of Moldova,1,Male,2017,48.20079433213984
61,Republic of Moldova,2,Female,2017,19.94034938080461
61,Republic of Moldova,3,Both,2017,33.42354011536434
60,Lithuania,1,Male,2020,36.09938970612237
60,Lithuania,2,Female,2020,19.044947712606337
60,Lithuania,3,Both,2020,26.903324171329977
218,Togo,1,Male,2018,17.815088396143118
218,Togo,2,Female,2018,13.185230858153291
218,Togo,3,Both,2018,15.45388605306304
203,Cabo Verde,1,Male,2014,16.75954697294254
203,Cabo Verde,2,Female,2014,11.71231693508274
203,Cabo Verde,3,Both,2014,14.23562691419358
51,Poland,1,Male,2014,38.94780433282443
51,Poland,2,Female,2014,30.69506783712759
51,Poland,3,Both,2014,34.68778618335031
152,Saudi Arabia,1,Male,2012,34.44853610871447
152,Saudi Arabia,2,Female,2012,24.235326403452937
152,Saudi Arabia,3,Both,2012,30.090138123228137
60,Lithuania,1,Male,2016,36.9255434533954
60,Lithuania,2,Female,2016,19.7019544185057
60,Lithuania,3,Both,2016,27.63314918923564
204,Chad,1,Male,2019,17.74458207078727
204,Chad,2,Female,2019,15.467947520037931
204,Chad,3,Both,2019,16.59950161652057
61,Republic of Moldova,1,Male,2012,47.96700267333309
61,Republic of Moldova,2,Female,2012,22.172063243204
61,Republic of Moldova,3,Both,2012,34.49997157665346
208,Guinea,1,Male,2019,21.04582457083746
208,Guinea,2,Female,2019,17.30811306937332
208,Guinea,3,Both,2019,19.12210789160981
298,American Samoa,1,Male,2013,40.15225625408137
298,American Samoa,2,Female,2013,34.85073788639127
298,American Samoa,3,Both,2013,37.54054045183557
98,Chile,1,Male,2011,38.50401890143187
98,Chile,2,Female,2011,34.84744811718756
98,Chile,3,Both,2011,36.64278929966882
19,Timor-Leste,1,Male,2018,47.972907057484136
19,Timor-Leste,2,Female,2018,50.08475512457393
19,Timor-Leste,3,Both,2018,49.01414888035501
175,Burundi,1,Male,2016,14.28890820990138
175,Burundi,2,Female,2016,11.6114687894774
175,Burundi,3,Both,2016,12.94734348564166
69,Singapore,1,Male,2015,24.39875082283002
69,Singapore,2,Female,2015,14.479887905289049
69,Singapore,3,Both,2015,19.66082262024197
69,Singapore,1,Male,2018,23.39207046926848
69,Singapore,2,Female,2018,13.1452227249755
69,Singapore,3,Both,2018,18.40302521967609
81,Germany,1,Male,2020,33.406068080169746
81,Germany,2,Female,2020,23.658615220097985
81,Germany,3,Both,2020,28.508746355654345
60,Lithuania,1,Male,2017,36.69557211838337
60,Lithuania,2,Female,2017,19.53643496923201
60,Lithuania,3,Both,2017,27.43868350645984
83,Iceland,1,Male,2013,32.65139582963586
83,Iceland,2,Female,2013,23.36603122037823
83,Iceland,3,Both,2013,28.021417265233428
68,Republic of Korea,1,Male,2020,36.06406945364081
68,Republic of Korea,2,Female,2020,16.20136187870868
68,Republic of Korea,3,Both,2020,26.174222404849303
77,Cyprus,1,Male,2019,47.14187867604655
77,Cyprus,2,Female,2019,33.4336707683805
77,Cyprus,3,Both,2019,40.204353865755685
156,United Arab Emirates,1,Male,2012,31.70091199437262
156,United Arab Emirates,2,Female,2012,25.78804118870338
156,United Arab Emirates,3,Both,2012,30.15481740492172
212,Mauritania,1,Male,2019,30.683759859624697
212,Mauritania,2,Female,2019,27.64487927990949
212,Mauritania,3,Both,2019,29.14021200776562
207,Ghana,1,Male,2014,11.30364983822193
207,Ghana,2,Female,2014,8.94186564714615
207,Ghana,3,Both,2014,10.09476739267571
169,Central African Republic,1,Male,2018,15.89728590469027
169,Central African Republic,2,Female,2018,12.27055621544309
169,Central African Republic,3,Both,2018,14.05430740457769
160,Afghanistan,1,Male,2012,26.48829113401953
160,Afghanistan,2,Female,2012,21.76526974298945
160,Afghanistan,3,Both,2012,24.16710029513806
139,Algeria,1,Male,2013,38.95844853239184
139,Algeria,2,Female,2013,28.112562599854403
139,Algeria,3,Both,2013,33.61167785302891
160,Afghanistan,1,Male,2016,27.16868747805664
160,Afghanistan,2,Female,2016,22.668678022449047
160,Afghanistan,3,Both,2016,24.9648833309634
214,Nigeria,1,Male,2020,9.31883929943441
214,Nigeria,2,Female,2020,7.24511151500368
214,Nigeria,3,Both,2020,8.24021415172177
113,Guyana,1,Male,2015,23.089239108431737
113,Guyana,2,Female,2015,17.36608631235138
113,Guyana,3,Both,2015,20.199378022565632
38,Mongolia,1,Male,2018,43.02738476434256
38,Mongolia,2,Female,2018,35.3213245202829
38,Mongolia,3,Both,2018,39.1300245897073
119,Trinidad and Tobago,1,Male,2011,26.98278521118175
119,Trinidad and Tobago,2,Female,2011,21.0651861752123
119,Trinidad and Tobago,3,Both,2011,24.03773898332803
48,Hungary,1,Male,2016,40.302476938058426
48,Hungary,2,Female,2016,29.08844258975036
48,Hungary,3,Both,2016,34.422817690894334
172,Equatorial Guinea,1,Male,2013,33.68699624877776
172,Equatorial Guinea,2,Female,2013,30.70877949645672
172,Equatorial Guinea,3,Both,2013,32.28557203513443
180,Kenya,1,Male,2016,18.35745478427293
180,Kenya,2,Female,2016,14.28225709040228
180,Kenya,3,Both,2016,16.30983269777466
69,Singapore,1,Male,2012,25.547199219399403
69,Singapore,2,Female,2012,15.84266182113836
69,Singapore,3,Both,2012,20.894773041547328
102,United States of America,1,Male,2011,29.673671746657483
102,United States of America,2,Female,2011,25.80379266778527
102,United States of America,3,Both,2011,27.7092726138078
69,Singapore,1,Male,2017,23.71353456436185
69,Singapore,2,Female,2017,13.57336941622716
69,Singapore,3,Both,2017,18.80812827454056
81,Germany,1,Male,2019,33.61857406407334
81,Germany,2,Female,2019,23.88973418771247
81,Germany,3,Both,2019,28.72414712199926
77,Cyprus,1,Male,2015,48.15087476292073
77,Cyprus,2,Female,2015,35.22866741689255
77,Cyprus,3,Both,2015,41.631961285445065
211,Mali,1,Male,2014,25.124060013701648
211,Mali,2,Female,2014,23.27925337086668
211,Mali,3,Both,2014,24.19599802418588
87,Luxembourg,1,Male,2013,34.47443863697598
87,Luxembourg,2,Female,2013,26.790663703600583
87,Luxembourg,3,Both,2013,30.62807702310511
135,Brazil,1,Male,2019,24.96495464469841
135,Brazil,2,Female,2019,17.29766059513135
135,Brazil,3,Both,2019,21.04329126198884
108,Belize,1,Male,2016,20.53857814985939
108,Belize,2,Female,2016,16.932917681035338
108,Belize,3,Both,2016,18.72891168697013
123,Peru,1,Male,2011,14.883835880333022
123,Peru,2,Female,2011,10.09719900349574
123,Peru,3,Both,2011,12.49979890893627
91,Portugal,1,Male,2013,33.67536577242598
91,Portugal,2,Female,2013,22.550947177958168
91,Portugal,3,Both,2013,27.86566969314006
320,Cook Islands,1,Male,2018,32.60045091820046
320,Cook Islands,2,Female,2018,24.84485268606966
320,Cook Islands,3,Both,2018,28.62899744259
218,Togo,1,Male,2020,17.83896498292884
218,Togo,2,Female,2020,13.03629036505324
218,Togo,3,Both,2020,15.39019726006078
164,Nepal,1,Male,2012,36.83216723001842
164,Nepal,2,Female,2012,31.7995874559286
164,Nepal,3,Both,2012,34.23939452383874
173,Gabon,1,Male,2018,22.11313255468817
173,Gabon,2,Female,2018,19.08555736921262
173,Gabon,3,Both,2018,20.54731997075604
164,Nepal,1,Male,2016,34.412357558392124
164,Nepal,2,Female,2016,28.091150688280397
164,Nepal,3,Both,2016,31.125444045315696
30,Vanuatu,1,Male,2017,28.029915214410376
30,Vanuatu,2,Female,2017,22.97284385413115
30,Vanuatu,3,Both,2017,25.532508740978948
127,El Salvador,1,Male,2011,17.82922481728984
127,El Salvador,2,Female,2011,12.77993729784076
127,El Salvador,3,Both,2011,15.16678764984389
24,Marshall Islands,1,Male,2019,35.63538154978064
24,Marshall Islands,2,Female,2019,30.60873786178171
24,Marshall Islands,3,Both,2019,33.180792435009685
85,Israel,1,Male,2020,33.92925211281669
85,Israel,2,Female,2020,25.12985651141793
85,Israel,3,Both,2020,29.5110417073655
68,Republic of Korea,1,Male,2016,38.06322994110209
68,Republic of Korea,2,Female,2016,17.86547821660352
68,Republic of Korea,3,Both,2016,28.010783918526847
215,Sao Tome and Principe,1,Male,2014,8.495333508513509
215,Sao Tome and Principe,2,Female,2014,5.60109360635646
215,Sao Tome and Principe,3,Both,2014,7.04670294336892
60,Lithuania,1,Male,2014,37.50017988196594
60,Lithuania,2,Female,2014,20.164879679409182
60,Lithuania,3,Both,2014,28.15034853180397
68,Republic of Korea,1,Male,2017,37.53195561735441
68,Republic of Korea,2,Female,2017,17.41166936028813
68,Republic of Korea,3,Both,2017,27.52130959558081
72,New Zealand,1,Male,2016,28.10204097341746
72,New Zealand,2,Female,2016,22.81356670263465
72,New Zealand,3,Both,2016,25.421909346897344
216,Senegal,1,Male,2019,23.790085417193747
216,Senegal,2,Female,2019,18.651265440585348
216,Senegal,3,Both,2019,21.22995143542264
68,Republic of Korea,1,Male,2011,41.19787796848948
68,Republic of Korea,2,Female,2011,21.10222101999256
68,Republic of Korea,3,Both,2011,31.12525448060841
143,Iraq,1,Male,2013,44.91921399245808
143,Iraq,2,Female,2013,36.29079072007243
143,Iraq,3,Both,2013,40.77186145773442
351,Guam,1,Male,2013,33.29655508501629
351,Guam,2,Female,2013,24.33856788021992
351,Guam,3,Both,2013,28.92864315269941
28,Solomon Islands,1,Male,2013,45.16468879877366
28,Solomon Islands,2,Female,2013,44.83161772191948
28,Solomon Islands,3,Both,2013,45.00215353074012
34,Azerbaijan,1,Male,2014,49.86375771040806
34,Azerbaijan,2,Female,2014,33.75236424206662
34,Azerbaijan,3,Both,2014,41.78072497873886
76,Belgium,1,Male,2016,34.52426124477133
76,Belgium,2,Female,2016,26.48213153262093
76,Belgium,3,Both,2016,30.43331499457888
72,New Zealand,1,Male,2011,29.687525030465476
72,New Zealand,2,Female,2011,24.728295543291782
72,New Zealand,3,Both,2011,27.15816032212864
376,Northern Mariana Islands,1,Male,2018,34.600465221955226
376,Northern Mariana Islands,2,Female,2018,26.97624881640661
376,Northern Mariana Islands,3,Both,2018,30.939702361462817
76,Belgium,1,Male,2011,37.09111272310755
76,Belgium,2,Female,2011,28.9745053583703
76,Belgium,3,Both,2011,32.95341127308665
112,Grenada,1,Male,2016,19.42874124946138
112,Grenada,2,Female,2016,13.152425010006342
112,Grenada,3,Both,2016,16.34574110952988
77,Cyprus,1,Male,2018,47.35409807797911
77,Cyprus,2,Female,2018,33.86824685439302
77,Cyprus,3,Both,2018,40.53453239544894
77,Cyprus,1,Male,2012,49.19554609154167
77,Cyprus,2,Female,2012,36.71034739640716
77,Cyprus,3,Both,2012,42.91137497257865
72,New Zealand,1,Male,2017,27.96826937352588
72,New Zealand,2,Female,2017,22.652358098914625
72,New Zealand,3,Both,2017,25.28170596261165
85,Israel,1,Male,2019,34.16571634180376
85,Israel,2,Female,2019,25.423212414781087
85,Israel,3,Both,2019,29.77442987772466
117,Saint Vincent and the Grenadines,1,Male,2015,19.75867756952598
117,Saint Vincent and the Grenadines,2,Female,2015,13.07231372107555
117,Saint Vincent and the Grenadines,3,Both,2015,16.48794355895497
89,Netherlands,1,Male,2020,29.31192555944435
89,Netherlands,2,Female,2020,24.267750510694334
89,Netherlands,3,Both,2020,26.77145008388934
184,Mozambique,1,Male,2016,22.71277580000206
184,Mozambique,2,Female,2016,19.69534838920354
184,Mozambique,3,Both,2016,21.14848466853879
105,Antigua and Barbuda,1,Male,2018,19.10478361028756
105,Antigua and Barbuda,2,Female,2018,11.61913917952471
105,Antigua and Barbuda,3,Both,2018,15.26720887887717
168,Angola,1,Male,2012,17.79045416233048
168,Angola,2,Female,2012,13.016837909001849
168,Angola,3,Both,2012,15.33654959784273
168,Angola,1,Male,2016,18.0153241518451
168,Angola,2,Female,2016,13.21056900049607
168,Angola,3,Both,2016,15.54201477364082
131,Nicaragua,1,Male,2011,26.5362717361065
131,Nicaragua,2,Female,2011,24.73022941092469
131,Nicaragua,3,Both,2011,25.62211642164758
106,Bahamas,1,Male,2011,19.61118221955753
106,Bahamas,2,Female,2011,11.86869847582894
106,Bahamas,3,Both,2011,15.62385487729655
72,New Zealand,1,Male,2020,27.620653350943968
72,New Zealand,2,Female,2020,22.31947017905824
72,New Zealand,3,Both,2020,24.96198263725837
80,France,1,Male,2016,35.72799405613114
80,France,2,Female,2016,29.00761776093131
80,France,3,Both,2016,32.26731526993888
81,Germany,1,Male,2015,34.51975131165606
81,Germany,2,Female,2015,24.85616339285919
81,Germany,3,Both,2015,29.61945725658245
396,San Marino,1,Male,2018,31.11458374340029
396,San Marino,2,Female,2018,22.42638359820825
396,San Marino,3,Both,2018,26.63119126571628
77,Cyprus,1,Male,2017,47.60156643155241
77,Cyprus,2,Female,2017,34.31622567854789
77,Cyprus,3,Both,2017,40.888753203355535
80,France,1,Male,2011,36.97737151878624
80,France,2,Female,2011,29.872097154681747
80,France,3,Both,2011,33.32038262922157
19,Timor-Leste,1,Male,2015,48.52037939338107
19,Timor-Leste,2,Female,2015,50.27495151230612
19,Timor-Leste,3,Both,2015,49.38285881458202
177,Djibouti,1,Male,2018,38.71413402592681
177,Djibouti,2,Female,2018,35.49399584801371
177,Djibouti,3,Both,2018,37.22981134142263
117,Saint Vincent and the Grenadines,1,Male,2012,20.06060767811521
117,Saint Vincent and the Grenadines,2,Female,2012,13.575389914155512
117,Saint Vincent and the Grenadines,3,Both,2012,16.88309469988744
30,Vanuatu,1,Male,2012,28.892515210484337
30,Vanuatu,2,Female,2012,24.6464217006043
30,Vanuatu,3,Both,2012,26.80236496027092
109,Cuba,1,Male,2018,32.10098196109094
109,Cuba,2,Female,2018,22.1595659017628
109,Cuba,3,Both,2018,27.109716011041517
116,Saint Lucia,1,Male,2016,17.7445303280743
116,Saint Lucia,2,Female,2016,10.99579452613408
116,Saint Lucia,3,Both,2016,14.36572258242136
172,Equatorial Guinea,1,Male,2012,33.852033259523914
172,Equatorial Guinea,2,Female,2012,30.76374066378994
172,Equatorial Guinea,3,Both,2012,32.39106547199201
26,Papua New Guinea,1,Male,2015,43.68610354617812
26,Papua New Guinea,2,Female,2015,45.94853247201755
26,Papua New Guinea,3,Both,2015,44.77410704504285
172,Equatorial Guinea,1,Male,2016,33.255470770983905
172,Equatorial Guinea,2,Female,2016,30.66209304392988
172,Equatorial Guinea,3,Both,2016,32.05158034328145
320,Cook Islands,1,Male,2020,32.15331563834899
320,Cook Islands,2,Female,2020,24.3124056714054
320,Cook Islands,3,Both,2020,28.12593978355983
37,Kyrgyzstan,1,Male,2016,50.22450508003024
37,Kyrgyzstan,2,Female,2016,37.45516948859537
37,Kyrgyzstan,3,Both,2016,43.75848861433972
29,Tonga,1,Male,2014,42.42679672340982
29,Tonga,2,Female,2014,37.8474374400881
29,Tonga,3,Both,2014,40.14571598905811
81,Germany,1,Male,2018,33.83764398868494
81,Germany,2,Female,2018,24.14179191553297
81,Germany,3,Both,2018,28.952566065891883
147,Libya,1,Male,2013,47.31986332304864
147,Libya,2,Female,2013,35.75234727085387
147,Libya,3,Both,2013,41.74320208269839
135,Brazil,1,Male,2011,28.9860641892398
135,Brazil,2,Female,2011,22.80155214614229
135,Brazil,3,Both,2011,25.83484442548802
176,Comoros,1,Male,2012,25.8058491738982
176,Comoros,2,Female,2012,21.146146540062
176,Comoros,3,Both,2012,23.46593156203351
76,Belgium,1,Male,2017,34.05378740048549
76,Belgium,2,Female,2017,25.98135616291284
76,Belgium,3,Both,2017,29.94947759828347
68,Republic of Korea,1,Male,2014,39.25816484407567
68,Republic of Korea,2,Female,2014,18.97019871557491
68,Republic of Korea,3,Both,2014,29.13887650705103
84,Ireland,1,Male,2011,33.202075887903185
84,Ireland,2,Female,2011,30.1397706813031
84,Ireland,3,Both,2011,31.65959362012393
176,Comoros,1,Male,2016,24.97639601991964
176,Comoros,2,Female,2016,20.32192398164951
176,Comoros,3,Both,2016,22.64227765884323
191,Zambia,1,Male,2011,25.91572490510908
191,Zambia,2,Female,2011,24.09856777507761
191,Zambia,3,Both,2011,24.99659294336932
80,France,1,Male,2017,35.49105709628343
80,France,2,Female,2017,28.750804217463227
80,France,3,Both,2017,32.019820456290034
37,Kyrgyzstan,1,Male,2020,51.21894935381067
37,Kyrgyzstan,2,Female,2020,37.64982730749967
37,Kyrgyzstan,3,Both,2020,44.35065274484296
93,Sweden,1,Male,2020,24.51341759546746
93,Sweden,2,Female,2020,21.467925309434214
93,Sweden,3,Both,2020,22.9992817161626
84,Ireland,1,Male,2017,29.473160550636628
84,Ireland,2,Female,2017,25.4722859391956
84,Ireland,3,Both,2017,27.45219688558411
23,Kiribati,1,Male,2012,56.8495776589489
23,Kiribati,2,Female,2012,59.901768424870205
23,Kiribati,3,Both,2012,58.39595529252129
88,Malta,1,Male,2017,34.700383506641955
88,Malta,2,Female,2017,24.88670752970755
88,Malta,3,Both,2017,29.7884966462795
181,Madagascar,1,Male,2012,23.41445380720757
181,Madagascar,2,Female,2012,22.194675744117053
181,Madagascar,3,Both,2012,22.79793189596456
81,Germany,1,Male,2017,34.05464584564457
81,Germany,2,Female,2017,24.38390463802893
81,Germany,3,Both,2017,29.17275556029048
92,Spain,1,Male,2017,38.17851481314503
92,Spain,2,Female,2017,27.45287263722492
92,Spain,3,Both,2017,32.71030928647075
72,New Zealand,1,Male,2014,28.48277284903482
72,New Zealand,2,Female,2014,23.32054441456425
72,New Zealand,3,Both,2014,25.85395182952412
88,Malta,1,Male,2011,37.06568719943167
88,Malta,2,Female,2011,26.90162585830399
88,Malta,3,Both,2011,31.96133826856674
85,Israel,1,Male,2015,35.326994702972506
85,Israel,2,Female,2015,26.84427759591237
85,Israel,3,Both,2015,31.05892347635253
84,Ireland,1,Male,2016,29.89491296335291
84,Ireland,2,Female,2016,26.055477134382
84,Ireland,3,Both,2016,27.955737274284147
76,Belgium,1,Male,2014,35.50013010459423
76,Belgium,2,Female,2014,27.458663387958843
76,Belgium,3,Both,2014,31.40558834350195
37,Kyrgyzstan,1,Male,2018,50.73276745380396
37,Kyrgyzstan,2,Female,2018,37.68438116331337
37,Kyrgyzstan,3,Both,2018,44.12702716571514
23,Kiribati,1,Male,2018,55.82440339498379
23,Kiribati,2,Female,2018,57.59894069333834
23,Kiribati,3,Both,2018,56.72860774049487
121,Bolivia (Plurinational State of),1,Male,2015,19.28982576011517
121,Bolivia (Plurinational State of),2,Female,2015,16.39485480172789
121,Bolivia (Plurinational State of),3,Both,2015,17.84268307006804
76,Belgium,1,Male,2020,32.96883730809392
76,Belgium,2,Female,2020,24.81931404523535
76,Belgium,3,Both,2020,28.83147602761687
85,Israel,1,Male,2018,34.40270034783733
85,Israel,2,Female,2018,25.70081282699838
85,Israel,3,Both,2018,30.02997832023555
113,Guyana,1,Male,2018,22.692588223835138
113,Guyana,2,Female,2018,16.90894097387827
113,Guyana,3,Both,2018,19.76603362216808
128,Guatemala,1,Male,2015,19.27117664966744
128,Guatemala,2,Female,2015,16.55005025775973
128,Guatemala,3,Both,2015,17.871711286985082
121,Bolivia (Plurinational State of),1,Male,2012,19.198323213106494
121,Bolivia (Plurinational State of),2,Female,2012,16.35788226338113
121,Bolivia (Plurinational State of),3,Both,2012,17.77788238820554
81,Germany,1,Male,2012,35.552722164046656
81,Germany,2,Female,2012,25.74604865171622
81,Germany,3,Both,2012,30.552744780467737
140,Bahrain,1,Male,2011,31.44156495941008
140,Bahrain,2,Female,2011,21.29323760809621
140,Bahrain,3,Both,2011,27.633272489002447
89,Netherlands,1,Male,2019,29.38463747888762
89,Netherlands,2,Female,2019,24.43133148166954
89,Netherlands,3,Both,2019,26.889216469235173
435,South Sudan,1,Male,2019,20.73116348129515
435,South Sudan,2,Female,2019,16.35320378766694
435,South Sudan,3,Both,2019,18.54700252088326
376,Northern Mariana Islands,1,Male,2020,34.26542222739905
376,Northern Mariana Islands,2,Female,2020,26.70112880570603
376,Northern Mariana Islands,3,Both,2020,30.67507475695361
182,Malawi,1,Male,2018,20.98942796822415
182,Malawi,2,Female,2018,17.06813576974852
182,Malawi,3,Both,2018,18.97873422126312
195,Namibia,1,Male,2011,28.883798498677788
195,Namibia,2,Female,2011,25.49739654036129
195,Namibia,3,Both,2011,27.143220143705683
181,Madagascar,1,Male,2016,22.52080832557214
181,Madagascar,2,Female,2016,20.95871269661463
181,Madagascar,3,Both,2016,21.73025869533204
185,Rwanda,1,Male,2012,20.75986278561553
185,Rwanda,2,Female,2012,16.9484627445253
185,Rwanda,3,Both,2012,18.7909250723568
80,France,1,Male,2014,36.21764092480194
80,France,2,Female,2014,29.44345287384229
80,France,3,Both,2014,32.73020253983701
349,Greenland,1,Male,2014,42.12143963853633
349,Greenland,2,Female,2014,46.25418586344605
349,Greenland,3,Both,2014,44.07181203547172
80,France,1,Male,2020,34.6448293252554
80,France,2,Female,2020,27.651590886999077
80,France,3,Both,2020,31.04233554590985
108,Belize,1,Male,2013,20.84465387717426
108,Belize,2,Female,2013,17.41758812479188
108,Belize,3,Both,2013,19.127857823588208
92,Spain,1,Male,2011,44.8560406303026
92,Spain,2,Female,2011,34.16133504583886
92,Spain,3,Both,2011,39.438788651686416
82,Greece,1,Male,2017,48.013009716238805
82,Greece,2,Female,2017,35.22538394947724
82,Greece,3,Both,2017,41.45657917755744
189,United Republic of Tanzania,1,Male,2016,21.82739665569668
189,United Republic of Tanzania,2,Female,2016,17.26706485831035
189,United Republic of Tanzania,3,Both,2016,19.48793228981105
110,Dominica,1,Male,2011,19.75529629660324
110,Dominica,2,Female,2011,12.92899155901742
110,Dominica,3,Both,2011,16.35381003115592
396,San Marino,1,Male,2020,31.04277382775796
396,San Marino,2,Female,2020,22.324217142472342
396,San Marino,3,Both,2020,26.54378196790944
151,Qatar,1,Male,2013,31.792294349609413
151,Qatar,2,Female,2013,22.758504406432458
151,Qatar,3,Both,2013,29.63563376145154
34,Azerbaijan,1,Male,2019,49.22514292811975
34,Azerbaijan,2,Female,2019,30.93295292568572
34,Azerbaijan,3,Both,2019,40.09048153176704
185,Rwanda,1,Male,2016,20.35855588703724
185,Rwanda,2,Female,2016,16.32143227977407
185,Rwanda,3,Both,2016,18.27812785804386
88,Malta,1,Male,2016,35.10055983134494
88,Malta,2,Female,2016,25.259004794309632
88,Malta,3,Both,2016,30.17251189042356
97,Argentina,1,Male,2011,38.62472902155192
97,Argentina,2,Female,2011,32.74301346238193
97,Argentina,3,Both,2011,35.60962707030223
125,Colombia,1,Male,2012,19.53167595228326
125,Colombia,2,Female,2012,14.739154816066
125,Colombia,3,Both,2012,17.086240341711402
125,Colombia,1,Male,2015,18.3790107224357
125,Colombia,2,Female,2015,13.52559504941657
125,Colombia,3,Both,2015,15.89872140016301
97,Argentina,1,Male,2017,36.19112142760803
97,Argentina,2,Female,2017,29.64069747163644
97,Argentina,3,Both,2017,32.833906647054754
190,Uganda,1,Male,2016,15.968419082010172
190,Uganda,2,Female,2016,14.182617859516569
190,Uganda,3,Both,2016,15.06155391668002
186,Seychelles,1,Male,2018,36.0790631858403
186,Seychelles,2,Female,2018,22.94790627768152
186,Seychelles,3,Both,2018,29.8502276291054
84,Ireland,1,Male,2020,28.60509793660912
84,Ireland,2,Female,2020,24.13566076378988
84,Ireland,3,Both,2020,26.34635641213734
84,Ireland,1,Male,2014,30.98134496115239
84,Ireland,2,Female,2014,27.46347209876233
84,Ireland,3,Both,2014,29.20515140534152
92,Spain,1,Male,2016,38.96268676893988
92,Spain,2,Female,2016,28.26457496523335
92,Spain,3,Both,2016,33.5131327264052
367,Monaco,1,Male,2014,34.21369156185439
367,Monaco,2,Female,2014,25.08173641917001
367,Monaco,3,Both,2014,29.53237302211057
112,Grenada,1,Male,2013,20.0182564891889
112,Grenada,2,Female,2013,13.78666317855804
112,Grenada,3,Both,2013,16.937856583756588
129,Honduras,1,Male,2015,25.73567405382939
129,Honduras,2,Female,2015,21.53782733677982
129,Honduras,3,Both,2015,23.58543860323911
129,Honduras,1,Male,2012,25.82863565029102
129,Honduras,2,Female,2012,21.90586188051874
129,Honduras,3,Both,2012,23.826824496664457
144,Jordan,1,Male,2011,53.2715505235703
144,Jordan,2,Female,2011,45.13833190820412
144,Jordan,3,Both,2011,49.40306992087824
190,Uganda,1,Male,2012,17.29083854912212
190,Uganda,2,Female,2012,15.75823634973087
190,Uganda,3,Both,2012,16.51129421775314
41,Uzbekistan,1,Male,2018,32.531061784986896
41,Uzbekistan,2,Female,2018,20.99287362250524
41,Uzbekistan,3,Both,2018,26.742831834147392
116,Saint Lucia,1,Male,2013,18.35411771028873
116,Saint Lucia,2,Female,2013,11.71924341892558
116,Saint Lucia,3,Both,2013,15.02544992297268
380,Palau,1,Male,2014,27.367363270441658
380,Palau,2,Female,2014,18.81156571822285
380,Palau,3,Both,2014,23.409383920021934
133,Venezuela (Bolivarian Republic of),1,Male,2012,26.73146934923124
133,Venezuela (Bolivarian Republic of),2,Female,2012,20.86052173015158
133,Venezuela (Bolivarian Republic of),3,Both,2012,23.78464812673884
117,Saint Vincent and the Grenadines,1,Male,2018,19.474409612791028
117,Saint Vincent and the Grenadines,2,Female,2018,12.64992447675678
117,Saint Vincent and the Grenadines,3,Both,2018,16.13499952303874
203,Cabo Verde,1,Male,2011,17.38075256354914
203,Cabo Verde,2,Female,2011,12.11185046297456
203,Cabo Verde,3,Both,2011,14.73021032948665
128,Guatemala,1,Male,2016,19.1235773930948
128,Guatemala,2,Female,2016,16.26321699513468
128,Guatemala,3,Both,2016,17.65193454873121
207,Ghana,1,Male,2011,11.35820109462174
207,Ghana,2,Female,2011,9.03570695747994
207,Ghana,3,Both,2011,10.17232578758039
121,Bolivia (Plurinational State of),1,Male,2018,19.087969504193214
121,Bolivia (Plurinational State of),2,Female,2018,16.04037959020059
121,Bolivia (Plurinational State of),3,Both,2018,17.56519306704519
38,Mongolia,1,Male,2019,43.42880776479995
38,Mongolia,2,Female,2019,35.43739415517996
38,Mongolia,3,Both,2019,39.38537735865828
194,Lesotho,1,Male,2016,37.078651895450285
194,Lesotho,2,Female,2016,30.756293971812
194,Lesotho,3,Both,2016,33.80118760730312
191,Zambia,1,Male,2018,24.02970773259553
191,Zambia,2,Female,2018,21.55366965906621
191,Zambia,3,Both,2018,22.77966285633525
45,Bulgaria,1,Male,2018,47.68968771967521
45,Bulgaria,2,Female,2018,32.02303664613952
45,Bulgaria,3,Both,2018,39.6299610333571
88,Malta,1,Male,2020,33.57000020327418
88,Malta,2,Female,2020,23.75341279350515
88,Malta,3,Both,2020,28.66155920118692
148,Morocco,1,Male,2011,32.46511992903904
148,Morocco,2,Female,2011,23.34803804391148
148,Morocco,3,Both,2011,27.89042530233815
101,Canada,1,Male,2011,31.69983466655567
101,Canada,2,Female,2011,26.49886926326044
101,Canada,3,Both,2011,29.051838253498808
52,Romania,1,Male,2016,39.69546271189972
52,Romania,2,Female,2016,26.683671637289255
52,Romania,3,Both,2016,33.01798088195207
125,Colombia,1,Male,2018,17.84904373583759
125,Colombia,2,Female,2018,12.74707514960659
125,Colombia,3,Both,2018,15.24125234226194
88,Malta,1,Male,2014,35.90085213902533
88,Malta,2,Female,2014,25.96267834473241
88,Malta,3,Both,2014,30.918667644284632
152,Saudi Arabia,1,Male,2011,34.70261163883096
152,Saudi Arabia,2,Female,2011,24.63875766048449
152,Saudi Arabia,3,Both,2011,30.387500537004108
97,Argentina,1,Male,2016,36.47498318246079
97,Argentina,2,Female,2016,30.00725133481686
97,Argentina,3,Both,2016,33.1597398121824
92,Spain,1,Male,2014,40.908024424493874
92,Spain,2,Female,2014,30.25778030024368
92,Spain,3,Both,2014,35.49363172247345
141,Egypt,1,Male,2012,46.88152482985885
141,Egypt,2,Female,2012,34.82698492063139
141,Egypt,3,Both,2012,41.03385141660188
129,Honduras,1,Male,2018,25.71874097129963
129,Honduras,2,Female,2018,21.09914922688096
129,Honduras,3,Both,2018,23.347510286442112
89,Netherlands,1,Male,2015,30.150963897806783
89,Netherlands,2,Female,2015,25.743598262995388
89,Netherlands,3,Both,2015,27.92693340697428
413,Tokelau,1,Male,2014,36.41802986757677
413,Tokelau,2,Female,2014,28.496401066942735
413,Tokelau,3,Both,2014,32.513259983224515
85,Israel,1,Male,2017,34.66594633645407
85,Israel,2,Female,2017,26.00976452767727
85,Israel,3,Both,2017,30.31440809372376
194,Lesotho,1,Male,2012,36.19650249602625
194,Lesotho,2,Female,2012,29.67095536515097
194,Lesotho,3,Both,2012,32.78719779960748
101,Canada,1,Male,2017,28.863748264181684
101,Canada,2,Female,2017,23.66787932425313
101,Canada,3,Both,2017,26.22525191710035
133,Venezuela (Bolivarian Republic of),1,Male,2015,25.83153599603952
133,Venezuela (Bolivarian Republic of),2,Female,2015,19.60243644374473
133,Venezuela (Bolivarian Republic of),3,Both,2015,22.70504290015058
36,Kazakhstan,1,Male,2013,42.78876160375844
36,Kazakhstan,2,Female,2013,29.92207600004335
36,Kazakhstan,3,Both,2013,36.13008234493928
98,Chile,1,Male,2020,35.07687179530567
98,Chile,2,Female,2020,29.950137254207583
98,Chile,3,Both,2020,32.47294797599652
33,Armenia,1,Male,2011,55.4013644132566
33,Armenia,2,Female,2011,32.286193142169765
33,Armenia,3,Both,2011,43.38325373250229
193,Botswana,1,Male,2016,30.06935358041709
193,Botswana,2,Female,2016,21.21644172419664
193,Botswana,3,Both,2016,25.57275430529221
101,Canada,1,Male,2016,29.190744109869787
101,Canada,2,Female,2016,23.98181670842099
101,Canada,3,Both,2016,26.544166741790008
198,Zimbabwe,1,Male,2016,27.79565657594101
198,Zimbabwe,2,Female,2016,21.955502254180388
198,Zimbabwe,3,Both,2016,24.76933382315632
93,Sweden,1,Male,2019,24.49922442342968
93,Sweden,2,Female,2019,21.424192817068
93,Sweden,3,Both,2019,22.969123672929907
49,North Macedonia,1,Male,2018,55.20232430442764
49,North Macedonia,2,Female,2018,41.65625178841932
49,North Macedonia,3,Both,2018,48.52800042048121
97,Argentina,1,Male,2014,37.179020415389004
97,Argentina,2,Female,2014,30.91716566405063
97,Argentina,3,Both,2014,33.96886508056059
34,Azerbaijan,1,Male,2011,50.659110553837216
34,Azerbaijan,2,Female,2011,34.67405610501376
34,Azerbaijan,3,Both,2011,42.61156605977963
105,Antigua and Barbuda,1,Male,2017,19.16514765097556
105,Antigua and Barbuda,2,Female,2017,11.67223253784027
105,Antigua and Barbuda,3,Both,2017,15.316633962004788
155,Turkey,1,Male,2013,48.70686399075324
155,Turkey,2,Female,2013,34.09832152339352
155,Turkey,3,Both,2013,41.420638386262745
156,United Arab Emirates,1,Male,2011,32.816152288635955
156,United Arab Emirates,2,Female,2011,27.719683267209263
156,United Arab Emirates,3,Both,2011,31.490068490216466
85,Israel,1,Male,2012,36.73450395480711
85,Israel,2,Female,2012,28.64060529679288
85,Israel,3,Both,2012,32.65696165752344
109,Cuba,1,Male,2017,32.35004778037156
109,Cuba,2,Female,2017,22.462428814279768
109,Cuba,3,Both,2017,27.388644525515872
89,Netherlands,1,Male,2018,29.47634292171009
89,Netherlands,2,Female,2018,24.6416708540913
89,Netherlands,3,Both,2018,27.03977730571702
160,Afghanistan,1,Male,2011,26.23519552412817
160,Afghanistan,2,Female,2011,21.41670378740564
160,Afghanistan,3,Both,2011,23.863215897960465
133,Venezuela (Bolivarian Republic of),1,Male,2018,24.919742252480688
133,Venezuela (Bolivarian Republic of),2,Female,2018,18.35498354827216
133,Venezuela (Bolivarian Republic of),3,Both,2018,21.60230867874035
113,Guyana,1,Male,2017,22.8111226194479
113,Guyana,2,Female,2017,17.01123597386607
113,Guyana,3,Both,2017,19.87514578554011
105,Antigua and Barbuda,1,Male,2016,19.2177251294995
105,Antigua and Barbuda,2,Female,2016,11.72479512492845
105,Antigua and Barbuda,3,Both,2016,15.361553341645658
202,Cameroon,1,Male,2016,15.82816105252916
202,Cameroon,2,Female,2016,12.80464550286764
202,Cameroon,3,Both,2016,14.31222927266606
92,Spain,1,Male,2020,36.29277113040878
92,Spain,2,Female,2020,25.34530818367483
92,Spain,3,Both,2020,30.699218691779567
109,Cuba,1,Male,2016,32.62399134212239
109,Cuba,2,Female,2016,22.77197735409802
109,Cuba,3,Both,2016,27.683241206164126
23,Kiribati,1,Male,2015,56.24656484208693
23,Kiribati,2,Female,2015,58.66609506372746
23,Kiribati,3,Both,2015,57.476335261260814
206,Gambia,1,Male,2016,27.12815933363059
206,Gambia,2,Female,2016,22.842947602024992
206,Gambia,3,Both,2016,24.95197154037535
173,Gabon,1,Male,2017,22.11830502801335
173,Gabon,2,Female,2017,19.14968724717255
173,Gabon,3,Both,2017,20.58448867941415
101,Canada,1,Male,2014,30.015932151304707
101,Canada,2,Female,2014,24.79643850318936
101,Canada,3,Both,2014,27.361457704224417
53,Serbia,1,Male,2016,48.33990393403023
53,Serbia,2,Female,2016,39.30792779958583
53,Serbia,3,Both,2016,43.78550212846418
113,Guyana,1,Male,2016,22.94846666006055
113,Guyana,2,Female,2016,17.190579642295358
113,Guyana,3,Both,2016,20.037325476456186
114,Haiti,1,Male,2011,13.86098254066425
114,Haiti,2,Female,2011,11.28097675578749
114,Haiti,3,Both,2011,12.542388804811347
210,Liberia,1,Male,2016,14.81903407652965
210,Liberia,2,Female,2016,11.9117398729162
210,Liberia,3,Both,2016,13.38395826437864
33,Armenia,1,Male,2013,55.44466440214598
33,Armenia,2,Female,2013,31.78562607581817
33,Armenia,3,Both,2013,43.15248051036436
117,Saint Vincent and the Grenadines,1,Male,2016,19.67043618473848
117,Saint Vincent and the Grenadines,2,Female,2016,12.93069373471388
117,Saint Vincent and the Grenadines,3,Both,2016,16.37354227479377
132,Panama,1,Male,2016,14.2035317187886
132,Panama,2,Female,2016,9.92652043495239
132,Panama,3,Both,2016,12.07681445300779
27,Samoa,1,Male,2012,42.5465513192372
27,Samoa,2,Female,2012,37.60927691642389
27,Samoa,3,Both,2012,40.16039518948022
195,Namibia,1,Male,2018,26.99218262272703
195,Namibia,2,Female,2018,23.22691757642872
195,Namibia,3,Both,2018,25.05373544843781
28,Solomon Islands,1,Male,2019,45.57701194616702
28,Solomon Islands,2,Female,2019,44.98129473769984
28,Solomon Islands,3,Both,2019,45.28543500634047
105,Antigua and Barbuda,1,Male,2011,19.38749985351816
105,Antigua and Barbuda,2,Female,2011,11.92560523642246
105,Antigua and Barbuda,3,Both,2011,15.50402011701153
198,Zimbabwe,1,Male,2012,27.88885862120532
198,Zimbabwe,2,Female,2012,22.4013474982341
198,Zimbabwe,3,Both,2012,25.05011855978065
117,Saint Vincent and the Grenadines,1,Male,2017,19.57644522605353
117,Saint Vincent and the Grenadines,2,Female,2017,12.788840825866547
117,Saint Vincent and the Grenadines,3,Both,2017,16.25545772561187
109,Cuba,1,Male,2011,34.97125708864891
109,Cuba,2,Female,2011,25.26182347755133
109,Cuba,3,Both,2011,30.111773864252388
98,Chile,1,Male,2019,35.4569443998202
98,Chile,2,Female,2019,30.46639740852164
98,Chile,3,Both,2019,32.91975989558218
145,Kuwait,1,Male,2012,40.78748383408061
145,Kuwait,2,Female,2012,32.406761066275095
145,Kuwait,3,Both,2012,37.14226334339694
214,Nigeria,1,Male,2016,9.29555985720324
214,Nigeria,2,Female,2016,7.37483583213229
214,Nigeria,3,Both,2016,8.30663578011551
128,Guatemala,1,Male,2013,19.63621863925605
128,Guatemala,2,Female,2013,17.11623586464512
128,Guatemala,3,Both,2013,18.3412815317655
93,Sweden,1,Male,2015,24.62264574486212
93,Sweden,2,Female,2015,21.598219023661493
93,Sweden,3,Both,2015,23.11151933562057
142,Iran (Islamic Republic of),1,Male,2012,30.616486352547927
142,Iran (Islamic Republic of),2,Female,2012,20.01255952516046
142,Iran (Islamic Republic of),3,Both,2012,25.37252873765236
27,Samoa,1,Male,2018,41.89283732939985
27,Samoa,2,Female,2018,36.78658651798198
27,Samoa,3,Both,2018,39.41611936171001
142,Iran (Islamic Republic of),1,Male,2015,30.1835508020458
142,Iran (Islamic Republic of),2,Female,2015,19.044767255072053
142,Iran (Islamic Republic of),3,Both,2015,24.6868003761839
121,Bolivia (Plurinational State of),1,Male,2016,19.2428038958517
121,Bolivia (Plurinational State of),2,Female,2016,16.290239242066
121,Bolivia (Plurinational State of),3,Both,2016,17.767082709835318
89,Netherlands,1,Male,2017,29.62408016881134
89,Netherlands,2,Female,2017,24.91747840128824
89,Netherlands,3,Both,2017,27.251084912127173
136,Paraguay,1,Male,2016,28.21628481526056
136,Paraguay,2,Female,2016,21.332448572330883
136,Paraguay,3,Both,2016,24.81291217554774
146,Lebanon,1,Male,2012,52.94836983808649
146,Lebanon,2,Female,2012,42.43514989041783
146,Lebanon,3,Both,2012,47.62111297630718
102,United States of America,1,Male,2020,26.07239304211195
102,United States of America,2,Female,2020,22.00609778398934
102,United States of America,3,Both,2020,24.00536016745749
202,Cameroon,1,Male,2012,16.732431019398213
202,Cameroon,2,Female,2012,13.936286642866468
202,Cameroon,3,Both,2012,15.32799263808829
46,Croatia,1,Male,2019,44.56476195475785
46,Croatia,2,Female,2019,34.52865725100039
46,Croatia,3,Both,2019,39.394795270190905
146,Lebanon,1,Male,2015,52.08213807275525
146,Lebanon,2,Female,2015,41.97888712890667
146,Lebanon,3,Both,2015,47.10485887982647
121,Bolivia (Plurinational State of),1,Male,2017,19.17294409317148
121,Bolivia (Plurinational State of),2,Female,2017,16.16959790557779
121,Bolivia (Plurinational State of),3,Both,2017,17.67205807362326
177,Djibouti,1,Male,2017,39.13141981219067
177,Djibouti,2,Female,2017,35.9683763896868
177,Djibouti,3,Both,2017,37.6728677624451
113,Guyana,1,Male,2011,23.86942319216173
113,Guyana,2,Female,2011,18.44796263245985
113,Guyana,3,Both,2011,21.14785312816504
97,Argentina,1,Male,2020,35.46793338914346
97,Argentina,2,Female,2020,28.73762666230236
97,Argentina,3,Both,2020,32.02018943159412
142,Iran (Islamic Republic of),1,Male,2018,30.116782170847117
142,Iran (Islamic Republic of),2,Female,2018,18.267116784666023
142,Iran (Islamic Republic of),3,Both,2018,24.28454856860264
93,Sweden,1,Male,2018,24.50404088610716
93,Sweden,2,Female,2018,21.421549662197
93,Sweden,3,Both,2018,22.96880911858771
29,Tonga,1,Male,2017,42.21821250477185
29,Tonga,2,Female,2017,37.04203312802258
29,Tonga,3,Both,2017,39.63085136571237
218,Togo,1,Male,2016,17.91229371198807
218,Togo,2,Female,2016,13.4864891223102
218,Togo,3,Both,2016,15.654560453888667
211,Mali,1,Male,2011,25.143214886619297
211,Mali,2,Female,2011,23.62368493005474
211,Mali,3,Both,2011,24.37925672792492
149,Palestine,1,Male,2012,47.35097979694357
149,Palestine,2,Female,2012,39.47425959221727
149,Palestine,3,Both,2012,43.47245159685711
150,Oman,1,Male,2012,26.84021368205324
150,Oman,2,Female,2012,19.208881460930467
150,Oman,3,Both,2012,23.706511579689348
153,Syrian Arab Republic,1,Male,2012,46.05488341187942
153,Syrian Arab Republic,2,Female,2012,38.15900859310912
153,Syrian Arab Republic,3,Both,2012,42.22269036562035
101,Canada,1,Male,2020,28.058482910937187
101,Canada,2,Female,2020,22.936742233492748
101,Canada,3,Both,2020,25.46219086337604
125,Colombia,1,Male,2016,18.14654897389798
125,Colombia,2,Female,2016,13.205926713378693
125,Colombia,3,Both,2016,15.62049820789588
105,Antigua and Barbuda,1,Male,2014,19.30135397879312
105,Antigua and Barbuda,2,Female,2014,11.81570321841227
105,Antigua and Barbuda,3,Both,2014,15.43241222261351
206,Gambia,1,Male,2012,28.81825078481205
206,Gambia,2,Female,2012,24.635609231204057
206,Gambia,3,Both,2012,26.693094683922467
118,Suriname,1,Male,2011,33.90979891852075
118,Suriname,2,Female,2011,26.290475337562004
118,Suriname,3,Both,2011,30.10163225658123
522,Sudan,1,Male,2018,29.75238935593697
522,Sudan,2,Female,2018,21.20261317008615
522,Sudan,3,Both,2018,25.54694185488516
154,Tunisia,1,Male,2012,47.08093160891881
154,Tunisia,2,Female,2012,33.00414487597964
154,Tunisia,3,Both,2012,40.02114013393932
129,Honduras,1,Male,2016,25.72766375025184
129,Honduras,2,Female,2016,21.39580357326741
129,Honduras,3,Both,2016,23.50678669529694
157,Yemen,1,Male,2012,45.18388588988362
157,Yemen,2,Female,2012,37.54253134179895
157,Yemen,3,Both,2012,41.42200794243152
89,Netherlands,1,Male,2012,32.09922947647692
89,Netherlands,2,Female,2012,28.177536959442502
89,Netherlands,3,Both,2012,30.11826409118472
150,Oman,1,Male,2015,26.40605113379212
150,Oman,2,Female,2015,18.54457129167527
150,Oman,3,Both,2015,23.26281848835797
117,Saint Vincent and the Grenadines,1,Male,2011,20.21835738556996
117,Saint Vincent and the Grenadines,2,Female,2011,13.80862120870026
117,Saint Vincent and the Grenadines,3,Both,2011,17.07438425764636
102,United States of America,1,Male,2019,26.29865759322528
102,United States of America,2,Female,2019,22.262565726093868
102,United States of America,3,Both,2019,24.24773063724401
132,Panama,1,Male,2013,14.36585961538844
132,Panama,2,Female,2013,10.15386453701657
132,Panama,3,Both,2013,12.27225750722315
133,Venezuela (Bolivarian Republic of),1,Male,2016,25.57059551438327
133,Venezuela (Bolivarian Republic of),2,Female,2016,19.21752083385145
133,Venezuela (Bolivarian Republic of),3,Both,2016,22.3811892036167
161,Bangladesh,1,Male,2012,41.3684869167217
161,Bangladesh,2,Female,2012,34.43035011469882
161,Bangladesh,3,Both,2012,37.8993983119802
50,Montenegro,1,Male,2019,54.544698662390665
50,Montenegro,2,Female,2019,43.92217061139619
50,Montenegro,3,Both,2019,49.17485883573419
121,Bolivia (Plurinational State of),1,Male,2011,19.11721502588412
121,Bolivia (Plurinational State of),2,Female,2011,16.25219171233799
121,Bolivia (Plurinational State of),3,Both,2011,17.684318288768132
197,Eswatini,1,Male,2016,16.41761013182066
197,Eswatini,2,Female,2016,13.05775937755273
197,Eswatini,3,Both,2016,14.68814884738865
93,Sweden,1,Male,2017,24.523139849252328
93,Sweden,2,Female,2017,21.44129359553591
93,Sweden,3,Both,2017,22.98668155516341
215,Sao Tome and Principe,1,Male,2011,8.53063296067944
215,Sao Tome and Principe,2,Female,2011,5.74420360871296
215,Sao Tome and Principe,3,Both,2011,7.132464284382071
54,Slovakia,1,Male,2018,37.343424764448194
54,Slovakia,2,Female,2018,25.414989018834
54,Slovakia,3,Both,2018,31.233578574874134
109,Cuba,1,Male,2014,33.304295791435514
109,Cuba,2,Female,2014,23.49802503155966
109,Cuba,3,Both,2014,28.390961328491848
106,Bahamas,1,Male,2020,19.012797968471578
106,Bahamas,2,Female,2020,11.180521521957033
106,Bahamas,3,Both,2020,14.96582125255482
57,Belarus,1,Male,2016,47.14566485289655
57,Belarus,2,Female,2016,24.513381117203032
57,Belarus,3,Both,2016,35.04656122823953
146,Lebanon,1,Male,2018,51.46256813659242
146,Lebanon,2,Female,2018,40.2360256233033
146,Lebanon,3,Both,2018,45.89259156842731
46,Croatia,1,Male,2020,44.16901073889305
46,Croatia,2,Female,2020,34.124207786335546
46,Croatia,3,Both,2020,38.996570271547
154,Tunisia,1,Male,2015,46.04566031126496
154,Tunisia,2,Female,2015,30.873068786745065
154,Tunisia,3,Both,2015,38.43246263004469
165,Pakistan,1,Male,2012,37.61377072151835
165,Pakistan,2,Female,2012,29.56035418391468
165,Pakistan,3,Both,2012,33.70273880043179
163,India,1,Male,2013,28.98889238436821
163,India,2,Female,2013,22.41606492135327
163,India,3,Both,2013,25.79342988514803
141,Egypt,1,Male,2016,46.63093552123629
141,Egypt,2,Female,2016,33.63312984898818
141,Egypt,3,Both,2016,40.3452593600814
125,Colombia,1,Male,2017,17.95785467377441
125,Colombia,2,Female,2017,12.92890737455106
125,Colombia,3,Both,2017,15.38566501332992
105,Antigua and Barbuda,1,Male,2020,18.96309357467435
105,Antigua and Barbuda,2,Female,2020,11.49687175083248
105,Antigua and Barbuda,3,Both,2020,15.14858807298712
37,Kyrgyzstan,1,Male,2015,49.98252798832135
37,Kyrgyzstan,2,Female,2015,37.20830555439202
37,Kyrgyzstan,3,Both,2015,43.51347068781208
113,Guyana,1,Male,2014,23.23070803420557
113,Guyana,2,Female,2014,17.54563954573064
113,Guyana,3,Both,2014,20.36405048834588
27,Samoa,1,Male,2015,42.01270847552779
27,Samoa,2,Female,2015,36.98145670267175
27,Samoa,3,Both,2015,39.5763075964316
162,Bhutan,1,Male,2012,20.14507334573312
162,Bhutan,2,Female,2012,14.51657900964897
162,Bhutan,3,Both,2012,17.47423142195652
46,Croatia,1,Male,2018,44.94495469999864
46,Croatia,2,Female,2018,34.87414248511721
46,Croatia,3,Both,2018,39.75484951461933
122,Ecuador,1,Male,2011,17.218568214261058
122,Ecuador,2,Female,2011,11.81269225132555
122,Ecuador,3,Both,2011,14.49431469790514
40,Turkmenistan,1,Male,2013,39.28451225506003
40,Turkmenistan,2,Female,2013,28.26882370911703
40,Turkmenistan,3,Both,2013,33.8767067753935
210,Liberia,1,Male,2012,15.37588995047946
210,Liberia,2,Female,2012,12.47827210811509
210,Liberia,3,Both,2012,13.94228176281343
50,Montenegro,1,Male,2020,54.20441856299225
50,Montenegro,2,Female,2020,43.38113416918849
50,Montenegro,3,Both,2020,48.73038738284078
55,Slovenia,1,Male,2019,39.73677467829823
55,Slovenia,2,Female,2019,29.93621120647077
55,Slovenia,3,Both,2019,34.80073811534733
169,Central African Republic,1,Male,2012,15.667120253981071
169,Central African Republic,2,Female,2012,12.37797417784431
169,Central African Republic,3,Both,2012,14.01258243296881
150,Oman,1,Male,2018,25.6296920590254
150,Oman,2,Female,2018,17.731638223071002
150,Oman,3,Both,2018,22.5431791288813
117,Saint Vincent and the Grenadines,1,Male,2014,19.84567156514866
117,Saint Vincent and the Grenadines,2,Female,2014,13.2166731366559
117,Saint Vincent and the Grenadines,3,Both,2014,16.602140987028648
125,Colombia,1,Male,2011,20.02869537693244
125,Colombia,2,Female,2011,15.25597389729175
125,Colombia,3,Both,2011,17.59468593044829
98,Chile,1,Male,2018,35.82824263747807
98,Chile,2,Female,2018,30.985903002682868
98,Chile,3,Both,2018,33.36302675275011
93,Sweden,1,Male,2012,24.97040296367372
93,Sweden,2,Female,2012,22.295782030696152
93,Sweden,3,Both,2012,23.629759783807643
349,Greenland,1,Male,2011,43.971922044009645
349,Greenland,2,Female,2011,48.90578280657791
349,Greenland,3,Both,2011,46.29522253850352
95,United Kingdom,1,Male,2014,31.16589985479243
95,United Kingdom,2,Female,2014,26.058980708054253
95,United Kingdom,3,Both,2014,28.570182217105987
129,Honduras,1,Male,2011,25.898572676188657
129,Honduras,2,Female,2011,22.02448735908376
129,Honduras,3,Both,2011,23.92400074694513
98,Chile,1,Male,2015,36.93754710742965
98,Chile,2,Female,2015,32.51781041240892
98,Chile,3,Both,2015,34.685794046149645
106,Bahamas,1,Male,2019,19.06483642663864
106,Bahamas,2,Female,2019,11.26185541303598
106,Bahamas,3,Both,2019,15.035093619237069
162,Bhutan,1,Male,2015,20.12145319669114
162,Bhutan,2,Female,2015,14.0483395591918
162,Bhutan,3,Both,2015,17.23531532258296
182,Malawi,1,Male,2017,21.04963737672217
182,Malawi,2,Female,2017,17.25344045200519
182,Malawi,3,Both,2017,19.10314993300449
145,Kuwait,1,Male,2016,40.39029015334563
145,Kuwait,2,Female,2016,28.65865580805841
145,Kuwait,3,Both,2016,35.07425542361487
136,Paraguay,1,Male,2013,29.38379203704105
136,Paraguay,2,Female,2013,22.381380344754135
136,Paraguay,3,Both,2013,25.922015498380414
171,Democratic Republic of the Congo,1,Male,2013,19.3053968264407
171,Democratic Republic of the Congo,2,Female,2013,17.05804271307721
171,Democratic Republic of the Congo,3,Both,2013,18.19003541722016
203,Cabo Verde,1,Male,2018,16.06811747734164
203,Cabo Verde,2,Female,2018,11.27148494943631
203,Cabo Verde,3,Both,2018,13.685775744218228
58,Estonia,1,Male,2018,38.85138891722408
58,Estonia,2,Female,2018,21.2165137562784
58,Estonia,3,Both,2018,29.50517576379471
59,Latvia,1,Male,2019,41.70481024418245
59,Latvia,2,Female,2019,22.98796891573399
59,Latvia,3,Both,2019,31.59460010441289
170,Congo,1,Male,2012,19.17369739883105
170,Congo,2,Female,2012,15.178441242740458
170,Congo,3,Both,2012,17.16010886383882
201,Burkina Faso,1,Male,2016,20.570171319587192
201,Burkina Faso,2,Female,2016,18.41416335602353
201,Burkina Faso,3,Both,2016,19.45827922591243
98,Chile,1,Male,2017,36.19394064013114
98,Chile,2,Female,2017,31.49541921508161
98,Chile,3,Both,2017,33.80011386916813
99,Uruguay,1,Male,2014,37.34557433770936
99,Uruguay,2,Female,2014,28.697010050402127
99,Uruguay,3,Both,2014,32.85169637699161
170,Congo,1,Male,2015,19.241243787767857
170,Congo,2,Female,2015,15.09060128522902
170,Congo,3,Both,2015,17.152076174646268
367,Monaco,1,Male,2011,35.198730734352054
367,Monaco,2,Female,2011,25.97239148846786
367,Monaco,3,Both,2011,30.47542467886756
41,Uzbekistan,1,Male,2015,33.2590165866535
41,Uzbekistan,2,Female,2015,22.01853894048323
41,Uzbekistan,3,Both,2015,27.61212915016883
173,Gabon,1,Male,2012,22.26782522511533
173,Gabon,2,Female,2012,19.40148080690104
173,Gabon,3,Both,2012,20.79574351538235
129,Honduras,1,Male,2017,25.71847318059221
129,Honduras,2,Female,2017,21.24863043378905
129,Honduras,3,Both,2017,23.42542971520808
164,Nepal,1,Male,2011,37.82518761692406
164,Nepal,2,Female,2011,33.2745143064254
164,Nepal,3,Both,2011,35.48718400619088
38,Mongolia,1,Male,2014,41.579162882431305
38,Mongolia,2,Female,2014,34.39528773021425
38,Mongolia,3,Both,2014,37.95304967574345
380,Palau,1,Male,2011,27.75146699302562
380,Palau,2,Female,2011,19.399241303715712
380,Palau,3,Both,2011,23.83934265828086
62,Russian Federation,1,Male,2018,48.60188186412816
62,Russian Federation,2,Female,2018,24.756849077752214
62,Russian Federation,3,Both,2018,35.84690397730322
149,Palestine,1,Male,2016,46.53759208166997
149,Palestine,2,Female,2016,38.85994886173013
149,Palestine,3,Both,2016,42.76510029598224
110,Dominica,1,Male,2020,18.67926951849305
110,Dominica,2,Female,2020,11.80577031844903
110,Dominica,3,Both,2020,15.29723978610948
45,Bulgaria,1,Male,2015,48.98062593255915
45,Bulgaria,2,Female,2015,32.96572362222258
45,Bulgaria,3,Both,2015,40.75351536792995
178,Eritrea,1,Male,2012,18.24779209468818
178,Eritrea,2,Female,2012,12.14275430339203
178,Eritrea,3,Both,2012,15.231219008160709
141,Egypt,1,Male,2013,46.83558961536444
141,Egypt,2,Female,2013,34.59013952922857
141,Egypt,3,Both,2013,40.90017485637953
168,Angola,1,Male,2011,17.69964691604909
168,Angola,2,Female,2011,12.91813126805931
168,Angola,3,Both,2011,15.24295180666031
49,North Macedonia,1,Male,2015,56.08616974271556
49,North Macedonia,2,Female,2015,42.905996260350896
49,North Macedonia,3,Both,2015,49.58088716824169
121,Bolivia (Plurinational State of),1,Male,2014,19.300023980592123
121,Bolivia (Plurinational State of),2,Female,2014,16.46375401663836
121,Bolivia (Plurinational State of),3,Both,2014,17.88202727023328
154,Tunisia,1,Male,2018,45.22906994930978
154,Tunisia,2,Female,2018,28.87577240883149
154,Tunisia,3,Both,2018,37.02187573353963
109,Cuba,1,Male,2020,31.66402740773333
109,Cuba,2,Female,2020,21.57148558301419
109,Cuba,3,Both,2020,26.590722231686943
207,Ghana,1,Male,2018,11.33459467370196
207,Ghana,2,Female,2018,8.92006660139263
207,Ghana,3,Both,2018,10.09636673755048
186,Seychelles,1,Male,2017,36.09896390293436
186,Seychelles,2,Female,2017,22.980310496789137
186,Seychelles,3,Both,2017,29.86784482614386
113,Guyana,1,Male,2020,22.442764988407347
113,Guyana,2,Female,2020,16.62129933672507
113,Guyana,3,Both,2020,19.49885355169906
34,Azerbaijan,1,Male,2012,50.407570445876495
34,Azerbaijan,2,Female,2012,34.43968396276776
34,Azerbaijan,3,Both,2012,42.37819773526408
107,Barbados,1,Male,2014,12.968514621989591
107,Barbados,2,Female,2014,7.49794056197952
107,Barbados,3,Both,2014,10.1325827687244
102,United States of America,1,Male,2018,26.56670455793803
102,United States of America,2,Female,2018,22.56546517786295
102,United States of America,3,Both,2018,24.533978140820352
162,Bhutan,1,Male,2018,19.9862120644321
162,Bhutan,2,Female,2018,13.59223217337063
162,Bhutan,3,Both,2018,16.930734937881788
34,Azerbaijan,1,Male,2017,49.40475368455591
34,Azerbaijan,2,Female,2017,32.2368171558225
34,Azerbaijan,3,Both,2017,40.8175714238803
320,Cook Islands,1,Male,2016,33.08768475492916
320,Cook Islands,2,Female,2016,25.39059635301264
320,Cook Islands,3,Both,2016,29.16088998713327
214,Nigeria,1,Male,2012,9.8995019705213
214,Nigeria,2,Female,2012,7.9902868920291805
214,Nigeria,3,Both,2012,8.93113371477095
179,Ethiopia,1,Male,2012,11.70029677062844
179,Ethiopia,2,Female,2012,9.22905070667345
179,Ethiopia,3,Both,2012,10.476432644664593
117,Saint Vincent and the Grenadines,1,Male,2020,19.257126655230746
117,Saint Vincent and the Grenadines,2,Female,2020,12.36913348346008
117,Saint Vincent and the Grenadines,3,Both,2020,15.88745899338071
172,Equatorial Guinea,1,Male,2011,34.01347475379784
172,Equatorial Guinea,2,Female,2011,30.811454979819
172,Equatorial Guinea,3,Both,2011,32.48996546891346
35,Georgia,1,Male,2012,52.911552091680846
35,Georgia,2,Female,2012,30.167829126774347
35,Georgia,3,Both,2012,40.95964221342174
121,Bolivia (Plurinational State of),1,Male,2020,18.902615260175228
121,Bolivia (Plurinational State of),2,Female,2020,15.734877700381569
121,Bolivia (Plurinational State of),3,Both,2020,17.31964864580065
218,Togo,1,Male,2012,18.61817611220607
218,Togo,2,Female,2012,14.535797363418808
218,Togo,3,Both,2012,16.534317305037998
126,Costa Rica,1,Male,2011,22.46675244859619
126,Costa Rica,2,Female,2011,16.39419927717623
126,Costa Rica,3,Both,2011,19.371554757884752
133,Venezuela (Bolivarian Republic of),1,Male,2011,27.07484403610368
133,Venezuela (Bolivarian Republic of),2,Female,2011,21.343093885850788
133,Venezuela (Bolivarian Republic of),3,Both,2011,24.19762199259361
177,Djibouti,1,Male,2012,41.29231914026317
177,Djibouti,2,Female,2012,38.37084389365153
177,Djibouti,3,Both,2012,39.9419246414877
376,Northern Mariana Islands,1,Male,2016,34.89755188424787
376,Northern Mariana Islands,2,Female,2016,27.141627944819952
376,Northern Mariana Islands,3,Both,2016,31.110813364331257
66,Brunei Darussalam,1,Male,2018,32.29388424963124
66,Brunei Darussalam,2,Female,2018,20.194671720271156
66,Brunei Darussalam,3,Both,2018,26.547301246152134
413,Tokelau,1,Male,2011,36.314384227376266
413,Tokelau,2,Female,2011,28.66015856368732
413,Tokelau,3,Both,2011,32.5026770565646
178,Eritrea,1,Male,2015,18.30445353943943
178,Eritrea,2,Female,2015,12.14143687778142
178,Eritrea,3,Both,2015,15.2638776279858
175,Burundi,1,Male,2013,14.433848219920309
175,Burundi,2,Female,2013,11.963916306101767
175,Burundi,3,Both,2013,13.19494345748438
142,Iran (Islamic Republic of),1,Male,2016,30.12601168260658
142,Iran (Islamic Republic of),2,Female,2016,18.72638509585873
142,Iran (Islamic Republic of),3,Both,2016,24.50622367722968
133,Venezuela (Bolivarian Republic of),1,Male,2017,25.3202244822605
133,Venezuela (Bolivarian Republic of),2,Female,2017,18.85757556620683
133,Venezuela (Bolivarian Republic of),3,Both,2017,22.07250007817674
111,Dominican Republic,1,Male,2014,19.49729404596948
111,Dominican Republic,2,Female,2014,16.08189571765909
111,Dominican Republic,3,Both,2014,17.79962222889426
146,Lebanon,1,Male,2016,51.83757951823993
146,Lebanon,2,Female,2016,41.4283919218041
146,Lebanon,3,Both,2016,46.70548465323889
55,Slovenia,1,Male,2020,39.2076536142506
55,Slovenia,2,Female,2020,29.43750657791716
55,Slovenia,3,Both,2020,34.289209073371815
98,Chile,1,Male,2012,38.110926531741605
98,Chile,2,Female,2012,34.25854293127631
98,Chile,3,Both,2012,36.14942911805179
125,Colombia,1,Male,2014,18.69475216417863
125,Colombia,2,Female,2014,13.879280674196428
125,Colombia,3,Both,2014,16.23490796007451
176,Comoros,1,Male,2011,26.12944459971791
176,Comoros,2,Female,2011,21.479803625053933
176,Comoros,3,Both,2011,23.79390896572965
150,Oman,1,Male,2016,26.193049365718057
150,Oman,2,Female,2016,18.4189215991974
150,Oman,3,Both,2016,23.10995354607256
110,Dominica,1,Male,2019,18.80520917967229
110,Dominica,2,Female,2019,11.95953256572148
110,Dominica,3,Both,2019,15.43382399588124
211,Mali,1,Male,2018,25.00162409044136
211,Mali,2,Female,2018,22.70614853810917
211,Mali,3,Both,2018,23.84754427549141
153,Syrian Arab Republic,1,Male,2016,44.03444475917578
153,Syrian Arab Republic,2,Female,2016,30.67441907531342
153,Syrian Arab Republic,3,Both,2016,37.18092803577474
129,Honduras,1,Male,2014,25.753040948321694
129,Honduras,2,Female,2014,21.66932916750299
129,Honduras,3,Both,2014,23.66369856214695
125,Colombia,1,Male,2020,17.7669662213162
125,Colombia,2,Female,2020,12.48361152493278
125,Colombia,3,Both,2020,15.07452465794133
170,Congo,1,Male,2018,19.32679439009119
170,Congo,2,Female,2018,14.98732490434196
170,Congo,3,Both,2018,17.14445282417051
129,Honduras,1,Male,2020,25.715631494476387
129,Honduras,2,Female,2020,20.77295585683779
129,Honduras,3,Both,2020,23.17557204613456
59,Latvia,1,Male,2020,41.438195561265005
59,Latvia,2,Female,2020,22.6171840701997
59,Latvia,3,Both,2020,31.28044355329568
181,Madagascar,1,Male,2011,23.69968163563031
181,Madagascar,2,Female,2011,22.4870711856227
181,Madagascar,3,Both,2011,23.087005951675323
133,Venezuela (Bolivarian Republic of),1,Male,2014,26.10761340023066
133,Venezuela (Bolivarian Republic of),2,Female,2014,19.98646021747351
133,Venezuela (Bolivarian Republic of),3,Both,2014,23.03542153610234
115,Jamaica,1,Male,2014,22.95102005339974
115,Jamaica,2,Female,2014,16.09142007361194
115,Jamaica,3,Both,2014,19.48994506412135
102,United States of America,1,Male,2015,27.64726947206733
102,United States of America,2,Female,2015,23.7544122504754
102,United States of America,3,Both,2015,25.67065078561521
183,Mauritius,1,Male,2012,33.19246637097803
183,Mauritius,2,Female,2012,24.5812592015621
183,Mauritius,3,Both,2012,28.840243571040457
205,Côte d'Ivoire,1,Male,2016,22.127442847454752
205,Côte d'Ivoire,2,Female,2016,18.96803115944691
205,Côte d'Ivoire,3,Both,2016,20.59912939760466
185,Rwanda,1,Male,2011,20.80298093022045
185,Rwanda,2,Female,2011,17.05870399417733
185,Rwanda,3,Both,2011,18.86803056044045
154,Tunisia,1,Male,2016,45.76382784926837
154,Tunisia,2,Female,2016,30.220726563340328
154,Tunisia,3,Both,2016,37.96407784492242
187,Somalia,1,Male,2012,22.41227046222082
187,Somalia,2,Female,2012,18.39963636054357
187,Somalia,3,Both,2012,20.44795052969329
102,United States of America,1,Male,2017,26.894682981267408
102,United States of America,2,Female,2017,22.93147440640973
102,United States of America,3,Both,2017,24.88169557972568
396,San Marino,1,Male,2016,31.234742520182728
396,San Marino,2,Female,2016,22.55327726942835
396,San Marino,3,Both,2016,26.75287516901032
215,Sao Tome and Principe,1,Male,2018,8.74373131903159
215,Sao Tome and Principe,2,Female,2018,5.64953661254709
215,Sao Tome and Principe,3,Both,2018,7.19988006564451
179,Ethiopia,1,Male,2015,11.58941072659827
179,Ethiopia,2,Female,2015,9.09182165869178
179,Ethiopia,3,Both,2015,10.35222625597487
63,Ukraine,1,Male,2019,41.32380719431063
63,Ukraine,2,Female,2019,18.19497633031313
63,Ukraine,3,Both,2019,28.91014953765908
35,Georgia,1,Male,2018,53.41450705316767
35,Georgia,2,Female,2018,28.64057348735639
35,Georgia,3,Both,2018,40.48385358429893
114,Haiti,1,Male,2020,13.563636254452527
114,Haiti,2,Female,2020,10.50416865479839
114,Haiti,3,Both,2020,12.00317557165541
145,Kuwait,1,Male,2013,40.65476842253872
145,Kuwait,2,Female,2013,31.609427035757346
145,Kuwait,3,Both,2013,36.67700822365313
196,South Africa,1,Male,2012,30.820755716546323
196,South Africa,2,Female,2012,24.50199472226721
196,South Africa,3,Both,2012,27.58083002110097
106,Bahamas,1,Male,2018,19.12496171132648
106,Bahamas,2,Female,2018,11.34335421998344
106,Bahamas,3,Both,2018,15.10760077169634
102,United States of America,1,Male,2012,29.11267122287426
102,United States of America,2,Female,2012,25.269528844015333
102,United States of America,3,Both,2012,27.16174812462626
191,Zambia,1,Male,2017,24.15494413374488
191,Zambia,2,Female,2017,21.74909242941887
191,Zambia,3,Both,2017,22.940042576033733
133,Venezuela (Bolivarian Republic of),1,Male,2020,23.93223387881747
133,Venezuela (Bolivarian Republic of),2,Female,2020,17.1406382658789
133,Venezuela (Bolivarian Republic of),3,Both,2020,20.43749211627644
74,Andorra,1,Male,2018,35.33758766999971
74,Andorra,2,Female,2018,27.07349580254594
74,Andorra,3,Both,2018,31.30661807843227
54,Slovakia,1,Male,2015,37.50994100205448
54,Slovakia,2,Female,2015,25.85268797771048
54,Slovakia,3,Both,2015,31.53142819936955
132,Panama,1,Male,2015,14.2144221221916
132,Panama,2,Female,2015,9.98117311005216
132,Panama,3,Both,2015,12.10966548601544
176,Comoros,1,Male,2013,25.54308920625681
176,Comoros,2,Female,2013,20.89494496700593
176,Comoros,3,Both,2013,23.20973897907481
38,Mongolia,1,Male,2011,41.14199514496247
38,Mongolia,2,Female,2011,34.25682387464027
38,Mongolia,3,Both,2011,37.675019310517335
119,Trinidad and Tobago,1,Male,2014,26.05420851989483
119,Trinidad and Tobago,2,Female,2014,19.53840803427937
119,Trinidad and Tobago,3,Both,2014,22.81190911291687
183,Mauritius,1,Male,2015,33.4870012833201
183,Mauritius,2,Female,2015,24.41607983506616
183,Mauritius,3,Both,2015,28.90068882878803
118,Suriname,1,Male,2020,30.388139730426563
118,Suriname,2,Female,2020,21.35718223586047
118,Suriname,3,Both,2020,25.81918628031865
35,Georgia,1,Male,2015,53.43323634852592
35,Georgia,2,Female,2015,29.60967268158522
35,Georgia,3,Both,2015,40.96129411338704
110,Dominica,1,Male,2018,18.92571667609209
110,Dominica,2,Female,2018,12.0883564898217
110,Dominica,3,Both,2018,15.55496620394122
178,Eritrea,1,Male,2018,18.34840973617456
178,Eritrea,2,Female,2018,12.141248415173909
178,Eritrea,3,Both,2018,15.290280661440988
182,Malawi,1,Male,2012,22.04752851575269
182,Malawi,2,Female,2012,18.51725657391886
182,Malawi,3,Both,2012,20.2392414576033
149,Palestine,1,Male,2013,47.08730486960548
149,Palestine,2,Female,2013,39.26014616764056
149,Palestine,3,Both,2013,43.234976774933706
200,Benin,1,Male,2012,12.720690839107393
200,Benin,2,Female,2012,10.59873631700281
200,Benin,3,Both,2012,11.63767877342353
162,Bhutan,1,Male,2016,20.08833131167127
162,Bhutan,2,Female,2016,13.90259741852901
162,Bhutan,3,Both,2016,17.14385856299078
140,Bahrain,1,Male,2019,32.08506134470492
140,Bahrain,2,Female,2019,21.66592739114392
140,Bahrain,3,Both,2019,28.22403436938789
187,Somalia,1,Male,2015,22.20834726936819
187,Somalia,2,Female,2015,18.07355208630434
187,Somalia,3,Both,2015,20.18352881399803
130,Mexico,1,Male,2011,22.06779229744689
130,Mexico,2,Female,2011,16.38479755650496
130,Mexico,3,Both,2011,19.16366687217505
179,Ethiopia,1,Male,2018,11.62252833343676
179,Ethiopia,2,Female,2018,9.06164585980961
179,Ethiopia,3,Both,2018,10.35362872304257
142,Iran (Islamic Republic of),1,Male,2014,30.28726050933386
142,Iran (Islamic Republic of),2,Female,2014,19.3706275202247
142,Iran (Islamic Republic of),3,Both,2014,24.89451896682763
106,Bahamas,1,Male,2015,19.310202354104792
106,Bahamas,2,Female,2015,11.57583259872864
106,Bahamas,3,Both,2015,15.32186987079971
180,Kenya,1,Male,2013,18.88261946977007
180,Kenya,2,Female,2013,15.02692481860784
180,Kenya,3,Both,2013,16.94641796037341
78,Denmark,1,Male,2018,32.58725809651233
78,Denmark,2,Female,2018,26.58979713138436
78,Denmark,3,Both,2018,29.57368389679205
123,Peru,1,Male,2014,14.09022843760564
123,Peru,2,Female,2014,9.01365424567414
123,Peru,3,Both,2014,11.561122205046653
196,South Africa,1,Male,2015,29.88830741421124
196,South Africa,2,Female,2015,23.74212436732758
196,South Africa,3,Both,2015,26.74517678591128
181,Madagascar,1,Male,2013,23.17238841973215
181,Madagascar,2,Female,2013,21.92356533065608
181,Madagascar,3,Both,2013,22.54096443122556
157,Yemen,1,Male,2016,44.651497182833886
157,Yemen,2,Female,2016,36.66649348587232
157,Yemen,3,Both,2016,40.71289837837145
185,Rwanda,1,Male,2013,20.67033619771125
185,Rwanda,2,Female,2013,16.76553952968165
185,Rwanda,3,Both,2013,18.65413138837988
170,Congo,1,Male,2016,19.27092491641183
170,Congo,2,Female,2016,15.06442023098289
170,Congo,3,Both,2016,17.15435002159302
186,Seychelles,1,Male,2012,36.58965162789059
186,Seychelles,2,Female,2012,23.418002904228068
186,Seychelles,3,Both,2012,30.26722454380678
153,Syrian Arab Republic,1,Male,2013,45.53648967184626
153,Syrian Arab Republic,2,Female,2013,36.34946734648265
153,Syrian Arab Republic,3,Both,2013,41.02009610939907
63,Ukraine,1,Male,2020,41.12745163185372
63,Ukraine,2,Female,2020,17.78506789028047
63,Ukraine,3,Both,2020,28.59957281782136
183,Mauritius,1,Male,2018,33.78097142464094
183,Mauritius,2,Female,2018,24.26563613077771
183,Mauritius,3,Both,2018,28.96664748676512
209,Guinea-Bissau,1,Male,2016,13.45769237418005
209,Guinea-Bissau,2,Female,2016,10.78108598273077
209,Guinea-Bissau,3,Both,2016,12.086100059005329
146,Lebanon,1,Male,2014,52.324729372045866
146,Lebanon,2,Female,2014,42.08664740330516
146,Lebanon,3,Both,2014,47.23412083453729
44,Bosnia and Herzegovina,1,Male,2013,55.56630685834016
44,Bosnia and Herzegovina,2,Female,2013,41.92689701839349
44,Bosnia and Herzegovina,3,Both,2013,48.61813674997392
82,Greece,1,Male,2018,47.40514381530455
82,Greece,2,Female,2018,34.57987613909732
82,Greece,3,Both,2018,40.82396733224472
136,Paraguay,1,Male,2015,28.54566955862987
136,Paraguay,2,Female,2015,21.6357074691101
136,Paraguay,3,Both,2015,25.129604717417543
200,Benin,1,Male,2015,11.89785775248143
200,Benin,2,Female,2015,9.85482851640819
200,Benin,3,Both,2015,10.85707263891833
41,Uzbekistan,1,Male,2016,33.01008277247845
41,Uzbekistan,2,Female,2016,21.65485499781137
41,Uzbekistan,3,Both,2016,27.30804125063575
86,Italy,1,Male,2018,30.84095690531612
86,Italy,2,Female,2018,23.081432965282996
86,Italy,3,Both,2018,26.85403711819856
195,Namibia,1,Male,2017,27.104866769121948
195,Namibia,2,Female,2017,23.37803296468233
195,Namibia,3,Both,2017,25.186670760627827
204,Chad,1,Male,2012,18.4902056183838
204,Chad,2,Female,2012,16.40262225823064
204,Chad,3,Both,2012,17.43534964036502
187,Somalia,1,Male,2018,22.25924731656804
187,Somalia,2,Female,2018,18.11272941032702
187,Somalia,3,Both,2018,20.23147073905667
106,Bahamas,1,Male,2017,19.18506404206996
106,Bahamas,2,Female,2017,11.41865061297532
106,Bahamas,3,Both,2017,15.17716944530071
127,El Salvador,1,Male,2014,17.901100295582538
127,El Salvador,2,Female,2014,12.60566460893787
127,El Salvador,3,Both,2014,15.10179640637305
114,Haiti,1,Male,2019,13.52563491357193
114,Haiti,2,Female,2019,10.53741721189926
114,Haiti,3,Both,2019,12.00137207891444
157,Yemen,1,Male,2013,45.06248174727333
157,Yemen,2,Female,2013,37.37306682344766
157,Yemen,3,Both,2013,41.27525400237956
161,Bangladesh,1,Male,2016,40.98232914798169
161,Bangladesh,2,Female,2016,32.73187791028994
161,Bangladesh,3,Both,2016,36.82455386166247
131,Nicaragua,1,Male,2014,26.222957973954752
131,Nicaragua,2,Female,2014,23.88742962377888
131,Nicaragua,3,Both,2014,25.04093098132803
190,Uganda,1,Male,2013,16.8985667697964
190,Uganda,2,Female,2013,15.30163572494642
190,Uganda,3,Both,2013,16.086702588482048
58,Estonia,1,Male,2015,40.56209639985055
58,Estonia,2,Female,2015,22.92666818806171
58,Estonia,3,Both,2015,31.17810205651378
178,Eritrea,1,Male,2016,18.318252397614508
178,Eritrea,2,Female,2016,12.13743397753604
178,Eritrea,3,Both,2016,15.2703329302722
150,Oman,1,Male,2014,26.592177506202468
150,Oman,2,Female,2014,18.77046758821167
150,Oman,3,Both,2014,23.437940312507312
165,Pakistan,1,Male,2016,35.30116534849104
165,Pakistan,2,Female,2016,26.25666000243017
165,Pakistan,3,Both,2016,30.89848956370656
106,Bahamas,1,Male,2012,19.51950949388473
106,Bahamas,2,Female,2012,11.796867880521807
106,Bahamas,3,Both,2012,15.541055454925152
110,Dominica,1,Male,2015,19.26268857706848
110,Dominica,2,Female,2015,12.45833630954785
110,Dominica,3,Both,2015,15.8946438632062
33,Armenia,1,Male,2014,55.57035008477895
33,Armenia,2,Female,2014,31.42452559759093
33,Armenia,3,Both,2014,43.03116401168728
142,Iran (Islamic Republic of),1,Male,2011,30.78677492451679
142,Iran (Islamic Republic of),2,Female,2011,20.32748053461589
142,Iran (Islamic Republic of),3,Both,2011,25.615971020683247
90,Norway,1,Male,2018,28.44001506637258
90,Norway,2,Female,2018,20.54252546243716
90,Norway,3,Both,2018,24.5235872794388
142,Iran (Islamic Republic of),1,Male,2017,30.11032635217854
142,Iran (Islamic Republic of),2,Female,2017,18.48325633113637
142,Iran (Islamic Republic of),3,Both,2017,24.383307495146862
122,Ecuador,1,Male,2020,16.18066237628973
122,Ecuador,2,Female,2020,10.24617092538043
122,Ecuador,3,Both,2020,13.197344561966071
190,Uganda,1,Male,2011,17.708899979523927
190,Uganda,2,Female,2011,16.22925450710989
190,Uganda,3,Both,2011,16.95585934575819
208,Guinea,1,Male,2012,22.09813262622214
208,Guinea,2,Female,2012,19.13576706043205
208,Guinea,3,Both,2012,20.56941825021042
67,Japan,1,Male,2020,31.3434835141734
67,Japan,2,Female,2020,15.56688452139349
67,Japan,3,Both,2020,23.25397128407825
41,Uzbekistan,1,Male,2020,32.07568583773137
41,Uzbekistan,2,Female,2020,20.40636510441859
41,Uzbekistan,3,Both,2020,26.22795146395117
67,Japan,1,Male,2019,31.58975063222971
67,Japan,2,Female,2019,15.80821626387238
67,Japan,3,Both,2019,23.49809031896332
161,Bangladesh,1,Male,2013,41.2738841434788
161,Bangladesh,2,Female,2013,33.976364790236104
161,Bangladesh,3,Both,2013,37.61720140337903
196,South Africa,1,Male,2018,29.19428599360409
196,South Africa,2,Female,2018,23.057374446917688
196,South Africa,3,Both,2018,26.06231578669399
194,Lesotho,1,Male,2013,36.50668108048915
194,Lesotho,2,Female,2013,29.98685927546637
194,Lesotho,3,Both,2013,33.10726631565352
71,Australia,1,Male,2020,26.35809937148612
71,Australia,2,Female,2020,20.37904346296314
71,Australia,3,Both,2020,23.33377911676363
179,Ethiopia,1,Male,2016,11.57436957731279
179,Ethiopia,2,Female,2016,9.069698676944087
179,Ethiopia,3,Both,2016,10.33359121286839
139,Algeria,1,Male,2011,39.14521738246777
139,Algeria,2,Female,2011,28.66619224806567
139,Algeria,3,Both,2011,33.97623645759929
141,Egypt,1,Male,2015,46.71556988176119
141,Egypt,2,Female,2015,33.99699166305325
141,Egypt,3,Both,2015,40.56041351428965
39,Tajikistan,1,Male,2012,30.909609813138477
39,Tajikistan,2,Female,2012,22.11337150124047
39,Tajikistan,3,Both,2012,26.5580383565913
94,Switzerland,1,Male,2018,31.77947278700161
94,Switzerland,2,Female,2018,24.618629843218
94,Switzerland,3,Both,2018,28.18126885378025
142,Iran (Islamic Republic of),1,Male,2020,30.14906922449577
142,Iran (Islamic Republic of),2,Female,2020,17.88384894734521
142,Iran (Islamic Republic of),3,Both,2020,24.11912376405958
146,Lebanon,1,Male,2017,51.63110347573504
146,Lebanon,2,Female,2017,40.82212283692388
146,Lebanon,3,Both,2017,46.28255887683191
212,Mauritania,1,Male,2012,32.2982174372918
212,Mauritania,2,Female,2012,29.21718331556185
212,Mauritania,3,Both,2012,30.73469709285222
204,Chad,1,Male,2015,17.79746432112865
204,Chad,2,Female,2015,15.60401810696988
204,Chad,3,Both,2015,16.691560891973207
191,Zambia,1,Male,2012,25.48785810779331
191,Zambia,2,Female,2012,23.545119677060335
191,Zambia,3,Both,2012,24.50541463778122
43,Albania,1,Male,2012,50.91158167430612
43,Albania,2,Female,2012,29.63351172654739
43,Albania,3,Both,2012,40.31466632670381
194,Lesotho,1,Male,2011,35.84411190636222
194,Lesotho,2,Female,2011,29.295691150772257
194,Lesotho,3,Both,2011,32.41605561872199
146,Lebanon,1,Male,2020,51.192574325960685
146,Lebanon,2,Female,2020,39.04169192705797
146,Lebanon,3,Both,2020,45.13030820907193
184,Mozambique,1,Male,2013,23.31312190212241
184,Mozambique,2,Female,2013,20.41763623655248
184,Mozambique,3,Both,2013,21.81295881844147
146,Lebanon,1,Male,2011,53.44142430476377
146,Lebanon,2,Female,2011,43.1912203419857
146,Lebanon,3,Both,2011,48.25015703032781
165,Pakistan,1,Male,2013,36.86127528406835
165,Pakistan,2,Female,2013,28.56981112015797
165,Pakistan,3,Both,2013,32.83198331969418
110,Dominica,1,Male,2017,19.04354915449066
110,Dominica,2,Female,2017,12.21396591556562
110,Dominica,3,Both,2017,15.67238962381431
39,Tajikistan,1,Male,2018,27.93136020078593
39,Tajikistan,2,Female,2018,18.86928089442533
39,Tajikistan,3,Both,2018,23.45874178279809
150,Oman,1,Male,2011,26.806707303705068
150,Oman,2,Female,2011,18.64062777206339
150,Oman,3,Both,2011,23.42160985692647
71,Australia,1,Male,2019,26.640801511746947
71,Australia,2,Female,2019,20.65118814608472
71,Australia,3,Both,2019,23.61149967131297
198,Zimbabwe,1,Male,2013,27.82896415737312
198,Zimbabwe,2,Female,2013,22.277331851145853
198,Zimbabwe,3,Both,2013,24.955219976816657
183,Mauritius,1,Male,2016,33.58471720831201
183,Mauritius,2,Female,2016,24.38339781243642
183,Mauritius,3,Both,2016,28.93120144093247
154,Tunisia,1,Male,2014,46.35539066309446
154,Tunisia,2,Female,2014,31.55706746859201
154,Tunisia,3,Both,2014,38.93085521333551
213,Niger,1,Male,2016,14.75874445515566
213,Niger,2,Female,2016,13.100958860372492
213,Niger,3,Both,2016,13.92452913980626
208,Guinea,1,Male,2015,21.50555686256323
208,Guinea,2,Female,2015,18.2134924423449
208,Guinea,3,Both,2015,19.80846559441524
154,Tunisia,1,Male,2011,47.48346982560265
154,Tunisia,2,Female,2011,33.77400586202512
154,Tunisia,3,Both,2011,40.61001445714889
114,Haiti,1,Male,2015,13.49105483830439
114,Haiti,2,Female,2015,10.72410368591977
114,Haiti,3,Both,2015,12.07823402580647
75,Austria,1,Male,2019,39.620563661477895
75,Austria,2,Female,2019,30.82653461499295
75,Austria,3,Both,2019,35.15864454476983
216,Senegal,1,Male,2012,26.39085956831208
216,Senegal,2,Female,2012,21.92918221898892
216,Senegal,3,Both,2012,24.15614051233428
200,Benin,1,Male,2018,11.563515915147567
200,Benin,2,Female,2018,9.52223347356891
200,Benin,3,Both,2018,10.525472743151749
203,Cabo Verde,1,Male,2017,16.22146430404341
203,Cabo Verde,2,Female,2017,11.380469073572373
203,Cabo Verde,3,Both,2017,13.81407346049106
150,Oman,1,Male,2017,25.928608711184648
150,Oman,2,Female,2017,18.15087352444154
150,Oman,3,Both,2017,22.86757277134516
212,Mauritania,1,Male,2015,31.41428288796687
212,Mauritania,2,Female,2015,28.31055610320407
212,Mauritania,3,Both,2015,29.83849379044533
86,Italy,1,Male,2017,31.07299930471985
86,Italy,2,Female,2017,23.4599296693867
86,Italy,3,Both,2017,27.15901791490529
195,Namibia,1,Male,2012,28.3851991534736
195,Namibia,2,Female,2012,24.917878246601973
195,Namibia,3,Both,2012,26.602373010831982
198,Zimbabwe,1,Male,2011,27.99852987139989
198,Zimbabwe,2,Female,2011,22.57634253343285
198,Zimbabwe,3,Both,2011,25.19543798425931
169,Central African Republic,1,Male,2016,15.73966529940598
169,Central African Republic,2,Female,2016,12.2225129604644
169,Central African Republic,3,Both,2016,13.95609042050634
202,Cameroon,1,Male,2013,16.39825380260128
202,Cameroon,2,Female,2013,13.54074808755982
202,Cameroon,3,Both,2013,14.96367500770801
162,Bhutan,1,Male,2011,20.11907579030642
162,Bhutan,2,Female,2011,14.6250429331394
162,Bhutan,3,Both,2011,17.510131052692827
75,Austria,1,Male,2020,39.52732640475034
75,Austria,2,Female,2020,30.67562936305153
75,Austria,3,Both,2020,35.03964862668515
110,Dominica,1,Male,2012,19.61072858662745
110,Dominica,2,Female,2012,12.8079843397226
110,Dominica,3,Both,2012,16.22708393146107
145,Kuwait,1,Male,2015,40.45292732636264
145,Kuwait,2,Female,2015,29.68308619563916
145,Kuwait,3,Both,2015,35.61860679097676
349,Greenland,1,Male,2018,40.34042448188539
349,Greenland,2,Female,2018,43.6393220363981
349,Greenland,3,Both,2018,41.900330209302986
126,Costa Rica,1,Male,2020,20.55457622804684
126,Costa Rica,2,Female,2020,13.26907123921855
126,Costa Rica,3,Both,2020,16.792344864440402
187,Somalia,1,Male,2016,22.19991577982545
187,Somalia,2,Female,2016,18.042975765282147
187,Somalia,3,Both,2016,20.16499244299108
50,Montenegro,1,Male,2018,54.9876345866053
50,Montenegro,2,Female,2018,44.53113559520169
50,Montenegro,3,Both,2018,49.7019586966042
47,Czechia,1,Male,2012,40.52830155734264
47,Czechia,2,Female,2012,28.309806158750828
47,Czechia,3,Both,2012,34.305678476926325
38,Mongolia,1,Male,2012,41.230702831155455
38,Mongolia,2,Female,2012,34.256454410184304
38,Mongolia,3,Both,2012,37.71573693641668
118,Suriname,1,Male,2019,30.65978880997629
118,Suriname,2,Female,2019,21.7483077058156
118,Suriname,3,Both,2019,26.15654406669055
51,Poland,1,Male,2012,40.20171750655404
51,Poland,2,Female,2012,32.18438227541489
51,Poland,3,Both,2012,36.062260047970966
196,South Africa,1,Male,2016,29.63017758880086
196,South Africa,2,Female,2016,23.52757522415261
196,South Africa,3,Both,2016,26.511648662296523
62,Russian Federation,1,Male,2015,49.24929517975077
62,Russian Federation,2,Female,2015,26.38535812332205
62,Russian Federation,3,Both,2015,37.00355843797856
95,United Kingdom,1,Male,2018,28.87133572206291
95,United Kingdom,2,Female,2018,23.15220247424683
95,United Kingdom,3,Both,2018,25.963318316167577
135,Brazil,1,Male,2014,26.66349589725114
135,Brazil,2,Female,2014,19.59925504308245
135,Brazil,3,Both,2014,23.05776913953093
39,Tajikistan,1,Male,2015,29.11250070266188
39,Tajikistan,2,Female,2015,20.24700041779085
39,Tajikistan,3,Both,2015,24.73169102148316
200,Benin,1,Male,2016,11.7420081438042
200,Benin,2,Female,2016,9.70911215355738
200,Benin,3,Both,2016,10.70700642785357
169,Central African Republic,1,Male,2013,15.696804951181988
169,Central African Republic,2,Female,2013,12.39994622393265
169,Central African Republic,3,Both,2013,14.03760699082694
207,Ghana,1,Male,2017,11.3012990713377
207,Ghana,2,Female,2017,8.91699143584607
207,Ghana,3,Both,2017,10.07900693903742
90,Norway,1,Male,2017,28.660838278183743
90,Norway,2,Female,2017,20.69258541188536
90,Norway,3,Both,2017,24.70613525551775
66,Brunei Darussalam,1,Male,2015,32.85253378399896
66,Brunei Darussalam,2,Female,2015,20.98064007933295
66,Brunei Darussalam,3,Both,2015,27.17676128542974
211,Mali,1,Male,2017,25.046525696459582
211,Mali,2,Female,2017,22.837879646969668
211,Mali,3,Both,2017,23.93590259949066
37,Kyrgyzstan,1,Male,2011,48.97852079076775
37,Kyrgyzstan,2,Female,2011,36.171103389844
37,Kyrgyzstan,3,Both,2011,42.493367411776525
162,Bhutan,1,Male,2014,20.14545515944604
162,Bhutan,2,Female,2014,14.19148103669511
162,Bhutan,3,Both,2014,17.319647155732092
94,Switzerland,1,Male,2017,31.956944243829348
94,Switzerland,2,Female,2017,24.80664120343036
94,Switzerland,3,Both,2017,28.360709005963415
215,Sao Tome and Principe,1,Male,2017,8.67272933245415
215,Sao Tome and Principe,2,Female,2017,5.62738123906267
215,Sao Tome and Principe,3,Both,2017,7.152117675040221
143,Iraq,1,Male,2011,45.19628552826975
143,Iraq,2,Female,2011,36.31240278608566
143,Iraq,3,Both,2011,40.91416594365029
154,Tunisia,1,Male,2017,45.4876212180115
154,Tunisia,2,Female,2017,29.5346945738956
154,Tunisia,3,Both,2017,37.481732129127735
216,Senegal,1,Male,2015,24.54006633347876
216,Senegal,2,Female,2015,19.78655240368894
216,Senegal,3,Both,2015,22.16532671914351
202,Cameroon,1,Male,2011,17.084423680774368
202,Cameroon,2,Female,2011,14.34200504742639
202,Cameroon,3,Both,2011,15.70618827701495
173,Gabon,1,Male,2016,22.13962378792414
173,Gabon,2,Female,2016,19.2118276677955
173,Gabon,3,Both,2016,20.62848165938172
79,Finland,1,Male,2019,27.09321620077793
79,Finland,2,Female,2019,18.18446363571172
79,Finland,3,Both,2019,22.58013124664427
367,Monaco,1,Male,2018,33.46082539864823
367,Monaco,2,Female,2018,24.35407417149883
367,Monaco,3,Both,2018,28.785657207558003
79,Finland,1,Male,2020,26.87379143870188
79,Finland,2,Female,2020,17.954382933704878
79,Finland,3,Both,2020,22.35749817909504
149,Palestine,1,Male,2015,46.67999225162765
149,Palestine,2,Female,2015,38.98041431895816
149,Palestine,3,Both,2015,42.89466244138775
83,Iceland,1,Male,2019,31.03770688855454
83,Iceland,2,Female,2019,21.82103617380469
83,Iceland,3,Both,2019,26.48378439350981
189,United Republic of Tanzania,1,Male,2013,22.89239562848773
189,United Republic of Tanzania,2,Female,2013,18.872931938053465
189,United Republic of Tanzania,3,Both,2013,20.83251132012622
114,Haiti,1,Male,2017,13.47671958038428
114,Haiti,2,Female,2017,10.59354191081567
114,Haiti,3,Both,2017,12.00528121527468
380,Palau,1,Male,2018,26.81718530260811
380,Palau,2,Female,2018,18.11210584192659
380,Palau,3,Both,2018,22.8684985131242
99,Uruguay,1,Male,2018,36.56085922665175
99,Uruguay,2,Female,2018,27.747007845422587
99,Uruguay,3,Both,2018,31.975126719999096
153,Syrian Arab Republic,1,Male,2015,44.50777181500582
153,Syrian Arab Republic,2,Female,2015,32.20285982003305
153,Syrian Arab Republic,3,Both,2015,38.25277032265093
87,Luxembourg,1,Male,2019,33.14262880554486
87,Luxembourg,2,Female,2019,24.99798230320546
87,Luxembourg,3,Both,2019,29.09343842376157
204,Chad,1,Male,2016,17.734323593751668
204,Chad,2,Female,2016,15.521024821748
204,Chad,3,Both,2016,16.61914476731968
38,Mongolia,1,Male,2017,42.59599167169029
38,Mongolia,2,Female,2017,35.1214561049919
38,Mongolia,3,Both,2017,38.81730444070014
177,Djibouti,1,Male,2016,39.56113962343484
177,Djibouti,2,Female,2016,36.47330994064464
177,Djibouti,3,Both,2016,38.13667068948305
173,Gabon,1,Male,2013,22.21538792283554
173,Gabon,2,Female,2013,19.363877247413186
173,Gabon,3,Both,2013,20.74898650452656
298,American Samoa,1,Male,2015,39.75063197095664
298,American Samoa,2,Female,2015,34.28890442887411
298,American Samoa,3,Both,2015,37.06494684177576
83,Iceland,1,Male,2020,30.897170208549312
83,Iceland,2,Female,2020,21.70308262873342
83,Iceland,3,Both,2020,26.35813845436356
206,Gambia,1,Male,2011,29.39584779960246
206,Gambia,2,Female,2011,25.325742499469666
206,Gambia,3,Both,2011,27.327749562175303
206,Gambia,1,Male,2013,28.28600849570292
206,Gambia,2,Female,2013,24.04206488080638
206,Gambia,3,Both,2013,26.12987878459288
114,Haiti,1,Male,2012,13.69069293008055
114,Haiti,2,Female,2012,11.09150141735118
114,Haiti,3,Both,2012,12.362611914810891
413,Tokelau,1,Male,2018,36.36884138505649
413,Tokelau,2,Female,2018,28.67116505875237
413,Tokelau,3,Both,2018,32.58701585499795
208,Guinea,1,Male,2016,21.34163523253128
208,Guinea,2,Female,2016,17.91931636277084
208,Guinea,3,Both,2016,19.57807900930694
91,Portugal,1,Male,2019,31.63414227051836
91,Portugal,2,Female,2019,21.2745731771991
91,Portugal,3,Both,2019,26.200821406652
217,Sierra Leone,1,Male,2016,28.70106610270974
217,Sierra Leone,2,Female,2016,25.401472173562528
217,Sierra Leone,3,Both,2016,27.031827520598323
60,Lithuania,1,Male,2012,38.33872603582446
60,Lithuania,2,Female,2012,20.76375289823119
60,Lithuania,3,Both,2012,28.867916808516853
118,Suriname,1,Male,2015,31.99355481103406
118,Suriname,2,Female,2015,23.66530838465168
118,Suriname,3,Both,2015,27.806753758413176
203,Cabo Verde,1,Male,2012,17.174763006814008
203,Cabo Verde,2,Female,2012,11.93787733649382
203,Cabo Verde,3,Both,2012,14.54584950428826
157,Yemen,1,Male,2015,44.769831666177616
157,Yemen,2,Female,2015,36.899562752744
157,Yemen,3,Both,2015,40.89008535518374
522,Sudan,1,Male,2016,29.645737514109587
522,Sudan,2,Female,2016,21.23975519939453
522,Sudan,3,Both,2016,25.50513703437002
140,Bahrain,1,Male,2014,31.436884231406047
140,Bahrain,2,Female,2014,21.28706248751487
140,Bahrain,3,Both,2014,27.65108959811159
46,Croatia,1,Male,2014,46.57630301240628
46,Croatia,2,Female,2014,36.1234155557026
46,Croatia,3,Both,2014,41.178109952173045
74,Andorra,1,Male,2015,36.24575492442613
74,Andorra,2,Female,2015,28.01588579481308
74,Andorra,3,Both,2015,32.20742246809572
204,Chad,1,Male,2018,17.71146885569846
204,Chad,2,Female,2018,15.45773683209516
204,Chad,3,Both,2018,16.577300535408888
144,Jordan,1,Male,2014,53.115560926073925
144,Jordan,2,Female,2014,43.755282589206566
144,Jordan,3,Both,2014,48.70200451904081
210,Liberia,1,Male,2011,15.580487945679488
210,Liberia,2,Female,2011,12.68961682409997
210,Liberia,3,Both,2011,14.147345725983527
122,Ecuador,1,Male,2019,16.26126975033064
122,Ecuador,2,Female,2019,10.33149518344854
122,Ecuador,3,Both,2019,13.278380391373052
210,Liberia,1,Male,2013,15.17610416163716
210,Liberia,2,Female,2013,12.26116650823591
210,Liberia,3,Both,2013,13.73534940136355
30,Vanuatu,1,Male,2015,28.32628386209367
30,Vanuatu,2,Female,2015,23.58156967557469
30,Vanuatu,3,Both,2015,25.98614096412316
148,Morocco,1,Male,2014,31.55882392071277
148,Morocco,2,Female,2014,22.27018914449426
148,Morocco,3,Both,2014,26.91712755387567
33,Armenia,1,Male,2017,56.05593761059843
33,Armenia,2,Female,2017,30.1323569056205
33,Armenia,3,Both,2017,42.6130843422713
214,Nigeria,1,Male,2013,9.68616493930351
214,Nigeria,2,Female,2013,7.787756184455779
214,Nigeria,3,Both,2013,8.719237309160869
87,Luxembourg,1,Male,2020,33.07825613221058
87,Luxembourg,2,Female,2020,24.87980601916605
87,Luxembourg,3,Both,2020,29.00532296217787
161,Bangladesh,1,Male,2015,41.08078967492078
161,Bangladesh,2,Female,2015,33.113945452797125
161,Bangladesh,3,Both,2015,37.07301972403822
48,Hungary,1,Male,2013,42.71780701677706
48,Hungary,2,Female,2013,31.674071662177163
48,Hungary,3,Both,2013,36.91960197032478
207,Ghana,1,Male,2012,11.35377225632636
207,Ghana,2,Female,2012,9.020167132559813
207,Ghana,3,Both,2012,10.161120380743691
218,Togo,1,Male,2013,18.37251423705564
218,Togo,2,Female,2013,14.22375905528654
218,Togo,3,Both,2013,16.25515615506074
147,Libya,1,Male,2011,47.65362112088723
147,Libya,2,Female,2011,36.76768915305435
147,Libya,3,Both,2011,42.41272683669286
25,Micronesia (Federated States of),1,Male,2019,46.36508276438976
25,Micronesia (Federated States of),2,Female,2019,46.95917458751309
25,Micronesia (Federated States of),3,Both,2019,46.6564521678245
298,American Samoa,1,Male,2012,40.350941702087525
298,American Samoa,2,Female,2012,35.1486936362771
298,American Samoa,3,Both,2012,37.78655171189624
214,Nigeria,1,Male,2011,10.1270636144051
214,Nigeria,2,Female,2011,8.20707078634016
214,Nigeria,3,Both,2011,9.15742676627294
118,Suriname,1,Male,2012,33.33952737289501
118,Suriname,2,Female,2012,25.51718323283614
118,Suriname,3,Both,2012,29.425367924238248
182,Malawi,1,Male,2016,21.17136390752253
182,Malawi,2,Female,2016,17.47934866150787
182,Malawi,3,Both,2016,19.27844400666635
177,Djibouti,1,Male,2013,40.88660570508125
177,Djibouti,2,Female,2013,37.95078960078458
177,Djibouti,3,Both,2013,39.53058828803791
43,Albania,1,Male,2018,51.65226495282194
43,Albania,2,Female,2018,28.60102666203912
43,Albania,3,Both,2018,40.198413014919495
91,Portugal,1,Male,2020,31.256467240137496
91,Portugal,2,Female,2020,20.86658693931468
91,Portugal,3,Both,2020,25.804440938543426
130,Mexico,1,Male,2020,20.228022013523887
130,Mexico,2,Female,2020,13.79862630146445
130,Mexico,3,Both,2020,16.93969710206172
208,Guinea,1,Male,2018,21.08440694697012
208,Guinea,2,Female,2018,17.39767668727924
208,Guinea,3,Both,2018,19.1860809342633
37,Kyrgyzstan,1,Male,2013,49.50600028478419
37,Kyrgyzstan,2,Female,2013,36.65751838345149
37,Kyrgyzstan,3,Both,2013,42.99912325385021
165,Pakistan,1,Male,2015,35.696009310061235
165,Pakistan,2,Female,2015,26.89432327529495
165,Pakistan,3,Both,2015,31.41374781524893
211,Mali,1,Male,2012,25.11757337515626
211,Mali,2,Female,2012,23.49239179981701
211,Mali,3,Both,2012,24.30039094238939
78,Denmark,1,Male,2015,33.392290657307946
78,Denmark,2,Female,2015,27.15655423198705
78,Denmark,3,Both,2015,30.25294258981028
152,Saudi Arabia,1,Male,2014,33.88902153380699
152,Saudi Arabia,2,Female,2014,23.31722260877612
152,Saudi Arabia,3,Both,2014,29.41479617017469
212,Mauritania,1,Male,2016,31.19156239715832
212,Mauritania,2,Female,2016,28.100631911962072
212,Mauritania,3,Both,2016,29.622081622913655
50,Montenegro,1,Male,2014,57.36791184622461
50,Montenegro,2,Female,2014,47.35070912564657
50,Montenegro,3,Both,2014,52.30267578926578
156,United Arab Emirates,1,Male,2014,29.120186596742258
156,United Arab Emirates,2,Female,2014,22.42943094278501
156,United Arab Emirates,3,Both,2014,27.34692962132845
82,Greece,1,Male,2015,49.3545527457102
82,Greece,2,Female,2015,36.62636042581375
82,Greece,3,Both,2015,42.84266441808922
351,Guam,1,Male,2015,32.81989003574094
351,Guam,2,Female,2015,23.76304142512268
351,Guam,3,Both,2015,28.394995329713208
122,Ecuador,1,Male,2015,16.71597632735314
122,Ecuador,2,Female,2015,10.89860177927363
122,Ecuador,3,Both,2015,13.78430286683052
86,Italy,1,Male,2015,31.66160702689923
86,Italy,2,Female,2015,24.312156498395503
86,Italy,3,Both,2015,27.878804678539108
160,Afghanistan,1,Male,2014,26.8960709119405
160,Afghanistan,2,Female,2014,22.34359205992022
160,Afghanistan,3,Both,2014,24.66440942036573
95,United Kingdom,1,Male,2017,29.37180420517112
95,United Kingdom,2,Female,2017,23.74812686410765
95,United Kingdom,3,Both,2017,26.51299339119436
107,Barbados,1,Male,2018,12.60718413596472
107,Barbados,2,Female,2018,7.05312681386571
107,Barbados,3,Both,2018,9.73115162488207
46,Croatia,1,Male,2011,48.00715867553352
46,Croatia,2,Female,2011,36.95435959598034
46,Croatia,3,Both,2011,42.29133428397225
218,Togo,1,Male,2011,18.89425471712992
218,Togo,2,Female,2011,14.86366278228532
218,Togo,3,Both,2011,16.83643675099719
193,Botswana,1,Male,2013,30.4349811058124
193,Botswana,2,Female,2013,22.50810647768744
193,Botswana,3,Both,2013,26.39415447402272
186,Seychelles,1,Male,2016,36.13434921130583
186,Seychelles,2,Female,2016,23.02188784804084
186,Seychelles,3,Both,2016,29.896489272186027
52,Romania,1,Male,2013,40.53634729613365
52,Romania,2,Female,2013,27.09085127032525
52,Romania,3,Both,2013,33.64332803538182
212,Mauritania,1,Male,2018,30.83104821811869
212,Mauritania,2,Female,2018,27.76238430053103
212,Mauritania,3,Both,2018,29.2725357715184
47,Czechia,1,Male,2018,39.068301122947766
47,Czechia,2,Female,2018,26.36251119940689
47,Czechia,3,Both,2018,32.61389765437577
369,Nauru,1,Male,2015,46.89797388851551
369,Nauru,2,Female,2015,45.67845220640864
369,Nauru,3,Both,2015,46.29454887511609
216,Senegal,1,Male,2018,23.8312107416058
216,Senegal,2,Female,2018,18.80561102069467
216,Senegal,3,Both,2018,21.32593843849285
385,Puerto Rico,1,Male,2015,17.039480527896682
385,Puerto Rico,2,Female,2015,11.63452478192835
385,Puerto Rico,3,Both,2015,14.22229429594867
416,Tuvalu,1,Male,2015,41.77217982339468
416,Tuvalu,2,Female,2015,40.08633890238756
416,Tuvalu,3,Both,2015,40.95593220826471
68,Republic of Korea,1,Male,2012,40.52529875570088
68,Republic of Korea,2,Female,2012,20.292168915333814
68,Republic of Korea,3,Both,2012,30.39908814833433
126,Costa Rica,1,Male,2019,20.642511039529428
126,Costa Rica,2,Female,2019,13.47409312023019
126,Costa Rica,3,Both,2019,16.94560971581632
216,Senegal,1,Male,2016,24.17729034798983
216,Senegal,2,Female,2016,19.34843497738347
216,Senegal,3,Both,2016,21.76676068742533
72,New Zealand,1,Male,2012,29.23305294385657
72,New Zealand,2,Female,2012,24.19573361936487
72,New Zealand,3,Both,2012,26.66387713042401
118,Suriname,1,Male,2017,31.26837972899833
118,Suriname,2,Female,2017,22.623978380885
118,Suriname,3,Both,2017,26.910861022356148
51,Poland,1,Male,2018,37.047608643540656
51,Poland,2,Female,2018,28.01645955194896
51,Poland,3,Both,2018,32.38835362229789
122,Ecuador,1,Male,2012,17.088880753621392
122,Ecuador,2,Female,2012,11.58036006354716
122,Ecuador,3,Both,2012,14.31266214982434
305,Bermuda,1,Male,2016,20.67752399906692
305,Bermuda,2,Female,2016,14.26378938976538
305,Bermuda,3,Both,2016,17.35760416801354
126,Costa Rica,1,Male,2015,21.19384232199369
126,Costa Rica,2,Female,2015,14.54563790110716
126,Costa Rica,3,Both,2015,17.7836719878654
43,Albania,1,Male,2015,51.452123472564345
43,Albania,2,Female,2015,29.23379940565149
43,Albania,3,Both,2015,40.40068579154408
351,Guam,1,Male,2012,33.53124238944374
351,Guam,2,Female,2012,24.61472550060388
351,Guam,3,Both,2012,29.18512009765824
90,Norway,1,Male,2015,29.22230867802179
90,Norway,2,Female,2015,21.2096236561678
90,Norway,3,Both,2015,25.23846108665056
435,South Sudan,1,Male,2015,21.10243462403617
435,South Sudan,2,Female,2015,17.49617917564874
435,South Sudan,3,Both,2015,19.34604740713225
144,Jordan,1,Male,2019,52.15668093053614
144,Jordan,2,Female,2019,41.17193332461776
144,Jordan,3,Both,2019,47.041150008833874
76,Belgium,1,Male,2012,36.56512313862467
76,Belgium,2,Female,2012,28.4756846258332
76,Belgium,3,Both,2012,32.44290036374321
111,Dominican Republic,1,Male,2018,18.723370687447467
111,Dominican Republic,2,Female,2018,15.14334779055371
111,Dominican Republic,3,Both,2018,16.94376521808779
298,American Samoa,1,Male,2018,39.08971382870542
298,American Samoa,2,Female,2018,33.43361435726457
298,American Samoa,3,Both,2018,36.318185016669005
139,Algeria,1,Male,2020,38.76560134930608
139,Algeria,2,Female,2020,26.113093649217227
139,Algeria,3,Both,2020,32.53868174244266
50,Montenegro,1,Male,2011,59.5885422723862
50,Montenegro,2,Female,2011,49.57461803148327
50,Montenegro,3,Both,2011,54.51952372264971
191,Zambia,1,Male,2016,24.31134386617205
191,Zambia,2,Female,2016,21.982161564579588
191,Zambia,3,Both,2016,23.134848328222628
215,Sao Tome and Principe,1,Male,2012,8.50902462389415
215,Sao Tome and Principe,2,Female,2012,5.688049496814751
215,Sao Tome and Principe,3,Both,2012,7.094731032109
99,Uruguay,1,Male,2017,36.69781417256142
99,Uruguay,2,Female,2017,27.94397837983917
99,Uruguay,3,Both,2017,32.14480908703194
169,Central African Republic,1,Male,2015,15.68953320767773
169,Central African Republic,2,Female,2015,12.22612553757757
169,Central African Republic,3,Both,2015,13.93626877836444
351,Guam,1,Male,2018,32.12574332472107
351,Guam,2,Female,2018,22.90924220252716
351,Guam,3,Both,2018,27.60190978275096
151,Qatar,1,Male,2011,31.87388398749274
151,Qatar,2,Female,2011,23.329326371985506
151,Qatar,3,Both,2011,29.822958325871728
182,Malawi,1,Male,2013,21.81363190006888
182,Malawi,2,Female,2013,18.24862482519549
182,Malawi,3,Both,2013,19.986944739732454
349,Greenland,1,Male,2017,40.661948842091824
349,Greenland,2,Female,2017,44.14118585122978
349,Greenland,3,Both,2017,42.30466689720195
46,Croatia,1,Male,2012,47.58544934096902
46,Croatia,2,Female,2012,36.72426401655836
46,Croatia,3,Both,2012,41.97119028144493
369,Nauru,1,Male,2012,47.38892849503104
369,Nauru,2,Female,2012,46.23168429419397
369,Nauru,3,Both,2012,46.81719622168119
369,Nauru,1,Male,2018,46.2924169986462
369,Nauru,2,Female,2018,44.6976020909383
369,Nauru,3,Both,2018,45.50242199710195
80,France,1,Male,2012,36.71923108058411
80,France,2,Female,2012,29.73846102000321
80,France,3,Both,2012,33.12614620630054
164,Nepal,1,Male,2014,35.31701111828548
164,Nepal,2,Female,2014,29.56880622029736
164,Nepal,3,Both,2014,32.34069960249813
53,Serbia,1,Male,2013,50.14991080011243
53,Serbia,2,Female,2013,40.48944011978136
53,Serbia,3,Both,2013,45.25164895971738
37,Kyrgyzstan,1,Male,2014,49.75593936762002
37,Kyrgyzstan,2,Female,2014,36.92483713889389
37,Kyrgyzstan,3,Both,2014,43.25781609068363
130,Mexico,1,Male,2019,20.3691881256565
130,Mexico,2,Female,2019,14.025654906494388
130,Mexico,3,Both,2019,17.12701590150506
143,Iraq,1,Male,2020,44.15053923489008
143,Iraq,2,Female,2020,34.98927941915268
143,Iraq,3,Both,2020,39.73872789954424
47,Czechia,1,Male,2015,39.639817841027146
47,Czechia,2,Female,2015,27.24932655911248
47,Czechia,3,Both,2015,33.338526434653446
126,Costa Rica,1,Male,2012,22.07257770551637
126,Costa Rica,2,Female,2012,15.86830529908532
126,Costa Rica,3,Both,2012,18.904847503652668
122,Ecuador,1,Male,2017,16.47212317899947
122,Ecuador,2,Female,2017,10.557014467876993
122,Ecuador,3,Both,2017,13.4914272764105
51,Poland,1,Male,2015,38.40266955235369
51,Poland,2,Female,2015,30.01771393504592
51,Poland,3,Both,2015,34.07506341832838
385,Puerto Rico,1,Male,2012,17.19286597338582
385,Puerto Rico,2,Female,2012,12.006603979703751
385,Puerto Rico,3,Both,2012,14.49231181855977
320,Cook Islands,1,Male,2013,33.971477333255
320,Cook Islands,2,Female,2013,26.39070063885589
320,Cook Islands,3,Both,2013,30.13600917092666
84,Ireland,1,Male,2012,32.42089785410865
84,Ireland,2,Female,2012,29.24843851234679
84,Ireland,3,Both,2012,30.82102233829362
45,Bulgaria,1,Male,2016,48.51843767929129
45,Bulgaria,2,Female,2016,32.62547289909723
45,Bulgaria,3,Both,2016,40.35033848406019
94,Switzerland,1,Male,2015,32.33231714086343
94,Switzerland,2,Female,2015,25.18088059586313
94,Switzerland,3,Both,2015,28.72889523319404
88,Malta,1,Male,2012,36.70368191546108
88,Malta,2,Female,2012,26.592540148422987
88,Malta,3,Both,2012,31.628804351718895
55,Slovenia,1,Male,2011,44.81916118387374
55,Slovenia,2,Female,2011,34.111769631115315
55,Slovenia,3,Both,2011,39.39849932895682
197,Eswatini,1,Male,2013,16.78057815751927
197,Eswatini,2,Female,2013,13.4780931171468
197,Eswatini,3,Both,2013,15.06812831104748
108,Belize,1,Male,2019,20.35457628429087
108,Belize,2,Female,2019,16.52277972948984
108,Belize,3,Both,2019,18.42818225572821
385,Puerto Rico,1,Male,2018,16.8707771804286
385,Puerto Rico,2,Female,2018,11.13196173158985
385,Puerto Rico,3,Both,2018,13.86228058709639
130,Mexico,1,Male,2015,21.0178942237986
130,Mexico,2,Female,2015,15.01260806371155
130,Mexico,3,Both,2015,17.950517874721463
55,Slovenia,1,Male,2018,40.33586485639627
55,Slovenia,2,Female,2018,30.4666267749046
55,Slovenia,3,Both,2018,35.36260584508314
416,Tuvalu,1,Male,2018,41.4058230886094
416,Tuvalu,2,Female,2018,39.96236440884014
416,Tuvalu,3,Both,2018,40.71098754595806
186,Seychelles,1,Male,2013,36.41049641284142
186,Seychelles,2,Female,2013,23.16766387010448
186,Seychelles,3,Both,2013,30.070472152427303
155,Turkey,1,Male,2011,49.89696174498438
155,Turkey,2,Female,2011,35.55119438390985
155,Turkey,3,Both,2011,42.75461874205072
46,Croatia,1,Male,2017,45.34030805009713
46,Croatia,2,Female,2017,35.21778917013834
46,Croatia,3,Both,2017,40.12086654455948
416,Tuvalu,1,Male,2012,41.72516994190134
416,Tuvalu,2,Female,2012,39.33159475159552
416,Tuvalu,3,Both,2012,40.557913822782574
126,Costa Rica,1,Male,2017,20.86481032138096
126,Costa Rica,2,Female,2017,13.9338425811583
126,Costa Rica,3,Both,2017,17.29949409475115
367,Monaco,1,Male,2017,33.5987332340145
367,Monaco,2,Female,2017,24.48785519922984
367,Monaco,3,Both,2017,28.92377693717553
435,South Sudan,1,Male,2018,20.68033987549025
435,South Sudan,2,Female,2018,16.48850821127235
435,South Sudan,3,Both,2018,18.59239030103707
34,Azerbaijan,1,Male,2015,49.67796454778935
34,Azerbaijan,2,Female,2015,33.33710277164238
34,Azerbaijan,3,Both,2015,41.48875344489691
41,Uzbekistan,1,Male,2011,34.292954617413294
41,Uzbekistan,2,Female,2011,23.629815909038975
41,Uzbekistan,3,Both,2011,28.927681240221148
173,Gabon,1,Male,2015,22.15940251966419
173,Gabon,2,Female,2015,19.27195628562405
173,Gabon,3,Both,2015,20.67075106770831
435,South Sudan,1,Male,2012,21.21860431112886
435,South Sudan,2,Female,2012,17.854008976502868
435,South Sudan,3,Both,2012,19.592053175912568
374,Niue,1,Male,2016,30.72643968494399
374,Niue,2,Female,2016,20.37684280361687
374,Niue,3,Both,2016,25.57883877528257
147,Libya,1,Male,2020,45.74987843755205
147,Libya,2,Female,2020,31.63815160740019
147,Libya,3,Both,2020,38.90580920979866
60,Lithuania,1,Male,2015,37.18805237871294
60,Lithuania,2,Female,2015,19.91045542734567
60,Lithuania,3,Both,2015,27.86775708682219
60,Lithuania,1,Male,2018,36.47799585118348
60,Lithuania,2,Female,2018,19.39492461729572
60,Lithuania,3,Both,2018,27.2647175234796
55,Slovenia,1,Male,2014,42.88548324090112
55,Slovenia,2,Female,2014,32.62574474107656
55,Slovenia,3,Both,2014,37.70433192638054
115,Jamaica,1,Male,2018,22.3527770680349
115,Jamaica,2,Female,2018,15.19970447379568
115,Jamaica,3,Both,2018,18.74711485891683
195,Namibia,1,Male,2016,27.24681642070686
195,Namibia,2,Female,2016,23.56088673191605
195,Namibia,3,Both,2016,25.34998945230844
148,Morocco,1,Male,2019,30.951885161635516
148,Morocco,2,Female,2019,21.21165467897068
148,Morocco,3,Both,2019,26.111699365249407
177,Djibouti,1,Male,2015,40.01393530719264
177,Djibouti,2,Female,2015,37.01952452250573
177,Djibouti,3,Both,2015,38.63213943981465
50,Montenegro,1,Male,2017,55.496169525065255
50,Montenegro,2,Female,2017,45.19021431970048
50,Montenegro,3,Both,2017,50.28670880400554
108,Belize,1,Male,2020,20.2865284609663
108,Belize,2,Female,2020,16.35649096502362
108,Belize,3,Both,2020,18.30967010572443
92,Spain,1,Male,2012,43.55083193681581
92,Spain,2,Female,2012,32.90561628801167
92,Spain,3,Both,2012,38.152159126889615
57,Belarus,1,Male,2013,46.93117673582228
57,Belarus,2,Female,2013,25.10550899451307
57,Belarus,3,Both,2013,35.2559675397435
59,Latvia,1,Male,2011,44.59519038787076
59,Latvia,2,Female,2011,26.10015599742628
59,Latvia,3,Both,2011,34.5629425253988
191,Zambia,1,Male,2013,25.082952300154272
191,Zambia,2,Female,2013,22.99861238692743
191,Zambia,3,Both,2013,24.02917373730443
380,Palau,1,Male,2017,26.942508685765347
380,Palau,2,Female,2017,18.2681689879648
380,Palau,3,Both,2017,22.99216392350521
201,Burkina Faso,1,Male,2013,20.6658209939013
201,Burkina Faso,2,Female,2013,18.59719085761851
201,Burkina Faso,3,Both,2013,19.59958652191322
59,Latvia,1,Male,2014,43.2997445773522
59,Latvia,2,Female,2014,24.98213336275708
59,Latvia,3,Both,2014,33.37334622483526
59,Latvia,1,Male,2018,41.9717748933509
59,Latvia,2,Female,2018,23.35580377177201
59,Latvia,3,Both,2018,31.90821588671512
195,Namibia,1,Male,2013,27.92808627130076
195,Namibia,2,Female,2013,24.38067698448794
195,Namibia,3,Both,2013,26.10350282875973
168,Angola,1,Male,2014,17.91126908397309
168,Angola,2,Female,2014,13.138038788985048
168,Angola,3,Both,2014,15.45550125196809
139,Algeria,1,Male,2019,38.78161366757091
139,Algeria,2,Female,2019,26.40432535709686
139,Algeria,3,Both,2019,32.69005493272011
182,Malawi,1,Male,2015,21.33585930284199
182,Malawi,2,Female,2015,17.71667435976055
182,Malawi,3,Both,2015,19.48053984183743
63,Ukraine,1,Male,2014,43.365741858823895
63,Ukraine,2,Female,2014,21.35258888171828
63,Ukraine,3,Both,2014,31.54545076244076
55,Slovenia,1,Male,2017,40.9824052424943
55,Slovenia,2,Female,2017,31.03490316540546
55,Slovenia,3,Both,2017,35.96661421490989
112,Grenada,1,Male,2019,18.90432640635033
112,Grenada,2,Female,2019,12.58777201493376
112,Grenada,3,Both,2019,15.8163406595802
320,Cook Islands,1,Male,2011,34.677949144674045
320,Cook Islands,2,Female,2011,27.38445533172022
320,Cook Islands,3,Both,2011,31.01472449590677
67,Japan,1,Male,2014,33.615109609084406
67,Japan,2,Female,2014,17.68369971309195
67,Japan,3,Both,2014,25.448022940565117
116,Saint Lucia,1,Male,2019,17.271235680013618
116,Saint Lucia,2,Female,2019,10.44221458447117
116,Saint Lucia,3,Both,2019,13.85681554174052
413,Tokelau,1,Male,2017,36.4195751528618
413,Tokelau,2,Female,2017,28.63487042548733
413,Tokelau,3,Both,2017,32.59500133728529
71,Australia,1,Male,2014,28.481493629075423
71,Australia,2,Female,2014,22.56623632146805
71,Australia,3,Both,2014,25.49165066466852
130,Mexico,1,Male,2012,21.74047122621633
130,Mexico,2,Female,2012,15.98862604215015
130,Mexico,3,Both,2012,18.80163127746616
119,Trinidad and Tobago,1,Male,2018,25.14327123067635
119,Trinidad and Tobago,2,Female,2018,17.8432640637289
119,Trinidad and Tobago,3,Both,2018,21.50655520128016
63,Ukraine,1,Male,2018,41.59277905683665
63,Ukraine,2,Female,2018,18.68988194079458
63,Ukraine,3,Both,2018,29.299772905202037
75,Austria,1,Male,2014,40.37148355530624
75,Austria,2,Female,2014,31.53275893245373
75,Austria,3,Both,2014,35.8559170304725
376,Northern Mariana Islands,1,Male,2013,35.46010392397818
376,Northern Mariana Islands,2,Female,2013,28.0149644959575
376,Northern Mariana Islands,3,Both,2013,31.83273050435084
67,Japan,1,Male,2018,31.881005714706568
67,Japan,2,Female,2018,16.08757491080712
67,Japan,3,Both,2018,23.78337835091757
95,United Kingdom,1,Male,2015,30.50736745116222
95,United Kingdom,2,Female,2015,25.18482633301061
95,United Kingdom,3,Both,2015,27.802153269980227
59,Latvia,1,Male,2017,42.26130685438361
59,Latvia,2,Female,2017,23.74146691389031
59,Latvia,3,Both,2017,32.243593517059296
172,Equatorial Guinea,1,Male,2014,33.52926188425589
172,Equatorial Guinea,2,Female,2014,30.66383094887063
172,Equatorial Guinea,3,Both,2014,32.18746129680311
152,Saudi Arabia,1,Male,2019,32.57076775283073
152,Saudi Arabia,2,Female,2019,21.01769850140737
152,Saudi Arabia,3,Both,2019,27.751391598946935
37,Kyrgyzstan,1,Male,2017,50.4779628945823
37,Kyrgyzstan,2,Female,2017,37.6140751847412
37,Kyrgyzstan,3,Both,2017,43.96479405922275
203,Cabo Verde,1,Male,2013,16.96954742307732
203,Cabo Verde,2,Female,2013,11.82624954316518
203,Cabo Verde,3,Both,2013,14.392700850737642
393,Saint Kitts and Nevis,1,Male,2016,16.420226541649193
393,Saint Kitts and Nevis,2,Female,2016,9.5303057037494
393,Saint Kitts and Nevis,3,Both,2016,12.98067282918079
112,Grenada,1,Male,2020,18.714110413882988
112,Grenada,2,Female,2020,12.39078696595205
112,Grenada,3,Both,2020,15.62673948239629
68,Republic of Korea,1,Male,2015,38.6377444703244
68,Republic of Korea,2,Female,2015,18.38823026811915
68,Republic of Korea,3,Both,2015,28.551277304252583
207,Ghana,1,Male,2013,11.33131583443778
207,Ghana,2,Female,2013,8.984002026376881
207,Ghana,3,Both,2013,10.13067691839157
107,Barbados,1,Male,2017,12.667596643341067
107,Barbados,2,Female,2017,7.149353482677991
107,Barbados,3,Both,2017,9.80963274895371
72,New Zealand,1,Male,2015,28.26010626163844
72,New Zealand,2,Female,2015,23.027332050812312
72,New Zealand,3,Both,2015,25.6010770547517
203,Cabo Verde,1,Male,2016,16.39914081225021
203,Cabo Verde,2,Female,2016,11.49398836790648
203,Cabo Verde,3,Both,2016,13.95545965578909
163,India,1,Male,2011,30.35850567245882
163,India,2,Female,2011,24.1699537408958
163,India,3,Both,2011,27.35408073075087
186,Seychelles,1,Male,2015,36.19058006310818
186,Seychelles,2,Female,2015,23.07016027574215
186,Seychelles,3,Both,2015,29.93752188369964
76,Belgium,1,Male,2015,35.003613125387226
76,Belgium,2,Female,2015,26.97298096905152
76,Belgium,3,Both,2015,30.91646165062254
49,North Macedonia,1,Male,2016,55.815866261964445
49,North Macedonia,2,Female,2016,42.52947522078571
49,North Macedonia,3,Both,2016,49.2601741375779
207,Ghana,1,Male,2016,11.283299297667847
207,Ghana,2,Female,2016,8.9184831972142
207,Ghana,3,Both,2016,10.0715299802365
79,Finland,1,Male,2014,28.55427719384302
79,Finland,2,Female,2014,19.80214619495225
79,Finland,3,Both,2014,24.10738769630206
80,France,1,Male,2015,35.971434947500406
80,France,2,Female,2015,29.24216414009419
80,France,3,Both,2015,32.506569050422776
191,Zambia,1,Male,2015,24.51145596302375
191,Zambia,2,Female,2015,22.266479339252022
191,Zambia,3,Both,2015,23.377170929391617
71,Australia,1,Male,2018,26.942302340103417
71,Australia,2,Female,2018,20.94929743287693
71,Australia,3,Both,2018,23.91154583619164
298,American Samoa,1,Male,2016,39.53072799558617
298,American Samoa,2,Female,2016,33.989980727350286
298,American Samoa,3,Both,2016,36.80926542767181
195,Namibia,1,Male,2015,27.425554272813
195,Namibia,2,Female,2015,23.78087323267595
195,Namibia,3,Both,2015,25.55019221115352
349,Greenland,1,Male,2012,43.343752053526416
349,Greenland,2,Female,2012,48.00078944583192
349,Greenland,3,Both,2012,45.5363595079418
143,Iraq,1,Male,2019,44.30302245335774
143,Iraq,2,Female,2019,35.38182137477984
143,Iraq,3,Both,2019,40.00865506218312
130,Mexico,1,Male,2017,20.6681824826276
130,Mexico,2,Female,2017,14.47576147737374
130,Mexico,3,Both,2017,17.504802749972733
61,Republic of Moldova,1,Male,2013,47.94662150491927
61,Republic of Moldova,2,Female,2013,21.74731865736054
61,Republic of Moldova,3,Both,2013,34.265775145157015
41,Uzbekistan,1,Male,2013,33.80309981425598
41,Uzbekistan,2,Female,2013,22.78546674332396
41,Uzbekistan,3,Both,2013,28.263639137665308
83,Iceland,1,Male,2014,32.30849276790956
83,Iceland,2,Female,2014,23.00154621571989
83,Iceland,3,Both,2014,27.66878076950959
128,Guatemala,1,Male,2019,18.72890794718775
128,Guatemala,2,Female,2019,15.50276817885216
128,Guatemala,3,Both,2019,17.067630307957458
211,Mali,1,Male,2016,25.092698797971615
211,Mali,2,Female,2016,22.99414131114805
211,Mali,3,Both,2016,24.03725877083876
63,Ukraine,1,Male,2011,45.58591424236742
63,Ukraine,2,Female,2011,23.70040530452656
63,Ukraine,3,Both,2011,33.82418584113988
87,Luxembourg,1,Male,2014,34.06493625979106
87,Luxembourg,2,Female,2014,26.291726100661062
87,Luxembourg,3,Both,2014,30.17919566390973
205,Côte d'Ivoire,1,Male,2013,23.38120595627461
205,Côte d'Ivoire,2,Female,2013,20.38989684322316
205,Côte d'Ivoire,3,Both,2013,21.932942103486567
75,Austria,1,Male,2018,39.74075359525951
75,Austria,2,Female,2018,30.98478416943715
75,Austria,3,Both,2018,35.29411773761884
132,Panama,1,Male,2019,14.31343818971367
132,Panama,2,Female,2019,9.90963762471629
132,Panama,3,Both,2019,12.12876988174939
211,Mali,1,Male,2013,25.12632313128166
211,Mali,2,Female,2013,23.4289596990097
211,Mali,3,Both,2013,24.27253875198225
151,Qatar,1,Male,2020,29.86683215402732
151,Qatar,2,Female,2020,20.2118515563062
151,Qatar,3,Both,2020,27.10449119762671
367,Monaco,1,Male,2012,34.83901012952151
367,Monaco,2,Female,2012,25.66355118718023
367,Monaco,3,Both,2012,30.14029270087975
67,Japan,1,Male,2011,35.98467090083743
67,Japan,2,Female,2011,19.69887709738151
67,Japan,3,Both,2011,27.638658722851112
99,Uruguay,1,Male,2015,37.07319419952919
99,Uruguay,2,Female,2015,28.41489230636115
99,Uruguay,3,Both,2015,32.57289789397001
380,Palau,1,Male,2012,27.65856777788044
380,Palau,2,Female,2012,19.21269764860427
380,Palau,3,Both,2012,23.71147978863896
38,Mongolia,1,Male,2015,41.852594345367535
38,Mongolia,2,Female,2015,34.62047883761057
38,Mongolia,3,Both,2015,38.19994606258662
84,Ireland,1,Male,2015,30.396266252297536
84,Ireland,2,Female,2015,26.70910475356203
84,Ireland,3,Both,2015,28.534199664003
116,Saint Lucia,1,Male,2020,17.123785430761252
116,Saint Lucia,2,Female,2020,10.27044504197436
116,Saint Lucia,3,Both,2020,13.69807760837377
68,Republic of Korea,1,Male,2018,37.00995622773897
68,Republic of Korea,2,Female,2018,17.01174870054015
68,Republic of Korea,3,Both,2018,27.059570617060004
136,Paraguay,1,Male,2019,27.765941284636007
136,Paraguay,2,Female,2019,20.74123235183387
136,Paraguay,3,Both,2019,24.29166262043055
71,Australia,1,Male,2011,30.0632822975615
71,Australia,2,Female,2011,24.31188387494735
71,Australia,3,Both,2011,27.15781113096899
176,Comoros,1,Male,2014,25.31902552305392
176,Comoros,2,Female,2014,20.68244167088482
176,Comoros,3,Both,2014,22.992253376135015
413,Tokelau,1,Male,2012,36.31279732902455
413,Tokelau,2,Female,2012,28.53776931520259
413,Tokelau,3,Both,2012,32.45107913497562
50,Montenegro,1,Male,2012,58.8654248332596
50,Montenegro,2,Female,2012,48.87691265660867
50,Montenegro,3,Both,2012,53.81119489091623
396,San Marino,1,Male,2013,31.82608419707071
396,San Marino,2,Female,2013,23.2133053677417
396,San Marino,3,Both,2013,27.38007331191191
422,United States Virgin Islands,1,Male,2016,16.80320382180882
422,United States Virgin Islands,2,Female,2016,10.5902817088124
422,United States Virgin Islands,3,Both,2016,13.59158308420193
123,Peru,1,Male,2018,14.205272845873552
123,Peru,2,Female,2018,8.45390282710275
123,Peru,3,Both,2018,11.34217032474931
139,Algeria,1,Male,2012,39.04137092149833
139,Algeria,2,Female,2012,28.398848840038
139,Algeria,3,Both,2012,33.79329435078885
63,Ukraine,1,Male,2017,41.92315379806702
63,Ukraine,2,Female,2017,19.25360783969636
63,Ukraine,3,Both,2017,29.75483218712921
45,Bulgaria,1,Male,2011,51.51701730229664
45,Bulgaria,2,Female,2011,34.74905673525525
45,Bulgaria,3,Both,2011,42.900852697547634
147,Libya,1,Male,2019,46.0112430635323
147,Libya,2,Female,2019,32.23237262335549
147,Libya,3,Both,2019,39.33534436306254
67,Japan,1,Male,2017,32.22779729967663
67,Japan,2,Female,2017,16.40760743716443
67,Japan,3,Both,2017,24.11668883935312
88,Malta,1,Male,2015,35.50009315099721
88,Malta,2,Female,2015,25.62305938586713
88,Malta,3,Both,2015,30.55155645740032
41,Uzbekistan,1,Male,2014,33.52755660346573
41,Uzbekistan,2,Female,2014,22.39078474169671
41,Uzbekistan,3,Both,2014,27.9304596636784
215,Sao Tome and Principe,1,Male,2013,8.49990144005118
215,Sao Tome and Principe,2,Female,2013,5.64201556419508
215,Sao Tome and Principe,3,Both,2013,7.0682893023387
111,Dominican Republic,1,Male,2017,18.83171215293797
111,Dominican Republic,2,Female,2017,15.28399476790988
111,Dominican Republic,3,Both,2017,17.06820918763385
71,Australia,1,Male,2017,27.263778330543868
71,Australia,2,Female,2017,21.27667824064249
71,Australia,3,Both,2017,24.2361982494406
72,New Zealand,1,Male,2018,27.83737198019245
72,New Zealand,2,Female,2018,22.51856962328607
72,New Zealand,3,Both,2018,25.1561031129355
139,Algeria,1,Male,2017,38.77604556449611
139,Algeria,2,Female,2017,26.86980747742835
139,Algeria,3,Both,2017,32.91334000725034
75,Austria,1,Male,2011,41.25357968976025
75,Austria,2,Female,2011,32.08639165943098
75,Austria,3,Both,2011,36.55314107387044
54,Slovakia,1,Male,2016,37.44885818382704
54,Slovakia,2,Female,2016,25.69324146395508
54,Slovakia,3,Both,2016,31.422398091659
75,Austria,1,Male,2017,39.86392919103167
75,Austria,2,Female,2017,31.138974454086423
75,Austria,3,Both,2017,35.42868783398812
215,Sao Tome and Principe,1,Male,2016,8.60861771423378
215,Sao Tome and Principe,2,Female,2016,5.61450768685297
215,Sao Tome and Principe,3,Both,2016,7.11243081394896
128,Guatemala,1,Male,2020,18.6045198501347
128,Guatemala,2,Female,2020,15.22371225043877
128,Guatemala,3,Both,2020,16.86283034691356
45,Bulgaria,1,Male,2013,50.15875667693327
45,Bulgaria,2,Female,2013,33.79615677693611
45,Bulgaria,3,Both,2013,41.75767235432095
79,Finland,1,Male,2011,29.882291647592552
79,Finland,2,Female,2011,21.11851548880275
79,Finland,3,Both,2011,25.420427206528963
156,United Arab Emirates,1,Male,2019,24.104292800764828
156,United Arab Emirates,2,Female,2019,18.90685887991383
156,United Arab Emirates,3,Both,2019,22.67336314445361
69,Singapore,1,Male,2013,25.1550191260141
69,Singapore,2,Female,2013,15.4369037429497
69,Singapore,3,Both,2013,20.52108018684625
49,North Macedonia,1,Male,2013,56.64392797327362
49,North Macedonia,2,Female,2013,43.560852487460174
49,North Macedonia,3,Both,2013,50.18001568398125
181,Madagascar,1,Male,2014,22.927509148110587
181,Madagascar,2,Female,2014,21.57015147822521
181,Madagascar,3,Both,2014,22.24097757501774
155,Turkey,1,Male,2020,46.47408427955063
155,Turkey,2,Female,2020,32.04320761327723
155,Turkey,3,Both,2020,39.28616621764727
160,Afghanistan,1,Male,2019,27.34949784993132
160,Afghanistan,2,Female,2019,22.72221705127159
160,Afghanistan,3,Both,2019,25.084684125632428
376,Northern Mariana Islands,1,Male,2011,35.80287731689582
376,Northern Mariana Islands,2,Female,2011,28.73531129194198
376,Northern Mariana Islands,3,Both,2011,32.38396695647376
171,Democratic Republic of the Congo,1,Male,2011,19.53910315652351
171,Democratic Republic of the Congo,2,Female,2011,17.1383242201615
171,Democratic Republic of the Congo,3,Both,2011,18.34634037723012
209,Guinea-Bissau,1,Male,2013,12.922531867343327
209,Guinea-Bissau,2,Female,2013,10.32832443595067
209,Guinea-Bissau,3,Both,2013,11.5921544869514
115,Jamaica,1,Male,2017,22.45302357207616
115,Jamaica,2,Female,2017,15.361983363915629
115,Jamaica,3,Both,2017,18.87789539380392
91,Portugal,1,Male,2014,33.29714396854873
91,Portugal,2,Female,2014,22.40383559676237
91,Portugal,3,Both,2014,27.60313657980692
396,San Marino,1,Male,2011,32.61269851752894
396,San Marino,2,Female,2011,24.018821943253748
396,San Marino,3,Both,2011,28.17695163250658
58,Estonia,1,Male,2016,39.92853873692734
58,Estonia,2,Female,2016,22.30870259935281
58,Estonia,3,Both,2016,30.565901676006867
132,Panama,1,Male,2020,14.35473806609312
132,Panama,2,Female,2020,9.90279788363989
132,Panama,3,Both,2020,12.14729623924558
107,Barbados,1,Male,2015,12.841750556553698
107,Barbados,2,Female,2015,7.36735857600817
107,Barbados,3,Both,2015,10.00483878982088
83,Iceland,1,Male,2011,33.42244224285844
83,Iceland,2,Female,2011,24.2269034371419
83,Iceland,3,Both,2011,28.850660895355613
143,Iraq,1,Male,2017,44.52716272283069
143,Iraq,2,Female,2017,35.91217512891163
143,Iraq,3,Both,2017,40.38293237084488
76,Belgium,1,Male,2018,33.6280785700791
76,Belgium,2,Female,2018,25.52875451766385
76,Belgium,3,Both,2018,29.51221522907251
127,El Salvador,1,Male,2018,17.93248362741216
127,El Salvador,2,Female,2018,12.30660082248266
127,El Salvador,3,Both,2018,14.948404666390411
80,France,1,Male,2018,35.22570723024271
80,France,2,Female,2018,28.439713126440104
80,France,3,Both,2018,31.730584473702688
77,Cyprus,1,Male,2013,48.81443829030855
77,Cyprus,2,Female,2013,36.20510643603057
77,Cyprus,3,Both,2013,42.46326364274216
185,Rwanda,1,Male,2014,20.55506496295788
185,Rwanda,2,Female,2014,16.570995228960488
185,Rwanda,3,Both,2014,18.49916347606012
143,Iraq,1,Male,2012,45.03518818155817
143,Iraq,2,Female,2012,36.23653750646441
143,Iraq,3,Both,2012,40.79867374577822
141,Egypt,1,Male,2019,46.37655509654896
141,Egypt,2,Female,2019,32.6699223321846
141,Egypt,3,Both,2019,39.76150194083717
111,Dominican Republic,1,Male,2015,19.200727523198218
111,Dominican Republic,2,Female,2015,15.736977577548933
111,Dominican Republic,3,Both,2015,17.47905070776533
213,Niger,1,Male,2013,14.70919818429631
213,Niger,2,Female,2013,13.162842397221269
213,Niger,3,Both,2013,13.93139596252305
119,Trinidad and Tobago,1,Male,2017,25.34338710140473
119,Trinidad and Tobago,2,Female,2017,18.22311374567372
119,Trinidad and Tobago,3,Both,2017,21.797911023196388
164,Nepal,1,Male,2019,33.875508729879776
164,Nepal,2,Female,2019,26.914423409246403
164,Nepal,3,Both,2019,30.23704776607986
151,Qatar,1,Male,2019,30.202495500876168
151,Qatar,2,Female,2019,20.61512268272275
151,Qatar,3,Both,2019,27.54500520392172
62,Russian Federation,1,Male,2016,49.04294309732551
62,Russian Federation,2,Female,2016,25.842990152925697
62,Russian Federation,3,Both,2016,36.62250089275881
203,Cabo Verde,1,Male,2015,16.58164591124563
203,Cabo Verde,2,Female,2015,11.60913799753284
203,Cabo Verde,3,Both,2015,14.099739697728689
87,Luxembourg,1,Male,2011,35.45561074857611
87,Luxembourg,2,Female,2011,27.949156806877728
87,Luxembourg,3,Both,2011,31.682937241546465
66,Brunei Darussalam,1,Male,2016,32.65024565480712
66,Brunei Darussalam,2,Female,2016,20.70465047866357
66,Brunei Darussalam,3,Both,2016,26.9520057364371
175,Burundi,1,Male,2011,14.56500769494146
175,Burundi,2,Female,2011,12.21480981991058
175,Burundi,3,Both,2011,13.384526265604372
136,Paraguay,1,Male,2020,27.68105413818351
136,Paraguay,2,Female,2020,20.56650040173091
136,Paraguay,3,Both,2020,24.16150399231837
145,Kuwait,1,Male,2019,40.14561522996853
145,Kuwait,2,Female,2019,25.67605066163452
145,Kuwait,3,Both,2019,33.42243746072366
115,Jamaica,1,Male,2015,22.73788274284397
115,Jamaica,2,Female,2015,15.79549942437566
115,Jamaica,3,Both,2015,19.23605769521505
123,Peru,1,Male,2017,14.08978829516677
123,Peru,2,Female,2017,8.49919130139592
123,Peru,3,Both,2017,11.3045376002912
46,Croatia,1,Male,2015,46.12842669029033
46,Croatia,2,Female,2015,35.81464486534985
46,Croatia,3,Both,2015,40.80501752525021
147,Libya,1,Male,2017,46.48065106882586
147,Libya,2,Female,2017,33.39012731251862
147,Libya,3,Both,2017,40.14790013137664
79,Finland,1,Male,2017,27.57907009545643
79,Finland,2,Female,2017,18.72871978981136
79,Finland,3,Both,2017,23.09094394463154
155,Turkey,1,Male,2019,46.77973095008007
155,Turkey,2,Female,2019,32.42812263171816
155,Turkey,3,Both,2019,39.63559724409873
127,El Salvador,1,Male,2017,17.93879365467255
127,El Salvador,2,Female,2017,12.39570925863508
127,El Salvador,3,Both,2017,15.000402655710449
207,Ghana,1,Male,2015,11.28861639949712
207,Ghana,2,Female,2015,8.92825088536089
207,Ghana,3,Both,2015,10.0797448203604
91,Portugal,1,Male,2011,34.50754089993315
91,Portugal,2,Female,2011,22.88910287208999
91,Portugal,3,Both,2011,28.45190892386042
131,Nicaragua,1,Male,2018,25.833280407583192
131,Nicaragua,2,Female,2018,22.78226839495614
131,Nicaragua,3,Both,2018,24.28959972077557
147,Libya,1,Male,2012,47.50793773608426
147,Libya,2,Female,2012,36.28554494956812
147,Libya,3,Both,2012,42.10043608849998
81,Germany,1,Male,2013,35.1607290306004
81,Germany,2,Female,2013,25.41808957919716
81,Germany,3,Both,2013,30.19969133121192
74,Andorra,1,Male,2016,35.92520496620815
74,Andorra,2,Female,2016,27.63698915369812
74,Andorra,3,Both,2016,31.86530533654538
168,Angola,1,Male,2019,18.20378885793732
168,Angola,2,Female,2019,13.31407908140295
168,Angola,3,Both,2019,15.68642508487971
119,Trinidad and Tobago,1,Male,2015,25.79563507297488
119,Trinidad and Tobago,2,Female,2015,19.07059852336295
119,Trinidad and Tobago,3,Both,2015,22.448879661479825
149,Palestine,1,Male,2019,46.20564754820905
149,Palestine,2,Female,2019,38.32733143387757
149,Palestine,3,Both,2019,42.34014386428663
83,Iceland,1,Male,2017,31.46343476165009
83,Iceland,2,Female,2017,22.18233313512673
83,Iceland,3,Both,2017,26.86361564098053
211,Mali,1,Male,2015,25.13938293356619
211,Mali,2,Female,2015,23.16093883524227
211,Mali,3,Both,2015,24.14421630973019
190,Uganda,1,Male,2014,16.54367814321396
190,Uganda,2,Female,2014,14.914366979066628
190,Uganda,3,Both,2014,15.71568554627878
180,Kenya,1,Male,2011,19.74436555229385
180,Kenya,2,Female,2011,15.96536883153388
180,Kenya,3,Both,2011,17.846967659829822
151,Qatar,1,Male,2017,30.8396289451906
151,Qatar,2,Female,2017,21.35981886742821
151,Qatar,3,Both,2017,28.373374485745416
54,Slovakia,1,Male,2013,37.7459252476369
54,Slovakia,2,Female,2013,26.28788224679932
54,Slovakia,3,Both,2013,31.86516210882231
131,Nicaragua,1,Male,2017,25.93078666721339
131,Nicaragua,2,Female,2017,23.064475518530468
131,Nicaragua,3,Both,2017,24.48050140667267
163,India,1,Male,2020,26.611365057995823
163,India,2,Female,2020,18.57040892864671
163,India,3,Both,2020,22.6899470328047
172,Equatorial Guinea,1,Male,2019,32.851119890096534
172,Equatorial Guinea,2,Female,2019,30.76391720359439
172,Equatorial Guinea,3,Both,2019,31.8920464372216
141,Egypt,1,Male,2020,46.26815396504038
141,Egypt,2,Female,2020,32.338870803263816
141,Egypt,3,Both,2020,39.54848416885402
55,Slovenia,1,Male,2012,44.28726141135757
55,Slovenia,2,Female,2012,33.69352013288252
55,Slovenia,3,Both,2012,38.9291962865498
123,Peru,1,Male,2015,14.00446711051207
123,Peru,2,Female,2015,8.78663420831511
123,Peru,3,Both,2015,11.40488342665254
217,Sierra Leone,1,Male,2013,30.55782066581112
217,Sierra Leone,2,Female,2013,27.36254525673294
217,Sierra Leone,3,Both,2013,28.93550668746348
78,Denmark,1,Male,2016,33.06475106227132
78,Denmark,2,Female,2016,26.89193107706161
78,Denmark,3,Both,2016,29.959325135629516
153,Syrian Arab Republic,1,Male,2019,42.8997007328014
153,Syrian Arab Republic,2,Female,2019,28.34646767400638
153,Syrian Arab Republic,3,Both,2019,35.34619752975459
87,Luxembourg,1,Male,2017,33.36935944502027
87,Luxembourg,2,Female,2017,25.33342656349258
87,Luxembourg,3,Both,2017,29.367385730852757
108,Belize,1,Male,2014,20.73186676678207
108,Belize,2,Female,2014,17.25301198386798
108,Belize,3,Both,2014,18.98810050569384
215,Sao Tome and Principe,1,Male,2015,8.547936523498729
215,Sao Tome and Principe,2,Female,2015,5.60382682201834
215,Sao Tome and Principe,3,Both,2015,7.075551760219261
135,Brazil,1,Male,2018,25.15110120811511
135,Brazil,2,Female,2018,17.53795812928787
135,Brazil,3,Both,2018,21.25833265698682
194,Lesotho,1,Male,2014,36.76493520307134
194,Lesotho,2,Female,2014,30.2674453345204
194,Lesotho,3,Both,2014,33.38381773167062
91,Portugal,1,Male,2017,32.32065628084923
91,Portugal,2,Female,2017,21.87058133486159
91,Portugal,3,Both,2017,26.84650759574462
112,Grenada,1,Male,2014,19.8075875936145
112,Grenada,2,Female,2014,13.56609236866406
112,Grenada,3,Both,2014,16.729393214627812
58,Estonia,1,Male,2013,42.09047074163959
58,Estonia,2,Female,2013,24.465455074270174
58,Estonia,3,Both,2013,32.69278173991182
176,Comoros,1,Male,2019,24.657590474378928
176,Comoros,2,Female,2019,19.9190756363962
176,Comoros,3,Both,2019,22.28348101256657
157,Yemen,1,Male,2019,44.33791507864344
157,Yemen,2,Female,2019,35.96732578072132
157,Yemen,3,Both,2019,40.19946816906456
161,Bangladesh,1,Male,2019,40.73388298158689
161,Bangladesh,2,Female,2019,31.76614061801004
161,Bangladesh,3,Both,2019,36.192432846322845
198,Zimbabwe,1,Male,2014,27.78766382525685
198,Zimbabwe,2,Female,2014,22.12927526212786
198,Zimbabwe,3,Both,2014,24.85724860597516
62,Russian Federation,1,Male,2013,49.81445536155743
62,Russian Federation,2,Female,2013,27.5163358524323
62,Russian Federation,3,Both,2013,37.86282325334411
127,El Salvador,1,Male,2015,17.9239832876538
127,El Salvador,2,Female,2015,12.54540784944252
127,El Salvador,3,Both,2015,15.07745648355352
41,Uzbekistan,1,Male,2017,32.76696840403794
41,Uzbekistan,2,Female,2017,21.31426053402187
41,Uzbekistan,3,Both,2017,27.01868606851059
82,Greece,1,Male,2016,48.65994007865101
82,Greece,2,Female,2016,35.89973380559221
82,Greece,3,Both,2016,42.12322879555688
116,Saint Lucia,1,Male,2014,18.128802007236512
116,Saint Lucia,2,Female,2014,11.45220909453927
116,Saint Lucia,3,Both,2014,14.781804616567328
45,Bulgaria,1,Male,2014,49.52216716116279
45,Bulgaria,2,Female,2014,33.360306767816475
45,Bulgaria,3,Both,2014,41.2223774676795
59,Latvia,1,Male,2012,44.17150178588644
59,Latvia,2,Female,2012,25.77522066738316
59,Latvia,3,Both,2012,34.19396968458475
49,North Macedonia,1,Male,2011,57.05028031234383
49,North Macedonia,2,Female,2011,44.05369987701919
49,North Macedonia,3,Both,2011,50.62175037920081
165,Pakistan,1,Male,2019,34.5450422985285
165,Pakistan,2,Female,2019,25.02866137645004
165,Pakistan,3,Both,2019,29.90631448485317
151,Qatar,1,Male,2012,31.85910481623712
151,Qatar,2,Female,2012,23.09045836207313
151,Qatar,3,Both,2012,29.774673465790396
135,Brazil,1,Male,2017,25.40124312573035
135,Brazil,2,Female,2017,17.86032629614482
135,Brazil,3,Both,2017,21.54683527317648
29,Tonga,1,Male,2019,42.10581444297323
29,Tonga,2,Female,2019,36.68822743541953
29,Tonga,3,Both,2019,39.39293265572885
85,Israel,1,Male,2013,36.2186301968131
85,Israel,2,Female,2013,27.99102214999514
85,Israel,3,Both,2013,32.07563465694434
184,Mozambique,1,Male,2011,23.83977541826653
184,Mozambique,2,Female,2011,21.01666226157714
184,Mozambique,3,Both,2011,22.37747072384501
155,Turkey,1,Male,2017,47.33798288039657
155,Turkey,2,Female,2017,32.95645772126059
155,Turkey,3,Both,2017,40.17792514409995
163,India,1,Male,2019,26.7504332214516
163,India,2,Female,2019,18.90408921540225
163,India,3,Both,2019,22.9256680406787
181,Madagascar,1,Male,2019,22.18133181523199
181,Madagascar,2,Female,2019,20.31473637424064
181,Madagascar,3,Both,2019,21.23610207948989
63,Ukraine,1,Male,2012,44.79925440109631
63,Ukraine,2,Female,2012,22.92218835201263
63,Ukraine,3,Both,2012,33.046132359504
131,Nicaragua,1,Male,2015,26.132800104903698
131,Nicaragua,2,Female,2015,23.63498028892978
131,Nicaragua,3,Both,2015,24.86876437027604
66,Brunei Darussalam,1,Male,2013,33.32990698910225
66,Brunei Darussalam,2,Female,2013,21.57947443494905
66,Brunei Darussalam,3,Both,2013,27.68550992229241
140,Bahrain,1,Male,2018,32.10916346606767
140,Bahrain,2,Female,2018,21.686538666145942
140,Bahrain,3,Both,2018,28.239248011246985
86,Italy,1,Male,2016,31.343906185937836
86,Italy,2,Female,2016,23.87274763969482
86,Italy,3,Both,2016,27.50049615962843
67,Japan,1,Male,2012,35.10871488903572
67,Japan,2,Female,2012,18.9433835467472
67,Japan,3,Both,2012,26.82317068418082
54,Slovakia,1,Male,2011,38.10850332789448
54,Slovakia,2,Female,2011,26.85475332346215
54,Slovakia,3,Both,2011,32.32782972768471
58,Estonia,1,Male,2011,43.8169295164537
58,Estonia,2,Female,2011,26.29033252450962
58,Estonia,3,Both,2011,34.456593938519816
50,Montenegro,1,Male,2015,56.69176315626253
50,Montenegro,2,Female,2015,46.630190284666526
50,Montenegro,3,Both,2015,51.60530383386772
202,Cameroon,1,Male,2014,16.128854590998507
202,Cameroon,2,Female,2014,13.23943704223919
202,Cameroon,3,Both,2014,14.678882182387271
185,Rwanda,1,Male,2019,20.213167861823894
185,Rwanda,2,Female,2019,16.047600605093272
185,Rwanda,3,Both,2019,18.07171702523652
62,Russian Federation,1,Male,2011,50.54301742475072
62,Russian Federation,2,Female,2011,28.7321467065962
62,Russian Federation,3,Both,2011,38.84675300378886
190,Uganda,1,Male,2019,15.641215205061153
190,Uganda,2,Female,2019,13.59014439725989
190,Uganda,3,Both,2019,14.60084304124597
90,Norway,1,Male,2016,28.922902122621867
90,Norway,2,Female,2016,20.91864712846081
90,Norway,3,Both,2016,24.94693585121216
144,Jordan,1,Male,2018,52.41412158397608
144,Jordan,2,Female,2018,41.72512348236496
144,Jordan,3,Both,2018,47.426924265439865
305,Bermuda,1,Male,2013,20.93038721650462
305,Bermuda,2,Female,2013,14.660459208436247
305,Bermuda,3,Both,2013,17.67889866297491
135,Brazil,1,Male,2015,26.12990997997683
135,Brazil,2,Female,2015,18.8554100280177
135,Brazil,3,Both,2015,22.41503879313123
194,Lesotho,1,Male,2019,37.26912485913672
194,Lesotho,2,Female,2019,31.1972935366855
194,Lesotho,3,Both,2019,34.13688853259254
169,Central African Republic,1,Male,2019,15.98357169834576
169,Central African Republic,2,Female,2019,12.30163983999018
169,Central African Republic,3,Both,2019,14.1109304400124
155,Turkey,1,Male,2012,49.26505754748799
155,Turkey,2,Female,2012,34.72106843373073
155,Turkey,3,Both,2012,42.01625487093689
140,Bahrain,1,Male,2017,32.05954769211369
140,Bahrain,2,Female,2017,21.68872048414415
140,Bahrain,3,Both,2017,28.2022577841222
71,Australia,1,Male,2012,29.51935947680273
71,Australia,2,Female,2012,23.71199486773532
71,Australia,3,Both,2012,26.58526535902153
349,Greenland,1,Male,2015,41.53294839237587
349,Greenland,2,Female,2015,45.47143300587409
349,Greenland,3,Both,2015,43.39273323424581
206,Gambia,1,Male,2014,27.82142223567949
206,Gambia,2,Female,2014,23.56673553085341
206,Gambia,3,Both,2014,25.660077941275865
367,Monaco,1,Male,2015,33.98622323440744
367,Monaco,2,Female,2015,24.87776967190267
367,Monaco,3,Both,2015,29.3159367292288
189,United Republic of Tanzania,1,Male,2011,24.091048124735455
189,United Republic of Tanzania,2,Female,2011,20.37040264012608
189,United Republic of Tanzania,3,Both,2011,22.18599357527746
94,Switzerland,1,Male,2016,32.13575634659433
94,Switzerland,2,Female,2016,24.990956210203528
94,Switzerland,3,Both,2016,28.538978115965552
173,Gabon,1,Male,2019,22.1101896282694
173,Gabon,2,Female,2019,19.02124826309681
173,Gabon,3,Both,2019,20.51120424482919
380,Palau,1,Male,2015,27.20046701741104
380,Palau,2,Female,2015,18.60548806163991
380,Palau,3,Both,2015,23.24767986029633
522,Sudan,1,Male,2011,30.32052628855415
522,Sudan,2,Female,2011,22.279785286074095
522,Sudan,3,Both,2011,26.35921836110613
66,Brunei Darussalam,1,Male,2011,33.93129165232644
66,Brunei Darussalam,2,Female,2011,22.30688183863322
66,Brunei Darussalam,3,Both,2011,28.31701388893728
413,Tokelau,1,Male,2015,36.45950318089288
413,Tokelau,2,Female,2015,28.56215060125875
413,Tokelau,3,Both,2015,32.575602522345484
108,Belize,1,Male,2011,21.12318062280217
108,Belize,2,Female,2011,17.79861227659729
108,Belize,3,Both,2011,19.45967702387119
198,Zimbabwe,1,Male,2019,27.95136014328593
198,Zimbabwe,2,Female,2019,21.94225401462678
198,Zimbabwe,3,Both,2019,24.835603506330308
75,Austria,1,Male,2012,40.92355922197039
75,Austria,2,Female,2012,31.88265321200013
75,Austria,3,Both,2012,36.29146909126168
112,Grenada,1,Male,2011,20.50115560215246
112,Grenada,2,Female,2011,14.30971852475968
112,Grenada,3,Both,2011,17.42488924961975
171,Democratic Republic of the Congo,1,Male,2019,19.027703248403068
171,Democratic Republic of the Congo,2,Female,2019,16.90082781967787
171,Democratic Republic of the Congo,3,Both,2019,17.97416459591847
202,Cameroon,1,Male,2019,15.692208202633209
202,Cameroon,2,Female,2019,12.49308438952446
202,Cameroon,3,Both,2019,14.090053979639691
148,Morocco,1,Male,2018,31.04260651316963
148,Morocco,2,Female,2018,21.41005853391369
148,Morocco,3,Both,2018,26.25120637075511
74,Andorra,1,Male,2013,37.01667784631669
74,Andorra,2,Female,2013,28.79863138070598
74,Andorra,3,Both,2013,32.97633016129844
177,Djibouti,1,Male,2019,38.2868047998277
177,Djibouti,2,Female,2019,35.01924460309238
177,Djibouti,3,Both,2019,36.78105893996368
210,Liberia,1,Male,2014,15.02085067086267
210,Liberia,2,Female,2014,12.11046710957268
210,Liberia,3,Both,2014,13.582847169382282
128,Guatemala,1,Male,2014,19.44114568302604
128,Guatemala,2,Female,2014,16.85041906385112
128,Guatemala,3,Both,2014,18.10927319479447
140,Bahrain,1,Male,2015,31.64866062881495
140,Bahrain,2,Female,2015,21.45896203785889
140,Bahrain,3,Both,2015,27.852998870931973
163,India,1,Male,2017,27.17703220679986
163,India,2,Female,2017,19.69479862104016
163,India,3,Both,2017,23.5323052092727
95,United Kingdom,1,Male,2016,29.92029058570974
95,United Kingdom,2,Female,2016,24.42952996232842
95,United Kingdom,3,Both,2016,27.129451964860827
79,Finland,1,Male,2012,29.437349415378613
79,Finland,2,Female,2012,20.68863122075609
79,Finland,3,Both,2012,24.98601908041109
116,Saint Lucia,1,Male,2011,18.94533781589452
116,Saint Lucia,2,Female,2011,12.42603550326569
116,Saint Lucia,3,Both,2011,15.6685490980791
144,Jordan,1,Male,2017,52.643312367675634
144,Jordan,2,Female,2017,42.27419685709352
144,Jordan,3,Both,2017,47.795157198994445
193,Botswana,1,Male,2011,30.85397364488464
193,Botswana,2,Female,2011,23.512180617801288
193,Botswana,3,Both,2011,27.10152477278063
132,Panama,1,Male,2014,14.264426966437773
132,Panama,2,Female,2014,10.05425462008775
132,Panama,3,Both,2014,12.17142192344807
182,Malawi,1,Male,2019,20.96759731448359
182,Malawi,2,Female,2019,16.91978882794101
182,Malawi,3,Both,2019,18.89202892008236
99,Uruguay,1,Male,2016,36.85988759534529
99,Uruguay,2,Female,2016,28.15386949640087
99,Uruguay,3,Both,2016,32.33329711983311
74,Andorra,1,Male,2011,37.79211195825567
74,Andorra,2,Female,2011,29.673073797313236
74,Andorra,3,Both,2011,33.81666357296415
374,Niue,1,Male,2013,30.590014367561203
374,Niue,2,Female,2013,20.33369179121259
374,Niue,3,Both,2013,25.4823671726152
148,Morocco,1,Male,2017,31.134316480044937
148,Morocco,2,Female,2017,21.607501150552796
148,Morocco,3,Both,2017,26.39051601356569
214,Nigeria,1,Male,2014,9.51289853068798
214,Nigeria,2,Female,2014,7.61670004971557
214,Nigeria,3,Both,2014,8.5432701473451
33,Armenia,1,Male,2019,56.42272782976274
33,Armenia,2,Female,2019,29.01018205741786
33,Armenia,3,Both,2019,42.2227565992228
107,Barbados,1,Male,2016,12.74285693180009
107,Barbados,2,Female,2016,7.25320444699659
107,Barbados,3,Both,2016,9.898939809021
152,Saudi Arabia,1,Male,2018,32.82935581442945
152,Saudi Arabia,2,Female,2018,21.47255971279376
152,Saudi Arabia,3,Both,2018,28.08114761842702
78,Denmark,1,Male,2013,34.32521265573152
78,Denmark,2,Female,2013,27.93884104096927
78,Denmark,3,Both,2013,31.1060170588627
206,Gambia,1,Male,2019,26.4596205467826
206,Gambia,2,Female,2019,22.1206199234703
206,Gambia,3,Both,2019,24.25731777838741
163,India,1,Male,2012,29.68232724313893
163,India,2,Female,2012,23.36995601190832
163,India,3,Both,2012,26.61547991335656
156,United Arab Emirates,1,Male,2018,24.66382639987763
156,United Arab Emirates,2,Female,2018,19.19710880030274
156,United Arab Emirates,3,Both,2018,23.16923022167144
186,Seychelles,1,Male,2019,36.06670427938693
186,Seychelles,2,Female,2019,22.925550477331768
186,Seychelles,3,Both,2019,29.840037183137504
218,Togo,1,Male,2014,18.17632267819543
218,Togo,2,Female,2014,13.95648871939455
218,Togo,3,Both,2014,16.02301293056637
144,Jordan,1,Male,2015,52.98299424354605
144,Jordan,2,Female,2015,43.33972526913873
144,Jordan,3,Both,2015,48.45313793350357
111,Dominican Republic,1,Male,2016,18.985850932691008
111,Dominican Republic,2,Female,2016,15.47632320431061
111,Dominican Republic,3,Both,2016,17.24138406338242
83,Iceland,1,Male,2012,33.02013060940678
83,Iceland,2,Female,2012,23.763987560054534
83,Iceland,3,Both,2012,28.40860121323744
210,Liberia,1,Male,2019,14.65971613039578
210,Liberia,2,Female,2019,11.67091448276296
210,Liberia,3,Both,2019,13.1857402192907
82,Greece,1,Male,2013,50.84329174032273
82,Greece,2,Female,2013,38.21794345483145
82,Greece,3,Both,2013,44.408067387706126
78,Denmark,1,Male,2011,35.58584872624246
78,Denmark,2,Female,2011,29.06331454354524
78,Denmark,3,Both,2011,32.29525264547364
152,Saudi Arabia,1,Male,2017,33.09238568051601
152,Saudi Arabia,2,Female,2017,21.92452799799805
152,Saudi Arabia,3,Both,2017,28.41117626194566
160,Afghanistan,1,Male,2018,27.31307940899234
160,Afghanistan,2,Female,2018,22.75275114339496
160,Afghanistan,3,Both,2018,25.08020622372727
45,Bulgaria,1,Male,2017,48.11273979064752
45,Bulgaria,2,Female,2017,32.345661043397115
45,Bulgaria,3,Both,2017,40.00533833205852
171,Democratic Republic of the Congo,1,Male,2017,19.07433013939084
171,Democratic Republic of the Congo,2,Female,2017,16.91153839666342
171,Democratic Republic of the Congo,3,Both,2017,18.00253440863527
49,North Macedonia,1,Male,2014,56.37391543887888
49,North Macedonia,2,Female,2014,43.2534893974511
49,North Macedonia,3,Both,2014,49.89541450654771
115,Jamaica,1,Male,2016,22.57186402509189
115,Jamaica,2,Female,2016,15.53409828853832
115,Jamaica,3,Both,2016,19.02283383230499
191,Zambia,1,Male,2019,23.95280724518776
191,Zambia,2,Female,2019,21.43863428584679
191,Zambia,3,Both,2019,22.683785756217027
214,Nigeria,1,Male,2019,9.26664382563443
214,Nigeria,2,Female,2019,7.249789906179791
214,Nigeria,3,Both,2019,8.219927060502249
87,Luxembourg,1,Male,2012,34.940422423948654
87,Luxembourg,2,Female,2012,27.34750597853773
87,Luxembourg,3,Both,2012,31.13271515043098
175,Burundi,1,Male,2019,14.30401366923626
175,Burundi,2,Female,2019,11.40017555625142
175,Burundi,3,Both,2019,12.85192257792928
522,Sudan,1,Male,2013,29.87518032173876
522,Sudan,2,Female,2013,21.77844200344694
522,Sudan,3,Both,2013,25.88487157225589
393,Saint Kitts and Nevis,1,Male,2013,17.105632873701758
393,Saint Kitts and Nevis,2,Female,2013,10.09617795370545
393,Saint Kitts and Nevis,3,Both,2013,13.6074970423854
91,Portugal,1,Male,2012,34.07850147816275
91,Portugal,2,Female,2012,22.70077291076523
91,Portugal,3,Both,2012,28.14229406447364
218,Togo,1,Male,2019,17.82046150926912
218,Togo,2,Female,2019,13.10090758806669
218,Togo,3,Both,2019,15.41384330953705
54,Slovakia,1,Male,2014,37.60306452456234
54,Slovakia,2,Female,2014,26.04245902375593
54,Slovakia,3,Both,2014,31.67201257498658
108,Belize,1,Male,2017,20.466830571389
108,Belize,2,Female,2017,16.791820829117498
108,Belize,3,Both,2017,18.62119898204755
148,Morocco,1,Male,2015,31.37728757236138
148,Morocco,2,Female,2015,22.019623381549668
148,Morocco,3,Both,2015,26.706982799843708
86,Italy,1,Male,2013,32.51287309052109
86,Italy,2,Female,2013,25.29829373694905
86,Italy,3,Both,2013,28.797876135800536
164,Nepal,1,Male,2018,33.98925260837843
164,Nepal,2,Female,2018,27.20437500755556
164,Nepal,3,Both,2018,30.4484453403476
82,Greece,1,Male,2011,52.37879485578056
82,Greece,2,Female,2011,39.72925994002055
82,Greece,3,Both,2011,45.95884692793103
58,Estonia,1,Male,2014,41.27130413797679
58,Estonia,2,Female,2014,23.63296039798955
58,Estonia,3,Both,2014,31.87588569433359
152,Saudi Arabia,1,Male,2015,33.61471789633767
152,Saudi Arabia,2,Female,2015,22.83748958087122
152,Saudi Arabia,3,Both,2015,29.069685295316734
119,Trinidad and Tobago,1,Male,2016,25.56257576927216
119,Trinidad and Tobago,2,Female,2016,18.63139038285221
119,Trinidad and Tobago,3,Both,2016,22.112525765726428
86,Italy,1,Male,2011,33.58859592005937
86,Italy,2,Female,2011,26.310371167829583
86,Italy,3,Both,2011,29.84192716718992
175,Burundi,1,Male,2017,14.26124997573162
175,Burundi,2,Female,2017,11.5076011364408
175,Burundi,3,Both,2017,12.8809648451571
55,Slovenia,1,Male,2015,42.2276026178734
55,Slovenia,2,Female,2015,32.09491728480669
55,Slovenia,3,Both,2015,37.113698693325546
136,Paraguay,1,Male,2014,28.93243138615212
136,Paraguay,2,Female,2014,21.98128202312456
136,Paraguay,3,Both,2014,25.4960753280233
168,Angola,1,Male,2018,18.13926210494046
168,Angola,2,Female,2018,13.29277845095855
168,Angola,3,Both,2018,15.64412336519563
59,Latvia,1,Male,2015,42.92296206565379
59,Latvia,2,Female,2015,24.57018397936208
59,Latvia,3,Both,2015,32.98288497113844
156,United Arab Emirates,1,Male,2015,27.797920142902573
156,United Arab Emirates,2,Female,2015,21.22639039404855
156,United Arab Emirates,3,Both,2015,26.042672993163617
156,United Arab Emirates,1,Male,2017,25.50259516806391
156,United Arab Emirates,2,Female,2017,19.60197091980256
156,United Arab Emirates,3,Both,2017,23.90139951252261
62,Russian Federation,1,Male,2014,49.50093058708049
62,Russian Federation,2,Female,2014,26.94470843557044
62,Russian Federation,3,Both,2014,37.41528817207914
195,Namibia,1,Male,2019,26.896977707638044
195,Namibia,2,Female,2019,23.093077353853666
195,Namibia,3,Both,2019,24.93811624723917
320,Cook Islands,1,Male,2014,33.65261573473883
320,Cook Islands,2,Female,2014,25.977767550308588
320,Cook Islands,3,Both,2014,29.757289869714683
90,Norway,1,Male,2011,31.10559795346402
90,Norway,2,Female,2011,23.20008767803187
90,Norway,3,Both,2011,27.153215740861604
141,Egypt,1,Male,2014,46.78074102365383
141,Egypt,2,Female,2014,34.30874925881459
141,Egypt,3,Both,2014,40.74025196047504
66,Brunei Darussalam,1,Male,2014,33.07557423807696
66,Brunei Darussalam,2,Female,2014,21.27351771201496
66,Brunei Darussalam,3,Both,2014,27.420120271462324
63,Ukraine,1,Male,2015,42.79647709470736
63,Ukraine,2,Female,2015,20.60608722407333
63,Ukraine,3,Both,2015,30.88258076623728
37,Kyrgyzstan,1,Male,2019,50.975013309217374
37,Kyrgyzstan,2,Female,2019,37.695694724423525
37,Kyrgyzstan,3,Both,2019,44.25323079087335
67,Japan,1,Male,2015,33.07496963445986
67,Japan,2,Female,2015,17.19487155268784
67,Japan,3,Both,2015,24.93378148838602
197,Eswatini,1,Male,2011,17.18298601911335
197,Eswatini,2,Female,2011,13.86186437759454
197,Eswatini,3,Both,2011,15.453357649301813
123,Peru,1,Male,2016,14.010943267246809
123,Peru,2,Female,2016,8.61799361906619
123,Peru,3,Both,2016,11.32398689263323
160,Afghanistan,1,Male,2017,27.24865676451832
160,Afghanistan,2,Female,2017,22.72655049391791
160,Afghanistan,3,Both,2017,25.033978951222792
94,Switzerland,1,Male,2011,33.38492296102418
94,Switzerland,2,Female,2011,26.06686018749259
94,Switzerland,3,Both,2011,29.68163057786768
422,United States Virgin Islands,1,Male,2013,17.25644304979568
422,United States Virgin Islands,2,Female,2013,11.03128578792237
422,United States Virgin Islands,3,Both,2013,14.02627152591909
145,Kuwait,1,Male,2014,40.5346868677551
145,Kuwait,2,Female,2014,30.67269403012231
145,Kuwait,3,Both,2014,36.15202900666409
90,Norway,1,Male,2013,30.02607735193796
90,Norway,2,Female,2013,22.03158765715818
90,Norway,3,Both,2013,26.0417669996402
112,Grenada,1,Male,2017,19.25041472043496
112,Grenada,2,Female,2017,12.95574343764285
112,Grenada,3,Both,2017,16.16385060864597
172,Equatorial Guinea,1,Male,2018,32.99540076392325
172,Equatorial Guinea,2,Female,2018,30.726193076351088
172,Equatorial Guinea,3,Both,2018,31.94948546920569
71,Australia,1,Male,2015,28.017558169238782
71,Australia,2,Female,2015,22.07180248681809
71,Australia,3,Both,2015,25.01168331715078
94,Switzerland,1,Male,2013,32.80811945319726
94,Switzerland,2,Female,2013,25.59584050169848
94,Switzerland,3,Both,2013,29.166642302906855
160,Afghanistan,1,Male,2015,27.06588941849713
160,Afghanistan,2,Female,2015,22.59091759031783
160,Afghanistan,3,Both,2015,24.87410015909031
180,Kenya,1,Male,2019,18.49192928569776
180,Kenya,2,Female,2019,14.12322686029147
180,Kenya,3,Both,2019,16.29516838165602
176,Comoros,1,Male,2018,24.753861420024272
176,Comoros,2,Female,2018,20.042737268762707
176,Comoros,3,Both,2018,22.392819694055294
128,Guatemala,1,Male,2011,20.008353637251417
128,Guatemala,2,Female,2011,17.54764905493342
128,Guatemala,3,Both,2011,18.745171438379348
201,Burkina Faso,1,Male,2011,20.92523037278428
201,Burkina Faso,2,Female,2011,18.995127224708
201,Burkina Faso,3,Both,2011,19.93068900231664
149,Palestine,1,Male,2014,46.857543410262856
149,Palestine,2,Female,2014,39.10044658661143
149,Palestine,3,Both,2014,43.04184872551634
116,Saint Lucia,1,Male,2017,17.57725282632226
116,Saint Lucia,2,Female,2017,10.79605942876256
116,Saint Lucia,3,Both,2017,14.18398571581253
376,Northern Mariana Islands,1,Male,2014,35.29519078545975
376,Northern Mariana Islands,2,Female,2014,27.660134219076888
376,Northern Mariana Islands,3,Both,2014,31.558391373535024
75,Austria,1,Male,2015,40.16939636084958
75,Austria,2,Female,2015,31.39951028102171
75,Austria,3,Both,2015,35.69866766943237
180,Kenya,1,Male,2017,18.36034774612595
180,Kenya,2,Female,2017,14.18811714104067
180,Kenya,3,Both,2017,16.26346643491346
79,Finland,1,Male,2015,28.18673763023293
79,Finland,2,Female,2015,19.419110240230868
79,Finland,3,Both,2015,23.735132905927152
95,United Kingdom,1,Male,2013,31.90578327048696
95,United Kingdom,2,Female,2013,27.07625965469417
95,United Kingdom,3,Both,2013,29.45078505006552
127,El Salvador,1,Male,2016,17.937269269340362
127,El Salvador,2,Female,2016,12.47583854750826
127,El Salvador,3,Both,2016,15.04398579371696
203,Cabo Verde,1,Male,2019,15.91801416356216
203,Cabo Verde,2,Female,2019,11.16481875552003
203,Cabo Verde,3,Both,2019,13.5591252365056
320,Cook Islands,1,Male,2019,32.38566229773688
320,Cook Islands,2,Female,2019,24.59257297957541
320,Cook Islands,3,Both,2019,28.388833185114542
153,Syrian Arab Republic,1,Male,2014,45.01686613428147
153,Syrian Arab Republic,2,Female,2014,34.18715804275427
153,Syrian Arab Republic,3,Both,2014,39.59377322180743
207,Ghana,1,Male,2019,11.37616585850497
207,Ghana,2,Female,2019,8.9311608232426
207,Ghana,3,Both,2019,10.12196268060778
74,Andorra,1,Male,2014,36.60206259046455
74,Andorra,2,Female,2014,28.37964700890488
74,Andorra,3,Both,2014,32.56291409577814
157,Yemen,1,Male,2014,44.91692591890141
157,Yemen,2,Female,2014,37.144394283489405
157,Yemen,3,Both,2014,41.08715785306632
396,San Marino,1,Male,2014,31.53505683022817
396,San Marino,2,Female,2014,22.915876599554068
396,San Marino,3,Both,2014,27.085012279243408
132,Panama,1,Male,2011,14.827202863691442
132,Panama,2,Female,2011,10.63245852134982
132,Panama,3,Both,2011,12.74311772822794
211,Mali,1,Male,2019,25.0006927802298
211,Mali,2,Female,2019,22.701362676777272
211,Mali,3,Both,2019,23.84488318739804
83,Iceland,1,Male,2015,31.99827037947981
83,Iceland,2,Female,2015,22.69431187991985
83,Iceland,3,Both,2015,27.36585400121621
136,Paraguay,1,Male,2011,30.41894807730473
136,Paraguay,2,Female,2011,23.2994655299932
136,Paraguay,3,Both,2011,26.89895749628239
49,North Macedonia,1,Male,2017,55.51427262043912
49,North Macedonia,2,Female,2017,42.10835061142843
49,North Macedonia,3,Both,2017,48.90394670319813
131,Nicaragua,1,Male,2016,26.03148464385223
131,Nicaragua,2,Female,2016,23.3548306850696
131,Nicaragua,3,Both,2016,24.67706578581471
164,Nepal,1,Male,2015,34.80049177937142
164,Nepal,2,Female,2015,28.73942099185543
164,Nepal,3,Both,2015,31.65524942554433
41,Uzbekistan,1,Male,2019,32.30370623069966
41,Uzbekistan,2,Female,2019,20.69508949222395
41,Uzbekistan,3,Both,2019,26.48339857786063
99,Uruguay,1,Male,2013,37.68367781318866
99,Uruguay,2,Female,2013,29.01012886996644
99,Uruguay,3,Both,2013,33.17847684685793
168,Angola,1,Male,2015,17.95575411882939
168,Angola,2,Female,2015,13.16009187058604
168,Angola,3,Both,2015,15.487660398068789
215,Sao Tome and Principe,1,Male,2019,8.817443746461121
215,Sao Tome and Principe,2,Female,2019,5.67644515859871
215,Sao Tome and Principe,3,Both,2019,7.25136214644688
184,Mozambique,1,Male,2019,22.44696970713371
184,Mozambique,2,Female,2019,19.31127801515321
184,Mozambique,3,Both,2019,20.82069101573999
172,Equatorial Guinea,1,Male,2015,33.37885140778814
172,Equatorial Guinea,2,Female,2015,30.63227624331269
172,Equatorial Guinea,3,Both,2015,32.098512889551415
181,Madagascar,1,Male,2018,22.27315128201568
181,Madagascar,2,Female,2018,20.49900418481031
181,Madagascar,3,Both,2018,21.37488221541482
164,Nepal,1,Male,2017,34.16168568020624
164,Nepal,2,Female,2017,27.59228961874437
164,Nepal,3,Both,2017,30.739251147338447
376,Northern Mariana Islands,1,Male,2019,34.46450197095837
376,Northern Mariana Islands,2,Female,2019,26.89912510873556
376,Northern Mariana Islands,3,Both,2019,30.85951092569848
141,Egypt,1,Male,2011,46.93628923333906
141,Egypt,2,Female,2011,35.06755064597854
141,Egypt,3,Both,2011,41.17369731588777
185,Rwanda,1,Male,2018,20.23077609222106
185,Rwanda,2,Female,2018,16.09795828849886
185,Rwanda,3,Both,2018,18.10441589361342
145,Kuwait,1,Male,2011,40.90147590126949
145,Kuwait,2,Female,2011,33.09745386771998
145,Kuwait,3,Both,2011,37.54545316147722
396,San Marino,1,Male,2019,31.06733594524452
396,San Marino,2,Female,2019,22.37715952130323
396,San Marino,3,Both,2019,26.583210425824323
149,Palestine,1,Male,2011,47.632524460701006
149,Palestine,2,Female,2011,39.750454016369865
149,Palestine,3,Both,2011,43.7498945117493
205,Côte d'Ivoire,1,Male,2011,24.5749624956053
205,Côte d'Ivoire,2,Female,2011,21.6168109841148
205,Côte d'Ivoire,3,Both,2011,23.14137842462454
107,Barbados,1,Male,2013,13.12143554247811
107,Barbados,2,Female,2013,7.643108931421421
107,Barbados,3,Both,2013,10.28039409871116
153,Syrian Arab Republic,1,Male,2011,46.56741870986144
153,Syrian Arab Republic,2,Female,2011,39.47316909512156
153,Syrian Arab Republic,3,Both,2011,43.14176043705611
176,Comoros,1,Male,2015,25.13168827212715
176,Comoros,2,Female,2015,20.49784544143743
176,Comoros,3,Both,2015,22.80709861423301
184,Mozambique,1,Male,2017,22.59227308432122
184,Mozambique,2,Female,2017,19.53431715690176
184,Mozambique,3,Both,2017,21.00663735256004
190,Uganda,1,Male,2018,15.697543153484132
190,Uganda,2,Female,2018,13.735344710465611
190,Uganda,3,Both,2018,14.70185734356822
168,Angola,1,Male,2017,18.07688486609862
168,Angola,2,Female,2017,13.25663529428012
168,Angola,3,Both,2017,15.59532906205878
189,United Republic of Tanzania,1,Male,2019,21.66925081379914
189,United Republic of Tanzania,2,Female,2019,16.51996863070285
189,United Republic of Tanzania,3,Both,2019,19.02580897854954
189,United Republic of Tanzania,1,Male,2017,21.70306055190654
189,United Republic of Tanzania,2,Female,2017,16.92882929341195
189,United Republic of Tanzania,3,Both,2017,19.25320088157311
209,Guinea-Bissau,1,Male,2011,12.4443534109855
209,Guinea-Bissau,2,Female,2011,9.88546039667295
209,Guinea-Bissau,3,Both,2011,11.131568170113889
128,Guatemala,1,Male,2017,18.98807854665554
128,Guatemala,2,Female,2017,16.01028491176235
128,Guatemala,3,Both,2017,17.45550114656248
111,Dominican Republic,1,Male,2013,19.909415761316
111,Dominican Republic,2,Female,2013,16.54466204509013
111,Dominican Republic,3,Both,2013,18.23674894617205
157,Yemen,1,Male,2011,45.2922849616817
157,Yemen,2,Female,2011,37.66147466993775
157,Yemen,3,Both,2011,41.53743549428565
193,Botswana,1,Male,2019,29.992666721802607
193,Botswana,2,Female,2019,20.564222789799818
193,Botswana,3,Both,2019,25.21715945817844
45,Bulgaria,1,Male,2019,47.270729067971104
45,Bulgaria,2,Female,2019,31.678009236736536
45,Bulgaria,3,Both,2019,39.24460192189736
161,Bangladesh,1,Male,2011,41.45035216771402
161,Bangladesh,2,Female,2011,34.840074006595415
161,Bangladesh,3,Both,2011,38.15316734412963
165,Pakistan,1,Male,2011,38.44065185777592
165,Pakistan,2,Female,2011,30.59707789415551
165,Pakistan,3,Both,2011,34.634242436209774
132,Panama,1,Male,2017,14.22148114949691
132,Panama,2,Female,2017,9.895316072034
132,Panama,3,Both,2017,12.07082288723566
193,Botswana,1,Male,2017,29.99843056983248
193,Botswana,2,Female,2017,20.85571221650336
193,Botswana,3,Both,2017,25.35931811823875
194,Lesotho,1,Male,2018,37.23107618513138
194,Lesotho,2,Female,2018,31.083794435148587
194,Lesotho,3,Both,2018,34.055268394795206
172,Equatorial Guinea,1,Male,2017,33.12766575992342
172,Equatorial Guinea,2,Female,2017,30.69380061801384
172,Equatorial Guinea,3,Both,2017,32.002064596342414
49,North Macedonia,1,Male,2019,54.87213137846927
49,North Macedonia,2,Female,2019,41.179232741382485
49,North Macedonia,3,Both,2019,48.12903303355951
213,Niger,1,Male,2011,14.86677632291448
213,Niger,2,Female,2011,13.35550511961262
213,Niger,3,Both,2011,14.10709103374432
135,Brazil,1,Male,2016,25.72080572272849
135,Brazil,2,Female,2016,18.288048831292063
135,Brazil,3,Both,2016,21.92333239234208
181,Madagascar,1,Male,2015,22.71290594454088
181,Madagascar,2,Female,2015,21.25166059721991
181,Madagascar,3,Both,2015,21.973600535628528
115,Jamaica,1,Male,2013,23.22274580172669
115,Jamaica,2,Female,2013,16.43486724658408
115,Jamaica,3,Both,2013,19.79678931090006
176,Comoros,1,Male,2017,24.855803128427254
176,Comoros,2,Female,2017,20.17401502320183
176,Comoros,3,Both,2017,22.50874149446775
54,Slovakia,1,Male,2017,37.39884571857721
54,Slovakia,2,Female,2017,25.55929734580315
54,Slovakia,3,Both,2017,31.33219908919996
119,Trinidad and Tobago,1,Male,2013,26.335545928417147
119,Trinidad and Tobago,2,Female,2013,20.02844978716709
119,Trinidad and Tobago,3,Both,2013,23.19721089482411
185,Rwanda,1,Male,2015,20.45094591978408
185,Rwanda,2,Female,2015,16.44485772677098
185,Rwanda,3,Both,2015,18.38505454457171
217,Sierra Leone,1,Male,2011,31.8964726316457
217,Sierra Leone,2,Female,2011,28.75852303566765
217,Sierra Leone,3,Both,2011,30.29913380766696
123,Peru,1,Male,2013,14.28005209564075
123,Peru,2,Female,2013,9.319857379489653
123,Peru,3,Both,2013,11.80934768983844
127,El Salvador,1,Male,2013,17.880906990567567
127,El Salvador,2,Female,2013,12.665471899688027
127,El Salvador,3,Both,2013,15.1263185848241
197,Eswatini,1,Male,2019,16.2398483229887
197,Eswatini,2,Female,2019,12.736931432473138
197,Eswatini,3,Both,2019,14.4486151649088
58,Estonia,1,Male,2017,39.3398893423268
58,Estonia,2,Female,2017,21.71869658736651
58,Estonia,3,Both,2017,29.9898104003367
190,Uganda,1,Male,2015,16.23275766436723
190,Uganda,2,Female,2015,14.531225383111678
190,Uganda,3,Both,2015,15.36837813623009
136,Paraguay,1,Male,2017,28.02425741950116
136,Paraguay,2,Female,2017,21.10210215372958
136,Paraguay,3,Both,2017,24.60167100712853
522,Sudan,1,Male,2019,29.8137633714836
522,Sudan,2,Female,2019,21.18433755070487
522,Sudan,3,Both,2019,25.57125502104538
194,Lesotho,1,Male,2015,36.945945891047
194,Lesotho,2,Female,2015,30.529619578543283
194,Lesotho,3,Both,2015,33.61346186701642
131,Nicaragua,1,Male,2013,26.31957230355318
131,Nicaragua,2,Female,2013,24.17122684087055
131,Nicaragua,3,Both,2013,25.2322280249444
181,Madagascar,1,Male,2017,22.38594546286188
181,Madagascar,2,Female,2017,20.71648230690419
181,Madagascar,3,Both,2017,21.540851746433
185,Rwanda,1,Male,2017,20.27691882586777
185,Rwanda,2,Female,2017,16.19843445695049
185,Rwanda,3,Both,2017,18.17679542076274
201,Burkina Faso,1,Male,2019,20.71412013631836
201,Burkina Faso,2,Female,2019,18.577335558055992
201,Burkina Faso,3,Both,2019,19.61176792821405
190,Uganda,1,Male,2017,15.806048700922709
190,Uganda,2,Female,2017,13.93141881535986
190,Uganda,3,Both,2017,14.85442441138962
194,Lesotho,1,Male,2017,37.168408255860406
194,Lesotho,2,Female,2017,30.938865500288134
194,Lesotho,3,Both,2017,33.94487627144023
198,Zimbabwe,1,Male,2015,27.77935270351582
198,Zimbabwe,2,Female,2015,22.01479935366966
198,Zimbabwe,3,Both,2015,24.79299977936398
54,Slovakia,1,Male,2019,37.27676089898429
54,Slovakia,2,Female,2019,25.25015671376801
54,Slovakia,3,Both,2019,31.118665582251243
135,Brazil,1,Male,2013,27.34880084998216
135,Brazil,2,Female,2013,20.5438167705323
135,Brazil,3,Both,2013,23.87727509550806
140,Bahrain,1,Male,2013,31.3162681456302
140,Bahrain,2,Female,2013,21.164437794600648
140,Bahrain,3,Both,2013,27.52069698452801
198,Zimbabwe,1,Male,2017,27.832950588819287
198,Zimbabwe,2,Female,2017,21.92274078756702
198,Zimbabwe,3,Both,2017,24.76959940854099
205,Côte d'Ivoire,1,Male,2019,21.6864663785633
205,Côte d'Ivoire,2,Female,2019,18.34080702517039
205,Côte d'Ivoire,3,Both,2019,20.068820633094788
141,Egypt,1,Male,2017,46.53433780944016
141,Egypt,2,Female,2017,33.28346621185804
141,Egypt,3,Both,2017,40.13077977575298
202,Cameroon,1,Male,2015,15.95156461686349
202,Cameroon,2,Female,2015,12.99683802445942
202,Cameroon,3,Both,2015,14.46946615861409
144,Jordan,1,Male,2013,53.22500563884562
144,Jordan,2,Female,2013,44.09644671386996
144,Jordan,3,Both,2013,48.90151245486816
58,Estonia,1,Male,2019,38.47888259831182
58,Estonia,2,Female,2019,20.80760976770962
58,Estonia,3,Both,2019,29.12497544954648
202,Cameroon,1,Male,2017,15.75195302132683
202,Cameroon,2,Female,2017,12.66567060392636
202,Cameroon,3,Both,2017,14.205208486588742
522,Sudan,1,Male,2014,29.726443096452808
522,Sudan,2,Female,2014,21.58954472717545
522,Sudan,3,Both,2014,25.71637425967862
305,Bermuda,1,Male,2011,21.1195245414085
305,Bermuda,2,Female,2011,14.92976612280526
305,Bermuda,3,Both,2011,17.90639933604848
148,Morocco,1,Male,2013,31.80908225647841
148,Morocco,2,Female,2013,22.570237812703407
148,Morocco,3,Both,2013,27.18610869682967
206,Gambia,1,Male,2017,26.87097504300107
206,Gambia,2,Female,2017,22.58584346029049
206,Gambia,3,Both,2017,24.69520316324346
206,Gambia,1,Male,2015,27.433452043812203
206,Gambia,2,Female,2015,23.1502127790154
206,Gambia,3,Both,2015,25.25791190219688
145,Kuwait,1,Male,2017,40.33254370947716
145,Kuwait,2,Female,2017,27.58445795577959
145,Kuwait,3,Both,2017,34.50459150723746
210,Liberia,1,Male,2015,14.9071443080177
210,Liberia,2,Female,2015,12.00291853897351
210,Liberia,3,Both,2015,13.472912157698133
152,Saudi Arabia,1,Male,2013,34.174371554275154
152,Saudi Arabia,2,Female,2013,23.793921353316065
152,Saudi Arabia,3,Both,2013,29.763767820697502
210,Liberia,1,Male,2017,14.74779048756355
210,Liberia,2,Female,2017,11.82605664121023
210,Liberia,3,Both,2017,13.30602689998908
149,Palestine,1,Male,2017,46.40817735635921
149,Palestine,2,Female,2017,38.71674037593141
149,Palestine,3,Both,2017,42.630935899442775
214,Nigeria,1,Male,2015,9.37964523858952
214,Nigeria,2,Female,2015,7.47581560611922
214,Nigeria,3,Both,2015,8.402603670754399
374,Niue,1,Male,2011,30.55976612712467
374,Niue,2,Female,2011,20.41775372509762
374,Niue,3,Both,2011,25.50536980259764
209,Guinea-Bissau,1,Male,2019,13.810103307506449
209,Guinea-Bissau,2,Female,2019,11.04673141862806
209,Guinea-Bissau,3,Both,2019,12.39541309998245
214,Nigeria,1,Male,2017,9.25305853540368
214,Nigeria,2,Female,2017,7.3087410459074205
214,Nigeria,3,Both,2017,8.24904491872221
218,Togo,1,Male,2017,17.82961793274006
218,Togo,2,Female,2017,13.28711127399995
218,Togo,3,Both,2017,15.51267214519265
62,Russian Federation,1,Male,2019,48.40385193401514
62,Russian Federation,2,Female,2019,24.27234922107554
62,Russian Federation,3,Both,2019,35.50016812209284
66,Brunei Darussalam,1,Male,2019,32.123580262121735
66,Brunei Darussalam,2,Female,2019,19.95381484459545
66,Brunei Darussalam,3,Both,2019,26.3551831489223
393,Saint Kitts and Nevis,1,Male,2011,17.68037419996788
393,Saint Kitts and Nevis,2,Female,2011,10.56975940633399
393,Saint Kitts and Nevis,3,Both,2011,14.13095520944896
213,Niger,1,Male,2019,15.00123434632096
213,Niger,2,Female,2019,13.23096985688162
213,Niger,3,Both,2019,14.11047448694772
74,Andorra,1,Male,2019,35.08951221421773
74,Andorra,2,Female,2019,26.825659560235387
74,Andorra,3,Both,2019,31.06618436904037
78,Denmark,1,Male,2019,32.4098671457487
78,Denmark,2,Female,2019,26.484326746092968
78,Denmark,3,Both,2019,29.433820509263946
422,United States Virgin Islands,1,Male,2011,17.656537998996
422,United States Virgin Islands,2,Female,2011,11.390236469112889
422,United States Virgin Islands,3,Both,2011,14.39650981731673
320,Cook Islands,1,Male,2017,32.834349498946054
320,Cook Islands,2,Female,2017,25.115115202450134
320,Cook Islands,3,Both,2017,28.88829994022878
217,Sierra Leone,1,Male,2019,27.513012199615112
217,Sierra Leone,2,Female,2019,24.25302483977854
217,Sierra Leone,3,Both,2019,25.86892618742519
376,Northern Mariana Islands,1,Male,2017,34.73483795507582
376,Northern Mariana Islands,2,Female,2017,27.043019774640708
376,Northern Mariana Islands,3,Both,2017,31.007726416704863
82,Greece,1,Male,2019,46.83254793878266
82,Greece,2,Female,2019,33.96329746269648
82,Greece,3,Both,2019,40.22391577097535
396,San Marino,1,Male,2017,31.15960628725507
396,San Marino,2,Female,2017,22.46879237266097
396,San Marino,3,Both,2017,26.67403848035108
86,Italy,1,Male,2019,30.63169688103259
86,Italy,2,Female,2019,22.73500733323283
86,Italy,3,Both,2019,26.57663328505233
305,Bermuda,1,Male,2019,20.40835847129026
305,Bermuda,2,Female,2019,13.86878614811872
305,Bermuda,3,Both,2019,17.02837025764709
90,Norway,1,Male,2019,28.24563621579773
90,Norway,2,Female,2019,20.422845221440188
90,Norway,3,Both,2019,24.369057677770307
374,Niue,1,Male,2019,30.887667538784093
374,Niue,2,Female,2019,20.392789965539556
374,Niue,3,Both,2019,25.67165323300369
94,Switzerland,1,Male,2019,31.6026444370088
94,Switzerland,2,Female,2019,24.43016600153046
94,Switzerland,3,Both,2019,28.00208029972221
393,Saint Kitts and Nevis,1,Male,2019,15.83629529469795
393,Saint Kitts and Nevis,2,Female,2019,9.00779637016335
393,Saint Kitts and Nevis,3,Both,2019,12.42413786792889
422,United States Virgin Islands,1,Male,2019,16.416525711114648
422,United States Virgin Islands,2,Female,2019,10.203975468291
422,United States Virgin Islands,3,Both,2019,13.215661159854289
95,United Kingdom,1,Male,2019,28.43062511696569
95,United Kingdom,2,Female,2019,22.652124846506062
95,United Kingdom,3,Both,2019,25.491539996496883
99,Uruguay,1,Male,2019,36.43529268321308
99,Uruguay,2,Female,2019,27.57038751840068
99,Uruguay,3,Both,2019,31.82154750839094
107,Barbados,1,Male,2019,12.55787154579525
107,Barbados,2,Female,2019,6.960318339404551
107,Barbados,3,Both,2019,9.65909824597483
111,Dominican Republic,1,Male,2019,18.65608589055234
111,Dominican Republic,2,Female,2019,15.044031050256107
111,Dominican Republic,3,Both,2019,16.86055228923521
115,Jamaica,1,Male,2019,22.27223758451385
115,Jamaica,2,Female,2019,15.0554007214694
115,Jamaica,3,Both,2019,18.635385016438928
119,Trinidad and Tobago,1,Male,2019,24.95941417049156
119,Trinidad and Tobago,2,Female,2019,17.48894902115358
119,Trinidad and Tobago,3,Both,2019,21.23581139916009
